Title,Media URL,Pinterest board,Thumbnail,Description,Link,Publish date,Keywords
Проект №40-55GL: откройте все детали,https://raw.githubusercontent.com/nemchenik/test/1ddeff2675df6722ac6e895b28109f9901890fbf/pinterest/generated_batch_48_premium_choice_video/40-55GL.mp4,Проекты частных домов,00:01,"Проект дома №40-55GL. В коротком видео собраны внешний вид дома, его планы и фасады. Проект случайным образом выбран из полного каталога catalog-plans.ru. Параметры проекта: площадь 197,5 м²; 2 этажа; габариты 14.4×14.4 м; материал — газобетон; стиль — современный. Откройте проект, чтобы подробно рассмотреть помещения, размеры и фасады.",https://catalog-plans.ru/catalog/40-55GL?utm_source=pinterest&utm_medium=organic&utm_campaign=generated_premium_choice_video_batch_48&utm_content=pin_8912_40-55gl_premium_choice&utm_term=proekty-chastnyh-domov,,"проект дома 40-55GL, Проекты частных домов, готовый проект дома, планировка дома, архитектура дома, фасады частного дома, поэтажные планы, фасады дома, catalog-plans.ru, дом 197,5 м², газобетон, современный"
Дом №45-64RABAGL: полный обзор проекта,https://raw.githubusercontent.com/nemchenik/test/1ddeff2675df6722ac6e895b28109f9901890fbf/pinterest/generated_batch_48_premium_choice_video/45-64RABAGL.mp4,Готовые проекты домов,00:01,"Проект дома №45-64RABAGL. Архитектурный обзор помогает быстро оценить проект со всех сторон. Все изображения получены непосредственно из карточки соответствующего проекта. Параметры проекта: площадь 402 м²; 2 этажа; габариты 14.29×25.32 м; материал — газобетон; стиль — стиль Райта. На сайте доступны все планы, характеристики и состав проектной документации.",https://catalog-plans.ru/catalog/45-64RABAGL?utm_source=pinterest&utm_medium=organic&utm_campaign=generated_premium_choice_video_batch_48&utm_content=pin_8913_45-64rabagl_clean_floor_plans&utm_term=gotovye-proekty-domov,,"проект дома 45-64RABAGL, Готовые проекты домов, готовый проект дома, планировка дома, архитектура дома, фасады частного дома, поэтажные планы, фасады дома, catalog-plans.ru, дом 402 м², газобетон, стиль Райта"
Проект №46-08DABG: премиальный обзор,https://raw.githubusercontent.com/nemchenik/test/1ddeff2675df6722ac6e895b28109f9901890fbf/pinterest/generated_batch_48_premium_choice_video/46-08DABG.mp4,Планировки загородных домов,00:01,"Проект дома №46-08DABG. Ролик показывает визуализацию, реальную планировку и чертежи фасадов. Планы этажей помогают оценить расположение комнат и общую логику дома. Параметры проекта: площадь 380,72 м²; 2 этажа; габариты 11.99×24.68 м; материал — газобетон; стиль — хай-тек. Перейдите к карточке дома и оцените характеристики выбранного проекта.",https://catalog-plans.ru/catalog/46-08DABG?utm_source=pinterest&utm_medium=organic&utm_campaign=generated_premium_choice_video_batch_48&utm_content=pin_8914_46-08dabg_graphite_facades&utm_term=planirovki-zagorodnyh-domov,,"проект дома 46-08DABG, Планировки загородных домов, готовый проект дома, планировка дома, архитектура дома, фасады частного дома, поэтажные планы, фасады дома, catalog-plans.ru, дом 380,72 м², газобетон, хай-тек"
Дом №57-74NKL: пространство для жизни,https://raw.githubusercontent.com/nemchenik/test/1ddeff2675df6722ac6e895b28109f9901890fbf/pinterest/generated_batch_48_premium_choice_video/57-74NKL.mp4,Красивые фасады домов,00:01,"Проект дома №57-74NKL. Новый формат объединяет главные материалы карточки проекта в одном видео. Четыре фасада дают представление об архитектуре со всех сторон. Параметры проекта: площадь 308,64 м²; 2 этажа; габариты 16.13×19.44 м; материал — керамзитобетон; стиль — европейский. Сохраните вариант и сравните его с другими проектами из каталога.",https://catalog-plans.ru/catalog/57-74NKL?utm_source=pinterest&utm_medium=organic&utm_campaign=generated_premium_choice_video_batch_48&utm_content=pin_8915_57-74nkl_modern_architecture&utm_term=krasivye-fasady-domov,,"проект дома 57-74NKL, Красивые фасады домов, готовый проект дома, планировка дома, архитектура дома, фасады частного дома, поэтажные планы, фасады дома, catalog-plans.ru, дом 308,64 м², керамзитобетон, европейский"
Проект №63-04L: архитектура в деталях,https://raw.githubusercontent.com/nemchenik/test/1ddeff2675df6722ac6e895b28109f9901890fbf/pinterest/generated_batch_48_premium_choice_video/63-04L.mp4,Архитектура частного дома,00:01,"Проект дома №63-04L. В коротком видео собраны внешний вид дома, его планы и фасады. Проект случайным образом выбран из полного каталога catalog-plans.ru. Параметры проекта: площадь 167,64 м²; 2 этажа; габариты 10.45×11.95 м; материал — кирпич; стиль — скандинавский. Откройте проект, чтобы подробно рассмотреть помещения, размеры и фасады.",https://catalog-plans.ru/catalog/63-04L?utm_source=pinterest&utm_medium=organic&utm_campaign=generated_premium_choice_video_batch_48&utm_content=pin_8916_63-04l_premium_choice&utm_term=arhitektura-chastnogo-doma,,"проект дома 63-04L, Архитектура частного дома, готовый проект дома, планировка дома, архитектура дома, фасады частного дома, поэтажные планы, фасады дома, catalog-plans.ru, дом 167,64 м², кирпич, скандинавский"
Дом №64-14M: готовое решение,https://raw.githubusercontent.com/nemchenik/test/1ddeff2675df6722ac6e895b28109f9901890fbf/pinterest/generated_batch_48_premium_choice_video/64-14M.mp4,Дома с планами и фасадами,00:01,"Проект дома №64-14M. Архитектурный обзор помогает быстро оценить проект со всех сторон. Все изображения получены непосредственно из карточки соответствующего проекта. Параметры проекта: площадь 207,31 м²; 2 этажа; габариты 15.36×17.74 м; материал — монолитный каркас; стиль — хай-тек. На сайте доступны все планы, характеристики и состав проектной документации.",https://catalog-plans.ru/catalog/64-14M?utm_source=pinterest&utm_medium=organic&utm_campaign=generated_premium_choice_video_batch_48&utm_content=pin_8917_64-14m_clean_floor_plans&utm_term=doma-s-planami-i-fasadami,,"проект дома 64-14M, Дома с планами и фасадами, готовый проект дома, планировка дома, архитектура дома, фасады частного дома, поэтажные планы, фасады дома, catalog-plans.ru, дом 207,31 м², монолитный каркас, хай-тек"
Проект №40-84EGL: откройте все детали,https://raw.githubusercontent.com/nemchenik/test/1ddeff2675df6722ac6e895b28109f9901890fbf/pinterest/generated_batch_48_premium_choice_video/40-84EGL.mp4,Двухэтажные проекты домов,00:01,"Проект дома №40-84EGL. Ролик показывает визуализацию, реальную планировку и чертежи фасадов. Планы этажей помогают оценить расположение комнат и общую логику дома. Параметры проекта: площадь 313,02 м²; 2 этажа; габариты 21.11×23.71 м; материал — газобетон; стиль — хай-тек. Перейдите к карточке дома и оцените характеристики выбранного проекта.",https://catalog-plans.ru/catalog/40-84EGL?utm_source=pinterest&utm_medium=organic&utm_campaign=generated_premium_choice_video_batch_48&utm_content=pin_8918_40-84egl_graphite_facades&utm_term=dvuhetazhnye-proekty-domov,,"проект дома 40-84EGL, Двухэтажные проекты домов, готовый проект дома, планировка дома, архитектура дома, фасады частного дома, поэтажные планы, фасады дома, catalog-plans.ru, дом 313,02 м², газобетон, хай-тек"
Дом №59-62L: полный обзор проекта,https://raw.githubusercontent.com/nemchenik/test/1ddeff2675df6722ac6e895b28109f9901890fbf/pinterest/generated_batch_48_premium_choice_video/59-62L.mp4,Проекты частных домов,00:01,"Проект дома №59-62L. Новый формат объединяет главные материалы карточки проекта в одном видео. Четыре фасада дают представление об архитектуре со всех сторон. Параметры проекта: площадь 163,59 м²; 2 этажа; габариты 10.96×11.57 м; материал — газобетон; стиль — европейский. Сохраните вариант и сравните его с другими проектами из каталога.",https://catalog-plans.ru/catalog/59-62L?utm_source=pinterest&utm_medium=organic&utm_campaign=generated_premium_choice_video_batch_48&utm_content=pin_8919_59-62l_modern_architecture&utm_term=proekty-chastnyh-domov,,"проект дома 59-62L, Проекты частных домов, готовый проект дома, планировка дома, архитектура дома, фасады частного дома, поэтажные планы, фасады дома, catalog-plans.ru, дом 163,59 м², газобетон, европейский"
Проект №57-03K: премиальный обзор,https://raw.githubusercontent.com/nemchenik/test/1ddeff2675df6722ac6e895b28109f9901890fbf/pinterest/generated_batch_48_premium_choice_video/57-03K.mp4,Готовые проекты домов,00:01,"Проект дома №57-03K. В коротком видео собраны внешний вид дома, его планы и фасады. Проект случайным образом выбран из полного каталога catalog-plans.ru. Параметры проекта: площадь 187,18 м²; 2 этажа; габариты 10.67×13.82 м; материал — кирпич. Откройте проект, чтобы подробно рассмотреть помещения, размеры и фасады.",https://catalog-plans.ru/catalog/57-03K?utm_source=pinterest&utm_medium=organic&utm_campaign=generated_premium_choice_video_batch_48&utm_content=pin_8920_57-03k_premium_choice&utm_term=gotovye-proekty-domov,,"проект дома 57-03K, Готовые проекты домов, готовый проект дома, планировка дома, архитектура дома, фасады частного дома, поэтажные планы, фасады дома, catalog-plans.ru, дом 187,18 м², кирпич"
Дом №57-74K: пространство для жизни,https://raw.githubusercontent.com/nemchenik/test/1ddeff2675df6722ac6e895b28109f9901890fbf/pinterest/generated_batch_48_premium_choice_video/57-74K.mp4,Планировки загородных домов,00:01,"Проект дома №57-74K. Архитектурный обзор помогает быстро оценить проект со всех сторон. Все изображения получены непосредственно из карточки соответствующего проекта. Параметры проекта: площадь 288,67 м²; 2 этажа; габариты 15.26×15.85 м; материал — кирпич; стиль — европейский. На сайте доступны все планы, характеристики и состав проектной документации.",https://catalog-plans.ru/catalog/57-74K?utm_source=pinterest&utm_medium=organic&utm_campaign=generated_premium_choice_video_batch_48&utm_content=pin_8921_57-74k_clean_floor_plans&utm_term=planirovki-zagorodnyh-domov,,"проект дома 57-74K, Планировки загородных домов, готовый проект дома, планировка дома, архитектура дома, фасады частного дома, поэтажные планы, фасады дома, catalog-plans.ru, дом 288,67 м², кирпич, европейский"
Проект №49-39: архитектура в деталях,https://raw.githubusercontent.com/nemchenik/test/1ddeff2675df6722ac6e895b28109f9901890fbf/pinterest/generated_batch_48_premium_choice_video/49-39.mp4,Красивые фасады домов,00:01,"Проект дома №49-39. Ролик показывает визуализацию, реальную планировку и чертежи фасадов. Планы этажей помогают оценить расположение комнат и общую логику дома. Параметры проекта: площадь 172,7 м²; 2 этажа; габариты 12.9×14.4 м; материал — газобетон; стиль — современный. Перейдите к карточке дома и оцените характеристики выбранного проекта.",https://catalog-plans.ru/catalog/49-39?utm_source=pinterest&utm_medium=organic&utm_campaign=generated_premium_choice_video_batch_48&utm_content=pin_8922_49-39_graphite_facades&utm_term=krasivye-fasady-domov,,"проект дома 49-39, Красивые фасады домов, готовый проект дома, планировка дома, архитектура дома, фасады частного дома, поэтажные планы, фасады дома, catalog-plans.ru, дом 172,7 м², газобетон, современный"
Дом №60-27: готовое решение,https://raw.githubusercontent.com/nemchenik/test/1ddeff2675df6722ac6e895b28109f9901890fbf/pinterest/generated_batch_48_premium_choice_video/60-27.mp4,Архитектура частного дома,00:01,"Проект дома №60-27. Новый формат объединяет главные материалы карточки проекта в одном видео. Четыре фасада дают представление об архитектуре со всех сторон. Параметры проекта: площадь 111,1 м²; 1 этаж; габариты 12.2×12.2 м; материал — газобетон; стиль — современный. Сохраните вариант и сравните его с другими проектами из каталога.",https://catalog-plans.ru/catalog/60-27?utm_source=pinterest&utm_medium=organic&utm_campaign=generated_premium_choice_video_batch_48&utm_content=pin_8923_60-27_modern_architecture&utm_term=arhitektura-chastnogo-doma,,"проект дома 60-27, Архитектура частного дома, готовый проект дома, планировка дома, архитектура дома, фасады частного дома, поэтажные планы, фасады дома, catalog-plans.ru, дом 111,1 м², газобетон, современный"
Проект №63-41: откройте все детали,https://raw.githubusercontent.com/nemchenik/test/1ddeff2675df6722ac6e895b28109f9901890fbf/pinterest/generated_batch_48_premium_choice_video/63-41.mp4,Дома с планами и фасадами,00:01,"Проект дома №63-41. В коротком видео собраны внешний вид дома, его планы и фасады. Проект случайным образом выбран из полного каталога catalog-plans.ru. Параметры проекта: площадь 125,32 м²; 1 этаж; габариты 13×13.96 м; материал — газобетон; стиль — американский. Откройте проект, чтобы подробно рассмотреть помещения, размеры и фасады.",https://catalog-plans.ru/catalog/63-41?utm_source=pinterest&utm_medium=organic&utm_campaign=generated_premium_choice_video_batch_48&utm_content=pin_8924_63-41_premium_choice&utm_term=doma-s-planami-i-fasadami,,"проект дома 63-41, Дома с планами и фасадами, готовый проект дома, планировка дома, архитектура дома, фасады частного дома, поэтажные планы, фасады дома, catalog-plans.ru, дом 125,32 м², газобетон, американский"
Дом №52-14: полный обзор проекта,https://raw.githubusercontent.com/nemchenik/test/1ddeff2675df6722ac6e895b28109f9901890fbf/pinterest/generated_batch_48_premium_choice_video/52-14.mp4,Двухэтажные проекты домов,00:01,"Проект дома №52-14. Архитектурный обзор помогает быстро оценить проект со всех сторон. Все изображения получены непосредственно из карточки соответствующего проекта. Параметры проекта: площадь 335,8 м²; 2 этажа; габариты 12.6×18.1 м; материал — газобетон. На сайте доступны все планы, характеристики и состав проектной документации.",https://catalog-plans.ru/catalog/52-14?utm_source=pinterest&utm_medium=organic&utm_campaign=generated_premium_choice_video_batch_48&utm_content=pin_8925_52-14_clean_floor_plans&utm_term=dvuhetazhnye-proekty-domov,,"проект дома 52-14, Двухэтажные проекты домов, готовый проект дома, планировка дома, архитектура дома, фасады частного дома, поэтажные планы, фасады дома, catalog-plans.ru, дом 335,8 м², газобетон"
Проект №60-49: премиальный обзор,https://raw.githubusercontent.com/nemchenik/test/1ddeff2675df6722ac6e895b28109f9901890fbf/pinterest/generated_batch_48_premium_choice_video/60-49.mp4,Проекты частных домов,00:01,"Проект дома №60-49. Ролик показывает визуализацию, реальную планировку и чертежи фасадов. Планы этажей помогают оценить расположение комнат и общую логику дома. Параметры проекта: площадь 146,9 м²; 2 этажа; габариты 10×10 м; материал — газобетон; стиль — хай-тек. Перейдите к карточке дома и оцените характеристики выбранного проекта.",https://catalog-plans.ru/catalog/60-49?utm_source=pinterest&utm_medium=organic&utm_campaign=generated_premium_choice_video_batch_48&utm_content=pin_8926_60-49_graphite_facades&utm_term=proekty-chastnyh-domov,,"проект дома 60-49, Проекты частных домов, готовый проект дома, планировка дома, архитектура дома, фасады частного дома, поэтажные планы, фасады дома, catalog-plans.ru, дом 146,9 м², газобетон, хай-тек"
Дом №57-80L: пространство для жизни,https://raw.githubusercontent.com/nemchenik/test/1ddeff2675df6722ac6e895b28109f9901890fbf/pinterest/generated_batch_48_premium_choice_video/57-80L.mp4,Готовые проекты домов,00:01,"Проект дома №57-80L. Новый формат объединяет главные материалы карточки проекта в одном видео. Четыре фасада дают представление об архитектуре со всех сторон. Параметры проекта: площадь 233,2 м²; 2 этажа; габариты 10.75×16.2 м; материал — газобетон; стиль — европейский. Сохраните вариант и сравните его с другими проектами из каталога.",https://catalog-plans.ru/catalog/57-80L?utm_source=pinterest&utm_medium=organic&utm_campaign=generated_premium_choice_video_batch_48&utm_content=pin_8927_57-80l_modern_architecture&utm_term=gotovye-proekty-domov,,"проект дома 57-80L, Готовые проекты домов, готовый проект дома, планировка дома, архитектура дома, фасады частного дома, поэтажные планы, фасады дома, catalog-plans.ru, дом 233,2 м², газобетон, европейский"
Проект №65-83A: архитектура в деталях,https://raw.githubusercontent.com/nemchenik/test/1ddeff2675df6722ac6e895b28109f9901890fbf/pinterest/generated_batch_48_premium_choice_video/65-83A.mp4,Планировки загородных домов,00:01,"Проект дома №65-83A. В коротком видео собраны внешний вид дома, его планы и фасады. Проект случайным образом выбран из полного каталога catalog-plans.ru. Параметры проекта: площадь 206,08 м²; 2 этажа; габариты 14.2×14.4 м; материал — газобетон; стиль — европейский. Откройте проект, чтобы подробно рассмотреть помещения, размеры и фасады.",https://catalog-plans.ru/catalog/65-83A?utm_source=pinterest&utm_medium=organic&utm_campaign=generated_premium_choice_video_batch_48&utm_content=pin_8928_65-83a_premium_choice&utm_term=planirovki-zagorodnyh-domov,,"проект дома 65-83A, Планировки загородных домов, готовый проект дома, планировка дома, архитектура дома, фасады частного дома, поэтажные планы, фасады дома, catalog-plans.ru, дом 206,08 м², газобетон, европейский"
Дом №58-19K: готовое решение,https://raw.githubusercontent.com/nemchenik/test/1ddeff2675df6722ac6e895b28109f9901890fbf/pinterest/generated_batch_48_premium_choice_video/58-19K.mp4,Красивые фасады домов,00:01,"Проект дома №58-19K. Архитектурный обзор помогает быстро оценить проект со всех сторон. Все изображения получены непосредственно из карточки соответствующего проекта. Параметры проекта: площадь 198,07 м²; 2 этажа; габариты 11.92×14.02 м; материал — кирпич; стиль — европейский. На сайте доступны все планы, характеристики и состав проектной документации.",https://catalog-plans.ru/catalog/58-19K?utm_source=pinterest&utm_medium=organic&utm_campaign=generated_premium_choice_video_batch_48&utm_content=pin_8929_58-19k_clean_floor_plans&utm_term=krasivye-fasady-domov,,"проект дома 58-19K, Красивые фасады домов, готовый проект дома, планировка дома, архитектура дома, фасады частного дома, поэтажные планы, фасады дома, catalog-plans.ru, дом 198,07 м², кирпич, европейский"
Проект №62-75AK1L: откройте все детали,https://raw.githubusercontent.com/nemchenik/test/1ddeff2675df6722ac6e895b28109f9901890fbf/pinterest/generated_batch_48_premium_choice_video/62-75AK1L.mp4,Архитектура частного дома,00:01,"Проект дома №62-75AK1L. Ролик показывает визуализацию, реальную планировку и чертежи фасадов. Планы этажей помогают оценить расположение комнат и общую логику дома. Параметры проекта: площадь 217,54 м²; 2 этажа; габариты 11.26×15.51 м; материал — кирпич; стиль — шале. Перейдите к карточке дома и оцените характеристики выбранного проекта.",https://catalog-plans.ru/catalog/62-75AK1L?utm_source=pinterest&utm_medium=organic&utm_campaign=generated_premium_choice_video_batch_48&utm_content=pin_8930_62-75ak1l_graphite_facades&utm_term=arhitektura-chastnogo-doma,,"проект дома 62-75AK1L, Архитектура частного дома, готовый проект дома, планировка дома, архитектура дома, фасады частного дома, поэтажные планы, фасады дома, catalog-plans.ru, дом 217,54 м², кирпич, шале"
Дом №40-43L: полный обзор проекта,https://raw.githubusercontent.com/nemchenik/test/1ddeff2675df6722ac6e895b28109f9901890fbf/pinterest/generated_batch_48_premium_choice_video/40-43L.mp4,Дома с планами и фасадами,00:01,"Проект дома №40-43L. Новый формат объединяет главные материалы карточки проекта в одном видео. Четыре фасада дают представление об архитектуре со всех сторон. Параметры проекта: площадь 252,68 м²; 2 этажа; габариты 14.66×17.54 м; материал — кирпич; стиль — европейский. Сохраните вариант и сравните его с другими проектами из каталога.",https://catalog-plans.ru/catalog/40-43L?utm_source=pinterest&utm_medium=organic&utm_campaign=generated_premium_choice_video_batch_48&utm_content=pin_8931_40-43l_modern_architecture&utm_term=doma-s-planami-i-fasadami,,"проект дома 40-43L, Дома с планами и фасадами, готовый проект дома, планировка дома, архитектура дома, фасады частного дома, поэтажные планы, фасады дома, catalog-plans.ru, дом 252,68 м², кирпич, европейский"
Проект №63-06A: премиальный обзор,https://raw.githubusercontent.com/nemchenik/test/1ddeff2675df6722ac6e895b28109f9901890fbf/pinterest/generated_batch_48_premium_choice_video/63-06A.mp4,Планировки загородных домов,00:01,"Проект дома №63-06A. В коротком видео собраны внешний вид дома, его планы и фасады. Проект случайным образом выбран из полного каталога catalog-plans.ru. Параметры проекта: площадь 306,01 м²; 3 этажа; габариты 17.4×20.1 м; материал — газобетон; стиль — шале. Откройте проект, чтобы подробно рассмотреть помещения, размеры и фасады.",https://catalog-plans.ru/catalog/63-06A?utm_source=pinterest&utm_medium=organic&utm_campaign=generated_premium_choice_video_batch_48&utm_content=pin_8932_63-06a_premium_choice&utm_term=planirovki-zagorodnyh-domov,,"проект дома 63-06A, Планировки загородных домов, готовый проект дома, планировка дома, архитектура дома, фасады частного дома, поэтажные планы, фасады дома, catalog-plans.ru, дом 306,01 м², газобетон, шале"
Дом №57-02EL: пространство для жизни,https://raw.githubusercontent.com/nemchenik/test/1ddeff2675df6722ac6e895b28109f9901890fbf/pinterest/generated_batch_48_premium_choice_video/57-02EL.mp4,Проекты частных домов,00:01,"Проект дома №57-02EL. Архитектурный обзор помогает быстро оценить проект со всех сторон. Все изображения получены непосредственно из карточки соответствующего проекта. Параметры проекта: площадь 208,39 м²; 2 этажа; габариты 11.45×15.1 м; материал — газобетон; стиль — современный. На сайте доступны все планы, характеристики и состав проектной документации.",https://catalog-plans.ru/catalog/57-02EL?utm_source=pinterest&utm_medium=organic&utm_campaign=generated_premium_choice_video_batch_48&utm_content=pin_8933_57-02el_clean_floor_plans&utm_term=proekty-chastnyh-domov,,"проект дома 57-02EL, Проекты частных домов, готовый проект дома, планировка дома, архитектура дома, фасады частного дома, поэтажные планы, фасады дома, catalog-plans.ru, дом 208,39 м², газобетон, современный"
Проект №64-30: архитектура в деталях,https://raw.githubusercontent.com/nemchenik/test/1ddeff2675df6722ac6e895b28109f9901890fbf/pinterest/generated_batch_48_premium_choice_video/64-30.mp4,Готовые проекты домов,00:01,"Проект дома №64-30. Ролик показывает визуализацию, реальную планировку и чертежи фасадов. Планы этажей помогают оценить расположение комнат и общую логику дома. Параметры проекта: площадь 108,21 м²; 2 этажа; габариты 7×14 м; материал — газобетон; стиль — барнхаус. Перейдите к карточке дома и оцените характеристики выбранного проекта.",https://catalog-plans.ru/catalog/64-30?utm_source=pinterest&utm_medium=organic&utm_campaign=generated_premium_choice_video_batch_48&utm_content=pin_8934_64-30_graphite_facades&utm_term=gotovye-proekty-domov,,"проект дома 64-30, Готовые проекты домов, готовый проект дома, планировка дома, архитектура дома, фасады частного дома, поэтажные планы, фасады дома, catalog-plans.ru, дом 108,21 м², газобетон, барнхаус"
Дом №58-15FKB: готовое решение,https://raw.githubusercontent.com/nemchenik/test/1ddeff2675df6722ac6e895b28109f9901890fbf/pinterest/generated_batch_48_premium_choice_video/58-15FKB.mp4,Планировки загородных домов,00:01,"Проект дома №58-15FKB. Новый формат объединяет главные материалы карточки проекта в одном видео. Четыре фасада дают представление об архитектуре со всех сторон. Параметры проекта: площадь 145,82 м²; 2 этажа; габариты 10.1×11 м; материал — керамзитобетон; стиль — современный. Сохраните вариант и сравните его с другими проектами из каталога.",https://catalog-plans.ru/catalog/58-15FKB?utm_source=pinterest&utm_medium=organic&utm_campaign=generated_premium_choice_video_batch_48&utm_content=pin_8935_58-15fkb_modern_architecture&utm_term=planirovki-zagorodnyh-domov,,"проект дома 58-15FKB, Планировки загородных домов, готовый проект дома, планировка дома, архитектура дома, фасады частного дома, поэтажные планы, фасады дома, catalog-plans.ru, дом 145,82 м², керамзитобетон, современный"
Проект №57-16BL: откройте все детали,https://raw.githubusercontent.com/nemchenik/test/1ddeff2675df6722ac6e895b28109f9901890fbf/pinterest/generated_batch_48_premium_choice_video/57-16BL.mp4,Красивые фасады домов,00:01,"Проект дома №57-16BL. В коротком видео собраны внешний вид дома, его планы и фасады. Проект случайным образом выбран из полного каталога catalog-plans.ru. Параметры проекта: площадь 157,29 м²; 2 этажа; габариты 11.15×11.4 м; материал — газобетон; стиль — европейский. Откройте проект, чтобы подробно рассмотреть помещения, размеры и фасады.",https://catalog-plans.ru/catalog/57-16BL?utm_source=pinterest&utm_medium=organic&utm_campaign=generated_premium_choice_video_batch_48&utm_content=pin_8936_57-16bl_premium_choice&utm_term=krasivye-fasady-domov,,"проект дома 57-16BL, Красивые фасады домов, готовый проект дома, планировка дома, архитектура дома, фасады частного дома, поэтажные планы, фасады дома, catalog-plans.ru, дом 157,29 м², газобетон, европейский"
Дом №59-43: полный обзор проекта,https://raw.githubusercontent.com/nemchenik/test/1ddeff2675df6722ac6e895b28109f9901890fbf/pinterest/generated_batch_48_premium_choice_video/59-43.mp4,Архитектура частного дома,00:01,"Проект дома №59-43. Архитектурный обзор помогает быстро оценить проект со всех сторон. Все изображения получены непосредственно из карточки соответствующего проекта. Параметры проекта: площадь 231,4 м²; 2 этажа; габариты 14.6×15.1 м; материал — газобетон; стиль — скандинавский. На сайте доступны все планы, характеристики и состав проектной документации.",https://catalog-plans.ru/catalog/59-43?utm_source=pinterest&utm_medium=organic&utm_campaign=generated_premium_choice_video_batch_48&utm_content=pin_8937_59-43_clean_floor_plans&utm_term=arhitektura-chastnogo-doma,,"проект дома 59-43, Архитектура частного дома, готовый проект дома, планировка дома, архитектура дома, фасады частного дома, поэтажные планы, фасады дома, catalog-plans.ru, дом 231,4 м², газобетон, скандинавский"
Проект №40-12PK1L: премиальный обзор,https://raw.githubusercontent.com/nemchenik/test/1ddeff2675df6722ac6e895b28109f9901890fbf/pinterest/generated_batch_48_premium_choice_video/40-12PK1L.mp4,Дома с планами и фасадами,00:01,"Проект дома №40-12PK1L. Ролик показывает визуализацию, реальную планировку и чертежи фасадов. Планы этажей помогают оценить расположение комнат и общую логику дома. Параметры проекта: площадь 169,57 м²; 2 этажа; габариты 11.8×12.4 м; материал — кирпич; стиль — скандинавский. Перейдите к карточке дома и оцените характеристики выбранного проекта.",https://catalog-plans.ru/catalog/40-12PK1L?utm_source=pinterest&utm_medium=organic&utm_campaign=generated_premium_choice_video_batch_48&utm_content=pin_8938_40-12pk1l_graphite_facades&utm_term=doma-s-planami-i-fasadami,,"проект дома 40-12PK1L, Дома с планами и фасадами, готовый проект дома, планировка дома, архитектура дома, фасады частного дома, поэтажные планы, фасады дома, catalog-plans.ru, дом 169,57 м², кирпич, скандинавский"
Дом №45-50L: пространство для жизни,https://raw.githubusercontent.com/nemchenik/test/1ddeff2675df6722ac6e895b28109f9901890fbf/pinterest/generated_batch_48_premium_choice_video/45-50L.mp4,Двухэтажные проекты домов,00:01,"Проект дома №45-50L. Новый формат объединяет главные материалы карточки проекта в одном видео. Четыре фасада дают представление об архитектуре со всех сторон. Параметры проекта: площадь 160,68 м²; 2 этажа; габариты 11.16×11.16 м; материал — кирпич; стиль — европейский. Сохраните вариант и сравните его с другими проектами из каталога.",https://catalog-plans.ru/catalog/45-50L?utm_source=pinterest&utm_medium=organic&utm_campaign=generated_premium_choice_video_batch_48&utm_content=pin_8939_45-50l_modern_architecture&utm_term=dvuhetazhnye-proekty-domov,,"проект дома 45-50L, Двухэтажные проекты домов, готовый проект дома, планировка дома, архитектура дома, фасады частного дома, поэтажные планы, фасады дома, catalog-plans.ru, дом 160,68 м², кирпич, европейский"
Проект №57-58BK: архитектура в деталях,https://raw.githubusercontent.com/nemchenik/test/1ddeff2675df6722ac6e895b28109f9901890fbf/pinterest/generated_batch_48_premium_choice_video/57-58BK.mp4,Проекты частных домов,00:01,"Проект дома №57-58BK. В коротком видео собраны внешний вид дома, его планы и фасады. Проект случайным образом выбран из полного каталога catalog-plans.ru. Параметры проекта: площадь 274,98 м²; 2 этажа; габариты 15.27×16.92 м; материал — кирпич; стиль — европейский. Откройте проект, чтобы подробно рассмотреть помещения, размеры и фасады.",https://catalog-plans.ru/catalog/57-58BK?utm_source=pinterest&utm_medium=organic&utm_campaign=generated_premium_choice_video_batch_48&utm_content=pin_8940_57-58bk_premium_choice&utm_term=proekty-chastnyh-domov,,"проект дома 57-58BK, Проекты частных домов, готовый проект дома, планировка дома, архитектура дома, фасады частного дома, поэтажные планы, фасады дома, catalog-plans.ru, дом 274,98 м², кирпич, европейский"
Дом №62-80D: готовое решение,https://raw.githubusercontent.com/nemchenik/test/1ddeff2675df6722ac6e895b28109f9901890fbf/pinterest/generated_batch_48_premium_choice_video/62-80D.mp4,Готовые проекты домов,00:01,"Проект дома №62-80D. Архитектурный обзор помогает быстро оценить проект со всех сторон. Все изображения получены непосредственно из карточки соответствующего проекта. Параметры проекта: площадь 143,97 м²; 2 этажа; габариты 12.53×11 м; материал — газобетон. На сайте доступны все планы, характеристики и состав проектной документации.",https://catalog-plans.ru/catalog/62-80D?utm_source=pinterest&utm_medium=organic&utm_campaign=generated_premium_choice_video_batch_48&utm_content=pin_8941_62-80d_clean_floor_plans&utm_term=gotovye-proekty-domov,,"проект дома 62-80D, Готовые проекты домов, готовый проект дома, планировка дома, архитектура дома, фасады частного дома, поэтажные планы, фасады дома, catalog-plans.ru, дом 143,97 м², газобетон"
Проект №62-41AL: откройте все детали,https://raw.githubusercontent.com/nemchenik/test/1ddeff2675df6722ac6e895b28109f9901890fbf/pinterest/generated_batch_48_premium_choice_video/62-41AL.mp4,Планировки загородных домов,00:01,"Проект дома №62-41AL. Ролик показывает визуализацию, реальную планировку и чертежи фасадов. Планы этажей помогают оценить расположение комнат и общую логику дома. Параметры проекта: площадь 154,52 м²; 2 этажа; габариты 13.08×10.98 м; материал — газобетон. Перейдите к карточке дома и оцените характеристики выбранного проекта.",https://catalog-plans.ru/catalog/62-41AL?utm_source=pinterest&utm_medium=organic&utm_campaign=generated_premium_choice_video_batch_48&utm_content=pin_8942_62-41al_graphite_facades&utm_term=planirovki-zagorodnyh-domov,,"проект дома 62-41AL, Планировки загородных домов, готовый проект дома, планировка дома, архитектура дома, фасады частного дома, поэтажные планы, фасады дома, catalog-plans.ru, дом 154,52 м², газобетон"
Дом №60-35: полный обзор проекта,https://raw.githubusercontent.com/nemchenik/test/1ddeff2675df6722ac6e895b28109f9901890fbf/pinterest/generated_batch_48_premium_choice_video/60-35.mp4,Красивые фасады домов,00:01,"Проект дома №60-35. Новый формат объединяет главные материалы карточки проекта в одном видео. Четыре фасада дают представление об архитектуре со всех сторон. Параметры проекта: площадь 145,1 м²; 2 этажа; габариты 10.62×13.52 м; материал — газобетон. Сохраните вариант и сравните его с другими проектами из каталога.",https://catalog-plans.ru/catalog/60-35?utm_source=pinterest&utm_medium=organic&utm_campaign=generated_premium_choice_video_batch_48&utm_content=pin_8943_60-35_modern_architecture&utm_term=krasivye-fasady-domov,,"проект дома 60-35, Красивые фасады домов, готовый проект дома, планировка дома, архитектура дома, фасады частного дома, поэтажные планы, фасады дома, catalog-plans.ru, дом 145,1 м², газобетон"
Проект №66-12: премиальный обзор,https://raw.githubusercontent.com/nemchenik/test/1ddeff2675df6722ac6e895b28109f9901890fbf/pinterest/generated_batch_48_premium_choice_video/66-12.mp4,Архитектура частного дома,00:01,"Проект дома №66-12. В коротком видео собраны внешний вид дома, его планы и фасады. Проект случайным образом выбран из полного каталога catalog-plans.ru. Параметры проекта: площадь 259 м²; 2 этажа; габариты 12×16 м; материал — кирпич. Откройте проект, чтобы подробно рассмотреть помещения, размеры и фасады.",https://catalog-plans.ru/catalog/66-12?utm_source=pinterest&utm_medium=organic&utm_campaign=generated_premium_choice_video_batch_48&utm_content=pin_8944_66-12_premium_choice&utm_term=arhitektura-chastnogo-doma,,"проект дома 66-12, Архитектура частного дома, готовый проект дома, планировка дома, архитектура дома, фасады частного дома, поэтажные планы, фасады дома, catalog-plans.ru, дом 259 м², кирпич"
Дом №46-09MK1L: пространство для жизни,https://raw.githubusercontent.com/nemchenik/test/1ddeff2675df6722ac6e895b28109f9901890fbf/pinterest/generated_batch_48_premium_choice_video/46-09MK1L.mp4,Дома с планами и фасадами,00:01,"Проект дома №46-09MK1L. Архитектурный обзор помогает быстро оценить проект со всех сторон. Все изображения получены непосредственно из карточки соответствующего проекта. Параметры проекта: площадь 183,66 м²; 1 этаж; габариты 12.5×19.3 м; материал — монолитный каркас; стиль — стиль Райта. На сайте доступны все планы, характеристики и состав проектной документации.",https://catalog-plans.ru/catalog/46-09MK1L?utm_source=pinterest&utm_medium=organic&utm_campaign=generated_premium_choice_video_batch_48&utm_content=pin_8945_46-09mk1l_clean_floor_plans&utm_term=doma-s-planami-i-fasadami,,"проект дома 46-09MK1L, Дома с планами и фасадами, готовый проект дома, планировка дома, архитектура дома, фасады частного дома, поэтажные планы, фасады дома, catalog-plans.ru, дом 183,66 м², монолитный каркас, стиль Райта"
Проект №58-87TA: архитектура в деталях,https://raw.githubusercontent.com/nemchenik/test/1ddeff2675df6722ac6e895b28109f9901890fbf/pinterest/generated_batch_48_premium_choice_video/58-87TA.mp4,Двухэтажные проекты домов,00:01,"Проект дома №58-87TA. Ролик показывает визуализацию, реальную планировку и чертежи фасадов. Планы этажей помогают оценить расположение комнат и общую логику дома. Параметры проекта: площадь 313,3 м²; 2 этажа; габариты 11.74×17.25 м; материал — газобетон; стиль — стиль Райта. Перейдите к карточке дома и оцените характеристики выбранного проекта.",https://catalog-plans.ru/catalog/58-87TA?utm_source=pinterest&utm_medium=organic&utm_campaign=generated_premium_choice_video_batch_48&utm_content=pin_8946_58-87ta_graphite_facades&utm_term=dvuhetazhnye-proekty-domov,,"проект дома 58-87TA, Двухэтажные проекты домов, готовый проект дома, планировка дома, архитектура дома, фасады частного дома, поэтажные планы, фасады дома, catalog-plans.ru, дом 313,3 м², газобетон, стиль Райта"
Дом №40-77: готовое решение,https://raw.githubusercontent.com/nemchenik/test/1ddeff2675df6722ac6e895b28109f9901890fbf/pinterest/generated_batch_48_premium_choice_video/40-77.mp4,Проекты частных домов,00:01,"Проект дома №40-77. Новый формат объединяет главные материалы карточки проекта в одном видео. Четыре фасада дают представление об архитектуре со всех сторон. Параметры проекта: площадь 315,6 м²; 2 этажа; габариты 14.75×18.46 м; материал — кирпич; стиль — шале. Сохраните вариант и сравните его с другими проектами из каталога.",https://catalog-plans.ru/catalog/40-77?utm_source=pinterest&utm_medium=organic&utm_campaign=generated_premium_choice_video_batch_48&utm_content=pin_8947_40-77_modern_architecture&utm_term=proekty-chastnyh-domov,,"проект дома 40-77, Проекты частных домов, готовый проект дома, планировка дома, архитектура дома, фасады частного дома, поэтажные планы, фасады дома, catalog-plans.ru, дом 315,6 м², кирпич, шале"
Проект №40-36: откройте все детали,https://raw.githubusercontent.com/nemchenik/test/1ddeff2675df6722ac6e895b28109f9901890fbf/pinterest/generated_batch_48_premium_choice_video/40-36.mp4,Готовые проекты домов,00:01,"Проект дома №40-36. В коротком видео собраны внешний вид дома, его планы и фасады. Проект случайным образом выбран из полного каталога catalog-plans.ru. Параметры проекта: площадь 275,29 м²; 2 этажа; габариты 13.9×16.1 м; материал — кирпич. Откройте проект, чтобы подробно рассмотреть помещения, размеры и фасады.",https://catalog-plans.ru/catalog/40-36?utm_source=pinterest&utm_medium=organic&utm_campaign=generated_premium_choice_video_batch_48&utm_content=pin_8948_40-36_premium_choice&utm_term=gotovye-proekty-domov,,"проект дома 40-36, Готовые проекты домов, готовый проект дома, планировка дома, архитектура дома, фасады частного дома, поэтажные планы, фасады дома, catalog-plans.ru, дом 275,29 м², кирпич"
Дом №45-64NGL: полный обзор проекта,https://raw.githubusercontent.com/nemchenik/test/1ddeff2675df6722ac6e895b28109f9901890fbf/pinterest/generated_batch_48_premium_choice_video/45-64NGL.mp4,Планировки загородных домов,00:01,"Проект дома №45-64NGL. Архитектурный обзор помогает быстро оценить проект со всех сторон. Все изображения получены непосредственно из карточки соответствующего проекта. Параметры проекта: площадь 244,93 м²; 2 этажа; габариты 12.74×14.24 м; материал — газобетон; стиль — стиль Райта. На сайте доступны все планы, характеристики и состав проектной документации.",https://catalog-plans.ru/catalog/45-64NGL?utm_source=pinterest&utm_medium=organic&utm_campaign=generated_premium_choice_video_batch_48&utm_content=pin_8949_45-64ngl_clean_floor_plans&utm_term=planirovki-zagorodnyh-domov,,"проект дома 45-64NGL, Планировки загородных домов, готовый проект дома, планировка дома, архитектура дома, фасады частного дома, поэтажные планы, фасады дома, catalog-plans.ru, дом 244,93 м², газобетон, стиль Райта"
Проект №60-18: премиальный обзор,https://raw.githubusercontent.com/nemchenik/test/1ddeff2675df6722ac6e895b28109f9901890fbf/pinterest/generated_batch_48_premium_choice_video/60-18.mp4,Красивые фасады домов,00:01,"Проект дома №60-18. Ролик показывает визуализацию, реальную планировку и чертежи фасадов. Планы этажей помогают оценить расположение комнат и общую логику дома. Параметры проекта: площадь 188,4 м²; 2 этажа; габариты 12.5×15.2 м; материал — газобетон; стиль — современный. Перейдите к карточке дома и оцените характеристики выбранного проекта.",https://catalog-plans.ru/catalog/60-18?utm_source=pinterest&utm_medium=organic&utm_campaign=generated_premium_choice_video_batch_48&utm_content=pin_8950_60-18_graphite_facades&utm_term=krasivye-fasady-domov,,"проект дома 60-18, Красивые фасады домов, готовый проект дома, планировка дома, архитектура дома, фасады частного дома, поэтажные планы, фасады дома, catalog-plans.ru, дом 188,4 м², газобетон, современный"
Дом №35-35: пространство для жизни,https://raw.githubusercontent.com/nemchenik/test/1ddeff2675df6722ac6e895b28109f9901890fbf/pinterest/generated_batch_48_premium_choice_video/35-35.mp4,Архитектура частного дома,00:01,"Проект дома №35-35. Новый формат объединяет главные материалы карточки проекта в одном видео. Четыре фасада дают представление об архитектуре со всех сторон. Параметры проекта: площадь 152,3 м²; 2 этажа; габариты 12.85×13.1 м; материал — кирпич; стиль — современный. Сохраните вариант и сравните его с другими проектами из каталога.",https://catalog-plans.ru/catalog/35-35?utm_source=pinterest&utm_medium=organic&utm_campaign=generated_premium_choice_video_batch_48&utm_content=pin_8951_35-35_modern_architecture&utm_term=arhitektura-chastnogo-doma,,"проект дома 35-35, Архитектура частного дома, готовый проект дома, планировка дома, архитектура дома, фасады частного дома, поэтажные планы, фасады дома, catalog-plans.ru, дом 152,3 м², кирпич, современный"
Проект №63-44A: архитектура в деталях,https://raw.githubusercontent.com/nemchenik/test/1ddeff2675df6722ac6e895b28109f9901890fbf/pinterest/generated_batch_48_premium_choice_video/63-44A.mp4,Дома с планами и фасадами,00:01,"Проект дома №63-44A. В коротком видео собраны внешний вид дома, его планы и фасады. Проект случайным образом выбран из полного каталога catalog-plans.ru. Параметры проекта: площадь 117,44 м²; 2 этажа; габариты 9.1×22.1 м; материал — газобетон; стиль — английский. Откройте проект, чтобы подробно рассмотреть помещения, размеры и фасады.",https://catalog-plans.ru/catalog/63-44A?utm_source=pinterest&utm_medium=organic&utm_campaign=generated_premium_choice_video_batch_48&utm_content=pin_8952_63-44a_premium_choice&utm_term=doma-s-planami-i-fasadami,,"проект дома 63-44A, Дома с планами и фасадами, готовый проект дома, планировка дома, архитектура дома, фасады частного дома, поэтажные планы, фасады дома, catalog-plans.ru, дом 117,44 м², газобетон, английский"
Дом №57-63FBAG: готовое решение,https://raw.githubusercontent.com/nemchenik/test/1ddeff2675df6722ac6e895b28109f9901890fbf/pinterest/generated_batch_48_premium_choice_video/57-63FBAG.mp4,Двухэтажные проекты домов,00:01,"Проект дома №57-63FBAG. Архитектурный обзор помогает быстро оценить проект со всех сторон. Все изображения получены непосредственно из карточки соответствующего проекта. Параметры проекта: площадь 163,75 м²; 2 этажа; габариты 11.6×12.2 м; материал — газобетон; стиль — европейский. На сайте доступны все планы, характеристики и состав проектной документации.",https://catalog-plans.ru/catalog/57-63FBAG?utm_source=pinterest&utm_medium=organic&utm_campaign=generated_premium_choice_video_batch_48&utm_content=pin_8953_57-63fbag_clean_floor_plans&utm_term=dvuhetazhnye-proekty-domov,,"проект дома 57-63FBAG, Двухэтажные проекты домов, готовый проект дома, планировка дома, архитектура дома, фасады частного дома, поэтажные планы, фасады дома, catalog-plans.ru, дом 163,75 м², газобетон, европейский"
Проект №62-03ABEGL: откройте все детали,https://raw.githubusercontent.com/nemchenik/test/1ddeff2675df6722ac6e895b28109f9901890fbf/pinterest/generated_batch_48_premium_choice_video/62-03ABEGL.mp4,Проекты частных домов,00:01,"Проект дома №62-03ABEGL. Ролик показывает визуализацию, реальную планировку и чертежи фасадов. Планы этажей помогают оценить расположение комнат и общую логику дома. Параметры проекта: площадь 177,39 м²; 1 этаж; габариты 15.3×17.05 м; материал — газобетон; стиль — современный. Перейдите к карточке дома и оцените характеристики выбранного проекта.",https://catalog-plans.ru/catalog/62-03ABEGL?utm_source=pinterest&utm_medium=organic&utm_campaign=generated_premium_choice_video_batch_48&utm_content=pin_8954_62-03abegl_graphite_facades&utm_term=proekty-chastnyh-domov,,"проект дома 62-03ABEGL, Проекты частных домов, готовый проект дома, планировка дома, архитектура дома, фасады частного дома, поэтажные планы, фасады дома, catalog-plans.ru, дом 177,39 м², газобетон, современный"
Дом №47-81: полный обзор проекта,https://raw.githubusercontent.com/nemchenik/test/1ddeff2675df6722ac6e895b28109f9901890fbf/pinterest/generated_batch_48_premium_choice_video/47-81.mp4,Готовые проекты домов,00:01,Проект дома №47-81. Новый формат объединяет главные материалы карточки проекта в одном видео. Четыре фасада дают представление об архитектуре со всех сторон. Параметры проекта: площадь 057 м²; 3 этажа; габариты 18×34.5 м; материал — кирпича 1; стиль — средневековый. Сохраните вариант и сравните его с другими проектами из каталога.,https://catalog-plans.ru/catalog/47-81?utm_source=pinterest&utm_medium=organic&utm_campaign=generated_premium_choice_video_batch_48&utm_content=pin_8955_47-81_modern_architecture&utm_term=gotovye-proekty-domov,,"проект дома 47-81, Готовые проекты домов, готовый проект дома, планировка дома, архитектура дома, фасады частного дома, поэтажные планы, фасады дома, catalog-plans.ru, дом 057 м², кирпича 1, средневековый"
Проект №49-70P: премиальный обзор,https://raw.githubusercontent.com/nemchenik/test/1ddeff2675df6722ac6e895b28109f9901890fbf/pinterest/generated_batch_48_premium_choice_video/49-70P.mp4,Планировки загородных домов,00:01,"Проект дома №49-70P. В коротком видео собраны внешний вид дома, его планы и фасады. Проект случайным образом выбран из полного каталога catalog-plans.ru. Параметры проекта: площадь 183,2 м²; 2 этажа; габариты 11.2×13.5 м; материал — блоки porotherm 44 см; стиль — хай-тек. Откройте проект, чтобы подробно рассмотреть помещения, размеры и фасады.",https://catalog-plans.ru/catalog/49-70P?utm_source=pinterest&utm_medium=organic&utm_campaign=generated_premium_choice_video_batch_48&utm_content=pin_8956_49-70p_premium_choice&utm_term=planirovki-zagorodnyh-domov,,"проект дома 49-70P, Планировки загородных домов, готовый проект дома, планировка дома, архитектура дома, фасады частного дома, поэтажные планы, фасады дома, catalog-plans.ru, дом 183,2 м², блоки porotherm 44 см, хай-тек"
Дом №49-62: пространство для жизни,https://raw.githubusercontent.com/nemchenik/test/1ddeff2675df6722ac6e895b28109f9901890fbf/pinterest/generated_batch_48_premium_choice_video/49-62.mp4,Красивые фасады домов,00:01,"Проект дома №49-62. Архитектурный обзор помогает быстро оценить проект со всех сторон. Все изображения получены непосредственно из карточки соответствующего проекта. Параметры проекта: площадь 160,3 м²; 2 этажа; габариты 10.14×13.89 м; материал — кирпич; стиль — европейский. На сайте доступны все планы, характеристики и состав проектной документации.",https://catalog-plans.ru/catalog/49-62?utm_source=pinterest&utm_medium=organic&utm_campaign=generated_premium_choice_video_batch_48&utm_content=pin_8957_49-62_clean_floor_plans&utm_term=krasivye-fasady-domov,,"проект дома 49-62, Красивые фасады домов, готовый проект дома, планировка дома, архитектура дома, фасады частного дома, поэтажные планы, фасады дома, catalog-plans.ru, дом 160,3 м², кирпич, европейский"
Проект №40-61B: архитектура в деталях,https://raw.githubusercontent.com/nemchenik/test/1ddeff2675df6722ac6e895b28109f9901890fbf/pinterest/generated_batch_48_premium_choice_video/40-61B.mp4,Архитектура частного дома,00:01,"Проект дома №40-61B. Ролик показывает визуализацию, реальную планировку и чертежи фасадов. Планы этажей помогают оценить расположение комнат и общую логику дома. Параметры проекта: площадь 257,37 м²; 2 этажа; габариты 13.12×20.88 м; материал — кирпич; стиль — современный. Перейдите к карточке дома и оцените характеристики выбранного проекта.",https://catalog-plans.ru/catalog/40-61B?utm_source=pinterest&utm_medium=organic&utm_campaign=generated_premium_choice_video_batch_48&utm_content=pin_8958_40-61b_graphite_facades&utm_term=arhitektura-chastnogo-doma,,"проект дома 40-61B, Архитектура частного дома, готовый проект дома, планировка дома, архитектура дома, фасады частного дома, поэтажные планы, фасады дома, catalog-plans.ru, дом 257,37 м², кирпич, современный"
Дом №48-24YG: готовое решение,https://raw.githubusercontent.com/nemchenik/test/1ddeff2675df6722ac6e895b28109f9901890fbf/pinterest/generated_batch_48_premium_choice_video/48-24YG.mp4,Дома с планами и фасадами,00:01,"Проект дома №48-24YG. Новый формат объединяет главные материалы карточки проекта в одном видео. Четыре фасада дают представление об архитектуре со всех сторон. Параметры проекта: площадь 210,63 м²; 2 этажа; габариты 14.9×17.3 м; материал — газобетон; стиль — современный. Сохраните вариант и сравните его с другими проектами из каталога.",https://catalog-plans.ru/catalog/48-24YG?utm_source=pinterest&utm_medium=organic&utm_campaign=generated_premium_choice_video_batch_48&utm_content=pin_8959_48-24yg_modern_architecture&utm_term=doma-s-planami-i-fasadami,,"проект дома 48-24YG, Дома с планами и фасадами, готовый проект дома, планировка дома, архитектура дома, фасады частного дома, поэтажные планы, фасады дома, catalog-plans.ru, дом 210,63 м², газобетон, современный"
Проект №62-38P: откройте все детали,https://raw.githubusercontent.com/nemchenik/test/1ddeff2675df6722ac6e895b28109f9901890fbf/pinterest/generated_batch_48_premium_choice_video/62-38P.mp4,Двухэтажные проекты домов,00:01,"Проект дома №62-38P. В коротком видео собраны внешний вид дома, его планы и фасады. Проект случайным образом выбран из полного каталога catalog-plans.ru. Параметры проекта: площадь 236,15 м²; 2 этажа; габариты 12.8×18.6 м; материал — газобетон; стиль — шале. Откройте проект, чтобы подробно рассмотреть помещения, размеры и фасады.",https://catalog-plans.ru/catalog/62-38P?utm_source=pinterest&utm_medium=organic&utm_campaign=generated_premium_choice_video_batch_48&utm_content=pin_8960_62-38p_premium_choice&utm_term=dvuhetazhnye-proekty-domov,,"проект дома 62-38P, Двухэтажные проекты домов, готовый проект дома, планировка дома, архитектура дома, фасады частного дома, поэтажные планы, фасады дома, catalog-plans.ru, дом 236,15 м², газобетон, шале"
Дом №59-92DABL: полный обзор проекта,https://raw.githubusercontent.com/nemchenik/test/1ddeff2675df6722ac6e895b28109f9901890fbf/pinterest/generated_batch_48_premium_choice_video/59-92DABL.mp4,Проекты частных домов,00:01,"Проект дома №59-92DABL. Архитектурный обзор помогает быстро оценить проект со всех сторон. Все изображения получены непосредственно из карточки соответствующего проекта. Параметры проекта: площадь 179,45 м²; 2 этажа; габариты 11.9×13.3 м; материал — кирпич; стиль — современный. На сайте доступны все планы, характеристики и состав проектной документации.",https://catalog-plans.ru/catalog/59-92DABL?utm_source=pinterest&utm_medium=organic&utm_campaign=generated_premium_choice_video_batch_48&utm_content=pin_8961_59-92dabl_clean_floor_plans&utm_term=proekty-chastnyh-domov,,"проект дома 59-92DABL, Проекты частных домов, готовый проект дома, планировка дома, архитектура дома, фасады частного дома, поэтажные планы, фасады дома, catalog-plans.ru, дом 179,45 м², кирпич, современный"
Проект №57-39NAKL: премиальный обзор,https://raw.githubusercontent.com/nemchenik/test/1ddeff2675df6722ac6e895b28109f9901890fbf/pinterest/generated_batch_48_premium_choice_video/57-39NAKL.mp4,Готовые проекты домов,00:01,"Проект дома №57-39NAKL. Ролик показывает визуализацию, реальную планировку и чертежи фасадов. Планы этажей помогают оценить расположение комнат и общую логику дома. Параметры проекта: площадь 325,49 м²; 2 этажа; габариты 11.63×14.78 м; материал — кирпич; стиль — современный. Перейдите к карточке дома и оцените характеристики выбранного проекта.",https://catalog-plans.ru/catalog/57-39NAKL?utm_source=pinterest&utm_medium=organic&utm_campaign=generated_premium_choice_video_batch_48&utm_content=pin_8962_57-39nakl_graphite_facades&utm_term=gotovye-proekty-domov,,"проект дома 57-39NAKL, Готовые проекты домов, готовый проект дома, планировка дома, архитектура дома, фасады частного дома, поэтажные планы, фасады дома, catalog-plans.ru, дом 325,49 м², кирпич, современный"
Дом №33-28: пространство для жизни,https://raw.githubusercontent.com/nemchenik/test/1ddeff2675df6722ac6e895b28109f9901890fbf/pinterest/generated_batch_48_premium_choice_video/33-28.mp4,Планировки загородных домов,00:01,Проект дома №33-28. Новый формат объединяет главные материалы карточки проекта в одном видео. Четыре фасада дают представление об архитектуре со всех сторон. Параметры проекта: площадь 216 м²; 2 этажа; габариты 12.9×16.2 м; материал — кирпич. Сохраните вариант и сравните его с другими проектами из каталога.,https://catalog-plans.ru/catalog/33-28?utm_source=pinterest&utm_medium=organic&utm_campaign=generated_premium_choice_video_batch_48&utm_content=pin_8963_33-28_modern_architecture&utm_term=planirovki-zagorodnyh-domov,,"проект дома 33-28, Планировки загородных домов, готовый проект дома, планировка дома, архитектура дома, фасады частного дома, поэтажные планы, фасады дома, catalog-plans.ru, дом 216 м², кирпич"
Проект №48-48L: архитектура в деталях,https://raw.githubusercontent.com/nemchenik/test/1ddeff2675df6722ac6e895b28109f9901890fbf/pinterest/generated_batch_48_premium_choice_video/48-48L.mp4,Архитектура частного дома,00:01,"Проект дома №48-48L. В коротком видео собраны внешний вид дома, его планы и фасады. Проект случайным образом выбран из полного каталога catalog-plans.ru. Параметры проекта: площадь 397,37 м²; 3 этажа; габариты 16.08×19.83 м; материал — монолитный каркас; стиль — хай-тек. Откройте проект, чтобы подробно рассмотреть помещения, размеры и фасады.",https://catalog-plans.ru/catalog/48-48L?utm_source=pinterest&utm_medium=organic&utm_campaign=generated_premium_choice_video_batch_48&utm_content=pin_8964_48-48l_premium_choice&utm_term=arhitektura-chastnogo-doma,,"проект дома 48-48L, Архитектура частного дома, готовый проект дома, планировка дома, архитектура дома, фасады частного дома, поэтажные планы, фасады дома, catalog-plans.ru, дом 397,37 м², монолитный каркас, хай-тек"
Дом №33-27: готовое решение,https://raw.githubusercontent.com/nemchenik/test/1ddeff2675df6722ac6e895b28109f9901890fbf/pinterest/generated_batch_48_premium_choice_video/33-27.mp4,Архитектура частного дома,00:01,"Проект дома №33-27. Архитектурный обзор помогает быстро оценить проект со всех сторон. Все изображения получены непосредственно из карточки соответствующего проекта. Параметры проекта: площадь 200,6 м²; 2 этажа; габариты 8.4×15 м; материал — кирпич. На сайте доступны все планы, характеристики и состав проектной документации.",https://catalog-plans.ru/catalog/33-27?utm_source=pinterest&utm_medium=organic&utm_campaign=generated_premium_choice_video_batch_48&utm_content=pin_8965_33-27_clean_floor_plans&utm_term=arhitektura-chastnogo-doma,,"проект дома 33-27, Архитектура частного дома, готовый проект дома, планировка дома, архитектура дома, фасады частного дома, поэтажные планы, фасады дома, catalog-plans.ru, дом 200,6 м², кирпич"
Проект №46-92GL: откройте все детали,https://raw.githubusercontent.com/nemchenik/test/1ddeff2675df6722ac6e895b28109f9901890fbf/pinterest/generated_batch_48_premium_choice_video/46-92GL.mp4,Дома с планами и фасадами,00:01,"Проект дома №46-92GL. Ролик показывает визуализацию, реальную планировку и чертежи фасадов. Планы этажей помогают оценить расположение комнат и общую логику дома. Параметры проекта: площадь 138,22 м²; 1 этаж; габариты 14.96×15.14 м; материал — газобетон; стиль — хай-тек. Перейдите к карточке дома и оцените характеристики выбранного проекта.",https://catalog-plans.ru/catalog/46-92GL?utm_source=pinterest&utm_medium=organic&utm_campaign=generated_premium_choice_video_batch_48&utm_content=pin_8966_46-92gl_graphite_facades&utm_term=doma-s-planami-i-fasadami,,"проект дома 46-92GL, Дома с планами и фасадами, готовый проект дома, планировка дома, архитектура дома, фасады частного дома, поэтажные планы, фасады дома, catalog-plans.ru, дом 138,22 м², газобетон, хай-тек"
Дом №67-05: полный обзор проекта,https://raw.githubusercontent.com/nemchenik/test/1ddeff2675df6722ac6e895b28109f9901890fbf/pinterest/generated_batch_48_premium_choice_video/67-05.mp4,Двухэтажные проекты домов,00:01,"Проект дома №67-05. Новый формат объединяет главные материалы карточки проекта в одном видео. Четыре фасада дают представление об архитектуре со всех сторон. Параметры проекта: площадь 310,7 м²; 2 этажа; габариты 17.17×21.91 м; материал — газобетон; стиль — европейский. Сохраните вариант и сравните его с другими проектами из каталога.",https://catalog-plans.ru/catalog/67-05?utm_source=pinterest&utm_medium=organic&utm_campaign=generated_premium_choice_video_batch_48&utm_content=pin_8967_67-05_modern_architecture&utm_term=dvuhetazhnye-proekty-domov,,"проект дома 67-05, Двухэтажные проекты домов, готовый проект дома, планировка дома, архитектура дома, фасады частного дома, поэтажные планы, фасады дома, catalog-plans.ru, дом 310,7 м², газобетон, европейский"
Проект №52-52: премиальный обзор,https://raw.githubusercontent.com/nemchenik/test/1ddeff2675df6722ac6e895b28109f9901890fbf/pinterest/generated_batch_48_premium_choice_video/52-52.mp4,Проекты частных домов,00:01,"Проект дома №52-52. В коротком видео собраны внешний вид дома, его планы и фасады. Проект случайным образом выбран из полного каталога catalog-plans.ru. Параметры проекта: площадь 319,4 м²; 2 этажа; габариты 12.65×13.5 м; материал — ячеистые бетонные блоки; стиль — европейский. Откройте проект, чтобы подробно рассмотреть помещения, размеры и фасады.",https://catalog-plans.ru/catalog/52-52?utm_source=pinterest&utm_medium=organic&utm_campaign=generated_premium_choice_video_batch_48&utm_content=pin_8968_52-52_premium_choice&utm_term=proekty-chastnyh-domov,,"проект дома 52-52, Проекты частных домов, готовый проект дома, планировка дома, архитектура дома, фасады частного дома, поэтажные планы, фасады дома, catalog-plans.ru, дом 319,4 м², ячеистые бетонные блоки, европейский"
Дом №59-88K: пространство для жизни,https://raw.githubusercontent.com/nemchenik/test/1ddeff2675df6722ac6e895b28109f9901890fbf/pinterest/generated_batch_48_premium_choice_video/59-88K.mp4,Готовые проекты домов,00:01,"Проект дома №59-88K. Архитектурный обзор помогает быстро оценить проект со всех сторон. Все изображения получены непосредственно из карточки соответствующего проекта. Параметры проекта: площадь 234,32 м²; 2 этажа; габариты 12.4×15.3 м; материал — кирпич; стиль — современный. На сайте доступны все планы, характеристики и состав проектной документации.",https://catalog-plans.ru/catalog/59-88K?utm_source=pinterest&utm_medium=organic&utm_campaign=generated_premium_choice_video_batch_48&utm_content=pin_8969_59-88k_clean_floor_plans&utm_term=gotovye-proekty-domov,,"проект дома 59-88K, Готовые проекты домов, готовый проект дома, планировка дома, архитектура дома, фасады частного дома, поэтажные планы, фасады дома, catalog-plans.ru, дом 234,32 м², кирпич, современный"
Проект №47-97: архитектура в деталях,https://raw.githubusercontent.com/nemchenik/test/1ddeff2675df6722ac6e895b28109f9901890fbf/pinterest/generated_batch_48_premium_choice_video/47-97.mp4,Планировки загородных домов,00:01,"Проект дома №47-97. Ролик показывает визуализацию, реальную планировку и чертежи фасадов. Планы этажей помогают оценить расположение комнат и общую логику дома. Параметры проекта: площадь 436,6 м²; 2 этажа; габариты 23.98×27.28 м; материал — кирпич; стиль — современный. Перейдите к карточке дома и оцените характеристики выбранного проекта.",https://catalog-plans.ru/catalog/47-97?utm_source=pinterest&utm_medium=organic&utm_campaign=generated_premium_choice_video_batch_48&utm_content=pin_8970_47-97_graphite_facades&utm_term=planirovki-zagorodnyh-domov,,"проект дома 47-97, Планировки загородных домов, готовый проект дома, планировка дома, архитектура дома, фасады частного дома, поэтажные планы, фасады дома, catalog-plans.ru, дом 436,6 м², кирпич, современный"
Дом №58-92XKBL: готовое решение,https://raw.githubusercontent.com/nemchenik/test/1ddeff2675df6722ac6e895b28109f9901890fbf/pinterest/generated_batch_48_premium_choice_video/58-92XKBL.mp4,Красивые фасады домов,00:01,"Проект дома №58-92XKBL. Новый формат объединяет главные материалы карточки проекта в одном видео. Четыре фасада дают представление об архитектуре со всех сторон. Параметры проекта: площадь 154,73 м²; 2 этажа; габариты 10.58×11.58 м; материал — керамзитобетон; стиль — европейский. Сохраните вариант и сравните его с другими проектами из каталога.",https://catalog-plans.ru/catalog/58-92XKBL?utm_source=pinterest&utm_medium=organic&utm_campaign=generated_premium_choice_video_batch_48&utm_content=pin_8971_58-92xkbl_modern_architecture&utm_term=krasivye-fasady-domov,,"проект дома 58-92XKBL, Красивые фасады домов, готовый проект дома, планировка дома, архитектура дома, фасады частного дома, поэтажные планы, фасады дома, catalog-plans.ru, дом 154,73 м², керамзитобетон, европейский"
Проект №48-33: откройте все детали,https://raw.githubusercontent.com/nemchenik/test/1ddeff2675df6722ac6e895b28109f9901890fbf/pinterest/generated_batch_48_premium_choice_video/48-33.mp4,Архитектура частного дома,00:01,"Проект дома №48-33. В коротком видео собраны внешний вид дома, его планы и фасады. Проект случайным образом выбран из полного каталога catalog-plans.ru. Параметры проекта: площадь 345,86 м²; 2 этажа; габариты 13.79×21.1 м; материал — кирпич; стиль — европейский. Откройте проект, чтобы подробно рассмотреть помещения, размеры и фасады.",https://catalog-plans.ru/catalog/48-33?utm_source=pinterest&utm_medium=organic&utm_campaign=generated_premium_choice_video_batch_48&utm_content=pin_8972_48-33_premium_choice&utm_term=arhitektura-chastnogo-doma,,"проект дома 48-33, Архитектура частного дома, готовый проект дома, планировка дома, архитектура дома, фасады частного дома, поэтажные планы, фасады дома, catalog-plans.ru, дом 345,86 м², кирпич, европейский"
Дом №40-45BABK2: полный обзор проекта,https://raw.githubusercontent.com/nemchenik/test/1ddeff2675df6722ac6e895b28109f9901890fbf/pinterest/generated_batch_48_premium_choice_video/40-45BABK2.mp4,Готовые проекты домов,00:01,"Проект дома №40-45BABK2. Архитектурный обзор помогает быстро оценить проект со всех сторон. Все изображения получены непосредственно из карточки соответствующего проекта. Параметры проекта: площадь 464,14 м²; 3 этажа; габариты 16.7×12 м; материал — монолитный каркас. На сайте доступны все планы, характеристики и состав проектной документации.",https://catalog-plans.ru/catalog/40-45BABK2?utm_source=pinterest&utm_medium=organic&utm_campaign=generated_premium_choice_video_batch_48&utm_content=pin_8973_40-45babk2_clean_floor_plans&utm_term=gotovye-proekty-domov,,"проект дома 40-45BABK2, Готовые проекты домов, готовый проект дома, планировка дома, архитектура дома, фасады частного дома, поэтажные планы, фасады дома, catalog-plans.ru, дом 464,14 м², монолитный каркас"
Проект №57-15ABL: премиальный обзор,https://raw.githubusercontent.com/nemchenik/test/1ddeff2675df6722ac6e895b28109f9901890fbf/pinterest/generated_batch_48_premium_choice_video/57-15ABL.mp4,Планировки загородных домов,00:01,"Проект дома №57-15ABL. Ролик показывает визуализацию, реальную планировку и чертежи фасадов. Планы этажей помогают оценить расположение комнат и общую логику дома. Параметры проекта: площадь 292,82 м²; 3 этажа; габариты 11.04×15.29 м; материал — газобетон; стиль — европейский. Перейдите к карточке дома и оцените характеристики выбранного проекта.",https://catalog-plans.ru/catalog/57-15ABL?utm_source=pinterest&utm_medium=organic&utm_campaign=generated_premium_choice_video_batch_48&utm_content=pin_8974_57-15abl_graphite_facades&utm_term=planirovki-zagorodnyh-domov,,"проект дома 57-15ABL, Планировки загородных домов, готовый проект дома, планировка дома, архитектура дома, фасады частного дома, поэтажные планы, фасады дома, catalog-plans.ru, дом 292,82 м², газобетон, европейский"
Дом №64-28: пространство для жизни,https://raw.githubusercontent.com/nemchenik/test/1ddeff2675df6722ac6e895b28109f9901890fbf/pinterest/generated_batch_48_premium_choice_video/64-28.mp4,Проекты частных домов,00:01,"Проект дома №64-28. Новый формат объединяет главные материалы карточки проекта в одном видео. Четыре фасада дают представление об архитектуре со всех сторон. Параметры проекта: площадь 133,33 м²; 2 этажа; габариты 8.71×10.85 м; материал — газобетон; стиль — современный. Сохраните вариант и сравните его с другими проектами из каталога.",https://catalog-plans.ru/catalog/64-28?utm_source=pinterest&utm_medium=organic&utm_campaign=generated_premium_choice_video_batch_48&utm_content=pin_8975_64-28_modern_architecture&utm_term=proekty-chastnyh-domov,,"проект дома 64-28, Проекты частных домов, готовый проект дома, планировка дома, архитектура дома, фасады частного дома, поэтажные планы, фасады дома, catalog-plans.ru, дом 133,33 м², газобетон, современный"
Проект №49-10: архитектура в деталях,https://raw.githubusercontent.com/nemchenik/test/1ddeff2675df6722ac6e895b28109f9901890fbf/pinterest/generated_batch_48_premium_choice_video/49-10.mp4,Готовые проекты домов,00:01,"Проект дома №49-10. В коротком видео собраны внешний вид дома, его планы и фасады. Проект случайным образом выбран из полного каталога catalog-plans.ru. Параметры проекта: площадь 181,5 м²; 2 этажа; габариты 9×14.1 м; материал — газобетон. Откройте проект, чтобы подробно рассмотреть помещения, размеры и фасады.",https://catalog-plans.ru/catalog/49-10?utm_source=pinterest&utm_medium=organic&utm_campaign=generated_premium_choice_video_batch_48&utm_content=pin_8976_49-10_premium_choice&utm_term=gotovye-proekty-domov,,"проект дома 49-10, Готовые проекты домов, готовый проект дома, планировка дома, архитектура дома, фасады частного дома, поэтажные планы, фасады дома, catalog-plans.ru, дом 181,5 м², газобетон"
Дом №47-43: готовое решение,https://raw.githubusercontent.com/nemchenik/test/1ddeff2675df6722ac6e895b28109f9901890fbf/pinterest/generated_batch_48_premium_choice_video/47-43.mp4,Планировки загородных домов,00:01,"Проект дома №47-43. Архитектурный обзор помогает быстро оценить проект со всех сторон. Все изображения получены непосредственно из карточки соответствующего проекта. Параметры проекта: площадь 103,9 м²; 1 этаж; габариты 10.86×12.96 м; материал — кирпич; стиль — европейский. На сайте доступны все планы, характеристики и состав проектной документации.",https://catalog-plans.ru/catalog/47-43?utm_source=pinterest&utm_medium=organic&utm_campaign=generated_premium_choice_video_batch_48&utm_content=pin_8977_47-43_clean_floor_plans&utm_term=planirovki-zagorodnyh-domov,,"проект дома 47-43, Планировки загородных домов, готовый проект дома, планировка дома, архитектура дома, фасады частного дома, поэтажные планы, фасады дома, catalog-plans.ru, дом 103,9 м², кирпич, европейский"
Проект №61-22: откройте все детали,https://raw.githubusercontent.com/nemchenik/test/1ddeff2675df6722ac6e895b28109f9901890fbf/pinterest/generated_batch_48_premium_choice_video/61-22.mp4,Красивые фасады домов,00:01,"Проект дома №61-22. Ролик показывает визуализацию, реальную планировку и чертежи фасадов. Планы этажей помогают оценить расположение комнат и общую логику дома. Параметры проекта: площадь 170 м²; 2 этажа; габариты 9.3×10.8 м; материал — газобетон; стиль — европейский. Перейдите к карточке дома и оцените характеристики выбранного проекта.",https://catalog-plans.ru/catalog/61-22?utm_source=pinterest&utm_medium=organic&utm_campaign=generated_premium_choice_video_batch_48&utm_content=pin_8978_61-22_graphite_facades&utm_term=krasivye-fasady-domov,,"проект дома 61-22, Красивые фасады домов, готовый проект дома, планировка дома, архитектура дома, фасады частного дома, поэтажные планы, фасады дома, catalog-plans.ru, дом 170 м², газобетон, европейский"
Дом №58-27K: полный обзор проекта,https://raw.githubusercontent.com/nemchenik/test/1ddeff2675df6722ac6e895b28109f9901890fbf/pinterest/generated_batch_48_premium_choice_video/58-27K.mp4,Архитектура частного дома,00:01,"Проект дома №58-27K. Новый формат объединяет главные материалы карточки проекта в одном видео. Четыре фасада дают представление об архитектуре со всех сторон. Параметры проекта: площадь 159,42 м²; 2 этажа; габариты 11.14×13.21 м; материал — кирпич; стиль — современный. Сохраните вариант и сравните его с другими проектами из каталога.",https://catalog-plans.ru/catalog/58-27K?utm_source=pinterest&utm_medium=organic&utm_campaign=generated_premium_choice_video_batch_48&utm_content=pin_8979_58-27k_modern_architecture&utm_term=arhitektura-chastnogo-doma,,"проект дома 58-27K, Архитектура частного дома, готовый проект дома, планировка дома, архитектура дома, фасады частного дома, поэтажные планы, фасады дома, catalog-plans.ru, дом 159,42 м², кирпич, современный"
Проект №46-09K1L: премиальный обзор,https://raw.githubusercontent.com/nemchenik/test/1ddeff2675df6722ac6e895b28109f9901890fbf/pinterest/generated_batch_48_premium_choice_video/46-09K1L.mp4,Дома с планами и фасадами,00:01,"Проект дома №46-09K1L. В коротком видео собраны внешний вид дома, его планы и фасады. Проект случайным образом выбран из полного каталога catalog-plans.ru. Параметры проекта: площадь 151,8 м²; 1 этаж; габариты 14.55×18.48 м; материал — кирпич; стиль — стиль Райта. Откройте проект, чтобы подробно рассмотреть помещения, размеры и фасады.",https://catalog-plans.ru/catalog/46-09K1L?utm_source=pinterest&utm_medium=organic&utm_campaign=generated_premium_choice_video_batch_48&utm_content=pin_8980_46-09k1l_premium_choice&utm_term=doma-s-planami-i-fasadami,,"проект дома 46-09K1L, Дома с планами и фасадами, готовый проект дома, планировка дома, архитектура дома, фасады частного дома, поэтажные планы, фасады дома, catalog-plans.ru, дом 151,8 м², кирпич, стиль Райта"
Дом №32-62: пространство для жизни,https://raw.githubusercontent.com/nemchenik/test/1ddeff2675df6722ac6e895b28109f9901890fbf/pinterest/generated_batch_48_premium_choice_video/32-62.mp4,Двухэтажные проекты домов,00:01,"Проект дома №32-62. Архитектурный обзор помогает быстро оценить проект со всех сторон. Все изображения получены непосредственно из карточки соответствующего проекта. Параметры проекта: площадь 181,8 м²; 2 этажа; габариты 12.54×12.57 м; материал — кирпич; стиль — европейский. На сайте доступны все планы, характеристики и состав проектной документации.",https://catalog-plans.ru/catalog/32-62?utm_source=pinterest&utm_medium=organic&utm_campaign=generated_premium_choice_video_batch_48&utm_content=pin_8981_32-62_clean_floor_plans&utm_term=dvuhetazhnye-proekty-domov,,"проект дома 32-62, Двухэтажные проекты домов, готовый проект дома, планировка дома, архитектура дома, фасады частного дома, поэтажные планы, фасады дома, catalog-plans.ru, дом 181,8 м², кирпич, европейский"
Проект №47-67: архитектура в деталях,https://raw.githubusercontent.com/nemchenik/test/1ddeff2675df6722ac6e895b28109f9901890fbf/pinterest/generated_batch_48_premium_choice_video/47-67.mp4,Проекты частных домов,00:01,"Проект дома №47-67. Ролик показывает визуализацию, реальную планировку и чертежи фасадов. Планы этажей помогают оценить расположение комнат и общую логику дома. Параметры проекта: площадь 305,9 м²; 2 этажа; габариты 15.64×18.65 м; материал — кирпич. Перейдите к карточке дома и оцените характеристики выбранного проекта.",https://catalog-plans.ru/catalog/47-67?utm_source=pinterest&utm_medium=organic&utm_campaign=generated_premium_choice_video_batch_48&utm_content=pin_8982_47-67_graphite_facades&utm_term=proekty-chastnyh-domov,,"проект дома 47-67, Проекты частных домов, готовый проект дома, планировка дома, архитектура дома, фасады частного дома, поэтажные планы, фасады дома, catalog-plans.ru, дом 305,9 м², кирпич"
Дом №63-61: готовое решение,https://raw.githubusercontent.com/nemchenik/test/1ddeff2675df6722ac6e895b28109f9901890fbf/pinterest/generated_batch_48_premium_choice_video/63-61.mp4,Готовые проекты домов,00:01,"Проект дома №63-61. Новый формат объединяет главные материалы карточки проекта в одном видео. Четыре фасада дают представление об архитектуре со всех сторон. Параметры проекта: площадь 122,49 м²; 1 этаж; габариты 12.6×12.77 м; материал — газобетон; стиль — современный. Сохраните вариант и сравните его с другими проектами из каталога.",https://catalog-plans.ru/catalog/63-61?utm_source=pinterest&utm_medium=organic&utm_campaign=generated_premium_choice_video_batch_48&utm_content=pin_8983_63-61_modern_architecture&utm_term=gotovye-proekty-domov,,"проект дома 63-61, Готовые проекты домов, готовый проект дома, планировка дома, архитектура дома, фасады частного дома, поэтажные планы, фасады дома, catalog-plans.ru, дом 122,49 м², газобетон, современный"
Проект №40-11G2L: откройте все детали,https://raw.githubusercontent.com/nemchenik/test/1ddeff2675df6722ac6e895b28109f9901890fbf/pinterest/generated_batch_48_premium_choice_video/40-11G2L.mp4,Планировки загородных домов,00:01,"Проект дома №40-11G2L. В коротком видео собраны внешний вид дома, его планы и фасады. Проект случайным образом выбран из полного каталога catalog-plans.ru. Параметры проекта: площадь 245,45 м²; 2 этажа; габариты 13.84×14.88 м; материал — газобетон; стиль — европейский. Откройте проект, чтобы подробно рассмотреть помещения, размеры и фасады.",https://catalog-plans.ru/catalog/40-11G2L?utm_source=pinterest&utm_medium=organic&utm_campaign=generated_premium_choice_video_batch_48&utm_content=pin_8984_40-11g2l_premium_choice&utm_term=planirovki-zagorodnyh-domov,,"проект дома 40-11G2L, Планировки загородных домов, готовый проект дома, планировка дома, архитектура дома, фасады частного дома, поэтажные планы, фасады дома, catalog-plans.ru, дом 245,45 м², газобетон, европейский"
Дом №58-12AKL: полный обзор проекта,https://raw.githubusercontent.com/nemchenik/test/1ddeff2675df6722ac6e895b28109f9901890fbf/pinterest/generated_batch_48_premium_choice_video/58-12AKL.mp4,Красивые фасады домов,00:01,"Проект дома №58-12AKL. Архитектурный обзор помогает быстро оценить проект со всех сторон. Все изображения получены непосредственно из карточки соответствующего проекта. Параметры проекта: площадь 215 м²; 2 этажа; габариты 12.18×16.52 м; материал — кирпич; стиль — стиль Райта. На сайте доступны все планы, характеристики и состав проектной документации.",https://catalog-plans.ru/catalog/58-12AKL?utm_source=pinterest&utm_medium=organic&utm_campaign=generated_premium_choice_video_batch_48&utm_content=pin_8985_58-12akl_clean_floor_plans&utm_term=krasivye-fasady-domov,,"проект дома 58-12AKL, Красивые фасады домов, готовый проект дома, планировка дома, архитектура дома, фасады частного дома, поэтажные планы, фасады дома, catalog-plans.ru, дом 215 м², кирпич, стиль Райта"
Проект №45-64EGML: премиальный обзор,https://raw.githubusercontent.com/nemchenik/test/1ddeff2675df6722ac6e895b28109f9901890fbf/pinterest/generated_batch_48_premium_choice_video/45-64EGML.mp4,Архитектура частного дома,00:01,"Проект дома №45-64EGML. Ролик показывает визуализацию, реальную планировку и чертежи фасадов. Планы этажей помогают оценить расположение комнат и общую логику дома. Параметры проекта: площадь 397,34 м²; 2 этажа; габариты 16.61×21.9 м; материал — монолитный каркас; стиль — стиль Райта. Перейдите к карточке дома и оцените характеристики выбранного проекта.",https://catalog-plans.ru/catalog/45-64EGML?utm_source=pinterest&utm_medium=organic&utm_campaign=generated_premium_choice_video_batch_48&utm_content=pin_8986_45-64egml_graphite_facades&utm_term=arhitektura-chastnogo-doma,,"проект дома 45-64EGML, Архитектура частного дома, готовый проект дома, планировка дома, архитектура дома, фасады частного дома, поэтажные планы, фасады дома, catalog-plans.ru, дом 397,34 м², монолитный каркас, стиль Райта"
Дом №57-16K: пространство для жизни,https://raw.githubusercontent.com/nemchenik/test/1ddeff2675df6722ac6e895b28109f9901890fbf/pinterest/generated_batch_48_premium_choice_video/57-16K.mp4,Дома с планами и фасадами,00:01,"Проект дома №57-16K. Новый формат объединяет главные материалы карточки проекта в одном видео. Четыре фасада дают представление об архитектуре со всех сторон. Параметры проекта: площадь 158,14 м²; 2 этажа; габариты 10.15×14.15 м; материал — кирпич; стиль — европейский. Сохраните вариант и сравните его с другими проектами из каталога.",https://catalog-plans.ru/catalog/57-16K?utm_source=pinterest&utm_medium=organic&utm_campaign=generated_premium_choice_video_batch_48&utm_content=pin_8987_57-16k_modern_architecture&utm_term=doma-s-planami-i-fasadami,,"проект дома 57-16K, Дома с планами и фасадами, готовый проект дома, планировка дома, архитектура дома, фасады частного дома, поэтажные планы, фасады дома, catalog-plans.ru, дом 158,14 м², кирпич, европейский"
Проект №66-19: архитектура в деталях,https://raw.githubusercontent.com/nemchenik/test/1ddeff2675df6722ac6e895b28109f9901890fbf/pinterest/generated_batch_48_premium_choice_video/66-19.mp4,Двухэтажные проекты домов,00:01,"Проект дома №66-19. В коротком видео собраны внешний вид дома, его планы и фасады. Проект случайным образом выбран из полного каталога catalog-plans.ru. Параметры проекта: площадь 175,1 м²; 2 этажа; габариты 10.1×12.2 м; материал — газобетон; стиль — европейский. Откройте проект, чтобы подробно рассмотреть помещения, размеры и фасады.",https://catalog-plans.ru/catalog/66-19?utm_source=pinterest&utm_medium=organic&utm_campaign=generated_premium_choice_video_batch_48&utm_content=pin_8988_66-19_premium_choice&utm_term=dvuhetazhnye-proekty-domov,,"проект дома 66-19, Двухэтажные проекты домов, готовый проект дома, планировка дома, архитектура дома, фасады частного дома, поэтажные планы, фасады дома, catalog-plans.ru, дом 175,1 м², газобетон, европейский"
Дом №90-73L: готовое решение,https://raw.githubusercontent.com/nemchenik/test/1ddeff2675df6722ac6e895b28109f9901890fbf/pinterest/generated_batch_48_premium_choice_video/90-73L.mp4,Проекты частных домов,00:01,"Проект дома №90-73L. Архитектурный обзор помогает быстро оценить проект со всех сторон. Все изображения получены непосредственно из карточки соответствующего проекта. Параметры проекта: площадь 304,49 м²; 2 этажа; габариты 9×27.8 м; материал — газобетон. На сайте доступны все планы, характеристики и состав проектной документации.",https://catalog-plans.ru/catalog/90-73L?utm_source=pinterest&utm_medium=organic&utm_campaign=generated_premium_choice_video_batch_48&utm_content=pin_8989_90-73l_clean_floor_plans&utm_term=proekty-chastnyh-domov,,"проект дома 90-73L, Проекты частных домов, готовый проект дома, планировка дома, архитектура дома, фасады частного дома, поэтажные планы, фасады дома, catalog-plans.ru, дом 304,49 м², газобетон"
Проект №36-02: откройте все детали,https://raw.githubusercontent.com/nemchenik/test/1ddeff2675df6722ac6e895b28109f9901890fbf/pinterest/generated_batch_48_premium_choice_video/36-02.mp4,Готовые проекты домов,00:01,"Проект дома №36-02. Ролик показывает визуализацию, реальную планировку и чертежи фасадов. Планы этажей помогают оценить расположение комнат и общую логику дома. Параметры проекта: площадь 476,7 м²; 2 этажа; габариты 16.65×28.53 м; материал — кирпич. Перейдите к карточке дома и оцените характеристики выбранного проекта.",https://catalog-plans.ru/catalog/36-02?utm_source=pinterest&utm_medium=organic&utm_campaign=generated_premium_choice_video_batch_48&utm_content=pin_8990_36-02_graphite_facades&utm_term=gotovye-proekty-domov,,"проект дома 36-02, Готовые проекты домов, готовый проект дома, планировка дома, архитектура дома, фасады частного дома, поэтажные планы, фасады дома, catalog-plans.ru, дом 476,7 м², кирпич"
Дом №32-52: полный обзор проекта,https://raw.githubusercontent.com/nemchenik/test/1ddeff2675df6722ac6e895b28109f9901890fbf/pinterest/generated_batch_48_premium_choice_video/32-52.mp4,Готовые проекты домов,00:01,Проект дома №32-52. Новый формат объединяет главные материалы карточки проекта в одном видео. Четыре фасада дают представление об архитектуре со всех сторон. Параметры проекта: площадь 289 м²; 3 этажа; габариты 9×13.3 м; материал — кирпич. Сохраните вариант и сравните его с другими проектами из каталога.,https://catalog-plans.ru/catalog/32-52?utm_source=pinterest&utm_medium=organic&utm_campaign=generated_premium_choice_video_batch_48&utm_content=pin_8991_32-52_modern_architecture&utm_term=gotovye-proekty-domov,,"проект дома 32-52, Готовые проекты домов, готовый проект дома, планировка дома, архитектура дома, фасады частного дома, поэтажные планы, фасады дома, catalog-plans.ru, дом 289 м², кирпич"
Проект №46-89L: премиальный обзор,https://raw.githubusercontent.com/nemchenik/test/1ddeff2675df6722ac6e895b28109f9901890fbf/pinterest/generated_batch_48_premium_choice_video/46-89L.mp4,Красивые фасады домов,00:01,"Проект дома №46-89L. В коротком видео собраны внешний вид дома, его планы и фасады. Проект случайным образом выбран из полного каталога catalog-plans.ru. Параметры проекта: площадь 158,81 м²; 2 этажа; габариты 8.05×10 м; материал — кирпич; стиль — барнхаус. Откройте проект, чтобы подробно рассмотреть помещения, размеры и фасады.",https://catalog-plans.ru/catalog/46-89L?utm_source=pinterest&utm_medium=organic&utm_campaign=generated_premium_choice_video_batch_48&utm_content=pin_8992_46-89l_premium_choice&utm_term=krasivye-fasady-domov,,"проект дома 46-89L, Красивые фасады домов, готовый проект дома, планировка дома, архитектура дома, фасады частного дома, поэтажные планы, фасады дома, catalog-plans.ru, дом 158,81 м², кирпич, барнхаус"
Дом №54-63: пространство для жизни,https://raw.githubusercontent.com/nemchenik/test/1ddeff2675df6722ac6e895b28109f9901890fbf/pinterest/generated_batch_48_premium_choice_video/54-63.mp4,Архитектура частного дома,00:01,"Проект дома №54-63. Архитектурный обзор помогает быстро оценить проект со всех сторон. Все изображения получены непосредственно из карточки соответствующего проекта. Параметры проекта: площадь 244,1 м²; 2 этажа; габариты 12.3×14.1 м; материал — газобетон. На сайте доступны все планы, характеристики и состав проектной документации.",https://catalog-plans.ru/catalog/54-63?utm_source=pinterest&utm_medium=organic&utm_campaign=generated_premium_choice_video_batch_48&utm_content=pin_8993_54-63_clean_floor_plans&utm_term=arhitektura-chastnogo-doma,,"проект дома 54-63, Архитектура частного дома, готовый проект дома, планировка дома, архитектура дома, фасады частного дома, поэтажные планы, фасады дома, catalog-plans.ru, дом 244,1 м², газобетон"
Проект №64-20: архитектура в деталях,https://raw.githubusercontent.com/nemchenik/test/1ddeff2675df6722ac6e895b28109f9901890fbf/pinterest/generated_batch_48_premium_choice_video/64-20.mp4,Дома с планами и фасадами,00:01,"Проект дома №64-20. Ролик показывает визуализацию, реальную планировку и чертежи фасадов. Планы этажей помогают оценить расположение комнат и общую логику дома. Параметры проекта: площадь 182,46 м²; 2 этажа; габариты 11.3×11.63 м; материал — газобетон; стиль — современный. Перейдите к карточке дома и оцените характеристики выбранного проекта.",https://catalog-plans.ru/catalog/64-20?utm_source=pinterest&utm_medium=organic&utm_campaign=generated_premium_choice_video_batch_48&utm_content=pin_8994_64-20_graphite_facades&utm_term=doma-s-planami-i-fasadami,,"проект дома 64-20, Дома с планами и фасадами, готовый проект дома, планировка дома, архитектура дома, фасады частного дома, поэтажные планы, фасады дома, catalog-plans.ru, дом 182,46 м², газобетон, современный"
Дом №58-70ABAL: готовое решение,https://raw.githubusercontent.com/nemchenik/test/1ddeff2675df6722ac6e895b28109f9901890fbf/pinterest/generated_batch_48_premium_choice_video/58-70ABAL.mp4,Одноэтажные проекты домов,00:01,"Проект дома №58-70ABAL. Новый формат объединяет главные материалы карточки проекта в одном видео. Четыре фасада дают представление об архитектуре со всех сторон. Параметры проекта: площадь 164,73 м²; 1 этаж; габариты 12.4×19.3 м; материал — газобетон; стиль — шале. Сохраните вариант и сравните его с другими проектами из каталога.",https://catalog-plans.ru/catalog/58-70ABAL?utm_source=pinterest&utm_medium=organic&utm_campaign=generated_premium_choice_video_batch_48&utm_content=pin_8995_58-70abal_modern_architecture&utm_term=odnoetazhnye-proekty-domov,,"проект дома 58-70ABAL, Одноэтажные проекты домов, готовый проект дома, планировка дома, архитектура дома, фасады частного дома, поэтажные планы, фасады дома, catalog-plans.ru, дом 164,73 м², газобетон, шале"
Проект №64-01L: откройте все детали,https://raw.githubusercontent.com/nemchenik/test/1ddeff2675df6722ac6e895b28109f9901890fbf/pinterest/generated_batch_48_premium_choice_video/64-01L.mp4,Проекты частных домов,00:01,"Проект дома №64-01L. В коротком видео собраны внешний вид дома, его планы и фасады. Проект случайным образом выбран из полного каталога catalog-plans.ru. Параметры проекта: площадь 190,95 м²; 1 этаж; габариты 13.1×20.9 м; материал — газобетон; стиль — современный. Откройте проект, чтобы подробно рассмотреть помещения, размеры и фасады.",https://catalog-plans.ru/catalog/64-01L?utm_source=pinterest&utm_medium=organic&utm_campaign=generated_premium_choice_video_batch_48&utm_content=pin_8996_64-01l_premium_choice&utm_term=proekty-chastnyh-domov,,"проект дома 64-01L, Проекты частных домов, готовый проект дома, планировка дома, архитектура дома, фасады частного дома, поэтажные планы, фасады дома, catalog-plans.ru, дом 190,95 м², газобетон, современный"
Дом №48-29H: полный обзор проекта,https://raw.githubusercontent.com/nemchenik/test/1ddeff2675df6722ac6e895b28109f9901890fbf/pinterest/generated_batch_48_premium_choice_video/48-29H.mp4,Готовые проекты домов,00:01,"Проект дома №48-29H. Архитектурный обзор помогает быстро оценить проект со всех сторон. Все изображения получены непосредственно из карточки соответствующего проекта. Параметры проекта: площадь 320,17 м²; 2 этажа; габариты 13.92×24.32 м; материал — кирпич; стиль — европейский. На сайте доступны все планы, характеристики и состав проектной документации.",https://catalog-plans.ru/catalog/48-29H?utm_source=pinterest&utm_medium=organic&utm_campaign=generated_premium_choice_video_batch_48&utm_content=pin_8997_48-29h_clean_floor_plans&utm_term=gotovye-proekty-domov,,"проект дома 48-29H, Готовые проекты домов, готовый проект дома, планировка дома, архитектура дома, фасады частного дома, поэтажные планы, фасады дома, catalog-plans.ru, дом 320,17 м², кирпич, европейский"
Проект №57-79K: премиальный обзор,https://raw.githubusercontent.com/nemchenik/test/1ddeff2675df6722ac6e895b28109f9901890fbf/pinterest/generated_batch_48_premium_choice_video/57-79K.mp4,Планировки загородных домов,00:01,"Проект дома №57-79K. Ролик показывает визуализацию, реальную планировку и чертежи фасадов. Планы этажей помогают оценить расположение комнат и общую логику дома. Параметры проекта: площадь 179,48 м²; 2 этажа; габариты 10.06×12.43 м; материал — кирпич; стиль — современный. Перейдите к карточке дома и оцените характеристики выбранного проекта.",https://catalog-plans.ru/catalog/57-79K?utm_source=pinterest&utm_medium=organic&utm_campaign=generated_premium_choice_video_batch_48&utm_content=pin_8998_57-79k_graphite_facades&utm_term=planirovki-zagorodnyh-domov,,"проект дома 57-79K, Планировки загородных домов, готовый проект дома, планировка дома, архитектура дома, фасады частного дома, поэтажные планы, фасады дома, catalog-plans.ru, дом 179,48 м², кирпич, современный"
Дом №58-78ACK1L: пространство для жизни,https://raw.githubusercontent.com/nemchenik/test/1ddeff2675df6722ac6e895b28109f9901890fbf/pinterest/generated_batch_48_premium_choice_video/58-78ACK1L.mp4,Красивые фасады домов,00:01,"Проект дома №58-78ACK1L. Новый формат объединяет главные материалы карточки проекта в одном видео. Четыре фасада дают представление об архитектуре со всех сторон. Параметры проекта: площадь 390,8 м²; 2 этажа; габариты 13.7×15 м; материал — кирпич; стиль — европейский. Сохраните вариант и сравните его с другими проектами из каталога.",https://catalog-plans.ru/catalog/58-78ACK1L?utm_source=pinterest&utm_medium=organic&utm_campaign=generated_premium_choice_video_batch_48&utm_content=pin_8999_58-78ack1l_modern_architecture&utm_term=krasivye-fasady-domov,,"проект дома 58-78ACK1L, Красивые фасады домов, готовый проект дома, планировка дома, архитектура дома, фасады частного дома, поэтажные планы, фасады дома, catalog-plans.ru, дом 390,8 м², кирпич, европейский"
Проект №51-32: архитектура в деталях,https://raw.githubusercontent.com/nemchenik/test/1ddeff2675df6722ac6e895b28109f9901890fbf/pinterest/generated_batch_48_premium_choice_video/51-32.mp4,Архитектура частного дома,00:01,"Проект дома №51-32. В коротком видео собраны внешний вид дома, его планы и фасады. Проект случайным образом выбран из полного каталога catalog-plans.ru. Параметры проекта: площадь 202,8 м²; 2 этажа; габариты 10.8×15.8 м; материал — газобетон; стиль — современный. Откройте проект, чтобы подробно рассмотреть помещения, размеры и фасады.",https://catalog-plans.ru/catalog/51-32?utm_source=pinterest&utm_medium=organic&utm_campaign=generated_premium_choice_video_batch_48&utm_content=pin_9000_51-32_premium_choice&utm_term=arhitektura-chastnogo-doma,,"проект дома 51-32, Архитектура частного дома, готовый проект дома, планировка дома, архитектура дома, фасады частного дома, поэтажные планы, фасады дома, catalog-plans.ru, дом 202,8 м², газобетон, современный"
Дом №59-79B: готовое решение,https://raw.githubusercontent.com/nemchenik/test/1ddeff2675df6722ac6e895b28109f9901890fbf/pinterest/generated_batch_48_premium_choice_video/59-79B.mp4,Дома с планами и фасадами,00:01,"Проект дома №59-79B. Архитектурный обзор помогает быстро оценить проект со всех сторон. Все изображения получены непосредственно из карточки соответствующего проекта. Параметры проекта: площадь 143,58 м²; 2 этажа; габариты 10×10 м; материал — газобетон; стиль — современный. На сайте доступны все планы, характеристики и состав проектной документации.",https://catalog-plans.ru/catalog/59-79B?utm_source=pinterest&utm_medium=organic&utm_campaign=generated_premium_choice_video_batch_48&utm_content=pin_9001_59-79b_clean_floor_plans&utm_term=doma-s-planami-i-fasadami,,"проект дома 59-79B, Дома с планами и фасадами, готовый проект дома, планировка дома, архитектура дома, фасады частного дома, поэтажные планы, фасады дома, catalog-plans.ru, дом 143,58 м², газобетон, современный"
Проект №62-70A: откройте все детали,https://raw.githubusercontent.com/nemchenik/test/1ddeff2675df6722ac6e895b28109f9901890fbf/pinterest/generated_batch_48_premium_choice_video/62-70A.mp4,Двухэтажные проекты домов,00:01,"Проект дома №62-70A. Ролик показывает визуализацию, реальную планировку и чертежи фасадов. Планы этажей помогают оценить расположение комнат и общую логику дома. Параметры проекта: площадь 140,24 м²; 2 этажа; габариты 10.05×11.18 м; материал — газобетон. Перейдите к карточке дома и оцените характеристики выбранного проекта.",https://catalog-plans.ru/catalog/62-70A?utm_source=pinterest&utm_medium=organic&utm_campaign=generated_premium_choice_video_batch_48&utm_content=pin_9002_62-70a_graphite_facades&utm_term=dvuhetazhnye-proekty-domov,,"проект дома 62-70A, Двухэтажные проекты домов, готовый проект дома, планировка дома, архитектура дома, фасады частного дома, поэтажные планы, фасады дома, catalog-plans.ru, дом 140,24 м², газобетон"
Дом №45-24AG: полный обзор проекта,https://raw.githubusercontent.com/nemchenik/test/1ddeff2675df6722ac6e895b28109f9901890fbf/pinterest/generated_batch_48_premium_choice_video/45-24AG.mp4,Проекты частных домов,00:01,"Проект дома №45-24AG. Новый формат объединяет главные материалы карточки проекта в одном видео. Четыре фасада дают представление об архитектуре со всех сторон. Параметры проекта: площадь 334,37 м²; 2 этажа; габариты 12×17 м; материал — газобетон; стиль — хай-тек. Сохраните вариант и сравните его с другими проектами из каталога.",https://catalog-plans.ru/catalog/45-24AG?utm_source=pinterest&utm_medium=organic&utm_campaign=generated_premium_choice_video_batch_48&utm_content=pin_9003_45-24ag_modern_architecture&utm_term=proekty-chastnyh-domov,,"проект дома 45-24AG, Проекты частных домов, готовый проект дома, планировка дома, архитектура дома, фасады частного дома, поэтажные планы, фасады дома, catalog-plans.ru, дом 334,37 м², газобетон, хай-тек"
Проект №35-92: премиальный обзор,https://raw.githubusercontent.com/nemchenik/test/1ddeff2675df6722ac6e895b28109f9901890fbf/pinterest/generated_batch_48_premium_choice_video/35-92.mp4,Готовые проекты домов,00:01,"Проект дома №35-92. В коротком видео собраны внешний вид дома, его планы и фасады. Проект случайным образом выбран из полного каталога catalog-plans.ru. Параметры проекта: площадь 181,6 м²; 2 этажа; габариты 7.14×15.41 м; материал — кирпич; стиль — английский. Откройте проект, чтобы подробно рассмотреть помещения, размеры и фасады.",https://catalog-plans.ru/catalog/35-92?utm_source=pinterest&utm_medium=organic&utm_campaign=generated_premium_choice_video_batch_48&utm_content=pin_9004_35-92_premium_choice&utm_term=gotovye-proekty-domov,,"проект дома 35-92, Готовые проекты домов, готовый проект дома, планировка дома, архитектура дома, фасады частного дома, поэтажные планы, фасады дома, catalog-plans.ru, дом 181,6 м², кирпич, английский"
Дом №52-90: пространство для жизни,https://raw.githubusercontent.com/nemchenik/test/1ddeff2675df6722ac6e895b28109f9901890fbf/pinterest/generated_batch_48_premium_choice_video/52-90.mp4,Планировки загородных домов,00:01,"Проект дома №52-90. Архитектурный обзор помогает быстро оценить проект со всех сторон. Все изображения получены непосредственно из карточки соответствующего проекта. Параметры проекта: площадь 277 м²; 2 этажа; габариты 10.7×13.8 м; материал — газобетон; стиль — европейский. На сайте доступны все планы, характеристики и состав проектной документации.",https://catalog-plans.ru/catalog/52-90?utm_source=pinterest&utm_medium=organic&utm_campaign=generated_premium_choice_video_batch_48&utm_content=pin_9005_52-90_clean_floor_plans&utm_term=planirovki-zagorodnyh-domov,,"проект дома 52-90, Планировки загородных домов, готовый проект дома, планировка дома, архитектура дома, фасады частного дома, поэтажные планы, фасады дома, catalog-plans.ru, дом 277 м², газобетон, европейский"
Проект №15-20: архитектура в деталях,https://raw.githubusercontent.com/nemchenik/test/1ddeff2675df6722ac6e895b28109f9901890fbf/pinterest/generated_batch_48_premium_choice_video/15-20.mp4,Красивые фасады домов,00:01,"Проект дома №15-20. Ролик показывает визуализацию, реальную планировку и чертежи фасадов. Планы этажей помогают оценить расположение комнат и общую логику дома. Параметры проекта: площадь 148,7 м²; 1 этаж; габариты 12.55×19.55 м; материал — газобетон; стиль — европейский. Перейдите к карточке дома и оцените характеристики выбранного проекта.",https://catalog-plans.ru/catalog/15-20?utm_source=pinterest&utm_medium=organic&utm_campaign=generated_premium_choice_video_batch_48&utm_content=pin_9006_15-20_graphite_facades&utm_term=krasivye-fasady-domov,,"проект дома 15-20, Красивые фасады домов, готовый проект дома, планировка дома, архитектура дома, фасады частного дома, поэтажные планы, фасады дома, catalog-plans.ru, дом 148,7 м², газобетон, европейский"
Дом №57-63AE: готовое решение,https://raw.githubusercontent.com/nemchenik/test/1ddeff2675df6722ac6e895b28109f9901890fbf/pinterest/generated_batch_48_premium_choice_video/57-63AE.mp4,Архитектура частного дома,00:01,"Проект дома №57-63AE. Новый формат объединяет главные материалы карточки проекта в одном видео. Четыре фасада дают представление об архитектуре со всех сторон. Параметры проекта: площадь 177,96 м²; 2 этажа; габариты 9.7×18.4 м; материал — газобетон; стиль — европейский. Сохраните вариант и сравните его с другими проектами из каталога.",https://catalog-plans.ru/catalog/57-63AE?utm_source=pinterest&utm_medium=organic&utm_campaign=generated_premium_choice_video_batch_48&utm_content=pin_9007_57-63ae_modern_architecture&utm_term=arhitektura-chastnogo-doma,,"проект дома 57-63AE, Архитектура частного дома, готовый проект дома, планировка дома, архитектура дома, фасады частного дома, поэтажные планы, фасады дома, catalog-plans.ru, дом 177,96 м², газобетон, европейский"
Проект №58-12KL: откройте все детали,https://raw.githubusercontent.com/nemchenik/test/1ddeff2675df6722ac6e895b28109f9901890fbf/pinterest/generated_batch_48_premium_choice_video/58-12KL.mp4,Дома с планами и фасадами,00:01,"Проект дома №58-12KL. В коротком видео собраны внешний вид дома, его планы и фасады. Проект случайным образом выбран из полного каталога catalog-plans.ru. Параметры проекта: площадь 187,95 м²; 2 этажа; габариты 12.18×15.18 м; материал — кирпич; стиль — стиль Райта. Откройте проект, чтобы подробно рассмотреть помещения, размеры и фасады.",https://catalog-plans.ru/catalog/58-12KL?utm_source=pinterest&utm_medium=organic&utm_campaign=generated_premium_choice_video_batch_48&utm_content=pin_9008_58-12kl_premium_choice&utm_term=doma-s-planami-i-fasadami,,"проект дома 58-12KL, Дома с планами и фасадами, готовый проект дома, планировка дома, архитектура дома, фасады частного дома, поэтажные планы, фасады дома, catalog-plans.ru, дом 187,95 м², кирпич, стиль Райта"
Дом №63-27L: полный обзор проекта,https://raw.githubusercontent.com/nemchenik/test/1ddeff2675df6722ac6e895b28109f9901890fbf/pinterest/generated_batch_48_premium_choice_video/63-27L.mp4,Двухэтажные проекты домов,00:01,"Проект дома №63-27L. Архитектурный обзор помогает быстро оценить проект со всех сторон. Все изображения получены непосредственно из карточки соответствующего проекта. Параметры проекта: площадь 146,06 м²; 2 этажа; габариты 9.56×11.01 м; материал — газобетон; стиль — американский. На сайте доступны все планы, характеристики и состав проектной документации.",https://catalog-plans.ru/catalog/63-27L?utm_source=pinterest&utm_medium=organic&utm_campaign=generated_premium_choice_video_batch_48&utm_content=pin_9009_63-27l_clean_floor_plans&utm_term=dvuhetazhnye-proekty-domov,,"проект дома 63-27L, Двухэтажные проекты домов, готовый проект дома, планировка дома, архитектура дома, фасады частного дома, поэтажные планы, фасады дома, catalog-plans.ru, дом 146,06 м², газобетон, американский"
Проект №45-64ZDAGL: премиальный обзор,https://raw.githubusercontent.com/nemchenik/test/1ddeff2675df6722ac6e895b28109f9901890fbf/pinterest/generated_batch_48_premium_choice_video/45-64ZDAGL.mp4,Проекты частных домов,00:01,"Проект дома №45-64ZDAGL. Ролик показывает визуализацию, реальную планировку и чертежи фасадов. Планы этажей помогают оценить расположение комнат и общую логику дома. Параметры проекта: площадь 370,91 м²; 2 этажа; габариты 14.19×19.9 м; материал — газобетон; стиль — стиль Райта. Перейдите к карточке дома и оцените характеристики выбранного проекта.",https://catalog-plans.ru/catalog/45-64ZDAGL?utm_source=pinterest&utm_medium=organic&utm_campaign=generated_premium_choice_video_batch_48&utm_content=pin_9010_45-64zdagl_graphite_facades&utm_term=proekty-chastnyh-domov,,"проект дома 45-64ZDAGL, Проекты частных домов, готовый проект дома, планировка дома, архитектура дома, фасады частного дома, поэтажные планы, фасады дома, catalog-plans.ru, дом 370,91 м², газобетон, стиль Райта"
Дом №62-38BA: пространство для жизни,https://raw.githubusercontent.com/nemchenik/test/1ddeff2675df6722ac6e895b28109f9901890fbf/pinterest/generated_batch_48_premium_choice_video/62-38BA.mp4,Готовые проекты домов,00:01,"Проект дома №62-38BA. Новый формат объединяет главные материалы карточки проекта в одном видео. Четыре фасада дают представление об архитектуре со всех сторон. Параметры проекта: площадь 379,96 м²; 2 этажа; габариты 17.21×27.35 м; материал — газобетон; стиль — шале. Сохраните вариант и сравните его с другими проектами из каталога.",https://catalog-plans.ru/catalog/62-38BA?utm_source=pinterest&utm_medium=organic&utm_campaign=generated_premium_choice_video_batch_48&utm_content=pin_9011_62-38ba_modern_architecture&utm_term=gotovye-proekty-domov,,"проект дома 62-38BA, Готовые проекты домов, готовый проект дома, планировка дома, архитектура дома, фасады частного дома, поэтажные планы, фасады дома, catalog-plans.ru, дом 379,96 м², газобетон, шале"
Проект №62-38AFBK2L: архитектура в деталях,https://raw.githubusercontent.com/nemchenik/test/1ddeff2675df6722ac6e895b28109f9901890fbf/pinterest/generated_batch_48_premium_choice_video/62-38AFBK2L.mp4,Планировки загородных домов,00:01,"Проект дома №62-38AFBK2L. В коротком видео собраны внешний вид дома, его планы и фасады. Проект случайным образом выбран из полного каталога catalog-plans.ru. Параметры проекта: площадь 265,23 м²; 2 этажа; габариты 13.3×17.9 м; материал — кирпич; стиль — шале. Откройте проект, чтобы подробно рассмотреть помещения, размеры и фасады.",https://catalog-plans.ru/catalog/62-38AFBK2L?utm_source=pinterest&utm_medium=organic&utm_campaign=generated_premium_choice_video_batch_48&utm_content=pin_9012_62-38afbk2l_premium_choice&utm_term=planirovki-zagorodnyh-domov,,"проект дома 62-38AFBK2L, Планировки загородных домов, готовый проект дома, планировка дома, архитектура дома, фасады частного дома, поэтажные планы, фасады дома, catalog-plans.ru, дом 265,23 м², кирпич, шале"
Дом №63-42E: готовое решение,https://raw.githubusercontent.com/nemchenik/test/1ddeff2675df6722ac6e895b28109f9901890fbf/pinterest/generated_batch_48_premium_choice_video/63-42E.mp4,Красивые фасады домов,00:01,"Проект дома №63-42E. Архитектурный обзор помогает быстро оценить проект со всех сторон. Все изображения получены непосредственно из карточки соответствующего проекта. Параметры проекта: площадь 160,42 м²; 2 этажа; габариты 8.36×11.06 м; материал — газобетон; стиль — хай-тек. На сайте доступны все планы, характеристики и состав проектной документации.",https://catalog-plans.ru/catalog/63-42E?utm_source=pinterest&utm_medium=organic&utm_campaign=generated_premium_choice_video_batch_48&utm_content=pin_9013_63-42e_clean_floor_plans&utm_term=krasivye-fasady-domov,,"проект дома 63-42E, Красивые фасады домов, готовый проект дома, планировка дома, архитектура дома, фасады частного дома, поэтажные планы, фасады дома, catalog-plans.ru, дом 160,42 м², газобетон, хай-тек"
Проект №61-15: откройте все детали,https://raw.githubusercontent.com/nemchenik/test/1ddeff2675df6722ac6e895b28109f9901890fbf/pinterest/generated_batch_48_premium_choice_video/61-15.mp4,Архитектура частного дома,00:01,"Проект дома №61-15. Ролик показывает визуализацию, реальную планировку и чертежи фасадов. Планы этажей помогают оценить расположение комнат и общую логику дома. Параметры проекта: площадь 300,7 м²; 2 этажа; габариты 10.45×14.15 м; материал — газобетон; стиль — стиль Райта. Перейдите к карточке дома и оцените характеристики выбранного проекта.",https://catalog-plans.ru/catalog/61-15?utm_source=pinterest&utm_medium=organic&utm_campaign=generated_premium_choice_video_batch_48&utm_content=pin_9014_61-15_graphite_facades&utm_term=arhitektura-chastnogo-doma,,"проект дома 61-15, Архитектура частного дома, готовый проект дома, планировка дома, архитектура дома, фасады частного дома, поэтажные планы, фасады дома, catalog-plans.ru, дом 300,7 м², газобетон, стиль Райта"
Дом №59-72: полный обзор проекта,https://raw.githubusercontent.com/nemchenik/test/1ddeff2675df6722ac6e895b28109f9901890fbf/pinterest/generated_batch_48_premium_choice_video/59-72.mp4,Дома с планами и фасадами,00:01,"Проект дома №59-72. Новый формат объединяет главные материалы карточки проекта в одном видео. Четыре фасада дают представление об архитектуре со всех сторон. Параметры проекта: площадь 139,6 м²; 2 этажа; габариты 12.76×13.11 м; материал — газобетон; стиль — скандинавский. Сохраните вариант и сравните его с другими проектами из каталога.",https://catalog-plans.ru/catalog/59-72?utm_source=pinterest&utm_medium=organic&utm_campaign=generated_premium_choice_video_batch_48&utm_content=pin_9015_59-72_modern_architecture&utm_term=doma-s-planami-i-fasadami,,"проект дома 59-72, Дома с планами и фасадами, готовый проект дома, планировка дома, архитектура дома, фасады частного дома, поэтажные планы, фасады дома, catalog-plans.ru, дом 139,6 м², газобетон, скандинавский"
Проект №45-64NHAEKL: премиальный обзор,https://raw.githubusercontent.com/nemchenik/test/1ddeff2675df6722ac6e895b28109f9901890fbf/pinterest/generated_batch_48_premium_choice_video/45-64NHAEKL.mp4,Двухэтажные проекты домов,00:01,"Проект дома №45-64NHAEKL. В коротком видео собраны внешний вид дома, его планы и фасады. Проект случайным образом выбран из полного каталога catalog-plans.ru. Параметры проекта: площадь 202,61 м²; 2 этажа; габариты 12.25×12.62 м; материал — кирпич; стиль — стиль Райта. Откройте проект, чтобы подробно рассмотреть помещения, размеры и фасады.",https://catalog-plans.ru/catalog/45-64NHAEKL?utm_source=pinterest&utm_medium=organic&utm_campaign=generated_premium_choice_video_batch_48&utm_content=pin_9016_45-64nhaekl_premium_choice&utm_term=dvuhetazhnye-proekty-domov,,"проект дома 45-64NHAEKL, Двухэтажные проекты домов, готовый проект дома, планировка дома, архитектура дома, фасады частного дома, поэтажные планы, фасады дома, catalog-plans.ru, дом 202,61 м², кирпич, стиль Райта"
Дом №58-79AL: пространство для жизни,https://raw.githubusercontent.com/nemchenik/test/1ddeff2675df6722ac6e895b28109f9901890fbf/pinterest/generated_batch_48_premium_choice_video/58-79AL.mp4,Проекты частных домов,00:01,"Проект дома №58-79AL. Архитектурный обзор помогает быстро оценить проект со всех сторон. Все изображения получены непосредственно из карточки соответствующего проекта. Параметры проекта: площадь 145,65 м²; 2 этажа; габариты 9.6×11.85 м; материал — газобетон; стиль — европейский. На сайте доступны все планы, характеристики и состав проектной документации.",https://catalog-plans.ru/catalog/58-79AL?utm_source=pinterest&utm_medium=organic&utm_campaign=generated_premium_choice_video_batch_48&utm_content=pin_9017_58-79al_clean_floor_plans&utm_term=proekty-chastnyh-domov,,"проект дома 58-79AL, Проекты частных домов, готовый проект дома, планировка дома, архитектура дома, фасады частного дома, поэтажные планы, фасады дома, catalog-plans.ru, дом 145,65 м², газобетон, европейский"
Проект №45-29AG: архитектура в деталях,https://raw.githubusercontent.com/nemchenik/test/1ddeff2675df6722ac6e895b28109f9901890fbf/pinterest/generated_batch_48_premium_choice_video/45-29AG.mp4,Готовые проекты домов,00:01,"Проект дома №45-29AG. Ролик показывает визуализацию, реальную планировку и чертежи фасадов. Планы этажей помогают оценить расположение комнат и общую логику дома. Параметры проекта: площадь 150,94 м²; 1 этаж; габариты 13.2×14.45 м; материал — газобетон; стиль — европейский. Перейдите к карточке дома и оцените характеристики выбранного проекта.",https://catalog-plans.ru/catalog/45-29AG?utm_source=pinterest&utm_medium=organic&utm_campaign=generated_premium_choice_video_batch_48&utm_content=pin_9018_45-29ag_graphite_facades&utm_term=gotovye-proekty-domov,,"проект дома 45-29AG, Готовые проекты домов, готовый проект дома, планировка дома, архитектура дома, фасады частного дома, поэтажные планы, фасады дома, catalog-plans.ru, дом 150,94 м², газобетон, европейский"
Дом №51-22: готовое решение,https://raw.githubusercontent.com/nemchenik/test/1ddeff2675df6722ac6e895b28109f9901890fbf/pinterest/generated_batch_48_premium_choice_video/51-22.mp4,Планировки загородных домов,00:01,Проект дома №51-22. Новый формат объединяет главные материалы карточки проекта в одном видео. Четыре фасада дают представление об архитектуре со всех сторон. Параметры проекта: площадь 292 м²; 2 этажа; габариты 10.26×14.16 м; материал — газобетон; стиль — американский. Сохраните вариант и сравните его с другими проектами из каталога.,https://catalog-plans.ru/catalog/51-22?utm_source=pinterest&utm_medium=organic&utm_campaign=generated_premium_choice_video_batch_48&utm_content=pin_9019_51-22_modern_architecture&utm_term=planirovki-zagorodnyh-domov,,"проект дома 51-22, Планировки загородных домов, готовый проект дома, планировка дома, архитектура дома, фасады частного дома, поэтажные планы, фасады дома, catalog-plans.ru, дом 292 м², газобетон, американский"
Проект №57-09: откройте все детали,https://raw.githubusercontent.com/nemchenik/test/1ddeff2675df6722ac6e895b28109f9901890fbf/pinterest/generated_batch_48_premium_choice_video/57-09.mp4,Красивые фасады домов,00:01,"Проект дома №57-09. В коротком видео собраны внешний вид дома, его планы и фасады. Проект случайным образом выбран из полного каталога catalog-plans.ru. Параметры проекта: площадь 181,15 м²; 2 этажа; габариты 10.15×14.15 м; материал — газобетон; стиль — скандинавский. Откройте проект, чтобы подробно рассмотреть помещения, размеры и фасады.",https://catalog-plans.ru/catalog/57-09?utm_source=pinterest&utm_medium=organic&utm_campaign=generated_premium_choice_video_batch_48&utm_content=pin_9020_57-09_premium_choice&utm_term=krasivye-fasady-domov,,"проект дома 57-09, Красивые фасады домов, готовый проект дома, планировка дома, архитектура дома, фасады частного дома, поэтажные планы, фасады дома, catalog-plans.ru, дом 181,15 м², газобетон, скандинавский"
Дом №57-74TK2L: полный обзор проекта,https://raw.githubusercontent.com/nemchenik/test/1ddeff2675df6722ac6e895b28109f9901890fbf/pinterest/generated_batch_48_premium_choice_video/57-74TK2L.mp4,Готовые проекты домов,00:01,"Проект дома №57-74TK2L. Архитектурный обзор помогает быстро оценить проект со всех сторон. Все изображения получены непосредственно из карточки соответствующего проекта. Параметры проекта: площадь 452,29 м²; 3 этажа; габариты 15.56×20.59 м; материал — кирпич; стиль — европейский. На сайте доступны все планы, характеристики и состав проектной документации.",https://catalog-plans.ru/catalog/57-74TK2L?utm_source=pinterest&utm_medium=organic&utm_campaign=generated_premium_choice_video_batch_48&utm_content=pin_9021_57-74tk2l_clean_floor_plans&utm_term=gotovye-proekty-domov,,"проект дома 57-74TK2L, Готовые проекты домов, готовый проект дома, планировка дома, архитектура дома, фасады частного дома, поэтажные планы, фасады дома, catalog-plans.ru, дом 452,29 м², кирпич, европейский"
Проект №48-20EG: премиальный обзор,https://raw.githubusercontent.com/nemchenik/test/1ddeff2675df6722ac6e895b28109f9901890fbf/pinterest/generated_batch_48_premium_choice_video/48-20EG.mp4,Дома с планами и фасадами,00:01,"Проект дома №48-20EG. Ролик показывает визуализацию, реальную планировку и чертежи фасадов. Планы этажей помогают оценить расположение комнат и общую логику дома. Параметры проекта: площадь 164,74 м²; 2 этажа; габариты 13.28×18.06 м; материал — газобетон; стиль — современный. Перейдите к карточке дома и оцените характеристики выбранного проекта.",https://catalog-plans.ru/catalog/48-20EG?utm_source=pinterest&utm_medium=organic&utm_campaign=generated_premium_choice_video_batch_48&utm_content=pin_9022_48-20eg_graphite_facades&utm_term=doma-s-planami-i-fasadami,,"проект дома 48-20EG, Дома с планами и фасадами, готовый проект дома, планировка дома, архитектура дома, фасады частного дома, поэтажные планы, фасады дома, catalog-plans.ru, дом 164,74 м², газобетон, современный"
Дом №58-87FKL: пространство для жизни,https://raw.githubusercontent.com/nemchenik/test/1ddeff2675df6722ac6e895b28109f9901890fbf/pinterest/generated_batch_48_premium_choice_video/58-87FKL.mp4,Двухэтажные проекты домов,00:01,"Проект дома №58-87FKL. Новый формат объединяет главные материалы карточки проекта в одном видео. Четыре фасада дают представление об архитектуре со всех сторон. Параметры проекта: площадь 207,44 м²; 2 этажа; габариты 11.98×13.66 м; материал — кирпич; стиль — стиль Райта. Сохраните вариант и сравните его с другими проектами из каталога.",https://catalog-plans.ru/catalog/58-87FKL?utm_source=pinterest&utm_medium=organic&utm_campaign=generated_premium_choice_video_batch_48&utm_content=pin_9023_58-87fkl_modern_architecture&utm_term=dvuhetazhnye-proekty-domov,,"проект дома 58-87FKL, Двухэтажные проекты домов, готовый проект дома, планировка дома, архитектура дома, фасады частного дома, поэтажные планы, фасады дома, catalog-plans.ru, дом 207,44 м², кирпич, стиль Райта"
Проект №48-24W: архитектура в деталях,https://raw.githubusercontent.com/nemchenik/test/1ddeff2675df6722ac6e895b28109f9901890fbf/pinterest/generated_batch_48_premium_choice_video/48-24W.mp4,Проекты частных домов,00:01,"Проект дома №48-24W. В коротком видео собраны внешний вид дома, его планы и фасады. Проект случайным образом выбран из полного каталога catalog-plans.ru. Параметры проекта: площадь 276,02 м²; 2 этажа; габариты 15.91×16.72 м; материал — кирпич; стиль — современный. Откройте проект, чтобы подробно рассмотреть помещения, размеры и фасады.",https://catalog-plans.ru/catalog/48-24W?utm_source=pinterest&utm_medium=organic&utm_campaign=generated_premium_choice_video_batch_48&utm_content=pin_9024_48-24w_premium_choice&utm_term=proekty-chastnyh-domov,,"проект дома 48-24W, Проекты частных домов, готовый проект дома, планировка дома, архитектура дома, фасады частного дома, поэтажные планы, фасады дома, catalog-plans.ru, дом 276,02 м², кирпич, современный"
Дом №33-05: готовое решение,https://raw.githubusercontent.com/nemchenik/test/1ddeff2675df6722ac6e895b28109f9901890fbf/pinterest/generated_batch_48_premium_choice_video/33-05.mp4,Готовые проекты домов,00:01,"Проект дома №33-05. Архитектурный обзор помогает быстро оценить проект со всех сторон. Все изображения получены непосредственно из карточки соответствующего проекта. Параметры проекта: площадь 158,6 м²; 2 этажа; габариты 10.09×10.63 м; материал — кирпич; стиль — современный. На сайте доступны все планы, характеристики и состав проектной документации.",https://catalog-plans.ru/catalog/33-05?utm_source=pinterest&utm_medium=organic&utm_campaign=generated_premium_choice_video_batch_48&utm_content=pin_9025_33-05_clean_floor_plans&utm_term=gotovye-proekty-domov,,"проект дома 33-05, Готовые проекты домов, готовый проект дома, планировка дома, архитектура дома, фасады частного дома, поэтажные планы, фасады дома, catalog-plans.ru, дом 158,6 м², кирпич, современный"
Проект №45-08DAG: откройте все детали,https://raw.githubusercontent.com/nemchenik/test/1ddeff2675df6722ac6e895b28109f9901890fbf/pinterest/generated_batch_48_premium_choice_video/45-08DAG.mp4,Планировки загородных домов,00:01,"Проект дома №45-08DAG. Ролик показывает визуализацию, реальную планировку и чертежи фасадов. Планы этажей помогают оценить расположение комнат и общую логику дома. Параметры проекта: площадь 211,63 м²; 1 этаж; габариты 16.5×19.1 м; материал — газобетон; стиль — современный. Перейдите к карточке дома и оцените характеристики выбранного проекта.",https://catalog-plans.ru/catalog/45-08DAG?utm_source=pinterest&utm_medium=organic&utm_campaign=generated_premium_choice_video_batch_48&utm_content=pin_9026_45-08dag_graphite_facades&utm_term=planirovki-zagorodnyh-domov,,"проект дома 45-08DAG, Планировки загородных домов, готовый проект дома, планировка дома, архитектура дома, фасады частного дома, поэтажные планы, фасады дома, catalog-plans.ru, дом 211,63 м², газобетон, современный"
Дом №40-71BBGL: полный обзор проекта,https://raw.githubusercontent.com/nemchenik/test/1ddeff2675df6722ac6e895b28109f9901890fbf/pinterest/generated_batch_48_premium_choice_video/40-71BBGL.mp4,Красивые фасады домов,00:01,"Проект дома №40-71BBGL. Новый формат объединяет главные материалы карточки проекта в одном видео. Четыре фасада дают представление об архитектуре со всех сторон. Параметры проекта: площадь 176,09 м²; 2 этажа; габариты 9.3×14.4 м; материал — газобетон; стиль — скандинавский. Сохраните вариант и сравните его с другими проектами из каталога.",https://catalog-plans.ru/catalog/40-71BBGL?utm_source=pinterest&utm_medium=organic&utm_campaign=generated_premium_choice_video_batch_48&utm_content=pin_9027_40-71bbgl_modern_architecture&utm_term=krasivye-fasady-domov,,"проект дома 40-71BBGL, Красивые фасады домов, готовый проект дома, планировка дома, архитектура дома, фасады частного дома, поэтажные планы, фасады дома, catalog-plans.ru, дом 176,09 м², газобетон, скандинавский"
Проект №47-72L: премиальный обзор,https://raw.githubusercontent.com/nemchenik/test/1ddeff2675df6722ac6e895b28109f9901890fbf/pinterest/generated_batch_48_premium_choice_video/47-72L.mp4,Архитектура частного дома,00:01,"Проект дома №47-72L. В коротком видео собраны внешний вид дома, его планы и фасады. Проект случайным образом выбран из полного каталога catalog-plans.ru. Параметры проекта: площадь 232,68 м²; 2 этажа; габариты 13.64×15.94 м; материал — кирпич; стиль — современный. Откройте проект, чтобы подробно рассмотреть помещения, размеры и фасады.",https://catalog-plans.ru/catalog/47-72L?utm_source=pinterest&utm_medium=organic&utm_campaign=generated_premium_choice_video_batch_48&utm_content=pin_9028_47-72l_premium_choice&utm_term=arhitektura-chastnogo-doma,,"проект дома 47-72L, Архитектура частного дома, готовый проект дома, планировка дома, архитектура дома, фасады частного дома, поэтажные планы, фасады дома, catalog-plans.ru, дом 232,68 м², кирпич, современный"
Дом №58-61CEDRAL: пространство для жизни,https://raw.githubusercontent.com/nemchenik/test/1ddeff2675df6722ac6e895b28109f9901890fbf/pinterest/generated_batch_48_premium_choice_video/58-61CEDRAL.mp4,Дома с планами и фасадами,00:01,"Проект дома №58-61CEDRAL. Архитектурный обзор помогает быстро оценить проект со всех сторон. Все изображения получены непосредственно из карточки соответствующего проекта. Параметры проекта: площадь 110,91 м²; 2 этажа; габариты 8.96×11.16 м; материал — газобетон; стиль — европейский. На сайте доступны все планы, характеристики и состав проектной документации.",https://catalog-plans.ru/catalog/58-61CEDRAL?utm_source=pinterest&utm_medium=organic&utm_campaign=generated_premium_choice_video_batch_48&utm_content=pin_9029_58-61cedral_clean_floor_plans&utm_term=doma-s-planami-i-fasadami,,"проект дома 58-61CEDRAL, Дома с планами и фасадами, готовый проект дома, планировка дома, архитектура дома, фасады частного дома, поэтажные планы, фасады дома, catalog-plans.ru, дом 110,91 м², газобетон, европейский"
Проект №46-51ABG: архитектура в деталях,https://raw.githubusercontent.com/nemchenik/test/1ddeff2675df6722ac6e895b28109f9901890fbf/pinterest/generated_batch_48_premium_choice_video/46-51ABG.mp4,Двухэтажные проекты домов,00:01,"Проект дома №46-51ABG. Ролик показывает визуализацию, реальную планировку и чертежи фасадов. Планы этажей помогают оценить расположение комнат и общую логику дома. Параметры проекта: площадь 184,03 м²; 2 этажа; габариты 10.9×10.9 м; материал — газобетон; стиль — хай-тек. Перейдите к карточке дома и оцените характеристики выбранного проекта.",https://catalog-plans.ru/catalog/46-51ABG?utm_source=pinterest&utm_medium=organic&utm_campaign=generated_premium_choice_video_batch_48&utm_content=pin_9030_46-51abg_graphite_facades&utm_term=dvuhetazhnye-proekty-domov,,"проект дома 46-51ABG, Двухэтажные проекты домов, готовый проект дома, планировка дома, архитектура дома, фасады частного дома, поэтажные планы, фасады дома, catalog-plans.ru, дом 184,03 м², газобетон, хай-тек"
Дом №60-75: готовое решение,https://raw.githubusercontent.com/nemchenik/test/1ddeff2675df6722ac6e895b28109f9901890fbf/pinterest/generated_batch_48_premium_choice_video/60-75.mp4,Проекты частных домов,00:01,"Проект дома №60-75. Новый формат объединяет главные материалы карточки проекта в одном видео. Четыре фасада дают представление об архитектуре со всех сторон. Параметры проекта: площадь 146,88 м²; 2 этажа; габариты 9.6×10 м; материал — газобетон; стиль — современный. Сохраните вариант и сравните его с другими проектами из каталога.",https://catalog-plans.ru/catalog/60-75?utm_source=pinterest&utm_medium=organic&utm_campaign=generated_premium_choice_video_batch_48&utm_content=pin_9031_60-75_modern_architecture&utm_term=proekty-chastnyh-domov,,"проект дома 60-75, Проекты частных домов, готовый проект дома, планировка дома, архитектура дома, фасады частного дома, поэтажные планы, фасады дома, catalog-plans.ru, дом 146,88 м², газобетон, современный"
Проект №32-29: откройте все детали,https://raw.githubusercontent.com/nemchenik/test/1ddeff2675df6722ac6e895b28109f9901890fbf/pinterest/generated_batch_48_premium_choice_video/32-29.mp4,Готовые проекты домов,00:01,"Проект дома №32-29. В коротком видео собраны внешний вид дома, его планы и фасады. Проект случайным образом выбран из полного каталога catalog-plans.ru. Параметры проекта: площадь 173,1 м²; 2 этажа; габариты 10.8×11.4 м; материал — кирпич; стиль — европейский. Откройте проект, чтобы подробно рассмотреть помещения, размеры и фасады.",https://catalog-plans.ru/catalog/32-29?utm_source=pinterest&utm_medium=organic&utm_campaign=generated_premium_choice_video_batch_48&utm_content=pin_9032_32-29_premium_choice&utm_term=gotovye-proekty-domov,,"проект дома 32-29, Готовые проекты домов, готовый проект дома, планировка дома, архитектура дома, фасады частного дома, поэтажные планы, фасады дома, catalog-plans.ru, дом 173,1 м², кирпич, европейский"
Дом №60-25: полный обзор проекта,https://raw.githubusercontent.com/nemchenik/test/1ddeff2675df6722ac6e895b28109f9901890fbf/pinterest/generated_batch_48_premium_choice_video/60-25.mp4,Планировки загородных домов,00:01,"Проект дома №60-25. Архитектурный обзор помогает быстро оценить проект со всех сторон. Все изображения получены непосредственно из карточки соответствующего проекта. Параметры проекта: площадь 197,7 м²; 2 этажа; габариты 12.15×15.8 м; материал — газобетон; стиль — стиль Райта. На сайте доступны все планы, характеристики и состав проектной документации.",https://catalog-plans.ru/catalog/60-25?utm_source=pinterest&utm_medium=organic&utm_campaign=generated_premium_choice_video_batch_48&utm_content=pin_9033_60-25_clean_floor_plans&utm_term=planirovki-zagorodnyh-domov,,"проект дома 60-25, Планировки загородных домов, готовый проект дома, планировка дома, архитектура дома, фасады частного дома, поэтажные планы, фасады дома, catalog-plans.ru, дом 197,7 м², газобетон, стиль Райта"
Проект №65-12A: премиальный обзор,https://raw.githubusercontent.com/nemchenik/test/1ddeff2675df6722ac6e895b28109f9901890fbf/pinterest/generated_batch_48_premium_choice_video/65-12A.mp4,Красивые фасады домов,00:01,"Проект дома №65-12A. Ролик показывает визуализацию, реальную планировку и чертежи фасадов. Планы этажей помогают оценить расположение комнат и общую логику дома. Параметры проекта: площадь 94,58 м²; 1 этаж; габариты 9.3×13.3 м; материал — газобетон; стиль — европейский. Перейдите к карточке дома и оцените характеристики выбранного проекта.",https://catalog-plans.ru/catalog/65-12A?utm_source=pinterest&utm_medium=organic&utm_campaign=generated_premium_choice_video_batch_48&utm_content=pin_9034_65-12a_graphite_facades&utm_term=krasivye-fasady-domov,,"проект дома 65-12A, Красивые фасады домов, готовый проект дома, планировка дома, архитектура дома, фасады частного дома, поэтажные планы, фасады дома, catalog-plans.ru, дом 94,58 м², газобетон, европейский"
Дом №46-03AL: пространство для жизни,https://raw.githubusercontent.com/nemchenik/test/1ddeff2675df6722ac6e895b28109f9901890fbf/pinterest/generated_batch_48_premium_choice_video/46-03AL.mp4,Архитектура частного дома,00:01,"Проект дома №46-03AL. Новый формат объединяет главные материалы карточки проекта в одном видео. Четыре фасада дают представление об архитектуре со всех сторон. Параметры проекта: площадь 164,06 м²; 2 этажа; габариты 10.88×16.22 м; материал — кирпич; стиль — стиль Райта. Сохраните вариант и сравните его с другими проектами из каталога.",https://catalog-plans.ru/catalog/46-03AL?utm_source=pinterest&utm_medium=organic&utm_campaign=generated_premium_choice_video_batch_48&utm_content=pin_9035_46-03al_modern_architecture&utm_term=arhitektura-chastnogo-doma,,"проект дома 46-03AL, Архитектура частного дома, готовый проект дома, планировка дома, архитектура дома, фасады частного дома, поэтажные планы, фасады дома, catalog-plans.ru, дом 164,06 м², кирпич, стиль Райта"
Проект №40-23: архитектура в деталях,https://raw.githubusercontent.com/nemchenik/test/1ddeff2675df6722ac6e895b28109f9901890fbf/pinterest/generated_batch_48_premium_choice_video/40-23.mp4,Дома с планами и фасадами,00:01,"Проект дома №40-23. В коротком видео собраны внешний вид дома, его планы и фасады. Проект случайным образом выбран из полного каталога catalog-plans.ru. Параметры проекта: площадь 252,47 м²; 2 этажа; габариты 13.07×18.84 м; материал — кирпич; стиль — современный. Откройте проект, чтобы подробно рассмотреть помещения, размеры и фасады.",https://catalog-plans.ru/catalog/40-23?utm_source=pinterest&utm_medium=organic&utm_campaign=generated_premium_choice_video_batch_48&utm_content=pin_9036_40-23_premium_choice&utm_term=doma-s-planami-i-fasadami,,"проект дома 40-23, Дома с планами и фасадами, готовый проект дома, планировка дома, архитектура дома, фасады частного дома, поэтажные планы, фасады дома, catalog-plans.ru, дом 252,47 м², кирпич, современный"
Дом №30-55: готовое решение,https://raw.githubusercontent.com/nemchenik/test/1ddeff2675df6722ac6e895b28109f9901890fbf/pinterest/generated_batch_48_premium_choice_video/30-55.mp4,Дома с планами и фасадами,00:01,"Проект дома №30-55. Архитектурный обзор помогает быстро оценить проект со всех сторон. Все изображения получены непосредственно из карточки соответствующего проекта. Параметры проекта: площадь 276 м²; 3 этажа; габариты 11.24×11.24 м; материал — кирпич; стиль — европейский. На сайте доступны все планы, характеристики и состав проектной документации.",https://catalog-plans.ru/catalog/30-55?utm_source=pinterest&utm_medium=organic&utm_campaign=generated_premium_choice_video_batch_48&utm_content=pin_9037_30-55_clean_floor_plans&utm_term=doma-s-planami-i-fasadami,,"проект дома 30-55, Дома с планами и фасадами, готовый проект дома, планировка дома, архитектура дома, фасады частного дома, поэтажные планы, фасады дома, catalog-plans.ru, дом 276 м², кирпич, европейский"
Проект №40-45GL: откройте все детали,https://raw.githubusercontent.com/nemchenik/test/1ddeff2675df6722ac6e895b28109f9901890fbf/pinterest/generated_batch_48_premium_choice_video/40-45GL.mp4,Проекты частных домов,00:01,"Проект дома №40-45GL. Ролик показывает визуализацию, реальную планировку и чертежи фасадов. Планы этажей помогают оценить расположение комнат и общую логику дома. Параметры проекта: площадь 437,44 м²; 2 этажа; габариты 12×16.2 м; материал — монолитный каркас. Перейдите к карточке дома и оцените характеристики выбранного проекта.",https://catalog-plans.ru/catalog/40-45GL?utm_source=pinterest&utm_medium=organic&utm_campaign=generated_premium_choice_video_batch_48&utm_content=pin_9038_40-45gl_graphite_facades&utm_term=proekty-chastnyh-domov,,"проект дома 40-45GL, Проекты частных домов, готовый проект дома, планировка дома, архитектура дома, фасады частного дома, поэтажные планы, фасады дома, catalog-plans.ru, дом 437,44 м², монолитный каркас"
Дом №57-62BBC: полный обзор проекта,https://raw.githubusercontent.com/nemchenik/test/1ddeff2675df6722ac6e895b28109f9901890fbf/pinterest/generated_batch_48_premium_choice_video/57-62BBC.mp4,Готовые проекты домов,00:01,"Проект дома №57-62BBC. Новый формат объединяет главные материалы карточки проекта в одном видео. Четыре фасада дают представление об архитектуре со всех сторон. Параметры проекта: площадь 172,76 м²; 2 этажа; габариты 10×12 м; материал — газобетон; стиль — европейский. Сохраните вариант и сравните его с другими проектами из каталога.",https://catalog-plans.ru/catalog/57-62BBC?utm_source=pinterest&utm_medium=organic&utm_campaign=generated_premium_choice_video_batch_48&utm_content=pin_9039_57-62bbc_modern_architecture&utm_term=gotovye-proekty-domov,,"проект дома 57-62BBC, Готовые проекты домов, готовый проект дома, планировка дома, архитектура дома, фасады частного дома, поэтажные планы, фасады дома, catalog-plans.ru, дом 172,76 м², газобетон, европейский"
Проект №40-37: премиальный обзор,https://raw.githubusercontent.com/nemchenik/test/1ddeff2675df6722ac6e895b28109f9901890fbf/pinterest/generated_batch_48_premium_choice_video/40-37.mp4,Планировки загородных домов,00:01,"Проект дома №40-37. В коротком видео собраны внешний вид дома, его планы и фасады. Проект случайным образом выбран из полного каталога catalog-plans.ru. Параметры проекта: площадь 357,68 м²; 2 этажа; габариты 19.05×20.64 м; материал — кирпич; стиль — современный. Откройте проект, чтобы подробно рассмотреть помещения, размеры и фасады.",https://catalog-plans.ru/catalog/40-37?utm_source=pinterest&utm_medium=organic&utm_campaign=generated_premium_choice_video_batch_48&utm_content=pin_9040_40-37_premium_choice&utm_term=planirovki-zagorodnyh-domov,,"проект дома 40-37, Планировки загородных домов, готовый проект дома, планировка дома, архитектура дома, фасады частного дома, поэтажные планы, фасады дома, catalog-plans.ru, дом 357,68 м², кирпич, современный"
Дом №52-19: пространство для жизни,https://raw.githubusercontent.com/nemchenik/test/1ddeff2675df6722ac6e895b28109f9901890fbf/pinterest/generated_batch_48_premium_choice_video/52-19.mp4,Красивые фасады домов,00:01,"Проект дома №52-19. Архитектурный обзор помогает быстро оценить проект со всех сторон. Все изображения получены непосредственно из карточки соответствующего проекта. Параметры проекта: площадь 282,1 м²; 2 этажа; габариты 13.2×16.5 м; материал — газобетон. На сайте доступны все планы, характеристики и состав проектной документации.",https://catalog-plans.ru/catalog/52-19?utm_source=pinterest&utm_medium=organic&utm_campaign=generated_premium_choice_video_batch_48&utm_content=pin_9041_52-19_clean_floor_plans&utm_term=krasivye-fasady-domov,,"проект дома 52-19, Красивые фасады домов, готовый проект дома, планировка дома, архитектура дома, фасады частного дома, поэтажные планы, фасады дома, catalog-plans.ru, дом 282,1 м², газобетон"
Проект №62-38WAL: архитектура в деталях,https://raw.githubusercontent.com/nemchenik/test/1ddeff2675df6722ac6e895b28109f9901890fbf/pinterest/generated_batch_48_premium_choice_video/62-38WAL.mp4,Архитектура частного дома,00:01,"Проект дома №62-38WAL. Ролик показывает визуализацию, реальную планировку и чертежи фасадов. Планы этажей помогают оценить расположение комнат и общую логику дома. Параметры проекта: площадь 278,49 м²; 2 этажа; габариты 12.7×20.5 м; материал — газобетон; стиль — шале. Перейдите к карточке дома и оцените характеристики выбранного проекта.",https://catalog-plans.ru/catalog/62-38WAL?utm_source=pinterest&utm_medium=organic&utm_campaign=generated_premium_choice_video_batch_48&utm_content=pin_9042_62-38wal_graphite_facades&utm_term=arhitektura-chastnogo-doma,,"проект дома 62-38WAL, Архитектура частного дома, готовый проект дома, планировка дома, архитектура дома, фасады частного дома, поэтажные планы, фасады дома, catalog-plans.ru, дом 278,49 м², газобетон, шале"
Дом №58-22: готовое решение,https://raw.githubusercontent.com/nemchenik/test/1ddeff2675df6722ac6e895b28109f9901890fbf/pinterest/generated_batch_48_premium_choice_video/58-22.mp4,Дома с планами и фасадами,00:01,"Проект дома №58-22. Новый формат объединяет главные материалы карточки проекта в одном видео. Четыре фасада дают представление об архитектуре со всех сторон. Параметры проекта: площадь 165,91 м²; 2 этажа; габариты 11.3×13.2 м; материал — газобетон; стиль — скандинавский. Сохраните вариант и сравните его с другими проектами из каталога.",https://catalog-plans.ru/catalog/58-22?utm_source=pinterest&utm_medium=organic&utm_campaign=generated_premium_choice_video_batch_48&utm_content=pin_9043_58-22_modern_architecture&utm_term=doma-s-planami-i-fasadami,,"проект дома 58-22, Дома с планами и фасадами, готовый проект дома, планировка дома, архитектура дома, фасады частного дома, поэтажные планы, фасады дома, catalog-plans.ru, дом 165,91 м², газобетон, скандинавский"
Проект №13-80: откройте все детали,https://raw.githubusercontent.com/nemchenik/test/1ddeff2675df6722ac6e895b28109f9901890fbf/pinterest/generated_batch_48_premium_choice_video/13-80.mp4,Проекты частных домов,00:01,"Проект дома №13-80. В коротком видео собраны внешний вид дома, его планы и фасады. Проект случайным образом выбран из полного каталога catalog-plans.ru. Параметры проекта: площадь 528,7 м²; 3 этажа; габариты 20.7×22.8 м; материал — дерево. Откройте проект, чтобы подробно рассмотреть помещения, размеры и фасады.",https://catalog-plans.ru/catalog/13-80?utm_source=pinterest&utm_medium=organic&utm_campaign=generated_premium_choice_video_batch_48&utm_content=pin_9044_13-80_premium_choice&utm_term=proekty-chastnyh-domov,,"проект дома 13-80, Проекты частных домов, готовый проект дома, планировка дома, архитектура дома, фасады частного дома, поэтажные планы, фасады дома, catalog-plans.ru, дом 528,7 м², дерево"
Дом №57-00WBK2L: полный обзор проекта,https://raw.githubusercontent.com/nemchenik/test/1ddeff2675df6722ac6e895b28109f9901890fbf/pinterest/generated_batch_48_premium_choice_video/57-00WBK2L.mp4,Проекты частных домов,00:01,"Проект дома №57-00WBK2L. Архитектурный обзор помогает быстро оценить проект со всех сторон. Все изображения получены непосредственно из карточки соответствующего проекта. Параметры проекта: площадь 219,14 м²; 2 этажа; габариты 13.54×16.27 м; материал — кирпич; стиль — современный. На сайте доступны все планы, характеристики и состав проектной документации.",https://catalog-plans.ru/catalog/57-00WBK2L?utm_source=pinterest&utm_medium=organic&utm_campaign=generated_premium_choice_video_batch_48&utm_content=pin_9045_57-00wbk2l_clean_floor_plans&utm_term=proekty-chastnyh-domov,,"проект дома 57-00WBK2L, Проекты частных домов, готовый проект дома, планировка дома, архитектура дома, фасады частного дома, поэтажные планы, фасады дома, catalog-plans.ru, дом 219,14 м², кирпич, современный"
Проект №57-99K: премиальный обзор,https://raw.githubusercontent.com/nemchenik/test/1ddeff2675df6722ac6e895b28109f9901890fbf/pinterest/generated_batch_48_premium_choice_video/57-99K.mp4,Готовые проекты домов,00:01,"Проект дома №57-99K. Ролик показывает визуализацию, реальную планировку и чертежи фасадов. Планы этажей помогают оценить расположение комнат и общую логику дома. Параметры проекта: площадь 290,19 м²; 2 этажа; габариты 16.28×17.66 м; материал — кирпич; стиль — современный. Перейдите к карточке дома и оцените характеристики выбранного проекта.",https://catalog-plans.ru/catalog/57-99K?utm_source=pinterest&utm_medium=organic&utm_campaign=generated_premium_choice_video_batch_48&utm_content=pin_9046_57-99k_graphite_facades&utm_term=gotovye-proekty-domov,,"проект дома 57-99K, Готовые проекты домов, готовый проект дома, планировка дома, архитектура дома, фасады частного дома, поэтажные планы, фасады дома, catalog-plans.ru, дом 290,19 м², кирпич, современный"
Дом №45-27A: пространство для жизни,https://raw.githubusercontent.com/nemchenik/test/1ddeff2675df6722ac6e895b28109f9901890fbf/pinterest/generated_batch_48_premium_choice_video/45-27A.mp4,Планировки загородных домов,00:01,"Проект дома №45-27A. Новый формат объединяет главные материалы карточки проекта в одном видео. Четыре фасада дают представление об архитектуре со всех сторон. Параметры проекта: площадь 385,44 м²; 2 этажа; габариты 20.2×22.3 м; материал — кирпич; стиль — хай-тек. Сохраните вариант и сравните его с другими проектами из каталога.",https://catalog-plans.ru/catalog/45-27A?utm_source=pinterest&utm_medium=organic&utm_campaign=generated_premium_choice_video_batch_48&utm_content=pin_9047_45-27a_modern_architecture&utm_term=planirovki-zagorodnyh-domov,,"проект дома 45-27A, Планировки загородных домов, готовый проект дома, планировка дома, архитектура дома, фасады частного дома, поэтажные планы, фасады дома, catalog-plans.ru, дом 385,44 м², кирпич, хай-тек"
Проект №64-82: архитектура в деталях,https://raw.githubusercontent.com/nemchenik/test/1ddeff2675df6722ac6e895b28109f9901890fbf/pinterest/generated_batch_48_premium_choice_video/64-82.mp4,Красивые фасады домов,00:01,"Проект дома №64-82. В коротком видео собраны внешний вид дома, его планы и фасады. Проект случайным образом выбран из полного каталога catalog-plans.ru. Параметры проекта: площадь 366,24 м²; 2 этажа; габариты 17.6×18.15 м; материал — газобетон. Откройте проект, чтобы подробно рассмотреть помещения, размеры и фасады.",https://catalog-plans.ru/catalog/64-82?utm_source=pinterest&utm_medium=organic&utm_campaign=generated_premium_choice_video_batch_48&utm_content=pin_9048_64-82_premium_choice&utm_term=krasivye-fasady-domov,,"проект дома 64-82, Красивые фасады домов, готовый проект дома, планировка дома, архитектура дома, фасады частного дома, поэтажные планы, фасады дома, catalog-plans.ru, дом 366,24 м², газобетон"
Дом №40-04HABBK2L: готовое решение,https://raw.githubusercontent.com/nemchenik/test/1ddeff2675df6722ac6e895b28109f9901890fbf/pinterest/generated_batch_48_premium_choice_video/40-04HABBK2L.mp4,Архитектура частного дома,00:01,"Проект дома №40-04HABBK2L. Архитектурный обзор помогает быстро оценить проект со всех сторон. Все изображения получены непосредственно из карточки соответствующего проекта. Параметры проекта: площадь 151,58 м²; 2 этажа; габариты 10.3×10.5 м; материал — кирпич; стиль — европейский. На сайте доступны все планы, характеристики и состав проектной документации.",https://catalog-plans.ru/catalog/40-04HABBK2L?utm_source=pinterest&utm_medium=organic&utm_campaign=generated_premium_choice_video_batch_48&utm_content=pin_9049_40-04habbk2l_clean_floor_plans&utm_term=arhitektura-chastnogo-doma,,"проект дома 40-04HABBK2L, Архитектура частного дома, готовый проект дома, планировка дома, архитектура дома, фасады частного дома, поэтажные планы, фасады дома, catalog-plans.ru, дом 151,58 м², кирпич, европейский"
Проект №59-90A: откройте все детали,https://raw.githubusercontent.com/nemchenik/test/1ddeff2675df6722ac6e895b28109f9901890fbf/pinterest/generated_batch_48_premium_choice_video/59-90A.mp4,Дома с планами и фасадами,00:01,"Проект дома №59-90A. Ролик показывает визуализацию, реальную планировку и чертежи фасадов. Планы этажей помогают оценить расположение комнат и общую логику дома. Параметры проекта: площадь 246,73 м²; 2 этажа; габариты 8.6×13.7 м; материал — газобетон; стиль — современный. Перейдите к карточке дома и оцените характеристики выбранного проекта.",https://catalog-plans.ru/catalog/59-90A?utm_source=pinterest&utm_medium=organic&utm_campaign=generated_premium_choice_video_batch_48&utm_content=pin_9050_59-90a_graphite_facades&utm_term=doma-s-planami-i-fasadami,,"проект дома 59-90A, Дома с планами и фасадами, готовый проект дома, планировка дома, архитектура дома, фасады частного дома, поэтажные планы, фасады дома, catalog-plans.ru, дом 246,73 м², газобетон, современный"
Дом №40-18KL: полный обзор проекта,https://raw.githubusercontent.com/nemchenik/test/1ddeff2675df6722ac6e895b28109f9901890fbf/pinterest/generated_batch_48_premium_choice_video/40-18KL.mp4,Двухэтажные проекты домов,00:01,"Проект дома №40-18KL. Новый формат объединяет главные материалы карточки проекта в одном видео. Четыре фасада дают представление об архитектуре со всех сторон. Параметры проекта: площадь 294,56 м²; 2 этажа; габариты 15.88×15.96 м; материал — кирпич; стиль — современный. Сохраните вариант и сравните его с другими проектами из каталога.",https://catalog-plans.ru/catalog/40-18KL?utm_source=pinterest&utm_medium=organic&utm_campaign=generated_premium_choice_video_batch_48&utm_content=pin_9051_40-18kl_modern_architecture&utm_term=dvuhetazhnye-proekty-domov,,"проект дома 40-18KL, Двухэтажные проекты домов, готовый проект дома, планировка дома, архитектура дома, фасады частного дома, поэтажные планы, фасады дома, catalog-plans.ru, дом 294,56 м², кирпич, современный"
Проект №33-57: премиальный обзор,https://raw.githubusercontent.com/nemchenik/test/1ddeff2675df6722ac6e895b28109f9901890fbf/pinterest/generated_batch_48_premium_choice_video/33-57.mp4,Проекты частных домов,00:01,"Проект дома №33-57. В коротком видео собраны внешний вид дома, его планы и фасады. Проект случайным образом выбран из полного каталога catalog-plans.ru. Параметры проекта: площадь 344,5 м²; 2 этажа; габариты 14.92×27.37 м; материал — кирпич; стиль — современный. Откройте проект, чтобы подробно рассмотреть помещения, размеры и фасады.",https://catalog-plans.ru/catalog/33-57?utm_source=pinterest&utm_medium=organic&utm_campaign=generated_premium_choice_video_batch_48&utm_content=pin_9052_33-57_premium_choice&utm_term=proekty-chastnyh-domov,,"проект дома 33-57, Проекты частных домов, готовый проект дома, планировка дома, архитектура дома, фасады частного дома, поэтажные планы, фасады дома, catalog-plans.ru, дом 344,5 м², кирпич, современный"
Дом №49-82: пространство для жизни,https://raw.githubusercontent.com/nemchenik/test/1ddeff2675df6722ac6e895b28109f9901890fbf/pinterest/generated_batch_48_premium_choice_video/49-82.mp4,Красивые фасады домов,00:01,"Проект дома №49-82. Архитектурный обзор помогает быстро оценить проект со всех сторон. Все изображения получены непосредственно из карточки соответствующего проекта. Параметры проекта: площадь 265,8 м²; 3 этажа; габариты 12.95×13.37 м; материал — кирпич; стиль — европейский. На сайте доступны все планы, характеристики и состав проектной документации.",https://catalog-plans.ru/catalog/49-82?utm_source=pinterest&utm_medium=organic&utm_campaign=generated_premium_choice_video_batch_48&utm_content=pin_9053_49-82_clean_floor_plans&utm_term=krasivye-fasady-domov,,"проект дома 49-82, Красивые фасады домов, готовый проект дома, планировка дома, архитектура дома, фасады частного дома, поэтажные планы, фасады дома, catalog-plans.ru, дом 265,8 м², кирпич, европейский"
Проект №57-63DCL: архитектура в деталях,https://raw.githubusercontent.com/nemchenik/test/1ddeff2675df6722ac6e895b28109f9901890fbf/pinterest/generated_batch_48_premium_choice_video/57-63DCL.mp4,Планировки загородных домов,00:01,"Проект дома №57-63DCL. Ролик показывает визуализацию, реальную планировку и чертежи фасадов. Планы этажей помогают оценить расположение комнат и общую логику дома. Параметры проекта: площадь 174,7 м²; 2 этажа; габариты 10.9×13.15 м; материал — газобетон; стиль — европейский. Перейдите к карточке дома и оцените характеристики выбранного проекта.",https://catalog-plans.ru/catalog/57-63DCL?utm_source=pinterest&utm_medium=organic&utm_campaign=generated_premium_choice_video_batch_48&utm_content=pin_9054_57-63dcl_graphite_facades&utm_term=planirovki-zagorodnyh-domov,,"проект дома 57-63DCL, Планировки загородных домов, готовый проект дома, планировка дома, архитектура дома, фасады частного дома, поэтажные планы, фасады дома, catalog-plans.ru, дом 174,7 м², газобетон, европейский"
Дом №45-64NFBGL: готовое решение,https://raw.githubusercontent.com/nemchenik/test/1ddeff2675df6722ac6e895b28109f9901890fbf/pinterest/generated_batch_48_premium_choice_video/45-64NFBGL.mp4,Красивые фасады домов,00:01,"Проект дома №45-64NFBGL. Новый формат объединяет главные материалы карточки проекта в одном видео. Четыре фасада дают представление об архитектуре со всех сторон. Параметры проекта: площадь 280,52 м²; 2 этажа; габариты 14×16.1 м; материал — газобетон; стиль — стиль Райта. Сохраните вариант и сравните его с другими проектами из каталога.",https://catalog-plans.ru/catalog/45-64NFBGL?utm_source=pinterest&utm_medium=organic&utm_campaign=generated_premium_choice_video_batch_48&utm_content=pin_9055_45-64nfbgl_modern_architecture&utm_term=krasivye-fasady-domov,,"проект дома 45-64NFBGL, Красивые фасады домов, готовый проект дома, планировка дома, архитектура дома, фасады частного дома, поэтажные планы, фасады дома, catalog-plans.ru, дом 280,52 м², газобетон, стиль Райта"
Проект №49-43: откройте все детали,https://raw.githubusercontent.com/nemchenik/test/1ddeff2675df6722ac6e895b28109f9901890fbf/pinterest/generated_batch_48_premium_choice_video/49-43.mp4,Архитектура частного дома,00:01,"Проект дома №49-43. В коротком видео собраны внешний вид дома, его планы и фасады. Проект случайным образом выбран из полного каталога catalog-plans.ru. Параметры проекта: площадь 219,6 м²; 2 этажа; габариты 14.7×16.5 м; материал — газобетон; стиль — современный. Откройте проект, чтобы подробно рассмотреть помещения, размеры и фасады.",https://catalog-plans.ru/catalog/49-43?utm_source=pinterest&utm_medium=organic&utm_campaign=generated_premium_choice_video_batch_48&utm_content=pin_9056_49-43_premium_choice&utm_term=arhitektura-chastnogo-doma,,"проект дома 49-43, Архитектура частного дома, готовый проект дома, планировка дома, архитектура дома, фасады частного дома, поэтажные планы, фасады дома, catalog-plans.ru, дом 219,6 м², газобетон, современный"
Дом №68-32: полный обзор проекта,https://raw.githubusercontent.com/nemchenik/test/1ddeff2675df6722ac6e895b28109f9901890fbf/pinterest/generated_batch_48_premium_choice_video/68-32.mp4,Дома с планами и фасадами,00:01,"Проект дома №68-32. Архитектурный обзор помогает быстро оценить проект со всех сторон. Все изображения получены непосредственно из карточки соответствующего проекта. Параметры проекта: площадь 198,23 м²; 2 этажа; габариты 13.65×13.02 м; материал — газобетон; стиль — хай-тек. На сайте доступны все планы, характеристики и состав проектной документации.",https://catalog-plans.ru/catalog/68-32?utm_source=pinterest&utm_medium=organic&utm_campaign=generated_premium_choice_video_batch_48&utm_content=pin_9057_68-32_clean_floor_plans&utm_term=doma-s-planami-i-fasadami,,"проект дома 68-32, Дома с планами и фасадами, готовый проект дома, планировка дома, архитектура дома, фасады частного дома, поэтажные планы, фасады дома, catalog-plans.ru, дом 198,23 м², газобетон, хай-тек"
Проект №58-16BDL: премиальный обзор,https://raw.githubusercontent.com/nemchenik/test/1ddeff2675df6722ac6e895b28109f9901890fbf/pinterest/generated_batch_48_premium_choice_video/58-16BDL.mp4,Двухэтажные проекты домов,00:01,"Проект дома №58-16BDL. Ролик показывает визуализацию, реальную планировку и чертежи фасадов. Планы этажей помогают оценить расположение комнат и общую логику дома. Параметры проекта: площадь 150,94 м²; 2 этажа; габариты 10.3×10.8 м; материал — газобетон; стиль — современный. Перейдите к карточке дома и оцените характеристики выбранного проекта.",https://catalog-plans.ru/catalog/58-16BDL?utm_source=pinterest&utm_medium=organic&utm_campaign=generated_premium_choice_video_batch_48&utm_content=pin_9058_58-16bdl_graphite_facades&utm_term=dvuhetazhnye-proekty-domov,,"проект дома 58-16BDL, Двухэтажные проекты домов, готовый проект дома, планировка дома, архитектура дома, фасады частного дома, поэтажные планы, фасады дома, catalog-plans.ru, дом 150,94 м², газобетон, современный"
Дом №48-31G: пространство для жизни,https://raw.githubusercontent.com/nemchenik/test/1ddeff2675df6722ac6e895b28109f9901890fbf/pinterest/generated_batch_48_premium_choice_video/48-31G.mp4,Красивые фасады домов,00:01,"Проект дома №48-31G. Новый формат объединяет главные материалы карточки проекта в одном видео. Четыре фасада дают представление об архитектуре со всех сторон. Параметры проекта: площадь 349,93 м²; 3 этажа; габариты 14.06×15.62 м; материал — газобетон; стиль — европейский. Сохраните вариант и сравните его с другими проектами из каталога.",https://catalog-plans.ru/catalog/48-31G?utm_source=pinterest&utm_medium=organic&utm_campaign=generated_premium_choice_video_batch_48&utm_content=pin_9059_48-31g_modern_architecture&utm_term=krasivye-fasady-domov,,"проект дома 48-31G, Красивые фасады домов, готовый проект дома, планировка дома, архитектура дома, фасады частного дома, поэтажные планы, фасады дома, catalog-plans.ru, дом 349,93 м², газобетон, европейский"
Проект №40-45BFGL: архитектура в деталях,https://raw.githubusercontent.com/nemchenik/test/1ddeff2675df6722ac6e895b28109f9901890fbf/pinterest/generated_batch_48_premium_choice_video/40-45BFGL.mp4,Готовые проекты домов,00:01,"Проект дома №40-45BFGL. В коротком видео собраны внешний вид дома, его планы и фасады. Проект случайным образом выбран из полного каталога catalog-plans.ru. Параметры проекта: площадь 248,38 м²; 2 этажа; габариты 11×15 м; материал — газобетон. Откройте проект, чтобы подробно рассмотреть помещения, размеры и фасады.",https://catalog-plans.ru/catalog/40-45BFGL?utm_source=pinterest&utm_medium=organic&utm_campaign=generated_premium_choice_video_batch_48&utm_content=pin_9060_40-45bfgl_premium_choice&utm_term=gotovye-proekty-domov,,"проект дома 40-45BFGL, Готовые проекты домов, готовый проект дома, планировка дома, архитектура дома, фасады частного дома, поэтажные планы, фасады дома, catalog-plans.ru, дом 248,38 м², газобетон"
Дом №33-48: готовое решение,https://raw.githubusercontent.com/nemchenik/test/1ddeff2675df6722ac6e895b28109f9901890fbf/pinterest/generated_batch_48_premium_choice_video/33-48.mp4,Планировки загородных домов,00:01,"Проект дома №33-48. Архитектурный обзор помогает быстро оценить проект со всех сторон. Все изображения получены непосредственно из карточки соответствующего проекта. Параметры проекта: площадь 489,9 м²; 2 этажа; габариты 24.34×25.99 м; материал — кирпич; стиль — средневековый. На сайте доступны все планы, характеристики и состав проектной документации.",https://catalog-plans.ru/catalog/33-48?utm_source=pinterest&utm_medium=organic&utm_campaign=generated_premium_choice_video_batch_48&utm_content=pin_9061_33-48_clean_floor_plans&utm_term=planirovki-zagorodnyh-domov,,"проект дома 33-48, Планировки загородных домов, готовый проект дома, планировка дома, архитектура дома, фасады частного дома, поэтажные планы, фасады дома, catalog-plans.ru, дом 489,9 м², кирпич, средневековый"
Проект №55-06: откройте все детали,https://raw.githubusercontent.com/nemchenik/test/1ddeff2675df6722ac6e895b28109f9901890fbf/pinterest/generated_batch_48_premium_choice_video/55-06.mp4,Красивые фасады домов,00:01,"Проект дома №55-06. Ролик показывает визуализацию, реальную планировку и чертежи фасадов. Планы этажей помогают оценить расположение комнат и общую логику дома. Параметры проекта: площадь 277 м²; 2 этажа; габариты 13×17.66 м; материал — газобетон; стиль — европейский. Перейдите к карточке дома и оцените характеристики выбранного проекта.",https://catalog-plans.ru/catalog/55-06?utm_source=pinterest&utm_medium=organic&utm_campaign=generated_premium_choice_video_batch_48&utm_content=pin_9062_55-06_graphite_facades&utm_term=krasivye-fasady-domov,,"проект дома 55-06, Красивые фасады домов, готовый проект дома, планировка дома, архитектура дома, фасады частного дома, поэтажные планы, фасады дома, catalog-plans.ru, дом 277 м², газобетон, европейский"
Дом №57-52K: полный обзор проекта,https://raw.githubusercontent.com/nemchenik/test/1ddeff2675df6722ac6e895b28109f9901890fbf/pinterest/generated_batch_48_premium_choice_video/57-52K.mp4,Архитектура частного дома,00:01,"Проект дома №57-52K. Новый формат объединяет главные материалы карточки проекта в одном видео. Четыре фасада дают представление об архитектуре со всех сторон. Параметры проекта: площадь 171,1 м²; 2 этажа; габариты 9.4×13.6 м; материал — газобетон; стиль — европейский. Сохраните вариант и сравните его с другими проектами из каталога.",https://catalog-plans.ru/catalog/57-52K?utm_source=pinterest&utm_medium=organic&utm_campaign=generated_premium_choice_video_batch_48&utm_content=pin_9063_57-52k_modern_architecture&utm_term=arhitektura-chastnogo-doma,,"проект дома 57-52K, Архитектура частного дома, готовый проект дома, планировка дома, архитектура дома, фасады частного дома, поэтажные планы, фасады дома, catalog-plans.ru, дом 171,1 м², газобетон, европейский"
Проект №40-37G: премиальный обзор,https://raw.githubusercontent.com/nemchenik/test/1ddeff2675df6722ac6e895b28109f9901890fbf/pinterest/generated_batch_48_premium_choice_video/40-37G.mp4,Дома с планами и фасадами,00:01,"Проект дома №40-37G. В коротком видео собраны внешний вид дома, его планы и фасады. Проект случайным образом выбран из полного каталога catalog-plans.ru. Параметры проекта: площадь 357,68 м²; 2 этажа; габариты 19.05×20.64 м; материал — газобетон; стиль — современный. Откройте проект, чтобы подробно рассмотреть помещения, размеры и фасады.",https://catalog-plans.ru/catalog/40-37G?utm_source=pinterest&utm_medium=organic&utm_campaign=generated_premium_choice_video_batch_48&utm_content=pin_9064_40-37g_premium_choice&utm_term=doma-s-planami-i-fasadami,,"проект дома 40-37G, Дома с планами и фасадами, готовый проект дома, планировка дома, архитектура дома, фасады частного дома, поэтажные планы, фасады дома, catalog-plans.ru, дом 357,68 м², газобетон, современный"
Дом №58-79ANW: пространство для жизни,https://raw.githubusercontent.com/nemchenik/test/1ddeff2675df6722ac6e895b28109f9901890fbf/pinterest/generated_batch_48_premium_choice_video/58-79ANW.mp4,Двухэтажные проекты домов,00:01,"Проект дома №58-79ANW. Архитектурный обзор помогает быстро оценить проект со всех сторон. Все изображения получены непосредственно из карточки соответствующего проекта. Параметры проекта: площадь 144,03 м²; 2 этажа; габариты 9.3×11.6 м; материал — газобетон; стиль — хай-тек. На сайте доступны все планы, характеристики и состав проектной документации.",https://catalog-plans.ru/catalog/58-79ANW?utm_source=pinterest&utm_medium=organic&utm_campaign=generated_premium_choice_video_batch_48&utm_content=pin_9065_58-79anw_clean_floor_plans&utm_term=dvuhetazhnye-proekty-domov,,"проект дома 58-79ANW, Двухэтажные проекты домов, готовый проект дома, планировка дома, архитектура дома, фасады частного дома, поэтажные планы, фасады дома, catalog-plans.ru, дом 144,03 м², газобетон, хай-тек"
Проект №52-03: архитектура в деталях,https://raw.githubusercontent.com/nemchenik/test/1ddeff2675df6722ac6e895b28109f9901890fbf/pinterest/generated_batch_48_premium_choice_video/52-03.mp4,Проекты частных домов,00:01,"Проект дома №52-03. Ролик показывает визуализацию, реальную планировку и чертежи фасадов. Планы этажей помогают оценить расположение комнат и общую логику дома. Параметры проекта: площадь 235 м²; 2 этажа; габариты 7.5×7.6 м; материал — керамзитобетон; стиль — европейский. Перейдите к карточке дома и оцените характеристики выбранного проекта.",https://catalog-plans.ru/catalog/52-03?utm_source=pinterest&utm_medium=organic&utm_campaign=generated_premium_choice_video_batch_48&utm_content=pin_9066_52-03_graphite_facades&utm_term=proekty-chastnyh-domov,,"проект дома 52-03, Проекты частных домов, готовый проект дома, планировка дома, архитектура дома, фасады частного дома, поэтажные планы, фасады дома, catalog-plans.ru, дом 235 м², керамзитобетон, европейский"
Дом №46-08HGL: готовое решение,https://raw.githubusercontent.com/nemchenik/test/1ddeff2675df6722ac6e895b28109f9901890fbf/pinterest/generated_batch_48_premium_choice_video/46-08HGL.mp4,Готовые проекты домов,00:01,"Проект дома №46-08HGL. Новый формат объединяет главные материалы карточки проекта в одном видео. Четыре фасада дают представление об архитектуре со всех сторон. Параметры проекта: площадь 288,87 м²; 2 этажа; габариты 13.29×20.87 м; материал — газобетон; стиль — стиль Райта. Сохраните вариант и сравните его с другими проектами из каталога.",https://catalog-plans.ru/catalog/46-08HGL?utm_source=pinterest&utm_medium=organic&utm_campaign=generated_premium_choice_video_batch_48&utm_content=pin_9067_46-08hgl_modern_architecture&utm_term=gotovye-proekty-domov,,"проект дома 46-08HGL, Готовые проекты домов, готовый проект дома, планировка дома, архитектура дома, фасады частного дома, поэтажные планы, фасады дома, catalog-plans.ru, дом 288,87 м², газобетон, стиль Райта"
Проект №40-11AFKL: откройте все детали,https://raw.githubusercontent.com/nemchenik/test/1ddeff2675df6722ac6e895b28109f9901890fbf/pinterest/generated_batch_48_premium_choice_video/40-11AFKL.mp4,Планировки загородных домов,00:01,"Проект дома №40-11AFKL. В коротком видео собраны внешний вид дома, его планы и фасады. Проект случайным образом выбран из полного каталога catalog-plans.ru. Параметры проекта: площадь 365,95 м²; 2 этажа; габариты 13.92×14.16 м; материал — кирпич; стиль — европейский. Откройте проект, чтобы подробно рассмотреть помещения, размеры и фасады.",https://catalog-plans.ru/catalog/40-11AFKL?utm_source=pinterest&utm_medium=organic&utm_campaign=generated_premium_choice_video_batch_48&utm_content=pin_9068_40-11afkl_premium_choice&utm_term=planirovki-zagorodnyh-domov,,"проект дома 40-11AFKL, Планировки загородных домов, готовый проект дома, планировка дома, архитектура дома, фасады частного дома, поэтажные планы, фасады дома, catalog-plans.ru, дом 365,95 м², кирпич, европейский"
Дом №55-89: полный обзор проекта,https://raw.githubusercontent.com/nemchenik/test/1ddeff2675df6722ac6e895b28109f9901890fbf/pinterest/generated_batch_48_premium_choice_video/55-89.mp4,Готовые проекты домов,00:01,"Проект дома №55-89. Архитектурный обзор помогает быстро оценить проект со всех сторон. Все изображения получены непосредственно из карточки соответствующего проекта. Параметры проекта: площадь 283,4 м²; 3 этажа; габариты 15.2×20 м; материал — газобетон. На сайте доступны все планы, характеристики и состав проектной документации.",https://catalog-plans.ru/catalog/55-89?utm_source=pinterest&utm_medium=organic&utm_campaign=generated_premium_choice_video_batch_48&utm_content=pin_9069_55-89_clean_floor_plans&utm_term=gotovye-proekty-domov,,"проект дома 55-89, Готовые проекты домов, готовый проект дома, планировка дома, архитектура дома, фасады частного дома, поэтажные планы, фасады дома, catalog-plans.ru, дом 283,4 м², газобетон"
Проект №51-07: премиальный обзор,https://raw.githubusercontent.com/nemchenik/test/1ddeff2675df6722ac6e895b28109f9901890fbf/pinterest/generated_batch_48_premium_choice_video/51-07.mp4,Архитектура частного дома,00:01,"Проект дома №51-07. Ролик показывает визуализацию, реальную планировку и чертежи фасадов. Планы этажей помогают оценить расположение комнат и общую логику дома. Параметры проекта: площадь 184,6 м²; 2 этажа; габариты 8.2×10.5 м; материал — ячеистые бетонные блоки; стиль — европейский. Перейдите к карточке дома и оцените характеристики выбранного проекта.",https://catalog-plans.ru/catalog/51-07?utm_source=pinterest&utm_medium=organic&utm_campaign=generated_premium_choice_video_batch_48&utm_content=pin_9070_51-07_graphite_facades&utm_term=arhitektura-chastnogo-doma,,"проект дома 51-07, Архитектура частного дома, готовый проект дома, планировка дома, архитектура дома, фасады частного дома, поэтажные планы, фасады дома, catalog-plans.ru, дом 184,6 м², ячеистые бетонные блоки, европейский"
Дом №34-79: пространство для жизни,https://raw.githubusercontent.com/nemchenik/test/1ddeff2675df6722ac6e895b28109f9901890fbf/pinterest/generated_batch_48_premium_choice_video/34-79.mp4,Дома с планами и фасадами,00:01,"Проект дома №34-79. Новый формат объединяет главные материалы карточки проекта в одном видео. Четыре фасада дают представление об архитектуре со всех сторон. Параметры проекта: площадь 264,23 м²; 2 этажа; габариты 9.3×12.3 м; материал — кирпич; стиль — европейский. Сохраните вариант и сравните его с другими проектами из каталога.",https://catalog-plans.ru/catalog/34-79?utm_source=pinterest&utm_medium=organic&utm_campaign=generated_premium_choice_video_batch_48&utm_content=pin_9071_34-79_modern_architecture&utm_term=doma-s-planami-i-fasadami,,"проект дома 34-79, Дома с планами и фасадами, готовый проект дома, планировка дома, архитектура дома, фасады частного дома, поэтажные планы, фасады дома, catalog-plans.ru, дом 264,23 м², кирпич, европейский"
Проект №60-11: архитектура в деталях,https://raw.githubusercontent.com/nemchenik/test/1ddeff2675df6722ac6e895b28109f9901890fbf/pinterest/generated_batch_48_premium_choice_video/60-11.mp4,Двухэтажные проекты домов,00:01,"Проект дома №60-11. В коротком видео собраны внешний вид дома, его планы и фасады. Проект случайным образом выбран из полного каталога catalog-plans.ru. Параметры проекта: площадь 154,7 м²; 2 этажа; габариты 12.67×13.54 м; материал — газобетон. Откройте проект, чтобы подробно рассмотреть помещения, размеры и фасады.",https://catalog-plans.ru/catalog/60-11?utm_source=pinterest&utm_medium=organic&utm_campaign=generated_premium_choice_video_batch_48&utm_content=pin_9072_60-11_premium_choice&utm_term=dvuhetazhnye-proekty-domov,,"проект дома 60-11, Двухэтажные проекты домов, готовый проект дома, планировка дома, архитектура дома, фасады частного дома, поэтажные планы, фасады дома, catalog-plans.ru, дом 154,7 м², газобетон"
Дом №58-79L: готовое решение,https://raw.githubusercontent.com/nemchenik/test/1ddeff2675df6722ac6e895b28109f9901890fbf/pinterest/generated_batch_48_premium_choice_video/58-79L.mp4,Проекты частных домов,00:01,"Проект дома №58-79L. Архитектурный обзор помогает быстро оценить проект со всех сторон. Все изображения получены непосредственно из карточки соответствующего проекта. Параметры проекта: площадь 137,01 м²; 2 этажа; габариты 9.6×11.85 м; материал — газобетон; стиль — европейский. На сайте доступны все планы, характеристики и состав проектной документации.",https://catalog-plans.ru/catalog/58-79L?utm_source=pinterest&utm_medium=organic&utm_campaign=generated_premium_choice_video_batch_48&utm_content=pin_9073_58-79l_clean_floor_plans&utm_term=proekty-chastnyh-domov,,"проект дома 58-79L, Проекты частных домов, готовый проект дома, планировка дома, архитектура дома, фасады частного дома, поэтажные планы, фасады дома, catalog-plans.ru, дом 137,01 м², газобетон, европейский"
Проект №57-22B: откройте все детали,https://raw.githubusercontent.com/nemchenik/test/1ddeff2675df6722ac6e895b28109f9901890fbf/pinterest/generated_batch_48_premium_choice_video/57-22B.mp4,Готовые проекты домов,00:01,"Проект дома №57-22B. Ролик показывает визуализацию, реальную планировку и чертежи фасадов. Планы этажей помогают оценить расположение комнат и общую логику дома. Параметры проекта: площадь 236,82 м²; 2 этажа; габариты 12×14.16 м; материал — газобетон; стиль — скандинавский. Перейдите к карточке дома и оцените характеристики выбранного проекта.",https://catalog-plans.ru/catalog/57-22B?utm_source=pinterest&utm_medium=organic&utm_campaign=generated_premium_choice_video_batch_48&utm_content=pin_9074_57-22b_graphite_facades&utm_term=gotovye-proekty-domov,,"проект дома 57-22B, Готовые проекты домов, готовый проект дома, планировка дома, архитектура дома, фасады частного дома, поэтажные планы, фасады дома, catalog-plans.ru, дом 236,82 м², газобетон, скандинавский"
Дом №57-30K: полный обзор проекта,https://raw.githubusercontent.com/nemchenik/test/1ddeff2675df6722ac6e895b28109f9901890fbf/pinterest/generated_batch_48_premium_choice_video/57-30K.mp4,Планировки загородных домов,00:01,"Проект дома №57-30K. Новый формат объединяет главные материалы карточки проекта в одном видео. Четыре фасада дают представление об архитектуре со всех сторон. Параметры проекта: площадь 191,95 м²; 2 этажа; габариты 12.18×12.83 м; материал — кирпич; стиль — современный. Сохраните вариант и сравните его с другими проектами из каталога.",https://catalog-plans.ru/catalog/57-30K?utm_source=pinterest&utm_medium=organic&utm_campaign=generated_premium_choice_video_batch_48&utm_content=pin_9075_57-30k_modern_architecture&utm_term=planirovki-zagorodnyh-domov,,"проект дома 57-30K, Планировки загородных домов, готовый проект дома, планировка дома, архитектура дома, фасады частного дома, поэтажные планы, фасады дома, catalog-plans.ru, дом 191,95 м², кирпич, современный"
Проект №58-10H2L: премиальный обзор,https://raw.githubusercontent.com/nemchenik/test/1ddeff2675df6722ac6e895b28109f9901890fbf/pinterest/generated_batch_48_premium_choice_video/58-10H2L.mp4,Красивые фасады домов,00:01,"Проект дома №58-10H2L. В коротком видео собраны внешний вид дома, его планы и фасады. Проект случайным образом выбран из полного каталога catalog-plans.ru. Параметры проекта: площадь 194,41 м²; 2 этажа; габариты 13.06×16.56 м; материал — газобетон; стиль — стиль Райта. Откройте проект, чтобы подробно рассмотреть помещения, размеры и фасады.",https://catalog-plans.ru/catalog/58-10H2L?utm_source=pinterest&utm_medium=organic&utm_campaign=generated_premium_choice_video_batch_48&utm_content=pin_9076_58-10h2l_premium_choice&utm_term=krasivye-fasady-domov,,"проект дома 58-10H2L, Красивые фасады домов, готовый проект дома, планировка дома, архитектура дома, фасады частного дома, поэтажные планы, фасады дома, catalog-plans.ru, дом 194,41 м², газобетон, стиль Райта"
Дом №58-29DAK: пространство для жизни,https://raw.githubusercontent.com/nemchenik/test/1ddeff2675df6722ac6e895b28109f9901890fbf/pinterest/generated_batch_48_premium_choice_video/58-29DAK.mp4,Архитектура частного дома,00:01,"Проект дома №58-29DAK. Архитектурный обзор помогает быстро оценить проект со всех сторон. Все изображения получены непосредственно из карточки соответствующего проекта. Параметры проекта: площадь 206,29 м²; 2 этажа; габариты 10.06×11.3 м; материал — кирпич; стиль — европейский. На сайте доступны все планы, характеристики и состав проектной документации.",https://catalog-plans.ru/catalog/58-29DAK?utm_source=pinterest&utm_medium=organic&utm_campaign=generated_premium_choice_video_batch_48&utm_content=pin_9077_58-29dak_clean_floor_plans&utm_term=arhitektura-chastnogo-doma,,"проект дома 58-29DAK, Архитектура частного дома, готовый проект дома, планировка дома, архитектура дома, фасады частного дома, поэтажные планы, фасады дома, catalog-plans.ru, дом 206,29 м², кирпич, европейский"
Проект №40-41L: архитектура в деталях,https://raw.githubusercontent.com/nemchenik/test/1ddeff2675df6722ac6e895b28109f9901890fbf/pinterest/generated_batch_48_premium_choice_video/40-41L.mp4,Дома с планами и фасадами,00:01,"Проект дома №40-41L. Ролик показывает визуализацию, реальную планировку и чертежи фасадов. Планы этажей помогают оценить расположение комнат и общую логику дома. Параметры проекта: площадь 280,03 м²; 2 этажа; габариты 14.54×15.78 м; материал — кирпич. Перейдите к карточке дома и оцените характеристики выбранного проекта.",https://catalog-plans.ru/catalog/40-41L?utm_source=pinterest&utm_medium=organic&utm_campaign=generated_premium_choice_video_batch_48&utm_content=pin_9078_40-41l_graphite_facades&utm_term=doma-s-planami-i-fasadami,,"проект дома 40-41L, Дома с планами и фасадами, готовый проект дома, планировка дома, архитектура дома, фасады частного дома, поэтажные планы, фасады дома, catalog-plans.ru, дом 280,03 м², кирпич"
Дом №40-58GL: готовое решение,https://raw.githubusercontent.com/nemchenik/test/1ddeff2675df6722ac6e895b28109f9901890fbf/pinterest/generated_batch_48_premium_choice_video/40-58GL.mp4,Двухэтажные проекты домов,00:01,"Проект дома №40-58GL. Новый формат объединяет главные материалы карточки проекта в одном видео. Четыре фасада дают представление об архитектуре со всех сторон. Параметры проекта: площадь 198,1 м²; 2 этажа; габариты 10.26×16.78 м; материал — газобетон; стиль — скандинавский. Сохраните вариант и сравните его с другими проектами из каталога.",https://catalog-plans.ru/catalog/40-58GL?utm_source=pinterest&utm_medium=organic&utm_campaign=generated_premium_choice_video_batch_48&utm_content=pin_9079_40-58gl_modern_architecture&utm_term=dvuhetazhnye-proekty-domov,,"проект дома 40-58GL, Двухэтажные проекты домов, готовый проект дома, планировка дома, архитектура дома, фасады частного дома, поэтажные планы, фасады дома, catalog-plans.ru, дом 198,1 м², газобетон, скандинавский"
Проект №63-87A: откройте все детали,https://raw.githubusercontent.com/nemchenik/test/1ddeff2675df6722ac6e895b28109f9901890fbf/pinterest/generated_batch_48_premium_choice_video/63-87A.mp4,Проекты частных домов,00:01,"Проект дома №63-87A. В коротком видео собраны внешний вид дома, его планы и фасады. Проект случайным образом выбран из полного каталога catalog-plans.ru. Параметры проекта: площадь 176,58 м²; 3 этажа; габариты 9.9×15.1 м; материал — газобетон; стиль — хай-тек. Откройте проект, чтобы подробно рассмотреть помещения, размеры и фасады.",https://catalog-plans.ru/catalog/63-87A?utm_source=pinterest&utm_medium=organic&utm_campaign=generated_premium_choice_video_batch_48&utm_content=pin_9080_63-87a_premium_choice&utm_term=proekty-chastnyh-domov,,"проект дома 63-87A, Проекты частных домов, готовый проект дома, планировка дома, архитектура дома, фасады частного дома, поэтажные планы, фасады дома, catalog-plans.ru, дом 176,58 м², газобетон, хай-тек"
Дом №62-71WL: полный обзор проекта,https://raw.githubusercontent.com/nemchenik/test/1ddeff2675df6722ac6e895b28109f9901890fbf/pinterest/generated_batch_48_premium_choice_video/62-71WL.mp4,Готовые проекты домов,00:01,"Проект дома №62-71WL. Архитектурный обзор помогает быстро оценить проект со всех сторон. Все изображения получены непосредственно из карточки соответствующего проекта. Параметры проекта: площадь 224,31 м²; 2 этажа; габариты 15.16×15.35 м; материал — монолитный каркас; стиль — хай-тек. На сайте доступны все планы, характеристики и состав проектной документации.",https://catalog-plans.ru/catalog/62-71WL?utm_source=pinterest&utm_medium=organic&utm_campaign=generated_premium_choice_video_batch_48&utm_content=pin_9081_62-71wl_clean_floor_plans&utm_term=gotovye-proekty-domov,,"проект дома 62-71WL, Готовые проекты домов, готовый проект дома, планировка дома, архитектура дома, фасады частного дома, поэтажные планы, фасады дома, catalog-plans.ru, дом 224,31 м², монолитный каркас, хай-тек"
Проект №47-47: премиальный обзор,https://raw.githubusercontent.com/nemchenik/test/1ddeff2675df6722ac6e895b28109f9901890fbf/pinterest/generated_batch_48_premium_choice_video/47-47.mp4,Планировки загородных домов,00:01,"Проект дома №47-47. Ролик показывает визуализацию, реальную планировку и чертежи фасадов. Планы этажей помогают оценить расположение комнат и общую логику дома. Параметры проекта: площадь 355,9 м²; 2 этажа; габариты 15×16.33 м; материал — кирпич; стиль — средневековый. Перейдите к карточке дома и оцените характеристики выбранного проекта.",https://catalog-plans.ru/catalog/47-47?utm_source=pinterest&utm_medium=organic&utm_campaign=generated_premium_choice_video_batch_48&utm_content=pin_9082_47-47_graphite_facades&utm_term=planirovki-zagorodnyh-domov,,"проект дома 47-47, Планировки загородных домов, готовый проект дома, планировка дома, архитектура дома, фасады частного дома, поэтажные планы, фасады дома, catalog-plans.ru, дом 355,9 м², кирпич, средневековый"
Дом №58-77: пространство для жизни,https://raw.githubusercontent.com/nemchenik/test/1ddeff2675df6722ac6e895b28109f9901890fbf/pinterest/generated_batch_48_premium_choice_video/58-77.mp4,Красивые фасады домов,00:01,Проект дома №58-77. Новый формат объединяет главные материалы карточки проекта в одном видео. Четыре фасада дают представление об архитектуре со всех сторон. Параметры проекта: площадь 161 м²; 2 этажа; габариты 11.2×11.5 м; материал — газобетон; стиль — современный. Сохраните вариант и сравните его с другими проектами из каталога.,https://catalog-plans.ru/catalog/58-77?utm_source=pinterest&utm_medium=organic&utm_campaign=generated_premium_choice_video_batch_48&utm_content=pin_9083_58-77_modern_architecture&utm_term=krasivye-fasady-domov,,"проект дома 58-77, Красивые фасады домов, готовый проект дома, планировка дома, архитектура дома, фасады частного дома, поэтажные планы, фасады дома, catalog-plans.ru, дом 161 м², газобетон, современный"
Проект №49-87A: архитектура в деталях,https://raw.githubusercontent.com/nemchenik/test/1ddeff2675df6722ac6e895b28109f9901890fbf/pinterest/generated_batch_48_premium_choice_video/49-87A.mp4,Архитектура частного дома,00:01,"Проект дома №49-87A. В коротком видео собраны внешний вид дома, его планы и фасады. Проект случайным образом выбран из полного каталога catalog-plans.ru. Параметры проекта: площадь 355,11 м²; 3 этажа; габариты 13.1×18.5 м; материал — кирпич. Откройте проект, чтобы подробно рассмотреть помещения, размеры и фасады.",https://catalog-plans.ru/catalog/49-87A?utm_source=pinterest&utm_medium=organic&utm_campaign=generated_premium_choice_video_batch_48&utm_content=pin_9084_49-87a_premium_choice&utm_term=arhitektura-chastnogo-doma,,"проект дома 49-87A, Архитектура частного дома, готовый проект дома, планировка дома, архитектура дома, фасады частного дома, поэтажные планы, фасады дома, catalog-plans.ru, дом 355,11 м², кирпич"
Дом №36-87: готовое решение,https://raw.githubusercontent.com/nemchenik/test/1ddeff2675df6722ac6e895b28109f9901890fbf/pinterest/generated_batch_48_premium_choice_video/36-87.mp4,Дома с планами и фасадами,00:01,"Проект дома №36-87. Архитектурный обзор помогает быстро оценить проект со всех сторон. Все изображения получены непосредственно из карточки соответствующего проекта. Параметры проекта: площадь 191,5 м²; 2 этажа; габариты 8.7×13.5 м; материал — газобетон; стиль — современный. На сайте доступны все планы, характеристики и состав проектной документации.",https://catalog-plans.ru/catalog/36-87?utm_source=pinterest&utm_medium=organic&utm_campaign=generated_premium_choice_video_batch_48&utm_content=pin_9085_36-87_clean_floor_plans&utm_term=doma-s-planami-i-fasadami,,"проект дома 36-87, Дома с планами и фасадами, готовый проект дома, планировка дома, архитектура дома, фасады частного дома, поэтажные планы, фасады дома, catalog-plans.ru, дом 191,5 м², газобетон, современный"
Проект №59-98ABL: откройте все детали,https://raw.githubusercontent.com/nemchenik/test/1ddeff2675df6722ac6e895b28109f9901890fbf/pinterest/generated_batch_48_premium_choice_video/59-98ABL.mp4,Двухэтажные проекты домов,00:01,"Проект дома №59-98ABL. Ролик показывает визуализацию, реальную планировку и чертежи фасадов. Планы этажей помогают оценить расположение комнат и общую логику дома. Параметры проекта: площадь 172,28 м²; 2 этажа; габариты 10.5×12.2 м; материал — газобетон; стиль — скандинавский. Перейдите к карточке дома и оцените характеристики выбранного проекта.",https://catalog-plans.ru/catalog/59-98ABL?utm_source=pinterest&utm_medium=organic&utm_campaign=generated_premium_choice_video_batch_48&utm_content=pin_9086_59-98abl_graphite_facades&utm_term=dvuhetazhnye-proekty-domov,,"проект дома 59-98ABL, Двухэтажные проекты домов, готовый проект дома, планировка дома, архитектура дома, фасады частного дома, поэтажные планы, фасады дома, catalog-plans.ru, дом 172,28 м², газобетон, скандинавский"
Дом №57-46: полный обзор проекта,https://raw.githubusercontent.com/nemchenik/test/1ddeff2675df6722ac6e895b28109f9901890fbf/pinterest/generated_batch_48_premium_choice_video/57-46.mp4,Проекты частных домов,00:01,"Проект дома №57-46. Новый формат объединяет главные материалы карточки проекта в одном видео. Четыре фасада дают представление об архитектуре со всех сторон. Параметры проекта: площадь 197,37 м²; 2 этажа; габариты 12.45×14 м; материал — газобетон; стиль — современный. Сохраните вариант и сравните его с другими проектами из каталога.",https://catalog-plans.ru/catalog/57-46?utm_source=pinterest&utm_medium=organic&utm_campaign=generated_premium_choice_video_batch_48&utm_content=pin_9087_57-46_modern_architecture&utm_term=proekty-chastnyh-domov,,"проект дома 57-46, Проекты частных домов, готовый проект дома, планировка дома, архитектура дома, фасады частного дома, поэтажные планы, фасады дома, catalog-plans.ru, дом 197,37 м², газобетон, современный"
Проект №40-13: премиальный обзор,https://raw.githubusercontent.com/nemchenik/test/1ddeff2675df6722ac6e895b28109f9901890fbf/pinterest/generated_batch_48_premium_choice_video/40-13.mp4,Готовые проекты домов,00:01,"Проект дома №40-13. В коротком видео собраны внешний вид дома, его планы и фасады. Проект случайным образом выбран из полного каталога catalog-plans.ru. Параметры проекта: площадь 198,03 м²; 2 этажа; габариты 11.48×15 м; материал — кирпич; стиль — скандинавский. Откройте проект, чтобы подробно рассмотреть помещения, размеры и фасады.",https://catalog-plans.ru/catalog/40-13?utm_source=pinterest&utm_medium=organic&utm_campaign=generated_premium_choice_video_batch_48&utm_content=pin_9088_40-13_premium_choice&utm_term=gotovye-proekty-domov,,"проект дома 40-13, Готовые проекты домов, готовый проект дома, планировка дома, архитектура дома, фасады частного дома, поэтажные планы, фасады дома, catalog-plans.ru, дом 198,03 м², кирпич, скандинавский"
Дом №40-45BAGL: пространство для жизни,https://raw.githubusercontent.com/nemchenik/test/1ddeff2675df6722ac6e895b28109f9901890fbf/pinterest/generated_batch_48_premium_choice_video/40-45BAGL.mp4,Планировки загородных домов,00:01,"Проект дома №40-45BAGL. Архитектурный обзор помогает быстро оценить проект со всех сторон. Все изображения получены непосредственно из карточки соответствующего проекта. Параметры проекта: площадь 248,58 м²; 2 этажа; габариты 12×18.2 м; материал — газобетон. На сайте доступны все планы, характеристики и состав проектной документации.",https://catalog-plans.ru/catalog/40-45BAGL?utm_source=pinterest&utm_medium=organic&utm_campaign=generated_premium_choice_video_batch_48&utm_content=pin_9089_40-45bagl_clean_floor_plans&utm_term=planirovki-zagorodnyh-domov,,"проект дома 40-45BAGL, Планировки загородных домов, готовый проект дома, планировка дома, архитектура дома, фасады частного дома, поэтажные планы, фасады дома, catalog-plans.ru, дом 248,58 м², газобетон"
Проект №46-08PK1: архитектура в деталях,https://raw.githubusercontent.com/nemchenik/test/1ddeff2675df6722ac6e895b28109f9901890fbf/pinterest/generated_batch_48_premium_choice_video/46-08PK1.mp4,Красивые фасады домов,00:01,"Проект дома №46-08PK1. Ролик показывает визуализацию, реальную планировку и чертежи фасадов. Планы этажей помогают оценить расположение комнат и общую логику дома. Параметры проекта: площадь 290,76 м²; 2 этажа; габариты 13.82×16.68 м; материал — кирпич; стиль — современный. Перейдите к карточке дома и оцените характеристики выбранного проекта.",https://catalog-plans.ru/catalog/46-08PK1?utm_source=pinterest&utm_medium=organic&utm_campaign=generated_premium_choice_video_batch_48&utm_content=pin_9090_46-08pk1_graphite_facades&utm_term=krasivye-fasady-domov,,"проект дома 46-08PK1, Красивые фасады домов, готовый проект дома, планировка дома, архитектура дома, фасады частного дома, поэтажные планы, фасады дома, catalog-plans.ru, дом 290,76 м², кирпич, современный"
Дом №57-06K: готовое решение,https://raw.githubusercontent.com/nemchenik/test/1ddeff2675df6722ac6e895b28109f9901890fbf/pinterest/generated_batch_48_premium_choice_video/57-06K.mp4,Архитектура частного дома,00:01,"Проект дома №57-06K. Новый формат объединяет главные материалы карточки проекта в одном видео. Четыре фасада дают представление об архитектуре со всех сторон. Параметры проекта: площадь 132,1 м²; 1 этаж; габариты 14.7×14.7 м; материал — кирпич; стиль — европейский. Сохраните вариант и сравните его с другими проектами из каталога.",https://catalog-plans.ru/catalog/57-06K?utm_source=pinterest&utm_medium=organic&utm_campaign=generated_premium_choice_video_batch_48&utm_content=pin_9091_57-06k_modern_architecture&utm_term=arhitektura-chastnogo-doma,,"проект дома 57-06K, Архитектура частного дома, готовый проект дома, планировка дома, архитектура дома, фасады частного дома, поэтажные планы, фасады дома, catalog-plans.ru, дом 132,1 м², кирпич, европейский"
Проект №71-09: откройте все детали,https://raw.githubusercontent.com/nemchenik/test/1ddeff2675df6722ac6e895b28109f9901890fbf/pinterest/generated_batch_48_premium_choice_video/71-09.mp4,Дома с планами и фасадами,00:01,"Проект дома №71-09. В коротком видео собраны внешний вид дома, его планы и фасады. Проект случайным образом выбран из полного каталога catalog-plans.ru. Параметры проекта: площадь 245,49 м²; 2 этажа; габариты 12×12 м; материал — деревянный каркас; стиль — шале. Откройте проект, чтобы подробно рассмотреть помещения, размеры и фасады.",https://catalog-plans.ru/catalog/71-09?utm_source=pinterest&utm_medium=organic&utm_campaign=generated_premium_choice_video_batch_48&utm_content=pin_9092_71-09_premium_choice&utm_term=doma-s-planami-i-fasadami,,"проект дома 71-09, Дома с планами и фасадами, готовый проект дома, планировка дома, архитектура дома, фасады частного дома, поэтажные планы, фасады дома, catalog-plans.ru, дом 245,49 м², деревянный каркас, шале"
Дом №65-24: полный обзор проекта,https://raw.githubusercontent.com/nemchenik/test/1ddeff2675df6722ac6e895b28109f9901890fbf/pinterest/generated_batch_48_premium_choice_video/65-24.mp4,Одноэтажные проекты домов,00:01,"Проект дома №65-24. Архитектурный обзор помогает быстро оценить проект со всех сторон. Все изображения получены непосредственно из карточки соответствующего проекта. Параметры проекта: площадь 187,58 м²; 1 этаж; габариты 13×20.1 м; материал — газобетон; стиль — европейский. На сайте доступны все планы, характеристики и состав проектной документации.",https://catalog-plans.ru/catalog/65-24?utm_source=pinterest&utm_medium=organic&utm_campaign=generated_premium_choice_video_batch_48&utm_content=pin_9093_65-24_clean_floor_plans&utm_term=odnoetazhnye-proekty-domov,,"проект дома 65-24, Одноэтажные проекты домов, готовый проект дома, планировка дома, архитектура дома, фасады частного дома, поэтажные планы, фасады дома, catalog-plans.ru, дом 187,58 м², газобетон, европейский"
Проект №63-57: премиальный обзор,https://raw.githubusercontent.com/nemchenik/test/1ddeff2675df6722ac6e895b28109f9901890fbf/pinterest/generated_batch_48_premium_choice_video/63-57.mp4,Проекты частных домов,00:01,"Проект дома №63-57. Ролик показывает визуализацию, реальную планировку и чертежи фасадов. Планы этажей помогают оценить расположение комнат и общую логику дома. Параметры проекта: площадь 178,7 м²; 2 этажа; габариты 11.2×18.6 м; материал — газобетон; стиль — хай-тек. Перейдите к карточке дома и оцените характеристики выбранного проекта.",https://catalog-plans.ru/catalog/63-57?utm_source=pinterest&utm_medium=organic&utm_campaign=generated_premium_choice_video_batch_48&utm_content=pin_9094_63-57_graphite_facades&utm_term=proekty-chastnyh-domov,,"проект дома 63-57, Проекты частных домов, готовый проект дома, планировка дома, архитектура дома, фасады частного дома, поэтажные планы, фасады дома, catalog-plans.ru, дом 178,7 м², газобетон, хай-тек"
Дом №65-23: пространство для жизни,https://raw.githubusercontent.com/nemchenik/test/1ddeff2675df6722ac6e895b28109f9901890fbf/pinterest/generated_batch_48_premium_choice_video/65-23.mp4,Готовые проекты домов,00:01,"Проект дома №65-23. Новый формат объединяет главные материалы карточки проекта в одном видео. Четыре фасада дают представление об архитектуре со всех сторон. Параметры проекта: площадь 285,09 м²; 2 этажа; габариты 14.64×15.74 м; материал — газобетон; стиль — хай-тек. Сохраните вариант и сравните его с другими проектами из каталога.",https://catalog-plans.ru/catalog/65-23?utm_source=pinterest&utm_medium=organic&utm_campaign=generated_premium_choice_video_batch_48&utm_content=pin_9095_65-23_modern_architecture&utm_term=gotovye-proekty-domov,,"проект дома 65-23, Готовые проекты домов, готовый проект дома, планировка дома, архитектура дома, фасады частного дома, поэтажные планы, фасады дома, catalog-plans.ru, дом 285,09 м², газобетон, хай-тек"
Проект №49-77: архитектура в деталях,https://raw.githubusercontent.com/nemchenik/test/1ddeff2675df6722ac6e895b28109f9901890fbf/pinterest/generated_batch_48_premium_choice_video/49-77.mp4,Планировки загородных домов,00:01,"Проект дома №49-77. В коротком видео собраны внешний вид дома, его планы и фасады. Проект случайным образом выбран из полного каталога catalog-plans.ru. Параметры проекта: площадь 364,82 м²; 2 этажа; габариты 13.95×17.35 м; материал — кирпич; стиль — современный. Откройте проект, чтобы подробно рассмотреть помещения, размеры и фасады.",https://catalog-plans.ru/catalog/49-77?utm_source=pinterest&utm_medium=organic&utm_campaign=generated_premium_choice_video_batch_48&utm_content=pin_9096_49-77_premium_choice&utm_term=planirovki-zagorodnyh-domov,,"проект дома 49-77, Планировки загородных домов, готовый проект дома, планировка дома, архитектура дома, фасады частного дома, поэтажные планы, фасады дома, catalog-plans.ru, дом 364,82 м², кирпич, современный"
Дом №48-15: готовое решение,https://raw.githubusercontent.com/nemchenik/test/1ddeff2675df6722ac6e895b28109f9901890fbf/pinterest/generated_batch_48_premium_choice_video/48-15.mp4,Красивые фасады домов,00:01,"Проект дома №48-15. Архитектурный обзор помогает быстро оценить проект со всех сторон. Все изображения получены непосредственно из карточки соответствующего проекта. Параметры проекта: площадь 180,5 м²; 2 этажа; габариты 11.4×15.3 м; материал — газобетон; стиль — современный. На сайте доступны все планы, характеристики и состав проектной документации.",https://catalog-plans.ru/catalog/48-15?utm_source=pinterest&utm_medium=organic&utm_campaign=generated_premium_choice_video_batch_48&utm_content=pin_9097_48-15_clean_floor_plans&utm_term=krasivye-fasady-domov,,"проект дома 48-15, Красивые фасады домов, готовый проект дома, планировка дома, архитектура дома, фасады частного дома, поэтажные планы, фасады дома, catalog-plans.ru, дом 180,5 м², газобетон, современный"
Проект №68-17: откройте все детали,https://raw.githubusercontent.com/nemchenik/test/1ddeff2675df6722ac6e895b28109f9901890fbf/pinterest/generated_batch_48_premium_choice_video/68-17.mp4,Архитектура частного дома,00:01,"Проект дома №68-17. Ролик показывает визуализацию, реальную планировку и чертежи фасадов. Планы этажей помогают оценить расположение комнат и общую логику дома. Параметры проекта: площадь 147,97 м²; 1 этаж; габариты 15.1×15.16 м; материал — монолитный каркас; стиль — хай-тек. Перейдите к карточке дома и оцените характеристики выбранного проекта.",https://catalog-plans.ru/catalog/68-17?utm_source=pinterest&utm_medium=organic&utm_campaign=generated_premium_choice_video_batch_48&utm_content=pin_9098_68-17_graphite_facades&utm_term=arhitektura-chastnogo-doma,,"проект дома 68-17, Архитектура частного дома, готовый проект дома, планировка дома, архитектура дома, фасады частного дома, поэтажные планы, фасады дома, catalog-plans.ru, дом 147,97 м², монолитный каркас, хай-тек"
Дом №62-36L: полный обзор проекта,https://raw.githubusercontent.com/nemchenik/test/1ddeff2675df6722ac6e895b28109f9901890fbf/pinterest/generated_batch_48_premium_choice_video/62-36L.mp4,Готовые проекты домов,00:01,"Проект дома №62-36L. Новый формат объединяет главные материалы карточки проекта в одном видео. Четыре фасада дают представление об архитектуре со всех сторон. Параметры проекта: площадь 395,27 м²; 3 этажа; габариты 12.6×16.5 м; материал — газобетон; стиль — европейский. Сохраните вариант и сравните его с другими проектами из каталога.",https://catalog-plans.ru/catalog/62-36L?utm_source=pinterest&utm_medium=organic&utm_campaign=generated_premium_choice_video_batch_48&utm_content=pin_9099_62-36l_modern_architecture&utm_term=gotovye-proekty-domov,,"проект дома 62-36L, Готовые проекты домов, готовый проект дома, планировка дома, архитектура дома, фасады частного дома, поэтажные планы, фасады дома, catalog-plans.ru, дом 395,27 м², газобетон, европейский"
Проект №13-88: премиальный обзор,https://raw.githubusercontent.com/nemchenik/test/1ddeff2675df6722ac6e895b28109f9901890fbf/pinterest/generated_batch_48_premium_choice_video/13-88.mp4,Двухэтажные проекты домов,00:01,"Проект дома №13-88. В коротком видео собраны внешний вид дома, его планы и фасады. Проект случайным образом выбран из полного каталога catalog-plans.ru. Параметры проекта: площадь 188,5 м²; 2 этажа; габариты 11.6×13.8 м; материал — дерево; стиль — европейский. Откройте проект, чтобы подробно рассмотреть помещения, размеры и фасады.",https://catalog-plans.ru/catalog/13-88?utm_source=pinterest&utm_medium=organic&utm_campaign=generated_premium_choice_video_batch_48&utm_content=pin_9100_13-88_premium_choice&utm_term=dvuhetazhnye-proekty-domov,,"проект дома 13-88, Двухэтажные проекты домов, готовый проект дома, планировка дома, архитектура дома, фасады частного дома, поэтажные планы, фасады дома, catalog-plans.ru, дом 188,5 м², дерево, европейский"
Дом №40-11A3L: пространство для жизни,https://raw.githubusercontent.com/nemchenik/test/1ddeff2675df6722ac6e895b28109f9901890fbf/pinterest/generated_batch_48_premium_choice_video/40-11A3L.mp4,Красивые фасады домов,00:01,"Проект дома №40-11A3L. Архитектурный обзор помогает быстро оценить проект со всех сторон. Все изображения получены непосредственно из карточки соответствующего проекта. Параметры проекта: площадь 288,52 м²; 3 этажа; габариты 13×14.47 м; материал — газобетон; стиль — европейский. На сайте доступны все планы, характеристики и состав проектной документации.",https://catalog-plans.ru/catalog/40-11A3L?utm_source=pinterest&utm_medium=organic&utm_campaign=generated_premium_choice_video_batch_48&utm_content=pin_9101_40-11a3l_clean_floor_plans&utm_term=krasivye-fasady-domov,,"проект дома 40-11A3L, Красивые фасады домов, готовый проект дома, планировка дома, архитектура дома, фасады частного дома, поэтажные планы, фасады дома, catalog-plans.ru, дом 288,52 м², газобетон, европейский"
Проект №60-26: архитектура в деталях,https://raw.githubusercontent.com/nemchenik/test/1ddeff2675df6722ac6e895b28109f9901890fbf/pinterest/generated_batch_48_premium_choice_video/60-26.mp4,Готовые проекты домов,00:01,"Проект дома №60-26. Ролик показывает визуализацию, реальную планировку и чертежи фасадов. Планы этажей помогают оценить расположение комнат и общую логику дома. Параметры проекта: площадь 132,5 м²; 2 этажа; габариты 8.65×9.95 м; материал — газобетон. Перейдите к карточке дома и оцените характеристики выбранного проекта.",https://catalog-plans.ru/catalog/60-26?utm_source=pinterest&utm_medium=organic&utm_campaign=generated_premium_choice_video_batch_48&utm_content=pin_9102_60-26_graphite_facades&utm_term=gotovye-proekty-domov,,"проект дома 60-26, Готовые проекты домов, готовый проект дома, планировка дома, архитектура дома, фасады частного дома, поэтажные планы, фасады дома, catalog-plans.ru, дом 132,5 м², газобетон"
Дом №45-64NHAK1L: готовое решение,https://raw.githubusercontent.com/nemchenik/test/1ddeff2675df6722ac6e895b28109f9901890fbf/pinterest/generated_batch_48_premium_choice_video/45-64NHAK1L.mp4,Планировки загородных домов,00:01,"Проект дома №45-64NHAK1L. Новый формат объединяет главные материалы карточки проекта в одном видео. Четыре фасада дают представление об архитектуре со всех сторон. Параметры проекта: площадь 230,59 м²; 2 этажа; габариты 12.66×14.55 м; материал — кирпич; стиль — стиль Райта. Сохраните вариант и сравните его с другими проектами из каталога.",https://catalog-plans.ru/catalog/45-64NHAK1L?utm_source=pinterest&utm_medium=organic&utm_campaign=generated_premium_choice_video_batch_48&utm_content=pin_9103_45-64nhak1l_modern_architecture&utm_term=planirovki-zagorodnyh-domov,,"проект дома 45-64NHAK1L, Планировки загородных домов, готовый проект дома, планировка дома, архитектура дома, фасады частного дома, поэтажные планы, фасады дома, catalog-plans.ru, дом 230,59 м², кирпич, стиль Райта"
Проект №34-95: откройте все детали,https://raw.githubusercontent.com/nemchenik/test/1ddeff2675df6722ac6e895b28109f9901890fbf/pinterest/generated_batch_48_premium_choice_video/34-95.mp4,Красивые фасады домов,00:01,"Проект дома №34-95. В коротком видео собраны внешний вид дома, его планы и фасады. Проект случайным образом выбран из полного каталога catalog-plans.ru. Параметры проекта: площадь 113,8 м²; 2 этажа; габариты 8×9.5 м; материал — кирпич; стиль — современный. Откройте проект, чтобы подробно рассмотреть помещения, размеры и фасады.",https://catalog-plans.ru/catalog/34-95?utm_source=pinterest&utm_medium=organic&utm_campaign=generated_premium_choice_video_batch_48&utm_content=pin_9104_34-95_premium_choice&utm_term=krasivye-fasady-domov,,"проект дома 34-95, Красивые фасады домов, готовый проект дома, планировка дома, архитектура дома, фасады частного дома, поэтажные планы, фасады дома, catalog-plans.ru, дом 113,8 м², кирпич, современный"
Дом №58-13: полный обзор проекта,https://raw.githubusercontent.com/nemchenik/test/1ddeff2675df6722ac6e895b28109f9901890fbf/pinterest/generated_batch_48_premium_choice_video/58-13.mp4,Архитектура частного дома,00:01,"Проект дома №58-13. Архитектурный обзор помогает быстро оценить проект со всех сторон. Все изображения получены непосредственно из карточки соответствующего проекта. Параметры проекта: площадь 143,9 м²; 2 этажа; габариты 10.1×10.1 м; материал — газобетон; стиль — шале. На сайте доступны все планы, характеристики и состав проектной документации.",https://catalog-plans.ru/catalog/58-13?utm_source=pinterest&utm_medium=organic&utm_campaign=generated_premium_choice_video_batch_48&utm_content=pin_9105_58-13_clean_floor_plans&utm_term=arhitektura-chastnogo-doma,,"проект дома 58-13, Архитектура частного дома, готовый проект дома, планировка дома, архитектура дома, фасады частного дома, поэтажные планы, фасады дома, catalog-plans.ru, дом 143,9 м², газобетон, шале"
Проект №58-16: премиальный обзор,https://raw.githubusercontent.com/nemchenik/test/1ddeff2675df6722ac6e895b28109f9901890fbf/pinterest/generated_batch_48_premium_choice_video/58-16.mp4,Дома с планами и фасадами,00:01,"Проект дома №58-16. Ролик показывает визуализацию, реальную планировку и чертежи фасадов. Планы этажей помогают оценить расположение комнат и общую логику дома. Параметры проекта: площадь 135,07 м²; 2 этажа; габариты 10.1×10.1 м; материал — газобетон; стиль — современный. Перейдите к карточке дома и оцените характеристики выбранного проекта.",https://catalog-plans.ru/catalog/58-16?utm_source=pinterest&utm_medium=organic&utm_campaign=generated_premium_choice_video_batch_48&utm_content=pin_9106_58-16_graphite_facades&utm_term=doma-s-planami-i-fasadami,,"проект дома 58-16, Дома с планами и фасадами, готовый проект дома, планировка дома, архитектура дома, фасады частного дома, поэтажные планы, фасады дома, catalog-plans.ru, дом 135,07 м², газобетон, современный"
Дом №52-53: пространство для жизни,https://raw.githubusercontent.com/nemchenik/test/1ddeff2675df6722ac6e895b28109f9901890fbf/pinterest/generated_batch_48_premium_choice_video/52-53.mp4,Двухэтажные проекты домов,00:01,"Проект дома №52-53. Новый формат объединяет главные материалы карточки проекта в одном видео. Четыре фасада дают представление об архитектуре со всех сторон. Параметры проекта: площадь 190,3 м²; 2 этажа; габариты 8×10.2 м; материал — ячеистые бетонные блоки; стиль — современный. Сохраните вариант и сравните его с другими проектами из каталога.",https://catalog-plans.ru/catalog/52-53?utm_source=pinterest&utm_medium=organic&utm_campaign=generated_premium_choice_video_batch_48&utm_content=pin_9107_52-53_modern_architecture&utm_term=dvuhetazhnye-proekty-domov,,"проект дома 52-53, Двухэтажные проекты домов, готовый проект дома, планировка дома, архитектура дома, фасады частного дома, поэтажные планы, фасады дома, catalog-plans.ru, дом 190,3 м², ячеистые бетонные блоки, современный"
Проект №40-66G: архитектура в деталях,https://raw.githubusercontent.com/nemchenik/test/1ddeff2675df6722ac6e895b28109f9901890fbf/pinterest/generated_batch_48_premium_choice_video/40-66G.mp4,Проекты частных домов,00:01,"Проект дома №40-66G. В коротком видео собраны внешний вид дома, его планы и фасады. Проект случайным образом выбран из полного каталога catalog-plans.ru. Параметры проекта: площадь 371,63 м²; 2 этажа; габариты 12.37×16.12 м; материал — газобетон; стиль — европейский. Откройте проект, чтобы подробно рассмотреть помещения, размеры и фасады.",https://catalog-plans.ru/catalog/40-66G?utm_source=pinterest&utm_medium=organic&utm_campaign=generated_premium_choice_video_batch_48&utm_content=pin_9108_40-66g_premium_choice&utm_term=proekty-chastnyh-domov,,"проект дома 40-66G, Проекты частных домов, готовый проект дома, планировка дома, архитектура дома, фасады частного дома, поэтажные планы, фасады дома, catalog-plans.ru, дом 371,63 м², газобетон, европейский"
Дом №57-69AKL: готовое решение,https://raw.githubusercontent.com/nemchenik/test/1ddeff2675df6722ac6e895b28109f9901890fbf/pinterest/generated_batch_48_premium_choice_video/57-69AKL.mp4,Готовые проекты домов,00:01,"Проект дома №57-69AKL. Архитектурный обзор помогает быстро оценить проект со всех сторон. Все изображения получены непосредственно из карточки соответствующего проекта. Параметры проекта: площадь 287,12 м²; 2 этажа; габариты 14.66×18.39 м; материал — кирпич; стиль — европейский. На сайте доступны все планы, характеристики и состав проектной документации.",https://catalog-plans.ru/catalog/57-69AKL?utm_source=pinterest&utm_medium=organic&utm_campaign=generated_premium_choice_video_batch_48&utm_content=pin_9109_57-69akl_clean_floor_plans&utm_term=gotovye-proekty-domov,,"проект дома 57-69AKL, Готовые проекты домов, готовый проект дома, планировка дома, архитектура дома, фасады частного дома, поэтажные планы, фасады дома, catalog-plans.ru, дом 287,12 м², кирпич, европейский"
Проект №58-84EAL: откройте все детали,https://raw.githubusercontent.com/nemchenik/test/1ddeff2675df6722ac6e895b28109f9901890fbf/pinterest/generated_batch_48_premium_choice_video/58-84EAL.mp4,Планировки загородных домов,00:01,"Проект дома №58-84EAL. Ролик показывает визуализацию, реальную планировку и чертежи фасадов. Планы этажей помогают оценить расположение комнат и общую логику дома. Параметры проекта: площадь 216,93 м²; 1 этаж; габариты 12.4×24.3 м; материал — газобетон; стиль — скандинавский. Перейдите к карточке дома и оцените характеристики выбранного проекта.",https://catalog-plans.ru/catalog/58-84EAL?utm_source=pinterest&utm_medium=organic&utm_campaign=generated_premium_choice_video_batch_48&utm_content=pin_9110_58-84eal_graphite_facades&utm_term=planirovki-zagorodnyh-domov,,"проект дома 58-84EAL, Планировки загородных домов, готовый проект дома, планировка дома, архитектура дома, фасады частного дома, поэтажные планы, фасады дома, catalog-plans.ru, дом 216,93 м², газобетон, скандинавский"
Дом №33-38: полный обзор проекта,https://raw.githubusercontent.com/nemchenik/test/1ddeff2675df6722ac6e895b28109f9901890fbf/pinterest/generated_batch_48_premium_choice_video/33-38.mp4,Красивые фасады домов,00:01,"Проект дома №33-38. Новый формат объединяет главные материалы карточки проекта в одном видео. Четыре фасада дают представление об архитектуре со всех сторон. Параметры проекта: площадь 185,15 м²; 2 этажа; габариты 11.4×12.6 м; материал — кирпич; стиль — скандинавский. Сохраните вариант и сравните его с другими проектами из каталога.",https://catalog-plans.ru/catalog/33-38?utm_source=pinterest&utm_medium=organic&utm_campaign=generated_premium_choice_video_batch_48&utm_content=pin_9111_33-38_modern_architecture&utm_term=krasivye-fasady-domov,,"проект дома 33-38, Красивые фасады домов, готовый проект дома, планировка дома, архитектура дома, фасады частного дома, поэтажные планы, фасады дома, catalog-plans.ru, дом 185,15 м², кирпич, скандинавский"
