Title,Media URL,Pinterest board,Thumbnail,Description,Link,Publish date,Keywords
"Проект дома №13-59: планы, фасады и размеры",https://raw.githubusercontent.com/nemchenik/test/catalog-plans-pinterest-assets/pinterest/generated_batch_31_static_fixed/13-59.jpg,Проекты домов до 100 м²,,"Проект дома №13-59. На превью показана реальная визуализация дома с catalog-plans.ru. Такой формат помогает быстро сопоставить внешний вид, площадь и параметры дома. Параметры проекта: площадь 89,17 м²; 2 этажа; габариты 7×8 м; материал — дерево; стиль — европейский. Такой пин особенно полезен, когда вы сравниваете сразу несколько вариантов. После перехода на сайт можно изучить планы этажей, фасады, размеры и характеристики.",https://catalog-plans.ru/catalog/13-59?utm_source=pinterest&utm_medium=organic&utm_campaign=generated_house_cards_static_fixed_batch_31&utm_content=pin_5512_13-59_plans&utm_term=proekty-domov-do-100-m,,"проект дома 13-59, проект №13-59, Проекты домов до 100 м², готовый проект дома, планировка дома, фасады дома, дом с размерами, визуализация дома, дом 89,17 м², дом дерево, дом европейский, catalog-plans.ru"
Дом №13-69: посмотреть параметры и проект,https://raw.githubusercontent.com/nemchenik/test/catalog-plans-pinterest-assets/pinterest/generated_batch_31_static_fixed/13-69.jpg,Маленькие проекты домов,,"Проект дома №13-69. В карточке использован настоящий фасад проекта из каталога catalog-plans.ru. Это удобно для первого отбора проектов ещё до детального просмотра на сайте. Параметры проекта: площадь 85,81 м²; 2 этажа; габариты 8×8 м; материал — дерево; стиль — американский. Это помогает быстрее решить, подходит ли проект по стилю и масштабу. На странице проекта доступны планировка, фасады, габариты и состав документации.",https://catalog-plans.ru/catalog/13-69?utm_source=pinterest&utm_medium=organic&utm_campaign=generated_house_cards_static_fixed_batch_31&utm_content=pin_5513_13-69_compare&utm_term=malenkie-proekty-domov,,"проект дома 13-69, проект №13-69, Маленькие проекты домов, готовый проект дома, планировка дома, фасады дома, дом с размерами, визуализация дома, дом 85,81 м², дом дерево, дом американский, catalog-plans.ru"
"Проект №40-04: фасады, размеры и планировка",https://raw.githubusercontent.com/nemchenik/test/catalog-plans-pinterest-assets/pinterest/generated_batch_31_static_fixed/40-04.jpg,Двухэтажные проекты домов,,"Проект дома №40-04. На обложке — исходное изображение этого дома с сайта catalog-plans.ru. Карточка ускоряет сравнение домов между собой и облегчает выбор в ленте Pinterest. Параметры проекта: площадь 126,88 м²; 2 этажа; габариты 9.62×10.12 м; материал — кирпич; стиль — европейский. Для выбора дома под постоянное проживание такой формат очень удобен. В карточке проекта на сайте вы увидите планы, фасады, размеры и другие детали.",https://catalog-plans.ru/catalog/40-04?utm_source=pinterest&utm_medium=organic&utm_campaign=generated_house_cards_static_fixed_batch_31&utm_content=pin_5514_40-04_site&utm_term=dvuhetazhnye-proekty-domov,,"проект дома 40-04, проект №40-04, Двухэтажные проекты домов, готовый проект дома, планировка дома, фасады дома, дом с размерами, визуализация дома, дом 126,88 м², дом кирпич, дом европейский, catalog-plans.ru"
Дом №40-04A: открыть характеристики проекта,https://raw.githubusercontent.com/nemchenik/test/catalog-plans-pinterest-assets/pinterest/generated_batch_31_static_fixed/40-04A.jpg,Проекты домов 2 этажа,,"Проект дома №40-04A. Для карточки взята реальная визуализация проекта с catalog-plans.ru. Так проще понять, стоит ли открывать проект подробнее и сохранять его в доску. Параметры проекта: площадь 133,2 м²; 2 этажа; габариты 9.35×9.9 м; материал — газобетон; стиль — европейский. Так проще не потерять интересный проект и вернуться к нему позже. После перехода откроются планы этажей, архитектурные виды и основные параметры проекта.",https://catalog-plans.ru/catalog/40-04A?utm_source=pinterest&utm_medium=organic&utm_campaign=generated_house_cards_static_fixed_batch_31&utm_content=pin_5515_40-04a_facades&utm_term=proekty-domov-2-etazha,,"проект дома 40-04A, проект №40-04A, Проекты домов 2 этажа, готовый проект дома, планировка дома, фасады дома, дом с размерами, визуализация дома, дом 133,2 м², дом газобетон, дом европейский, catalog-plans.ru"
Проект дома №40-04ABF: оценить метраж и фасад,https://raw.githubusercontent.com/nemchenik/test/catalog-plans-pinterest-assets/pinterest/generated_batch_31_static_fixed/40-04ABF.jpg,Проекты домов из газобетона,,"Проект дома №40-04ABF. Пин собран на основе канонического изображения дома из catalog-plans.ru. Пин даёт быстрый предпросмотр фасада и ключевых характеристик проекта. Параметры проекта: площадь 193,71 м²; 2 этажа; габариты 9.9×15.4 м; материал — газобетон; стиль — европейский. Если подбираете дом под участок, такой предпросмотр экономит время. На сайте можно проверить планировку, размеры, фасады и дополнительные характеристики.",https://catalog-plans.ru/catalog/40-04ABF?utm_source=pinterest&utm_medium=organic&utm_campaign=generated_house_cards_static_fixed_batch_31&utm_content=pin_5516_40-04abf_estimate&utm_term=proekty-domov-iz-gazobetona,,"проект дома 40-04ABF, проект №40-04ABF, Проекты домов из газобетона, готовый проект дома, планировка дома, фасады дома, дом с размерами, визуализация дома, дом 193,71 м², дом газобетон, дом европейский, catalog-plans.ru"
Дом №40-04AH: сравнить внешний вид и параметры,https://raw.githubusercontent.com/nemchenik/test/catalog-plans-pinterest-assets/pinterest/generated_batch_31_static_fixed/40-04AH.jpg,Проекты домов из газоблока,,"Проект дома №40-04AH. На превью размещён реальный фасад проекта из карточки дома на catalog-plans.ru. Это хороший способ быстро оценить архитектурный образ и основные цифры проекта. Параметры проекта: площадь 134,46 м²; 2 этажа; габариты 9.4×9.9 м; материал — газобетон; стиль — европейский. Карточка хорошо работает для быстрого визуального сравнения проектов. Карточка проекта содержит планы, фасады, параметры и сведения для осознанного выбора.",https://catalog-plans.ru/catalog/40-04AH?utm_source=pinterest&utm_medium=organic&utm_campaign=generated_house_cards_static_fixed_batch_31&utm_content=pin_5517_40-04ah_changes&utm_term=proekty-domov-iz-gazobloka,,"проект дома 40-04AH, проект №40-04AH, Проекты домов из газоблока, готовый проект дома, планировка дома, фасады дома, дом с размерами, визуализация дома, дом 134,46 м², дом газобетон, дом европейский, catalog-plans.ru"
Проект №40-04B: проверить размеры дома,https://raw.githubusercontent.com/nemchenik/test/catalog-plans-pinterest-assets/pinterest/generated_batch_31_static_fixed/40-04B.jpg,Европейские проекты домов,,"Проект дома №40-04B. В основе этого пина лежит исходная визуализация дома с catalog-plans.ru. Такой формат делает выбор проекта более наглядным и быстрым. Параметры проекта: площадь 132,44 м²; 2 этажа; габариты 9.5×10 м; материал — газобетон; стиль — европейский. Это удобно, когда вы хотите видеть и фасад, и основные цифры в одном кадре. На странице проекта вы сможете сравнить параметры, посмотреть планы и оценить фасады.",https://catalog-plans.ru/catalog/40-04B?utm_source=pinterest&utm_medium=organic&utm_campaign=generated_house_cards_static_fixed_batch_31&utm_content=pin_5518_40-04b_plans&utm_term=evropeyskie-proekty-domov,,"проект дома 40-04B, проект №40-04B, Европейские проекты домов, готовый проект дома, планировка дома, фасады дома, дом с размерами, визуализация дома, дом 132,44 м², дом газобетон, дом европейский, catalog-plans.ru"
Дом №40-04BBAK: архитектура и основные данные,https://raw.githubusercontent.com/nemchenik/test/catalog-plans-pinterest-assets/pinterest/generated_batch_31_static_fixed/40-04BBAK.jpg,Проекты домов в европейском стиле,,"Проект дома №40-04BBAK. Карточка использует настоящий фасад проекта, опубликованный на catalog-plans.ru. Карточка позволяет сразу увидеть проект, номер и базовые параметры дома. Параметры проекта: площадь 174,45 м²; 2 этажа; габариты 10×12 м; материал — кирпич; стиль — европейский. Пин рассчитан на быстрый переход к полному описанию проекта на сайте. Дальше на сайте доступен полный набор данных: планы, фасады, размеры и характеристики.",https://catalog-plans.ru/catalog/40-04BBAK?utm_source=pinterest&utm_medium=organic&utm_campaign=generated_house_cards_static_fixed_batch_31&utm_content=pin_5519_40-04bbak_compare&utm_term=proekty-domov-v-evropeyskom-stile,,"проект дома 40-04BBAK, проект №40-04BBAK, Проекты домов в европейском стиле, готовый проект дома, планировка дома, фасады дома, дом с размерами, визуализация дома, дом 174,45 м², дом кирпич, дом европейский, catalog-plans.ru"
"Проект дома №40-04BEA: планы, фасады и размеры",https://raw.githubusercontent.com/nemchenik/test/catalog-plans-pinterest-assets/pinterest/generated_batch_31_static_fixed/40-04BEA.jpg,Проекты частных домов с планировкой,,"Проект дома №40-04BEA. На превью показана реальная визуализация дома с catalog-plans.ru. Такой формат помогает быстро сопоставить внешний вид, площадь и параметры дома. Параметры проекта: площадь 148,24 м²; 2 этажа; габариты 10.26×10.26 м; материал — газобетон; стиль — европейский. Такой пин особенно полезен, когда вы сравниваете сразу несколько вариантов. После перехода на сайт можно изучить планы этажей, фасады, размеры и характеристики.",https://catalog-plans.ru/catalog/40-04BEA?utm_source=pinterest&utm_medium=organic&utm_campaign=generated_house_cards_static_fixed_batch_31&utm_content=pin_5520_40-04bea_site&utm_term=proekty-chastnyh-domov-s-planirovkoy,,"проект дома 40-04BEA, проект №40-04BEA, Проекты частных домов с планировкой, готовый проект дома, планировка дома, фасады дома, дом с размерами, визуализация дома, дом 148,24 м², дом газобетон, дом европейский, catalog-plans.ru"
Дом №40-04BWW: посмотреть параметры и проект,https://raw.githubusercontent.com/nemchenik/test/catalog-plans-pinterest-assets/pinterest/generated_batch_31_static_fixed/40-04BWW.jpg,Проекты домов с размерами,,"Проект дома №40-04BWW. В карточке использован настоящий фасад проекта из каталога catalog-plans.ru. Это удобно для первого отбора проектов ещё до детального просмотра на сайте. Параметры проекта: площадь 158,33 м²; 2 этажа; габариты 10.1×11.1 м; материал — газобетон; стиль — хай-тек. Это помогает быстрее решить, подходит ли проект по стилю и масштабу. На странице проекта доступны планировка, фасады, габариты и состав документации.",https://catalog-plans.ru/catalog/40-04BWW?utm_source=pinterest&utm_medium=organic&utm_campaign=generated_house_cards_static_fixed_batch_31&utm_content=pin_5521_40-04bww_facades&utm_term=proekty-domov-s-razmerami,,"проект дома 40-04BWW, проект №40-04BWW, Проекты домов с размерами, готовый проект дома, планировка дома, фасады дома, дом с размерами, визуализация дома, дом 158,33 м², дом газобетон, дом хай-тек, catalog-plans.ru"
"Проект №40-04BYA: фасады, размеры и планировка",https://raw.githubusercontent.com/nemchenik/test/catalog-plans-pinterest-assets/pinterest/generated_batch_31_static_fixed/40-04BYA.jpg,Планы домов и коттеджей,,"Проект дома №40-04BYA. На обложке — исходное изображение этого дома с сайта catalog-plans.ru. Карточка ускоряет сравнение домов между собой и облегчает выбор в ленте Pinterest. Параметры проекта: площадь 160,31 м²; 2 этажа; габариты 9.6×10 м; материал — газобетон; стиль — европейский. Для выбора дома под постоянное проживание такой формат очень удобен. В карточке проекта на сайте вы увидите планы, фасады, размеры и другие детали.",https://catalog-plans.ru/catalog/40-04BYA?utm_source=pinterest&utm_medium=organic&utm_campaign=generated_house_cards_static_fixed_batch_31&utm_content=pin_5522_40-04bya_estimate&utm_term=plany-domov-i-kottedzhey,,"проект дома 40-04BYA, проект №40-04BYA, Планы домов и коттеджей, готовый проект дома, планировка дома, фасады дома, дом с размерами, визуализация дома, дом 160,31 м², дом газобетон, дом европейский, catalog-plans.ru"
Дом №40-04BZA: открыть характеристики проекта,https://raw.githubusercontent.com/nemchenik/test/catalog-plans-pinterest-assets/pinterest/generated_batch_31_static_fixed/40-04BZA.jpg,Красивые фасады частных домов,,"Проект дома №40-04BZA. Для карточки взята реальная визуализация проекта с catalog-plans.ru. Так проще понять, стоит ли открывать проект подробнее и сохранять его в доску. Параметры проекта: площадь 135,94 м²; 2 этажа; габариты 9.4×9.9 м; материал — газобетон; стиль — европейский. Так проще не потерять интересный проект и вернуться к нему позже. После перехода откроются планы этажей, архитектурные виды и основные параметры проекта.",https://catalog-plans.ru/catalog/40-04BZA?utm_source=pinterest&utm_medium=organic&utm_campaign=generated_house_cards_static_fixed_batch_31&utm_content=pin_5523_40-04bza_changes&utm_term=krasivye-fasady-chastnyh-domov,,"проект дома 40-04BZA, проект №40-04BZA, Красивые фасады частных домов, готовый проект дома, планировка дома, фасады дома, дом с размерами, визуализация дома, дом 135,94 м², дом газобетон, дом европейский, catalog-plans.ru"
Проект дома №40-04CB: оценить метраж и фасад,https://raw.githubusercontent.com/nemchenik/test/catalog-plans-pinterest-assets/pinterest/generated_batch_31_static_fixed/40-04CB.jpg,Готовые проекты коттеджей,,"Проект дома №40-04CB. Пин собран на основе канонического изображения дома из catalog-plans.ru. Пин даёт быстрый предпросмотр фасада и ключевых характеристик проекта. Параметры проекта: площадь 202,81 м²; 2 этажа; габариты 9.5×10 м; материал — газобетон; стиль — европейский. Если подбираете дом под участок, такой предпросмотр экономит время. На сайте можно проверить планировку, размеры, фасады и дополнительные характеристики.",https://catalog-plans.ru/catalog/40-04CB?utm_source=pinterest&utm_medium=organic&utm_campaign=generated_house_cards_static_fixed_batch_31&utm_content=pin_5524_40-04cb_plans&utm_term=gotovye-proekty-kottedzhey,,"проект дома 40-04CB, проект №40-04CB, Готовые проекты коттеджей, готовый проект дома, планировка дома, фасады дома, дом с размерами, визуализация дома, дом 202,81 м², дом газобетон, дом европейский, catalog-plans.ru"
Дом №40-04D: сравнить внешний вид и параметры,https://raw.githubusercontent.com/nemchenik/test/catalog-plans-pinterest-assets/pinterest/generated_batch_31_static_fixed/40-04D.jpg,Проекты домов до 150 м²,,"Проект дома №40-04D. На превью размещён реальный фасад проекта из карточки дома на catalog-plans.ru. Это хороший способ быстро оценить архитектурный образ и основные цифры проекта. Параметры проекта: площадь 132,77 м²; 2 этажа; габариты 9×9.5 м; материал — керамзитобетон; стиль — европейский. Карточка хорошо работает для быстрого визуального сравнения проектов. Карточка проекта содержит планы, фасады, параметры и сведения для осознанного выбора.",https://catalog-plans.ru/catalog/40-04D?utm_source=pinterest&utm_medium=organic&utm_campaign=generated_house_cards_static_fixed_batch_31&utm_content=pin_5525_40-04d_compare&utm_term=proekty-domov-do-150-m,,"проект дома 40-04D, проект №40-04D, Проекты домов до 150 м², готовый проект дома, планировка дома, фасады дома, дом с размерами, визуализация дома, дом 132,77 м², дом керамзитобетон, дом европейский, catalog-plans.ru"
Проект №40-04DFABL: проверить размеры дома,https://raw.githubusercontent.com/nemchenik/test/catalog-plans-pinterest-assets/pinterest/generated_batch_31_static_fixed/40-04DFABL.jpg,Проекты домов для постоянного проживания,,"Проект дома №40-04DFABL. В основе этого пина лежит исходная визуализация дома с catalog-plans.ru. Такой формат делает выбор проекта более наглядным и быстрым. Параметры проекта: площадь 150,95 м²; 2 этажа; габариты 10.4×10.8 м; материал — монолитный каркас; стиль — европейский. Это удобно, когда вы хотите видеть и фасад, и основные цифры в одном кадре. На странице проекта вы сможете сравнить параметры, посмотреть планы и оценить фасады.",https://catalog-plans.ru/catalog/40-04DFABL?utm_source=pinterest&utm_medium=organic&utm_campaign=generated_house_cards_static_fixed_batch_31&utm_content=pin_5526_40-04dfabl_site&utm_term=proekty-domov-dlya-postoyannogo-prozhivaniya,,"проект дома 40-04DFABL, проект №40-04DFABL, Проекты домов для постоянного проживания, готовый проект дома, планировка дома, фасады дома, дом с размерами, визуализация дома, дом 150,95 м², дом монолитный каркас, дом европейский, catalog-plans.ru"
Дом №40-04F: архитектура и основные данные,https://raw.githubusercontent.com/nemchenik/test/catalog-plans-pinterest-assets/pinterest/generated_batch_31_static_fixed/40-04F.jpg,Проекты домов 150–200 м²,,"Проект дома №40-04F. Карточка использует настоящий фасад проекта, опубликованный на catalog-plans.ru. Карточка позволяет сразу увидеть проект, номер и базовые параметры дома. Параметры проекта: площадь 170,9 м²; 2 этажа; габариты 9.5×15.45 м; материал — газобетон; стиль — европейский. Пин рассчитан на быстрый переход к полному описанию проекта на сайте. Дальше на сайте доступен полный набор данных: планы, фасады, размеры и характеристики.",https://catalog-plans.ru/catalog/40-04F?utm_source=pinterest&utm_medium=organic&utm_campaign=generated_house_cards_static_fixed_batch_31&utm_content=pin_5527_40-04f_facades&utm_term=proekty-domov-150-200-m,,"проект дома 40-04F, проект №40-04F, Проекты домов 150–200 м², готовый проект дома, планировка дома, фасады дома, дом с размерами, визуализация дома, дом 170,9 м², дом газобетон, дом европейский, catalog-plans.ru"
"Проект дома №40-04FBW: планы, фасады и размеры",https://raw.githubusercontent.com/nemchenik/test/catalog-plans-pinterest-assets/pinterest/generated_batch_31_static_fixed/40-04FBW.jpg,Проекты семейных домов,,"Проект дома №40-04FBW. На превью показана реальная визуализация дома с catalog-plans.ru. Такой формат помогает быстро сопоставить внешний вид, площадь и параметры дома. Параметры проекта: площадь 185,32 м²; 2 этажа; габариты 16.9×13.1 м; материал — газобетон; стиль — хай-тек. Такой пин особенно полезен, когда вы сравниваете сразу несколько вариантов. После перехода на сайт можно изучить планы этажей, фасады, размеры и характеристики.",https://catalog-plans.ru/catalog/40-04FBW?utm_source=pinterest&utm_medium=organic&utm_campaign=generated_house_cards_static_fixed_batch_31&utm_content=pin_5528_40-04fbw_estimate&utm_term=proekty-semeynyh-domov,,"проект дома 40-04FBW, проект №40-04FBW, Проекты семейных домов, готовый проект дома, планировка дома, фасады дома, дом с размерами, визуализация дома, дом 185,32 м², дом газобетон, дом хай-тек, catalog-plans.ru"
Дом №40-04FDC: посмотреть параметры и проект,https://raw.githubusercontent.com/nemchenik/test/catalog-plans-pinterest-assets/pinterest/generated_batch_31_static_fixed/40-04FDC.jpg,Двухэтажные проекты домов,,"Проект дома №40-04FDC. В карточке использован настоящий фасад проекта из каталога catalog-plans.ru. Это удобно для первого отбора проектов ещё до детального просмотра на сайте. Параметры проекта: площадь 280,26 м²; 2 этажа; габариты 9.5×15 м; материал — газобетон; стиль — европейский. Это помогает быстрее решить, подходит ли проект по стилю и масштабу. На странице проекта доступны планировка, фасады, габариты и состав документации.",https://catalog-plans.ru/catalog/40-04FDC?utm_source=pinterest&utm_medium=organic&utm_campaign=generated_house_cards_static_fixed_batch_31&utm_content=pin_5529_40-04fdc_changes&utm_term=dvuhetazhnye-proekty-domov,,"проект дома 40-04FDC, проект №40-04FDC, Двухэтажные проекты домов, готовый проект дома, планировка дома, фасады дома, дом с размерами, визуализация дома, дом 280,26 м², дом газобетон, дом европейский, catalog-plans.ru"
"Проект №40-04G: фасады, размеры и планировка",https://raw.githubusercontent.com/nemchenik/test/catalog-plans-pinterest-assets/pinterest/generated_batch_31_static_fixed/40-04G.jpg,Проекты домов 2 этажа,,"Проект дома №40-04G. На обложке — исходное изображение этого дома с сайта catalog-plans.ru. Карточка ускоряет сравнение домов между собой и облегчает выбор в ленте Pinterest. Параметры проекта: площадь 126,88 м²; 2 этажа; габариты 9.4×9.9 м; материал — газобетон; стиль — европейский. Для выбора дома под постоянное проживание такой формат очень удобен. В карточке проекта на сайте вы увидите планы, фасады, размеры и другие детали.",https://catalog-plans.ru/catalog/40-04G?utm_source=pinterest&utm_medium=organic&utm_campaign=generated_house_cards_static_fixed_batch_31&utm_content=pin_5530_40-04g_plans&utm_term=proekty-domov-2-etazha,,"проект дома 40-04G, проект №40-04G, Проекты домов 2 этажа, готовый проект дома, планировка дома, фасады дома, дом с размерами, визуализация дома, дом 126,88 м², дом газобетон, дом европейский, catalog-plans.ru"
Дом №40-04H: открыть характеристики проекта,https://raw.githubusercontent.com/nemchenik/test/catalog-plans-pinterest-assets/pinterest/generated_batch_31_static_fixed/40-04H.jpg,Проекты домов из газобетона,,"Проект дома №40-04H. Для карточки взята реальная визуализация проекта с catalog-plans.ru. Так проще понять, стоит ли открывать проект подробнее и сохранять его в доску. Параметры проекта: площадь 132,44 м²; 2 этажа; габариты 9.5×10 м; материал — газобетон; стиль — европейский. Так проще не потерять интересный проект и вернуться к нему позже. После перехода откроются планы этажей, архитектурные виды и основные параметры проекта.",https://catalog-plans.ru/catalog/40-04H?utm_source=pinterest&utm_medium=organic&utm_campaign=generated_house_cards_static_fixed_batch_31&utm_content=pin_5531_40-04h_compare&utm_term=proekty-domov-iz-gazobetona,,"проект дома 40-04H, проект №40-04H, Проекты домов из газобетона, готовый проект дома, планировка дома, фасады дома, дом с размерами, визуализация дома, дом 132,44 м², дом газобетон, дом европейский, catalog-plans.ru"
Проект дома №40-04HABL: оценить метраж и фасад,https://raw.githubusercontent.com/nemchenik/test/catalog-plans-pinterest-assets/pinterest/generated_batch_31_static_fixed/40-04HABL.jpg,Проекты домов из газоблока,,"Проект дома №40-04HABL. Пин собран на основе канонического изображения дома из catalog-plans.ru. Пин даёт быстрый предпросмотр фасада и ключевых характеристик проекта. Параметры проекта: площадь 134,88 м²; 2 этажа; габариты 9.8×10.3 м; материал — газобетон; стиль — европейский. Если подбираете дом под участок, такой предпросмотр экономит время. На сайте можно проверить планировку, размеры, фасады и дополнительные характеристики.",https://catalog-plans.ru/catalog/40-04HABL?utm_source=pinterest&utm_medium=organic&utm_campaign=generated_house_cards_static_fixed_batch_31&utm_content=pin_5532_40-04habl_site&utm_term=proekty-domov-iz-gazobloka,,"проект дома 40-04HABL, проект №40-04HABL, Проекты домов из газоблока, готовый проект дома, планировка дома, фасады дома, дом с размерами, визуализация дома, дом 134,88 м², дом газобетон, дом европейский, catalog-plans.ru"
Дом №40-04HAZL: сравнить внешний вид и параметры,https://raw.githubusercontent.com/nemchenik/test/catalog-plans-pinterest-assets/pinterest/generated_batch_31_static_fixed/40-04HAZL.jpg,Европейские проекты домов,,"Проект дома №40-04HAZL. На превью размещён реальный фасад проекта из карточки дома на catalog-plans.ru. Это хороший способ быстро оценить архитектурный образ и основные цифры проекта. Параметры проекта: площадь 134,4 м²; 2 этажа; габариты 9.8×10.3 м; материал — газобетон; стиль — европейский. Карточка хорошо работает для быстрого визуального сравнения проектов. Карточка проекта содержит планы, фасады, параметры и сведения для осознанного выбора.",https://catalog-plans.ru/catalog/40-04HAZL?utm_source=pinterest&utm_medium=organic&utm_campaign=generated_house_cards_static_fixed_batch_31&utm_content=pin_5533_40-04hazl_facades&utm_term=evropeyskie-proekty-domov,,"проект дома 40-04HAZL, проект №40-04HAZL, Европейские проекты домов, готовый проект дома, планировка дома, фасады дома, дом с размерами, визуализация дома, дом 134,4 м², дом газобетон, дом европейский, catalog-plans.ru"
Проект №40-04HB: проверить размеры дома,https://raw.githubusercontent.com/nemchenik/test/catalog-plans-pinterest-assets/pinterest/generated_batch_31_static_fixed/40-04HB.jpg,Проекты домов в европейском стиле,,"Проект дома №40-04HB. В основе этого пина лежит исходная визуализация дома с catalog-plans.ru. Такой формат делает выбор проекта более наглядным и быстрым. Параметры проекта: площадь 131,94 м²; 2 этажа; габариты 9.5×10 м; материал — газобетон; стиль — европейский. Это удобно, когда вы хотите видеть и фасад, и основные цифры в одном кадре. На странице проекта вы сможете сравнить параметры, посмотреть планы и оценить фасады.",https://catalog-plans.ru/catalog/40-04HB?utm_source=pinterest&utm_medium=organic&utm_campaign=generated_house_cards_static_fixed_batch_31&utm_content=pin_5534_40-04hb_estimate&utm_term=proekty-domov-v-evropeyskom-stile,,"проект дома 40-04HB, проект №40-04HB, Проекты домов в европейском стиле, готовый проект дома, планировка дома, фасады дома, дом с размерами, визуализация дома, дом 131,94 м², дом газобетон, дом европейский, catalog-plans.ru"
Дом №40-04KL1: архитектура и основные данные,https://raw.githubusercontent.com/nemchenik/test/catalog-plans-pinterest-assets/pinterest/generated_batch_31_static_fixed/40-04KL1.jpg,Проекты частных домов с планировкой,,"Проект дома №40-04KL1. Карточка использует настоящий фасад проекта, опубликованный на catalog-plans.ru. Карточка позволяет сразу увидеть проект, номер и базовые параметры дома. Параметры проекта: площадь 131,85 м²; 2 этажа; габариты 9.62×10.12 м; материал — кирпич; стиль — европейский. Пин рассчитан на быстрый переход к полному описанию проекта на сайте. Дальше на сайте доступен полный набор данных: планы, фасады, размеры и характеристики.",https://catalog-plans.ru/catalog/40-04KL1?utm_source=pinterest&utm_medium=organic&utm_campaign=generated_house_cards_static_fixed_batch_31&utm_content=pin_5535_40-04kl1_changes&utm_term=proekty-chastnyh-domov-s-planirovkoy,,"проект дома 40-04KL1, проект №40-04KL1, Проекты частных домов с планировкой, готовый проект дома, планировка дома, фасады дома, дом с размерами, визуализация дома, дом 131,85 м², дом кирпич, дом европейский, catalog-plans.ru"
"Проект дома №40-04L: планы, фасады и размеры",https://raw.githubusercontent.com/nemchenik/test/catalog-plans-pinterest-assets/pinterest/generated_batch_31_static_fixed/40-04L.jpg,Проекты домов с размерами,,"Проект дома №40-04L. На превью показана реальная визуализация дома с catalog-plans.ru. Такой формат помогает быстро сопоставить внешний вид, площадь и параметры дома. Параметры проекта: площадь 131,85 м²; 2 этажа; габариты 9.88×10.38 м; материал — кирпич; стиль — европейский. Такой пин особенно полезен, когда вы сравниваете сразу несколько вариантов. После перехода на сайт можно изучить планы этажей, фасады, размеры и характеристики.",https://catalog-plans.ru/catalog/40-04L?utm_source=pinterest&utm_medium=organic&utm_campaign=generated_house_cards_static_fixed_batch_31&utm_content=pin_5536_40-04l_plans&utm_term=proekty-domov-s-razmerami,,"проект дома 40-04L, проект №40-04L, Проекты домов с размерами, готовый проект дома, планировка дома, фасады дома, дом с размерами, визуализация дома, дом 131,85 м², дом кирпич, дом европейский, catalog-plans.ru"
Дом №40-04N: посмотреть параметры и проект,https://raw.githubusercontent.com/nemchenik/test/catalog-plans-pinterest-assets/pinterest/generated_batch_31_static_fixed/40-04N.jpg,Планы домов и коттеджей,,"Проект дома №40-04N. В карточке использован настоящий фасад проекта из каталога catalog-plans.ru. Это удобно для первого отбора проектов ещё до детального просмотра на сайте. Параметры проекта: площадь 134,01 м²; 2 этажа; габариты 9.4×9.9 м; материал — газобетон; стиль — европейский. Это помогает быстрее решить, подходит ли проект по стилю и масштабу. На странице проекта доступны планировка, фасады, габариты и состав документации.",https://catalog-plans.ru/catalog/40-04N?utm_source=pinterest&utm_medium=organic&utm_campaign=generated_house_cards_static_fixed_batch_31&utm_content=pin_5537_40-04n_compare&utm_term=plany-domov-i-kottedzhey,,"проект дома 40-04N, проект №40-04N, Планы домов и коттеджей, готовый проект дома, планировка дома, фасады дома, дом с размерами, визуализация дома, дом 134,01 м², дом газобетон, дом европейский, catalog-plans.ru"
"Проект №40-04PAK1L: фасады, размеры и планировка",https://raw.githubusercontent.com/nemchenik/test/catalog-plans-pinterest-assets/pinterest/generated_batch_31_static_fixed/40-04PAK1L.jpg,Красивые фасады частных домов,,"Проект дома №40-04PAK1L. На обложке — исходное изображение этого дома с сайта catalog-plans.ru. Карточка ускоряет сравнение домов между собой и облегчает выбор в ленте Pinterest. Параметры проекта: площадь 145,56 м²; 2 этажа; габариты 10.06×10.06 м; материал — кирпич; стиль — европейский. Для выбора дома под постоянное проживание такой формат очень удобен. В карточке проекта на сайте вы увидите планы, фасады, размеры и другие детали.",https://catalog-plans.ru/catalog/40-04PAK1L?utm_source=pinterest&utm_medium=organic&utm_campaign=generated_house_cards_static_fixed_batch_31&utm_content=pin_5538_40-04pak1l_site&utm_term=krasivye-fasady-chastnyh-domov,,"проект дома 40-04PAK1L, проект №40-04PAK1L, Красивые фасады частных домов, готовый проект дома, планировка дома, фасады дома, дом с размерами, визуализация дома, дом 145,56 м², дом кирпич, дом европейский, catalog-plans.ru"
Дом №40-04PBG: открыть характеристики проекта,https://raw.githubusercontent.com/nemchenik/test/catalog-plans-pinterest-assets/pinterest/generated_batch_31_static_fixed/40-04PBG.jpg,Готовые проекты коттеджей,,"Проект дома №40-04PBG. Для карточки взята реальная визуализация проекта с catalog-plans.ru. Так проще понять, стоит ли открывать проект подробнее и сохранять его в доску. Параметры проекта: площадь 136 м²; 2 этажа; габариты 9.4×9.9 м; материал — газобетон; стиль — европейский. Так проще не потерять интересный проект и вернуться к нему позже. После перехода откроются планы этажей, архитектурные виды и основные параметры проекта.",https://catalog-plans.ru/catalog/40-04PBG?utm_source=pinterest&utm_medium=organic&utm_campaign=generated_house_cards_static_fixed_batch_31&utm_content=pin_5539_40-04pbg_facades&utm_term=gotovye-proekty-kottedzhey,,"проект дома 40-04PBG, проект №40-04PBG, Готовые проекты коттеджей, готовый проект дома, планировка дома, фасады дома, дом с размерами, визуализация дома, дом 136 м², дом газобетон, дом европейский, catalog-plans.ru"
Проект дома №40-04PBK2L: оценить метраж и фасад,https://raw.githubusercontent.com/nemchenik/test/catalog-plans-pinterest-assets/pinterest/generated_batch_31_static_fixed/40-04PBK2L.jpg,Проекты загородных домов,,"Проект дома №40-04PBK2L. Пин собран на основе канонического изображения дома из catalog-plans.ru. Пин даёт быстрый предпросмотр фасада и ключевых характеристик проекта. Параметры проекта: площадь 136,81 м²; 2 этажа; габариты 9.78×10.28 м; материал — кирпич; стиль — европейский. Если подбираете дом под участок, такой предпросмотр экономит время. На сайте можно проверить планировку, размеры, фасады и дополнительные характеристики.",https://catalog-plans.ru/catalog/40-04PBK2L?utm_source=pinterest&utm_medium=organic&utm_campaign=generated_house_cards_static_fixed_batch_31&utm_content=pin_5540_40-04pbk2l_estimate&utm_term=proekty-zagorodnyh-domov,,"проект дома 40-04PBK2L, проект №40-04PBK2L, Проекты загородных домов, готовый проект дома, планировка дома, фасады дома, дом с размерами, визуализация дома, дом 136,81 м², дом кирпич, дом европейский, catalog-plans.ru"
Дом №40-04RGL: сравнить внешний вид и параметры,https://raw.githubusercontent.com/nemchenik/test/catalog-plans-pinterest-assets/pinterest/generated_batch_31_static_fixed/40-04RGL.jpg,Проекты домов для постоянного проживания,,"Проект дома №40-04RGL. На превью размещён реальный фасад проекта из карточки дома на catalog-plans.ru. Это хороший способ быстро оценить архитектурный образ и основные цифры проекта. Параметры проекта: площадь 137,48 м²; 2 этажа; габариты 10×10 м; материал — газобетон; стиль — европейский. Карточка хорошо работает для быстрого визуального сравнения проектов. Карточка проекта содержит планы, фасады, параметры и сведения для осознанного выбора.",https://catalog-plans.ru/catalog/40-04RGL?utm_source=pinterest&utm_medium=organic&utm_campaign=generated_house_cards_static_fixed_batch_31&utm_content=pin_5541_40-04rgl_changes&utm_term=proekty-domov-dlya-postoyannogo-prozhivaniya,,"проект дома 40-04RGL, проект №40-04RGL, Проекты домов для постоянного проживания, готовый проект дома, планировка дома, фасады дома, дом с размерами, визуализация дома, дом 137,48 м², дом газобетон, дом европейский, catalog-plans.ru"
Проект №40-04TGL: проверить размеры дома,https://raw.githubusercontent.com/nemchenik/test/catalog-plans-pinterest-assets/pinterest/generated_batch_31_static_fixed/40-04TGL.jpg,Проекты домов 150–200 м²,,"Проект дома №40-04TGL. В основе этого пина лежит исходная визуализация дома с catalog-plans.ru. Такой формат делает выбор проекта более наглядным и быстрым. Параметры проекта: площадь 193,37 м²; 2 этажа; габариты 11×12 м; материал — газобетон; стиль — европейский. Это удобно, когда вы хотите видеть и фасад, и основные цифры в одном кадре. На странице проекта вы сможете сравнить параметры, посмотреть планы и оценить фасады.",https://catalog-plans.ru/catalog/40-04TGL?utm_source=pinterest&utm_medium=organic&utm_campaign=generated_house_cards_static_fixed_batch_31&utm_content=pin_5542_40-04tgl_plans&utm_term=proekty-domov-150-200-m,,"проект дома 40-04TGL, проект №40-04TGL, Проекты домов 150–200 м², готовый проект дома, планировка дома, фасады дома, дом с размерами, визуализация дома, дом 193,37 м², дом газобетон, дом европейский, catalog-plans.ru"
Дом №40-04Z: архитектура и основные данные,https://raw.githubusercontent.com/nemchenik/test/catalog-plans-pinterest-assets/pinterest/generated_batch_31_static_fixed/40-04Z.jpg,Проекты домов 120–150 м²,,"Проект дома №40-04Z. Карточка использует настоящий фасад проекта, опубликованный на catalog-plans.ru. Карточка позволяет сразу увидеть проект, номер и базовые параметры дома. Параметры проекта: площадь 132,44 м²; 2 этажа; габариты 9.5×10 м; материал — газобетон; стиль — европейский. Пин рассчитан на быстрый переход к полному описанию проекта на сайте. Дальше на сайте доступен полный набор данных: планы, фасады, размеры и характеристики.",https://catalog-plans.ru/catalog/40-04Z?utm_source=pinterest&utm_medium=organic&utm_campaign=generated_house_cards_static_fixed_batch_31&utm_content=pin_5543_40-04z_compare&utm_term=proekty-domov-120-150-m,,"проект дома 40-04Z, проект №40-04Z, Проекты домов 120–150 м², готовый проект дома, планировка дома, фасады дома, дом с размерами, визуализация дома, дом 132,44 м², дом газобетон, дом европейский, catalog-plans.ru"
"Проект дома №40-04ZC: планы, фасады и размеры",https://raw.githubusercontent.com/nemchenik/test/catalog-plans-pinterest-assets/pinterest/generated_batch_31_static_fixed/40-04ZC.jpg,Двухэтажные проекты домов,,"Проект дома №40-04ZC. На превью показана реальная визуализация дома с catalog-plans.ru. Такой формат помогает быстро сопоставить внешний вид, площадь и параметры дома. Параметры проекта: площадь 154,05 м²; 2 этажа; габариты 9.5×10 м; материал — газобетон; стиль — европейский. Такой пин особенно полезен, когда вы сравниваете сразу несколько вариантов. После перехода на сайт можно изучить планы этажей, фасады, размеры и характеристики.",https://catalog-plans.ru/catalog/40-04ZC?utm_source=pinterest&utm_medium=organic&utm_campaign=generated_house_cards_static_fixed_batch_31&utm_content=pin_5544_40-04zc_site&utm_term=dvuhetazhnye-proekty-domov,,"проект дома 40-04ZC, проект №40-04ZC, Двухэтажные проекты домов, готовый проект дома, планировка дома, фасады дома, дом с размерами, визуализация дома, дом 154,05 м², дом газобетон, дом европейский, catalog-plans.ru"
Дом №40-04ZEDK2L: посмотреть параметры и проект,https://raw.githubusercontent.com/nemchenik/test/catalog-plans-pinterest-assets/pinterest/generated_batch_31_static_fixed/40-04ZEDK2L.jpg,Проекты домов 2 этажа,,"Проект дома №40-04ZEDK2L. В карточке использован настоящий фасад проекта из каталога catalog-plans.ru. Это удобно для первого отбора проектов ещё до детального просмотра на сайте. Параметры проекта: площадь 204,1 м²; 2 этажа; габариты 10.5×9.87 м; материал — кирпич; стиль — европейский. Это помогает быстрее решить, подходит ли проект по стилю и масштабу. На странице проекта доступны планировка, фасады, габариты и состав документации.",https://catalog-plans.ru/catalog/40-04ZEDK2L?utm_source=pinterest&utm_medium=organic&utm_campaign=generated_house_cards_static_fixed_batch_31&utm_content=pin_5545_40-04zedk2l_facades&utm_term=proekty-domov-2-etazha,,"проект дома 40-04ZEDK2L, проект №40-04ZEDK2L, Проекты домов 2 этажа, готовый проект дома, планировка дома, фасады дома, дом с размерами, визуализация дома, дом 204,1 м², дом кирпич, дом европейский, catalog-plans.ru"
"Проект №40-04ZN: фасады, размеры и планировка",https://raw.githubusercontent.com/nemchenik/test/catalog-plans-pinterest-assets/pinterest/generated_batch_31_static_fixed/40-04ZN.jpg,Проекты домов из газобетона,,"Проект дома №40-04ZN. На обложке — исходное изображение этого дома с сайта catalog-plans.ru. Карточка ускоряет сравнение домов между собой и облегчает выбор в ленте Pinterest. Параметры проекта: площадь 135,06 м²; 2 этажа; габариты 9.5×10 м; материал — газобетон; стиль — европейский. Для выбора дома под постоянное проживание такой формат очень удобен. В карточке проекта на сайте вы увидите планы, фасады, размеры и другие детали.",https://catalog-plans.ru/catalog/40-04ZN?utm_source=pinterest&utm_medium=organic&utm_campaign=generated_house_cards_static_fixed_batch_31&utm_content=pin_5546_40-04zn_estimate&utm_term=proekty-domov-iz-gazobetona,,"проект дома 40-04ZN, проект №40-04ZN, Проекты домов из газобетона, готовый проект дома, планировка дома, фасады дома, дом с размерами, визуализация дома, дом 135,06 м², дом газобетон, дом европейский, catalog-plans.ru"
Дом №40-61MAGL: открыть характеристики проекта,https://raw.githubusercontent.com/nemchenik/test/catalog-plans-pinterest-assets/pinterest/generated_batch_31_static_fixed/40-61MAGL.jpg,Проекты домов из газоблока,,"Проект дома №40-61MAGL. Для карточки взята реальная визуализация проекта с catalog-plans.ru. Так проще понять, стоит ли открывать проект подробнее и сохранять его в доску. Параметры проекта: площадь 351,56 м²; 2 этажа; габариты 13.1×27.75 м; материал — газобетон; стиль — современный. Так проще не потерять интересный проект и вернуться к нему позже. После перехода откроются планы этажей, архитектурные виды и основные параметры проекта.",https://catalog-plans.ru/catalog/40-61MAGL?utm_source=pinterest&utm_medium=organic&utm_campaign=generated_house_cards_static_fixed_batch_31&utm_content=pin_5547_40-61magl_changes&utm_term=proekty-domov-iz-gazobloka,,"проект дома 40-61MAGL, проект №40-61MAGL, Проекты домов из газоблока, готовый проект дома, планировка дома, фасады дома, дом с размерами, визуализация дома, дом 351,56 м², дом газобетон, дом современный, catalog-plans.ru"
Проект дома №40-86DADL: оценить метраж и фасад,https://raw.githubusercontent.com/nemchenik/test/catalog-plans-pinterest-assets/pinterest/generated_batch_31_static_fixed/40-86DADL.jpg,Проекты домов в стиле хай-тек,,"Проект дома №40-86DADL. Пин собран на основе канонического изображения дома из catalog-plans.ru. Пин даёт быстрый предпросмотр фасада и ключевых характеристик проекта. Параметры проекта: площадь 263,27 м²; 2 этажа; габариты 10.52×18.93 м; материал — газобетон; стиль — хай-тек. Если подбираете дом под участок, такой предпросмотр экономит время. На сайте можно проверить планировку, размеры, фасады и дополнительные характеристики.",https://catalog-plans.ru/catalog/40-86DADL?utm_source=pinterest&utm_medium=organic&utm_campaign=generated_house_cards_static_fixed_batch_31&utm_content=pin_5548_40-86dadl_plans&utm_term=proekty-domov-v-stile-hay-tek,,"проект дома 40-86DADL, проект №40-86DADL, Проекты домов в стиле хай-тек, готовый проект дома, планировка дома, фасады дома, дом с размерами, визуализация дома, дом 263,27 м², дом газобетон, дом хай-тек, catalog-plans.ru"
Дом №40-94: сравнить внешний вид и параметры,https://raw.githubusercontent.com/nemchenik/test/catalog-plans-pinterest-assets/pinterest/generated_batch_31_static_fixed/40-94.jpg,Дома хай-тек проекты,,"Проект дома №40-94. На превью размещён реальный фасад проекта из карточки дома на catalog-plans.ru. Это хороший способ быстро оценить архитектурный образ и основные цифры проекта. Параметры проекта: площадь 254,21 м²; 2 этажа; габариты 18.04×20.6 м; материал — кирпич; стиль — хай-тек. Карточка хорошо работает для быстрого визуального сравнения проектов. Карточка проекта содержит планы, фасады, параметры и сведения для осознанного выбора.",https://catalog-plans.ru/catalog/40-94?utm_source=pinterest&utm_medium=organic&utm_campaign=generated_house_cards_static_fixed_batch_31&utm_content=pin_5549_40-94_compare&utm_term=doma-hay-tek-proekty,,"проект дома 40-94, проект №40-94, Дома хай-тек проекты, готовый проект дома, планировка дома, фасады дома, дом с размерами, визуализация дома, дом 254,21 м², дом кирпич, дом хай-тек, catalog-plans.ru"
Проект №45-08EDABGL: проверить размеры дома,https://raw.githubusercontent.com/nemchenik/test/catalog-plans-pinterest-assets/pinterest/generated_batch_31_static_fixed/45-08EDABGL.jpg,Проекты частных домов с планировкой,,"Проект дома №45-08EDABGL. В основе этого пина лежит исходная визуализация дома с catalog-plans.ru. Такой формат делает выбор проекта более наглядным и быстрым. Параметры проекта: площадь 148,3 м²; 1 этаж; габариты 12×16 м; материал — газобетон; стиль — современный. Это удобно, когда вы хотите видеть и фасад, и основные цифры в одном кадре. На странице проекта вы сможете сравнить параметры, посмотреть планы и оценить фасады.",https://catalog-plans.ru/catalog/45-08EDABGL?utm_source=pinterest&utm_medium=organic&utm_campaign=generated_house_cards_static_fixed_batch_31&utm_content=pin_5550_45-08edabgl_site&utm_term=proekty-chastnyh-domov-s-planirovkoy,,"проект дома 45-08EDABGL, проект №45-08EDABGL, Проекты частных домов с планировкой, готовый проект дома, планировка дома, фасады дома, дом с размерами, визуализация дома, дом 148,3 м², дом газобетон, дом современный, catalog-plans.ru"
Дом №45-08EDAGL: архитектура и основные данные,https://raw.githubusercontent.com/nemchenik/test/catalog-plans-pinterest-assets/pinterest/generated_batch_31_static_fixed/45-08EDAGL.jpg,Проекты домов с размерами,,"Проект дома №45-08EDAGL. Карточка использует настоящий фасад проекта, опубликованный на catalog-plans.ru. Карточка позволяет сразу увидеть проект, номер и базовые параметры дома. Параметры проекта: площадь 248,32 м²; 1 этаж; габариты 17.305×24.5 м; материал — газобетон; стиль — современный. Пин рассчитан на быстрый переход к полному описанию проекта на сайте. Дальше на сайте доступен полный набор данных: планы, фасады, размеры и характеристики.",https://catalog-plans.ru/catalog/45-08EDAGL?utm_source=pinterest&utm_medium=organic&utm_campaign=generated_house_cards_static_fixed_batch_31&utm_content=pin_5551_45-08edagl_facades&utm_term=proekty-domov-s-razmerami,,"проект дома 45-08EDAGL, проект №45-08EDAGL, Проекты домов с размерами, готовый проект дома, планировка дома, фасады дома, дом с размерами, визуализация дома, дом 248,32 м², дом газобетон, дом современный, catalog-plans.ru"
"Проект дома №45-16G: планы, фасады и размеры",https://raw.githubusercontent.com/nemchenik/test/catalog-plans-pinterest-assets/pinterest/generated_batch_31_static_fixed/45-16G.jpg,Планы домов и коттеджей,,"Проект дома №45-16G. На превью показана реальная визуализация дома с catalog-plans.ru. Такой формат помогает быстро сопоставить внешний вид, площадь и параметры дома. Параметры проекта: площадь 195,26 м²; 2 этажа; габариты 11.49×16.99 м; материал — газобетон; стиль — современный. Такой пин особенно полезен, когда вы сравниваете сразу несколько вариантов. После перехода на сайт можно изучить планы этажей, фасады, размеры и характеристики.",https://catalog-plans.ru/catalog/45-16G?utm_source=pinterest&utm_medium=organic&utm_campaign=generated_house_cards_static_fixed_batch_31&utm_content=pin_5552_45-16g_estimate&utm_term=plany-domov-i-kottedzhey,,"проект дома 45-16G, проект №45-16G, Планы домов и коттеджей, готовый проект дома, планировка дома, фасады дома, дом с размерами, визуализация дома, дом 195,26 м², дом газобетон, дом современный, catalog-plans.ru"
Дом №45-64HBGL: посмотреть параметры и проект,https://raw.githubusercontent.com/nemchenik/test/catalog-plans-pinterest-assets/pinterest/generated_batch_31_static_fixed/45-64HBGL.jpg,Красивые фасады частных домов,,"Проект дома №45-64HBGL. В карточке использован настоящий фасад проекта из каталога catalog-plans.ru. Это удобно для первого отбора проектов ещё до детального просмотра на сайте. Параметры проекта: площадь 325,75 м²; 2 этажа; габариты 16×16.3 м; материал — газобетон; стиль — стиль Райта. Это помогает быстрее решить, подходит ли проект по стилю и масштабу. На странице проекта доступны планировка, фасады, габариты и состав документации.",https://catalog-plans.ru/catalog/45-64HBGL?utm_source=pinterest&utm_medium=organic&utm_campaign=generated_house_cards_static_fixed_batch_31&utm_content=pin_5553_45-64hbgl_changes&utm_term=krasivye-fasady-chastnyh-domov,,"проект дома 45-64HBGL, проект №45-64HBGL, Красивые фасады частных домов, готовый проект дома, планировка дома, фасады дома, дом с размерами, визуализация дома, дом 325,75 м², дом газобетон, дом стиль Райта, catalog-plans.ru"
"Проект №45-64NHATGL: фасады, размеры и планировка",https://raw.githubusercontent.com/nemchenik/test/catalog-plans-pinterest-assets/pinterest/generated_batch_31_static_fixed/45-64NHATGL.jpg,Готовые проекты коттеджей,,"Проект дома №45-64NHATGL. На обложке — исходное изображение этого дома с сайта catalog-plans.ru. Карточка ускоряет сравнение домов между собой и облегчает выбор в ленте Pinterest. Параметры проекта: площадь 204,85 м²; 2 этажа; габариты 12.6×15.51 м; материал — газобетон; стиль — стиль Райта. Для выбора дома под постоянное проживание такой формат очень удобен. В карточке проекта на сайте вы увидите планы, фасады, размеры и другие детали.",https://catalog-plans.ru/catalog/45-64NHATGL?utm_source=pinterest&utm_medium=organic&utm_campaign=generated_house_cards_static_fixed_batch_31&utm_content=pin_5554_45-64nhatgl_plans&utm_term=gotovye-proekty-kottedzhey,,"проект дома 45-64NHATGL, проект №45-64NHATGL, Готовые проекты коттеджей, готовый проект дома, планировка дома, фасады дома, дом с размерами, визуализация дома, дом 204,85 м², дом газобетон, дом стиль Райта, catalog-plans.ru"
Дом №45-64NHBFGL: открыть характеристики проекта,https://raw.githubusercontent.com/nemchenik/test/catalog-plans-pinterest-assets/pinterest/generated_batch_31_static_fixed/45-64NHBFGL.jpg,Проекты загородных домов,,"Проект дома №45-64NHBFGL. Для карточки взята реальная визуализация проекта с catalog-plans.ru. Так проще понять, стоит ли открывать проект подробнее и сохранять его в доску. Параметры проекта: площадь 320,94 м²; 2 этажа; габариты 16.6×17.14 м; материал — газобетон; стиль — стиль Райта. Так проще не потерять интересный проект и вернуться к нему позже. После перехода откроются планы этажей, архитектурные виды и основные параметры проекта.",https://catalog-plans.ru/catalog/45-64NHBFGL?utm_source=pinterest&utm_medium=organic&utm_campaign=generated_house_cards_static_fixed_batch_31&utm_content=pin_5555_45-64nhbfgl_compare&utm_term=proekty-zagorodnyh-domov,,"проект дома 45-64NHBFGL, проект №45-64NHBFGL, Проекты загородных домов, готовый проект дома, планировка дома, фасады дома, дом с размерами, визуализация дома, дом 320,94 м², дом газобетон, дом стиль Райта, catalog-plans.ru"
Проект дома №45-64NKL: оценить метраж и фасад,https://raw.githubusercontent.com/nemchenik/test/catalog-plans-pinterest-assets/pinterest/generated_batch_31_static_fixed/45-64NKL.jpg,Проекты домов для постоянного проживания,,"Проект дома №45-64NKL. Пин собран на основе канонического изображения дома из catalog-plans.ru. Пин даёт быстрый предпросмотр фасада и ключевых характеристик проекта. Параметры проекта: площадь 244,93 м²; 2 этажа; габариты 12.74×14.24 м; материал — кирпич; стиль — стиль Райта. Если подбираете дом под участок, такой предпросмотр экономит время. На сайте можно проверить планировку, размеры, фасады и дополнительные характеристики.",https://catalog-plans.ru/catalog/45-64NKL?utm_source=pinterest&utm_medium=organic&utm_campaign=generated_house_cards_static_fixed_batch_31&utm_content=pin_5556_45-64nkl_site&utm_term=proekty-domov-dlya-postoyannogo-prozhivaniya,,"проект дома 45-64NKL, проект №45-64NKL, Проекты домов для постоянного проживания, готовый проект дома, планировка дома, фасады дома, дом с размерами, визуализация дома, дом 244,93 м², дом кирпич, дом стиль Райта, catalog-plans.ru"
Дом №45-64ZAGL: сравнить внешний вид и параметры,https://raw.githubusercontent.com/nemchenik/test/catalog-plans-pinterest-assets/pinterest/generated_batch_31_static_fixed/45-64ZAGL.jpg,Проекты домов 200–300 м²,,"Проект дома №45-64ZAGL. На превью размещён реальный фасад проекта из карточки дома на catalog-plans.ru. Это хороший способ быстро оценить архитектурный образ и основные цифры проекта. Параметры проекта: площадь 247,29 м²; 2 этажа; габариты 11.35×21.4 м; материал — газобетон; стиль — стиль Райта. Карточка хорошо работает для быстрого визуального сравнения проектов. Карточка проекта содержит планы, фасады, параметры и сведения для осознанного выбора.",https://catalog-plans.ru/catalog/45-64ZAGL?utm_source=pinterest&utm_medium=organic&utm_campaign=generated_house_cards_static_fixed_batch_31&utm_content=pin_5557_45-64zagl_facades&utm_term=proekty-domov-200-300-m,,"проект дома 45-64ZAGL, проект №45-64ZAGL, Проекты домов 200–300 м², готовый проект дома, планировка дома, фасады дома, дом с размерами, визуализация дома, дом 247,29 м², дом газобетон, дом стиль Райта, catalog-plans.ru"
Проект №45-64ZGL: проверить размеры дома,https://raw.githubusercontent.com/nemchenik/test/catalog-plans-pinterest-assets/pinterest/generated_batch_31_static_fixed/45-64ZGL.jpg,Большие частные дома,,"Проект дома №45-64ZGL. В основе этого пина лежит исходная визуализация дома с catalog-plans.ru. Такой формат делает выбор проекта более наглядным и быстрым. Параметры проекта: площадь 344,92 м²; 2 этажа; габариты 13.8×19.9 м; материал — газобетон; стиль — стиль Райта. Это удобно, когда вы хотите видеть и фасад, и основные цифры в одном кадре. На странице проекта вы сможете сравнить параметры, посмотреть планы и оценить фасады.",https://catalog-plans.ru/catalog/45-64ZGL?utm_source=pinterest&utm_medium=organic&utm_campaign=generated_house_cards_static_fixed_batch_31&utm_content=pin_5558_45-64zgl_estimate&utm_term=bolshie-chastnye-doma,,"проект дома 45-64ZGL, проект №45-64ZGL, Большие частные дома, готовый проект дома, планировка дома, фасады дома, дом с размерами, визуализация дома, дом 344,92 м², дом газобетон, дом стиль Райта, catalog-plans.ru"
Дом №45-92: архитектура и основные данные,https://raw.githubusercontent.com/nemchenik/test/catalog-plans-pinterest-assets/pinterest/generated_batch_31_static_fixed/45-92.jpg,Двухэтажные проекты домов,,"Проект дома №45-92. Карточка использует настоящий фасад проекта, опубликованный на catalog-plans.ru. Карточка позволяет сразу увидеть проект, номер и базовые параметры дома. Параметры проекта: площадь 205,41 м²; 2 этажа; габариты 11.54×14.28 м; материал — кирпич; стиль — скандинавский. Пин рассчитан на быстрый переход к полному описанию проекта на сайте. Дальше на сайте доступен полный набор данных: планы, фасады, размеры и характеристики.",https://catalog-plans.ru/catalog/45-92?utm_source=pinterest&utm_medium=organic&utm_campaign=generated_house_cards_static_fixed_batch_31&utm_content=pin_5559_45-92_changes&utm_term=dvuhetazhnye-proekty-domov,,"проект дома 45-92, проект №45-92, Двухэтажные проекты домов, готовый проект дома, планировка дома, фасады дома, дом с размерами, визуализация дома, дом 205,41 м², дом кирпич, дом скандинавский, catalog-plans.ru"
"Проект дома №46-06EK1: планы, фасады и размеры",https://raw.githubusercontent.com/nemchenik/test/catalog-plans-pinterest-assets/pinterest/generated_batch_31_static_fixed/46-06EK1.jpg,Проекты домов 2 этажа,,"Проект дома №46-06EK1. На превью показана реальная визуализация дома с catalog-plans.ru. Такой формат помогает быстро сопоставить внешний вид, площадь и параметры дома. Параметры проекта: площадь 581,68 м²; 2 этажа; габариты 20.23×10.77 м; материал — кирпич; стиль — хай-тек. Такой пин особенно полезен, когда вы сравниваете сразу несколько вариантов. После перехода на сайт можно изучить планы этажей, фасады, размеры и характеристики.",https://catalog-plans.ru/catalog/46-06EK1?utm_source=pinterest&utm_medium=organic&utm_campaign=generated_house_cards_static_fixed_batch_31&utm_content=pin_5560_46-06ek1_plans&utm_term=proekty-domov-2-etazha,,"проект дома 46-06EK1, проект №46-06EK1, Проекты домов 2 этажа, готовый проект дома, планировка дома, фасады дома, дом с размерами, визуализация дома, дом 581,68 м², дом кирпич, дом хай-тек, catalog-plans.ru"
Дом №46-08TABK1L: посмотреть параметры и проект,https://raw.githubusercontent.com/nemchenik/test/catalog-plans-pinterest-assets/pinterest/generated_batch_31_static_fixed/46-08TABK1L.jpg,Проекты кирпичных домов,,"Проект дома №46-08TABK1L. В карточке использован настоящий фасад проекта из каталога catalog-plans.ru. Это удобно для первого отбора проектов ещё до детального просмотра на сайте. Параметры проекта: площадь 295,07 м²; 2 этажа; габариты 17.06×13.67 м; материал — кирпич; стиль — стиль Райта. Это помогает быстрее решить, подходит ли проект по стилю и масштабу. На странице проекта доступны планировка, фасады, габариты и состав документации.",https://catalog-plans.ru/catalog/46-08TABK1L?utm_source=pinterest&utm_medium=organic&utm_campaign=generated_house_cards_static_fixed_batch_31&utm_content=pin_5561_46-08tabk1l_compare&utm_term=proekty-kirpichnyh-domov,,"проект дома 46-08TABK1L, проект №46-08TABK1L, Проекты кирпичных домов, готовый проект дома, планировка дома, фасады дома, дом с размерами, визуализация дома, дом 295,07 м², дом кирпич, дом стиль Райта, catalog-plans.ru"
"Проект №46-08ZK2L: фасады, размеры и планировка",https://raw.githubusercontent.com/nemchenik/test/catalog-plans-pinterest-assets/pinterest/generated_batch_31_static_fixed/46-08ZK2L.jpg,Проекты домов из кирпича,,"Проект дома №46-08ZK2L. На обложке — исходное изображение этого дома с сайта catalog-plans.ru. Карточка ускоряет сравнение домов между собой и облегчает выбор в ленте Pinterest. Параметры проекта: площадь 383,19 м²; 2 этажа; габариты 14.55×22.96 м; материал — кирпич; стиль — стиль Райта. Для выбора дома под постоянное проживание такой формат очень удобен. В карточке проекта на сайте вы увидите планы, фасады, размеры и другие детали.",https://catalog-plans.ru/catalog/46-08ZK2L?utm_source=pinterest&utm_medium=organic&utm_campaign=generated_house_cards_static_fixed_batch_31&utm_content=pin_5562_46-08zk2l_site&utm_term=proekty-domov-iz-kirpicha,,"проект дома 46-08ZK2L, проект №46-08ZK2L, Проекты домов из кирпича, готовый проект дома, планировка дома, фасады дома, дом с размерами, визуализация дома, дом 383,19 м², дом кирпич, дом стиль Райта, catalog-plans.ru"
Дом №46-09DEABG: открыть характеристики проекта,https://raw.githubusercontent.com/nemchenik/test/catalog-plans-pinterest-assets/pinterest/generated_batch_31_static_fixed/46-09DEABG.jpg,Проекты домов в стиле Райта,,"Проект дома №46-09DEABG. Для карточки взята реальная визуализация проекта с catalog-plans.ru. Так проще понять, стоит ли открывать проект подробнее и сохранять его в доску. Параметры проекта: площадь 170,11 м²; 1 этаж; габариты 15.105×16.88 м; материал — газобетон; стиль — стиль Райта. Так проще не потерять интересный проект и вернуться к нему позже. После перехода откроются планы этажей, архитектурные виды и основные параметры проекта.",https://catalog-plans.ru/catalog/46-09DEABG?utm_source=pinterest&utm_medium=organic&utm_campaign=generated_house_cards_static_fixed_batch_31&utm_content=pin_5563_46-09deabg_facades&utm_term=proekty-domov-v-stile-rayta,,"проект дома 46-09DEABG, проект №46-09DEABG, Проекты домов в стиле Райта, готовый проект дома, планировка дома, фасады дома, дом с размерами, визуализация дома, дом 170,11 м², дом газобетон, дом стиль Райта, catalog-plans.ru"
Проект дома №46-09DGML: оценить метраж и фасад,https://raw.githubusercontent.com/nemchenik/test/catalog-plans-pinterest-assets/pinterest/generated_batch_31_static_fixed/46-09DGML.jpg,Дома в стиле Райта,,"Проект дома №46-09DGML. Пин собран на основе канонического изображения дома из catalog-plans.ru. Пин даёт быстрый предпросмотр фасада и ключевых характеристик проекта. Параметры проекта: площадь 200,5 м²; 1 этаж; габариты 18.32×19.55 м; материал — монолитный каркас; стиль — стиль Райта. Если подбираете дом под участок, такой предпросмотр экономит время. На сайте можно проверить планировку, размеры, фасады и дополнительные характеристики.",https://catalog-plans.ru/catalog/46-09DGML?utm_source=pinterest&utm_medium=organic&utm_campaign=generated_house_cards_static_fixed_batch_31&utm_content=pin_5564_46-09dgml_estimate&utm_term=doma-v-stile-rayta,,"проект дома 46-09DGML, проект №46-09DGML, Дома в стиле Райта, готовый проект дома, планировка дома, фасады дома, дом с размерами, визуализация дома, дом 200,5 м², дом монолитный каркас, дом стиль Райта, catalog-plans.ru"
Дом №46-09EAK1L: сравнить внешний вид и параметры,https://raw.githubusercontent.com/nemchenik/test/catalog-plans-pinterest-assets/pinterest/generated_batch_31_static_fixed/46-09EAK1L.jpg,Проекты частных домов с планировкой,,"Проект дома №46-09EAK1L. На превью размещён реальный фасад проекта из карточки дома на catalog-plans.ru. Это хороший способ быстро оценить архитектурный образ и основные цифры проекта. Параметры проекта: площадь 161,83 м²; 1 этаж; габариты 14.47×18.32 м; материал — кирпич; стиль — стиль Райта. Карточка хорошо работает для быстрого визуального сравнения проектов. Карточка проекта содержит планы, фасады, параметры и сведения для осознанного выбора.",https://catalog-plans.ru/catalog/46-09EAK1L?utm_source=pinterest&utm_medium=organic&utm_campaign=generated_house_cards_static_fixed_batch_31&utm_content=pin_5565_46-09eak1l_changes&utm_term=proekty-chastnyh-domov-s-planirovkoy,,"проект дома 46-09EAK1L, проект №46-09EAK1L, Проекты частных домов с планировкой, готовый проект дома, планировка дома, фасады дома, дом с размерами, визуализация дома, дом 161,83 м², дом кирпич, дом стиль Райта, catalog-plans.ru"
Проект №46-09FEGL: проверить размеры дома,https://raw.githubusercontent.com/nemchenik/test/catalog-plans-pinterest-assets/pinterest/generated_batch_31_static_fixed/46-09FEGL.jpg,Проекты домов с размерами,,"Проект дома №46-09FEGL. В основе этого пина лежит исходная визуализация дома с catalog-plans.ru. Такой формат делает выбор проекта более наглядным и быстрым. Параметры проекта: площадь 242,46 м²; 1 этаж; габариты 11.06×14.82 м; материал — газобетон; стиль — стиль Райта. Это удобно, когда вы хотите видеть и фасад, и основные цифры в одном кадре. На странице проекта вы сможете сравнить параметры, посмотреть планы и оценить фасады.",https://catalog-plans.ru/catalog/46-09FEGL?utm_source=pinterest&utm_medium=organic&utm_campaign=generated_house_cards_static_fixed_batch_31&utm_content=pin_5566_46-09fegl_plans&utm_term=proekty-domov-s-razmerami,,"проект дома 46-09FEGL, проект №46-09FEGL, Проекты домов с размерами, готовый проект дома, планировка дома, фасады дома, дом с размерами, визуализация дома, дом 242,46 м², дом газобетон, дом стиль Райта, catalog-plans.ru"
Дом №46-09GL: архитектура и основные данные,https://raw.githubusercontent.com/nemchenik/test/catalog-plans-pinterest-assets/pinterest/generated_batch_31_static_fixed/46-09GL.jpg,Планы домов и коттеджей,,"Проект дома №46-09GL. Карточка использует настоящий фасад проекта, опубликованный на catalog-plans.ru. Карточка позволяет сразу увидеть проект, номер и базовые параметры дома. Параметры проекта: площадь 150,83 м²; 1 этаж; габариты 14.57×18.52 м; материал — газобетон; стиль — стиль Райта. Пин рассчитан на быстрый переход к полному описанию проекта на сайте. Дальше на сайте доступен полный набор данных: планы, фасады, размеры и характеристики.",https://catalog-plans.ru/catalog/46-09GL?utm_source=pinterest&utm_medium=organic&utm_campaign=generated_house_cards_static_fixed_batch_31&utm_content=pin_5567_46-09gl_compare&utm_term=plany-domov-i-kottedzhey,,"проект дома 46-09GL, проект №46-09GL, Планы домов и коттеджей, готовый проект дома, планировка дома, фасады дома, дом с размерами, визуализация дома, дом 150,83 м², дом газобетон, дом стиль Райта, catalog-plans.ru"
"Проект дома №46-09WGL: планы, фасады и размеры",https://raw.githubusercontent.com/nemchenik/test/catalog-plans-pinterest-assets/pinterest/generated_batch_31_static_fixed/46-09WGL.jpg,Красивые фасады частных домов,,"Проект дома №46-09WGL. На превью показана реальная визуализация дома с catalog-plans.ru. Такой формат помогает быстро сопоставить внешний вид, площадь и параметры дома. Параметры проекта: площадь 125,16 м²; 1 этаж; габариты 13.88×16.3 м; материал — газобетон; стиль — стиль Райта. Такой пин особенно полезен, когда вы сравниваете сразу несколько вариантов. После перехода на сайт можно изучить планы этажей, фасады, размеры и характеристики.",https://catalog-plans.ru/catalog/46-09WGL?utm_source=pinterest&utm_medium=organic&utm_campaign=generated_house_cards_static_fixed_batch_31&utm_content=pin_5568_46-09wgl_site&utm_term=krasivye-fasady-chastnyh-domov,,"проект дома 46-09WGL, проект №46-09WGL, Красивые фасады частных домов, готовый проект дома, планировка дома, фасады дома, дом с размерами, визуализация дома, дом 125,16 м², дом газобетон, дом стиль Райта, catalog-plans.ru"
Дом №46-22AGL: посмотреть параметры и проект,https://raw.githubusercontent.com/nemchenik/test/catalog-plans-pinterest-assets/pinterest/generated_batch_31_static_fixed/46-22AGL.jpg,Готовые проекты коттеджей,,"Проект дома №46-22AGL. В карточке использован настоящий фасад проекта из каталога catalog-plans.ru. Это удобно для первого отбора проектов ещё до детального просмотра на сайте. Параметры проекта: площадь 121,7 м²; 1 этаж; габариты 11.52×14.02 м; материал — газобетон; стиль — современный. Это помогает быстрее решить, подходит ли проект по стилю и масштабу. На странице проекта доступны планировка, фасады, габариты и состав документации.",https://catalog-plans.ru/catalog/46-22AGL?utm_source=pinterest&utm_medium=organic&utm_campaign=generated_house_cards_static_fixed_batch_31&utm_content=pin_5569_46-22agl_facades&utm_term=gotovye-proekty-kottedzhey,,"проект дома 46-22AGL, проект №46-22AGL, Готовые проекты коттеджей, готовый проект дома, планировка дома, фасады дома, дом с размерами, визуализация дома, дом 121,7 м², дом газобетон, дом современный, catalog-plans.ru"
"Проект №46-23BAK1L: фасады, размеры и планировка",https://raw.githubusercontent.com/nemchenik/test/catalog-plans-pinterest-assets/pinterest/generated_batch_31_static_fixed/46-23BAK1L.jpg,Проекты загородных домов,,"Проект дома №46-23BAK1L. На обложке — исходное изображение этого дома с сайта catalog-plans.ru. Карточка ускоряет сравнение домов между собой и облегчает выбор в ленте Pinterest. Параметры проекта: площадь 327,55 м²; 2 этажа; габариты 16.82×21.7 м; материал — кирпич; стиль — современный. Для выбора дома под постоянное проживание такой формат очень удобен. В карточке проекта на сайте вы увидите планы, фасады, размеры и другие детали.",https://catalog-plans.ru/catalog/46-23BAK1L?utm_source=pinterest&utm_medium=organic&utm_campaign=generated_house_cards_static_fixed_batch_31&utm_content=pin_5570_46-23bak1l_estimate&utm_term=proekty-zagorodnyh-domov,,"проект дома 46-23BAK1L, проект №46-23BAK1L, Проекты загородных домов, готовый проект дома, планировка дома, фасады дома, дом с размерами, визуализация дома, дом 327,55 м², дом кирпич, дом современный, catalog-plans.ru"
Дом №46-34: открыть характеристики проекта,https://raw.githubusercontent.com/nemchenik/test/catalog-plans-pinterest-assets/pinterest/generated_batch_31_static_fixed/46-34.jpg,Проекты домов для постоянного проживания,,"Проект дома №46-34. Для карточки взята реальная визуализация проекта с catalog-plans.ru. Так проще понять, стоит ли открывать проект подробнее и сохранять его в доску. Параметры проекта: площадь 117,55 м²; 2 этажа; габариты 9.57×10.31 м; материал — кирпич; стиль — современный. Так проще не потерять интересный проект и вернуться к нему позже. После перехода откроются планы этажей, архитектурные виды и основные параметры проекта.",https://catalog-plans.ru/catalog/46-34?utm_source=pinterest&utm_medium=organic&utm_campaign=generated_house_cards_static_fixed_batch_31&utm_content=pin_5571_46-34_changes&utm_term=proekty-domov-dlya-postoyannogo-prozhivaniya,,"проект дома 46-34, проект №46-34, Проекты домов для постоянного проживания, готовый проект дома, планировка дома, фасады дома, дом с размерами, визуализация дома, дом 117,55 м², дом кирпич, дом современный, catalog-plans.ru"
Проект дома №46-37GL: оценить метраж и фасад,https://raw.githubusercontent.com/nemchenik/test/catalog-plans-pinterest-assets/pinterest/generated_batch_31_static_fixed/46-37GL.jpg,Проекты домов 200–300 м²,,"Проект дома №46-37GL. Пин собран на основе канонического изображения дома из catalog-plans.ru. Пин даёт быстрый предпросмотр фасада и ключевых характеристик проекта. Параметры проекта: площадь 227,06 м²; 2 этажа; габариты 12.78×15.06 м; материал — газобетон; стиль — стиль Райта. Если подбираете дом под участок, такой предпросмотр экономит время. На сайте можно проверить планировку, размеры, фасады и дополнительные характеристики.",https://catalog-plans.ru/catalog/46-37GL?utm_source=pinterest&utm_medium=organic&utm_campaign=generated_house_cards_static_fixed_batch_31&utm_content=pin_5572_46-37gl_plans&utm_term=proekty-domov-200-300-m,,"проект дома 46-37GL, проект №46-37GL, Проекты домов 200–300 м², готовый проект дома, планировка дома, фасады дома, дом с размерами, визуализация дома, дом 227,06 м², дом газобетон, дом стиль Райта, catalog-plans.ru"
Дом №46-92L: сравнить внешний вид и параметры,https://raw.githubusercontent.com/nemchenik/test/catalog-plans-pinterest-assets/pinterest/generated_batch_31_static_fixed/46-92L.jpg,Проекты домов 120–150 м²,,"Проект дома №46-92L. На превью размещён реальный фасад проекта из карточки дома на catalog-plans.ru. Это хороший способ быстро оценить архитектурный образ и основные цифры проекта. Параметры проекта: площадь 140 м²; 1 этаж; габариты 15×15.18 м; материал — кирпич; стиль — хай-тек. Карточка хорошо работает для быстрого визуального сравнения проектов. Карточка проекта содержит планы, фасады, параметры и сведения для осознанного выбора.",https://catalog-plans.ru/catalog/46-92L?utm_source=pinterest&utm_medium=organic&utm_campaign=generated_house_cards_static_fixed_batch_31&utm_content=pin_5573_46-92l_compare&utm_term=proekty-domov-120-150-m,,"проект дома 46-92L, проект №46-92L, Проекты домов 120–150 м², готовый проект дома, планировка дома, фасады дома, дом с размерами, визуализация дома, дом 140 м², дом кирпич, дом хай-тек, catalog-plans.ru"
Проект №46-96: проверить размеры дома,https://raw.githubusercontent.com/nemchenik/test/catalog-plans-pinterest-assets/pinterest/generated_batch_31_static_fixed/46-96.jpg,Двухэтажные проекты домов,,"Проект дома №46-96. В основе этого пина лежит исходная визуализация дома с catalog-plans.ru. Такой формат делает выбор проекта более наглядным и быстрым. Параметры проекта: площадь 190 м²; 2 этажа; габариты 11.37×14.62 м; материал — кирпич; стиль — хай-тек. Это удобно, когда вы хотите видеть и фасад, и основные цифры в одном кадре. На странице проекта вы сможете сравнить параметры, посмотреть планы и оценить фасады.",https://catalog-plans.ru/catalog/46-96?utm_source=pinterest&utm_medium=organic&utm_campaign=generated_house_cards_static_fixed_batch_31&utm_content=pin_5574_46-96_site&utm_term=dvuhetazhnye-proekty-domov,,"проект дома 46-96, проект №46-96, Двухэтажные проекты домов, готовый проект дома, планировка дома, фасады дома, дом с размерами, визуализация дома, дом 190 м², дом кирпич, дом хай-тек, catalog-plans.ru"
Дом №46-96DG: архитектура и основные данные,https://raw.githubusercontent.com/nemchenik/test/catalog-plans-pinterest-assets/pinterest/generated_batch_31_static_fixed/46-96DG.jpg,Проекты домов 2 этажа,,"Проект дома №46-96DG. Карточка использует настоящий фасад проекта, опубликованный на catalog-plans.ru. Карточка позволяет сразу увидеть проект, номер и базовые параметры дома. Параметры проекта: площадь 202,83 м²; 2 этажа; габариты 11.27×14.72 м; материал — газобетон; стиль — хай-тек. Пин рассчитан на быстрый переход к полному описанию проекта на сайте. Дальше на сайте доступен полный набор данных: планы, фасады, размеры и характеристики.",https://catalog-plans.ru/catalog/46-96DG?utm_source=pinterest&utm_medium=organic&utm_campaign=generated_house_cards_static_fixed_batch_31&utm_content=pin_5575_46-96dg_facades&utm_term=proekty-domov-2-etazha,,"проект дома 46-96DG, проект №46-96DG, Проекты домов 2 этажа, готовый проект дома, планировка дома, фасады дома, дом с размерами, визуализация дома, дом 202,83 м², дом газобетон, дом хай-тек, catalog-plans.ru"
"Проект дома №48-20: планы, фасады и размеры",https://raw.githubusercontent.com/nemchenik/test/catalog-plans-pinterest-assets/pinterest/generated_batch_31_static_fixed/48-20.jpg,Проекты кирпичных домов,,"Проект дома №48-20. На превью показана реальная визуализация дома с catalog-plans.ru. Такой формат помогает быстро сопоставить внешний вид, площадь и параметры дома. Параметры проекта: площадь 93,2 м²; 2 этажа; габариты 8.9×8.9 м; материал — кирпич; стиль — современный. Такой пин особенно полезен, когда вы сравниваете сразу несколько вариантов. После перехода на сайт можно изучить планы этажей, фасады, размеры и характеристики.",https://catalog-plans.ru/catalog/48-20?utm_source=pinterest&utm_medium=organic&utm_campaign=generated_house_cards_static_fixed_batch_31&utm_content=pin_5576_48-20_estimate&utm_term=proekty-kirpichnyh-domov,,"проект дома 48-20, проект №48-20, Проекты кирпичных домов, готовый проект дома, планировка дома, фасады дома, дом с размерами, визуализация дома, дом 93,2 м², дом кирпич, дом современный, catalog-plans.ru"
Дом №48-24: посмотреть параметры и проект,https://raw.githubusercontent.com/nemchenik/test/catalog-plans-pinterest-assets/pinterest/generated_batch_31_static_fixed/48-24.jpg,Проекты домов из кирпича,,"Проект дома №48-24. В карточке использован настоящий фасад проекта из каталога catalog-plans.ru. Это удобно для первого отбора проектов ещё до детального просмотра на сайте. Параметры проекта: площадь 262,99 м²; 2 этажа; габариты 15.71×16.62 м; материал — кирпич; стиль — современный. Это помогает быстрее решить, подходит ли проект по стилю и масштабу. На странице проекта доступны планировка, фасады, габариты и состав документации.",https://catalog-plans.ru/catalog/48-24?utm_source=pinterest&utm_medium=organic&utm_campaign=generated_house_cards_static_fixed_batch_31&utm_content=pin_5577_48-24_changes&utm_term=proekty-domov-iz-kirpicha,,"проект дома 48-24, проект №48-24, Проекты домов из кирпича, готовый проект дома, планировка дома, фасады дома, дом с размерами, визуализация дома, дом 262,99 м², дом кирпич, дом современный, catalog-plans.ru"
"Проект №48-48: фасады, размеры и планировка",https://raw.githubusercontent.com/nemchenik/test/catalog-plans-pinterest-assets/pinterest/generated_batch_31_static_fixed/48-48.jpg,Большие частные дома,,"Проект дома №48-48. На обложке — исходное изображение этого дома с сайта catalog-plans.ru. Карточка ускоряет сравнение домов между собой и облегчает выбор в ленте Pinterest. Параметры проекта: площадь 397,37 м²; 3 этажа; габариты 15.84×19.71 м; материал — монолитный каркас; стиль — хай-тек. Для выбора дома под постоянное проживание такой формат очень удобен. В карточке проекта на сайте вы увидите планы, фасады, размеры и другие детали.",https://catalog-plans.ru/catalog/48-48?utm_source=pinterest&utm_medium=organic&utm_campaign=generated_house_cards_static_fixed_batch_31&utm_content=pin_5578_48-48_plans&utm_term=bolshie-chastnye-doma,,"проект дома 48-48, проект №48-48, Большие частные дома, готовый проект дома, планировка дома, фасады дома, дом с размерами, визуализация дома, дом 397,37 м², дом монолитный каркас, дом хай-тек, catalog-plans.ru"
Дом №48-71L: открыть характеристики проекта,https://raw.githubusercontent.com/nemchenik/test/catalog-plans-pinterest-assets/pinterest/generated_batch_31_static_fixed/48-71L.jpg,Дома хай-тек проекты,,"Проект дома №48-71L. Для карточки взята реальная визуализация проекта с catalog-plans.ru. Так проще понять, стоит ли открывать проект подробнее и сохранять его в доску. Параметры проекта: площадь 180,54 м²; 2 этажа; габариты 7.02×18.32 м; материал — кирпич; стиль — хай-тек. Так проще не потерять интересный проект и вернуться к нему позже. После перехода откроются планы этажей, архитектурные виды и основные параметры проекта.",https://catalog-plans.ru/catalog/48-71L?utm_source=pinterest&utm_medium=organic&utm_campaign=generated_house_cards_static_fixed_batch_31&utm_content=pin_5579_48-71l_compare&utm_term=doma-hay-tek-proekty,,"проект дома 48-71L, проект №48-71L, Дома хай-тек проекты, готовый проект дома, планировка дома, фасады дома, дом с размерами, визуализация дома, дом 180,54 м², дом кирпич, дом хай-тек, catalog-plans.ru"
Проект дома №48-72L: оценить метраж и фасад,https://raw.githubusercontent.com/nemchenik/test/catalog-plans-pinterest-assets/pinterest/generated_batch_31_static_fixed/48-72L.jpg,Проекты частных домов с планировкой,,"Проект дома №48-72L. Пин собран на основе канонического изображения дома из catalog-plans.ru. Пин даёт быстрый предпросмотр фасада и ключевых характеристик проекта. Параметры проекта: площадь 159,33 м²; 2 этажа; габариты 13.225×18.32 м; материал — кирпич; стиль — современный. Если подбираете дом под участок, такой предпросмотр экономит время. На сайте можно проверить планировку, размеры, фасады и дополнительные характеристики.",https://catalog-plans.ru/catalog/48-72L?utm_source=pinterest&utm_medium=organic&utm_campaign=generated_house_cards_static_fixed_batch_31&utm_content=pin_5580_48-72l_site&utm_term=proekty-chastnyh-domov-s-planirovkoy,,"проект дома 48-72L, проект №48-72L, Проекты частных домов с планировкой, готовый проект дома, планировка дома, фасады дома, дом с размерами, визуализация дома, дом 159,33 м², дом кирпич, дом современный, catalog-plans.ru"
Дом №48-73A: сравнить внешний вид и параметры,https://raw.githubusercontent.com/nemchenik/test/catalog-plans-pinterest-assets/pinterest/generated_batch_31_static_fixed/48-73A.jpg,Проекты домов с размерами,,"Проект дома №48-73A. На превью размещён реальный фасад проекта из карточки дома на catalog-plans.ru. Это хороший способ быстро оценить архитектурный образ и основные цифры проекта. Параметры проекта: площадь 119,54 м²; 1 этаж; габариты 9.1×21.93 м; материал — кирпич; стиль — скандинавский. Карточка хорошо работает для быстрого визуального сравнения проектов. Карточка проекта содержит планы, фасады, параметры и сведения для осознанного выбора.",https://catalog-plans.ru/catalog/48-73A?utm_source=pinterest&utm_medium=organic&utm_campaign=generated_house_cards_static_fixed_batch_31&utm_content=pin_5581_48-73a_facades&utm_term=proekty-domov-s-razmerami,,"проект дома 48-73A, проект №48-73A, Проекты домов с размерами, готовый проект дома, планировка дома, фасады дома, дом с размерами, визуализация дома, дом 119,54 м², дом кирпич, дом скандинавский, catalog-plans.ru"
Проект №48-75MK2: проверить размеры дома,https://raw.githubusercontent.com/nemchenik/test/catalog-plans-pinterest-assets/pinterest/generated_batch_31_static_fixed/48-75MK2.jpg,Планы домов и коттеджей,,"Проект дома №48-75MK2. В основе этого пина лежит исходная визуализация дома с catalog-plans.ru. Такой формат делает выбор проекта более наглядным и быстрым. Параметры проекта: площадь 491,05 м²; 2 этажа; габариты 20.78×29.83 м; материал — монолитный каркас; стиль — хай-тек. Это удобно, когда вы хотите видеть и фасад, и основные цифры в одном кадре. На странице проекта вы сможете сравнить параметры, посмотреть планы и оценить фасады.",https://catalog-plans.ru/catalog/48-75MK2?utm_source=pinterest&utm_medium=organic&utm_campaign=generated_house_cards_static_fixed_batch_31&utm_content=pin_5582_48-75mk2_estimate&utm_term=plany-domov-i-kottedzhey,,"проект дома 48-75MK2, проект №48-75MK2, Планы домов и коттеджей, готовый проект дома, планировка дома, фасады дома, дом с размерами, визуализация дома, дом 491,05 м², дом монолитный каркас, дом хай-тек, catalog-plans.ru"
Дом №48-76L: архитектура и основные данные,https://raw.githubusercontent.com/nemchenik/test/catalog-plans-pinterest-assets/pinterest/generated_batch_31_static_fixed/48-76L.jpg,Красивые фасады частных домов,,"Проект дома №48-76L. Карточка использует настоящий фасад проекта, опубликованный на catalog-plans.ru. Карточка позволяет сразу увидеть проект, номер и базовые параметры дома. Параметры проекта: площадь 104,11 м²; 2 этажа; габариты 7.94×10.51 м; материал — кирпич; стиль — европейский. Пин рассчитан на быстрый переход к полному описанию проекта на сайте. Дальше на сайте доступен полный набор данных: планы, фасады, размеры и характеристики.",https://catalog-plans.ru/catalog/48-76L?utm_source=pinterest&utm_medium=organic&utm_campaign=generated_house_cards_static_fixed_batch_31&utm_content=pin_5583_48-76l_changes&utm_term=krasivye-fasady-chastnyh-domov,,"проект дома 48-76L, проект №48-76L, Красивые фасады частных домов, готовый проект дома, планировка дома, фасады дома, дом с размерами, визуализация дома, дом 104,11 м², дом кирпич, дом европейский, catalog-plans.ru"
"Проект дома №57-05BL: планы, фасады и размеры",https://raw.githubusercontent.com/nemchenik/test/catalog-plans-pinterest-assets/pinterest/generated_batch_31_static_fixed/57-05BL.jpg,Готовые проекты коттеджей,,"Проект дома №57-05BL. На превью показана реальная визуализация дома с catalog-plans.ru. Такой формат помогает быстро сопоставить внешний вид, площадь и параметры дома. Параметры проекта: площадь 149,87 м²; 2 этажа; габариты 10×10.7 м; материал — газобетон; стиль — европейский. Такой пин особенно полезен, когда вы сравниваете сразу несколько вариантов. После перехода на сайт можно изучить планы этажей, фасады, размеры и характеристики.",https://catalog-plans.ru/catalog/57-05BL?utm_source=pinterest&utm_medium=organic&utm_campaign=generated_house_cards_static_fixed_batch_31&utm_content=pin_5584_57-05bl_plans&utm_term=gotovye-proekty-kottedzhey,,"проект дома 57-05BL, проект №57-05BL, Готовые проекты коттеджей, готовый проект дома, планировка дома, фасады дома, дом с размерами, визуализация дома, дом 149,87 м², дом газобетон, дом европейский, catalog-plans.ru"
Дом №57-07: посмотреть параметры и проект,https://raw.githubusercontent.com/nemchenik/test/catalog-plans-pinterest-assets/pinterest/generated_batch_31_static_fixed/57-07.jpg,Проекты загородных домов,,"Проект дома №57-07. В карточке использован настоящий фасад проекта из каталога catalog-plans.ru. Это удобно для первого отбора проектов ещё до детального просмотра на сайте. Параметры проекта: площадь 115,97 м²; 2 этажа; габариты 8.45×10.85 м; материал — газобетон; стиль — современный. Это помогает быстрее решить, подходит ли проект по стилю и масштабу. На странице проекта доступны планировка, фасады, габариты и состав документации.",https://catalog-plans.ru/catalog/57-07?utm_source=pinterest&utm_medium=organic&utm_campaign=generated_house_cards_static_fixed_batch_31&utm_content=pin_5585_57-07_compare&utm_term=proekty-zagorodnyh-domov,,"проект дома 57-07, проект №57-07, Проекты загородных домов, готовый проект дома, планировка дома, фасады дома, дом с размерами, визуализация дома, дом 115,97 м², дом газобетон, дом современный, catalog-plans.ru"
"Проект №57-17D: фасады, размеры и планировка",https://raw.githubusercontent.com/nemchenik/test/catalog-plans-pinterest-assets/pinterest/generated_batch_31_static_fixed/57-17D.jpg,Проекты домов для постоянного проживания,,"Проект дома №57-17D. На обложке — исходное изображение этого дома с сайта catalog-plans.ru. Карточка ускоряет сравнение домов между собой и облегчает выбор в ленте Pinterest. Параметры проекта: площадь 111,88 м²; 2 этажа; габариты 8.9×8.9 м; материал — газобетон; стиль — скандинавский. Для выбора дома под постоянное проживание такой формат очень удобен. В карточке проекта на сайте вы увидите планы, фасады, размеры и другие детали.",https://catalog-plans.ru/catalog/57-17D?utm_source=pinterest&utm_medium=organic&utm_campaign=generated_house_cards_static_fixed_batch_31&utm_content=pin_5586_57-17d_site&utm_term=proekty-domov-dlya-postoyannogo-prozhivaniya,,"проект дома 57-17D, проект №57-17D, Проекты домов для постоянного проживания, готовый проект дома, планировка дома, фасады дома, дом с размерами, визуализация дома, дом 111,88 м², дом газобетон, дом скандинавский, catalog-plans.ru"
Дом №57-63FL: открыть характеристики проекта,https://raw.githubusercontent.com/nemchenik/test/catalog-plans-pinterest-assets/pinterest/generated_batch_31_static_fixed/57-63FL.jpg,Проекты домов до 150 м²,,"Проект дома №57-63FL. Для карточки взята реальная визуализация проекта с catalog-plans.ru. Так проще понять, стоит ли открывать проект подробнее и сохранять его в доску. Параметры проекта: площадь 135,55 м²; 2 этажа; габариты 10×12.6 м; материал — газобетон; стиль — европейский. Так проще не потерять интересный проект и вернуться к нему позже. После перехода откроются планы этажей, архитектурные виды и основные параметры проекта.",https://catalog-plans.ru/catalog/57-63FL?utm_source=pinterest&utm_medium=organic&utm_campaign=generated_house_cards_static_fixed_batch_31&utm_content=pin_5587_57-63fl_facades&utm_term=proekty-domov-do-150-m,,"проект дома 57-63FL, проект №57-63FL, Проекты домов до 150 м², готовый проект дома, планировка дома, фасады дома, дом с размерами, визуализация дома, дом 135,55 м², дом газобетон, дом европейский, catalog-plans.ru"
Проект дома №58-09: оценить метраж и фасад,https://raw.githubusercontent.com/nemchenik/test/catalog-plans-pinterest-assets/pinterest/generated_batch_31_static_fixed/58-09.jpg,Проекты семейных домов,,"Проект дома №58-09. Пин собран на основе канонического изображения дома из catalog-plans.ru. Пин даёт быстрый предпросмотр фасада и ключевых характеристик проекта. Параметры проекта: площадь 174,3 м²; 2 этажа; габариты 12×14 м; материал — газобетон; стиль — скандинавский. Если подбираете дом под участок, такой предпросмотр экономит время. На сайте можно проверить планировку, размеры, фасады и дополнительные характеристики.",https://catalog-plans.ru/catalog/58-09?utm_source=pinterest&utm_medium=organic&utm_campaign=generated_house_cards_static_fixed_batch_31&utm_content=pin_5588_58-09_estimate&utm_term=proekty-semeynyh-domov,,"проект дома 58-09, проект №58-09, Проекты семейных домов, готовый проект дома, планировка дома, фасады дома, дом с размерами, визуализация дома, дом 174,3 м², дом газобетон, дом скандинавский, catalog-plans.ru"
Дом №58-22C: сравнить внешний вид и параметры,https://raw.githubusercontent.com/nemchenik/test/catalog-plans-pinterest-assets/pinterest/generated_batch_31_static_fixed/58-22C.jpg,Двухэтажные проекты домов,,"Проект дома №58-22C. На превью размещён реальный фасад проекта из карточки дома на catalog-plans.ru. Это хороший способ быстро оценить архитектурный образ и основные цифры проекта. Параметры проекта: площадь 206,23 м²; 2 этажа; габариты 11.56×16.26 м; материал — газобетон; стиль — скандинавский. Карточка хорошо работает для быстрого визуального сравнения проектов. Карточка проекта содержит планы, фасады, параметры и сведения для осознанного выбора.",https://catalog-plans.ru/catalog/58-22C?utm_source=pinterest&utm_medium=organic&utm_campaign=generated_house_cards_static_fixed_batch_31&utm_content=pin_5589_58-22c_changes&utm_term=dvuhetazhnye-proekty-domov,,"проект дома 58-22C, проект №58-22C, Двухэтажные проекты домов, готовый проект дома, планировка дома, фасады дома, дом с размерами, визуализация дома, дом 206,23 м², дом газобетон, дом скандинавский, catalog-plans.ru"
Проект №58-22RL: проверить размеры дома,https://raw.githubusercontent.com/nemchenik/test/catalog-plans-pinterest-assets/pinterest/generated_batch_31_static_fixed/58-22RL.jpg,Проекты домов 2 этажа,,"Проект дома №58-22RL. В основе этого пина лежит исходная визуализация дома с catalog-plans.ru. Такой формат делает выбор проекта более наглядным и быстрым. Параметры проекта: площадь 238,26 м²; 2 этажа; габариты 14.16×11.56 м; материал — монолитный каркас; стиль — скандинавский. Это удобно, когда вы хотите видеть и фасад, и основные цифры в одном кадре. На странице проекта вы сможете сравнить параметры, посмотреть планы и оценить фасады.",https://catalog-plans.ru/catalog/58-22RL?utm_source=pinterest&utm_medium=organic&utm_campaign=generated_house_cards_static_fixed_batch_31&utm_content=pin_5590_58-22rl_plans&utm_term=proekty-domov-2-etazha,,"проект дома 58-22RL, проект №58-22RL, Проекты домов 2 этажа, готовый проект дома, планировка дома, фасады дома, дом с размерами, визуализация дома, дом 238,26 м², дом монолитный каркас, дом скандинавский, catalog-plans.ru"
Дом №58-52ABAKL: архитектура и основные данные,https://raw.githubusercontent.com/nemchenik/test/catalog-plans-pinterest-assets/pinterest/generated_batch_31_static_fixed/58-52ABAKL.jpg,Проекты кирпичных домов,,"Проект дома №58-52ABAKL. Карточка использует настоящий фасад проекта, опубликованный на catalog-plans.ru. Карточка позволяет сразу увидеть проект, номер и базовые параметры дома. Параметры проекта: площадь 177,35 м²; 2 этажа; габариты 11.28×11.28 м; материал — кирпич; стиль — современный. Пин рассчитан на быстрый переход к полному описанию проекта на сайте. Дальше на сайте доступен полный набор данных: планы, фасады, размеры и характеристики.",https://catalog-plans.ru/catalog/58-52ABAKL?utm_source=pinterest&utm_medium=organic&utm_campaign=generated_house_cards_static_fixed_batch_31&utm_content=pin_5591_58-52abakl_compare&utm_term=proekty-kirpichnyh-domov,,"проект дома 58-52ABAKL, проект №58-52ABAKL, Проекты кирпичных домов, готовый проект дома, планировка дома, фасады дома, дом с размерами, визуализация дома, дом 177,35 м², дом кирпич, дом современный, catalog-plans.ru"
"Проект дома №58-53BM: планы, фасады и размеры",https://raw.githubusercontent.com/nemchenik/test/catalog-plans-pinterest-assets/pinterest/generated_batch_31_static_fixed/58-53BM.jpg,Проекты каркасных домов,,"Проект дома №58-53BM. На превью показана реальная визуализация дома с catalog-plans.ru. Такой формат помогает быстро сопоставить внешний вид, площадь и параметры дома. Параметры проекта: площадь 169,66 м²; 3 этажа; габариты 11.53×11.955 м; материал — монолитный каркас; стиль — средневековый. Такой пин особенно полезен, когда вы сравниваете сразу несколько вариантов. После перехода на сайт можно изучить планы этажей, фасады, размеры и характеристики.",https://catalog-plans.ru/catalog/58-53BM?utm_source=pinterest&utm_medium=organic&utm_campaign=generated_house_cards_static_fixed_batch_31&utm_content=pin_5592_58-53bm_site&utm_term=proekty-karkasnyh-domov,,"проект дома 58-53BM, проект №58-53BM, Проекты каркасных домов, готовый проект дома, планировка дома, фасады дома, дом с размерами, визуализация дома, дом 169,66 м², дом монолитный каркас, дом средневековый, catalog-plans.ru"
Дом №58-66FAEL: посмотреть параметры и проект,https://raw.githubusercontent.com/nemchenik/test/catalog-plans-pinterest-assets/pinterest/generated_batch_31_static_fixed/58-66FAEL.jpg,Проекты домов 2 этажа,,"Проект дома №58-66FAEL. В карточке использован настоящий фасад проекта из каталога catalog-plans.ru. Это удобно для первого отбора проектов ещё до детального просмотра на сайте. Параметры проекта: площадь 178,91 м²; 2 этажа; габариты 10×13 м; материал — газобетон; стиль — английский. Это помогает быстрее решить, подходит ли проект по стилю и масштабу. На странице проекта доступны планировка, фасады, габариты и состав документации.",https://catalog-plans.ru/catalog/58-66FAEL?utm_source=pinterest&utm_medium=organic&utm_campaign=generated_house_cards_static_fixed_batch_31&utm_content=pin_5593_58-66fael_facades&utm_term=proekty-domov-2-etazha,,"проект дома 58-66FAEL, проект №58-66FAEL, Проекты домов 2 этажа, готовый проект дома, планировка дома, фасады дома, дом с размерами, визуализация дома, дом 178,91 м², дом газобетон, дом английский, catalog-plans.ru"
"Проект №58-66HAK1L: фасады, размеры и планировка",https://raw.githubusercontent.com/nemchenik/test/catalog-plans-pinterest-assets/pinterest/generated_batch_31_static_fixed/58-66HAK1L.jpg,Проекты домов с размерами,,"Проект дома №58-66HAK1L. На обложке — исходное изображение этого дома с сайта catalog-plans.ru. Карточка ускоряет сравнение домов между собой и облегчает выбор в ленте Pinterest. Параметры проекта: площадь 232,6 м²; 3 этажа; габариты 12×12.76 м; материал — газобетон; стиль — английский. Для выбора дома под постоянное проживание такой формат очень удобен. В карточке проекта на сайте вы увидите планы, фасады, размеры и другие детали.",https://catalog-plans.ru/catalog/58-66HAK1L?utm_source=pinterest&utm_medium=organic&utm_campaign=generated_house_cards_static_fixed_batch_31&utm_content=pin_5594_58-66hak1l_estimate&utm_term=proekty-domov-s-razmerami,,"проект дома 58-66HAK1L, проект №58-66HAK1L, Проекты домов с размерами, готовый проект дома, планировка дома, фасады дома, дом с размерами, визуализация дома, дом 232,6 м², дом газобетон, дом английский, catalog-plans.ru"
Дом №58-70: открыть характеристики проекта,https://raw.githubusercontent.com/nemchenik/test/catalog-plans-pinterest-assets/pinterest/generated_batch_31_static_fixed/58-70.jpg,Проекты домов из газоблока,,"Проект дома №58-70. Для карточки взята реальная визуализация проекта с catalog-plans.ru. Так проще понять, стоит ли открывать проект подробнее и сохранять его в доску. Параметры проекта: площадь 116 м²; 1 этаж; габариты 11.9×13.9 м; материал — газобетон; стиль — шале. Так проще не потерять интересный проект и вернуться к нему позже. После перехода откроются планы этажей, архитектурные виды и основные параметры проекта.",https://catalog-plans.ru/catalog/58-70?utm_source=pinterest&utm_medium=organic&utm_campaign=generated_house_cards_static_fixed_batch_31&utm_content=pin_5595_58-70_changes&utm_term=proekty-domov-iz-gazobloka,,"проект дома 58-70, проект №58-70, Проекты домов из газоблока, готовый проект дома, планировка дома, фасады дома, дом с размерами, визуализация дома, дом 116 м², дом газобетон, дом шале, catalog-plans.ru"
Проект дома №58-70A: оценить метраж и фасад,https://raw.githubusercontent.com/nemchenik/test/catalog-plans-pinterest-assets/pinterest/generated_batch_31_static_fixed/58-70A.jpg,Красивые фасады частных домов,,"Проект дома №58-70A. Пин собран на основе канонического изображения дома из catalog-plans.ru. Пин даёт быстрый предпросмотр фасада и ключевых характеристик проекта. Параметры проекта: площадь 117,79 м²; 1 этаж; габариты 11.8×13.8 м; материал — керамзитобетон; стиль — шале. Если подбираете дом под участок, такой предпросмотр экономит время. На сайте можно проверить планировку, размеры, фасады и дополнительные характеристики.",https://catalog-plans.ru/catalog/58-70A?utm_source=pinterest&utm_medium=organic&utm_campaign=generated_house_cards_static_fixed_batch_31&utm_content=pin_5596_58-70a_plans&utm_term=krasivye-fasady-chastnyh-domov,,"проект дома 58-70A, проект №58-70A, Красивые фасады частных домов, готовый проект дома, планировка дома, фасады дома, дом с размерами, визуализация дома, дом 117,79 м², дом керамзитобетон, дом шале, catalog-plans.ru"
Дом №58-70B: сравнить внешний вид и параметры,https://raw.githubusercontent.com/nemchenik/test/catalog-plans-pinterest-assets/pinterest/generated_batch_31_static_fixed/58-70B.jpg,Проекты домов с размерами,,"Проект дома №58-70B. На превью размещён реальный фасад проекта из карточки дома на catalog-plans.ru. Это хороший способ быстро оценить архитектурный образ и основные цифры проекта. Параметры проекта: площадь 167,98 м²; 1 этаж; габариты 12.5×14.2 м; материал — газобетон; стиль — шале. Карточка хорошо работает для быстрого визуального сравнения проектов. Карточка проекта содержит планы, фасады, параметры и сведения для осознанного выбора.",https://catalog-plans.ru/catalog/58-70B?utm_source=pinterest&utm_medium=organic&utm_campaign=generated_house_cards_static_fixed_batch_31&utm_content=pin_5597_58-70b_compare&utm_term=proekty-domov-s-razmerami,,"проект дома 58-70B, проект №58-70B, Проекты домов с размерами, готовый проект дома, планировка дома, фасады дома, дом с размерами, визуализация дома, дом 167,98 м², дом газобетон, дом шале, catalog-plans.ru"
Проект №58-70E: проверить размеры дома,https://raw.githubusercontent.com/nemchenik/test/catalog-plans-pinterest-assets/pinterest/generated_batch_31_static_fixed/58-70E.jpg,Планы домов и коттеджей,,"Проект дома №58-70E. В основе этого пина лежит исходная визуализация дома с catalog-plans.ru. Такой формат делает выбор проекта более наглядным и быстрым. Параметры проекта: площадь 120,24 м²; 1 этаж; габариты 10.75×17.85 м; материал — газобетон; стиль — шале. Это удобно, когда вы хотите видеть и фасад, и основные цифры в одном кадре. На странице проекта вы сможете сравнить параметры, посмотреть планы и оценить фасады.",https://catalog-plans.ru/catalog/58-70E?utm_source=pinterest&utm_medium=organic&utm_campaign=generated_house_cards_static_fixed_batch_31&utm_content=pin_5598_58-70e_site&utm_term=plany-domov-i-kottedzhey,,"проект дома 58-70E, проект №58-70E, Планы домов и коттеджей, готовый проект дома, планировка дома, фасады дома, дом с размерами, визуализация дома, дом 120,24 м², дом газобетон, дом шале, catalog-plans.ru"
Дом №58-70FAG: архитектура и основные данные,https://raw.githubusercontent.com/nemchenik/test/catalog-plans-pinterest-assets/pinterest/generated_batch_31_static_fixed/58-70FAG.jpg,Красивые фасады частных домов,,"Проект дома №58-70FAG. Карточка использует настоящий фасад проекта, опубликованный на catalog-plans.ru. Карточка позволяет сразу увидеть проект, номер и базовые параметры дома. Параметры проекта: площадь 236,52 м²; 2 этажа; габариты 12.51×13.8 м; материал — газобетон; стиль — шале. Пин рассчитан на быстрый переход к полному описанию проекта на сайте. Дальше на сайте доступен полный набор данных: планы, фасады, размеры и характеристики.",https://catalog-plans.ru/catalog/58-70FAG?utm_source=pinterest&utm_medium=organic&utm_campaign=generated_house_cards_static_fixed_batch_31&utm_content=pin_5599_58-70fag_facades&utm_term=krasivye-fasady-chastnyh-domov,,"проект дома 58-70FAG, проект №58-70FAG, Красивые фасады частных домов, готовый проект дома, планировка дома, фасады дома, дом с размерами, визуализация дома, дом 236,52 м², дом газобетон, дом шале, catalog-plans.ru"
"Проект дома №58-70FK: планы, фасады и размеры",https://raw.githubusercontent.com/nemchenik/test/catalog-plans-pinterest-assets/pinterest/generated_batch_31_static_fixed/58-70FK.jpg,Готовые проекты коттеджей,,"Проект дома №58-70FK. На превью показана реальная визуализация дома с catalog-plans.ru. Такой формат помогает быстро сопоставить внешний вид, площадь и параметры дома. Параметры проекта: площадь 141,95 м²; 1 этаж; габариты 12.73×14.02 м; материал — кирпич; стиль — шале. Такой пин особенно полезен, когда вы сравниваете сразу несколько вариантов. После перехода на сайт можно изучить планы этажей, фасады, размеры и характеристики.",https://catalog-plans.ru/catalog/58-70FK?utm_source=pinterest&utm_medium=organic&utm_campaign=generated_house_cards_static_fixed_batch_31&utm_content=pin_5600_58-70fk_estimate&utm_term=gotovye-proekty-kottedzhey,,"проект дома 58-70FK, проект №58-70FK, Готовые проекты коттеджей, готовый проект дома, планировка дома, фасады дома, дом с размерами, визуализация дома, дом 141,95 м², дом кирпич, дом шале, catalog-plans.ru"
Дом №58-70GLT: посмотреть параметры и проект,https://raw.githubusercontent.com/nemchenik/test/catalog-plans-pinterest-assets/pinterest/generated_batch_31_static_fixed/58-70GLT.jpg,Проекты загородных домов,,"Проект дома №58-70GLT. В карточке использован настоящий фасад проекта из каталога catalog-plans.ru. Это удобно для первого отбора проектов ещё до детального просмотра на сайте. Параметры проекта: площадь 117,76 м²; 1 этаж; габариты 12.1×14.1 м; материал — газобетон; стиль — шале. Это помогает быстрее решить, подходит ли проект по стилю и масштабу. На странице проекта доступны планировка, фасады, габариты и состав документации.",https://catalog-plans.ru/catalog/58-70GLT?utm_source=pinterest&utm_medium=organic&utm_campaign=generated_house_cards_static_fixed_batch_31&utm_content=pin_5601_58-70glt_changes&utm_term=proekty-zagorodnyh-domov,,"проект дома 58-70GLT, проект №58-70GLT, Проекты загородных домов, готовый проект дома, планировка дома, фасады дома, дом с размерами, визуализация дома, дом 117,76 м², дом газобетон, дом шале, catalog-plans.ru"
"Проект №58-70HFX: фасады, размеры и планировка",https://raw.githubusercontent.com/nemchenik/test/catalog-plans-pinterest-assets/pinterest/generated_batch_31_static_fixed/58-70HFX.jpg,Проекты домов для постоянного проживания,,"Проект дома №58-70HFX. На обложке — исходное изображение этого дома с сайта catalog-plans.ru. Карточка ускоряет сравнение домов между собой и облегчает выбор в ленте Pinterest. Параметры проекта: площадь 125,31 м²; 1 этаж; габариты 10.6×13.8 м; материал — дерево; стиль — шале. Для выбора дома под постоянное проживание такой формат очень удобен. В карточке проекта на сайте вы увидите планы, фасады, размеры и другие детали.",https://catalog-plans.ru/catalog/58-70HFX?utm_source=pinterest&utm_medium=organic&utm_campaign=generated_house_cards_static_fixed_batch_31&utm_content=pin_5602_58-70hfx_plans&utm_term=proekty-domov-dlya-postoyannogo-prozhivaniya,,"проект дома 58-70HFX, проект №58-70HFX, Проекты домов для постоянного проживания, готовый проект дома, планировка дома, фасады дома, дом с размерами, визуализация дома, дом 125,31 м², дом дерево, дом шале, catalog-plans.ru"
Дом №58-70JA: открыть характеристики проекта,https://raw.githubusercontent.com/nemchenik/test/catalog-plans-pinterest-assets/pinterest/generated_batch_31_static_fixed/58-70JA.jpg,Проекты домов до 120 м²,,"Проект дома №58-70JA. Для карточки взята реальная визуализация проекта с catalog-plans.ru. Так проще понять, стоит ли открывать проект подробнее и сохранять его в доску. Параметры проекта: площадь 116,51 м²; 1 этаж; габариты 11.9×13.9 м; материал — газобетон; стиль — шале. Так проще не потерять интересный проект и вернуться к нему позже. После перехода откроются планы этажей, архитектурные виды и основные параметры проекта.",https://catalog-plans.ru/catalog/58-70JA?utm_source=pinterest&utm_medium=organic&utm_campaign=generated_house_cards_static_fixed_batch_31&utm_content=pin_5603_58-70ja_compare&utm_term=proekty-domov-do-120-m,,"проект дома 58-70JA, проект №58-70JA, Проекты домов до 120 м², готовый проект дома, планировка дома, фасады дома, дом с размерами, визуализация дома, дом 116,51 м², дом газобетон, дом шале, catalog-plans.ru"
Проект дома №58-70KDL: оценить метраж и фасад,https://raw.githubusercontent.com/nemchenik/test/catalog-plans-pinterest-assets/pinterest/generated_batch_31_static_fixed/58-70KDL.jpg,Проекты компактных домов,,"Проект дома №58-70KDL. Пин собран на основе канонического изображения дома из catalog-plans.ru. Пин даёт быстрый предпросмотр фасада и ключевых характеристик проекта. Параметры проекта: площадь 119,31 м²; 1 этаж; габариты 12.39×14.28 м; материал — кирпич; стиль — шале. Если подбираете дом под участок, такой предпросмотр экономит время. На сайте можно проверить планировку, размеры, фасады и дополнительные характеристики.",https://catalog-plans.ru/catalog/58-70KDL?utm_source=pinterest&utm_medium=organic&utm_campaign=generated_house_cards_static_fixed_batch_31&utm_content=pin_5604_58-70kdl_site&utm_term=proekty-kompaktnyh-domov,,"проект дома 58-70KDL, проект №58-70KDL, Проекты компактных домов, готовый проект дома, планировка дома, фасады дома, дом с размерами, визуализация дома, дом 119,31 м², дом кирпич, дом шале, catalog-plans.ru"
Дом №58-70L: сравнить внешний вид и параметры,https://raw.githubusercontent.com/nemchenik/test/catalog-plans-pinterest-assets/pinterest/generated_batch_31_static_fixed/58-70L.jpg,Одноэтажные проекты домов,,"Проект дома №58-70L. На превью размещён реальный фасад проекта из карточки дома на catalog-plans.ru. Это хороший способ быстро оценить архитектурный образ и основные цифры проекта. Параметры проекта: площадь 118,13 м²; 1 этаж; габариты 12.1×14.1 м; материал — газобетон; стиль — шале. Карточка хорошо работает для быстрого визуального сравнения проектов. Карточка проекта содержит планы, фасады, параметры и сведения для осознанного выбора.",https://catalog-plans.ru/catalog/58-70L?utm_source=pinterest&utm_medium=organic&utm_campaign=generated_house_cards_static_fixed_batch_31&utm_content=pin_5605_58-70l_facades&utm_term=odnoetazhnye-proekty-domov,,"проект дома 58-70L, проект №58-70L, Одноэтажные проекты домов, готовый проект дома, планировка дома, фасады дома, дом с размерами, визуализация дома, дом 118,13 м², дом газобетон, дом шале, catalog-plans.ru"
Проект №58-70PX: проверить размеры дома,https://raw.githubusercontent.com/nemchenik/test/catalog-plans-pinterest-assets/pinterest/generated_batch_31_static_fixed/58-70PX.jpg,Проекты одноэтажных коттеджей,,"Проект дома №58-70PX. В основе этого пина лежит исходная визуализация дома с catalog-plans.ru. Такой формат делает выбор проекта более наглядным и быстрым. Параметры проекта: площадь 99,97 м²; 1 этаж; габариты 10×12 м; материал — деревянный каркас; стиль — шале. Это удобно, когда вы хотите видеть и фасад, и основные цифры в одном кадре. На странице проекта вы сможете сравнить параметры, посмотреть планы и оценить фасады.",https://catalog-plans.ru/catalog/58-70PX?utm_source=pinterest&utm_medium=organic&utm_campaign=generated_house_cards_static_fixed_batch_31&utm_content=pin_5606_58-70px_estimate&utm_term=proekty-odnoetazhnyh-kottedzhey,,"проект дома 58-70PX, проект №58-70PX, Проекты одноэтажных коттеджей, готовый проект дома, планировка дома, фасады дома, дом с размерами, визуализация дома, дом 99,97 м², дом деревянный каркас, дом шале, catalog-plans.ru"
Дом №58-70QAB: архитектура и основные данные,https://raw.githubusercontent.com/nemchenik/test/catalog-plans-pinterest-assets/pinterest/generated_batch_31_static_fixed/58-70QAB.jpg,Проекты домов из газобетона,,"Проект дома №58-70QAB. Карточка использует настоящий фасад проекта, опубликованный на catalog-plans.ru. Карточка позволяет сразу увидеть проект, номер и базовые параметры дома. Параметры проекта: площадь 116,21 м²; 1 этаж; габариты 11.8×13.8 м; материал — газобетон; стиль — шале. Пин рассчитан на быстрый переход к полному описанию проекта на сайте. Дальше на сайте доступен полный набор данных: планы, фасады, размеры и характеристики.",https://catalog-plans.ru/catalog/58-70QAB?utm_source=pinterest&utm_medium=organic&utm_campaign=generated_house_cards_static_fixed_batch_31&utm_content=pin_5607_58-70qab_changes&utm_term=proekty-domov-iz-gazobetona,,"проект дома 58-70QAB, проект №58-70QAB, Проекты домов из газобетона, готовый проект дома, планировка дома, фасады дома, дом с размерами, визуализация дома, дом 116,21 м², дом газобетон, дом шале, catalog-plans.ru"
"Проект дома №58-70TK2: планы, фасады и размеры",https://raw.githubusercontent.com/nemchenik/test/catalog-plans-pinterest-assets/pinterest/generated_batch_31_static_fixed/58-70TK2.jpg,Проекты домов из кирпича,,"Проект дома №58-70TK2. На превью показана реальная визуализация дома с catalog-plans.ru. Такой формат помогает быстро сопоставить внешний вид, площадь и параметры дома. Параметры проекта: площадь 157,65 м²; 1 этаж; габариты 14.06×14.91 м; материал — кирпич; стиль — шале. Такой пин особенно полезен, когда вы сравниваете сразу несколько вариантов. После перехода на сайт можно изучить планы этажей, фасады, размеры и характеристики.",https://catalog-plans.ru/catalog/58-70TK2?utm_source=pinterest&utm_medium=organic&utm_campaign=generated_house_cards_static_fixed_batch_31&utm_content=pin_5608_58-70tk2_plans&utm_term=proekty-domov-iz-kirpicha,,"проект дома 58-70TK2, проект №58-70TK2, Проекты домов из кирпича, готовый проект дома, планировка дома, фасады дома, дом с размерами, визуализация дома, дом 157,65 м², дом кирпич, дом шале, catalog-plans.ru"
Дом №58-70W: посмотреть параметры и проект,https://raw.githubusercontent.com/nemchenik/test/catalog-plans-pinterest-assets/pinterest/generated_batch_31_static_fixed/58-70W.jpg,Проекты частных домов с планировкой,,"Проект дома №58-70W. В карточке использован настоящий фасад проекта из каталога catalog-plans.ru. Это удобно для первого отбора проектов ещё до детального просмотра на сайте. Параметры проекта: площадь 117,76 м²; 1 этаж; габариты 11.9×13.9 м; материал — газобетон; стиль — шале. Это помогает быстрее решить, подходит ли проект по стилю и масштабу. На странице проекта доступны планировка, фасады, габариты и состав документации.",https://catalog-plans.ru/catalog/58-70W?utm_source=pinterest&utm_medium=organic&utm_campaign=generated_house_cards_static_fixed_batch_31&utm_content=pin_5609_58-70w_compare&utm_term=proekty-chastnyh-domov-s-planirovkoy,,"проект дома 58-70W, проект №58-70W, Проекты частных домов с планировкой, готовый проект дома, планировка дома, фасады дома, дом с размерами, визуализация дома, дом 117,76 м², дом газобетон, дом шале, catalog-plans.ru"
"Проект №58-70WN: фасады, размеры и планировка",https://raw.githubusercontent.com/nemchenik/test/catalog-plans-pinterest-assets/pinterest/generated_batch_31_static_fixed/58-70WN.jpg,Проекты домов с размерами,,"Проект дома №58-70WN. На обложке — исходное изображение этого дома с сайта catalog-plans.ru. Карточка ускоряет сравнение домов между собой и облегчает выбор в ленте Pinterest. Параметры проекта: площадь 117,76 м²; 1 этаж; габариты 11.9×13.9 м; материал — газобетон; стиль — шале. Для выбора дома под постоянное проживание такой формат очень удобен. В карточке проекта на сайте вы увидите планы, фасады, размеры и другие детали.",https://catalog-plans.ru/catalog/58-70WN?utm_source=pinterest&utm_medium=organic&utm_campaign=generated_house_cards_static_fixed_batch_31&utm_content=pin_5610_58-70wn_site&utm_term=proekty-domov-s-razmerami,,"проект дома 58-70WN, проект №58-70WN, Проекты домов с размерами, готовый проект дома, планировка дома, фасады дома, дом с размерами, визуализация дома, дом 117,76 м², дом газобетон, дом шале, catalog-plans.ru"
Дом №58-70WRK2L: открыть характеристики проекта,https://raw.githubusercontent.com/nemchenik/test/catalog-plans-pinterest-assets/pinterest/generated_batch_31_static_fixed/58-70WRK2L.jpg,Планы домов и коттеджей,,"Проект дома №58-70WRK2L. Для карточки взята реальная визуализация проекта с catalog-plans.ru. Так проще понять, стоит ли открывать проект подробнее и сохранять его в доску. Параметры проекта: площадь 119,46 м²; 1 этаж; габариты 12.16×14.16 м; материал — кирпич; стиль — шале. Так проще не потерять интересный проект и вернуться к нему позже. После перехода откроются планы этажей, архитектурные виды и основные параметры проекта.",https://catalog-plans.ru/catalog/58-70WRK2L?utm_source=pinterest&utm_medium=organic&utm_campaign=generated_house_cards_static_fixed_batch_31&utm_content=pin_5611_58-70wrk2l_facades&utm_term=plany-domov-i-kottedzhey,,"проект дома 58-70WRK2L, проект №58-70WRK2L, Планы домов и коттеджей, готовый проект дома, планировка дома, фасады дома, дом с размерами, визуализация дома, дом 119,46 м², дом кирпич, дом шале, catalog-plans.ru"
Проект дома №58-70WT: оценить метраж и фасад,https://raw.githubusercontent.com/nemchenik/test/catalog-plans-pinterest-assets/pinterest/generated_batch_31_static_fixed/58-70WT.jpg,Красивые фасады частных домов,,"Проект дома №58-70WT. Пин собран на основе канонического изображения дома из catalog-plans.ru. Пин даёт быстрый предпросмотр фасада и ключевых характеристик проекта. Параметры проекта: площадь 161,95 м²; 1 этаж; габариты 11.9×20.3 м; материал — газобетон; стиль — шале. Если подбираете дом под участок, такой предпросмотр экономит время. На сайте можно проверить планировку, размеры, фасады и дополнительные характеристики.",https://catalog-plans.ru/catalog/58-70WT?utm_source=pinterest&utm_medium=organic&utm_campaign=generated_house_cards_static_fixed_batch_31&utm_content=pin_5612_58-70wt_estimate&utm_term=krasivye-fasady-chastnyh-domov,,"проект дома 58-70WT, проект №58-70WT, Красивые фасады частных домов, готовый проект дома, планировка дома, фасады дома, дом с размерами, визуализация дома, дом 161,95 м², дом газобетон, дом шале, catalog-plans.ru"
Дом №58-70WTA: сравнить внешний вид и параметры,https://raw.githubusercontent.com/nemchenik/test/catalog-plans-pinterest-assets/pinterest/generated_batch_31_static_fixed/58-70WTA.jpg,Готовые проекты коттеджей,,"Проект дома №58-70WTA. На превью размещён реальный фасад проекта из карточки дома на catalog-plans.ru. Это хороший способ быстро оценить архитектурный образ и основные цифры проекта. Параметры проекта: площадь 161,98 м²; 1 этаж; габариты 11.9×18.3 м; материал — газобетон; стиль — шале. Карточка хорошо работает для быстрого визуального сравнения проектов. Карточка проекта содержит планы, фасады, параметры и сведения для осознанного выбора.",https://catalog-plans.ru/catalog/58-70WTA?utm_source=pinterest&utm_medium=organic&utm_campaign=generated_house_cards_static_fixed_batch_31&utm_content=pin_5613_58-70wta_changes&utm_term=gotovye-proekty-kottedzhey,,"проект дома 58-70WTA, проект №58-70WTA, Готовые проекты коттеджей, готовый проект дома, планировка дома, фасады дома, дом с размерами, визуализация дома, дом 161,98 м², дом газобетон, дом шале, catalog-plans.ru"
Проект №58-70WZ: проверить размеры дома,https://raw.githubusercontent.com/nemchenik/test/catalog-plans-pinterest-assets/pinterest/generated_batch_31_static_fixed/58-70WZ.jpg,Проекты загородных домов,,"Проект дома №58-70WZ. В основе этого пина лежит исходная визуализация дома с catalog-plans.ru. Такой формат делает выбор проекта более наглядным и быстрым. Параметры проекта: площадь 117,17 м²; 1 этаж; габариты 11.9×13.9 м; материал — газобетон; стиль — шале. Это удобно, когда вы хотите видеть и фасад, и основные цифры в одном кадре. На странице проекта вы сможете сравнить параметры, посмотреть планы и оценить фасады.",https://catalog-plans.ru/catalog/58-70WZ?utm_source=pinterest&utm_medium=organic&utm_campaign=generated_house_cards_static_fixed_batch_31&utm_content=pin_5614_58-70wz_plans&utm_term=proekty-zagorodnyh-domov,,"проект дома 58-70WZ, проект №58-70WZ, Проекты загородных домов, готовый проект дома, планировка дома, фасады дома, дом с размерами, визуализация дома, дом 117,17 м², дом газобетон, дом шале, catalog-plans.ru"
Дом №58-70Z: архитектура и основные данные,https://raw.githubusercontent.com/nemchenik/test/catalog-plans-pinterest-assets/pinterest/generated_batch_31_static_fixed/58-70Z.jpg,Проекты домов для постоянного проживания,,"Проект дома №58-70Z. Карточка использует настоящий фасад проекта, опубликованный на catalog-plans.ru. Карточка позволяет сразу увидеть проект, номер и базовые параметры дома. Параметры проекта: площадь 198,8 м²; 2 этажа; габариты 11.9×13.9 м; материал — газобетон; стиль — шале. Пин рассчитан на быстрый переход к полному описанию проекта на сайте. Дальше на сайте доступен полный набор данных: планы, фасады, размеры и характеристики.",https://catalog-plans.ru/catalog/58-70Z?utm_source=pinterest&utm_medium=organic&utm_campaign=generated_house_cards_static_fixed_batch_31&utm_content=pin_5615_58-70z_compare&utm_term=proekty-domov-dlya-postoyannogo-prozhivaniya,,"проект дома 58-70Z, проект №58-70Z, Проекты домов для постоянного проживания, готовый проект дома, планировка дома, фасады дома, дом с размерами, визуализация дома, дом 198,8 м², дом газобетон, дом шале, catalog-plans.ru"
"Проект дома №58-70ZB: планы, фасады и размеры",https://raw.githubusercontent.com/nemchenik/test/catalog-plans-pinterest-assets/pinterest/generated_batch_31_static_fixed/58-70ZB.jpg,Проекты домов 150–200 м²,,"Проект дома №58-70ZB. На превью показана реальная визуализация дома с catalog-plans.ru. Такой формат помогает быстро сопоставить внешний вид, площадь и параметры дома. Параметры проекта: площадь 198,46 м²; 2 этажа; габариты 14.11×16.42 м; материал — газобетон; стиль — шале. Такой пин особенно полезен, когда вы сравниваете сразу несколько вариантов. После перехода на сайт можно изучить планы этажей, фасады, размеры и характеристики.",https://catalog-plans.ru/catalog/58-70ZB?utm_source=pinterest&utm_medium=organic&utm_campaign=generated_house_cards_static_fixed_batch_31&utm_content=pin_5616_58-70zb_site&utm_term=proekty-domov-150-200-m,,"проект дома 58-70ZB, проект №58-70ZB, Проекты домов 150–200 м², готовый проект дома, планировка дома, фасады дома, дом с размерами, визуализация дома, дом 198,46 м², дом газобетон, дом шале, catalog-plans.ru"
Дом №58-70ZCK1L: посмотреть параметры и проект,https://raw.githubusercontent.com/nemchenik/test/catalog-plans-pinterest-assets/pinterest/generated_batch_31_static_fixed/58-70ZCK1L.jpg,Большие частные дома,,"Проект дома №58-70ZCK1L. В карточке использован настоящий фасад проекта из каталога catalog-plans.ru. Это удобно для первого отбора проектов ещё до детального просмотра на сайте. Параметры проекта: площадь 390,35 м²; 2 этажа; габариты 12.26×18.64 м; материал — кирпич; стиль — шале. Это помогает быстрее решить, подходит ли проект по стилю и масштабу. На странице проекта доступны планировка, фасады, габариты и состав документации.",https://catalog-plans.ru/catalog/58-70ZCK1L?utm_source=pinterest&utm_medium=organic&utm_campaign=generated_house_cards_static_fixed_batch_31&utm_content=pin_5617_58-70zck1l_facades&utm_term=bolshie-chastnye-doma,,"проект дома 58-70ZCK1L, проект №58-70ZCK1L, Большие частные дома, готовый проект дома, планировка дома, фасады дома, дом с размерами, визуализация дома, дом 390,35 м², дом кирпич, дом шале, catalog-plans.ru"
"Проект №58-70ZD: фасады, размеры и планировка",https://raw.githubusercontent.com/nemchenik/test/catalog-plans-pinterest-assets/pinterest/generated_batch_31_static_fixed/58-70ZD.jpg,Двухэтажные проекты домов,,"Проект дома №58-70ZD. На обложке — исходное изображение этого дома с сайта catalog-plans.ru. Карточка ускоряет сравнение домов между собой и облегчает выбор в ленте Pinterest. Параметры проекта: площадь 225,87 м²; 2 этажа; габариты 11.9×13.9 м; материал — газобетон; стиль — шале. Для выбора дома под постоянное проживание такой формат очень удобен. В карточке проекта на сайте вы увидите планы, фасады, размеры и другие детали.",https://catalog-plans.ru/catalog/58-70ZD?utm_source=pinterest&utm_medium=organic&utm_campaign=generated_house_cards_static_fixed_batch_31&utm_content=pin_5618_58-70zd_estimate&utm_term=dvuhetazhnye-proekty-domov,,"проект дома 58-70ZD, проект №58-70ZD, Двухэтажные проекты домов, готовый проект дома, планировка дома, фасады дома, дом с размерами, визуализация дома, дом 225,87 м², дом газобетон, дом шале, catalog-plans.ru"
Дом №58-70ZE: открыть характеристики проекта,https://raw.githubusercontent.com/nemchenik/test/catalog-plans-pinterest-assets/pinterest/generated_batch_31_static_fixed/58-70ZE.jpg,Проекты домов 2 этажа,,"Проект дома №58-70ZE. Для карточки взята реальная визуализация проекта с catalog-plans.ru. Так проще понять, стоит ли открывать проект подробнее и сохранять его в доску. Параметры проекта: площадь 184,33 м²; 2 этажа; габариты 11.9×13.9 м; материал — кирпич; стиль — шале. Так проще не потерять интересный проект и вернуться к нему позже. После перехода откроются планы этажей, архитектурные виды и основные параметры проекта.",https://catalog-plans.ru/catalog/58-70ZE?utm_source=pinterest&utm_medium=organic&utm_campaign=generated_house_cards_static_fixed_batch_31&utm_content=pin_5619_58-70ze_changes&utm_term=proekty-domov-2-etazha,,"проект дома 58-70ZE, проект №58-70ZE, Проекты домов 2 этажа, готовый проект дома, планировка дома, фасады дома, дом с размерами, визуализация дома, дом 184,33 м², дом кирпич, дом шале, catalog-plans.ru"
Проект дома №58-70ZEL: оценить метраж и фасад,https://raw.githubusercontent.com/nemchenik/test/catalog-plans-pinterest-assets/pinterest/generated_batch_31_static_fixed/58-70ZEL.jpg,Проекты домов из газобетона,,"Проект дома №58-70ZEL. Пин собран на основе канонического изображения дома из catalog-plans.ru. Пин даёт быстрый предпросмотр фасада и ключевых характеристик проекта. Параметры проекта: площадь 184,33 м²; 2 этажа; габариты 11.9×13.9 м; материал — газобетон; стиль — шале. Если подбираете дом под участок, такой предпросмотр экономит время. На сайте можно проверить планировку, размеры, фасады и дополнительные характеристики.",https://catalog-plans.ru/catalog/58-70ZEL?utm_source=pinterest&utm_medium=organic&utm_campaign=generated_house_cards_static_fixed_batch_31&utm_content=pin_5620_58-70zel_plans&utm_term=proekty-domov-iz-gazobetona,,"проект дома 58-70ZEL, проект №58-70ZEL, Проекты домов из газобетона, готовый проект дома, планировка дома, фасады дома, дом с размерами, визуализация дома, дом 184,33 м², дом газобетон, дом шале, catalog-plans.ru"
Дом №58-70ZHCX: сравнить внешний вид и параметры,https://raw.githubusercontent.com/nemchenik/test/catalog-plans-pinterest-assets/pinterest/generated_batch_31_static_fixed/58-70ZHCX.jpg,Деревянные дома с планировкой,,"Проект дома №58-70ZHCX. На превью размещён реальный фасад проекта из карточки дома на catalog-plans.ru. Это хороший способ быстро оценить архитектурный образ и основные цифры проекта. Параметры проекта: площадь 240,24 м²; 1 этаж; габариты 10.6×14.6 м; материал — дерево; стиль — шале. Карточка хорошо работает для быстрого визуального сравнения проектов. Карточка проекта содержит планы, фасады, параметры и сведения для осознанного выбора.",https://catalog-plans.ru/catalog/58-70ZHCX?utm_source=pinterest&utm_medium=organic&utm_campaign=generated_house_cards_static_fixed_batch_31&utm_content=pin_5621_58-70zhcx_compare&utm_term=derevyannye-doma-s-planirovkoy,,"проект дома 58-70ZHCX, проект №58-70ZHCX, Деревянные дома с планировкой, готовый проект дома, планировка дома, фасады дома, дом с размерами, визуализация дома, дом 240,24 м², дом дерево, дом шале, catalog-plans.ru"
Проект №58-70ZHL: проверить размеры дома,https://raw.githubusercontent.com/nemchenik/test/catalog-plans-pinterest-assets/pinterest/generated_batch_31_static_fixed/58-70ZHL.jpg,Проекты частных домов с планировкой,,"Проект дома №58-70ZHL. В основе этого пина лежит исходная визуализация дома с catalog-plans.ru. Такой формат делает выбор проекта более наглядным и быстрым. Параметры проекта: площадь 222,6 м²; 2 этажа; габариты 12.2×14.2 м; материал — газобетон; стиль — шале. Это удобно, когда вы хотите видеть и фасад, и основные цифры в одном кадре. На странице проекта вы сможете сравнить параметры, посмотреть планы и оценить фасады.",https://catalog-plans.ru/catalog/58-70ZHL?utm_source=pinterest&utm_medium=organic&utm_campaign=generated_house_cards_static_fixed_batch_31&utm_content=pin_5622_58-70zhl_site&utm_term=proekty-chastnyh-domov-s-planirovkoy,,"проект дома 58-70ZHL, проект №58-70ZHL, Проекты частных домов с планировкой, готовый проект дома, планировка дома, фасады дома, дом с размерами, визуализация дома, дом 222,6 м², дом газобетон, дом шале, catalog-plans.ru"
Дом №58-70ZR: архитектура и основные данные,https://raw.githubusercontent.com/nemchenik/test/catalog-plans-pinterest-assets/pinterest/generated_batch_31_static_fixed/58-70ZR.jpg,Проекты домов с размерами,,"Проект дома №58-70ZR. Карточка использует настоящий фасад проекта, опубликованный на catalog-plans.ru. Карточка позволяет сразу увидеть проект, номер и базовые параметры дома. Параметры проекта: площадь 176,66 м²; 2 этажа; габариты 12×14 м; материал — газобетон; стиль — шале. Пин рассчитан на быстрый переход к полному описанию проекта на сайте. Дальше на сайте доступен полный набор данных: планы, фасады, размеры и характеристики.",https://catalog-plans.ru/catalog/58-70ZR?utm_source=pinterest&utm_medium=organic&utm_campaign=generated_house_cards_static_fixed_batch_31&utm_content=pin_5623_58-70zr_facades&utm_term=proekty-domov-s-razmerami,,"проект дома 58-70ZR, проект №58-70ZR, Проекты домов с размерами, готовый проект дома, планировка дома, фасады дома, дом с размерами, визуализация дома, дом 176,66 м², дом газобетон, дом шале, catalog-plans.ru"
"Проект дома №58-70ZT: планы, фасады и размеры",https://raw.githubusercontent.com/nemchenik/test/catalog-plans-pinterest-assets/pinterest/generated_batch_31_static_fixed/58-70ZT.jpg,Планы домов и коттеджей,,"Проект дома №58-70ZT. На превью показана реальная визуализация дома с catalog-plans.ru. Такой формат помогает быстро сопоставить внешний вид, площадь и параметры дома. Параметры проекта: площадь 211,38 м²; 2 этажа; габариты 10.98×15.4 м; материал — газобетон; стиль — шале. Такой пин особенно полезен, когда вы сравниваете сразу несколько вариантов. После перехода на сайт можно изучить планы этажей, фасады, размеры и характеристики.",https://catalog-plans.ru/catalog/58-70ZT?utm_source=pinterest&utm_medium=organic&utm_campaign=generated_house_cards_static_fixed_batch_31&utm_content=pin_5624_58-70zt_estimate&utm_term=plany-domov-i-kottedzhey,,"проект дома 58-70ZT, проект №58-70ZT, Планы домов и коттеджей, готовый проект дома, планировка дома, фасады дома, дом с размерами, визуализация дома, дом 211,38 м², дом газобетон, дом шале, catalog-plans.ru"
Дом №58-79A: посмотреть параметры и проект,https://raw.githubusercontent.com/nemchenik/test/catalog-plans-pinterest-assets/pinterest/generated_batch_31_static_fixed/58-79A.jpg,Проекты частных домов с планировкой,,"Проект дома №58-79A. В карточке использован настоящий фасад проекта из каталога catalog-plans.ru. Это удобно для первого отбора проектов ещё до детального просмотра на сайте. Параметры проекта: площадь 145,65 м²; 2 этажа; габариты 9.62×11.45 м; материал — газобетон; стиль — европейский. Это помогает быстрее решить, подходит ли проект по стилю и масштабу. На странице проекта доступны планировка, фасады, габариты и состав документации.",https://catalog-plans.ru/catalog/58-79A?utm_source=pinterest&utm_medium=organic&utm_campaign=generated_house_cards_static_fixed_batch_31&utm_content=pin_5625_58-79a_changes&utm_term=proekty-chastnyh-domov-s-planirovkoy,,"проект дома 58-79A, проект №58-79A, Проекты частных домов с планировкой, готовый проект дома, планировка дома, фасады дома, дом с размерами, визуализация дома, дом 145,65 м², дом газобетон, дом европейский, catalog-plans.ru"
"Проект №58-79FX: фасады, размеры и планировка",https://raw.githubusercontent.com/nemchenik/test/catalog-plans-pinterest-assets/pinterest/generated_batch_31_static_fixed/58-79FX.jpg,Проекты домов с размерами,,"Проект дома №58-79FX. На обложке — исходное изображение этого дома с сайта catalog-plans.ru. Карточка ускоряет сравнение домов между собой и облегчает выбор в ленте Pinterest. Параметры проекта: площадь 139,59 м²; 2 этажа; габариты 8.4×11.15 м; материал — деревянный каркас; стиль — европейский. Для выбора дома под постоянное проживание такой формат очень удобен. В карточке проекта на сайте вы увидите планы, фасады, размеры и другие детали.",https://catalog-plans.ru/catalog/58-79FX?utm_source=pinterest&utm_medium=organic&utm_campaign=generated_house_cards_static_fixed_batch_31&utm_content=pin_5626_58-79fx_plans&utm_term=proekty-domov-s-razmerami,,"проект дома 58-79FX, проект №58-79FX, Проекты домов с размерами, готовый проект дома, планировка дома, фасады дома, дом с размерами, визуализация дома, дом 139,59 м², дом деревянный каркас, дом европейский, catalog-plans.ru"
Дом №58-79TK1: открыть характеристики проекта,https://raw.githubusercontent.com/nemchenik/test/catalog-plans-pinterest-assets/pinterest/generated_batch_31_static_fixed/58-79TK1.jpg,Планы домов и коттеджей,,"Проект дома №58-79TK1. Для карточки взята реальная визуализация проекта с catalog-plans.ru. Так проще понять, стоит ли открывать проект подробнее и сохранять его в доску. Параметры проекта: площадь 140,63 м²; 2 этажа; габариты 9.49×11.61 м; материал — кирпич; стиль — европейский. Так проще не потерять интересный проект и вернуться к нему позже. После перехода откроются планы этажей, архитектурные виды и основные параметры проекта.",https://catalog-plans.ru/catalog/58-79TK1?utm_source=pinterest&utm_medium=organic&utm_campaign=generated_house_cards_static_fixed_batch_31&utm_content=pin_5627_58-79tk1_compare&utm_term=plany-domov-i-kottedzhey,,"проект дома 58-79TK1, проект №58-79TK1, Планы домов и коттеджей, готовый проект дома, планировка дома, фасады дома, дом с размерами, визуализация дома, дом 140,63 м², дом кирпич, дом европейский, catalog-plans.ru"
Проект дома №58-84BBTL: оценить метраж и фасад,https://raw.githubusercontent.com/nemchenik/test/catalog-plans-pinterest-assets/pinterest/generated_batch_31_static_fixed/58-84BBTL.jpg,Красивые фасады частных домов,,"Проект дома №58-84BBTL. Пин собран на основе канонического изображения дома из catalog-plans.ru. Пин даёт быстрый предпросмотр фасада и ключевых характеристик проекта. Параметры проекта: площадь 157,27 м²; 1 этаж; габариты 12.3×16.8 м; материал — газобетон; стиль — скандинавский. Если подбираете дом под участок, такой предпросмотр экономит время. На сайте можно проверить планировку, размеры, фасады и дополнительные характеристики.",https://catalog-plans.ru/catalog/58-84BBTL?utm_source=pinterest&utm_medium=organic&utm_campaign=generated_house_cards_static_fixed_batch_31&utm_content=pin_5628_58-84bbtl_site&utm_term=krasivye-fasady-chastnyh-domov,,"проект дома 58-84BBTL, проект №58-84BBTL, Красивые фасады частных домов, готовый проект дома, планировка дома, фасады дома, дом с размерами, визуализация дома, дом 157,27 м², дом газобетон, дом скандинавский, catalog-plans.ru"
Дом №58-84D: сравнить внешний вид и параметры,https://raw.githubusercontent.com/nemchenik/test/catalog-plans-pinterest-assets/pinterest/generated_batch_31_static_fixed/58-84D.jpg,Готовые проекты коттеджей,,"Проект дома №58-84D. На превью размещён реальный фасад проекта из карточки дома на catalog-plans.ru. Это хороший способ быстро оценить архитектурный образ и основные цифры проекта. Параметры проекта: площадь 208,29 м²; 2 этажа; габариты 12×16.5 м; материал — газобетон; стиль — скандинавский. Карточка хорошо работает для быстрого визуального сравнения проектов. Карточка проекта содержит планы, фасады, параметры и сведения для осознанного выбора.",https://catalog-plans.ru/catalog/58-84D?utm_source=pinterest&utm_medium=organic&utm_campaign=generated_house_cards_static_fixed_batch_31&utm_content=pin_5629_58-84d_facades&utm_term=gotovye-proekty-kottedzhey,,"проект дома 58-84D, проект №58-84D, Готовые проекты коттеджей, готовый проект дома, планировка дома, фасады дома, дом с размерами, визуализация дома, дом 208,29 м², дом газобетон, дом скандинавский, catalog-plans.ru"
Проект №58-89E: проверить размеры дома,https://raw.githubusercontent.com/nemchenik/test/catalog-plans-pinterest-assets/pinterest/generated_batch_31_static_fixed/58-89E.jpg,Проекты загородных домов,,"Проект дома №58-89E. В основе этого пина лежит исходная визуализация дома с catalog-plans.ru. Такой формат делает выбор проекта более наглядным и быстрым. Параметры проекта: площадь 82,34 м²; 1 этаж; габариты 8.4×12.75 м; материал — газобетон; стиль — скандинавский. Это удобно, когда вы хотите видеть и фасад, и основные цифры в одном кадре. На странице проекта вы сможете сравнить параметры, посмотреть планы и оценить фасады.",https://catalog-plans.ru/catalog/58-89E?utm_source=pinterest&utm_medium=organic&utm_campaign=generated_house_cards_static_fixed_batch_31&utm_content=pin_5630_58-89e_estimate&utm_term=proekty-zagorodnyh-domov,,"проект дома 58-89E, проект №58-89E, Проекты загородных домов, готовый проект дома, планировка дома, фасады дома, дом с размерами, визуализация дома, дом 82,34 м², дом газобетон, дом скандинавский, catalog-plans.ru"
Дом №58-92EAD: архитектура и основные данные,https://raw.githubusercontent.com/nemchenik/test/catalog-plans-pinterest-assets/pinterest/generated_batch_31_static_fixed/58-92EAD.jpg,Проекты домов для постоянного проживания,,"Проект дома №58-92EAD. Карточка использует настоящий фасад проекта, опубликованный на catalog-plans.ru. Карточка позволяет сразу увидеть проект, номер и базовые параметры дома. Параметры проекта: площадь 162,95 м²; 2 этажа; габариты 10.88×11.89 м; материал — газобетон; стиль — европейский. Пин рассчитан на быстрый переход к полному описанию проекта на сайте. Дальше на сайте доступен полный набор данных: планы, фасады, размеры и характеристики.",https://catalog-plans.ru/catalog/58-92EAD?utm_source=pinterest&utm_medium=organic&utm_campaign=generated_house_cards_static_fixed_batch_31&utm_content=pin_5631_58-92ead_changes&utm_term=proekty-domov-dlya-postoyannogo-prozhivaniya,,"проект дома 58-92EAD, проект №58-92EAD, Проекты домов для постоянного проживания, готовый проект дома, планировка дома, фасады дома, дом с размерами, визуализация дома, дом 162,95 м², дом газобетон, дом европейский, catalog-plans.ru"
"Проект дома №59-35A: планы, фасады и размеры",https://raw.githubusercontent.com/nemchenik/test/catalog-plans-pinterest-assets/pinterest/generated_batch_31_static_fixed/59-35A.jpg,Проекты домов 200–300 м²,,"Проект дома №59-35A. На превью показана реальная визуализация дома с catalog-plans.ru. Такой формат помогает быстро сопоставить внешний вид, площадь и параметры дома. Параметры проекта: площадь 208,2 м²; 2 этажа; габариты 10×11.4 м; материал — газобетон; стиль — скандинавский. Такой пин особенно полезен, когда вы сравниваете сразу несколько вариантов. После перехода на сайт можно изучить планы этажей, фасады, размеры и характеристики.",https://catalog-plans.ru/catalog/59-35A?utm_source=pinterest&utm_medium=organic&utm_campaign=generated_house_cards_static_fixed_batch_31&utm_content=pin_5632_59-35a_plans&utm_term=proekty-domov-200-300-m,,"проект дома 59-35A, проект №59-35A, Проекты домов 200–300 м², готовый проект дома, планировка дома, фасады дома, дом с размерами, визуализация дома, дом 208,2 м², дом газобетон, дом скандинавский, catalog-plans.ru"
Дом №59-35B: посмотреть параметры и проект,https://raw.githubusercontent.com/nemchenik/test/catalog-plans-pinterest-assets/pinterest/generated_batch_31_static_fixed/59-35B.jpg,Проекты больших домов,,"Проект дома №59-35B. В карточке использован настоящий фасад проекта из каталога catalog-plans.ru. Это удобно для первого отбора проектов ещё до детального просмотра на сайте. Параметры проекта: площадь 208,2 м²; 2 этажа; габариты 11.4×13.9 м; материал — газобетон; стиль — скандинавский. Это помогает быстрее решить, подходит ли проект по стилю и масштабу. На странице проекта доступны планировка, фасады, габариты и состав документации.",https://catalog-plans.ru/catalog/59-35B?utm_source=pinterest&utm_medium=organic&utm_campaign=generated_house_cards_static_fixed_batch_31&utm_content=pin_5633_59-35b_compare&utm_term=proekty-bolshih-domov,,"проект дома 59-35B, проект №59-35B, Проекты больших домов, готовый проект дома, планировка дома, фасады дома, дом с размерами, визуализация дома, дом 208,2 м², дом газобетон, дом скандинавский, catalog-plans.ru"
"Проект №59-89K: фасады, размеры и планировка",https://raw.githubusercontent.com/nemchenik/test/catalog-plans-pinterest-assets/pinterest/generated_batch_31_static_fixed/59-89K.jpg,Двухэтажные проекты домов,,"Проект дома №59-89K. На обложке — исходное изображение этого дома с сайта catalog-plans.ru. Карточка ускоряет сравнение домов между собой и облегчает выбор в ленте Pinterest. Параметры проекта: площадь 206,66 м²; 2 этажа; габариты 8.6×15.2 м; материал — кирпич; стиль — скандинавский. Для выбора дома под постоянное проживание такой формат очень удобен. В карточке проекта на сайте вы увидите планы, фасады, размеры и другие детали.",https://catalog-plans.ru/catalog/59-89K?utm_source=pinterest&utm_medium=organic&utm_campaign=generated_house_cards_static_fixed_batch_31&utm_content=pin_5634_59-89k_site&utm_term=dvuhetazhnye-proekty-domov,,"проект дома 59-89K, проект №59-89K, Двухэтажные проекты домов, готовый проект дома, планировка дома, фасады дома, дом с размерами, визуализация дома, дом 206,66 м², дом кирпич, дом скандинавский, catalog-plans.ru"
Дом №62-05: открыть характеристики проекта,https://raw.githubusercontent.com/nemchenik/test/catalog-plans-pinterest-assets/pinterest/generated_batch_31_static_fixed/62-05.jpg,Проекты одноэтажных коттеджей,,"Проект дома №62-05. Для карточки взята реальная визуализация проекта с catalog-plans.ru. Так проще понять, стоит ли открывать проект подробнее и сохранять его в доску. Параметры проекта: площадь 119,26 м²; 1 этаж; габариты 12.75×14.4 м; материал — газобетон; стиль — современный. Так проще не потерять интересный проект и вернуться к нему позже. После перехода откроются планы этажей, архитектурные виды и основные параметры проекта.",https://catalog-plans.ru/catalog/62-05?utm_source=pinterest&utm_medium=organic&utm_campaign=generated_house_cards_static_fixed_batch_31&utm_content=pin_5635_62-05_facades&utm_term=proekty-odnoetazhnyh-kottedzhey,,"проект дома 62-05, проект №62-05, Проекты одноэтажных коттеджей, готовый проект дома, планировка дома, фасады дома, дом с размерами, визуализация дома, дом 119,26 м², дом газобетон, дом современный, catalog-plans.ru"
Проект дома №62-07: оценить метраж и фасад,https://raw.githubusercontent.com/nemchenik/test/catalog-plans-pinterest-assets/pinterest/generated_batch_31_static_fixed/62-07.jpg,Проекты домов из газобетона,,"Проект дома №62-07. Пин собран на основе канонического изображения дома из catalog-plans.ru. Пин даёт быстрый предпросмотр фасада и ключевых характеристик проекта. Параметры проекта: площадь 128 м²; 2 этажа; габариты 11.05×12.3 м; материал — газобетон; стиль — хай-тек. Если подбираете дом под участок, такой предпросмотр экономит время. На сайте можно проверить планировку, размеры, фасады и дополнительные характеристики.",https://catalog-plans.ru/catalog/62-07?utm_source=pinterest&utm_medium=organic&utm_campaign=generated_house_cards_static_fixed_batch_31&utm_content=pin_5636_62-07_estimate&utm_term=proekty-domov-iz-gazobetona,,"проект дома 62-07, проект №62-07, Проекты домов из газобетона, готовый проект дома, планировка дома, фасады дома, дом с размерами, визуализация дома, дом 128 м², дом газобетон, дом хай-тек, catalog-plans.ru"
Дом №62-07DADM: сравнить внешний вид и параметры,https://raw.githubusercontent.com/nemchenik/test/catalog-plans-pinterest-assets/pinterest/generated_batch_31_static_fixed/62-07DADM.jpg,Планы домов и коттеджей,,"Проект дома №62-07DADM. На превью размещён реальный фасад проекта из карточки дома на catalog-plans.ru. Это хороший способ быстро оценить архитектурный образ и основные цифры проекта. Параметры проекта: площадь 218,89 м²; 2 этажа; габариты 12.5×14.03 м; материал — монолит; стиль — хай-тек. Карточка хорошо работает для быстрого визуального сравнения проектов. Карточка проекта содержит планы, фасады, параметры и сведения для осознанного выбора.",https://catalog-plans.ru/catalog/62-07DADM?utm_source=pinterest&utm_medium=organic&utm_campaign=generated_house_cards_static_fixed_batch_31&utm_content=pin_5637_62-07dadm_changes&utm_term=plany-domov-i-kottedzhey,,"проект дома 62-07DADM, проект №62-07DADM, Планы домов и коттеджей, готовый проект дома, планировка дома, фасады дома, дом с размерами, визуализация дома, дом 218,89 м², дом монолит, дом хай-тек, catalog-plans.ru"
Проект №62-24B: проверить размеры дома,https://raw.githubusercontent.com/nemchenik/test/catalog-plans-pinterest-assets/pinterest/generated_batch_31_static_fixed/62-24B.jpg,Проекты домов в стиле хай-тек,,"Проект дома №62-24B. В основе этого пина лежит исходная визуализация дома с catalog-plans.ru. Такой формат делает выбор проекта более наглядным и быстрым. Параметры проекта: площадь 164,42 м²; 2 этажа; габариты 10.52×11.3 м; материал — газобетон; стиль — хай-тек. Это удобно, когда вы хотите видеть и фасад, и основные цифры в одном кадре. На странице проекта вы сможете сравнить параметры, посмотреть планы и оценить фасады.",https://catalog-plans.ru/catalog/62-24B?utm_source=pinterest&utm_medium=organic&utm_campaign=generated_house_cards_static_fixed_batch_31&utm_content=pin_5638_62-24b_plans&utm_term=proekty-domov-v-stile-hay-tek,,"проект дома 62-24B, проект №62-24B, Проекты домов в стиле хай-тек, готовый проект дома, планировка дома, фасады дома, дом с размерами, визуализация дома, дом 164,42 м², дом газобетон, дом хай-тек, catalog-plans.ru"
Дом №62-30BB: архитектура и основные данные,https://raw.githubusercontent.com/nemchenik/test/catalog-plans-pinterest-assets/pinterest/generated_batch_31_static_fixed/62-30BB.jpg,Проекты домов в европейском стиле,,"Проект дома №62-30BB. Карточка использует настоящий фасад проекта, опубликованный на catalog-plans.ru. Карточка позволяет сразу увидеть проект, номер и базовые параметры дома. Параметры проекта: площадь 247,7 м²; 2 этажа; габариты 17.2×18.1 м; материал — газобетон; стиль — европейский. Пин рассчитан на быстрый переход к полному описанию проекта на сайте. Дальше на сайте доступен полный набор данных: планы, фасады, размеры и характеристики.",https://catalog-plans.ru/catalog/62-30BB?utm_source=pinterest&utm_medium=organic&utm_campaign=generated_house_cards_static_fixed_batch_31&utm_content=pin_5639_62-30bb_compare&utm_term=proekty-domov-v-evropeyskom-stile,,"проект дома 62-30BB, проект №62-30BB, Проекты домов в европейском стиле, готовый проект дома, планировка дома, фасады дома, дом с размерами, визуализация дома, дом 247,7 м², дом газобетон, дом европейский, catalog-plans.ru"
"Проект дома №62-68: планы, фасады и размеры",https://raw.githubusercontent.com/nemchenik/test/catalog-plans-pinterest-assets/pinterest/generated_batch_31_static_fixed/62-68.jpg,Проекты частных домов с планировкой,,"Проект дома №62-68. На превью показана реальная визуализация дома с catalog-plans.ru. Такой формат помогает быстро сопоставить внешний вид, площадь и параметры дома. Параметры проекта: площадь 215,07 м²; 2 этажа; габариты 14.66×17.21 м; материал — газобетон; стиль — хай-тек. Такой пин особенно полезен, когда вы сравниваете сразу несколько вариантов. После перехода на сайт можно изучить планы этажей, фасады, размеры и характеристики.",https://catalog-plans.ru/catalog/62-68?utm_source=pinterest&utm_medium=organic&utm_campaign=generated_house_cards_static_fixed_batch_31&utm_content=pin_5640_62-68_site&utm_term=proekty-chastnyh-domov-s-planirovkoy,,"проект дома 62-68, проект №62-68, Проекты частных домов с планировкой, готовый проект дома, планировка дома, фасады дома, дом с размерами, визуализация дома, дом 215,07 м², дом газобетон, дом хай-тек, catalog-plans.ru"
Дом №62-68D: посмотреть параметры и проект,https://raw.githubusercontent.com/nemchenik/test/catalog-plans-pinterest-assets/pinterest/generated_batch_31_static_fixed/62-68D.jpg,Проекты домов с размерами,,"Проект дома №62-68D. В карточке использован настоящий фасад проекта из каталога catalog-plans.ru. Это удобно для первого отбора проектов ещё до детального просмотра на сайте. Параметры проекта: площадь 241,36 м²; 2 этажа; габариты 13.13×17.21 м; материал — газобетон; стиль — хай-тек. Это помогает быстрее решить, подходит ли проект по стилю и масштабу. На странице проекта доступны планировка, фасады, габариты и состав документации.",https://catalog-plans.ru/catalog/62-68D?utm_source=pinterest&utm_medium=organic&utm_campaign=generated_house_cards_static_fixed_batch_31&utm_content=pin_5641_62-68d_facades&utm_term=proekty-domov-s-razmerami,,"проект дома 62-68D, проект №62-68D, Проекты домов с размерами, готовый проект дома, планировка дома, фасады дома, дом с размерами, визуализация дома, дом 241,36 м², дом газобетон, дом хай-тек, catalog-plans.ru"
"Проект №62-71B: фасады, размеры и планировка",https://raw.githubusercontent.com/nemchenik/test/catalog-plans-pinterest-assets/pinterest/generated_batch_31_static_fixed/62-71B.jpg,Планы домов и коттеджей,,"Проект дома №62-71B. На обложке — исходное изображение этого дома с сайта catalog-plans.ru. Карточка ускоряет сравнение домов между собой и облегчает выбор в ленте Pinterest. Параметры проекта: площадь 180,28 м²; 2 этажа; габариты 11.06×11.06 м; материал — газобетон; стиль — хай-тек. Для выбора дома под постоянное проживание такой формат очень удобен. В карточке проекта на сайте вы увидите планы, фасады, размеры и другие детали.",https://catalog-plans.ru/catalog/62-71B?utm_source=pinterest&utm_medium=organic&utm_campaign=generated_house_cards_static_fixed_batch_31&utm_content=pin_5642_62-71b_estimate&utm_term=plany-domov-i-kottedzhey,,"проект дома 62-71B, проект №62-71B, Планы домов и коттеджей, готовый проект дома, планировка дома, фасады дома, дом с размерами, визуализация дома, дом 180,28 м², дом газобетон, дом хай-тек, catalog-plans.ru"
Дом №62-71BVAL: открыть характеристики проекта,https://raw.githubusercontent.com/nemchenik/test/catalog-plans-pinterest-assets/pinterest/generated_batch_31_static_fixed/62-71BVAL.jpg,Проекты семейных домов,,"Проект дома №62-71BVAL. Для карточки взята реальная визуализация проекта с catalog-plans.ru. Так проще понять, стоит ли открывать проект подробнее и сохранять его в доску. Параметры проекта: площадь 164,58 м²; 3 этажа; габариты 11.3×11.3 м; материал — газобетон; стиль — хай-тек. Так проще не потерять интересный проект и вернуться к нему позже. После перехода откроются планы этажей, архитектурные виды и основные параметры проекта.",https://catalog-plans.ru/catalog/62-71BVAL?utm_source=pinterest&utm_medium=organic&utm_campaign=generated_house_cards_static_fixed_batch_31&utm_content=pin_5643_62-71bval_changes&utm_term=proekty-semeynyh-domov,,"проект дома 62-71BVAL, проект №62-71BVAL, Проекты семейных домов, готовый проект дома, планировка дома, фасады дома, дом с размерами, визуализация дома, дом 164,58 м², дом газобетон, дом хай-тек, catalog-plans.ru"
Проект дома №62-71BVBL: оценить метраж и фасад,https://raw.githubusercontent.com/nemchenik/test/catalog-plans-pinterest-assets/pinterest/generated_batch_31_static_fixed/62-71BVBL.jpg,Проекты домов из газобетона,,"Проект дома №62-71BVBL. Пин собран на основе канонического изображения дома из catalog-plans.ru. Пин даёт быстрый предпросмотр фасада и ключевых характеристик проекта. Параметры проекта: площадь 182,78 м²; 3 этажа; габариты 11.04×11.04 м; материал — газобетон; стиль — хай-тек. Если подбираете дом под участок, такой предпросмотр экономит время. На сайте можно проверить планировку, размеры, фасады и дополнительные характеристики.",https://catalog-plans.ru/catalog/62-71BVBL?utm_source=pinterest&utm_medium=organic&utm_campaign=generated_house_cards_static_fixed_batch_31&utm_content=pin_5644_62-71bvbl_plans&utm_term=proekty-domov-iz-gazobetona,,"проект дома 62-71BVBL, проект №62-71BVBL, Проекты домов из газобетона, готовый проект дома, планировка дома, фасады дома, дом с размерами, визуализация дома, дом 182,78 м², дом газобетон, дом хай-тек, catalog-plans.ru"
Дом №62-72AL: сравнить внешний вид и параметры,https://raw.githubusercontent.com/nemchenik/test/catalog-plans-pinterest-assets/pinterest/generated_batch_31_static_fixed/62-72AL.jpg,Проекты загородных домов,,"Проект дома №62-72AL. На превью размещён реальный фасад проекта из карточки дома на catalog-plans.ru. Это хороший способ быстро оценить архитектурный образ и основные цифры проекта. Параметры проекта: площадь 408,41 м²; 2 этажа; габариты 20.53×19.25 м; материал — газобетон; стиль — хай-тек. Карточка хорошо работает для быстрого визуального сравнения проектов. Карточка проекта содержит планы, фасады, параметры и сведения для осознанного выбора.",https://catalog-plans.ru/catalog/62-72AL?utm_source=pinterest&utm_medium=organic&utm_campaign=generated_house_cards_static_fixed_batch_31&utm_content=pin_5645_62-72al_compare&utm_term=proekty-zagorodnyh-domov,,"проект дома 62-72AL, проект №62-72AL, Проекты загородных домов, готовый проект дома, планировка дома, фасады дома, дом с размерами, визуализация дома, дом 408,41 м², дом газобетон, дом хай-тек, catalog-plans.ru"
Проект №62-78: проверить размеры дома,https://raw.githubusercontent.com/nemchenik/test/catalog-plans-pinterest-assets/pinterest/generated_batch_31_static_fixed/62-78.jpg,Проекты домов для постоянного проживания,,"Проект дома №62-78. В основе этого пина лежит исходная визуализация дома с catalog-plans.ru. Такой формат делает выбор проекта более наглядным и быстрым. Параметры проекта: площадь 193,93 м²; 1 этаж; габариты 18.82×22.31 м; материал — газобетон; стиль — хай-тек. Это удобно, когда вы хотите видеть и фасад, и основные цифры в одном кадре. На странице проекта вы сможете сравнить параметры, посмотреть планы и оценить фасады.",https://catalog-plans.ru/catalog/62-78?utm_source=pinterest&utm_medium=organic&utm_campaign=generated_house_cards_static_fixed_batch_31&utm_content=pin_5646_62-78_site&utm_term=proekty-domov-dlya-postoyannogo-prozhivaniya,,"проект дома 62-78, проект №62-78, Проекты домов для постоянного проживания, готовый проект дома, планировка дома, фасады дома, дом с размерами, визуализация дома, дом 193,93 м², дом газобетон, дом хай-тек, catalog-plans.ru"
Дом №63-05AFA: архитектура и основные данные,https://raw.githubusercontent.com/nemchenik/test/catalog-plans-pinterest-assets/pinterest/generated_batch_31_static_fixed/63-05AFA.jpg,Проекты домов из газоблока,,"Проект дома №63-05AFA. Карточка использует настоящий фасад проекта, опубликованный на catalog-plans.ru. Карточка позволяет сразу увидеть проект, номер и базовые параметры дома. Параметры проекта: площадь 129,04 м²; 2 этажа; габариты 8.26×10.85 м; материал — газобетон; стиль — американский. Пин рассчитан на быстрый переход к полному описанию проекта на сайте. Дальше на сайте доступен полный набор данных: планы, фасады, размеры и характеристики.",https://catalog-plans.ru/catalog/63-05AFA?utm_source=pinterest&utm_medium=organic&utm_campaign=generated_house_cards_static_fixed_batch_31&utm_content=pin_5647_63-05afa_facades&utm_term=proekty-domov-iz-gazobloka,,"проект дома 63-05AFA, проект №63-05AFA, Проекты домов из газоблока, готовый проект дома, планировка дома, фасады дома, дом с размерами, визуализация дома, дом 129,04 м², дом газобетон, дом американский, catalog-plans.ru"
"Проект дома №63-05AFL: планы, фасады и размеры",https://raw.githubusercontent.com/nemchenik/test/catalog-plans-pinterest-assets/pinterest/generated_batch_31_static_fixed/63-05AFL.jpg,Проекты частных домов с планировкой,,"Проект дома №63-05AFL. На превью показана реальная визуализация дома с catalog-plans.ru. Такой формат помогает быстро сопоставить внешний вид, площадь и параметры дома. Параметры проекта: площадь 113 м²; 2 этажа; габариты 8.46×10.24 м; материал — газобетон; стиль — американский. Такой пин особенно полезен, когда вы сравниваете сразу несколько вариантов. После перехода на сайт можно изучить планы этажей, фасады, размеры и характеристики.",https://catalog-plans.ru/catalog/63-05AFL?utm_source=pinterest&utm_medium=organic&utm_campaign=generated_house_cards_static_fixed_batch_31&utm_content=pin_5648_63-05afl_estimate&utm_term=proekty-chastnyh-domov-s-planirovkoy,,"проект дома 63-05AFL, проект №63-05AFL, Проекты частных домов с планировкой, готовый проект дома, планировка дома, фасады дома, дом с размерами, визуализация дома, дом 113 м², дом газобетон, дом американский, catalog-plans.ru"
Дом №63-42: посмотреть параметры и проект,https://raw.githubusercontent.com/nemchenik/test/catalog-plans-pinterest-assets/pinterest/generated_batch_31_static_fixed/63-42.jpg,Двухэтажные проекты домов,,"Проект дома №63-42. В карточке использован настоящий фасад проекта из каталога catalog-plans.ru. Это удобно для первого отбора проектов ещё до детального просмотра на сайте. Параметры проекта: площадь 108,85 м²; 2 этажа; габариты 8.36×14.06 м; материал — газобетон; стиль — хай-тек. Это помогает быстрее решить, подходит ли проект по стилю и масштабу. На странице проекта доступны планировка, фасады, габариты и состав документации.",https://catalog-plans.ru/catalog/63-42?utm_source=pinterest&utm_medium=organic&utm_campaign=generated_house_cards_static_fixed_batch_31&utm_content=pin_5649_63-42_changes&utm_term=dvuhetazhnye-proekty-domov,,"проект дома 63-42, проект №63-42, Двухэтажные проекты домов, готовый проект дома, планировка дома, фасады дома, дом с размерами, визуализация дома, дом 108,85 м², дом газобетон, дом хай-тек, catalog-plans.ru"
"Проект №63-42A: фасады, размеры и планировка",https://raw.githubusercontent.com/nemchenik/test/catalog-plans-pinterest-assets/pinterest/generated_batch_31_static_fixed/63-42A.jpg,Проекты домов 2 этажа,,"Проект дома №63-42A. На обложке — исходное изображение этого дома с сайта catalog-plans.ru. Карточка ускоряет сравнение домов между собой и облегчает выбор в ленте Pinterest. Параметры проекта: площадь 108,95 м²; 2 этажа; габариты 8.36×14.06 м; материал — газобетон; стиль — хай-тек. Для выбора дома под постоянное проживание такой формат очень удобен. В карточке проекта на сайте вы увидите планы, фасады, размеры и другие детали.",https://catalog-plans.ru/catalog/63-42A?utm_source=pinterest&utm_medium=organic&utm_campaign=generated_house_cards_static_fixed_batch_31&utm_content=pin_5650_63-42a_plans&utm_term=proekty-domov-2-etazha,,"проект дома 63-42A, проект №63-42A, Проекты домов 2 этажа, готовый проект дома, планировка дома, фасады дома, дом с размерами, визуализация дома, дом 108,95 м², дом газобетон, дом хай-тек, catalog-plans.ru"
Дом №63-42B: открыть характеристики проекта,https://raw.githubusercontent.com/nemchenik/test/catalog-plans-pinterest-assets/pinterest/generated_batch_31_static_fixed/63-42B.jpg,Проекты домов из газобетона,,"Проект дома №63-42B. Для карточки взята реальная визуализация проекта с catalog-plans.ru. Так проще понять, стоит ли открывать проект подробнее и сохранять его в доску. Параметры проекта: площадь 167,09 м²; 2 этажа; габариты 10.5×14.06 м; материал — газобетон; стиль — хай-тек. Так проще не потерять интересный проект и вернуться к нему позже. После перехода откроются планы этажей, архитектурные виды и основные параметры проекта.",https://catalog-plans.ru/catalog/63-42B?utm_source=pinterest&utm_medium=organic&utm_campaign=generated_house_cards_static_fixed_batch_31&utm_content=pin_5651_63-42b_compare&utm_term=proekty-domov-iz-gazobetona,,"проект дома 63-42B, проект №63-42B, Проекты домов из газобетона, готовый проект дома, планировка дома, фасады дома, дом с размерами, визуализация дома, дом 167,09 м², дом газобетон, дом хай-тек, catalog-plans.ru"
Проект дома №63-42BA: оценить метраж и фасад,https://raw.githubusercontent.com/nemchenik/test/catalog-plans-pinterest-assets/pinterest/generated_batch_31_static_fixed/63-42BA.jpg,Проекты каркасных домов,,"Проект дома №63-42BA. Пин собран на основе канонического изображения дома из catalog-plans.ru. Пин даёт быстрый предпросмотр фасада и ключевых характеристик проекта. Параметры проекта: площадь 186,84 м²; 2 этажа; габариты 10.5×12.32 м; материал — монолитный каркас; стиль — хай-тек. Если подбираете дом под участок, такой предпросмотр экономит время. На сайте можно проверить планировку, размеры, фасады и дополнительные характеристики.",https://catalog-plans.ru/catalog/63-42BA?utm_source=pinterest&utm_medium=organic&utm_campaign=generated_house_cards_static_fixed_batch_31&utm_content=pin_5652_63-42ba_site&utm_term=proekty-karkasnyh-domov,,"проект дома 63-42BA, проект №63-42BA, Проекты каркасных домов, готовый проект дома, планировка дома, фасады дома, дом с размерами, визуализация дома, дом 186,84 м², дом монолитный каркас, дом хай-тек, catalog-plans.ru"
Дом №63-42BD: сравнить внешний вид и параметры,https://raw.githubusercontent.com/nemchenik/test/catalog-plans-pinterest-assets/pinterest/generated_batch_31_static_fixed/63-42BD.jpg,Проекты домов в стиле хай-тек,,"Проект дома №63-42BD. На превью размещён реальный фасад проекта из карточки дома на catalog-plans.ru. Это хороший способ быстро оценить архитектурный образ и основные цифры проекта. Параметры проекта: площадь 167,15 м²; 2 этажа; габариты 15.52×14.28 м; материал — газобетон; стиль — хай-тек. Карточка хорошо работает для быстрого визуального сравнения проектов. Карточка проекта содержит планы, фасады, параметры и сведения для осознанного выбора.",https://catalog-plans.ru/catalog/63-42BD?utm_source=pinterest&utm_medium=organic&utm_campaign=generated_house_cards_static_fixed_batch_31&utm_content=pin_5653_63-42bd_facades&utm_term=proekty-domov-v-stile-hay-tek,,"проект дома 63-42BD, проект №63-42BD, Проекты домов в стиле хай-тек, готовый проект дома, планировка дома, фасады дома, дом с размерами, визуализация дома, дом 167,15 м², дом газобетон, дом хай-тек, catalog-plans.ru"
Проект №63-42BE: проверить размеры дома,https://raw.githubusercontent.com/nemchenik/test/catalog-plans-pinterest-assets/pinterest/generated_batch_31_static_fixed/63-42BE.jpg,Дома хай-тек проекты,,"Проект дома №63-42BE. В основе этого пина лежит исходная визуализация дома с catalog-plans.ru. Такой формат делает выбор проекта более наглядным и быстрым. Параметры проекта: площадь 169,04 м²; 2 этажа; габариты 10.3×12.53 м; материал — газобетон; стиль — хай-тек. Это удобно, когда вы хотите видеть и фасад, и основные цифры в одном кадре. На странице проекта вы сможете сравнить параметры, посмотреть планы и оценить фасады.",https://catalog-plans.ru/catalog/63-42BE?utm_source=pinterest&utm_medium=organic&utm_campaign=generated_house_cards_static_fixed_batch_31&utm_content=pin_5654_63-42be_estimate&utm_term=doma-hay-tek-proekty,,"проект дома 63-42BE, проект №63-42BE, Дома хай-тек проекты, готовый проект дома, планировка дома, фасады дома, дом с размерами, визуализация дома, дом 169,04 м², дом газобетон, дом хай-тек, catalog-plans.ru"
Дом №63-42D: архитектура и основные данные,https://raw.githubusercontent.com/nemchenik/test/catalog-plans-pinterest-assets/pinterest/generated_batch_31_static_fixed/63-42D.jpg,Проекты частных домов с планировкой,,"Проект дома №63-42D. Карточка использует настоящий фасад проекта, опубликованный на catalog-plans.ru. Карточка позволяет сразу увидеть проект, номер и базовые параметры дома. Параметры проекта: площадь 126,59 м²; 2 этажа; габариты 8.36×14.06 м; материал — газобетон; стиль — хай-тек. Пин рассчитан на быстрый переход к полному описанию проекта на сайте. Дальше на сайте доступен полный набор данных: планы, фасады, размеры и характеристики.",https://catalog-plans.ru/catalog/63-42D?utm_source=pinterest&utm_medium=organic&utm_campaign=generated_house_cards_static_fixed_batch_31&utm_content=pin_5655_63-42d_changes&utm_term=proekty-chastnyh-domov-s-planirovkoy,,"проект дома 63-42D, проект №63-42D, Проекты частных домов с планировкой, готовый проект дома, планировка дома, фасады дома, дом с размерами, визуализация дома, дом 126,59 м², дом газобетон, дом хай-тек, catalog-plans.ru"
"Проект дома №63-42DA: планы, фасады и размеры",https://raw.githubusercontent.com/nemchenik/test/catalog-plans-pinterest-assets/pinterest/generated_batch_31_static_fixed/63-42DA.jpg,Проекты домов с размерами,,"Проект дома №63-42DA. На превью показана реальная визуализация дома с catalog-plans.ru. Такой формат помогает быстро сопоставить внешний вид, площадь и параметры дома. Параметры проекта: площадь 126,19 м²; 2 этажа; габариты 9.46×13.95 м; материал — газобетон; стиль — хай-тек. Такой пин особенно полезен, когда вы сравниваете сразу несколько вариантов. После перехода на сайт можно изучить планы этажей, фасады, размеры и характеристики.",https://catalog-plans.ru/catalog/63-42DA?utm_source=pinterest&utm_medium=organic&utm_campaign=generated_house_cards_static_fixed_batch_31&utm_content=pin_5656_63-42da_plans&utm_term=proekty-domov-s-razmerami,,"проект дома 63-42DA, проект №63-42DA, Проекты домов с размерами, готовый проект дома, планировка дома, фасады дома, дом с размерами, визуализация дома, дом 126,19 м², дом газобетон, дом хай-тек, catalog-plans.ru"
Дом №63-42H: посмотреть параметры и проект,https://raw.githubusercontent.com/nemchenik/test/catalog-plans-pinterest-assets/pinterest/generated_batch_31_static_fixed/63-42H.jpg,Планы домов и коттеджей,,"Проект дома №63-42H. В карточке использован настоящий фасад проекта из каталога catalog-plans.ru. Это удобно для первого отбора проектов ещё до детального просмотра на сайте. Параметры проекта: площадь 110,56 м²; 2 этажа; габариты 8.5×14 м; материал — газобетон; стиль — хай-тек. Это помогает быстрее решить, подходит ли проект по стилю и масштабу. На странице проекта доступны планировка, фасады, габариты и состав документации.",https://catalog-plans.ru/catalog/63-42H?utm_source=pinterest&utm_medium=organic&utm_campaign=generated_house_cards_static_fixed_batch_31&utm_content=pin_5657_63-42h_compare&utm_term=plany-domov-i-kottedzhey,,"проект дома 63-42H, проект №63-42H, Планы домов и коттеджей, готовый проект дома, планировка дома, фасады дома, дом с размерами, визуализация дома, дом 110,56 м², дом газобетон, дом хай-тек, catalog-plans.ru"
"Проект №63-42L: фасады, размеры и планировка",https://raw.githubusercontent.com/nemchenik/test/catalog-plans-pinterest-assets/pinterest/generated_batch_31_static_fixed/63-42L.jpg,Красивые фасады частных домов,,"Проект дома №63-42L. На обложке — исходное изображение этого дома с сайта catalog-plans.ru. Карточка ускоряет сравнение домов между собой и облегчает выбор в ленте Pinterest. Параметры проекта: площадь 109,58 м²; 2 этажа; габариты 8.41×14.21 м; материал — газобетон; стиль — хай-тек. Для выбора дома под постоянное проживание такой формат очень удобен. В карточке проекта на сайте вы увидите планы, фасады, размеры и другие детали.",https://catalog-plans.ru/catalog/63-42L?utm_source=pinterest&utm_medium=organic&utm_campaign=generated_house_cards_static_fixed_batch_31&utm_content=pin_5658_63-42l_site&utm_term=krasivye-fasady-chastnyh-domov,,"проект дома 63-42L, проект №63-42L, Красивые фасады частных домов, готовый проект дома, планировка дома, фасады дома, дом с размерами, визуализация дома, дом 109,58 м², дом газобетон, дом хай-тек, catalog-plans.ru"
Дом №63-42M: открыть характеристики проекта,https://raw.githubusercontent.com/nemchenik/test/catalog-plans-pinterest-assets/pinterest/generated_batch_31_static_fixed/63-42M.jpg,Готовые проекты коттеджей,,"Проект дома №63-42M. Для карточки взята реальная визуализация проекта с catalog-plans.ru. Так проще понять, стоит ли открывать проект подробнее и сохранять его в доску. Параметры проекта: площадь 126,23 м²; 2 этажа; габариты 8×14.36 м; материал — монолитный каркас; стиль — хай-тек. Так проще не потерять интересный проект и вернуться к нему позже. После перехода откроются планы этажей, архитектурные виды и основные параметры проекта.",https://catalog-plans.ru/catalog/63-42M?utm_source=pinterest&utm_medium=organic&utm_campaign=generated_house_cards_static_fixed_batch_31&utm_content=pin_5659_63-42m_facades&utm_term=gotovye-proekty-kottedzhey,,"проект дома 63-42M, проект №63-42M, Готовые проекты коттеджей, готовый проект дома, планировка дома, фасады дома, дом с размерами, визуализация дома, дом 126,23 м², дом монолитный каркас, дом хай-тек, catalog-plans.ru"
Проект дома №63-42MA: оценить метраж и фасад,https://raw.githubusercontent.com/nemchenik/test/catalog-plans-pinterest-assets/pinterest/generated_batch_31_static_fixed/63-42MA.jpg,Проекты загородных домов,,"Проект дома №63-42MA. Пин собран на основе канонического изображения дома из catalog-plans.ru. Пин даёт быстрый предпросмотр фасада и ключевых характеристик проекта. Параметры проекта: площадь 144,66 м²; 2 этажа; габариты 9×14.36 м; материал — монолитный каркас; стиль — хай-тек. Если подбираете дом под участок, такой предпросмотр экономит время. На сайте можно проверить планировку, размеры, фасады и дополнительные характеристики.",https://catalog-plans.ru/catalog/63-42MA?utm_source=pinterest&utm_medium=organic&utm_campaign=generated_house_cards_static_fixed_batch_31&utm_content=pin_5660_63-42ma_estimate&utm_term=proekty-zagorodnyh-domov,,"проект дома 63-42MA, проект №63-42MA, Проекты загородных домов, готовый проект дома, планировка дома, фасады дома, дом с размерами, визуализация дома, дом 144,66 м², дом монолитный каркас, дом хай-тек, catalog-plans.ru"
Дом №63-42MAKB: сравнить внешний вид и параметры,https://raw.githubusercontent.com/nemchenik/test/catalog-plans-pinterest-assets/pinterest/generated_batch_31_static_fixed/63-42MAKB.jpg,Проекты частных домов с планировкой,,"Проект дома №63-42MAKB. На превью размещён реальный фасад проекта из карточки дома на catalog-plans.ru. Это хороший способ быстро оценить архитектурный образ и основные цифры проекта. Параметры проекта: площадь 140,45 м²; 3 этажа; габариты 6.5×10 м; материал — монолитный каркас; стиль — хай-тек. Карточка хорошо работает для быстрого визуального сравнения проектов. Карточка проекта содержит планы, фасады, параметры и сведения для осознанного выбора.",https://catalog-plans.ru/catalog/63-42MAKB?utm_source=pinterest&utm_medium=organic&utm_campaign=generated_house_cards_static_fixed_batch_31&utm_content=pin_5661_63-42makb_changes&utm_term=proekty-chastnyh-domov-s-planirovkoy,,"проект дома 63-42MAKB, проект №63-42MAKB, Проекты частных домов с планировкой, готовый проект дома, планировка дома, фасады дома, дом с размерами, визуализация дома, дом 140,45 м², дом монолитный каркас, дом хай-тек, catalog-plans.ru"
Проект №63-42MBA: проверить размеры дома,https://raw.githubusercontent.com/nemchenik/test/catalog-plans-pinterest-assets/pinterest/generated_batch_31_static_fixed/63-42MBA.jpg,Проекты домов 150–200 м²,,"Проект дома №63-42MBA. В основе этого пина лежит исходная визуализация дома с catalog-plans.ru. Такой формат делает выбор проекта более наглядным и быстрым. Параметры проекта: площадь 173,3 м²; 2 этажа; габариты 6.86×12.04 м; материал — монолитный каркас; стиль — хай-тек. Это удобно, когда вы хотите видеть и фасад, и основные цифры в одном кадре. На странице проекта вы сможете сравнить параметры, посмотреть планы и оценить фасады.",https://catalog-plans.ru/catalog/63-42MBA?utm_source=pinterest&utm_medium=organic&utm_campaign=generated_house_cards_static_fixed_batch_31&utm_content=pin_5662_63-42mba_plans&utm_term=proekty-domov-150-200-m,,"проект дома 63-42MBA, проект №63-42MBA, Проекты домов 150–200 м², готовый проект дома, планировка дома, фасады дома, дом с размерами, визуализация дома, дом 173,3 м², дом монолитный каркас, дом хай-тек, catalog-plans.ru"
Дом №63-42MBL: архитектура и основные данные,https://raw.githubusercontent.com/nemchenik/test/catalog-plans-pinterest-assets/pinterest/generated_batch_31_static_fixed/63-42MBL.jpg,Проекты домов 120–150 м²,,"Проект дома №63-42MBL. Карточка использует настоящий фасад проекта, опубликованный на catalog-plans.ru. Карточка позволяет сразу увидеть проект, номер и базовые параметры дома. Параметры проекта: площадь 123,06 м²; 2 этажа; габариты 7.4×12.24 м; материал — монолитный каркас; стиль — хай-тек. Пин рассчитан на быстрый переход к полному описанию проекта на сайте. Дальше на сайте доступен полный набор данных: планы, фасады, размеры и характеристики.",https://catalog-plans.ru/catalog/63-42MBL?utm_source=pinterest&utm_medium=organic&utm_campaign=generated_house_cards_static_fixed_batch_31&utm_content=pin_5663_63-42mbl_compare&utm_term=proekty-domov-120-150-m,,"проект дома 63-42MBL, проект №63-42MBL, Проекты домов 120–150 м², готовый проект дома, планировка дома, фасады дома, дом с размерами, визуализация дома, дом 123,06 м², дом монолитный каркас, дом хай-тек, catalog-plans.ru"
"Проект дома №63-42MF: планы, фасады и размеры",https://raw.githubusercontent.com/nemchenik/test/catalog-plans-pinterest-assets/pinterest/generated_batch_31_static_fixed/63-42MF.jpg,Двухэтажные проекты домов,,"Проект дома №63-42MF. На превью показана реальная визуализация дома с catalog-plans.ru. Такой формат помогает быстро сопоставить внешний вид, площадь и параметры дома. Параметры проекта: площадь 124 м²; 2 этажа; габариты 9×11 м; материал — монолитный каркас; стиль — хай-тек. Такой пин особенно полезен, когда вы сравниваете сразу несколько вариантов. После перехода на сайт можно изучить планы этажей, фасады, размеры и характеристики.",https://catalog-plans.ru/catalog/63-42MF?utm_source=pinterest&utm_medium=organic&utm_campaign=generated_house_cards_static_fixed_batch_31&utm_content=pin_5664_63-42mf_site&utm_term=dvuhetazhnye-proekty-domov,,"проект дома 63-42MF, проект №63-42MF, Двухэтажные проекты домов, готовый проект дома, планировка дома, фасады дома, дом с размерами, визуализация дома, дом 124 м², дом монолитный каркас, дом хай-тек, catalog-plans.ru"
Дом №63-42MFA: посмотреть параметры и проект,https://raw.githubusercontent.com/nemchenik/test/catalog-plans-pinterest-assets/pinterest/generated_batch_31_static_fixed/63-42MFA.jpg,Проекты домов 2 этажа,,"Проект дома №63-42MFA. В карточке использован настоящий фасад проекта из каталога catalog-plans.ru. Это удобно для первого отбора проектов ещё до детального просмотра на сайте. Параметры проекта: площадь 122,5 м²; 2 этажа; габариты 9×11 м; материал — монолитный каркас; стиль — хай-тек. Это помогает быстрее решить, подходит ли проект по стилю и масштабу. На странице проекта доступны планировка, фасады, габариты и состав документации.",https://catalog-plans.ru/catalog/63-42MFA?utm_source=pinterest&utm_medium=organic&utm_campaign=generated_house_cards_static_fixed_batch_31&utm_content=pin_5665_63-42mfa_facades&utm_term=proekty-domov-2-etazha,,"проект дома 63-42MFA, проект №63-42MFA, Проекты домов 2 этажа, готовый проект дома, планировка дома, фасады дома, дом с размерами, визуализация дома, дом 122,5 м², дом монолитный каркас, дом хай-тек, catalog-plans.ru"
"Проект №63-42N: фасады, размеры и планировка",https://raw.githubusercontent.com/nemchenik/test/catalog-plans-pinterest-assets/pinterest/generated_batch_31_static_fixed/63-42N.jpg,Проекты домов из газобетона,,"Проект дома №63-42N. На обложке — исходное изображение этого дома с сайта catalog-plans.ru. Карточка ускоряет сравнение домов между собой и облегчает выбор в ленте Pinterest. Параметры проекта: площадь 193,59 м²; 2 этажа; габариты 17.51×16.06 м; материал — газобетон; стиль — хай-тек. Для выбора дома под постоянное проживание такой формат очень удобен. В карточке проекта на сайте вы увидите планы, фасады, размеры и другие детали.",https://catalog-plans.ru/catalog/63-42N?utm_source=pinterest&utm_medium=organic&utm_campaign=generated_house_cards_static_fixed_batch_31&utm_content=pin_5666_63-42n_estimate&utm_term=proekty-domov-iz-gazobetona,,"проект дома 63-42N, проект №63-42N, Проекты домов из газобетона, готовый проект дома, планировка дома, фасады дома, дом с размерами, визуализация дома, дом 193,59 м², дом газобетон, дом хай-тек, catalog-plans.ru"
Дом №63-42NA: открыть характеристики проекта,https://raw.githubusercontent.com/nemchenik/test/catalog-plans-pinterest-assets/pinterest/generated_batch_31_static_fixed/63-42NA.jpg,Проекты домов из газоблока,,"Проект дома №63-42NA. Для карточки взята реальная визуализация проекта с catalog-plans.ru. Так проще понять, стоит ли открывать проект подробнее и сохранять его в доску. Параметры проекта: площадь 165,21 м²; 2 этажа; габариты 13.06×15.16 м; материал — газобетон; стиль — хай-тек. Так проще не потерять интересный проект и вернуться к нему позже. После перехода откроются планы этажей, архитектурные виды и основные параметры проекта.",https://catalog-plans.ru/catalog/63-42NA?utm_source=pinterest&utm_medium=organic&utm_campaign=generated_house_cards_static_fixed_batch_31&utm_content=pin_5667_63-42na_changes&utm_term=proekty-domov-iz-gazobloka,,"проект дома 63-42NA, проект №63-42NA, Проекты домов из газоблока, готовый проект дома, планировка дома, фасады дома, дом с размерами, визуализация дома, дом 165,21 м², дом газобетон, дом хай-тек, catalog-plans.ru"
Проект дома №63-42NAB: оценить метраж и фасад,https://raw.githubusercontent.com/nemchenik/test/catalog-plans-pinterest-assets/pinterest/generated_batch_31_static_fixed/63-42NAB.jpg,Проекты домов в стиле хай-тек,,"Проект дома №63-42NAB. Пин собран на основе канонического изображения дома из catalog-plans.ru. Пин даёт быстрый предпросмотр фасада и ключевых характеристик проекта. Параметры проекта: площадь 136,56 м²; 2 этажа; габариты 8.76×15.26 м; материал — газобетон; стиль — хай-тек. Если подбираете дом под участок, такой предпросмотр экономит время. На сайте можно проверить планировку, размеры, фасады и дополнительные характеристики.",https://catalog-plans.ru/catalog/63-42NAB?utm_source=pinterest&utm_medium=organic&utm_campaign=generated_house_cards_static_fixed_batch_31&utm_content=pin_5668_63-42nab_plans&utm_term=proekty-domov-v-stile-hay-tek,,"проект дома 63-42NAB, проект №63-42NAB, Проекты домов в стиле хай-тек, готовый проект дома, планировка дома, фасады дома, дом с размерами, визуализация дома, дом 136,56 м², дом газобетон, дом хай-тек, catalog-plans.ru"
Дом №63-42NAD: сравнить внешний вид и параметры,https://raw.githubusercontent.com/nemchenik/test/catalog-plans-pinterest-assets/pinterest/generated_batch_31_static_fixed/63-42NAD.jpg,Дома хай-тек проекты,,"Проект дома №63-42NAD. На превью размещён реальный фасад проекта из карточки дома на catalog-plans.ru. Это хороший способ быстро оценить архитектурный образ и основные цифры проекта. Параметры проекта: площадь 165,21 м²; 2 этажа; габариты 13.16×16.46 м; материал — газобетон; стиль — хай-тек. Карточка хорошо работает для быстрого визуального сравнения проектов. Карточка проекта содержит планы, фасады, параметры и сведения для осознанного выбора.",https://catalog-plans.ru/catalog/63-42NAD?utm_source=pinterest&utm_medium=organic&utm_campaign=generated_house_cards_static_fixed_batch_31&utm_content=pin_5669_63-42nad_compare&utm_term=doma-hay-tek-proekty,,"проект дома 63-42NAD, проект №63-42NAD, Дома хай-тек проекты, готовый проект дома, планировка дома, фасады дома, дом с размерами, визуализация дома, дом 165,21 м², дом газобетон, дом хай-тек, catalog-plans.ru"
Проект №63-42NB: проверить размеры дома,https://raw.githubusercontent.com/nemchenik/test/catalog-plans-pinterest-assets/pinterest/generated_batch_31_static_fixed/63-42NB.jpg,Проекты частных домов с планировкой,,"Проект дома №63-42NB. В основе этого пина лежит исходная визуализация дома с catalog-plans.ru. Такой формат делает выбор проекта более наглядным и быстрым. Параметры проекта: площадь 255,85 м²; 2 этажа; габариты 14.56×18.06 м; материал — газобетон; стиль — хай-тек. Это удобно, когда вы хотите видеть и фасад, и основные цифры в одном кадре. На странице проекта вы сможете сравнить параметры, посмотреть планы и оценить фасады.",https://catalog-plans.ru/catalog/63-42NB?utm_source=pinterest&utm_medium=organic&utm_campaign=generated_house_cards_static_fixed_batch_31&utm_content=pin_5670_63-42nb_site&utm_term=proekty-chastnyh-domov-s-planirovkoy,,"проект дома 63-42NB, проект №63-42NB, Проекты частных домов с планировкой, готовый проект дома, планировка дома, фасады дома, дом с размерами, визуализация дома, дом 255,85 м², дом газобетон, дом хай-тек, catalog-plans.ru"
Дом №63-42P: архитектура и основные данные,https://raw.githubusercontent.com/nemchenik/test/catalog-plans-pinterest-assets/pinterest/generated_batch_31_static_fixed/63-42P.jpg,Проекты домов с размерами,,"Проект дома №63-42P. Карточка использует настоящий фасад проекта, опубликованный на catalog-plans.ru. Карточка позволяет сразу увидеть проект, номер и базовые параметры дома. Параметры проекта: площадь 133,98 м²; 2 этажа; габариты 9.5×14.6 м; материал — газобетон; стиль — хай-тек. Пин рассчитан на быстрый переход к полному описанию проекта на сайте. Дальше на сайте доступен полный набор данных: планы, фасады, размеры и характеристики.",https://catalog-plans.ru/catalog/63-42P?utm_source=pinterest&utm_medium=organic&utm_campaign=generated_house_cards_static_fixed_batch_31&utm_content=pin_5671_63-42p_facades&utm_term=proekty-domov-s-razmerami,,"проект дома 63-42P, проект №63-42P, Проекты домов с размерами, готовый проект дома, планировка дома, фасады дома, дом с размерами, визуализация дома, дом 133,98 м², дом газобетон, дом хай-тек, catalog-plans.ru"
"Проект дома №63-42T: планы, фасады и размеры",https://raw.githubusercontent.com/nemchenik/test/catalog-plans-pinterest-assets/pinterest/generated_batch_31_static_fixed/63-42T.jpg,Планы домов и коттеджей,,"Проект дома №63-42T. На превью показана реальная визуализация дома с catalog-plans.ru. Такой формат помогает быстро сопоставить внешний вид, площадь и параметры дома. Параметры проекта: площадь 108,69 м²; 2 этажа; габариты 8.36×12.03 м; материал — газобетон; стиль — хай-тек. Такой пин особенно полезен, когда вы сравниваете сразу несколько вариантов. После перехода на сайт можно изучить планы этажей, фасады, размеры и характеристики.",https://catalog-plans.ru/catalog/63-42T?utm_source=pinterest&utm_medium=organic&utm_campaign=generated_house_cards_static_fixed_batch_31&utm_content=pin_5672_63-42t_estimate&utm_term=plany-domov-i-kottedzhey,,"проект дома 63-42T, проект №63-42T, Планы домов и коттеджей, готовый проект дома, планировка дома, фасады дома, дом с размерами, визуализация дома, дом 108,69 м², дом газобетон, дом хай-тек, catalog-plans.ru"
Дом №63-42TAL: посмотреть параметры и проект,https://raw.githubusercontent.com/nemchenik/test/catalog-plans-pinterest-assets/pinterest/generated_batch_31_static_fixed/63-42TAL.jpg,Красивые фасады частных домов,,"Проект дома №63-42TAL. В карточке использован настоящий фасад проекта из каталога catalog-plans.ru. Это удобно для первого отбора проектов ещё до детального просмотра на сайте. Параметры проекта: площадь 123,67 м²; 2 этажа; габариты 7.82×11.12 м; материал — газобетон; стиль — хай-тек. Это помогает быстрее решить, подходит ли проект по стилю и масштабу. На странице проекта доступны планировка, фасады, габариты и состав документации.",https://catalog-plans.ru/catalog/63-42TAL?utm_source=pinterest&utm_medium=organic&utm_campaign=generated_house_cards_static_fixed_batch_31&utm_content=pin_5673_63-42tal_changes&utm_term=krasivye-fasady-chastnyh-domov,,"проект дома 63-42TAL, проект №63-42TAL, Красивые фасады частных домов, готовый проект дома, планировка дома, фасады дома, дом с размерами, визуализация дома, дом 123,67 м², дом газобетон, дом хай-тек, catalog-plans.ru"
"Проект №63-42W: фасады, размеры и планировка",https://raw.githubusercontent.com/nemchenik/test/catalog-plans-pinterest-assets/pinterest/generated_batch_31_static_fixed/63-42W.jpg,Готовые проекты коттеджей,,"Проект дома №63-42W. На обложке — исходное изображение этого дома с сайта catalog-plans.ru. Карточка ускоряет сравнение домов между собой и облегчает выбор в ленте Pinterest. Параметры проекта: площадь 173,71 м²; 2 этажа; габариты 10.5×13.08 м; материал — газобетон; стиль — хай-тек. Для выбора дома под постоянное проживание такой формат очень удобен. В карточке проекта на сайте вы увидите планы, фасады, размеры и другие детали.",https://catalog-plans.ru/catalog/63-42W?utm_source=pinterest&utm_medium=organic&utm_campaign=generated_house_cards_static_fixed_batch_31&utm_content=pin_5674_63-42w_plans&utm_term=gotovye-proekty-kottedzhey,,"проект дома 63-42W, проект №63-42W, Готовые проекты коттеджей, готовый проект дома, планировка дома, фасады дома, дом с размерами, визуализация дома, дом 173,71 м², дом газобетон, дом хай-тек, catalog-plans.ru"
Дом №63-42X: открыть характеристики проекта,https://raw.githubusercontent.com/nemchenik/test/catalog-plans-pinterest-assets/pinterest/generated_batch_31_static_fixed/63-42X.jpg,Проекты загородных домов,,"Проект дома №63-42X. Для карточки взята реальная визуализация проекта с catalog-plans.ru. Так проще понять, стоит ли открывать проект подробнее и сохранять его в доску. Параметры проекта: площадь 108,72 м²; 2 этажа; габариты 7.96×13.46 м; материал — деревянный каркас; стиль — хай-тек. Так проще не потерять интересный проект и вернуться к нему позже. После перехода откроются планы этажей, архитектурные виды и основные параметры проекта.",https://catalog-plans.ru/catalog/63-42X?utm_source=pinterest&utm_medium=organic&utm_campaign=generated_house_cards_static_fixed_batch_31&utm_content=pin_5675_63-42x_compare&utm_term=proekty-zagorodnyh-domov,,"проект дома 63-42X, проект №63-42X, Проекты загородных домов, готовый проект дома, планировка дома, фасады дома, дом с размерами, визуализация дома, дом 108,72 м², дом деревянный каркас, дом хай-тек, catalog-plans.ru"
Проект дома №63-42YMA: оценить метраж и фасад,https://raw.githubusercontent.com/nemchenik/test/catalog-plans-pinterest-assets/pinterest/generated_batch_31_static_fixed/63-42YMA.jpg,Проекты домов для постоянного проживания,,"Проект дома №63-42YMA. Пин собран на основе канонического изображения дома из catalog-plans.ru. Пин даёт быстрый предпросмотр фасада и ключевых характеристик проекта. Параметры проекта: площадь 148,72 м²; 2 этажа; габариты 7.38×13.58 м; материал — газобетон; стиль — хай-тек. Если подбираете дом под участок, такой предпросмотр экономит время. На сайте можно проверить планировку, размеры, фасады и дополнительные характеристики.",https://catalog-plans.ru/catalog/63-42YMA?utm_source=pinterest&utm_medium=organic&utm_campaign=generated_house_cards_static_fixed_batch_31&utm_content=pin_5676_63-42yma_site&utm_term=proekty-domov-dlya-postoyannogo-prozhivaniya,,"проект дома 63-42YMA, проект №63-42YMA, Проекты домов для постоянного проживания, готовый проект дома, планировка дома, фасады дома, дом с размерами, визуализация дома, дом 148,72 м², дом газобетон, дом хай-тек, catalog-plans.ru"
Дом №63-42YMK: сравнить внешний вид и параметры,https://raw.githubusercontent.com/nemchenik/test/catalog-plans-pinterest-assets/pinterest/generated_batch_31_static_fixed/63-42YMK.jpg,Проекты домов 150–200 м²,,"Проект дома №63-42YMK. На превью размещён реальный фасад проекта из карточки дома на catalog-plans.ru. Это хороший способ быстро оценить архитектурный образ и основные цифры проекта. Параметры проекта: площадь 152,09 м²; 2 этажа; габариты 7.5×13.7 м; материал — монолитный каркас; стиль — хай-тек. Карточка хорошо работает для быстрого визуального сравнения проектов. Карточка проекта содержит планы, фасады, параметры и сведения для осознанного выбора.",https://catalog-plans.ru/catalog/63-42YMK?utm_source=pinterest&utm_medium=organic&utm_campaign=generated_house_cards_static_fixed_batch_31&utm_content=pin_5677_63-42ymk_facades&utm_term=proekty-domov-150-200-m,,"проект дома 63-42YMK, проект №63-42YMK, Проекты домов 150–200 м², готовый проект дома, планировка дома, фасады дома, дом с размерами, визуализация дома, дом 152,09 м², дом монолитный каркас, дом хай-тек, catalog-plans.ru"
Проект №63-47: проверить размеры дома,https://raw.githubusercontent.com/nemchenik/test/catalog-plans-pinterest-assets/pinterest/generated_batch_31_static_fixed/63-47.jpg,Маленькие проекты домов,,"Проект дома №63-47. В основе этого пина лежит исходная визуализация дома с catalog-plans.ru. Такой формат делает выбор проекта более наглядным и быстрым. Параметры проекта: площадь 99,25 м²; 2 этажа; габариты 5.4×15 м; материал — газобетон; стиль — хай-тек. Это удобно, когда вы хотите видеть и фасад, и основные цифры в одном кадре. На странице проекта вы сможете сравнить параметры, посмотреть планы и оценить фасады.",https://catalog-plans.ru/catalog/63-47?utm_source=pinterest&utm_medium=organic&utm_campaign=generated_house_cards_static_fixed_batch_31&utm_content=pin_5678_63-47_estimate&utm_term=malenkie-proekty-domov,,"проект дома 63-47, проект №63-47, Маленькие проекты домов, готовый проект дома, планировка дома, фасады дома, дом с размерами, визуализация дома, дом 99,25 м², дом газобетон, дом хай-тек, catalog-plans.ru"
Дом №63-74B: архитектура и основные данные,https://raw.githubusercontent.com/nemchenik/test/catalog-plans-pinterest-assets/pinterest/generated_batch_31_static_fixed/63-74B.jpg,Двухэтажные проекты домов,,"Проект дома №63-74B. Карточка использует настоящий фасад проекта, опубликованный на catalog-plans.ru. Карточка позволяет сразу увидеть проект, номер и базовые параметры дома. Параметры проекта: площадь 240,33 м²; 2 этажа; габариты 10.77×20.23 м; материал — монолитный каркас; стиль — хай-тек. Пин рассчитан на быстрый переход к полному описанию проекта на сайте. Дальше на сайте доступен полный набор данных: планы, фасады, размеры и характеристики.",https://catalog-plans.ru/catalog/63-74B?utm_source=pinterest&utm_medium=organic&utm_campaign=generated_house_cards_static_fixed_batch_31&utm_content=pin_5679_63-74b_changes&utm_term=dvuhetazhnye-proekty-domov,,"проект дома 63-74B, проект №63-74B, Двухэтажные проекты домов, готовый проект дома, планировка дома, фасады дома, дом с размерами, визуализация дома, дом 240,33 м², дом монолитный каркас, дом хай-тек, catalog-plans.ru"
"Проект дома №63-74D: планы, фасады и размеры",https://raw.githubusercontent.com/nemchenik/test/catalog-plans-pinterest-assets/pinterest/generated_batch_31_static_fixed/63-74D.jpg,Проекты домов 2 этажа,,"Проект дома №63-74D. На превью показана реальная визуализация дома с catalog-plans.ru. Такой формат помогает быстро сопоставить внешний вид, площадь и параметры дома. Параметры проекта: площадь 306,5 м²; 2 этажа; габариты 10.65×25.71 м; материал — монолитный каркас; стиль — хай-тек. Такой пин особенно полезен, когда вы сравниваете сразу несколько вариантов. После перехода на сайт можно изучить планы этажей, фасады, размеры и характеристики.",https://catalog-plans.ru/catalog/63-74D?utm_source=pinterest&utm_medium=organic&utm_campaign=generated_house_cards_static_fixed_batch_31&utm_content=pin_5680_63-74d_plans&utm_term=proekty-domov-2-etazha,,"проект дома 63-74D, проект №63-74D, Проекты домов 2 этажа, готовый проект дома, планировка дома, фасады дома, дом с размерами, визуализация дома, дом 306,5 м², дом монолитный каркас, дом хай-тек, catalog-plans.ru"
Дом №63-75: посмотреть параметры и проект,https://raw.githubusercontent.com/nemchenik/test/catalog-plans-pinterest-assets/pinterest/generated_batch_31_static_fixed/63-75.jpg,Проекты домов из газобетона,,"Проект дома №63-75. В карточке использован настоящий фасад проекта из каталога catalog-plans.ru. Это удобно для первого отбора проектов ещё до детального просмотра на сайте. Параметры проекта: площадь 88,98 м²; 2 этажа; габариты 8.3×9.6 м; материал — газобетон; стиль — европейский. Это помогает быстрее решить, подходит ли проект по стилю и масштабу. На странице проекта доступны планировка, фасады, габариты и состав документации.",https://catalog-plans.ru/catalog/63-75?utm_source=pinterest&utm_medium=organic&utm_campaign=generated_house_cards_static_fixed_batch_31&utm_content=pin_5681_63-75_compare&utm_term=proekty-domov-iz-gazobetona,,"проект дома 63-75, проект №63-75, Проекты домов из газобетона, готовый проект дома, планировка дома, фасады дома, дом с размерами, визуализация дома, дом 88,98 м², дом газобетон, дом европейский, catalog-plans.ru"
"Проект №63-79DL: фасады, размеры и планировка",https://raw.githubusercontent.com/nemchenik/test/catalog-plans-pinterest-assets/pinterest/generated_batch_31_static_fixed/63-79DL.jpg,Проекты домов из газоблока,,"Проект дома №63-79DL. На обложке — исходное изображение этого дома с сайта catalog-plans.ru. Карточка ускоряет сравнение домов между собой и облегчает выбор в ленте Pinterest. Параметры проекта: площадь 381,56 м²; 2 этажа; габариты 15.35×19.9 м; материал — газобетон; стиль — стиль Райта. Для выбора дома под постоянное проживание такой формат очень удобен. В карточке проекта на сайте вы увидите планы, фасады, размеры и другие детали.",https://catalog-plans.ru/catalog/63-79DL?utm_source=pinterest&utm_medium=organic&utm_campaign=generated_house_cards_static_fixed_batch_31&utm_content=pin_5682_63-79dl_site&utm_term=proekty-domov-iz-gazobloka,,"проект дома 63-79DL, проект №63-79DL, Проекты домов из газоблока, готовый проект дома, планировка дома, фасады дома, дом с размерами, визуализация дома, дом 381,56 м², дом газобетон, дом стиль Райта, catalog-plans.ru"
Дом №63-90AK3L: открыть характеристики проекта,https://raw.githubusercontent.com/nemchenik/test/catalog-plans-pinterest-assets/pinterest/generated_batch_31_static_fixed/63-90AK3L.jpg,Проекты домов в стиле Райта,,"Проект дома №63-90AK3L. Для карточки взята реальная визуализация проекта с catalog-plans.ru. Так проще понять, стоит ли открывать проект подробнее и сохранять его в доску. Параметры проекта: площадь 186,26 м²; 2 этажа; габариты 11×15.32 м; материал — монолитный каркас; стиль — стиль Райта. Так проще не потерять интересный проект и вернуться к нему позже. После перехода откроются планы этажей, архитектурные виды и основные параметры проекта.",https://catalog-plans.ru/catalog/63-90AK3L?utm_source=pinterest&utm_medium=organic&utm_campaign=generated_house_cards_static_fixed_batch_31&utm_content=pin_5683_63-90ak3l_facades&utm_term=proekty-domov-v-stile-rayta,,"проект дома 63-90AK3L, проект №63-90AK3L, Проекты домов в стиле Райта, готовый проект дома, планировка дома, фасады дома, дом с размерами, визуализация дома, дом 186,26 м², дом монолитный каркас, дом стиль Райта, catalog-plans.ru"
Проект дома №63-95WABB: оценить метраж и фасад,https://raw.githubusercontent.com/nemchenik/test/catalog-plans-pinterest-assets/pinterest/generated_batch_31_static_fixed/63-95WABB.jpg,Дома хай-тек проекты,,"Проект дома №63-95WABB. Пин собран на основе канонического изображения дома из catalog-plans.ru. Пин даёт быстрый предпросмотр фасада и ключевых характеристик проекта. Параметры проекта: площадь 266,51 м²; 2 этажа; габариты 14.55×17.15 м; материал — газобетон; стиль — хай-тек. Если подбираете дом под участок, такой предпросмотр экономит время. На сайте можно проверить планировку, размеры, фасады и дополнительные характеристики.",https://catalog-plans.ru/catalog/63-95WABB?utm_source=pinterest&utm_medium=organic&utm_campaign=generated_house_cards_static_fixed_batch_31&utm_content=pin_5684_63-95wabb_estimate&utm_term=doma-hay-tek-proekty,,"проект дома 63-95WABB, проект №63-95WABB, Дома хай-тек проекты, готовый проект дома, планировка дома, фасады дома, дом с размерами, визуализация дома, дом 266,51 м², дом газобетон, дом хай-тек, catalog-plans.ru"
Дом №64-24B: сравнить внешний вид и параметры,https://raw.githubusercontent.com/nemchenik/test/catalog-plans-pinterest-assets/pinterest/generated_batch_31_static_fixed/64-24B.jpg,Проекты частных домов с планировкой,,"Проект дома №64-24B. На превью размещён реальный фасад проекта из карточки дома на catalog-plans.ru. Это хороший способ быстро оценить архитектурный образ и основные цифры проекта. Параметры проекта: площадь 255,07 м²; 2 этажа; габариты 14.9×16.55 м; материал — газобетон; стиль — хай-тек. Карточка хорошо работает для быстрого визуального сравнения проектов. Карточка проекта содержит планы, фасады, параметры и сведения для осознанного выбора.",https://catalog-plans.ru/catalog/64-24B?utm_source=pinterest&utm_medium=organic&utm_campaign=generated_house_cards_static_fixed_batch_31&utm_content=pin_5685_64-24b_changes&utm_term=proekty-chastnyh-domov-s-planirovkoy,,"проект дома 64-24B, проект №64-24B, Проекты частных домов с планировкой, готовый проект дома, планировка дома, фасады дома, дом с размерами, визуализация дома, дом 255,07 м², дом газобетон, дом хай-тек, catalog-plans.ru"
Проект №64-26B: проверить размеры дома,https://raw.githubusercontent.com/nemchenik/test/catalog-plans-pinterest-assets/pinterest/generated_batch_31_static_fixed/64-26B.jpg,Проекты домов с размерами,,"Проект дома №64-26B. В основе этого пина лежит исходная визуализация дома с catalog-plans.ru. Такой формат делает выбор проекта более наглядным и быстрым. Параметры проекта: площадь 150,14 м²; 1 этаж; габариты 11.5×16.5 м; материал — газобетон; стиль — современный. Это удобно, когда вы хотите видеть и фасад, и основные цифры в одном кадре. На странице проекта вы сможете сравнить параметры, посмотреть планы и оценить фасады.",https://catalog-plans.ru/catalog/64-26B?utm_source=pinterest&utm_medium=organic&utm_campaign=generated_house_cards_static_fixed_batch_31&utm_content=pin_5686_64-26b_plans&utm_term=proekty-domov-s-razmerami,,"проект дома 64-26B, проект №64-26B, Проекты домов с размерами, готовый проект дома, планировка дома, фасады дома, дом с размерами, визуализация дома, дом 150,14 м², дом газобетон, дом современный, catalog-plans.ru"
Дом №64-45: архитектура и основные данные,https://raw.githubusercontent.com/nemchenik/test/catalog-plans-pinterest-assets/pinterest/generated_batch_31_static_fixed/64-45.jpg,Планы домов и коттеджей,,"Проект дома №64-45. Карточка использует настоящий фасад проекта, опубликованный на catalog-plans.ru. Карточка позволяет сразу увидеть проект, номер и базовые параметры дома. Параметры проекта: площадь 181,99 м²; 2 этажа; габариты 13.6×9.9 м; материал — газобетон; стиль — стиль Райта. Пин рассчитан на быстрый переход к полному описанию проекта на сайте. Дальше на сайте доступен полный набор данных: планы, фасады, размеры и характеристики.",https://catalog-plans.ru/catalog/64-45?utm_source=pinterest&utm_medium=organic&utm_campaign=generated_house_cards_static_fixed_batch_31&utm_content=pin_5687_64-45_compare&utm_term=plany-domov-i-kottedzhey,,"проект дома 64-45, проект №64-45, Планы домов и коттеджей, готовый проект дома, планировка дома, фасады дома, дом с размерами, визуализация дома, дом 181,99 м², дом газобетон, дом стиль Райта, catalog-plans.ru"
"Проект дома №65-01: планы, фасады и размеры",https://raw.githubusercontent.com/nemchenik/test/catalog-plans-pinterest-assets/pinterest/generated_batch_31_static_fixed/65-01.jpg,Красивые фасады частных домов,,"Проект дома №65-01. На превью показана реальная визуализация дома с catalog-plans.ru. Такой формат помогает быстро сопоставить внешний вид, площадь и параметры дома. Параметры проекта: площадь 116,73 м²; 1 этаж; габариты 9.4×17.55 м; материал — газобетон; стиль — современный. Такой пин особенно полезен, когда вы сравниваете сразу несколько вариантов. После перехода на сайт можно изучить планы этажей, фасады, размеры и характеристики.",https://catalog-plans.ru/catalog/65-01?utm_source=pinterest&utm_medium=organic&utm_campaign=generated_house_cards_static_fixed_batch_31&utm_content=pin_5688_65-01_site&utm_term=krasivye-fasady-chastnyh-domov,,"проект дома 65-01, проект №65-01, Красивые фасады частных домов, готовый проект дома, планировка дома, фасады дома, дом с размерами, визуализация дома, дом 116,73 м², дом газобетон, дом современный, catalog-plans.ru"
Дом №65-26BL: посмотреть параметры и проект,https://raw.githubusercontent.com/nemchenik/test/catalog-plans-pinterest-assets/pinterest/generated_batch_31_static_fixed/65-26BL.jpg,Готовые проекты коттеджей,,"Проект дома №65-26BL. В карточке использован настоящий фасад проекта из каталога catalog-plans.ru. Это удобно для первого отбора проектов ещё до детального просмотра на сайте. Параметры проекта: площадь 211,47 м²; 1 этаж; габариты 18.25×19.86 м; материал — газобетон; стиль — стиль Райта. Это помогает быстрее решить, подходит ли проект по стилю и масштабу. На странице проекта доступны планировка, фасады, габариты и состав документации.",https://catalog-plans.ru/catalog/65-26BL?utm_source=pinterest&utm_medium=organic&utm_campaign=generated_house_cards_static_fixed_batch_31&utm_content=pin_5689_65-26bl_facades&utm_term=gotovye-proekty-kottedzhey,,"проект дома 65-26BL, проект №65-26BL, Готовые проекты коттеджей, готовый проект дома, планировка дома, фасады дома, дом с размерами, визуализация дома, дом 211,47 м², дом газобетон, дом стиль Райта, catalog-plans.ru"
"Проект №65-46: фасады, размеры и планировка",https://raw.githubusercontent.com/nemchenik/test/catalog-plans-pinterest-assets/pinterest/generated_batch_31_static_fixed/65-46.jpg,Проекты загородных домов,,"Проект дома №65-46. На обложке — исходное изображение этого дома с сайта catalog-plans.ru. Карточка ускоряет сравнение домов между собой и облегчает выбор в ленте Pinterest. Параметры проекта: площадь 62,2 м²; 1 этаж; габариты 7.7×10.75 м; материал — газобетон; стиль — скандинавский. Для выбора дома под постоянное проживание такой формат очень удобен. В карточке проекта на сайте вы увидите планы, фасады, размеры и другие детали.",https://catalog-plans.ru/catalog/65-46?utm_source=pinterest&utm_medium=organic&utm_campaign=generated_house_cards_static_fixed_batch_31&utm_content=pin_5690_65-46_estimate&utm_term=proekty-zagorodnyh-domov,,"проект дома 65-46, проект №65-46, Проекты загородных домов, готовый проект дома, планировка дома, фасады дома, дом с размерами, визуализация дома, дом 62,2 м², дом газобетон, дом скандинавский, catalog-plans.ru"
Дом №65-51: открыть характеристики проекта,https://raw.githubusercontent.com/nemchenik/test/catalog-plans-pinterest-assets/pinterest/generated_batch_31_static_fixed/65-51.jpg,Проекты домов для постоянного проживания,,"Проект дома №65-51. Для карточки взята реальная визуализация проекта с catalog-plans.ru. Так проще понять, стоит ли открывать проект подробнее и сохранять его в доску. Параметры проекта: площадь 160,34 м²; 1 этаж; габариты 14.2×22.55 м; материал — газобетон; стиль — хай-тек. Так проще не потерять интересный проект и вернуться к нему позже. После перехода откроются планы этажей, архитектурные виды и основные параметры проекта.",https://catalog-plans.ru/catalog/65-51?utm_source=pinterest&utm_medium=organic&utm_campaign=generated_house_cards_static_fixed_batch_31&utm_content=pin_5691_65-51_changes&utm_term=proekty-domov-dlya-postoyannogo-prozhivaniya,,"проект дома 65-51, проект №65-51, Проекты домов для постоянного проживания, готовый проект дома, планировка дома, фасады дома, дом с размерами, визуализация дома, дом 160,34 м², дом газобетон, дом хай-тек, catalog-plans.ru"
Проект дома №65-52: оценить метраж и фасад,https://raw.githubusercontent.com/nemchenik/test/catalog-plans-pinterest-assets/pinterest/generated_batch_31_static_fixed/65-52.jpg,Проекты домов до 100 м²,,"Проект дома №65-52. Пин собран на основе канонического изображения дома из catalog-plans.ru. Пин даёт быстрый предпросмотр фасада и ключевых характеристик проекта. Параметры проекта: площадь 98,18 м²; 1 этаж; габариты 11.9×12.1 м; материал — газобетон; стиль — хай-тек. Если подбираете дом под участок, такой предпросмотр экономит время. На сайте можно проверить планировку, размеры, фасады и дополнительные характеристики.",https://catalog-plans.ru/catalog/65-52?utm_source=pinterest&utm_medium=organic&utm_campaign=generated_house_cards_static_fixed_batch_31&utm_content=pin_5692_65-52_plans&utm_term=proekty-domov-do-100-m,,"проект дома 65-52, проект №65-52, Проекты домов до 100 м², готовый проект дома, планировка дома, фасады дома, дом с размерами, визуализация дома, дом 98,18 м², дом газобетон, дом хай-тек, catalog-plans.ru"
Дом №65-52B: сравнить внешний вид и параметры,https://raw.githubusercontent.com/nemchenik/test/catalog-plans-pinterest-assets/pinterest/generated_batch_31_static_fixed/65-52B.jpg,Проекты домов 120–150 м²,,"Проект дома №65-52B. На превью размещён реальный фасад проекта из карточки дома на catalog-plans.ru. Это хороший способ быстро оценить архитектурный образ и основные цифры проекта. Параметры проекта: площадь 122,46 м²; 1 этаж; габариты 12×15 м; материал — газобетон; стиль — хай-тек. Карточка хорошо работает для быстрого визуального сравнения проектов. Карточка проекта содержит планы, фасады, параметры и сведения для осознанного выбора.",https://catalog-plans.ru/catalog/65-52B?utm_source=pinterest&utm_medium=organic&utm_campaign=generated_house_cards_static_fixed_batch_31&utm_content=pin_5693_65-52b_compare&utm_term=proekty-domov-120-150-m,,"проект дома 65-52B, проект №65-52B, Проекты домов 120–150 м², готовый проект дома, планировка дома, фасады дома, дом с размерами, визуализация дома, дом 122,46 м², дом газобетон, дом хай-тек, catalog-plans.ru"
Проект №65-59: проверить размеры дома,https://raw.githubusercontent.com/nemchenik/test/catalog-plans-pinterest-assets/pinterest/generated_batch_31_static_fixed/65-59.jpg,Двухэтажные проекты домов,,"Проект дома №65-59. В основе этого пина лежит исходная визуализация дома с catalog-plans.ru. Такой формат делает выбор проекта более наглядным и быстрым. Параметры проекта: площадь 197,24 м²; 2 этажа; габариты 11.5×17 м; материал — газобетон; стиль — европейский. Это удобно, когда вы хотите видеть и фасад, и основные цифры в одном кадре. На странице проекта вы сможете сравнить параметры, посмотреть планы и оценить фасады.",https://catalog-plans.ru/catalog/65-59?utm_source=pinterest&utm_medium=organic&utm_campaign=generated_house_cards_static_fixed_batch_31&utm_content=pin_5694_65-59_site&utm_term=dvuhetazhnye-proekty-domov,,"проект дома 65-59, проект №65-59, Двухэтажные проекты домов, готовый проект дома, планировка дома, фасады дома, дом с размерами, визуализация дома, дом 197,24 м², дом газобетон, дом европейский, catalog-plans.ru"
Дом №65-94: архитектура и основные данные,https://raw.githubusercontent.com/nemchenik/test/catalog-plans-pinterest-assets/pinterest/generated_batch_31_static_fixed/65-94.jpg,Проекты домов 2 этажа,,"Проект дома №65-94. Карточка использует настоящий фасад проекта, опубликованный на catalog-plans.ru. Карточка позволяет сразу увидеть проект, номер и базовые параметры дома. Параметры проекта: площадь 157,9 м²; 2 этажа; габариты 9.5×11.3 м; материал — газобетон; стиль — хай-тек. Пин рассчитан на быстрый переход к полному описанию проекта на сайте. Дальше на сайте доступен полный набор данных: планы, фасады, размеры и характеристики.",https://catalog-plans.ru/catalog/65-94?utm_source=pinterest&utm_medium=organic&utm_campaign=generated_house_cards_static_fixed_batch_31&utm_content=pin_5695_65-94_facades&utm_term=proekty-domov-2-etazha,,"проект дома 65-94, проект №65-94, Проекты домов 2 этажа, готовый проект дома, планировка дома, фасады дома, дом с размерами, визуализация дома, дом 157,9 м², дом газобетон, дом хай-тек, catalog-plans.ru"
"Проект дома №65-98: планы, фасады и размеры",https://raw.githubusercontent.com/nemchenik/test/catalog-plans-pinterest-assets/pinterest/generated_batch_31_static_fixed/65-98.jpg,Проекты кирпичных домов,,"Проект дома №65-98. На превью показана реальная визуализация дома с catalog-plans.ru. Такой формат помогает быстро сопоставить внешний вид, площадь и параметры дома. Параметры проекта: площадь 338,4 м²; 2 этажа; габариты 16.59×21.19 м; материал — кирпич; стиль — хай-тек. Такой пин особенно полезен, когда вы сравниваете сразу несколько вариантов. После перехода на сайт можно изучить планы этажей, фасады, размеры и характеристики.",https://catalog-plans.ru/catalog/65-98?utm_source=pinterest&utm_medium=organic&utm_campaign=generated_house_cards_static_fixed_batch_31&utm_content=pin_5696_65-98_estimate&utm_term=proekty-kirpichnyh-domov,,"проект дома 65-98, проект №65-98, Проекты кирпичных домов, готовый проект дома, планировка дома, фасады дома, дом с размерами, визуализация дома, дом 338,4 м², дом кирпич, дом хай-тек, catalog-plans.ru"
Дом №66-29: посмотреть параметры и проект,https://raw.githubusercontent.com/nemchenik/test/catalog-plans-pinterest-assets/pinterest/generated_batch_31_static_fixed/66-29.jpg,Проекты домов из газоблока,,"Проект дома №66-29. В карточке использован настоящий фасад проекта из каталога catalog-plans.ru. Это удобно для первого отбора проектов ещё до детального просмотра на сайте. Параметры проекта: площадь 219 м²; 2 этажа; габариты 12.8×14 м; материал — газобетон; стиль — европейский. Это помогает быстрее решить, подходит ли проект по стилю и масштабу. На странице проекта доступны планировка, фасады, габариты и состав документации.",https://catalog-plans.ru/catalog/66-29?utm_source=pinterest&utm_medium=organic&utm_campaign=generated_house_cards_static_fixed_batch_31&utm_content=pin_5697_66-29_changes&utm_term=proekty-domov-iz-gazobloka,,"проект дома 66-29, проект №66-29, Проекты домов из газоблока, готовый проект дома, планировка дома, фасады дома, дом с размерами, визуализация дома, дом 219 м², дом газобетон, дом европейский, catalog-plans.ru"
"Проект №66-30: фасады, размеры и планировка",https://raw.githubusercontent.com/nemchenik/test/catalog-plans-pinterest-assets/pinterest/generated_batch_31_static_fixed/66-30.jpg,Европейские проекты домов,,"Проект дома №66-30. На обложке — исходное изображение этого дома с сайта catalog-plans.ru. Карточка ускоряет сравнение домов между собой и облегчает выбор в ленте Pinterest. Параметры проекта: площадь 148 м²; 1 этаж; габариты 9.86×16.56 м; материал — газобетон; стиль — европейский. Для выбора дома под постоянное проживание такой формат очень удобен. В карточке проекта на сайте вы увидите планы, фасады, размеры и другие детали.",https://catalog-plans.ru/catalog/66-30?utm_source=pinterest&utm_medium=organic&utm_campaign=generated_house_cards_static_fixed_batch_31&utm_content=pin_5698_66-30_plans&utm_term=evropeyskie-proekty-domov,,"проект дома 66-30, проект №66-30, Европейские проекты домов, готовый проект дома, планировка дома, фасады дома, дом с размерами, визуализация дома, дом 148 м², дом газобетон, дом европейский, catalog-plans.ru"
Дом №66-32: открыть характеристики проекта,https://raw.githubusercontent.com/nemchenik/test/catalog-plans-pinterest-assets/pinterest/generated_batch_31_static_fixed/66-32.jpg,Проекты домов в европейском стиле,,"Проект дома №66-32. Для карточки взята реальная визуализация проекта с catalog-plans.ru. Так проще понять, стоит ли открывать проект подробнее и сохранять его в доску. Параметры проекта: площадь 173,3 м²; 1 этаж; габариты 14.6×18 м; материал — газобетон; стиль — европейский. Так проще не потерять интересный проект и вернуться к нему позже. После перехода откроются планы этажей, архитектурные виды и основные параметры проекта.",https://catalog-plans.ru/catalog/66-32?utm_source=pinterest&utm_medium=organic&utm_campaign=generated_house_cards_static_fixed_batch_31&utm_content=pin_5699_66-32_compare&utm_term=proekty-domov-v-evropeyskom-stile,,"проект дома 66-32, проект №66-32, Проекты домов в европейском стиле, готовый проект дома, планировка дома, фасады дома, дом с размерами, визуализация дома, дом 173,3 м², дом газобетон, дом европейский, catalog-plans.ru"
Проект дома №66-33: оценить метраж и фасад,https://raw.githubusercontent.com/nemchenik/test/catalog-plans-pinterest-assets/pinterest/generated_batch_31_static_fixed/66-33.jpg,Проекты частных домов с планировкой,,"Проект дома №66-33. Пин собран на основе канонического изображения дома из catalog-plans.ru. Пин даёт быстрый предпросмотр фасада и ключевых характеристик проекта. Параметры проекта: площадь 305,6 м²; 1 этаж; габариты 14.75×27.7 м; материал — газобетон; стиль — европейский. Если подбираете дом под участок, такой предпросмотр экономит время. На сайте можно проверить планировку, размеры, фасады и дополнительные характеристики.",https://catalog-plans.ru/catalog/66-33?utm_source=pinterest&utm_medium=organic&utm_campaign=generated_house_cards_static_fixed_batch_31&utm_content=pin_5700_66-33_site&utm_term=proekty-chastnyh-domov-s-planirovkoy,,"проект дома 66-33, проект №66-33, Проекты частных домов с планировкой, готовый проект дома, планировка дома, фасады дома, дом с размерами, визуализация дома, дом 305,6 м², дом газобетон, дом европейский, catalog-plans.ru"
Дом №68-02: сравнить внешний вид и параметры,https://raw.githubusercontent.com/nemchenik/test/catalog-plans-pinterest-assets/pinterest/generated_batch_31_static_fixed/68-02.jpg,Проекты домов с размерами,,"Проект дома №68-02. На превью размещён реальный фасад проекта из карточки дома на catalog-plans.ru. Это хороший способ быстро оценить архитектурный образ и основные цифры проекта. Параметры проекта: площадь 152,81 м²; 2 этажа; габариты 10.36×11.62 м; материал — газобетон; стиль — европейский. Карточка хорошо работает для быстрого визуального сравнения проектов. Карточка проекта содержит планы, фасады, параметры и сведения для осознанного выбора.",https://catalog-plans.ru/catalog/68-02?utm_source=pinterest&utm_medium=organic&utm_campaign=generated_house_cards_static_fixed_batch_31&utm_content=pin_5701_68-02_facades&utm_term=proekty-domov-s-razmerami,,"проект дома 68-02, проект №68-02, Проекты домов с размерами, готовый проект дома, планировка дома, фасады дома, дом с размерами, визуализация дома, дом 152,81 м², дом газобетон, дом европейский, catalog-plans.ru"
Проект №68-31MA: проверить размеры дома,https://raw.githubusercontent.com/nemchenik/test/catalog-plans-pinterest-assets/pinterest/generated_batch_31_static_fixed/68-31MA.jpg,Планы домов и коттеджей,,"Проект дома №68-31MA. В основе этого пина лежит исходная визуализация дома с catalog-plans.ru. Такой формат делает выбор проекта более наглядным и быстрым. Параметры проекта: площадь 155,7 м²; 1 этаж; габариты 10.9×16.9 м; материал — монолитный каркас; стиль — европейский. Это удобно, когда вы хотите видеть и фасад, и основные цифры в одном кадре. На странице проекта вы сможете сравнить параметры, посмотреть планы и оценить фасады.",https://catalog-plans.ru/catalog/68-31MA?utm_source=pinterest&utm_medium=organic&utm_campaign=generated_house_cards_static_fixed_batch_31&utm_content=pin_5702_68-31ma_estimate&utm_term=plany-domov-i-kottedzhey,,"проект дома 68-31MA, проект №68-31MA, Планы домов и коттеджей, готовый проект дома, планировка дома, фасады дома, дом с размерами, визуализация дома, дом 155,7 м², дом монолитный каркас, дом европейский, catalog-plans.ru"
Дом №68-49: архитектура и основные данные,https://raw.githubusercontent.com/nemchenik/test/catalog-plans-pinterest-assets/pinterest/generated_batch_31_static_fixed/68-49.jpg,Красивые фасады частных домов,,"Проект дома №68-49. Карточка использует настоящий фасад проекта, опубликованный на catalog-plans.ru. Карточка позволяет сразу увидеть проект, номер и базовые параметры дома. Параметры проекта: площадь 140,68 м²; 1 этаж; габариты 9.25×19.65 м; материал — газобетон; стиль — европейский. Пин рассчитан на быстрый переход к полному описанию проекта на сайте. Дальше на сайте доступен полный набор данных: планы, фасады, размеры и характеристики.",https://catalog-plans.ru/catalog/68-49?utm_source=pinterest&utm_medium=organic&utm_campaign=generated_house_cards_static_fixed_batch_31&utm_content=pin_5703_68-49_changes&utm_term=krasivye-fasady-chastnyh-domov,,"проект дома 68-49, проект №68-49, Красивые фасады частных домов, готовый проект дома, планировка дома, фасады дома, дом с размерами, визуализация дома, дом 140,68 м², дом газобетон, дом европейский, catalog-plans.ru"
"Проект дома №68-78M: планы, фасады и размеры",https://raw.githubusercontent.com/nemchenik/test/catalog-plans-pinterest-assets/pinterest/generated_batch_31_static_fixed/68-78M.jpg,Готовые проекты коттеджей,,"Проект дома №68-78M. На превью показана реальная визуализация дома с catalog-plans.ru. Такой формат помогает быстро сопоставить внешний вид, площадь и параметры дома. Параметры проекта: площадь 236,97 м²; 1 этаж; габариты 23.56×24.86 м; материал — монолитный каркас; стиль — хай-тек. Такой пин особенно полезен, когда вы сравниваете сразу несколько вариантов. После перехода на сайт можно изучить планы этажей, фасады, размеры и характеристики.",https://catalog-plans.ru/catalog/68-78M?utm_source=pinterest&utm_medium=organic&utm_campaign=generated_house_cards_static_fixed_batch_31&utm_content=pin_5704_68-78m_plans&utm_term=gotovye-proekty-kottedzhey,,"проект дома 68-78M, проект №68-78M, Готовые проекты коттеджей, готовый проект дома, планировка дома, фасады дома, дом с размерами, визуализация дома, дом 236,97 м², дом монолитный каркас, дом хай-тек, catalog-plans.ru"
Дом №68-81: посмотреть параметры и проект,https://raw.githubusercontent.com/nemchenik/test/catalog-plans-pinterest-assets/pinterest/generated_batch_31_static_fixed/68-81.jpg,Проекты загородных домов,,"Проект дома №68-81. В карточке использован настоящий фасад проекта из каталога catalog-plans.ru. Это удобно для первого отбора проектов ещё до детального просмотра на сайте. Параметры проекта: площадь 370,81 м²; 2 этажа; габариты 25.5×30.5 м; материал — газобетон; стиль — современный. Это помогает быстрее решить, подходит ли проект по стилю и масштабу. На странице проекта доступны планировка, фасады, габариты и состав документации.",https://catalog-plans.ru/catalog/68-81?utm_source=pinterest&utm_medium=organic&utm_campaign=generated_house_cards_static_fixed_batch_31&utm_content=pin_5705_68-81_compare&utm_term=proekty-zagorodnyh-domov,,"проект дома 68-81, проект №68-81, Проекты загородных домов, готовый проект дома, планировка дома, фасады дома, дом с размерами, визуализация дома, дом 370,81 м², дом газобетон, дом современный, catalog-plans.ru"
"Проект №68-83: фасады, размеры и планировка",https://raw.githubusercontent.com/nemchenik/test/catalog-plans-pinterest-assets/pinterest/generated_batch_31_static_fixed/68-83.jpg,Проекты домов для постоянного проживания,,"Проект дома №68-83. На обложке — исходное изображение этого дома с сайта catalog-plans.ru. Карточка ускоряет сравнение домов между собой и облегчает выбор в ленте Pinterest. Параметры проекта: площадь 188,19 м²; 1 этаж; габариты 13.6×19.4 м; материал — газобетон; стиль — европейский. Для выбора дома под постоянное проживание такой формат очень удобен. В карточке проекта на сайте вы увидите планы, фасады, размеры и другие детали.",https://catalog-plans.ru/catalog/68-83?utm_source=pinterest&utm_medium=organic&utm_campaign=generated_house_cards_static_fixed_batch_31&utm_content=pin_5706_68-83_site&utm_term=proekty-domov-dlya-postoyannogo-prozhivaniya,,"проект дома 68-83, проект №68-83, Проекты домов для постоянного проживания, готовый проект дома, планировка дома, фасады дома, дом с размерами, визуализация дома, дом 188,19 м², дом газобетон, дом европейский, catalog-plans.ru"
Дом №68-91L: открыть характеристики проекта,https://raw.githubusercontent.com/nemchenik/test/catalog-plans-pinterest-assets/pinterest/generated_batch_31_static_fixed/68-91L.jpg,Проекты домов до 150 м²,,"Проект дома №68-91L. Для карточки взята реальная визуализация проекта с catalog-plans.ru. Так проще понять, стоит ли открывать проект подробнее и сохранять его в доску. Параметры проекта: площадь 135,23 м²; 2 этажа; габариты 10.8×10.8 м; материал — газобетон; стиль — барнхаус. Так проще не потерять интересный проект и вернуться к нему позже. После перехода откроются планы этажей, архитектурные виды и основные параметры проекта.",https://catalog-plans.ru/catalog/68-91L?utm_source=pinterest&utm_medium=organic&utm_campaign=generated_house_cards_static_fixed_batch_31&utm_content=pin_5707_68-91l_facades&utm_term=proekty-domov-do-150-m,,"проект дома 68-91L, проект №68-91L, Проекты домов до 150 м², готовый проект дома, планировка дома, фасады дома, дом с размерами, визуализация дома, дом 135,23 м², дом газобетон, дом барнхаус, catalog-plans.ru"
Проект дома №68-93: оценить метраж и фасад,https://raw.githubusercontent.com/nemchenik/test/catalog-plans-pinterest-assets/pinterest/generated_batch_31_static_fixed/68-93.jpg,Маленькие проекты домов,,"Проект дома №68-93. Пин собран на основе канонического изображения дома из catalog-plans.ru. Пин даёт быстрый предпросмотр фасада и ключевых характеристик проекта. Параметры проекта: площадь 95,36 м²; 1 этаж; габариты 11.2×11.7 м; материал — газобетон; стиль — скандинавский. Если подбираете дом под участок, такой предпросмотр экономит время. На сайте можно проверить планировку, размеры, фасады и дополнительные характеристики.",https://catalog-plans.ru/catalog/68-93?utm_source=pinterest&utm_medium=organic&utm_campaign=generated_house_cards_static_fixed_batch_31&utm_content=pin_5708_68-93_estimate&utm_term=malenkie-proekty-domov,,"проект дома 68-93, проект №68-93, Маленькие проекты домов, готовый проект дома, планировка дома, фасады дома, дом с размерами, визуализация дома, дом 95,36 м², дом газобетон, дом скандинавский, catalog-plans.ru"
Дом №68-95: сравнить внешний вид и параметры,https://raw.githubusercontent.com/nemchenik/test/catalog-plans-pinterest-assets/pinterest/generated_batch_31_static_fixed/68-95.jpg,Одноэтажные проекты домов,,"Проект дома №68-95. На превью размещён реальный фасад проекта из карточки дома на catalog-plans.ru. Это хороший способ быстро оценить архитектурный образ и основные цифры проекта. Параметры проекта: площадь 99,06 м²; 1 этаж; габариты 9.64×18.3 м; материал — газобетон; стиль — скандинавский. Карточка хорошо работает для быстрого визуального сравнения проектов. Карточка проекта содержит планы, фасады, параметры и сведения для осознанного выбора.",https://catalog-plans.ru/catalog/68-95?utm_source=pinterest&utm_medium=organic&utm_campaign=generated_house_cards_static_fixed_batch_31&utm_content=pin_5709_68-95_changes&utm_term=odnoetazhnye-proekty-domov,,"проект дома 68-95, проект №68-95, Одноэтажные проекты домов, готовый проект дома, планировка дома, фасады дома, дом с размерами, визуализация дома, дом 99,06 м², дом газобетон, дом скандинавский, catalog-plans.ru"
Проект №68-96: проверить размеры дома,https://raw.githubusercontent.com/nemchenik/test/catalog-plans-pinterest-assets/pinterest/generated_batch_31_static_fixed/68-96.jpg,Проекты одноэтажных коттеджей,,"Проект дома №68-96. В основе этого пина лежит исходная визуализация дома с catalog-plans.ru. Такой формат делает выбор проекта более наглядным и быстрым. Параметры проекта: площадь 119,03 м²; 1 этаж; габариты 12.15×14.65 м; материал — газобетон; стиль — хай-тек. Это удобно, когда вы хотите видеть и фасад, и основные цифры в одном кадре. На странице проекта вы сможете сравнить параметры, посмотреть планы и оценить фасады.",https://catalog-plans.ru/catalog/68-96?utm_source=pinterest&utm_medium=organic&utm_campaign=generated_house_cards_static_fixed_batch_31&utm_content=pin_5710_68-96_plans&utm_term=proekty-odnoetazhnyh-kottedzhey,,"проект дома 68-96, проект №68-96, Проекты одноэтажных коттеджей, готовый проект дома, планировка дома, фасады дома, дом с размерами, визуализация дома, дом 119,03 м², дом газобетон, дом хай-тек, catalog-plans.ru"
Дом №69-07: архитектура и основные данные,https://raw.githubusercontent.com/nemchenik/test/catalog-plans-pinterest-assets/pinterest/generated_batch_31_static_fixed/69-07.jpg,Проекты домов из газобетона,,"Проект дома №69-07. Карточка использует настоящий фасад проекта, опубликованный на catalog-plans.ru. Карточка позволяет сразу увидеть проект, номер и базовые параметры дома. Параметры проекта: площадь 107,94 м²; 1 этаж; габариты 13.1×12.21 м; материал — газобетон; стиль — европейский. Пин рассчитан на быстрый переход к полному описанию проекта на сайте. Дальше на сайте доступен полный набор данных: планы, фасады, размеры и характеристики.",https://catalog-plans.ru/catalog/69-07?utm_source=pinterest&utm_medium=organic&utm_campaign=generated_house_cards_static_fixed_batch_31&utm_content=pin_5711_69-07_compare&utm_term=proekty-domov-iz-gazobetona,,"проект дома 69-07, проект №69-07, Проекты домов из газобетона, готовый проект дома, планировка дома, фасады дома, дом с размерами, визуализация дома, дом 107,94 м², дом газобетон, дом европейский, catalog-plans.ru"
