Title,Media URL,Pinterest board,Thumbnail,Description,Link,Publish date,Keywords
"Проект дома №48-29MAGL площадью 357,59 м²",https://raw.githubusercontent.com/nemchenik/test/e701def0cc9a46ab4b2f865eb3c56ffecfe50974/pinterest/generated_batch_51_chromatic_random_static/48-29MAGL.jpg,Проекты частных домов,,"Готовый проект дома №48-29MAGL площадью 357,59 м²: 2 этажа, габариты 13.89×24.14 м, материал стен — газобетон. Архитектурная визуализация и ключевые характеристики собраны на одной карточке. Сохраните проект и откройте каталог, чтобы посмотреть подробности и актуальную стоимость.",https://catalog-plans.ru/catalog/48-29MAGL?utm_source=pinterest&utm_medium=organic&utm_campaign=generated_chromatic_random_static_batch_51&utm_content=pin_9512_48-29MAGL_chromatic&utm_term=proekty-chastnyh-domov,,"проект дома 48-29MAGL, проект дома 357,59 м², готовый проект дома, визуализация дома, характеристики дома, частный дом, газобетон, catalog-plans.ru"
"Проект дома №63-12 площадью 180,86 м²",https://raw.githubusercontent.com/nemchenik/test/e701def0cc9a46ab4b2f865eb3c56ffecfe50974/pinterest/generated_batch_51_chromatic_random_static/63-12.jpg,Проекты частных домов,,"Готовый проект дома №63-12 площадью 180,86 м²: 2 этажа, габариты 11.1×11.1 м, материал стен — газобетон. Архитектурная визуализация и ключевые характеристики собраны на одной карточке. Сохраните проект и откройте каталог, чтобы посмотреть подробности и актуальную стоимость.",https://catalog-plans.ru/catalog/63-12?utm_source=pinterest&utm_medium=organic&utm_campaign=generated_chromatic_random_static_batch_51&utm_content=pin_9513_63-12_chromatic&utm_term=proekty-chastnyh-domov,,"проект дома 63-12, проект дома 180,86 м², готовый проект дома, визуализация дома, характеристики дома, частный дом, газобетон, catalog-plans.ru"
"Проект дома №58-15K площадью 139,25 м²",https://raw.githubusercontent.com/nemchenik/test/e701def0cc9a46ab4b2f865eb3c56ffecfe50974/pinterest/generated_batch_51_chromatic_random_static/58-15K.jpg,Проекты частных домов,,"Готовый проект дома №58-15K площадью 139,25 м²: 2 этажа, габариты 10.3×11 м, материал стен — кирпич. Архитектурная визуализация и ключевые характеристики собраны на одной карточке. Сохраните проект и откройте каталог, чтобы посмотреть подробности и актуальную стоимость.",https://catalog-plans.ru/catalog/58-15K?utm_source=pinterest&utm_medium=organic&utm_campaign=generated_chromatic_random_static_batch_51&utm_content=pin_9514_58-15K_chromatic&utm_term=proekty-chastnyh-domov,,"проект дома 58-15K, проект дома 139,25 м², готовый проект дома, визуализация дома, характеристики дома, частный дом, кирпич, catalog-plans.ru"
"Проект дома №58-70AF площадью 213,15 м²",https://raw.githubusercontent.com/nemchenik/test/e701def0cc9a46ab4b2f865eb3c56ffecfe50974/pinterest/generated_batch_51_chromatic_random_static/58-70AF.jpg,Проекты частных домов,,"Готовый проект дома №58-70AF площадью 213,15 м²: 2 этажа, габариты 12×16 м, материал стен — газобетон. Архитектурная визуализация и ключевые характеристики собраны на одной карточке. Сохраните проект и откройте каталог, чтобы посмотреть подробности и актуальную стоимость.",https://catalog-plans.ru/catalog/58-70AF?utm_source=pinterest&utm_medium=organic&utm_campaign=generated_chromatic_random_static_batch_51&utm_content=pin_9515_58-70AF_chromatic&utm_term=proekty-chastnyh-domov,,"проект дома 58-70AF, проект дома 213,15 м², готовый проект дома, визуализация дома, характеристики дома, частный дом, газобетон, catalog-plans.ru"
"Проект дома №36-36 площадью 437,8 м²",https://raw.githubusercontent.com/nemchenik/test/e701def0cc9a46ab4b2f865eb3c56ffecfe50974/pinterest/generated_batch_51_chromatic_random_static/36-36.jpg,Проекты частных домов,,"Готовый проект дома №36-36 площадью 437,8 м²: 2 этажа, габариты 17.34×29.94 м, материал стен — кирпич. Архитектурная визуализация и ключевые характеристики собраны на одной карточке. Сохраните проект и откройте каталог, чтобы посмотреть подробности и актуальную стоимость.",https://catalog-plans.ru/catalog/36-36?utm_source=pinterest&utm_medium=organic&utm_campaign=generated_chromatic_random_static_batch_51&utm_content=pin_9516_36-36_chromatic&utm_term=proekty-chastnyh-domov,,"проект дома 36-36, проект дома 437,8 м², готовый проект дома, визуализация дома, характеристики дома, частный дом, кирпич, catalog-plans.ru"
"Проект дома №45-57FL площадью 367,18 м²",https://raw.githubusercontent.com/nemchenik/test/e701def0cc9a46ab4b2f865eb3c56ffecfe50974/pinterest/generated_batch_51_chromatic_random_static/45-57FL.jpg,Проекты частных домов,,"Готовый проект дома №45-57FL площадью 367,18 м²: 2 этажа, габариты 13.33×21.5 м, материал стен — кирпич. Архитектурная визуализация и ключевые характеристики собраны на одной карточке. Сохраните проект и откройте каталог, чтобы посмотреть подробности и актуальную стоимость.",https://catalog-plans.ru/catalog/45-57FL?utm_source=pinterest&utm_medium=organic&utm_campaign=generated_chromatic_random_static_batch_51&utm_content=pin_9517_45-57FL_chromatic&utm_term=proekty-chastnyh-domov,,"проект дома 45-57FL, проект дома 367,18 м², готовый проект дома, визуализация дома, характеристики дома, частный дом, кирпич, catalog-plans.ru"
Проект дома №40-48G площадью 238 м²,https://raw.githubusercontent.com/nemchenik/test/e701def0cc9a46ab4b2f865eb3c56ffecfe50974/pinterest/generated_batch_51_chromatic_random_static/40-48G.jpg,Проекты частных домов,,"Готовый проект дома №40-48G площадью 238 м²: 2 этажа, габариты 13.45×15.71 м, материал стен — газобетон. Архитектурная визуализация и ключевые характеристики собраны на одной карточке. Сохраните проект и откройте каталог, чтобы посмотреть подробности и актуальную стоимость.",https://catalog-plans.ru/catalog/40-48G?utm_source=pinterest&utm_medium=organic&utm_campaign=generated_chromatic_random_static_batch_51&utm_content=pin_9518_40-48G_chromatic&utm_term=proekty-chastnyh-domov,,"проект дома 40-48G, проект дома 238 м², готовый проект дома, визуализация дома, характеристики дома, частный дом, газобетон, catalog-plans.ru"
"Проект дома №57-12B площадью 165,05 м²",https://raw.githubusercontent.com/nemchenik/test/e701def0cc9a46ab4b2f865eb3c56ffecfe50974/pinterest/generated_batch_51_chromatic_random_static/57-12B.jpg,Проекты частных домов,,"Готовый проект дома №57-12B площадью 165,05 м²: 2 этажа, габариты 10.77×11.8 м, материал стен — газобетон. Архитектурная визуализация и ключевые характеристики собраны на одной карточке. Сохраните проект и откройте каталог, чтобы посмотреть подробности и актуальную стоимость.",https://catalog-plans.ru/catalog/57-12B?utm_source=pinterest&utm_medium=organic&utm_campaign=generated_chromatic_random_static_batch_51&utm_content=pin_9519_57-12B_chromatic&utm_term=proekty-chastnyh-domov,,"проект дома 57-12B, проект дома 165,05 м², готовый проект дома, визуализация дома, характеристики дома, частный дом, газобетон, catalog-plans.ru"
"Проект дома №13-00A площадью 155,11 м²",https://raw.githubusercontent.com/nemchenik/test/e701def0cc9a46ab4b2f865eb3c56ffecfe50974/pinterest/generated_batch_51_chromatic_random_static/13-00A.jpg,Проекты частных домов,,"Готовый проект дома №13-00A площадью 155,11 м²: 2 этажа, габариты 9.72×10.62 м, материал стен — дерево. Архитектурная визуализация и ключевые характеристики собраны на одной карточке. Сохраните проект и откройте каталог, чтобы посмотреть подробности и актуальную стоимость.",https://catalog-plans.ru/catalog/13-00A?utm_source=pinterest&utm_medium=organic&utm_campaign=generated_chromatic_random_static_batch_51&utm_content=pin_9520_13-00A_chromatic&utm_term=proekty-chastnyh-domov,,"проект дома 13-00A, проект дома 155,11 м², готовый проект дома, визуализация дома, характеристики дома, частный дом, дерево, catalog-plans.ru"
"Проект дома №57-77AK площадью 277,95 м²",https://raw.githubusercontent.com/nemchenik/test/e701def0cc9a46ab4b2f865eb3c56ffecfe50974/pinterest/generated_batch_51_chromatic_random_static/57-77AK.jpg,Проекты частных домов,,"Готовый проект дома №57-77AK площадью 277,95 м²: 2 этажа, габариты 15.8×15.85 м, материал стен — кирпич. Архитектурная визуализация и ключевые характеристики собраны на одной карточке. Сохраните проект и откройте каталог, чтобы посмотреть подробности и актуальную стоимость.",https://catalog-plans.ru/catalog/57-77AK?utm_source=pinterest&utm_medium=organic&utm_campaign=generated_chromatic_random_static_batch_51&utm_content=pin_9521_57-77AK_chromatic&utm_term=proekty-chastnyh-domov,,"проект дома 57-77AK, проект дома 277,95 м², готовый проект дома, визуализация дома, характеристики дома, частный дом, кирпич, catalog-plans.ru"
"Проект дома №40-84D площадью 219,93 м²",https://raw.githubusercontent.com/nemchenik/test/e701def0cc9a46ab4b2f865eb3c56ffecfe50974/pinterest/generated_batch_51_chromatic_random_static/40-84D.jpg,Проекты частных домов,,"Готовый проект дома №40-84D площадью 219,93 м²: 2 этажа, габариты 18.19×18.19 м, материал стен — кирпич. Архитектурная визуализация и ключевые характеристики собраны на одной карточке. Сохраните проект и откройте каталог, чтобы посмотреть подробности и актуальную стоимость.",https://catalog-plans.ru/catalog/40-84D?utm_source=pinterest&utm_medium=organic&utm_campaign=generated_chromatic_random_static_batch_51&utm_content=pin_9522_40-84D_chromatic&utm_term=proekty-chastnyh-domov,,"проект дома 40-84D, проект дома 219,93 м², готовый проект дома, визуализация дома, характеристики дома, частный дом, кирпич, catalog-plans.ru"
"Проект дома №36-70 площадью 189,2 м²",https://raw.githubusercontent.com/nemchenik/test/e701def0cc9a46ab4b2f865eb3c56ffecfe50974/pinterest/generated_batch_51_chromatic_random_static/36-70.jpg,Проекты частных домов,,"Готовый проект дома №36-70 площадью 189,2 м²: 2 этажа, габариты 11.1×14.4 м, материал стен — газобетон. Архитектурная визуализация и ключевые характеристики собраны на одной карточке. Сохраните проект и откройте каталог, чтобы посмотреть подробности и актуальную стоимость.",https://catalog-plans.ru/catalog/36-70?utm_source=pinterest&utm_medium=organic&utm_campaign=generated_chromatic_random_static_batch_51&utm_content=pin_9523_36-70_chromatic&utm_term=proekty-chastnyh-domov,,"проект дома 36-70, проект дома 189,2 м², готовый проект дома, визуализация дома, характеристики дома, частный дом, газобетон, catalog-plans.ru"
"Проект дома №46-12L площадью 204,69 м²",https://raw.githubusercontent.com/nemchenik/test/e701def0cc9a46ab4b2f865eb3c56ffecfe50974/pinterest/generated_batch_51_chromatic_random_static/46-12L.jpg,Проекты частных домов,,"Готовый проект дома №46-12L площадью 204,69 м²: 2 этажа, габариты 11.92×19.34 м, материал стен — кирпич. Архитектурная визуализация и ключевые характеристики собраны на одной карточке. Сохраните проект и откройте каталог, чтобы посмотреть подробности и актуальную стоимость.",https://catalog-plans.ru/catalog/46-12L?utm_source=pinterest&utm_medium=organic&utm_campaign=generated_chromatic_random_static_batch_51&utm_content=pin_9524_46-12L_chromatic&utm_term=proekty-chastnyh-domov,,"проект дома 46-12L, проект дома 204,69 м², готовый проект дома, визуализация дома, характеристики дома, частный дом, кирпич, catalog-plans.ru"
"Проект дома №58-52 площадью 168,24 м²",https://raw.githubusercontent.com/nemchenik/test/e701def0cc9a46ab4b2f865eb3c56ffecfe50974/pinterest/generated_batch_51_chromatic_random_static/58-52.jpg,Проекты частных домов,,"Готовый проект дома №58-52 площадью 168,24 м²: 2 этажа, габариты 10.9×10.9 м, материал стен — газобетон. Архитектурная визуализация и ключевые характеристики собраны на одной карточке. Сохраните проект и откройте каталог, чтобы посмотреть подробности и актуальную стоимость.",https://catalog-plans.ru/catalog/58-52?utm_source=pinterest&utm_medium=organic&utm_campaign=generated_chromatic_random_static_batch_51&utm_content=pin_9525_58-52_chromatic&utm_term=proekty-chastnyh-domov,,"проект дома 58-52, проект дома 168,24 м², готовый проект дома, визуализация дома, характеристики дома, частный дом, газобетон, catalog-plans.ru"
"Проект дома №49-09 площадью 175,4 м²",https://raw.githubusercontent.com/nemchenik/test/e701def0cc9a46ab4b2f865eb3c56ffecfe50974/pinterest/generated_batch_51_chromatic_random_static/49-09.jpg,Проекты частных домов,,"Готовый проект дома №49-09 площадью 175,4 м²: 2 этажа, габариты 12.6×14.1 м, материал стен — газобетон. Архитектурная визуализация и ключевые характеристики собраны на одной карточке. Сохраните проект и откройте каталог, чтобы посмотреть подробности и актуальную стоимость.",https://catalog-plans.ru/catalog/49-09?utm_source=pinterest&utm_medium=organic&utm_campaign=generated_chromatic_random_static_batch_51&utm_content=pin_9526_49-09_chromatic&utm_term=proekty-chastnyh-domov,,"проект дома 49-09, проект дома 175,4 м², готовый проект дома, визуализация дома, характеристики дома, частный дом, газобетон, catalog-plans.ru"
"Проект дома №62-26 площадью 173,5 м²",https://raw.githubusercontent.com/nemchenik/test/e701def0cc9a46ab4b2f865eb3c56ffecfe50974/pinterest/generated_batch_51_chromatic_random_static/62-26.jpg,Проекты частных домов,,"Готовый проект дома №62-26 площадью 173,5 м²: 1 этаж, габариты 15.8×20 м, материал стен — газобетон. Архитектурная визуализация и ключевые характеристики собраны на одной карточке. Сохраните проект и откройте каталог, чтобы посмотреть подробности и актуальную стоимость.",https://catalog-plans.ru/catalog/62-26?utm_source=pinterest&utm_medium=organic&utm_campaign=generated_chromatic_random_static_batch_51&utm_content=pin_9527_62-26_chromatic&utm_term=proekty-chastnyh-domov,,"проект дома 62-26, проект дома 173,5 м², готовый проект дома, визуализация дома, характеристики дома, частный дом, газобетон, catalog-plans.ru"
"Проект дома №51-92 площадью 160,4 м²",https://raw.githubusercontent.com/nemchenik/test/e701def0cc9a46ab4b2f865eb3c56ffecfe50974/pinterest/generated_batch_51_chromatic_random_static/51-92.jpg,Проекты частных домов,,"Готовый проект дома №51-92 площадью 160,4 м²: 2 этажа, габариты 11.2×11.3 м, материал стен — газобетон. Архитектурная визуализация и ключевые характеристики собраны на одной карточке. Сохраните проект и откройте каталог, чтобы посмотреть подробности и актуальную стоимость.",https://catalog-plans.ru/catalog/51-92?utm_source=pinterest&utm_medium=organic&utm_campaign=generated_chromatic_random_static_batch_51&utm_content=pin_9528_51-92_chromatic&utm_term=proekty-chastnyh-domov,,"проект дома 51-92, проект дома 160,4 м², готовый проект дома, визуализация дома, характеристики дома, частный дом, газобетон, catalog-plans.ru"
"Проект дома №65-30L площадью 231,78 м²",https://raw.githubusercontent.com/nemchenik/test/e701def0cc9a46ab4b2f865eb3c56ffecfe50974/pinterest/generated_batch_51_chromatic_random_static/65-30L.jpg,Проекты частных домов,,"Готовый проект дома №65-30L площадью 231,78 м²: 2 этажа, габариты 9.94×17.29 м, материал стен — газобетон. Архитектурная визуализация и ключевые характеристики собраны на одной карточке. Сохраните проект и откройте каталог, чтобы посмотреть подробности и актуальную стоимость.",https://catalog-plans.ru/catalog/65-30L?utm_source=pinterest&utm_medium=organic&utm_campaign=generated_chromatic_random_static_batch_51&utm_content=pin_9529_65-30L_chromatic&utm_term=proekty-chastnyh-domov,,"проект дома 65-30L, проект дома 231,78 м², готовый проект дома, визуализация дома, характеристики дома, частный дом, газобетон, catalog-plans.ru"
"Проект дома №57-09KL площадью 181,15 м²",https://raw.githubusercontent.com/nemchenik/test/e701def0cc9a46ab4b2f865eb3c56ffecfe50974/pinterest/generated_batch_51_chromatic_random_static/57-09KL.jpg,Проекты частных домов,,"Готовый проект дома №57-09KL площадью 181,15 м²: 2 этажа, габариты 10.43×14.43 м, материал стен — кирпич. Архитектурная визуализация и ключевые характеристики собраны на одной карточке. Сохраните проект и откройте каталог, чтобы посмотреть подробности и актуальную стоимость.",https://catalog-plans.ru/catalog/57-09KL?utm_source=pinterest&utm_medium=organic&utm_campaign=generated_chromatic_random_static_batch_51&utm_content=pin_9530_57-09KL_chromatic&utm_term=proekty-chastnyh-domov,,"проект дома 57-09KL, проект дома 181,15 м², готовый проект дома, визуализация дома, характеристики дома, частный дом, кирпич, catalog-plans.ru"
Проект дома №61-41 площадью 143 м²,https://raw.githubusercontent.com/nemchenik/test/e701def0cc9a46ab4b2f865eb3c56ffecfe50974/pinterest/generated_batch_51_chromatic_random_static/61-41.jpg,Проекты частных домов,,"Готовый проект дома №61-41 площадью 143 м²: 2 этажа, габариты 9.85×9.95 м, материал стен — газобетон. Архитектурная визуализация и ключевые характеристики собраны на одной карточке. Сохраните проект и откройте каталог, чтобы посмотреть подробности и актуальную стоимость.",https://catalog-plans.ru/catalog/61-41?utm_source=pinterest&utm_medium=organic&utm_campaign=generated_chromatic_random_static_batch_51&utm_content=pin_9531_61-41_chromatic&utm_term=proekty-chastnyh-domov,,"проект дома 61-41, проект дома 143 м², готовый проект дома, визуализация дома, характеристики дома, частный дом, газобетон, catalog-plans.ru"
"Проект дома №58-75ABL площадью 162,21 м²",https://raw.githubusercontent.com/nemchenik/test/e701def0cc9a46ab4b2f865eb3c56ffecfe50974/pinterest/generated_batch_51_chromatic_random_static/58-75ABL.jpg,Проекты частных домов,,"Готовый проект дома №58-75ABL площадью 162,21 м²: 2 этажа, габариты 10×10 м, материал стен — газобетон. Архитектурная визуализация и ключевые характеристики собраны на одной карточке. Сохраните проект и откройте каталог, чтобы посмотреть подробности и актуальную стоимость.",https://catalog-plans.ru/catalog/58-75ABL?utm_source=pinterest&utm_medium=organic&utm_campaign=generated_chromatic_random_static_batch_51&utm_content=pin_9532_58-75ABL_chromatic&utm_term=proekty-chastnyh-domov,,"проект дома 58-75ABL, проект дома 162,21 м², готовый проект дома, визуализация дома, характеристики дома, частный дом, газобетон, catalog-plans.ru"
"Проект дома №70-85BK1 площадью 161,13 м²",https://raw.githubusercontent.com/nemchenik/test/e701def0cc9a46ab4b2f865eb3c56ffecfe50974/pinterest/generated_batch_51_chromatic_random_static/70-85BK1.jpg,Проекты частных домов,,"Готовый проект дома №70-85BK1 площадью 161,13 м²: 2 этажа, габариты 11.095×14.76 м, материал стен — кирпич. Архитектурная визуализация и ключевые характеристики собраны на одной карточке. Сохраните проект и откройте каталог, чтобы посмотреть подробности и актуальную стоимость.",https://catalog-plans.ru/catalog/70-85BK1?utm_source=pinterest&utm_medium=organic&utm_campaign=generated_chromatic_random_static_batch_51&utm_content=pin_9533_70-85BK1_chromatic&utm_term=proekty-chastnyh-domov,,"проект дома 70-85BK1, проект дома 161,13 м², готовый проект дома, визуализация дома, характеристики дома, частный дом, кирпич, catalog-plans.ru"
"Проект дома №49-81 площадью 339,5 м²",https://raw.githubusercontent.com/nemchenik/test/e701def0cc9a46ab4b2f865eb3c56ffecfe50974/pinterest/generated_batch_51_chromatic_random_static/49-81.jpg,Проекты частных домов,,"Готовый проект дома №49-81 площадью 339,5 м²: 2 этажа, габариты 14×19.15 м, материал стен — кирпич. Архитектурная визуализация и ключевые характеристики собраны на одной карточке. Сохраните проект и откройте каталог, чтобы посмотреть подробности и актуальную стоимость.",https://catalog-plans.ru/catalog/49-81?utm_source=pinterest&utm_medium=organic&utm_campaign=generated_chromatic_random_static_batch_51&utm_content=pin_9534_49-81_chromatic&utm_term=proekty-chastnyh-domov,,"проект дома 49-81, проект дома 339,5 м², готовый проект дома, визуализация дома, характеристики дома, частный дом, кирпич, catalog-plans.ru"
Проект дома №61-51 площадью 228 м²,https://raw.githubusercontent.com/nemchenik/test/e701def0cc9a46ab4b2f865eb3c56ffecfe50974/pinterest/generated_batch_51_chromatic_random_static/61-51.jpg,Проекты частных домов,,"Готовый проект дома №61-51 площадью 228 м²: 2 этажа, габариты 12×12 м, материал стен — газобетон. Архитектурная визуализация и ключевые характеристики собраны на одной карточке. Сохраните проект и откройте каталог, чтобы посмотреть подробности и актуальную стоимость.",https://catalog-plans.ru/catalog/61-51?utm_source=pinterest&utm_medium=organic&utm_campaign=generated_chromatic_random_static_batch_51&utm_content=pin_9535_61-51_chromatic&utm_term=proekty-chastnyh-domov,,"проект дома 61-51, проект дома 228 м², готовый проект дома, визуализация дома, характеристики дома, частный дом, газобетон, catalog-plans.ru"
"Проект дома №40-56DBK1L площадью 355,78 м²",https://raw.githubusercontent.com/nemchenik/test/e701def0cc9a46ab4b2f865eb3c56ffecfe50974/pinterest/generated_batch_51_chromatic_random_static/40-56DBK1L.jpg,Проекты частных домов,,"Готовый проект дома №40-56DBK1L площадью 355,78 м²: 3 этажа, габариты 12.2×13.52 м, материал стен — кирпич. Архитектурная визуализация и ключевые характеристики собраны на одной карточке. Сохраните проект и откройте каталог, чтобы посмотреть подробности и актуальную стоимость.",https://catalog-plans.ru/catalog/40-56DBK1L?utm_source=pinterest&utm_medium=organic&utm_campaign=generated_chromatic_random_static_batch_51&utm_content=pin_9536_40-56DBK1L_chromatic&utm_term=proekty-chastnyh-domov,,"проект дома 40-56DBK1L, проект дома 355,78 м², готовый проект дома, визуализация дома, характеристики дома, частный дом, кирпич, catalog-plans.ru"
"Проект дома №60-65 площадью 333,9 м²",https://raw.githubusercontent.com/nemchenik/test/e701def0cc9a46ab4b2f865eb3c56ffecfe50974/pinterest/generated_batch_51_chromatic_random_static/60-65.jpg,Проекты частных домов,,"Готовый проект дома №60-65 площадью 333,9 м²: 2 этажа, габариты 15.24×26.99 м, материал стен — газобетон. Архитектурная визуализация и ключевые характеристики собраны на одной карточке. Сохраните проект и откройте каталог, чтобы посмотреть подробности и актуальную стоимость.",https://catalog-plans.ru/catalog/60-65?utm_source=pinterest&utm_medium=organic&utm_campaign=generated_chromatic_random_static_batch_51&utm_content=pin_9537_60-65_chromatic&utm_term=proekty-chastnyh-domov,,"проект дома 60-65, проект дома 333,9 м², готовый проект дома, визуализация дома, характеристики дома, частный дом, газобетон, catalog-plans.ru"
"Проект дома №58-49 площадью 290,92 м²",https://raw.githubusercontent.com/nemchenik/test/e701def0cc9a46ab4b2f865eb3c56ffecfe50974/pinterest/generated_batch_51_chromatic_random_static/58-49.jpg,Проекты частных домов,,"Готовый проект дома №58-49 площадью 290,92 м²: 2 этажа, габариты 12.45×12.95 м, материал стен — газобетон. Архитектурная визуализация и ключевые характеристики собраны на одной карточке. Сохраните проект и откройте каталог, чтобы посмотреть подробности и актуальную стоимость.",https://catalog-plans.ru/catalog/58-49?utm_source=pinterest&utm_medium=organic&utm_campaign=generated_chromatic_random_static_batch_51&utm_content=pin_9538_58-49_chromatic&utm_term=proekty-chastnyh-domov,,"проект дома 58-49, проект дома 290,92 м², готовый проект дома, визуализация дома, характеристики дома, частный дом, газобетон, catalog-plans.ru"
"Проект дома №58-84BATWC площадью 191,89 м²",https://raw.githubusercontent.com/nemchenik/test/e701def0cc9a46ab4b2f865eb3c56ffecfe50974/pinterest/generated_batch_51_chromatic_random_static/58-84BATWC.jpg,Проекты частных домов,,"Готовый проект дома №58-84BATWC площадью 191,89 м²: 1 этаж, габариты 8.68×13.55 м, материал стен — газобетон. Архитектурная визуализация и ключевые характеристики собраны на одной карточке. Сохраните проект и откройте каталог, чтобы посмотреть подробности и актуальную стоимость.",https://catalog-plans.ru/catalog/58-84BATWC?utm_source=pinterest&utm_medium=organic&utm_campaign=generated_chromatic_random_static_batch_51&utm_content=pin_9539_58-84BATWC_chromatic&utm_term=proekty-chastnyh-domov,,"проект дома 58-84BATWC, проект дома 191,89 м², готовый проект дома, визуализация дома, характеристики дома, частный дом, газобетон, catalog-plans.ru"
"Проект дома №48-24GF площадью 319,33 м²",https://raw.githubusercontent.com/nemchenik/test/e701def0cc9a46ab4b2f865eb3c56ffecfe50974/pinterest/generated_batch_51_chromatic_random_static/48-24GF.jpg,Проекты частных домов,,"Готовый проект дома №48-24GF площадью 319,33 м²: 2 этажа, габариты 15.29×17 м, материал стен — газобетон. Архитектурная визуализация и ключевые характеристики собраны на одной карточке. Сохраните проект и откройте каталог, чтобы посмотреть подробности и актуальную стоимость.",https://catalog-plans.ru/catalog/48-24GF?utm_source=pinterest&utm_medium=organic&utm_campaign=generated_chromatic_random_static_batch_51&utm_content=pin_9540_48-24GF_chromatic&utm_term=proekty-chastnyh-domov,,"проект дома 48-24GF, проект дома 319,33 м², готовый проект дома, визуализация дома, характеристики дома, частный дом, газобетон, catalog-plans.ru"
Проект дома №37-08 площадью 223 м²,https://raw.githubusercontent.com/nemchenik/test/e701def0cc9a46ab4b2f865eb3c56ffecfe50974/pinterest/generated_batch_51_chromatic_random_static/37-08.jpg,Проекты частных домов,,"Готовый проект дома №37-08 площадью 223 м²: 2 этажа, габариты 15×15.6 м, материал стен — газобетон. Архитектурная визуализация и ключевые характеристики собраны на одной карточке. Сохраните проект и откройте каталог, чтобы посмотреть подробности и актуальную стоимость.",https://catalog-plans.ru/catalog/37-08?utm_source=pinterest&utm_medium=organic&utm_campaign=generated_chromatic_random_static_batch_51&utm_content=pin_9541_37-08_chromatic&utm_term=proekty-chastnyh-domov,,"проект дома 37-08, проект дома 223 м², готовый проект дома, визуализация дома, характеристики дома, частный дом, газобетон, catalog-plans.ru"
"Проект дома №35-11 площадью 392,7 м²",https://raw.githubusercontent.com/nemchenik/test/e701def0cc9a46ab4b2f865eb3c56ffecfe50974/pinterest/generated_batch_51_chromatic_random_static/35-11.jpg,Проекты частных домов,,"Готовый проект дома №35-11 площадью 392,7 м²: 3 этажа, габариты 15.3×15.9 м, материал стен — кирпич. Архитектурная визуализация и ключевые характеристики собраны на одной карточке. Сохраните проект и откройте каталог, чтобы посмотреть подробности и актуальную стоимость.",https://catalog-plans.ru/catalog/35-11?utm_source=pinterest&utm_medium=organic&utm_campaign=generated_chromatic_random_static_batch_51&utm_content=pin_9542_35-11_chromatic&utm_term=proekty-chastnyh-domov,,"проект дома 35-11, проект дома 392,7 м², готовый проект дома, визуализация дома, характеристики дома, частный дом, кирпич, catalog-plans.ru"
"Проект дома №30-54 площадью 275,1 м²",https://raw.githubusercontent.com/nemchenik/test/e701def0cc9a46ab4b2f865eb3c56ffecfe50974/pinterest/generated_batch_51_chromatic_random_static/30-54.jpg,Проекты частных домов,,"Готовый проект дома №30-54 площадью 275,1 м²: 2 этажа, габариты 14.5×18.3 м, материал стен — кирпич. Архитектурная визуализация и ключевые характеристики собраны на одной карточке. Сохраните проект и откройте каталог, чтобы посмотреть подробности и актуальную стоимость.",https://catalog-plans.ru/catalog/30-54?utm_source=pinterest&utm_medium=organic&utm_campaign=generated_chromatic_random_static_batch_51&utm_content=pin_9543_30-54_chromatic&utm_term=proekty-chastnyh-domov,,"проект дома 30-54, проект дома 275,1 м², готовый проект дома, визуализация дома, характеристики дома, частный дом, кирпич, catalog-plans.ru"
"Проект дома №65-52GL площадью 101,12 м²",https://raw.githubusercontent.com/nemchenik/test/e701def0cc9a46ab4b2f865eb3c56ffecfe50974/pinterest/generated_batch_51_chromatic_random_static/65-52GL.jpg,Проекты частных домов,,"Готовый проект дома №65-52GL площадью 101,12 м²: 1 этаж, габариты 12.4×12.6 м, материал стен — газобетон. Архитектурная визуализация и ключевые характеристики собраны на одной карточке. Сохраните проект и откройте каталог, чтобы посмотреть подробности и актуальную стоимость.",https://catalog-plans.ru/catalog/65-52GL?utm_source=pinterest&utm_medium=organic&utm_campaign=generated_chromatic_random_static_batch_51&utm_content=pin_9544_65-52GL_chromatic&utm_term=proekty-chastnyh-domov,,"проект дома 65-52GL, проект дома 101,12 м², готовый проект дома, визуализация дома, характеристики дома, частный дом, газобетон, catalog-plans.ru"
"Проект дома №57-22L площадью 240,24 м²",https://raw.githubusercontent.com/nemchenik/test/e701def0cc9a46ab4b2f865eb3c56ffecfe50974/pinterest/generated_batch_51_chromatic_random_static/57-22L.jpg,Проекты частных домов,,"Готовый проект дома №57-22L площадью 240,24 м²: 2 этажа, габариты 12×14.16 м, материал стен — газобетон. Архитектурная визуализация и ключевые характеристики собраны на одной карточке. Сохраните проект и откройте каталог, чтобы посмотреть подробности и актуальную стоимость.",https://catalog-plans.ru/catalog/57-22L?utm_source=pinterest&utm_medium=organic&utm_campaign=generated_chromatic_random_static_batch_51&utm_content=pin_9545_57-22L_chromatic&utm_term=proekty-chastnyh-domov,,"проект дома 57-22L, проект дома 240,24 м², готовый проект дома, визуализация дома, характеристики дома, частный дом, газобетон, catalog-plans.ru"
"Проект дома №59-92TBL площадью 165,85 м²",https://raw.githubusercontent.com/nemchenik/test/e701def0cc9a46ab4b2f865eb3c56ffecfe50974/pinterest/generated_batch_51_chromatic_random_static/59-92TBL.jpg,Проекты частных домов,,"Готовый проект дома №59-92TBL площадью 165,85 м²: 2 этажа, габариты 10.5×12.9 м, материал стен — газобетон. Архитектурная визуализация и ключевые характеристики собраны на одной карточке. Сохраните проект и откройте каталог, чтобы посмотреть подробности и актуальную стоимость.",https://catalog-plans.ru/catalog/59-92TBL?utm_source=pinterest&utm_medium=organic&utm_campaign=generated_chromatic_random_static_batch_51&utm_content=pin_9546_59-92TBL_chromatic&utm_term=proekty-chastnyh-domov,,"проект дома 59-92TBL, проект дома 165,85 м², готовый проект дома, визуализация дома, характеристики дома, частный дом, газобетон, catalog-plans.ru"
"Проект дома №45-64ZAQGL площадью 318,8 м²",https://raw.githubusercontent.com/nemchenik/test/e701def0cc9a46ab4b2f865eb3c56ffecfe50974/pinterest/generated_batch_51_chromatic_random_static/45-64ZAQGL.jpg,Проекты частных домов,,"Готовый проект дома №45-64ZAQGL площадью 318,8 м²: 2 этажа, габариты 11.45×26.25 м, материал стен — газобетон. Архитектурная визуализация и ключевые характеристики собраны на одной карточке. Сохраните проект и откройте каталог, чтобы посмотреть подробности и актуальную стоимость.",https://catalog-plans.ru/catalog/45-64ZAQGL?utm_source=pinterest&utm_medium=organic&utm_campaign=generated_chromatic_random_static_batch_51&utm_content=pin_9547_45-64ZAQGL_chromatic&utm_term=proekty-chastnyh-domov,,"проект дома 45-64ZAQGL, проект дома 318,8 м², готовый проект дома, визуализация дома, характеристики дома, частный дом, газобетон, catalog-plans.ru"
"Проект дома №48-20NG площадью 91,04 м²",https://raw.githubusercontent.com/nemchenik/test/e701def0cc9a46ab4b2f865eb3c56ffecfe50974/pinterest/generated_batch_51_chromatic_random_static/48-20NG.jpg,Проекты частных домов,,"Готовый проект дома №48-20NG площадью 91,04 м²: 2 этажа, габариты 8.42×8.42 м, материал стен — газобетон. Архитектурная визуализация и ключевые характеристики собраны на одной карточке. Сохраните проект и откройте каталог, чтобы посмотреть подробности и актуальную стоимость.",https://catalog-plans.ru/catalog/48-20NG?utm_source=pinterest&utm_medium=organic&utm_campaign=generated_chromatic_random_static_batch_51&utm_content=pin_9548_48-20NG_chromatic&utm_term=proekty-chastnyh-domov,,"проект дома 48-20NG, проект дома 91,04 м², готовый проект дома, визуализация дома, характеристики дома, частный дом, газобетон, catalog-plans.ru"
"Проект дома №58-97H площадью 128,53 м²",https://raw.githubusercontent.com/nemchenik/test/e701def0cc9a46ab4b2f865eb3c56ffecfe50974/pinterest/generated_batch_51_chromatic_random_static/58-97H.jpg,Проекты частных домов,,"Готовый проект дома №58-97H площадью 128,53 м²: 1 этаж, габариты 13.5×14.58 м, материал стен — газобетон. Архитектурная визуализация и ключевые характеристики собраны на одной карточке. Сохраните проект и откройте каталог, чтобы посмотреть подробности и актуальную стоимость.",https://catalog-plans.ru/catalog/58-97H?utm_source=pinterest&utm_medium=organic&utm_campaign=generated_chromatic_random_static_batch_51&utm_content=pin_9549_58-97H_chromatic&utm_term=proekty-chastnyh-domov,,"проект дома 58-97H, проект дома 128,53 м², готовый проект дома, визуализация дома, характеристики дома, частный дом, газобетон, catalog-plans.ru"
"Проект дома №57-31 площадью 224,16 м²",https://raw.githubusercontent.com/nemchenik/test/e701def0cc9a46ab4b2f865eb3c56ffecfe50974/pinterest/generated_batch_51_chromatic_random_static/57-31.jpg,Проекты частных домов,,"Готовый проект дома №57-31 площадью 224,16 м²: 2 этажа, габариты 10×12.25 м, материал стен — газобетон. Архитектурная визуализация и ключевые характеристики собраны на одной карточке. Сохраните проект и откройте каталог, чтобы посмотреть подробности и актуальную стоимость.",https://catalog-plans.ru/catalog/57-31?utm_source=pinterest&utm_medium=organic&utm_campaign=generated_chromatic_random_static_batch_51&utm_content=pin_9550_57-31_chromatic&utm_term=proekty-chastnyh-domov,,"проект дома 57-31, проект дома 224,16 м², готовый проект дома, визуализация дома, характеристики дома, частный дом, газобетон, catalog-plans.ru"
"Проект дома №57-23KDL площадью 165,5 м²",https://raw.githubusercontent.com/nemchenik/test/e701def0cc9a46ab4b2f865eb3c56ffecfe50974/pinterest/generated_batch_51_chromatic_random_static/57-23KDL.jpg,Проекты частных домов,,"Готовый проект дома №57-23KDL площадью 165,5 м²: 2 этажа, габариты 10.5×10.94 м, материал стен — кирпич. Архитектурная визуализация и ключевые характеристики собраны на одной карточке. Сохраните проект и откройте каталог, чтобы посмотреть подробности и актуальную стоимость.",https://catalog-plans.ru/catalog/57-23KDL?utm_source=pinterest&utm_medium=organic&utm_campaign=generated_chromatic_random_static_batch_51&utm_content=pin_9551_57-23KDL_chromatic&utm_term=proekty-chastnyh-domov,,"проект дома 57-23KDL, проект дома 165,5 м², готовый проект дома, визуализация дома, характеристики дома, частный дом, кирпич, catalog-plans.ru"
"Проект дома №62-30AL площадью 184,54 м²",https://raw.githubusercontent.com/nemchenik/test/e701def0cc9a46ab4b2f865eb3c56ffecfe50974/pinterest/generated_batch_51_chromatic_random_static/62-30AL.jpg,Проекты частных домов,,"Готовый проект дома №62-30AL площадью 184,54 м²: 1 этаж, габариты 17.5×18.4 м, материал стен — газобетон. Архитектурная визуализация и ключевые характеристики собраны на одной карточке. Сохраните проект и откройте каталог, чтобы посмотреть подробности и актуальную стоимость.",https://catalog-plans.ru/catalog/62-30AL?utm_source=pinterest&utm_medium=organic&utm_campaign=generated_chromatic_random_static_batch_51&utm_content=pin_9552_62-30AL_chromatic&utm_term=proekty-chastnyh-domov,,"проект дома 62-30AL, проект дома 184,54 м², готовый проект дома, визуализация дома, характеристики дома, частный дом, газобетон, catalog-plans.ru"
"Проект дома №62-72MK площадью 245,1 м²",https://raw.githubusercontent.com/nemchenik/test/e701def0cc9a46ab4b2f865eb3c56ffecfe50974/pinterest/generated_batch_51_chromatic_random_static/62-72MK.jpg,Проекты частных домов,,"Готовый проект дома №62-72MK площадью 245,1 м²: 2 этажа, габариты 17.8×14 м, материал стен — монолитный каркас. Архитектурная визуализация и ключевые характеристики собраны на одной карточке. Сохраните проект и откройте каталог, чтобы посмотреть подробности и актуальную стоимость.",https://catalog-plans.ru/catalog/62-72MK?utm_source=pinterest&utm_medium=organic&utm_campaign=generated_chromatic_random_static_batch_51&utm_content=pin_9553_62-72MK_chromatic&utm_term=proekty-chastnyh-domov,,"проект дома 62-72MK, проект дома 245,1 м², готовый проект дома, визуализация дома, характеристики дома, частный дом, монолитный каркас, catalog-plans.ru"
"Проект дома №52-06 площадью 92,8 м²",https://raw.githubusercontent.com/nemchenik/test/e701def0cc9a46ab4b2f865eb3c56ffecfe50974/pinterest/generated_batch_51_chromatic_random_static/52-06.jpg,Проекты частных домов,,"Готовый проект дома №52-06 площадью 92,8 м²: 2 этажа, габариты 6.8×8 м, материал стен — ячеистые бетонные блоки. Архитектурная визуализация и ключевые характеристики собраны на одной карточке. Сохраните проект и откройте каталог, чтобы посмотреть подробности и актуальную стоимость.",https://catalog-plans.ru/catalog/52-06?utm_source=pinterest&utm_medium=organic&utm_campaign=generated_chromatic_random_static_batch_51&utm_content=pin_9554_52-06_chromatic&utm_term=proekty-chastnyh-domov,,"проект дома 52-06, проект дома 92,8 м², готовый проект дома, визуализация дома, характеристики дома, частный дом, ячеистые бетонные блоки, catalog-plans.ru"
"Проект дома №45-15 площадью 278,18 м²",https://raw.githubusercontent.com/nemchenik/test/e701def0cc9a46ab4b2f865eb3c56ffecfe50974/pinterest/generated_batch_51_chromatic_random_static/45-15.jpg,Проекты частных домов,,"Готовый проект дома №45-15 площадью 278,18 м²: 2 этажа, габариты 15.58×17.14 м, материал стен — кирпич. Архитектурная визуализация и ключевые характеристики собраны на одной карточке. Сохраните проект и откройте каталог, чтобы посмотреть подробности и актуальную стоимость.",https://catalog-plans.ru/catalog/45-15?utm_source=pinterest&utm_medium=organic&utm_campaign=generated_chromatic_random_static_batch_51&utm_content=pin_9555_45-15_chromatic&utm_term=proekty-chastnyh-domov,,"проект дома 45-15, проект дома 278,18 м², готовый проект дома, визуализация дома, характеристики дома, частный дом, кирпич, catalog-plans.ru"
"Проект дома №57-01G1L площадью 173,39 м²",https://raw.githubusercontent.com/nemchenik/test/e701def0cc9a46ab4b2f865eb3c56ffecfe50974/pinterest/generated_batch_51_chromatic_random_static/57-01G1L.jpg,Проекты частных домов,,"Готовый проект дома №57-01G1L площадью 173,39 м²: 2 этажа, габариты 10.45×12.95 м, материал стен — газобетон. Архитектурная визуализация и ключевые характеристики собраны на одной карточке. Сохраните проект и откройте каталог, чтобы посмотреть подробности и актуальную стоимость.",https://catalog-plans.ru/catalog/57-01G1L?utm_source=pinterest&utm_medium=organic&utm_campaign=generated_chromatic_random_static_batch_51&utm_content=pin_9556_57-01G1L_chromatic&utm_term=proekty-chastnyh-domov,,"проект дома 57-01G1L, проект дома 173,39 м², готовый проект дома, визуализация дома, характеристики дома, частный дом, газобетон, catalog-plans.ru"
"Проект дома №58-20KL площадью 175,44 м²",https://raw.githubusercontent.com/nemchenik/test/e701def0cc9a46ab4b2f865eb3c56ffecfe50974/pinterest/generated_batch_51_chromatic_random_static/58-20KL.jpg,Проекты частных домов,,"Готовый проект дома №58-20KL площадью 175,44 м²: 2 этажа, габариты 11.28×11.75 м, материал стен — кирпич. Архитектурная визуализация и ключевые характеристики собраны на одной карточке. Сохраните проект и откройте каталог, чтобы посмотреть подробности и актуальную стоимость.",https://catalog-plans.ru/catalog/58-20KL?utm_source=pinterest&utm_medium=organic&utm_campaign=generated_chromatic_random_static_batch_51&utm_content=pin_9557_58-20KL_chromatic&utm_term=proekty-chastnyh-domov,,"проект дома 58-20KL, проект дома 175,44 м², готовый проект дома, визуализация дома, характеристики дома, частный дом, кирпич, catalog-plans.ru"
"Проект дома №40-17 площадью 203,36 м²",https://raw.githubusercontent.com/nemchenik/test/e701def0cc9a46ab4b2f865eb3c56ffecfe50974/pinterest/generated_batch_51_chromatic_random_static/40-17.jpg,Проекты частных домов,,"Готовый проект дома №40-17 площадью 203,36 м²: 2 этажа, габариты 12×12.3 м, материал стен — кирпич. Архитектурная визуализация и ключевые характеристики собраны на одной карточке. Сохраните проект и откройте каталог, чтобы посмотреть подробности и актуальную стоимость.",https://catalog-plans.ru/catalog/40-17?utm_source=pinterest&utm_medium=organic&utm_campaign=generated_chromatic_random_static_batch_51&utm_content=pin_9558_40-17_chromatic&utm_term=proekty-chastnyh-domov,,"проект дома 40-17, проект дома 203,36 м², готовый проект дома, визуализация дома, характеристики дома, частный дом, кирпич, catalog-plans.ru"
"Проект дома №48-20BG площадью 133,93 м²",https://raw.githubusercontent.com/nemchenik/test/e701def0cc9a46ab4b2f865eb3c56ffecfe50974/pinterest/generated_batch_51_chromatic_random_static/48-20BG.jpg,Проекты частных домов,,"Готовый проект дома №48-20BG площадью 133,93 м²: 2 этажа, габариты 12×13 м, материал стен — газобетон. Архитектурная визуализация и ключевые характеристики собраны на одной карточке. Сохраните проект и откройте каталог, чтобы посмотреть подробности и актуальную стоимость.",https://catalog-plans.ru/catalog/48-20BG?utm_source=pinterest&utm_medium=organic&utm_campaign=generated_chromatic_random_static_batch_51&utm_content=pin_9559_48-20BG_chromatic&utm_term=proekty-chastnyh-domov,,"проект дома 48-20BG, проект дома 133,93 м², готовый проект дома, визуализация дома, характеристики дома, частный дом, газобетон, catalog-plans.ru"
"Проект дома №13-91 площадью 209,1 м²",https://raw.githubusercontent.com/nemchenik/test/e701def0cc9a46ab4b2f865eb3c56ffecfe50974/pinterest/generated_batch_51_chromatic_random_static/13-91.jpg,Проекты частных домов,,"Готовый проект дома №13-91 площадью 209,1 м²: 2 этажа, габариты 11.4×15.8 м, материал стен — дерево. Архитектурная визуализация и ключевые характеристики собраны на одной карточке. Сохраните проект и откройте каталог, чтобы посмотреть подробности и актуальную стоимость.",https://catalog-plans.ru/catalog/13-91?utm_source=pinterest&utm_medium=organic&utm_campaign=generated_chromatic_random_static_batch_51&utm_content=pin_9560_13-91_chromatic&utm_term=proekty-chastnyh-domov,,"проект дома 13-91, проект дома 209,1 м², готовый проект дома, визуализация дома, характеристики дома, частный дом, дерево, catalog-plans.ru"
"Проект дома №63-05AKB площадью 114,4 м²",https://raw.githubusercontent.com/nemchenik/test/e701def0cc9a46ab4b2f865eb3c56ffecfe50974/pinterest/generated_batch_51_chromatic_random_static/63-05AKB.jpg,Проекты частных домов,,"Готовый проект дома №63-05AKB площадью 114,4 м²: 2 этажа, габариты 9.92×8.14 м, материал стен — керамзитобетон. Архитектурная визуализация и ключевые характеристики собраны на одной карточке. Сохраните проект и откройте каталог, чтобы посмотреть подробности и актуальную стоимость.",https://catalog-plans.ru/catalog/63-05AKB?utm_source=pinterest&utm_medium=organic&utm_campaign=generated_chromatic_random_static_batch_51&utm_content=pin_9561_63-05AKB_chromatic&utm_term=proekty-chastnyh-domov,,"проект дома 63-05AKB, проект дома 114,4 м², готовый проект дома, визуализация дома, характеристики дома, частный дом, керамзитобетон, catalog-plans.ru"
"Проект дома №62-71XDMA площадью 298,6 м²",https://raw.githubusercontent.com/nemchenik/test/e701def0cc9a46ab4b2f865eb3c56ffecfe50974/pinterest/generated_batch_51_chromatic_random_static/62-71XDMA.jpg,Проекты частных домов,,"Готовый проект дома №62-71XDMA площадью 298,6 м²: 3 этажа, габариты 14.8×15.15 м, материал стен — монолит. Архитектурная визуализация и ключевые характеристики собраны на одной карточке. Сохраните проект и откройте каталог, чтобы посмотреть подробности и актуальную стоимость.",https://catalog-plans.ru/catalog/62-71XDMA?utm_source=pinterest&utm_medium=organic&utm_campaign=generated_chromatic_random_static_batch_51&utm_content=pin_9562_62-71XDMA_chromatic&utm_term=proekty-chastnyh-domov,,"проект дома 62-71XDMA, проект дома 298,6 м², готовый проект дома, визуализация дома, характеристики дома, частный дом, монолит, catalog-plans.ru"
"Проект дома №58-54 площадью 354,91 м²",https://raw.githubusercontent.com/nemchenik/test/e701def0cc9a46ab4b2f865eb3c56ffecfe50974/pinterest/generated_batch_51_chromatic_random_static/58-54.jpg,Проекты частных домов,,"Готовый проект дома №58-54 площадью 354,91 м²: 3 этажа, габариты 10.7×12.1 м, материал стен — газобетон. Архитектурная визуализация и ключевые характеристики собраны на одной карточке. Сохраните проект и откройте каталог, чтобы посмотреть подробности и актуальную стоимость.",https://catalog-plans.ru/catalog/58-54?utm_source=pinterest&utm_medium=organic&utm_campaign=generated_chromatic_random_static_batch_51&utm_content=pin_9563_58-54_chromatic&utm_term=proekty-chastnyh-domov,,"проект дома 58-54, проект дома 354,91 м², готовый проект дома, визуализация дома, характеристики дома, частный дом, газобетон, catalog-plans.ru"
"Проект дома №62-71BU площадью 180,79 м²",https://raw.githubusercontent.com/nemchenik/test/e701def0cc9a46ab4b2f865eb3c56ffecfe50974/pinterest/generated_batch_51_chromatic_random_static/62-71BU.jpg,Проекты частных домов,,"Готовый проект дома №62-71BU площадью 180,79 м²: 2 этажа, габариты 11.06×11.06 м, материал стен — газобетон. Архитектурная визуализация и ключевые характеристики собраны на одной карточке. Сохраните проект и откройте каталог, чтобы посмотреть подробности и актуальную стоимость.",https://catalog-plans.ru/catalog/62-71BU?utm_source=pinterest&utm_medium=organic&utm_campaign=generated_chromatic_random_static_batch_51&utm_content=pin_9564_62-71BU_chromatic&utm_term=proekty-chastnyh-domov,,"проект дома 62-71BU, проект дома 180,79 м², готовый проект дома, визуализация дома, характеристики дома, частный дом, газобетон, catalog-plans.ru"
"Проект дома №40-61DGL площадью 418,34 м²",https://raw.githubusercontent.com/nemchenik/test/e701def0cc9a46ab4b2f865eb3c56ffecfe50974/pinterest/generated_batch_51_chromatic_random_static/40-61DGL.jpg,Проекты частных домов,,"Готовый проект дома №40-61DGL площадью 418,34 м²: 2 этажа, габариты 15.2×27.58 м, материал стен — газобетон. Архитектурная визуализация и ключевые характеристики собраны на одной карточке. Сохраните проект и откройте каталог, чтобы посмотреть подробности и актуальную стоимость.",https://catalog-plans.ru/catalog/40-61DGL?utm_source=pinterest&utm_medium=organic&utm_campaign=generated_chromatic_random_static_batch_51&utm_content=pin_9565_40-61DGL_chromatic&utm_term=proekty-chastnyh-domov,,"проект дома 40-61DGL, проект дома 418,34 м², готовый проект дома, визуализация дома, характеристики дома, частный дом, газобетон, catalog-plans.ru"
"Проект дома №59-79AK площадью 141,3 м²",https://raw.githubusercontent.com/nemchenik/test/e701def0cc9a46ab4b2f865eb3c56ffecfe50974/pinterest/generated_batch_51_chromatic_random_static/59-79AK.jpg,Проекты частных домов,,"Готовый проект дома №59-79AK площадью 141,3 м²: 2 этажа, габариты 10×10 м, материал стен — кирпич. Архитектурная визуализация и ключевые характеристики собраны на одной карточке. Сохраните проект и откройте каталог, чтобы посмотреть подробности и актуальную стоимость.",https://catalog-plans.ru/catalog/59-79AK?utm_source=pinterest&utm_medium=organic&utm_campaign=generated_chromatic_random_static_batch_51&utm_content=pin_9566_59-79AK_chromatic&utm_term=proekty-chastnyh-domov,,"проект дома 59-79AK, проект дома 141,3 м², готовый проект дома, визуализация дома, характеристики дома, частный дом, кирпич, catalog-plans.ru"
"Проект дома №35-34 площадью 345,3 м²",https://raw.githubusercontent.com/nemchenik/test/e701def0cc9a46ab4b2f865eb3c56ffecfe50974/pinterest/generated_batch_51_chromatic_random_static/35-34.jpg,Проекты частных домов,,"Готовый проект дома №35-34 площадью 345,3 м²: 2 этажа, габариты 15.2×17.7 м, материал стен — кирпич. Архитектурная визуализация и ключевые характеристики собраны на одной карточке. Сохраните проект и откройте каталог, чтобы посмотреть подробности и актуальную стоимость.",https://catalog-plans.ru/catalog/35-34?utm_source=pinterest&utm_medium=organic&utm_campaign=generated_chromatic_random_static_batch_51&utm_content=pin_9567_35-34_chromatic&utm_term=proekty-chastnyh-domov,,"проект дома 35-34, проект дома 345,3 м², готовый проект дома, визуализация дома, характеристики дома, частный дом, кирпич, catalog-plans.ru"
"Проект дома №62-80D площадью 143,97 м²",https://raw.githubusercontent.com/nemchenik/test/e701def0cc9a46ab4b2f865eb3c56ffecfe50974/pinterest/generated_batch_51_chromatic_random_static/62-80D.jpg,Проекты частных домов,,"Готовый проект дома №62-80D площадью 143,97 м²: 2 этажа, габариты 12.53×11 м, материал стен — газобетон. Архитектурная визуализация и ключевые характеристики собраны на одной карточке. Сохраните проект и откройте каталог, чтобы посмотреть подробности и актуальную стоимость.",https://catalog-plans.ru/catalog/62-80D?utm_source=pinterest&utm_medium=organic&utm_campaign=generated_chromatic_random_static_batch_51&utm_content=pin_9568_62-80D_chromatic&utm_term=proekty-chastnyh-domov,,"проект дома 62-80D, проект дома 143,97 м², готовый проект дома, визуализация дома, характеристики дома, частный дом, газобетон, catalog-plans.ru"
Проект дома №59-61 площадью 102 м²,https://raw.githubusercontent.com/nemchenik/test/e701def0cc9a46ab4b2f865eb3c56ffecfe50974/pinterest/generated_batch_51_chromatic_random_static/59-61.jpg,Проекты частных домов,,"Готовый проект дома №59-61 площадью 102 м²: 1 этаж, габариты 12.54×14.44 м, материал стен — керамзитобетон. Архитектурная визуализация и ключевые характеристики собраны на одной карточке. Сохраните проект и откройте каталог, чтобы посмотреть подробности и актуальную стоимость.",https://catalog-plans.ru/catalog/59-61?utm_source=pinterest&utm_medium=organic&utm_campaign=generated_chromatic_random_static_batch_51&utm_content=pin_9569_59-61_chromatic&utm_term=proekty-chastnyh-domov,,"проект дома 59-61, проект дома 102 м², готовый проект дома, визуализация дома, характеристики дома, частный дом, керамзитобетон, catalog-plans.ru"
"Проект дома №62-91AK1L площадью 532,46 м²",https://raw.githubusercontent.com/nemchenik/test/e701def0cc9a46ab4b2f865eb3c56ffecfe50974/pinterest/generated_batch_51_chromatic_random_static/62-91AK1L.jpg,Проекты частных домов,,"Готовый проект дома №62-91AK1L площадью 532,46 м²: 2 этажа, габариты 25.27×23.64 м, материал стен — кирпич. Архитектурная визуализация и ключевые характеристики собраны на одной карточке. Сохраните проект и откройте каталог, чтобы посмотреть подробности и актуальную стоимость.",https://catalog-plans.ru/catalog/62-91AK1L?utm_source=pinterest&utm_medium=organic&utm_campaign=generated_chromatic_random_static_batch_51&utm_content=pin_9570_62-91AK1L_chromatic&utm_term=proekty-chastnyh-domov,,"проект дома 62-91AK1L, проект дома 532,46 м², готовый проект дома, визуализация дома, характеристики дома, частный дом, кирпич, catalog-plans.ru"
"Проект дома №70-96 площадью 155,31 м²",https://raw.githubusercontent.com/nemchenik/test/e701def0cc9a46ab4b2f865eb3c56ffecfe50974/pinterest/generated_batch_51_chromatic_random_static/70-96.jpg,Проекты частных домов,,"Готовый проект дома №70-96 площадью 155,31 м²: 2 этажа, габариты 9.97×9.97 м, материал стен — деревянный каркас. Архитектурная визуализация и ключевые характеристики собраны на одной карточке. Сохраните проект и откройте каталог, чтобы посмотреть подробности и актуальную стоимость.",https://catalog-plans.ru/catalog/70-96?utm_source=pinterest&utm_medium=organic&utm_campaign=generated_chromatic_random_static_batch_51&utm_content=pin_9571_70-96_chromatic&utm_term=proekty-chastnyh-domov,,"проект дома 70-96, проект дома 155,31 м², готовый проект дома, визуализация дома, характеристики дома, частный дом, деревянный каркас, catalog-plans.ru"
"Проект дома №61-45 площадью 171,6 м²",https://raw.githubusercontent.com/nemchenik/test/e701def0cc9a46ab4b2f865eb3c56ffecfe50974/pinterest/generated_batch_51_chromatic_random_static/61-45.jpg,Проекты частных домов,,"Готовый проект дома №61-45 площадью 171,6 м²: 2 этажа, габариты 9.95×12.65 м, материал стен — газобетон. Архитектурная визуализация и ключевые характеристики собраны на одной карточке. Сохраните проект и откройте каталог, чтобы посмотреть подробности и актуальную стоимость.",https://catalog-plans.ru/catalog/61-45?utm_source=pinterest&utm_medium=organic&utm_campaign=generated_chromatic_random_static_batch_51&utm_content=pin_9572_61-45_chromatic&utm_term=proekty-chastnyh-domov,,"проект дома 61-45, проект дома 171,6 м², готовый проект дома, визуализация дома, характеристики дома, частный дом, газобетон, catalog-plans.ru"
"Проект дома №48-23A площадью 419,6 м²",https://raw.githubusercontent.com/nemchenik/test/e701def0cc9a46ab4b2f865eb3c56ffecfe50974/pinterest/generated_batch_51_chromatic_random_static/48-23A.jpg,Проекты частных домов,,"Готовый проект дома №48-23A площадью 419,6 м²: 2 этажа, габариты 14.13×14.94 м, материал стен — кирпич. Архитектурная визуализация и ключевые характеристики собраны на одной карточке. Сохраните проект и откройте каталог, чтобы посмотреть подробности и актуальную стоимость.",https://catalog-plans.ru/catalog/48-23A?utm_source=pinterest&utm_medium=organic&utm_campaign=generated_chromatic_random_static_batch_51&utm_content=pin_9573_48-23A_chromatic&utm_term=proekty-chastnyh-domov,,"проект дома 48-23A, проект дома 419,6 м², готовый проект дома, визуализация дома, характеристики дома, частный дом, кирпич, catalog-plans.ru"
"Проект дома №62-12 площадью 225,88 м²",https://raw.githubusercontent.com/nemchenik/test/e701def0cc9a46ab4b2f865eb3c56ffecfe50974/pinterest/generated_batch_51_chromatic_random_static/62-12.jpg,Проекты частных домов,,"Готовый проект дома №62-12 площадью 225,88 м²: 2 этажа, габариты 12.3×13.3 м, материал стен — газобетон. Архитектурная визуализация и ключевые характеристики собраны на одной карточке. Сохраните проект и откройте каталог, чтобы посмотреть подробности и актуальную стоимость.",https://catalog-plans.ru/catalog/62-12?utm_source=pinterest&utm_medium=organic&utm_campaign=generated_chromatic_random_static_batch_51&utm_content=pin_9574_62-12_chromatic&utm_term=proekty-chastnyh-domov,,"проект дома 62-12, проект дома 225,88 м², готовый проект дома, визуализация дома, характеристики дома, частный дом, газобетон, catalog-plans.ru"
"Проект дома №64-49AL площадью 153,36 м²",https://raw.githubusercontent.com/nemchenik/test/e701def0cc9a46ab4b2f865eb3c56ffecfe50974/pinterest/generated_batch_51_chromatic_random_static/64-49AL.jpg,Проекты частных домов,,"Готовый проект дома №64-49AL площадью 153,36 м²: 1 этаж, габариты 18.54×16.095 м, материал стен — газобетон. Архитектурная визуализация и ключевые характеристики собраны на одной карточке. Сохраните проект и откройте каталог, чтобы посмотреть подробности и актуальную стоимость.",https://catalog-plans.ru/catalog/64-49AL?utm_source=pinterest&utm_medium=organic&utm_campaign=generated_chromatic_random_static_batch_51&utm_content=pin_9575_64-49AL_chromatic&utm_term=proekty-chastnyh-domov,,"проект дома 64-49AL, проект дома 153,36 м², готовый проект дома, визуализация дома, характеристики дома, частный дом, газобетон, catalog-plans.ru"
"Проект дома №45-24AG площадью 334,37 м²",https://raw.githubusercontent.com/nemchenik/test/e701def0cc9a46ab4b2f865eb3c56ffecfe50974/pinterest/generated_batch_51_chromatic_random_static/45-24AG.jpg,Проекты частных домов,,"Готовый проект дома №45-24AG площадью 334,37 м²: 2 этажа, габариты 12×17 м, материал стен — газобетон. Архитектурная визуализация и ключевые характеристики собраны на одной карточке. Сохраните проект и откройте каталог, чтобы посмотреть подробности и актуальную стоимость.",https://catalog-plans.ru/catalog/45-24AG?utm_source=pinterest&utm_medium=organic&utm_campaign=generated_chromatic_random_static_batch_51&utm_content=pin_9576_45-24AG_chromatic&utm_term=proekty-chastnyh-domov,,"проект дома 45-24AG, проект дома 334,37 м², готовый проект дома, визуализация дома, характеристики дома, частный дом, газобетон, catalog-plans.ru"
"Проект дома №59-47 площадью 145,1 м²",https://raw.githubusercontent.com/nemchenik/test/e701def0cc9a46ab4b2f865eb3c56ffecfe50974/pinterest/generated_batch_51_chromatic_random_static/59-47.jpg,Проекты частных домов,,"Готовый проект дома №59-47 площадью 145,1 м²: 2 этажа, габариты 11.53×13.52 м, материал стен — газобетон. Архитектурная визуализация и ключевые характеристики собраны на одной карточке. Сохраните проект и откройте каталог, чтобы посмотреть подробности и актуальную стоимость.",https://catalog-plans.ru/catalog/59-47?utm_source=pinterest&utm_medium=organic&utm_campaign=generated_chromatic_random_static_batch_51&utm_content=pin_9577_59-47_chromatic&utm_term=proekty-chastnyh-domov,,"проект дома 59-47, проект дома 145,1 м², готовый проект дома, визуализация дома, характеристики дома, частный дом, газобетон, catalog-plans.ru"
"Проект дома №52-49 площадью 206,9 м²",https://raw.githubusercontent.com/nemchenik/test/e701def0cc9a46ab4b2f865eb3c56ffecfe50974/pinterest/generated_batch_51_chromatic_random_static/52-49.jpg,Проекты частных домов,,"Готовый проект дома №52-49 площадью 206,9 м²: 2 этажа, габариты 10.8×15.8 м, материал стен — газобетон. Архитектурная визуализация и ключевые характеристики собраны на одной карточке. Сохраните проект и откройте каталог, чтобы посмотреть подробности и актуальную стоимость.",https://catalog-plans.ru/catalog/52-49?utm_source=pinterest&utm_medium=organic&utm_campaign=generated_chromatic_random_static_batch_51&utm_content=pin_9578_52-49_chromatic&utm_term=proekty-chastnyh-domov,,"проект дома 52-49, проект дома 206,9 м², готовый проект дома, визуализация дома, характеристики дома, частный дом, газобетон, catalog-plans.ru"
"Проект дома №64-57C площадью 155,15 м²",https://raw.githubusercontent.com/nemchenik/test/e701def0cc9a46ab4b2f865eb3c56ffecfe50974/pinterest/generated_batch_51_chromatic_random_static/64-57C.jpg,Проекты частных домов,,"Готовый проект дома №64-57C площадью 155,15 м²: 2 этажа, габариты 7×11 м, материал стен — газобетон. Архитектурная визуализация и ключевые характеристики собраны на одной карточке. Сохраните проект и откройте каталог, чтобы посмотреть подробности и актуальную стоимость.",https://catalog-plans.ru/catalog/64-57C?utm_source=pinterest&utm_medium=organic&utm_campaign=generated_chromatic_random_static_batch_51&utm_content=pin_9579_64-57C_chromatic&utm_term=proekty-chastnyh-domov,,"проект дома 64-57C, проект дома 155,15 м², готовый проект дома, визуализация дома, характеристики дома, частный дом, газобетон, catalog-plans.ru"
Проект дома №61-35 площадью 303 м²,https://raw.githubusercontent.com/nemchenik/test/e701def0cc9a46ab4b2f865eb3c56ffecfe50974/pinterest/generated_batch_51_chromatic_random_static/61-35.jpg,Проекты частных домов,,"Готовый проект дома №61-35 площадью 303 м²: 2 этажа, габариты 10×14.05 м, материал стен — газобетон. Архитектурная визуализация и ключевые характеристики собраны на одной карточке. Сохраните проект и откройте каталог, чтобы посмотреть подробности и актуальную стоимость.",https://catalog-plans.ru/catalog/61-35?utm_source=pinterest&utm_medium=organic&utm_campaign=generated_chromatic_random_static_batch_51&utm_content=pin_9580_61-35_chromatic&utm_term=proekty-chastnyh-domov,,"проект дома 61-35, проект дома 303 м², готовый проект дома, визуализация дома, характеристики дома, частный дом, газобетон, catalog-plans.ru"
"Проект дома №58-66BBRICKS площадью 231,4 м²",https://raw.githubusercontent.com/nemchenik/test/e701def0cc9a46ab4b2f865eb3c56ffecfe50974/pinterest/generated_batch_51_chromatic_random_static/58-66BBRICKS.jpg,Проекты частных домов,,"Готовый проект дома №58-66BBRICKS площадью 231,4 м²: 2 этажа, габариты 10.2×14.36 м, материал стен — газобетон. Архитектурная визуализация и ключевые характеристики собраны на одной карточке. Сохраните проект и откройте каталог, чтобы посмотреть подробности и актуальную стоимость.",https://catalog-plans.ru/catalog/58-66BBRICKS?utm_source=pinterest&utm_medium=organic&utm_campaign=generated_chromatic_random_static_batch_51&utm_content=pin_9581_58-66BBRICKS_chromatic&utm_term=proekty-chastnyh-domov,,"проект дома 58-66BBRICKS, проект дома 231,4 м², готовый проект дома, визуализация дома, характеристики дома, частный дом, газобетон, catalog-plans.ru"
"Проект дома №64-62MA площадью 69,54 м²",https://raw.githubusercontent.com/nemchenik/test/e701def0cc9a46ab4b2f865eb3c56ffecfe50974/pinterest/generated_batch_51_chromatic_random_static/64-62MA.jpg,Проекты частных домов,,"Готовый проект дома №64-62MA площадью 69,54 м²: 1 этаж, габариты 7.7×11.5 м, материал стен — монолитный каркас. Архитектурная визуализация и ключевые характеристики собраны на одной карточке. Сохраните проект и откройте каталог, чтобы посмотреть подробности и актуальную стоимость.",https://catalog-plans.ru/catalog/64-62MA?utm_source=pinterest&utm_medium=organic&utm_campaign=generated_chromatic_random_static_batch_51&utm_content=pin_9582_64-62MA_chromatic&utm_term=proekty-chastnyh-domov,,"проект дома 64-62MA, проект дома 69,54 м², готовый проект дома, визуализация дома, характеристики дома, частный дом, монолитный каркас, catalog-plans.ru"
"Проект дома №50-43 площадью 385,4 м²",https://raw.githubusercontent.com/nemchenik/test/e701def0cc9a46ab4b2f865eb3c56ffecfe50974/pinterest/generated_batch_51_chromatic_random_static/50-43.jpg,Проекты частных домов,,"Готовый проект дома №50-43 площадью 385,4 м²: 2 этажа, габариты 9×14.4 м, материал стен — газобетон. Архитектурная визуализация и ключевые характеристики собраны на одной карточке. Сохраните проект и откройте каталог, чтобы посмотреть подробности и актуальную стоимость.",https://catalog-plans.ru/catalog/50-43?utm_source=pinterest&utm_medium=organic&utm_campaign=generated_chromatic_random_static_batch_51&utm_content=pin_9583_50-43_chromatic&utm_term=proekty-chastnyh-domov,,"проект дома 50-43, проект дома 385,4 м², готовый проект дома, визуализация дома, характеристики дома, частный дом, газобетон, catalog-plans.ru"
"Проект дома №70-93 площадью 160,11 м²",https://raw.githubusercontent.com/nemchenik/test/e701def0cc9a46ab4b2f865eb3c56ffecfe50974/pinterest/generated_batch_51_chromatic_random_static/70-93.jpg,Проекты частных домов,,"Готовый проект дома №70-93 площадью 160,11 м²: 1 этаж, габариты 11.6×20.8 м, материал стен — деревянный каркас. Архитектурная визуализация и ключевые характеристики собраны на одной карточке. Сохраните проект и откройте каталог, чтобы посмотреть подробности и актуальную стоимость.",https://catalog-plans.ru/catalog/70-93?utm_source=pinterest&utm_medium=organic&utm_campaign=generated_chromatic_random_static_batch_51&utm_content=pin_9584_70-93_chromatic&utm_term=proekty-chastnyh-domov,,"проект дома 70-93, проект дома 160,11 м², готовый проект дома, визуализация дома, характеристики дома, частный дом, деревянный каркас, catalog-plans.ru"
"Проект дома №59-95C площадью 382,9 м²",https://raw.githubusercontent.com/nemchenik/test/e701def0cc9a46ab4b2f865eb3c56ffecfe50974/pinterest/generated_batch_51_chromatic_random_static/59-95C.jpg,Проекты частных домов,,"Готовый проект дома №59-95C площадью 382,9 м²: 2 этажа, габариты 14.46×14.46 м, материал стен — газобетон. Архитектурная визуализация и ключевые характеристики собраны на одной карточке. Сохраните проект и откройте каталог, чтобы посмотреть подробности и актуальную стоимость.",https://catalog-plans.ru/catalog/59-95C?utm_source=pinterest&utm_medium=organic&utm_campaign=generated_chromatic_random_static_batch_51&utm_content=pin_9585_59-95C_chromatic&utm_term=proekty-chastnyh-domov,,"проект дома 59-95C, проект дома 382,9 м², готовый проект дома, визуализация дома, характеристики дома, частный дом, газобетон, catalog-plans.ru"
"Проект дома №45-85KL площадью 339,24 м²",https://raw.githubusercontent.com/nemchenik/test/e701def0cc9a46ab4b2f865eb3c56ffecfe50974/pinterest/generated_batch_51_chromatic_random_static/45-85KL.jpg,Проекты частных домов,,"Готовый проект дома №45-85KL площадью 339,24 м²: 2 этажа, габариты 13×19 м, материал стен — кирпич. Архитектурная визуализация и ключевые характеристики собраны на одной карточке. Сохраните проект и откройте каталог, чтобы посмотреть подробности и актуальную стоимость.",https://catalog-plans.ru/catalog/45-85KL?utm_source=pinterest&utm_medium=organic&utm_campaign=generated_chromatic_random_static_batch_51&utm_content=pin_9586_45-85KL_chromatic&utm_term=proekty-chastnyh-domov,,"проект дома 45-85KL, проект дома 339,24 м², готовый проект дома, визуализация дома, характеристики дома, частный дом, кирпич, catalog-plans.ru"
"Проект дома №68-23 площадью 628,99 м²",https://raw.githubusercontent.com/nemchenik/test/e701def0cc9a46ab4b2f865eb3c56ffecfe50974/pinterest/generated_batch_51_chromatic_random_static/68-23.jpg,Проекты частных домов,,"Готовый проект дома №68-23 площадью 628,99 м²: 3 этажа, габариты 13.72×19.42 м, материал стен — газобетон. Архитектурная визуализация и ключевые характеристики собраны на одной карточке. Сохраните проект и откройте каталог, чтобы посмотреть подробности и актуальную стоимость.",https://catalog-plans.ru/catalog/68-23?utm_source=pinterest&utm_medium=organic&utm_campaign=generated_chromatic_random_static_batch_51&utm_content=pin_9587_68-23_chromatic&utm_term=proekty-chastnyh-domov,,"проект дома 68-23, проект дома 628,99 м², готовый проект дома, визуализация дома, характеристики дома, частный дом, газобетон, catalog-plans.ru"
"Проект дома №40-11GN площадью 244,51 м²",https://raw.githubusercontent.com/nemchenik/test/e701def0cc9a46ab4b2f865eb3c56ffecfe50974/pinterest/generated_batch_51_chromatic_random_static/40-11GN.jpg,Проекты частных домов,,"Готовый проект дома №40-11GN площадью 244,51 м²: 2 этажа, габариты 13.55×15.28 м, материал стен — газобетон. Архитектурная визуализация и ключевые характеристики собраны на одной карточке. Сохраните проект и откройте каталог, чтобы посмотреть подробности и актуальную стоимость.",https://catalog-plans.ru/catalog/40-11GN?utm_source=pinterest&utm_medium=organic&utm_campaign=generated_chromatic_random_static_batch_51&utm_content=pin_9588_40-11GN_chromatic&utm_term=proekty-chastnyh-domov,,"проект дома 40-11GN, проект дома 244,51 м², готовый проект дома, визуализация дома, характеристики дома, частный дом, газобетон, catalog-plans.ru"
"Проект дома №57-61AL площадью 217,13 м²",https://raw.githubusercontent.com/nemchenik/test/e701def0cc9a46ab4b2f865eb3c56ffecfe50974/pinterest/generated_batch_51_chromatic_random_static/57-61AL.jpg,Проекты частных домов,,"Готовый проект дома №57-61AL площадью 217,13 м²: 2 этажа, габариты 12.46×13.28 м, материал стен — газобетон. Архитектурная визуализация и ключевые характеристики собраны на одной карточке. Сохраните проект и откройте каталог, чтобы посмотреть подробности и актуальную стоимость.",https://catalog-plans.ru/catalog/57-61AL?utm_source=pinterest&utm_medium=organic&utm_campaign=generated_chromatic_random_static_batch_51&utm_content=pin_9589_57-61AL_chromatic&utm_term=proekty-chastnyh-domov,,"проект дома 57-61AL, проект дома 217,13 м², готовый проект дома, визуализация дома, характеристики дома, частный дом, газобетон, catalog-plans.ru"
"Проект дома №35-41 площадью 141,1 м²",https://raw.githubusercontent.com/nemchenik/test/e701def0cc9a46ab4b2f865eb3c56ffecfe50974/pinterest/generated_batch_51_chromatic_random_static/35-41.jpg,Проекты частных домов,,"Готовый проект дома №35-41 площадью 141,1 м²: 2 этажа, габариты 10.6×15.9 м, материал стен — кирпич. Архитектурная визуализация и ключевые характеристики собраны на одной карточке. Сохраните проект и откройте каталог, чтобы посмотреть подробности и актуальную стоимость.",https://catalog-plans.ru/catalog/35-41?utm_source=pinterest&utm_medium=organic&utm_campaign=generated_chromatic_random_static_batch_51&utm_content=pin_9590_35-41_chromatic&utm_term=proekty-chastnyh-domov,,"проект дома 35-41, проект дома 141,1 м², готовый проект дома, визуализация дома, характеристики дома, частный дом, кирпич, catalog-plans.ru"
"Проект дома №63-63 площадью 118,83 м²",https://raw.githubusercontent.com/nemchenik/test/e701def0cc9a46ab4b2f865eb3c56ffecfe50974/pinterest/generated_batch_51_chromatic_random_static/63-63.jpg,Проекты частных домов,,"Готовый проект дома №63-63 площадью 118,83 м²: 1 этаж, габариты 8.6×16 м, материал стен — газобетон. Архитектурная визуализация и ключевые характеристики собраны на одной карточке. Сохраните проект и откройте каталог, чтобы посмотреть подробности и актуальную стоимость.",https://catalog-plans.ru/catalog/63-63?utm_source=pinterest&utm_medium=organic&utm_campaign=generated_chromatic_random_static_batch_51&utm_content=pin_9591_63-63_chromatic&utm_term=proekty-chastnyh-domov,,"проект дома 63-63, проект дома 118,83 м², готовый проект дома, визуализация дома, характеристики дома, частный дом, газобетон, catalog-plans.ru"
"Проект дома №40-20 площадью 305,73 м²",https://raw.githubusercontent.com/nemchenik/test/e701def0cc9a46ab4b2f865eb3c56ffecfe50974/pinterest/generated_batch_51_chromatic_random_static/40-20.jpg,Проекты частных домов,,"Готовый проект дома №40-20 площадью 305,73 м²: 2 этажа, габариты 11.44×14.7 м, материал стен — кирпич. Архитектурная визуализация и ключевые характеристики собраны на одной карточке. Сохраните проект и откройте каталог, чтобы посмотреть подробности и актуальную стоимость.",https://catalog-plans.ru/catalog/40-20?utm_source=pinterest&utm_medium=organic&utm_campaign=generated_chromatic_random_static_batch_51&utm_content=pin_9592_40-20_chromatic&utm_term=proekty-chastnyh-domov,,"проект дома 40-20, проект дома 305,73 м², готовый проект дома, визуализация дома, характеристики дома, частный дом, кирпич, catalog-plans.ru"
"Проект дома №58-70ZNK1L площадью 189,15 м²",https://raw.githubusercontent.com/nemchenik/test/e701def0cc9a46ab4b2f865eb3c56ffecfe50974/pinterest/generated_batch_51_chromatic_random_static/58-70ZNK1L.jpg,Проекты частных домов,,"Готовый проект дома №58-70ZNK1L площадью 189,15 м²: 2 этажа, габариты 12.26×14.26 м, материал стен — кирпич. Архитектурная визуализация и ключевые характеристики собраны на одной карточке. Сохраните проект и откройте каталог, чтобы посмотреть подробности и актуальную стоимость.",https://catalog-plans.ru/catalog/58-70ZNK1L?utm_source=pinterest&utm_medium=organic&utm_campaign=generated_chromatic_random_static_batch_51&utm_content=pin_9593_58-70ZNK1L_chromatic&utm_term=proekty-chastnyh-domov,,"проект дома 58-70ZNK1L, проект дома 189,15 м², готовый проект дома, визуализация дома, характеристики дома, частный дом, кирпич, catalog-plans.ru"
"Проект дома №49-40 площадью 233,1 м²",https://raw.githubusercontent.com/nemchenik/test/e701def0cc9a46ab4b2f865eb3c56ffecfe50974/pinterest/generated_batch_51_chromatic_random_static/49-40.jpg,Проекты частных домов,,"Готовый проект дома №49-40 площадью 233,1 м²: 2 этажа, габариты 13.8×15.6 м, материал стен — газобетон. Архитектурная визуализация и ключевые характеристики собраны на одной карточке. Сохраните проект и откройте каталог, чтобы посмотреть подробности и актуальную стоимость.",https://catalog-plans.ru/catalog/49-40?utm_source=pinterest&utm_medium=organic&utm_campaign=generated_chromatic_random_static_batch_51&utm_content=pin_9594_49-40_chromatic&utm_term=proekty-chastnyh-domov,,"проект дома 49-40, проект дома 233,1 м², готовый проект дома, визуализация дома, характеристики дома, частный дом, газобетон, catalog-plans.ru"
"Проект дома №57-42 площадью 190,46 м²",https://raw.githubusercontent.com/nemchenik/test/e701def0cc9a46ab4b2f865eb3c56ffecfe50974/pinterest/generated_batch_51_chromatic_random_static/57-42.jpg,Проекты частных домов,,"Готовый проект дома №57-42 площадью 190,46 м²: 2 этажа, габариты 10.96×13.56 м, материал стен — газобетон. Архитектурная визуализация и ключевые характеристики собраны на одной карточке. Сохраните проект и откройте каталог, чтобы посмотреть подробности и актуальную стоимость.",https://catalog-plans.ru/catalog/57-42?utm_source=pinterest&utm_medium=organic&utm_campaign=generated_chromatic_random_static_batch_51&utm_content=pin_9595_57-42_chromatic&utm_term=proekty-chastnyh-domov,,"проект дома 57-42, проект дома 190,46 м², готовый проект дома, визуализация дома, характеристики дома, частный дом, газобетон, catalog-plans.ru"
"Проект дома №40-11KB площадью 244,51 м²",https://raw.githubusercontent.com/nemchenik/test/e701def0cc9a46ab4b2f865eb3c56ffecfe50974/pinterest/generated_batch_51_chromatic_random_static/40-11KB.jpg,Проекты частных домов,,"Готовый проект дома №40-11KB площадью 244,51 м²: 2 этажа, габариты 13.54×14.58 м, материал стен — керамзитобетон. Архитектурная визуализация и ключевые характеристики собраны на одной карточке. Сохраните проект и откройте каталог, чтобы посмотреть подробности и актуальную стоимость.",https://catalog-plans.ru/catalog/40-11KB?utm_source=pinterest&utm_medium=organic&utm_campaign=generated_chromatic_random_static_batch_51&utm_content=pin_9596_40-11KB_chromatic&utm_term=proekty-chastnyh-domov,,"проект дома 40-11KB, проект дома 244,51 м², готовый проект дома, визуализация дома, характеристики дома, частный дом, керамзитобетон, catalog-plans.ru"
"Проект дома №47-62 площадью 187,3 м²",https://raw.githubusercontent.com/nemchenik/test/e701def0cc9a46ab4b2f865eb3c56ffecfe50974/pinterest/generated_batch_51_chromatic_random_static/47-62.jpg,Проекты частных домов,,"Готовый проект дома №47-62 площадью 187,3 м²: 2 этажа, габариты 12.48×14.12 м, материал стен — кирпич. Архитектурная визуализация и ключевые характеристики собраны на одной карточке. Сохраните проект и откройте каталог, чтобы посмотреть подробности и актуальную стоимость.",https://catalog-plans.ru/catalog/47-62?utm_source=pinterest&utm_medium=organic&utm_campaign=generated_chromatic_random_static_batch_51&utm_content=pin_9597_47-62_chromatic&utm_term=proekty-chastnyh-domov,,"проект дома 47-62, проект дома 187,3 м², готовый проект дома, визуализация дома, характеристики дома, частный дом, кирпич, catalog-plans.ru"
"Проект дома №70-04 площадью 199,3 м²",https://raw.githubusercontent.com/nemchenik/test/e701def0cc9a46ab4b2f865eb3c56ffecfe50974/pinterest/generated_batch_51_chromatic_random_static/70-04.jpg,Проекты частных домов,,"Готовый проект дома №70-04 площадью 199,3 м²: 2 этажа, габариты 9.35×10.95 м, материал стен — деревянный каркас. Архитектурная визуализация и ключевые характеристики собраны на одной карточке. Сохраните проект и откройте каталог, чтобы посмотреть подробности и актуальную стоимость.",https://catalog-plans.ru/catalog/70-04?utm_source=pinterest&utm_medium=organic&utm_campaign=generated_chromatic_random_static_batch_51&utm_content=pin_9598_70-04_chromatic&utm_term=proekty-chastnyh-domov,,"проект дома 70-04, проект дома 199,3 м², готовый проект дома, визуализация дома, характеристики дома, частный дом, деревянный каркас, catalog-plans.ru"
"Проект дома №40-04MKL площадью 135,87 м²",https://raw.githubusercontent.com/nemchenik/test/e701def0cc9a46ab4b2f865eb3c56ffecfe50974/pinterest/generated_batch_51_chromatic_random_static/40-04MKL.jpg,Проекты частных домов,,"Готовый проект дома №40-04MKL площадью 135,87 м²: 2 этажа, габариты 9.96×10.46 м, материал стен — кирпич. Архитектурная визуализация и ключевые характеристики собраны на одной карточке. Сохраните проект и откройте каталог, чтобы посмотреть подробности и актуальную стоимость.",https://catalog-plans.ru/catalog/40-04MKL?utm_source=pinterest&utm_medium=organic&utm_campaign=generated_chromatic_random_static_batch_51&utm_content=pin_9599_40-04MKL_chromatic&utm_term=proekty-chastnyh-domov,,"проект дома 40-04MKL, проект дома 135,87 м², готовый проект дома, визуализация дома, характеристики дома, частный дом, кирпич, catalog-plans.ru"
"Проект дома №46-51 площадью 244,95 м²",https://raw.githubusercontent.com/nemchenik/test/e701def0cc9a46ab4b2f865eb3c56ffecfe50974/pinterest/generated_batch_51_chromatic_random_static/46-51.jpg,Проекты частных домов,,"Готовый проект дома №46-51 площадью 244,95 м²: 2 этажа, габариты 11×14.3 м, материал стен — монолитный каркас. Архитектурная визуализация и ключевые характеристики собраны на одной карточке. Сохраните проект и откройте каталог, чтобы посмотреть подробности и актуальную стоимость.",https://catalog-plans.ru/catalog/46-51?utm_source=pinterest&utm_medium=organic&utm_campaign=generated_chromatic_random_static_batch_51&utm_content=pin_9600_46-51_chromatic&utm_term=proekty-chastnyh-domov,,"проект дома 46-51, проект дома 244,95 м², готовый проект дома, визуализация дома, характеристики дома, частный дом, монолитный каркас, catalog-plans.ru"
"Проект дома №61-05 площадью 233,6 м²",https://raw.githubusercontent.com/nemchenik/test/e701def0cc9a46ab4b2f865eb3c56ffecfe50974/pinterest/generated_batch_51_chromatic_random_static/61-05.jpg,Проекты частных домов,,"Готовый проект дома №61-05 площадью 233,6 м²: 2 этажа, габариты 12.8×14 м, материал стен — газобетон. Архитектурная визуализация и ключевые характеристики собраны на одной карточке. Сохраните проект и откройте каталог, чтобы посмотреть подробности и актуальную стоимость.",https://catalog-plans.ru/catalog/61-05?utm_source=pinterest&utm_medium=organic&utm_campaign=generated_chromatic_random_static_batch_51&utm_content=pin_9601_61-05_chromatic&utm_term=proekty-chastnyh-domov,,"проект дома 61-05, проект дома 233,6 м², готовый проект дома, визуализация дома, характеристики дома, частный дом, газобетон, catalog-plans.ru"
"Проект дома №40-11CJL площадью 369,99 м²",https://raw.githubusercontent.com/nemchenik/test/e701def0cc9a46ab4b2f865eb3c56ffecfe50974/pinterest/generated_batch_51_chromatic_random_static/40-11CJL.jpg,Проекты частных домов,,"Готовый проект дома №40-11CJL площадью 369,99 м²: 2 этажа, габариты 13.92×14.96 м, материал стен — кирпич. Архитектурная визуализация и ключевые характеристики собраны на одной карточке. Сохраните проект и откройте каталог, чтобы посмотреть подробности и актуальную стоимость.",https://catalog-plans.ru/catalog/40-11CJL?utm_source=pinterest&utm_medium=organic&utm_campaign=generated_chromatic_random_static_batch_51&utm_content=pin_9602_40-11CJL_chromatic&utm_term=proekty-chastnyh-domov,,"проект дома 40-11CJL, проект дома 369,99 м², готовый проект дома, визуализация дома, характеристики дома, частный дом, кирпич, catalog-plans.ru"
"Проект дома №40-55GL площадью 197,5 м²",https://raw.githubusercontent.com/nemchenik/test/e701def0cc9a46ab4b2f865eb3c56ffecfe50974/pinterest/generated_batch_51_chromatic_random_static/40-55GL.jpg,Проекты частных домов,,"Готовый проект дома №40-55GL площадью 197,5 м²: 2 этажа, габариты 14.4×14.4 м, материал стен — газобетон. Архитектурная визуализация и ключевые характеристики собраны на одной карточке. Сохраните проект и откройте каталог, чтобы посмотреть подробности и актуальную стоимость.",https://catalog-plans.ru/catalog/40-55GL?utm_source=pinterest&utm_medium=organic&utm_campaign=generated_chromatic_random_static_batch_51&utm_content=pin_9603_40-55GL_chromatic&utm_term=proekty-chastnyh-domov,,"проект дома 40-55GL, проект дома 197,5 м², готовый проект дома, визуализация дома, характеристики дома, частный дом, газобетон, catalog-plans.ru"
"Проект дома №58-11 площадью 192,22 м²",https://raw.githubusercontent.com/nemchenik/test/e701def0cc9a46ab4b2f865eb3c56ffecfe50974/pinterest/generated_batch_51_chromatic_random_static/58-11.jpg,Проекты частных домов,,"Готовый проект дома №58-11 площадью 192,22 м²: 2 этажа, габариты 12.7×15.16 м, материал стен — газобетон. Архитектурная визуализация и ключевые характеристики собраны на одной карточке. Сохраните проект и откройте каталог, чтобы посмотреть подробности и актуальную стоимость.",https://catalog-plans.ru/catalog/58-11?utm_source=pinterest&utm_medium=organic&utm_campaign=generated_chromatic_random_static_batch_51&utm_content=pin_9604_58-11_chromatic&utm_term=proekty-chastnyh-domov,,"проект дома 58-11, проект дома 192,22 м², готовый проект дома, визуализация дома, характеристики дома, частный дом, газобетон, catalog-plans.ru"
"Проект дома №57-05F площадью 161,18 м²",https://raw.githubusercontent.com/nemchenik/test/e701def0cc9a46ab4b2f865eb3c56ffecfe50974/pinterest/generated_batch_51_chromatic_random_static/57-05F.jpg,Проекты частных домов,,"Готовый проект дома №57-05F площадью 161,18 м²: 2 этажа, габариты 9.9×10.1 м, материал стен — газобетон. Архитектурная визуализация и ключевые характеристики собраны на одной карточке. Сохраните проект и откройте каталог, чтобы посмотреть подробности и актуальную стоимость.",https://catalog-plans.ru/catalog/57-05F?utm_source=pinterest&utm_medium=organic&utm_campaign=generated_chromatic_random_static_batch_51&utm_content=pin_9605_57-05F_chromatic&utm_term=proekty-chastnyh-domov,,"проект дома 57-05F, проект дома 161,18 м², готовый проект дома, визуализация дома, характеристики дома, частный дом, газобетон, catalog-plans.ru"
"Проект дома №64-59 площадью 354,4 м²",https://raw.githubusercontent.com/nemchenik/test/e701def0cc9a46ab4b2f865eb3c56ffecfe50974/pinterest/generated_batch_51_chromatic_random_static/64-59.jpg,Проекты частных домов,,"Готовый проект дома №64-59 площадью 354,4 м²: 2 этажа, габариты 18.48×17.12 м, материал стен — газобетон. Архитектурная визуализация и ключевые характеристики собраны на одной карточке. Сохраните проект и откройте каталог, чтобы посмотреть подробности и актуальную стоимость.",https://catalog-plans.ru/catalog/64-59?utm_source=pinterest&utm_medium=organic&utm_campaign=generated_chromatic_random_static_batch_51&utm_content=pin_9606_64-59_chromatic&utm_term=proekty-chastnyh-domov,,"проект дома 64-59, проект дома 354,4 м², готовый проект дома, визуализация дома, характеристики дома, частный дом, газобетон, catalog-plans.ru"
"Проект дома №70-99 площадью 68,19 м²",https://raw.githubusercontent.com/nemchenik/test/e701def0cc9a46ab4b2f865eb3c56ffecfe50974/pinterest/generated_batch_51_chromatic_random_static/70-99.jpg,Проекты частных домов,,"Готовый проект дома №70-99 площадью 68,19 м²: 1 этаж, габариты 9×9 м, материал стен — деревянный каркас. Архитектурная визуализация и ключевые характеристики собраны на одной карточке. Сохраните проект и откройте каталог, чтобы посмотреть подробности и актуальную стоимость.",https://catalog-plans.ru/catalog/70-99?utm_source=pinterest&utm_medium=organic&utm_campaign=generated_chromatic_random_static_batch_51&utm_content=pin_9607_70-99_chromatic&utm_term=proekty-chastnyh-domov,,"проект дома 70-99, проект дома 68,19 м², готовый проект дома, визуализация дома, характеристики дома, частный дом, деревянный каркас, catalog-plans.ru"
"Проект дома №63-58 площадью 126,19 м²",https://raw.githubusercontent.com/nemchenik/test/e701def0cc9a46ab4b2f865eb3c56ffecfe50974/pinterest/generated_batch_51_chromatic_random_static/63-58.jpg,Проекты частных домов,,"Готовый проект дома №63-58 площадью 126,19 м²: 2 этажа, габариты 8.9×9.9 м, материал стен — газобетон. Архитектурная визуализация и ключевые характеристики собраны на одной карточке. Сохраните проект и откройте каталог, чтобы посмотреть подробности и актуальную стоимость.",https://catalog-plans.ru/catalog/63-58?utm_source=pinterest&utm_medium=organic&utm_campaign=generated_chromatic_random_static_batch_51&utm_content=pin_9608_63-58_chromatic&utm_term=proekty-chastnyh-domov,,"проект дома 63-58, проект дома 126,19 м², готовый проект дома, визуализация дома, характеристики дома, частный дом, газобетон, catalog-plans.ru"
"Проект дома №46-10L площадью 281,99 м²",https://raw.githubusercontent.com/nemchenik/test/e701def0cc9a46ab4b2f865eb3c56ffecfe50974/pinterest/generated_batch_51_chromatic_random_static/46-10L.jpg,Проекты частных домов,,"Готовый проект дома №46-10L площадью 281,99 м²: 2 этажа, габариты 18.82×20.82 м, материал стен — кирпич. Архитектурная визуализация и ключевые характеристики собраны на одной карточке. Сохраните проект и откройте каталог, чтобы посмотреть подробности и актуальную стоимость.",https://catalog-plans.ru/catalog/46-10L?utm_source=pinterest&utm_medium=organic&utm_campaign=generated_chromatic_random_static_batch_51&utm_content=pin_9609_46-10L_chromatic&utm_term=proekty-chastnyh-domov,,"проект дома 46-10L, проект дома 281,99 м², готовый проект дома, визуализация дома, характеристики дома, частный дом, кирпич, catalog-plans.ru"
"Проект дома №68-54 площадью 183,86 м²",https://raw.githubusercontent.com/nemchenik/test/e701def0cc9a46ab4b2f865eb3c56ffecfe50974/pinterest/generated_batch_51_chromatic_random_static/68-54.jpg,Проекты частных домов,,"Готовый проект дома №68-54 площадью 183,86 м²: 2 этажа, габариты 9.7×12.3 м, материал стен — газобетон. Архитектурная визуализация и ключевые характеристики собраны на одной карточке. Сохраните проект и откройте каталог, чтобы посмотреть подробности и актуальную стоимость.",https://catalog-plans.ru/catalog/68-54?utm_source=pinterest&utm_medium=organic&utm_campaign=generated_chromatic_random_static_batch_51&utm_content=pin_9610_68-54_chromatic&utm_term=proekty-chastnyh-domov,,"проект дома 68-54, проект дома 183,86 м², готовый проект дома, визуализация дома, характеристики дома, частный дом, газобетон, catalog-plans.ru"
"Проект дома №63-96A площадью 104,47 м²",https://raw.githubusercontent.com/nemchenik/test/e701def0cc9a46ab4b2f865eb3c56ffecfe50974/pinterest/generated_batch_51_chromatic_random_static/63-96A.jpg,Проекты частных домов,,"Готовый проект дома №63-96A площадью 104,47 м²: 1 этаж, габариты 10.77×11.97 м, материал стен — газобетон. Архитектурная визуализация и ключевые характеристики собраны на одной карточке. Сохраните проект и откройте каталог, чтобы посмотреть подробности и актуальную стоимость.",https://catalog-plans.ru/catalog/63-96A?utm_source=pinterest&utm_medium=organic&utm_campaign=generated_chromatic_random_static_batch_51&utm_content=pin_9611_63-96A_chromatic&utm_term=proekty-chastnyh-domov,,"проект дома 63-96A, проект дома 104,47 м², готовый проект дома, визуализация дома, характеристики дома, частный дом, газобетон, catalog-plans.ru"
"Проект дома №58-95 площадью 218,57 м²",https://raw.githubusercontent.com/nemchenik/test/e701def0cc9a46ab4b2f865eb3c56ffecfe50974/pinterest/generated_batch_51_chromatic_random_static/58-95.jpg,Проекты частных домов,,"Готовый проект дома №58-95 площадью 218,57 м²: 2 этажа, габариты 13.25×13.45 м, материал стен — газобетон. Архитектурная визуализация и ключевые характеристики собраны на одной карточке. Сохраните проект и откройте каталог, чтобы посмотреть подробности и актуальную стоимость.",https://catalog-plans.ru/catalog/58-95?utm_source=pinterest&utm_medium=organic&utm_campaign=generated_chromatic_random_static_batch_51&utm_content=pin_9612_58-95_chromatic&utm_term=proekty-chastnyh-domov,,"проект дома 58-95, проект дома 218,57 м², готовый проект дома, визуализация дома, характеристики дома, частный дом, газобетон, catalog-plans.ru"
"Проект дома №90-32 площадью 140,45 м²",https://raw.githubusercontent.com/nemchenik/test/e701def0cc9a46ab4b2f865eb3c56ffecfe50974/pinterest/generated_batch_51_chromatic_random_static/90-32.jpg,Проекты частных домов,,"Готовый проект дома №90-32 площадью 140,45 м²: 1 этаж, габариты 9.4×13 м, материал стен — газобетон. Архитектурная визуализация и ключевые характеристики собраны на одной карточке. Сохраните проект и откройте каталог, чтобы посмотреть подробности и актуальную стоимость.",https://catalog-plans.ru/catalog/90-32?utm_source=pinterest&utm_medium=organic&utm_campaign=generated_chromatic_random_static_batch_51&utm_content=pin_9613_90-32_chromatic&utm_term=proekty-chastnyh-domov,,"проект дома 90-32, проект дома 140,45 м², готовый проект дома, визуализация дома, характеристики дома, частный дом, газобетон, catalog-plans.ru"
"Проект дома №50-05 площадью 296,2 м²",https://raw.githubusercontent.com/nemchenik/test/e701def0cc9a46ab4b2f865eb3c56ffecfe50974/pinterest/generated_batch_51_chromatic_random_static/50-05.jpg,Проекты частных домов,,"Готовый проект дома №50-05 площадью 296,2 м²: 2 этажа, габариты 12.2×15.55 м, материал стен — бетонные камни 390мм. Архитектурная визуализация и ключевые характеристики собраны на одной карточке. Сохраните проект и откройте каталог, чтобы посмотреть подробности и актуальную стоимость.",https://catalog-plans.ru/catalog/50-05?utm_source=pinterest&utm_medium=organic&utm_campaign=generated_chromatic_random_static_batch_51&utm_content=pin_9614_50-05_chromatic&utm_term=proekty-chastnyh-domov,,"проект дома 50-05, проект дома 296,2 м², готовый проект дома, визуализация дома, характеристики дома, частный дом, бетонные камни 390мм, catalog-plans.ru"
"Проект дома №45-64NDKL площадью 327,55 м²",https://raw.githubusercontent.com/nemchenik/test/e701def0cc9a46ab4b2f865eb3c56ffecfe50974/pinterest/generated_batch_51_chromatic_random_static/45-64NDKL.jpg,Проекты частных домов,,"Готовый проект дома №45-64NDKL площадью 327,55 м²: 2 этажа, габариты 12.93×13.43 м, материал стен — кирпич. Архитектурная визуализация и ключевые характеристики собраны на одной карточке. Сохраните проект и откройте каталог, чтобы посмотреть подробности и актуальную стоимость.",https://catalog-plans.ru/catalog/45-64NDKL?utm_source=pinterest&utm_medium=organic&utm_campaign=generated_chromatic_random_static_batch_51&utm_content=pin_9615_45-64NDKL_chromatic&utm_term=proekty-chastnyh-domov,,"проект дома 45-64NDKL, проект дома 327,55 м², готовый проект дома, визуализация дома, характеристики дома, частный дом, кирпич, catalog-plans.ru"
"Проект дома №32-49 площадью 312,1 м²",https://raw.githubusercontent.com/nemchenik/test/e701def0cc9a46ab4b2f865eb3c56ffecfe50974/pinterest/generated_batch_51_chromatic_random_static/32-49.jpg,Проекты частных домов,,"Готовый проект дома №32-49 площадью 312,1 м²: 2 этажа, габариты 11.2×14 м, материал стен — кирпич. Архитектурная визуализация и ключевые характеристики собраны на одной карточке. Сохраните проект и откройте каталог, чтобы посмотреть подробности и актуальную стоимость.",https://catalog-plans.ru/catalog/32-49?utm_source=pinterest&utm_medium=organic&utm_campaign=generated_chromatic_random_static_batch_51&utm_content=pin_9616_32-49_chromatic&utm_term=proekty-chastnyh-domov,,"проект дома 32-49, проект дома 312,1 м², готовый проект дома, визуализация дома, характеристики дома, частный дом, кирпич, catalog-plans.ru"
"Проект дома №48-70KBML площадью 494,42 м²",https://raw.githubusercontent.com/nemchenik/test/e701def0cc9a46ab4b2f865eb3c56ffecfe50974/pinterest/generated_batch_51_chromatic_random_static/48-70KBML.jpg,Проекты частных домов,,"Готовый проект дома №48-70KBML площадью 494,42 м²: 2 этажа, габариты 24.95×25.64 м, материал стен — монолитный каркас. Архитектурная визуализация и ключевые характеристики собраны на одной карточке. Сохраните проект и откройте каталог, чтобы посмотреть подробности и актуальную стоимость.",https://catalog-plans.ru/catalog/48-70KBML?utm_source=pinterest&utm_medium=organic&utm_campaign=generated_chromatic_random_static_batch_51&utm_content=pin_9617_48-70KBML_chromatic&utm_term=proekty-chastnyh-domov,,"проект дома 48-70KBML, проект дома 494,42 м², готовый проект дома, визуализация дома, характеристики дома, частный дом, монолитный каркас, catalog-plans.ru"
"Проект дома №40-70DMGL площадью 205,43 м²",https://raw.githubusercontent.com/nemchenik/test/e701def0cc9a46ab4b2f865eb3c56ffecfe50974/pinterest/generated_batch_51_chromatic_random_static/40-70DMGL.jpg,Проекты частных домов,,"Готовый проект дома №40-70DMGL площадью 205,43 м²: 2 этажа, габариты 13.2×16.4 м, материал стен — монолитный каркас. Архитектурная визуализация и ключевые характеристики собраны на одной карточке. Сохраните проект и откройте каталог, чтобы посмотреть подробности и актуальную стоимость.",https://catalog-plans.ru/catalog/40-70DMGL?utm_source=pinterest&utm_medium=organic&utm_campaign=generated_chromatic_random_static_batch_51&utm_content=pin_9618_40-70DMGL_chromatic&utm_term=proekty-chastnyh-domov,,"проект дома 40-70DMGL, проект дома 205,43 м², готовый проект дома, визуализация дома, характеристики дома, частный дом, монолитный каркас, catalog-plans.ru"
"Проект дома №45-11L площадью 278,4 м²",https://raw.githubusercontent.com/nemchenik/test/e701def0cc9a46ab4b2f865eb3c56ffecfe50974/pinterest/generated_batch_51_chromatic_random_static/45-11L.jpg,Проекты частных домов,,"Готовый проект дома №45-11L площадью 278,4 м²: 2 этажа, габариты 13.21×15.67 м, материал стен — кирпич. Архитектурная визуализация и ключевые характеристики собраны на одной карточке. Сохраните проект и откройте каталог, чтобы посмотреть подробности и актуальную стоимость.",https://catalog-plans.ru/catalog/45-11L?utm_source=pinterest&utm_medium=organic&utm_campaign=generated_chromatic_random_static_batch_51&utm_content=pin_9619_45-11L_chromatic&utm_term=proekty-chastnyh-domov,,"проект дома 45-11L, проект дома 278,4 м², готовый проект дома, визуализация дома, характеристики дома, частный дом, кирпич, catalog-plans.ru"
"Проект дома №57-82L площадью 281,61 м²",https://raw.githubusercontent.com/nemchenik/test/e701def0cc9a46ab4b2f865eb3c56ffecfe50974/pinterest/generated_batch_51_chromatic_random_static/57-82L.jpg,Проекты частных домов,,"Готовый проект дома №57-82L площадью 281,61 м²: 2 этажа, габариты 15.9×16.36 м, материал стен — газобетон. Архитектурная визуализация и ключевые характеристики собраны на одной карточке. Сохраните проект и откройте каталог, чтобы посмотреть подробности и актуальную стоимость.",https://catalog-plans.ru/catalog/57-82L?utm_source=pinterest&utm_medium=organic&utm_campaign=generated_chromatic_random_static_batch_51&utm_content=pin_9620_57-82L_chromatic&utm_term=proekty-chastnyh-domov,,"проект дома 57-82L, проект дома 281,61 м², готовый проект дома, визуализация дома, характеристики дома, частный дом, газобетон, catalog-plans.ru"
"Проект дома №54-45 площадью 280,5 м²",https://raw.githubusercontent.com/nemchenik/test/e701def0cc9a46ab4b2f865eb3c56ffecfe50974/pinterest/generated_batch_51_chromatic_random_static/54-45.jpg,Проекты частных домов,,"Готовый проект дома №54-45 площадью 280,5 м²: 2 этажа, габариты 11.28×13.25 м, материал стен — газобетон. Архитектурная визуализация и ключевые характеристики собраны на одной карточке. Сохраните проект и откройте каталог, чтобы посмотреть подробности и актуальную стоимость.",https://catalog-plans.ru/catalog/54-45?utm_source=pinterest&utm_medium=organic&utm_campaign=generated_chromatic_random_static_batch_51&utm_content=pin_9621_54-45_chromatic&utm_term=proekty-chastnyh-domov,,"проект дома 54-45, проект дома 280,5 м², готовый проект дома, визуализация дома, характеристики дома, частный дом, газобетон, catalog-plans.ru"
"Проект дома №63-05A площадью 116,1 м²",https://raw.githubusercontent.com/nemchenik/test/e701def0cc9a46ab4b2f865eb3c56ffecfe50974/pinterest/generated_batch_51_chromatic_random_static/63-05A.jpg,Проекты частных домов,,"Готовый проект дома №63-05A площадью 116,1 м²: 2 этажа, габариты 9.9×8.12 м, материал стен — монолитный каркас. Архитектурная визуализация и ключевые характеристики собраны на одной карточке. Сохраните проект и откройте каталог, чтобы посмотреть подробности и актуальную стоимость.",https://catalog-plans.ru/catalog/63-05A?utm_source=pinterest&utm_medium=organic&utm_campaign=generated_chromatic_random_static_batch_51&utm_content=pin_9622_63-05A_chromatic&utm_term=proekty-chastnyh-domov,,"проект дома 63-05A, проект дома 116,1 м², готовый проект дома, визуализация дома, характеристики дома, частный дом, монолитный каркас, catalog-plans.ru"
"Проект дома №45-16ZG площадью 294,81 м²",https://raw.githubusercontent.com/nemchenik/test/e701def0cc9a46ab4b2f865eb3c56ffecfe50974/pinterest/generated_batch_51_chromatic_random_static/45-16ZG.jpg,Проекты частных домов,,"Готовый проект дома №45-16ZG площадью 294,81 м²: 2 этажа, габариты 11.59×17.09 м, материал стен — газобетон. Архитектурная визуализация и ключевые характеристики собраны на одной карточке. Сохраните проект и откройте каталог, чтобы посмотреть подробности и актуальную стоимость.",https://catalog-plans.ru/catalog/45-16ZG?utm_source=pinterest&utm_medium=organic&utm_campaign=generated_chromatic_random_static_batch_51&utm_content=pin_9623_45-16ZG_chromatic&utm_term=proekty-chastnyh-domov,,"проект дома 45-16ZG, проект дома 294,81 м², готовый проект дома, визуализация дома, характеристики дома, частный дом, газобетон, catalog-plans.ru"
Проект дома №58-14L площадью 214 м²,https://raw.githubusercontent.com/nemchenik/test/e701def0cc9a46ab4b2f865eb3c56ffecfe50974/pinterest/generated_batch_51_chromatic_random_static/58-14L.jpg,Проекты частных домов,,"Готовый проект дома №58-14L площадью 214 м²: 2 этажа, габариты 12.56×13.36 м, материал стен — газобетон. Архитектурная визуализация и ключевые характеристики собраны на одной карточке. Сохраните проект и откройте каталог, чтобы посмотреть подробности и актуальную стоимость.",https://catalog-plans.ru/catalog/58-14L?utm_source=pinterest&utm_medium=organic&utm_campaign=generated_chromatic_random_static_batch_51&utm_content=pin_9624_58-14L_chromatic&utm_term=proekty-chastnyh-domov,,"проект дома 58-14L, проект дома 214 м², готовый проект дома, визуализация дома, характеристики дома, частный дом, газобетон, catalog-plans.ru"
"Проект дома №46-67L площадью 220,35 м²",https://raw.githubusercontent.com/nemchenik/test/e701def0cc9a46ab4b2f865eb3c56ffecfe50974/pinterest/generated_batch_51_chromatic_random_static/46-67L.jpg,Проекты частных домов,,"Готовый проект дома №46-67L площадью 220,35 м²: 2 этажа, габариты 11.76×15.11 м, материал стен — кирпич. Архитектурная визуализация и ключевые характеристики собраны на одной карточке. Сохраните проект и откройте каталог, чтобы посмотреть подробности и актуальную стоимость.",https://catalog-plans.ru/catalog/46-67L?utm_source=pinterest&utm_medium=organic&utm_campaign=generated_chromatic_random_static_batch_51&utm_content=pin_9625_46-67L_chromatic&utm_term=proekty-chastnyh-domov,,"проект дома 46-67L, проект дома 220,35 м², готовый проект дома, визуализация дома, характеристики дома, частный дом, кирпич, catalog-plans.ru"
"Проект дома №13-79A площадью 127,5 м²",https://raw.githubusercontent.com/nemchenik/test/e701def0cc9a46ab4b2f865eb3c56ffecfe50974/pinterest/generated_batch_51_chromatic_random_static/13-79A.jpg,Проекты частных домов,,"Готовый проект дома №13-79A площадью 127,5 м²: 2 этажа, габариты 8.8×10.6 м, материал стен — дерево. Архитектурная визуализация и ключевые характеристики собраны на одной карточке. Сохраните проект и откройте каталог, чтобы посмотреть подробности и актуальную стоимость.",https://catalog-plans.ru/catalog/13-79A?utm_source=pinterest&utm_medium=organic&utm_campaign=generated_chromatic_random_static_batch_51&utm_content=pin_9626_13-79A_chromatic&utm_term=proekty-chastnyh-domov,,"проект дома 13-79A, проект дома 127,5 м², готовый проект дома, визуализация дома, характеристики дома, частный дом, дерево, catalog-plans.ru"
"Проект дома №51-48 площадью 174,4 м²",https://raw.githubusercontent.com/nemchenik/test/e701def0cc9a46ab4b2f865eb3c56ffecfe50974/pinterest/generated_batch_51_chromatic_random_static/51-48.jpg,Проекты частных домов,,"Готовый проект дома №51-48 площадью 174,4 м²: 2 этажа, габариты 9×12 м, материал стен — газобетон. Архитектурная визуализация и ключевые характеристики собраны на одной карточке. Сохраните проект и откройте каталог, чтобы посмотреть подробности и актуальную стоимость.",https://catalog-plans.ru/catalog/51-48?utm_source=pinterest&utm_medium=organic&utm_campaign=generated_chromatic_random_static_batch_51&utm_content=pin_9627_51-48_chromatic&utm_term=proekty-chastnyh-domov,,"проект дома 51-48, проект дома 174,4 м², готовый проект дома, визуализация дома, характеристики дома, частный дом, газобетон, catalog-plans.ru"
"Проект дома №57-05A площадью 157,22 м²",https://raw.githubusercontent.com/nemchenik/test/e701def0cc9a46ab4b2f865eb3c56ffecfe50974/pinterest/generated_batch_51_chromatic_random_static/57-05A.jpg,Проекты частных домов,,"Готовый проект дома №57-05A площадью 157,22 м²: 2 этажа, габариты 10.9×10.9 м, материал стен — кирпич. Архитектурная визуализация и ключевые характеристики собраны на одной карточке. Сохраните проект и откройте каталог, чтобы посмотреть подробности и актуальную стоимость.",https://catalog-plans.ru/catalog/57-05A?utm_source=pinterest&utm_medium=organic&utm_campaign=generated_chromatic_random_static_batch_51&utm_content=pin_9628_57-05A_chromatic&utm_term=proekty-chastnyh-domov,,"проект дома 57-05A, проект дома 157,22 м², готовый проект дома, визуализация дома, характеристики дома, частный дом, кирпич, catalog-plans.ru"
"Проект дома №49-22 площадью 208,7 м²",https://raw.githubusercontent.com/nemchenik/test/e701def0cc9a46ab4b2f865eb3c56ffecfe50974/pinterest/generated_batch_51_chromatic_random_static/49-22.jpg,Проекты частных домов,,"Готовый проект дома №49-22 площадью 208,7 м²: 2 этажа, габариты 11.4×14.7 м, материал стен — газобетон. Архитектурная визуализация и ключевые характеристики собраны на одной карточке. Сохраните проект и откройте каталог, чтобы посмотреть подробности и актуальную стоимость.",https://catalog-plans.ru/catalog/49-22?utm_source=pinterest&utm_medium=organic&utm_campaign=generated_chromatic_random_static_batch_51&utm_content=pin_9629_49-22_chromatic&utm_term=proekty-chastnyh-domov,,"проект дома 49-22, проект дома 208,7 м², готовый проект дома, визуализация дома, характеристики дома, частный дом, газобетон, catalog-plans.ru"
"Проект дома №61-07 площадью 163,76 м²",https://raw.githubusercontent.com/nemchenik/test/e701def0cc9a46ab4b2f865eb3c56ffecfe50974/pinterest/generated_batch_51_chromatic_random_static/61-07.jpg,Проекты частных домов,,"Готовый проект дома №61-07 площадью 163,76 м²: 2 этажа, габариты 11.92×19.42 м, материал стен — газобетон. Архитектурная визуализация и ключевые характеристики собраны на одной карточке. Сохраните проект и откройте каталог, чтобы посмотреть подробности и актуальную стоимость.",https://catalog-plans.ru/catalog/61-07?utm_source=pinterest&utm_medium=organic&utm_campaign=generated_chromatic_random_static_batch_51&utm_content=pin_9630_61-07_chromatic&utm_term=proekty-chastnyh-domov,,"проект дома 61-07, проект дома 163,76 м², готовый проект дома, визуализация дома, характеристики дома, частный дом, газобетон, catalog-plans.ru"
"Проект дома №40-11CVL площадью 347,35 м²",https://raw.githubusercontent.com/nemchenik/test/e701def0cc9a46ab4b2f865eb3c56ffecfe50974/pinterest/generated_batch_51_chromatic_random_static/40-11CVL.jpg,Проекты частных домов,,"Готовый проект дома №40-11CVL площадью 347,35 м²: 2 этажа, габариты 13.92×14.96 м, материал стен — кирпич. Архитектурная визуализация и ключевые характеристики собраны на одной карточке. Сохраните проект и откройте каталог, чтобы посмотреть подробности и актуальную стоимость.",https://catalog-plans.ru/catalog/40-11CVL?utm_source=pinterest&utm_medium=organic&utm_campaign=generated_chromatic_random_static_batch_51&utm_content=pin_9631_40-11CVL_chromatic&utm_term=proekty-chastnyh-domov,,"проект дома 40-11CVL, проект дома 347,35 м², готовый проект дома, визуализация дома, характеристики дома, частный дом, кирпич, catalog-plans.ru"
"Проект дома №57-90KL площадью 203,24 м²",https://raw.githubusercontent.com/nemchenik/test/e701def0cc9a46ab4b2f865eb3c56ffecfe50974/pinterest/generated_batch_51_chromatic_random_static/57-90KL.jpg,Проекты частных домов,,"Готовый проект дома №57-90KL площадью 203,24 м²: 2 этажа, габариты 13.3×13.9 м, материал стен — кирпич. Архитектурная визуализация и ключевые характеристики собраны на одной карточке. Сохраните проект и откройте каталог, чтобы посмотреть подробности и актуальную стоимость.",https://catalog-plans.ru/catalog/57-90KL?utm_source=pinterest&utm_medium=organic&utm_campaign=generated_chromatic_random_static_batch_51&utm_content=pin_9632_57-90KL_chromatic&utm_term=proekty-chastnyh-domov,,"проект дома 57-90KL, проект дома 203,24 м², готовый проект дома, визуализация дома, характеристики дома, частный дом, кирпич, catalog-plans.ru"
"Проект дома №12-31 площадью 130,3 м²",https://raw.githubusercontent.com/nemchenik/test/e701def0cc9a46ab4b2f865eb3c56ffecfe50974/pinterest/generated_batch_51_chromatic_random_static/12-31.jpg,Проекты частных домов,,"Готовый проект дома №12-31 площадью 130,3 м²: 2 этажа, габариты 8.2×10.2 м, материал стен — дерево. Архитектурная визуализация и ключевые характеристики собраны на одной карточке. Сохраните проект и откройте каталог, чтобы посмотреть подробности и актуальную стоимость.",https://catalog-plans.ru/catalog/12-31?utm_source=pinterest&utm_medium=organic&utm_campaign=generated_chromatic_random_static_batch_51&utm_content=pin_9633_12-31_chromatic&utm_term=proekty-chastnyh-domov,,"проект дома 12-31, проект дома 130,3 м², готовый проект дома, визуализация дома, характеристики дома, частный дом, дерево, catalog-plans.ru"
"Проект дома №57-05MAL площадью 312,43 м²",https://raw.githubusercontent.com/nemchenik/test/e701def0cc9a46ab4b2f865eb3c56ffecfe50974/pinterest/generated_batch_51_chromatic_random_static/57-05MAL.jpg,Проекты частных домов,,"Готовый проект дома №57-05MAL площадью 312,43 м²: 2 этажа, габариты 10.64×11.64 м, материал стен — газобетон. Архитектурная визуализация и ключевые характеристики собраны на одной карточке. Сохраните проект и откройте каталог, чтобы посмотреть подробности и актуальную стоимость.",https://catalog-plans.ru/catalog/57-05MAL?utm_source=pinterest&utm_medium=organic&utm_campaign=generated_chromatic_random_static_batch_51&utm_content=pin_9634_57-05MAL_chromatic&utm_term=proekty-chastnyh-domov,,"проект дома 57-05MAL, проект дома 312,43 м², готовый проект дома, визуализация дома, характеристики дома, частный дом, газобетон, catalog-plans.ru"
"Проект дома №14-17 площадью 89,14 м²",https://raw.githubusercontent.com/nemchenik/test/e701def0cc9a46ab4b2f865eb3c56ffecfe50974/pinterest/generated_batch_51_chromatic_random_static/14-17.jpg,Проекты частных домов,,"Готовый проект дома №14-17 площадью 89,14 м²: 2 этажа, габариты 6.2×9.2 м, материал стен — дерево. Архитектурная визуализация и ключевые характеристики собраны на одной карточке. Сохраните проект и откройте каталог, чтобы посмотреть подробности и актуальную стоимость.",https://catalog-plans.ru/catalog/14-17?utm_source=pinterest&utm_medium=organic&utm_campaign=generated_chromatic_random_static_batch_51&utm_content=pin_9635_14-17_chromatic&utm_term=proekty-chastnyh-domov,,"проект дома 14-17, проект дома 89,14 м², готовый проект дома, визуализация дома, характеристики дома, частный дом, дерево, catalog-plans.ru"
"Проект дома №63-00L площадью 117,22 м²",https://raw.githubusercontent.com/nemchenik/test/e701def0cc9a46ab4b2f865eb3c56ffecfe50974/pinterest/generated_batch_51_chromatic_random_static/63-00L.jpg,Проекты частных домов,,"Готовый проект дома №63-00L площадью 117,22 м²: 1 этаж, габариты 13.5×17.03 м, материал стен — газобетон. Архитектурная визуализация и ключевые характеристики собраны на одной карточке. Сохраните проект и откройте каталог, чтобы посмотреть подробности и актуальную стоимость.",https://catalog-plans.ru/catalog/63-00L?utm_source=pinterest&utm_medium=organic&utm_campaign=generated_chromatic_random_static_batch_51&utm_content=pin_9636_63-00L_chromatic&utm_term=proekty-chastnyh-domov,,"проект дома 63-00L, проект дома 117,22 м², готовый проект дома, визуализация дома, характеристики дома, частный дом, газобетон, catalog-plans.ru"
"Проект дома №46-44AKBL площадью 460,98 м²",https://raw.githubusercontent.com/nemchenik/test/e701def0cc9a46ab4b2f865eb3c56ffecfe50974/pinterest/generated_batch_51_chromatic_random_static/46-44AKBL.jpg,Проекты частных домов,,"Готовый проект дома №46-44AKBL площадью 460,98 м²: 3 этажа, габариты 15.93×15.33 м, материал стен — керамзитобетон. Архитектурная визуализация и ключевые характеристики собраны на одной карточке. Сохраните проект и откройте каталог, чтобы посмотреть подробности и актуальную стоимость.",https://catalog-plans.ru/catalog/46-44AKBL?utm_source=pinterest&utm_medium=organic&utm_campaign=generated_chromatic_random_static_batch_51&utm_content=pin_9637_46-44AKBL_chromatic&utm_term=proekty-chastnyh-domov,,"проект дома 46-44AKBL, проект дома 460,98 м², готовый проект дома, визуализация дома, характеристики дома, частный дом, керамзитобетон, catalog-plans.ru"
"Проект дома №57-10AKL1 площадью 194,4 м²",https://raw.githubusercontent.com/nemchenik/test/e701def0cc9a46ab4b2f865eb3c56ffecfe50974/pinterest/generated_batch_51_chromatic_random_static/57-10AKL1.jpg,Проекты частных домов,,"Готовый проект дома №57-10AKL1 площадью 194,4 м²: 2 этажа, габариты 10.68×13.33 м, материал стен — кирпич. Архитектурная визуализация и ключевые характеристики собраны на одной карточке. Сохраните проект и откройте каталог, чтобы посмотреть подробности и актуальную стоимость.",https://catalog-plans.ru/catalog/57-10AKL1?utm_source=pinterest&utm_medium=organic&utm_campaign=generated_chromatic_random_static_batch_51&utm_content=pin_9638_57-10AKL1_chromatic&utm_term=proekty-chastnyh-domov,,"проект дома 57-10AKL1, проект дома 194,4 м², готовый проект дома, визуализация дома, характеристики дома, частный дом, кирпич, catalog-plans.ru"
"Проект дома №38-56 площадью 385,6 м²",https://raw.githubusercontent.com/nemchenik/test/e701def0cc9a46ab4b2f865eb3c56ffecfe50974/pinterest/generated_batch_51_chromatic_random_static/38-56.jpg,Проекты частных домов,,"Готовый проект дома №38-56 площадью 385,6 м²: 2 этажа, габариты 12.69×19.91 м, материал стен — кирпич. Архитектурная визуализация и ключевые характеристики собраны на одной карточке. Сохраните проект и откройте каталог, чтобы посмотреть подробности и актуальную стоимость.",https://catalog-plans.ru/catalog/38-56?utm_source=pinterest&utm_medium=organic&utm_campaign=generated_chromatic_random_static_batch_51&utm_content=pin_9639_38-56_chromatic&utm_term=proekty-chastnyh-domov,,"проект дома 38-56, проект дома 385,6 м², готовый проект дома, визуализация дома, характеристики дома, частный дом, кирпич, catalog-plans.ru"
"Проект дома №34-76 площадью 369,9 м²",https://raw.githubusercontent.com/nemchenik/test/e701def0cc9a46ab4b2f865eb3c56ffecfe50974/pinterest/generated_batch_51_chromatic_random_static/34-76.jpg,Проекты частных домов,,"Готовый проект дома №34-76 площадью 369,9 м²: 2 этажа, габариты 11.32×17.54 м, материал стен — кирпич. Архитектурная визуализация и ключевые характеристики собраны на одной карточке. Сохраните проект и откройте каталог, чтобы посмотреть подробности и актуальную стоимость.",https://catalog-plans.ru/catalog/34-76?utm_source=pinterest&utm_medium=organic&utm_campaign=generated_chromatic_random_static_batch_51&utm_content=pin_9640_34-76_chromatic&utm_term=proekty-chastnyh-domov,,"проект дома 34-76, проект дома 369,9 м², готовый проект дома, визуализация дома, характеристики дома, частный дом, кирпич, catalog-plans.ru"
"Проект дома №59-97F площадью 158,47 м²",https://raw.githubusercontent.com/nemchenik/test/e701def0cc9a46ab4b2f865eb3c56ffecfe50974/pinterest/generated_batch_51_chromatic_random_static/59-97F.jpg,Проекты частных домов,,"Готовый проект дома №59-97F площадью 158,47 м²: 2 этажа, габариты 10.4×11.5 м, материал стен — газобетон. Архитектурная визуализация и ключевые характеристики собраны на одной карточке. Сохраните проект и откройте каталог, чтобы посмотреть подробности и актуальную стоимость.",https://catalog-plans.ru/catalog/59-97F?utm_source=pinterest&utm_medium=organic&utm_campaign=generated_chromatic_random_static_batch_51&utm_content=pin_9641_59-97F_chromatic&utm_term=proekty-chastnyh-domov,,"проект дома 59-97F, проект дома 158,47 м², готовый проект дома, визуализация дома, характеристики дома, частный дом, газобетон, catalog-plans.ru"
Проект дома №10-11 площадью 166 м²,https://raw.githubusercontent.com/nemchenik/test/e701def0cc9a46ab4b2f865eb3c56ffecfe50974/pinterest/generated_batch_51_chromatic_random_static/10-11.jpg,Проекты частных домов,,"Готовый проект дома №10-11 площадью 166 м²: 2 этажа, габариты 10.8×18.3 м, материал стен — дерево. Архитектурная визуализация и ключевые характеристики собраны на одной карточке. Сохраните проект и откройте каталог, чтобы посмотреть подробности и актуальную стоимость.",https://catalog-plans.ru/catalog/10-11?utm_source=pinterest&utm_medium=organic&utm_campaign=generated_chromatic_random_static_batch_51&utm_content=pin_9642_10-11_chromatic&utm_term=proekty-chastnyh-domov,,"проект дома 10-11, проект дома 166 м², готовый проект дома, визуализация дома, характеристики дома, частный дом, дерево, catalog-plans.ru"
"Проект дома №45-63AKL площадью 207,47 м²",https://raw.githubusercontent.com/nemchenik/test/e701def0cc9a46ab4b2f865eb3c56ffecfe50974/pinterest/generated_batch_51_chromatic_random_static/45-63AKL.jpg,Проекты частных домов,,"Готовый проект дома №45-63AKL площадью 207,47 м²: 2 этажа, габариты 10.93×17.42 м, материал стен — кирпич. Архитектурная визуализация и ключевые характеристики собраны на одной карточке. Сохраните проект и откройте каталог, чтобы посмотреть подробности и актуальную стоимость.",https://catalog-plans.ru/catalog/45-63AKL?utm_source=pinterest&utm_medium=organic&utm_campaign=generated_chromatic_random_static_batch_51&utm_content=pin_9643_45-63AKL_chromatic&utm_term=proekty-chastnyh-domov,,"проект дома 45-63AKL, проект дома 207,47 м², готовый проект дома, визуализация дома, характеристики дома, частный дом, кирпич, catalog-plans.ru"
"Проект дома №40-75FL площадью 162,75 м²",https://raw.githubusercontent.com/nemchenik/test/e701def0cc9a46ab4b2f865eb3c56ffecfe50974/pinterest/generated_batch_51_chromatic_random_static/40-75FL.jpg,Проекты частных домов,,"Готовый проект дома №40-75FL площадью 162,75 м²: 2 этажа, габариты 12.86×13.76 м, материал стен — кирпич. Архитектурная визуализация и ключевые характеристики собраны на одной карточке. Сохраните проект и откройте каталог, чтобы посмотреть подробности и актуальную стоимость.",https://catalog-plans.ru/catalog/40-75FL?utm_source=pinterest&utm_medium=organic&utm_campaign=generated_chromatic_random_static_batch_51&utm_content=pin_9644_40-75FL_chromatic&utm_term=proekty-chastnyh-domov,,"проект дома 40-75FL, проект дома 162,75 м², готовый проект дома, визуализация дома, характеристики дома, частный дом, кирпич, catalog-plans.ru"
"Проект дома №46-63A площадью 394,65 м²",https://raw.githubusercontent.com/nemchenik/test/e701def0cc9a46ab4b2f865eb3c56ffecfe50974/pinterest/generated_batch_51_chromatic_random_static/46-63A.jpg,Проекты частных домов,,"Готовый проект дома №46-63A площадью 394,65 м²: 2 этажа, габариты 14.51×15.57 м, материал стен — кирпич. Архитектурная визуализация и ключевые характеристики собраны на одной карточке. Сохраните проект и откройте каталог, чтобы посмотреть подробности и актуальную стоимость.",https://catalog-plans.ru/catalog/46-63A?utm_source=pinterest&utm_medium=organic&utm_campaign=generated_chromatic_random_static_batch_51&utm_content=pin_9645_46-63A_chromatic&utm_term=proekty-chastnyh-domov,,"проект дома 46-63A, проект дома 394,65 м², готовый проект дома, визуализация дома, характеристики дома, частный дом, кирпич, catalog-plans.ru"
"Проект дома №32-86 площадью 343,5 м²",https://raw.githubusercontent.com/nemchenik/test/e701def0cc9a46ab4b2f865eb3c56ffecfe50974/pinterest/generated_batch_51_chromatic_random_static/32-86.jpg,Проекты частных домов,,"Готовый проект дома №32-86 площадью 343,5 м²: 3 этажа, габариты 12.4×12.8 м, материал стен — кирпич. Архитектурная визуализация и ключевые характеристики собраны на одной карточке. Сохраните проект и откройте каталог, чтобы посмотреть подробности и актуальную стоимость.",https://catalog-plans.ru/catalog/32-86?utm_source=pinterest&utm_medium=organic&utm_campaign=generated_chromatic_random_static_batch_51&utm_content=pin_9646_32-86_chromatic&utm_term=proekty-chastnyh-domov,,"проект дома 32-86, проект дома 343,5 м², готовый проект дома, визуализация дома, характеристики дома, частный дом, кирпич, catalog-plans.ru"
"Проект дома №62-38YK1 площадью 245,24 м²",https://raw.githubusercontent.com/nemchenik/test/e701def0cc9a46ab4b2f865eb3c56ffecfe50974/pinterest/generated_batch_51_chromatic_random_static/62-38YK1.jpg,Проекты частных домов,,"Готовый проект дома №62-38YK1 площадью 245,24 м²: 2 этажа, габариты 12.66×18.46 м, материал стен — кирпич. Архитектурная визуализация и ключевые характеристики собраны на одной карточке. Сохраните проект и откройте каталог, чтобы посмотреть подробности и актуальную стоимость.",https://catalog-plans.ru/catalog/62-38YK1?utm_source=pinterest&utm_medium=organic&utm_campaign=generated_chromatic_random_static_batch_51&utm_content=pin_9647_62-38YK1_chromatic&utm_term=proekty-chastnyh-domov,,"проект дома 62-38YK1, проект дома 245,24 м², готовый проект дома, визуализация дома, характеристики дома, частный дом, кирпич, catalog-plans.ru"
"Проект дома №45-64ZFGL площадью 347,16 м²",https://raw.githubusercontent.com/nemchenik/test/e701def0cc9a46ab4b2f865eb3c56ffecfe50974/pinterest/generated_batch_51_chromatic_random_static/45-64ZFGL.jpg,Проекты частных домов,,"Готовый проект дома №45-64ZFGL площадью 347,16 м²: 2 этажа, габариты 14.19×19.9 м, материал стен — газобетон. Архитектурная визуализация и ключевые характеристики собраны на одной карточке. Сохраните проект и откройте каталог, чтобы посмотреть подробности и актуальную стоимость.",https://catalog-plans.ru/catalog/45-64ZFGL?utm_source=pinterest&utm_medium=organic&utm_campaign=generated_chromatic_random_static_batch_51&utm_content=pin_9648_45-64ZFGL_chromatic&utm_term=proekty-chastnyh-domov,,"проект дома 45-64ZFGL, проект дома 347,16 м², готовый проект дома, визуализация дома, характеристики дома, частный дом, газобетон, catalog-plans.ru"
"Проект дома №61-31 площадью 169,89 м²",https://raw.githubusercontent.com/nemchenik/test/e701def0cc9a46ab4b2f865eb3c56ffecfe50974/pinterest/generated_batch_51_chromatic_random_static/61-31.jpg,Проекты частных домов,,"Готовый проект дома №61-31 площадью 169,89 м²: 2 этажа, габариты 10×12 м, материал стен — газобетон. Архитектурная визуализация и ключевые характеристики собраны на одной карточке. Сохраните проект и откройте каталог, чтобы посмотреть подробности и актуальную стоимость.",https://catalog-plans.ru/catalog/61-31?utm_source=pinterest&utm_medium=organic&utm_campaign=generated_chromatic_random_static_batch_51&utm_content=pin_9649_61-31_chromatic&utm_term=proekty-chastnyh-domov,,"проект дома 61-31, проект дома 169,89 м², готовый проект дома, визуализация дома, характеристики дома, частный дом, газобетон, catalog-plans.ru"
"Проект дома №58-59A площадью 84,24 м²",https://raw.githubusercontent.com/nemchenik/test/e701def0cc9a46ab4b2f865eb3c56ffecfe50974/pinterest/generated_batch_51_chromatic_random_static/58-59A.jpg,Проекты частных домов,,"Готовый проект дома №58-59A площадью 84,24 м²: 2 этажа, габариты 7×9 м, материал стен — газобетон. Архитектурная визуализация и ключевые характеристики собраны на одной карточке. Сохраните проект и откройте каталог, чтобы посмотреть подробности и актуальную стоимость.",https://catalog-plans.ru/catalog/58-59A?utm_source=pinterest&utm_medium=organic&utm_campaign=generated_chromatic_random_static_batch_51&utm_content=pin_9650_58-59A_chromatic&utm_term=proekty-chastnyh-domov,,"проект дома 58-59A, проект дома 84,24 м², готовый проект дома, визуализация дома, характеристики дома, частный дом, газобетон, catalog-plans.ru"
"Проект дома №68-17 площадью 147,97 м²",https://raw.githubusercontent.com/nemchenik/test/e701def0cc9a46ab4b2f865eb3c56ffecfe50974/pinterest/generated_batch_51_chromatic_random_static/68-17.jpg,Проекты частных домов,,"Готовый проект дома №68-17 площадью 147,97 м²: 1 этаж, габариты 15.1×15.16 м, материал стен — монолитный каркас. Архитектурная визуализация и ключевые характеристики собраны на одной карточке. Сохраните проект и откройте каталог, чтобы посмотреть подробности и актуальную стоимость.",https://catalog-plans.ru/catalog/68-17?utm_source=pinterest&utm_medium=organic&utm_campaign=generated_chromatic_random_static_batch_51&utm_content=pin_9651_68-17_chromatic&utm_term=proekty-chastnyh-domov,,"проект дома 68-17, проект дома 147,97 м², готовый проект дома, визуализация дома, характеристики дома, частный дом, монолитный каркас, catalog-plans.ru"
"Проект дома №58-70FL площадью 141,04 м²",https://raw.githubusercontent.com/nemchenik/test/e701def0cc9a46ab4b2f865eb3c56ffecfe50974/pinterest/generated_batch_51_chromatic_random_static/58-70FL.jpg,Проекты частных домов,,"Готовый проект дома №58-70FL площадью 141,04 м²: 1 этаж, габариты 12.71×14 м, материал стен — газобетон. Архитектурная визуализация и ключевые характеристики собраны на одной карточке. Сохраните проект и откройте каталог, чтобы посмотреть подробности и актуальную стоимость.",https://catalog-plans.ru/catalog/58-70FL?utm_source=pinterest&utm_medium=organic&utm_campaign=generated_chromatic_random_static_batch_51&utm_content=pin_9652_58-70FL_chromatic&utm_term=proekty-chastnyh-domov,,"проект дома 58-70FL, проект дома 141,04 м², готовый проект дома, визуализация дома, характеристики дома, частный дом, газобетон, catalog-plans.ru"
Проект дома №32-40 площадью 208 м²,https://raw.githubusercontent.com/nemchenik/test/e701def0cc9a46ab4b2f865eb3c56ffecfe50974/pinterest/generated_batch_51_chromatic_random_static/32-40.jpg,Проекты частных домов,,"Готовый проект дома №32-40 площадью 208 м²: 2 этажа, габариты 10.4×12 м, материал стен — кирпич. Архитектурная визуализация и ключевые характеристики собраны на одной карточке. Сохраните проект и откройте каталог, чтобы посмотреть подробности и актуальную стоимость.",https://catalog-plans.ru/catalog/32-40?utm_source=pinterest&utm_medium=organic&utm_campaign=generated_chromatic_random_static_batch_51&utm_content=pin_9653_32-40_chromatic&utm_term=proekty-chastnyh-domov,,"проект дома 32-40, проект дома 208 м², готовый проект дома, визуализация дома, характеристики дома, частный дом, кирпич, catalog-plans.ru"
Проект дома №70-61 площадью 48 м²,https://raw.githubusercontent.com/nemchenik/test/e701def0cc9a46ab4b2f865eb3c56ffecfe50974/pinterest/generated_batch_51_chromatic_random_static/70-61.jpg,Проекты частных домов,,"Готовый проект дома №70-61 площадью 48 м²: 1 этаж, габариты 8.34×9.74 м, материал стен — деревянный каркас. Архитектурная визуализация и ключевые характеристики собраны на одной карточке. Сохраните проект и откройте каталог, чтобы посмотреть подробности и актуальную стоимость.",https://catalog-plans.ru/catalog/70-61?utm_source=pinterest&utm_medium=organic&utm_campaign=generated_chromatic_random_static_batch_51&utm_content=pin_9654_70-61_chromatic&utm_term=proekty-chastnyh-domov,,"проект дома 70-61, проект дома 48 м², готовый проект дома, визуализация дома, характеристики дома, частный дом, деревянный каркас, catalog-plans.ru"
"Проект дома №38-54 площадью 324,5 м²",https://raw.githubusercontent.com/nemchenik/test/e701def0cc9a46ab4b2f865eb3c56ffecfe50974/pinterest/generated_batch_51_chromatic_random_static/38-54.jpg,Проекты частных домов,,"Готовый проект дома №38-54 площадью 324,5 м²: 2 этажа, габариты 13.5×15.49 м, материал стен — кирпич. Архитектурная визуализация и ключевые характеристики собраны на одной карточке. Сохраните проект и откройте каталог, чтобы посмотреть подробности и актуальную стоимость.",https://catalog-plans.ru/catalog/38-54?utm_source=pinterest&utm_medium=organic&utm_campaign=generated_chromatic_random_static_batch_51&utm_content=pin_9655_38-54_chromatic&utm_term=proekty-chastnyh-domov,,"проект дома 38-54, проект дома 324,5 м², готовый проект дома, визуализация дома, характеристики дома, частный дом, кирпич, catalog-plans.ru"
"Проект дома №33-78 площадью 360,1 м²",https://raw.githubusercontent.com/nemchenik/test/e701def0cc9a46ab4b2f865eb3c56ffecfe50974/pinterest/generated_batch_51_chromatic_random_static/33-78.jpg,Проекты частных домов,,"Готовый проект дома №33-78 площадью 360,1 м²: 2 этажа, габариты 16.5×16.9 м, материал стен — кирпич. Архитектурная визуализация и ключевые характеристики собраны на одной карточке. Сохраните проект и откройте каталог, чтобы посмотреть подробности и актуальную стоимость.",https://catalog-plans.ru/catalog/33-78?utm_source=pinterest&utm_medium=organic&utm_campaign=generated_chromatic_random_static_batch_51&utm_content=pin_9656_33-78_chromatic&utm_term=proekty-chastnyh-domov,,"проект дома 33-78, проект дома 360,1 м², готовый проект дома, визуализация дома, характеристики дома, частный дом, кирпич, catalog-plans.ru"
"Проект дома №63-90 площадью 180,98 м²",https://raw.githubusercontent.com/nemchenik/test/e701def0cc9a46ab4b2f865eb3c56ffecfe50974/pinterest/generated_batch_51_chromatic_random_static/63-90.jpg,Проекты частных домов,,"Готовый проект дома №63-90 площадью 180,98 м²: 2 этажа, габариты 10.28×14.92 м, материал стен — монолитный каркас. Архитектурная визуализация и ключевые характеристики собраны на одной карточке. Сохраните проект и откройте каталог, чтобы посмотреть подробности и актуальную стоимость.",https://catalog-plans.ru/catalog/63-90?utm_source=pinterest&utm_medium=organic&utm_campaign=generated_chromatic_random_static_batch_51&utm_content=pin_9657_63-90_chromatic&utm_term=proekty-chastnyh-domov,,"проект дома 63-90, проект дома 180,98 м², готовый проект дома, визуализация дома, характеристики дома, частный дом, монолитный каркас, catalog-plans.ru"
"Проект дома №58-79 площадью 137,01 м²",https://raw.githubusercontent.com/nemchenik/test/e701def0cc9a46ab4b2f865eb3c56ffecfe50974/pinterest/generated_batch_51_chromatic_random_static/58-79.jpg,Проекты частных домов,,"Готовый проект дома №58-79 площадью 137,01 м²: 2 этажа, габариты 9.3×11.55 м, материал стен — газобетон. Архитектурная визуализация и ключевые характеристики собраны на одной карточке. Сохраните проект и откройте каталог, чтобы посмотреть подробности и актуальную стоимость.",https://catalog-plans.ru/catalog/58-79?utm_source=pinterest&utm_medium=organic&utm_campaign=generated_chromatic_random_static_batch_51&utm_content=pin_9658_58-79_chromatic&utm_term=proekty-chastnyh-domov,,"проект дома 58-79, проект дома 137,01 м², готовый проект дома, визуализация дома, характеристики дома, частный дом, газобетон, catalog-plans.ru"
"Проект дома №45-64ENK1L площадью 408,03 м²",https://raw.githubusercontent.com/nemchenik/test/e701def0cc9a46ab4b2f865eb3c56ffecfe50974/pinterest/generated_batch_51_chromatic_random_static/45-64ENK1L.jpg,Проекты частных домов,,"Готовый проект дома №45-64ENK1L площадью 408,03 м²: 2 этажа, габариты 19.92×25.3 м, материал стен — кирпич. Архитектурная визуализация и ключевые характеристики собраны на одной карточке. Сохраните проект и откройте каталог, чтобы посмотреть подробности и актуальную стоимость.",https://catalog-plans.ru/catalog/45-64ENK1L?utm_source=pinterest&utm_medium=organic&utm_campaign=generated_chromatic_random_static_batch_51&utm_content=pin_9659_45-64ENK1L_chromatic&utm_term=proekty-chastnyh-domov,,"проект дома 45-64ENK1L, проект дома 408,03 м², готовый проект дома, визуализация дома, характеристики дома, частный дом, кирпич, catalog-plans.ru"
"Проект дома №15-02 площадью 145,3 м²",https://raw.githubusercontent.com/nemchenik/test/e701def0cc9a46ab4b2f865eb3c56ffecfe50974/pinterest/generated_batch_51_chromatic_random_static/15-02.jpg,Проекты частных домов,,"Готовый проект дома №15-02 площадью 145,3 м²: 2 этажа, габариты 9.6×9.7 м, материал стен — дерево. Архитектурная визуализация и ключевые характеристики собраны на одной карточке. Сохраните проект и откройте каталог, чтобы посмотреть подробности и актуальную стоимость.",https://catalog-plans.ru/catalog/15-02?utm_source=pinterest&utm_medium=organic&utm_campaign=generated_chromatic_random_static_batch_51&utm_content=pin_9660_15-02_chromatic&utm_term=proekty-chastnyh-domov,,"проект дома 15-02, проект дома 145,3 м², готовый проект дома, визуализация дома, характеристики дома, частный дом, дерево, catalog-plans.ru"
"Проект дома №35-23 площадью 457,1 м²",https://raw.githubusercontent.com/nemchenik/test/e701def0cc9a46ab4b2f865eb3c56ffecfe50974/pinterest/generated_batch_51_chromatic_random_static/35-23.jpg,Проекты частных домов,,"Готовый проект дома №35-23 площадью 457,1 м²: 2 этажа, габариты 21.6×24.6 м, материал стен — кирпич. Архитектурная визуализация и ключевые характеристики собраны на одной карточке. Сохраните проект и откройте каталог, чтобы посмотреть подробности и актуальную стоимость.",https://catalog-plans.ru/catalog/35-23?utm_source=pinterest&utm_medium=organic&utm_campaign=generated_chromatic_random_static_batch_51&utm_content=pin_9661_35-23_chromatic&utm_term=proekty-chastnyh-domov,,"проект дома 35-23, проект дома 457,1 м², готовый проект дома, визуализация дома, характеристики дома, частный дом, кирпич, catalog-plans.ru"
"Проект дома №40-11N площадью 244,05 м²",https://raw.githubusercontent.com/nemchenik/test/e701def0cc9a46ab4b2f865eb3c56ffecfe50974/pinterest/generated_batch_51_chromatic_random_static/40-11N.jpg,Проекты частных домов,,"Готовый проект дома №40-11N площадью 244,05 м²: 3 этажа, габариты 13.64×13.88 м, материал стен — газобетон. Архитектурная визуализация и ключевые характеристики собраны на одной карточке. Сохраните проект и откройте каталог, чтобы посмотреть подробности и актуальную стоимость.",https://catalog-plans.ru/catalog/40-11N?utm_source=pinterest&utm_medium=organic&utm_campaign=generated_chromatic_random_static_batch_51&utm_content=pin_9662_40-11N_chromatic&utm_term=proekty-chastnyh-domov,,"проект дома 40-11N, проект дома 244,05 м², готовый проект дома, визуализация дома, характеристики дома, частный дом, газобетон, catalog-plans.ru"
"Проект дома №45-71AL площадью 220,74 м²",https://raw.githubusercontent.com/nemchenik/test/e701def0cc9a46ab4b2f865eb3c56ffecfe50974/pinterest/generated_batch_51_chromatic_random_static/45-71AL.jpg,Проекты частных домов,,"Готовый проект дома №45-71AL площадью 220,74 м²: 2 этажа, габариты 11×30 м, материал стен — кирпич. Архитектурная визуализация и ключевые характеристики собраны на одной карточке. Сохраните проект и откройте каталог, чтобы посмотреть подробности и актуальную стоимость.",https://catalog-plans.ru/catalog/45-71AL?utm_source=pinterest&utm_medium=organic&utm_campaign=generated_chromatic_random_static_batch_51&utm_content=pin_9663_45-71AL_chromatic&utm_term=proekty-chastnyh-domov,,"проект дома 45-71AL, проект дома 220,74 м², готовый проект дома, визуализация дома, характеристики дома, частный дом, кирпич, catalog-plans.ru"
"Проект дома №57-52EL площадью 261,5 м²",https://raw.githubusercontent.com/nemchenik/test/e701def0cc9a46ab4b2f865eb3c56ffecfe50974/pinterest/generated_batch_51_chromatic_random_static/57-52EL.jpg,Проекты частных домов,,"Готовый проект дома №57-52EL площадью 261,5 м²: 2 этажа, габариты 12.2×15 м, материал стен — газобетон. Архитектурная визуализация и ключевые характеристики собраны на одной карточке. Сохраните проект и откройте каталог, чтобы посмотреть подробности и актуальную стоимость.",https://catalog-plans.ru/catalog/57-52EL?utm_source=pinterest&utm_medium=organic&utm_campaign=generated_chromatic_random_static_batch_51&utm_content=pin_9664_57-52EL_chromatic&utm_term=proekty-chastnyh-domov,,"проект дома 57-52EL, проект дома 261,5 м², готовый проект дома, визуализация дома, характеристики дома, частный дом, газобетон, catalog-plans.ru"
"Проект дома №48-21BL площадью 210,99 м²",https://raw.githubusercontent.com/nemchenik/test/e701def0cc9a46ab4b2f865eb3c56ffecfe50974/pinterest/generated_batch_51_chromatic_random_static/48-21BL.jpg,Проекты частных домов,,"Готовый проект дома №48-21BL площадью 210,99 м²: 2 этажа, габариты 13.35×13.74 м, материал стен — кирпич. Архитектурная визуализация и ключевые характеристики собраны на одной карточке. Сохраните проект и откройте каталог, чтобы посмотреть подробности и актуальную стоимость.",https://catalog-plans.ru/catalog/48-21BL?utm_source=pinterest&utm_medium=organic&utm_campaign=generated_chromatic_random_static_batch_51&utm_content=pin_9665_48-21BL_chromatic&utm_term=proekty-chastnyh-domov,,"проект дома 48-21BL, проект дома 210,99 м², готовый проект дома, визуализация дома, характеристики дома, частный дом, кирпич, catalog-plans.ru"
"Проект дома №63-51 площадью 183,48 м²",https://raw.githubusercontent.com/nemchenik/test/e701def0cc9a46ab4b2f865eb3c56ffecfe50974/pinterest/generated_batch_51_chromatic_random_static/63-51.jpg,Проекты частных домов,,"Готовый проект дома №63-51 площадью 183,48 м²: 2 этажа, габариты 9.01×16.38 м, материал стен — газобетон. Архитектурная визуализация и ключевые характеристики собраны на одной карточке. Сохраните проект и откройте каталог, чтобы посмотреть подробности и актуальную стоимость.",https://catalog-plans.ru/catalog/63-51?utm_source=pinterest&utm_medium=organic&utm_campaign=generated_chromatic_random_static_batch_51&utm_content=pin_9666_63-51_chromatic&utm_term=proekty-chastnyh-domov,,"проект дома 63-51, проект дома 183,48 м², готовый проект дома, визуализация дома, характеристики дома, частный дом, газобетон, catalog-plans.ru"
"Проект дома №62-71XN площадью 413,18 м²",https://raw.githubusercontent.com/nemchenik/test/e701def0cc9a46ab4b2f865eb3c56ffecfe50974/pinterest/generated_batch_51_chromatic_random_static/62-71XN.jpg,Проекты частных домов,,"Готовый проект дома №62-71XN площадью 413,18 м²: 3 этажа, габариты 13.85×17.7 м, материал стен — монолитный каркас. Архитектурная визуализация и ключевые характеристики собраны на одной карточке. Сохраните проект и откройте каталог, чтобы посмотреть подробности и актуальную стоимость.",https://catalog-plans.ru/catalog/62-71XN?utm_source=pinterest&utm_medium=organic&utm_campaign=generated_chromatic_random_static_batch_51&utm_content=pin_9667_62-71XN_chromatic&utm_term=proekty-chastnyh-domov,,"проект дома 62-71XN, проект дома 413,18 м², готовый проект дома, визуализация дома, характеристики дома, частный дом, монолитный каркас, catalog-plans.ru"
"Проект дома №53-72 площадью 534,3 м²",https://raw.githubusercontent.com/nemchenik/test/e701def0cc9a46ab4b2f865eb3c56ffecfe50974/pinterest/generated_batch_51_chromatic_random_static/53-72.jpg,Проекты частных домов,,"Готовый проект дома №53-72 площадью 534,3 м²: 3 этажа, габариты 14×48 м, материал стен — газобетон. Архитектурная визуализация и ключевые характеристики собраны на одной карточке. Сохраните проект и откройте каталог, чтобы посмотреть подробности и актуальную стоимость.",https://catalog-plans.ru/catalog/53-72?utm_source=pinterest&utm_medium=organic&utm_campaign=generated_chromatic_random_static_batch_51&utm_content=pin_9668_53-72_chromatic&utm_term=proekty-chastnyh-domov,,"проект дома 53-72, проект дома 534,3 м², готовый проект дома, визуализация дома, характеристики дома, частный дом, газобетон, catalog-plans.ru"
"Проект дома №46-45K1L площадью 611,91 м²",https://raw.githubusercontent.com/nemchenik/test/e701def0cc9a46ab4b2f865eb3c56ffecfe50974/pinterest/generated_batch_51_chromatic_random_static/46-45K1L.jpg,Проекты частных домов,,"Готовый проект дома №46-45K1L площадью 611,91 м²: 2 этажа, габариты 13.66×33.23 м, материал стен — монолитный каркас. Архитектурная визуализация и ключевые характеристики собраны на одной карточке. Сохраните проект и откройте каталог, чтобы посмотреть подробности и актуальную стоимость.",https://catalog-plans.ru/catalog/46-45K1L?utm_source=pinterest&utm_medium=organic&utm_campaign=generated_chromatic_random_static_batch_51&utm_content=pin_9669_46-45K1L_chromatic&utm_term=proekty-chastnyh-domov,,"проект дома 46-45K1L, проект дома 611,91 м², готовый проект дома, визуализация дома, характеристики дома, частный дом, монолитный каркас, catalog-plans.ru"
"Проект дома №48-20B площадью 133,93 м²",https://raw.githubusercontent.com/nemchenik/test/e701def0cc9a46ab4b2f865eb3c56ffecfe50974/pinterest/generated_batch_51_chromatic_random_static/48-20B.jpg,Проекты частных домов,,"Готовый проект дома №48-20B площадью 133,93 м²: 2 этажа, габариты 11.9×13.28 м, материал стен — кирпич. Архитектурная визуализация и ключевые характеристики собраны на одной карточке. Сохраните проект и откройте каталог, чтобы посмотреть подробности и актуальную стоимость.",https://catalog-plans.ru/catalog/48-20B?utm_source=pinterest&utm_medium=organic&utm_campaign=generated_chromatic_random_static_batch_51&utm_content=pin_9670_48-20B_chromatic&utm_term=proekty-chastnyh-domov,,"проект дома 48-20B, проект дома 133,93 м², готовый проект дома, визуализация дома, характеристики дома, частный дом, кирпич, catalog-plans.ru"
"Проект дома №64-08K2L площадью 299,81 м²",https://raw.githubusercontent.com/nemchenik/test/e701def0cc9a46ab4b2f865eb3c56ffecfe50974/pinterest/generated_batch_51_chromatic_random_static/64-08K2L.jpg,Проекты частных домов,,"Готовый проект дома №64-08K2L площадью 299,81 м²: 2 этажа, габариты 16.5×17.1 м, материал стен — кирпич. Архитектурная визуализация и ключевые характеристики собраны на одной карточке. Сохраните проект и откройте каталог, чтобы посмотреть подробности и актуальную стоимость.",https://catalog-plans.ru/catalog/64-08K2L?utm_source=pinterest&utm_medium=organic&utm_campaign=generated_chromatic_random_static_batch_51&utm_content=pin_9671_64-08K2L_chromatic&utm_term=proekty-chastnyh-domov,,"проект дома 64-08K2L, проект дома 299,81 м², готовый проект дома, визуализация дома, характеристики дома, частный дом, кирпич, catalog-plans.ru"
"Проект дома №35-25 площадью 231,6 м²",https://raw.githubusercontent.com/nemchenik/test/e701def0cc9a46ab4b2f865eb3c56ffecfe50974/pinterest/generated_batch_51_chromatic_random_static/35-25.jpg,Проекты частных домов,,"Готовый проект дома №35-25 площадью 231,6 м²: 2 этажа, габариты 11.58×15.18 м, материал стен — кирпич. Архитектурная визуализация и ключевые характеристики собраны на одной карточке. Сохраните проект и откройте каталог, чтобы посмотреть подробности и актуальную стоимость.",https://catalog-plans.ru/catalog/35-25?utm_source=pinterest&utm_medium=organic&utm_campaign=generated_chromatic_random_static_batch_51&utm_content=pin_9672_35-25_chromatic&utm_term=proekty-chastnyh-domov,,"проект дома 35-25, проект дома 231,6 м², готовый проект дома, визуализация дома, характеристики дома, частный дом, кирпич, catalog-plans.ru"
"Проект дома №40-31 площадью 182,9 м²",https://raw.githubusercontent.com/nemchenik/test/e701def0cc9a46ab4b2f865eb3c56ffecfe50974/pinterest/generated_batch_51_chromatic_random_static/40-31.jpg,Проекты частных домов,,"Готовый проект дома №40-31 площадью 182,9 м²: 2 этажа, габариты 11.46×12.3 м, материал стен — кирпич. Архитектурная визуализация и ключевые характеристики собраны на одной карточке. Сохраните проект и откройте каталог, чтобы посмотреть подробности и актуальную стоимость.",https://catalog-plans.ru/catalog/40-31?utm_source=pinterest&utm_medium=organic&utm_campaign=generated_chromatic_random_static_batch_51&utm_content=pin_9673_40-31_chromatic&utm_term=proekty-chastnyh-domov,,"проект дома 40-31, проект дома 182,9 м², готовый проект дома, визуализация дома, характеристики дома, частный дом, кирпич, catalog-plans.ru"
"Проект дома №30-52 площадью 377,3 м²",https://raw.githubusercontent.com/nemchenik/test/e701def0cc9a46ab4b2f865eb3c56ffecfe50974/pinterest/generated_batch_51_chromatic_random_static/30-52.jpg,Проекты частных домов,,"Готовый проект дома №30-52 площадью 377,3 м²: 2 этажа, габариты 14.7×18.7 м, материал стен — кирпич. Архитектурная визуализация и ключевые характеристики собраны на одной карточке. Сохраните проект и откройте каталог, чтобы посмотреть подробности и актуальную стоимость.",https://catalog-plans.ru/catalog/30-52?utm_source=pinterest&utm_medium=organic&utm_campaign=generated_chromatic_random_static_batch_51&utm_content=pin_9674_30-52_chromatic&utm_term=proekty-chastnyh-domov,,"проект дома 30-52, проект дома 377,3 м², готовый проект дома, визуализация дома, характеристики дома, частный дом, кирпич, catalog-plans.ru"
"Проект дома №64-30 площадью 108,21 м²",https://raw.githubusercontent.com/nemchenik/test/e701def0cc9a46ab4b2f865eb3c56ffecfe50974/pinterest/generated_batch_51_chromatic_random_static/64-30.jpg,Проекты частных домов,,"Готовый проект дома №64-30 площадью 108,21 м²: 2 этажа, габариты 7×14 м, материал стен — газобетон. Архитектурная визуализация и ключевые характеристики собраны на одной карточке. Сохраните проект и откройте каталог, чтобы посмотреть подробности и актуальную стоимость.",https://catalog-plans.ru/catalog/64-30?utm_source=pinterest&utm_medium=organic&utm_campaign=generated_chromatic_random_static_batch_51&utm_content=pin_9675_64-30_chromatic&utm_term=proekty-chastnyh-domov,,"проект дома 64-30, проект дома 108,21 м², готовый проект дома, визуализация дома, характеристики дома, частный дом, газобетон, catalog-plans.ru"
"Проект дома №63-31A площадью 92,56 м²",https://raw.githubusercontent.com/nemchenik/test/e701def0cc9a46ab4b2f865eb3c56ffecfe50974/pinterest/generated_batch_51_chromatic_random_static/63-31A.jpg,Проекты частных домов,,"Готовый проект дома №63-31A площадью 92,56 м²: 1 этаж, габариты 9.3×13.5 м, материал стен — газобетон. Архитектурная визуализация и ключевые характеристики собраны на одной карточке. Сохраните проект и откройте каталог, чтобы посмотреть подробности и актуальную стоимость.",https://catalog-plans.ru/catalog/63-31A?utm_source=pinterest&utm_medium=organic&utm_campaign=generated_chromatic_random_static_batch_51&utm_content=pin_9676_63-31A_chromatic&utm_term=proekty-chastnyh-domov,,"проект дома 63-31A, проект дома 92,56 м², готовый проект дома, визуализация дома, характеристики дома, частный дом, газобетон, catalog-plans.ru"
"Проект дома №59-69 площадью 84,49 м²",https://raw.githubusercontent.com/nemchenik/test/e701def0cc9a46ab4b2f865eb3c56ffecfe50974/pinterest/generated_batch_51_chromatic_random_static/59-69.jpg,Проекты частных домов,,"Готовый проект дома №59-69 площадью 84,49 м²: 2 этажа, габариты 8.77×9.65 м, материал стен — газобетон. Архитектурная визуализация и ключевые характеристики собраны на одной карточке. Сохраните проект и откройте каталог, чтобы посмотреть подробности и актуальную стоимость.",https://catalog-plans.ru/catalog/59-69?utm_source=pinterest&utm_medium=organic&utm_campaign=generated_chromatic_random_static_batch_51&utm_content=pin_9677_59-69_chromatic&utm_term=proekty-chastnyh-domov,,"проект дома 59-69, проект дома 84,49 м², готовый проект дома, визуализация дома, характеристики дома, частный дом, газобетон, catalog-plans.ru"
"Проект дома №57-63H площадью 148,83 м²",https://raw.githubusercontent.com/nemchenik/test/e701def0cc9a46ab4b2f865eb3c56ffecfe50974/pinterest/generated_batch_51_chromatic_random_static/57-63H.jpg,Проекты частных домов,,"Готовый проект дома №57-63H площадью 148,83 м²: 2 этажа, габариты 9.7×12.3 м, материал стен — газобетон. Архитектурная визуализация и ключевые характеристики собраны на одной карточке. Сохраните проект и откройте каталог, чтобы посмотреть подробности и актуальную стоимость.",https://catalog-plans.ru/catalog/57-63H?utm_source=pinterest&utm_medium=organic&utm_campaign=generated_chromatic_random_static_batch_51&utm_content=pin_9678_57-63H_chromatic&utm_term=proekty-chastnyh-domov,,"проект дома 57-63H, проект дома 148,83 м², готовый проект дома, визуализация дома, характеристики дома, частный дом, газобетон, catalog-plans.ru"
"Проект дома №68-48 площадью 136,27 м²",https://raw.githubusercontent.com/nemchenik/test/e701def0cc9a46ab4b2f865eb3c56ffecfe50974/pinterest/generated_batch_51_chromatic_random_static/68-48.jpg,Проекты частных домов,,"Готовый проект дома №68-48 площадью 136,27 м²: 2 этажа, габариты 8.1×11.4 м, материал стен — газобетон. Архитектурная визуализация и ключевые характеристики собраны на одной карточке. Сохраните проект и откройте каталог, чтобы посмотреть подробности и актуальную стоимость.",https://catalog-plans.ru/catalog/68-48?utm_source=pinterest&utm_medium=organic&utm_campaign=generated_chromatic_random_static_batch_51&utm_content=pin_9679_68-48_chromatic&utm_term=proekty-chastnyh-domov,,"проект дома 68-48, проект дома 136,27 м², готовый проект дома, визуализация дома, характеристики дома, частный дом, газобетон, catalog-plans.ru"
Проект дома №34-71 площадью 323 м²,https://raw.githubusercontent.com/nemchenik/test/e701def0cc9a46ab4b2f865eb3c56ffecfe50974/pinterest/generated_batch_51_chromatic_random_static/34-71.jpg,Проекты частных домов,,"Готовый проект дома №34-71 площадью 323 м²: 2 этажа, габариты 16.49×25.215 м, материал стен — газобетон. Архитектурная визуализация и ключевые характеристики собраны на одной карточке. Сохраните проект и откройте каталог, чтобы посмотреть подробности и актуальную стоимость.",https://catalog-plans.ru/catalog/34-71?utm_source=pinterest&utm_medium=organic&utm_campaign=generated_chromatic_random_static_batch_51&utm_content=pin_9680_34-71_chromatic&utm_term=proekty-chastnyh-domov,,"проект дома 34-71, проект дома 323 м², готовый проект дома, визуализация дома, характеристики дома, частный дом, газобетон, catalog-plans.ru"
"Проект дома №10-28 площадью 168,71 м²",https://raw.githubusercontent.com/nemchenik/test/e701def0cc9a46ab4b2f865eb3c56ffecfe50974/pinterest/generated_batch_51_chromatic_random_static/10-28.jpg,Проекты частных домов,,"Готовый проект дома №10-28 площадью 168,71 м²: 2 этажа, габариты 9×12 м, материал стен — дерево. Архитектурная визуализация и ключевые характеристики собраны на одной карточке. Сохраните проект и откройте каталог, чтобы посмотреть подробности и актуальную стоимость.",https://catalog-plans.ru/catalog/10-28?utm_source=pinterest&utm_medium=organic&utm_campaign=generated_chromatic_random_static_batch_51&utm_content=pin_9681_10-28_chromatic&utm_term=proekty-chastnyh-domov,,"проект дома 10-28, проект дома 168,71 м², готовый проект дома, визуализация дома, характеристики дома, частный дом, дерево, catalog-plans.ru"
"Проект дома №51-28 площадью 155,7 м²",https://raw.githubusercontent.com/nemchenik/test/e701def0cc9a46ab4b2f865eb3c56ffecfe50974/pinterest/generated_batch_51_chromatic_random_static/51-28.jpg,Проекты частных домов,,"Готовый проект дома №51-28 площадью 155,7 м²: 2 этажа, габариты 10.7×11 м, материал стен — газобетон. Архитектурная визуализация и ключевые характеристики собраны на одной карточке. Сохраните проект и откройте каталог, чтобы посмотреть подробности и актуальную стоимость.",https://catalog-plans.ru/catalog/51-28?utm_source=pinterest&utm_medium=organic&utm_campaign=generated_chromatic_random_static_batch_51&utm_content=pin_9682_51-28_chromatic&utm_term=proekty-chastnyh-domov,,"проект дома 51-28, проект дома 155,7 м², готовый проект дома, визуализация дома, характеристики дома, частный дом, газобетон, catalog-plans.ru"
"Проект дома №56-99 площадью 168,23 м²",https://raw.githubusercontent.com/nemchenik/test/e701def0cc9a46ab4b2f865eb3c56ffecfe50974/pinterest/generated_batch_51_chromatic_random_static/56-99.jpg,Проекты частных домов,,"Готовый проект дома №56-99 площадью 168,23 м²: 2 этажа, габариты 11×12 м, материал стен — газобетон. Архитектурная визуализация и ключевые характеристики собраны на одной карточке. Сохраните проект и откройте каталог, чтобы посмотреть подробности и актуальную стоимость.",https://catalog-plans.ru/catalog/56-99?utm_source=pinterest&utm_medium=organic&utm_campaign=generated_chromatic_random_static_batch_51&utm_content=pin_9683_56-99_chromatic&utm_term=proekty-chastnyh-domov,,"проект дома 56-99, проект дома 168,23 м², готовый проект дома, визуализация дома, характеристики дома, частный дом, газобетон, catalog-plans.ru"
"Проект дома №59-22 площадью 140,11 м²",https://raw.githubusercontent.com/nemchenik/test/e701def0cc9a46ab4b2f865eb3c56ffecfe50974/pinterest/generated_batch_51_chromatic_random_static/59-22.jpg,Проекты частных домов,,"Готовый проект дома №59-22 площадью 140,11 м²: 1 этаж, габариты 12.02×18.58 м, материал стен — газобетон. Архитектурная визуализация и ключевые характеристики собраны на одной карточке. Сохраните проект и откройте каталог, чтобы посмотреть подробности и актуальную стоимость.",https://catalog-plans.ru/catalog/59-22?utm_source=pinterest&utm_medium=organic&utm_campaign=generated_chromatic_random_static_batch_51&utm_content=pin_9684_59-22_chromatic&utm_term=proekty-chastnyh-domov,,"проект дома 59-22, проект дома 140,11 м², готовый проект дома, визуализация дома, характеристики дома, частный дом, газобетон, catalog-plans.ru"
"Проект дома №58-70WA площадью 96,77 м²",https://raw.githubusercontent.com/nemchenik/test/e701def0cc9a46ab4b2f865eb3c56ffecfe50974/pinterest/generated_batch_51_chromatic_random_static/58-70WA.jpg,Проекты частных домов,,"Готовый проект дома №58-70WA площадью 96,77 м²: 1 этаж, габариты 11.1×12.1 м, материал стен — газобетон. Архитектурная визуализация и ключевые характеристики собраны на одной карточке. Сохраните проект и откройте каталог, чтобы посмотреть подробности и актуальную стоимость.",https://catalog-plans.ru/catalog/58-70WA?utm_source=pinterest&utm_medium=organic&utm_campaign=generated_chromatic_random_static_batch_51&utm_content=pin_9685_58-70WA_chromatic&utm_term=proekty-chastnyh-domov,,"проект дома 58-70WA, проект дома 96,77 м², готовый проект дома, визуализация дома, характеристики дома, частный дом, газобетон, catalog-plans.ru"
"Проект дома №59-45 площадью 145,1 м²",https://raw.githubusercontent.com/nemchenik/test/e701def0cc9a46ab4b2f865eb3c56ffecfe50974/pinterest/generated_batch_51_chromatic_random_static/59-45.jpg,Проекты частных домов,,"Готовый проект дома №59-45 площадью 145,1 м²: 2 этажа, габариты 11.53×13.52 м, материал стен — газобетон. Архитектурная визуализация и ключевые характеристики собраны на одной карточке. Сохраните проект и откройте каталог, чтобы посмотреть подробности и актуальную стоимость.",https://catalog-plans.ru/catalog/59-45?utm_source=pinterest&utm_medium=organic&utm_campaign=generated_chromatic_random_static_batch_51&utm_content=pin_9686_59-45_chromatic&utm_term=proekty-chastnyh-domov,,"проект дома 59-45, проект дома 145,1 м², готовый проект дома, визуализация дома, характеристики дома, частный дом, газобетон, catalog-plans.ru"
"Проект дома №58-70XB площадью 98,01 м²",https://raw.githubusercontent.com/nemchenik/test/e701def0cc9a46ab4b2f865eb3c56ffecfe50974/pinterest/generated_batch_51_chromatic_random_static/58-70XB.jpg,Проекты частных домов,,"Готовый проект дома №58-70XB площадью 98,01 м²: 1 этаж, габариты 11.5×12 м, материал стен — газобетон. Архитектурная визуализация и ключевые характеристики собраны на одной карточке. Сохраните проект и откройте каталог, чтобы посмотреть подробности и актуальную стоимость.",https://catalog-plans.ru/catalog/58-70XB?utm_source=pinterest&utm_medium=organic&utm_campaign=generated_chromatic_random_static_batch_51&utm_content=pin_9687_58-70XB_chromatic&utm_term=proekty-chastnyh-domov,,"проект дома 58-70XB, проект дома 98,01 м², готовый проект дома, визуализация дома, характеристики дома, частный дом, газобетон, catalog-plans.ru"
"Проект дома №52-07 площадью 170,6 м²",https://raw.githubusercontent.com/nemchenik/test/e701def0cc9a46ab4b2f865eb3c56ffecfe50974/pinterest/generated_batch_51_chromatic_random_static/52-07.jpg,Проекты частных домов,,"Готовый проект дома №52-07 площадью 170,6 м²: 2 этажа, габариты 9.6×10.3 м, материал стен — ячеистые бетонные блоки. Архитектурная визуализация и ключевые характеристики собраны на одной карточке. Сохраните проект и откройте каталог, чтобы посмотреть подробности и актуальную стоимость.",https://catalog-plans.ru/catalog/52-07?utm_source=pinterest&utm_medium=organic&utm_campaign=generated_chromatic_random_static_batch_51&utm_content=pin_9688_52-07_chromatic&utm_term=proekty-chastnyh-domov,,"проект дома 52-07, проект дома 170,6 м², готовый проект дома, визуализация дома, характеристики дома, частный дом, ячеистые бетонные блоки, catalog-plans.ru"
"Проект дома №13-58 площадью 241,4 м²",https://raw.githubusercontent.com/nemchenik/test/e701def0cc9a46ab4b2f865eb3c56ffecfe50974/pinterest/generated_batch_51_chromatic_random_static/13-58.jpg,Проекты частных домов,,"Готовый проект дома №13-58 площадью 241,4 м²: 2 этажа, габариты 13.3×17.4 м, материал стен — дерево. Архитектурная визуализация и ключевые характеристики собраны на одной карточке. Сохраните проект и откройте каталог, чтобы посмотреть подробности и актуальную стоимость.",https://catalog-plans.ru/catalog/13-58?utm_source=pinterest&utm_medium=organic&utm_campaign=generated_chromatic_random_static_batch_51&utm_content=pin_9689_13-58_chromatic&utm_term=proekty-chastnyh-domov,,"проект дома 13-58, проект дома 241,4 м², готовый проект дома, визуализация дома, характеристики дома, частный дом, дерево, catalog-plans.ru"
"Проект дома №40-56A площадью 328,31 м²",https://raw.githubusercontent.com/nemchenik/test/e701def0cc9a46ab4b2f865eb3c56ffecfe50974/pinterest/generated_batch_51_chromatic_random_static/40-56A.jpg,Проекты частных домов,,"Готовый проект дома №40-56A площадью 328,31 м²: 2 этажа, габариты 11.94×13.26 м, материал стен — кирпич. Архитектурная визуализация и ключевые характеристики собраны на одной карточке. Сохраните проект и откройте каталог, чтобы посмотреть подробности и актуальную стоимость.",https://catalog-plans.ru/catalog/40-56A?utm_source=pinterest&utm_medium=organic&utm_campaign=generated_chromatic_random_static_batch_51&utm_content=pin_9690_40-56A_chromatic&utm_term=proekty-chastnyh-domov,,"проект дома 40-56A, проект дома 328,31 м², готовый проект дома, визуализация дома, характеристики дома, частный дом, кирпич, catalog-plans.ru"
"Проект дома №45-53K2L площадью 237,32 м²",https://raw.githubusercontent.com/nemchenik/test/e701def0cc9a46ab4b2f865eb3c56ffecfe50974/pinterest/generated_batch_51_chromatic_random_static/45-53K2L.jpg,Проекты частных домов,,"Готовый проект дома №45-53K2L площадью 237,32 м²: 2 этажа, габариты 12.04×16.24 м, материал стен — кирпич. Архитектурная визуализация и ключевые характеристики собраны на одной карточке. Сохраните проект и откройте каталог, чтобы посмотреть подробности и актуальную стоимость.",https://catalog-plans.ru/catalog/45-53K2L?utm_source=pinterest&utm_medium=organic&utm_campaign=generated_chromatic_random_static_batch_51&utm_content=pin_9691_45-53K2L_chromatic&utm_term=proekty-chastnyh-domov,,"проект дома 45-53K2L, проект дома 237,32 м², готовый проект дома, визуализация дома, характеристики дома, частный дом, кирпич, catalog-plans.ru"
"Проект дома №46-40AK2L площадью 222,96 м²",https://raw.githubusercontent.com/nemchenik/test/e701def0cc9a46ab4b2f865eb3c56ffecfe50974/pinterest/generated_batch_51_chromatic_random_static/46-40AK2L.jpg,Проекты частных домов,,"Готовый проект дома №46-40AK2L площадью 222,96 м²: 2 этажа, габариты 13.16×16.92 м, материал стен — кирпич. Архитектурная визуализация и ключевые характеристики собраны на одной карточке. Сохраните проект и откройте каталог, чтобы посмотреть подробности и актуальную стоимость.",https://catalog-plans.ru/catalog/46-40AK2L?utm_source=pinterest&utm_medium=organic&utm_campaign=generated_chromatic_random_static_batch_51&utm_content=pin_9692_46-40AK2L_chromatic&utm_term=proekty-chastnyh-domov,,"проект дома 46-40AK2L, проект дома 222,96 м², готовый проект дома, визуализация дома, характеристики дома, частный дом, кирпич, catalog-plans.ru"
"Проект дома №62-22B площадью 148,08 м²",https://raw.githubusercontent.com/nemchenik/test/e701def0cc9a46ab4b2f865eb3c56ffecfe50974/pinterest/generated_batch_51_chromatic_random_static/62-22B.jpg,Проекты частных домов,,"Готовый проект дома №62-22B площадью 148,08 м²: 1 этаж, габариты 14.14×15.74 м, материал стен — газобетон. Архитектурная визуализация и ключевые характеристики собраны на одной карточке. Сохраните проект и откройте каталог, чтобы посмотреть подробности и актуальную стоимость.",https://catalog-plans.ru/catalog/62-22B?utm_source=pinterest&utm_medium=organic&utm_campaign=generated_chromatic_random_static_batch_51&utm_content=pin_9693_62-22B_chromatic&utm_term=proekty-chastnyh-domov,,"проект дома 62-22B, проект дома 148,08 м², готовый проект дома, визуализация дома, характеристики дома, частный дом, газобетон, catalog-plans.ru"
"Проект дома №52-57 площадью 139,7 м²",https://raw.githubusercontent.com/nemchenik/test/e701def0cc9a46ab4b2f865eb3c56ffecfe50974/pinterest/generated_batch_51_chromatic_random_static/52-57.jpg,Проекты частных домов,,"Готовый проект дома №52-57 площадью 139,7 м²: 2 этажа, габариты 8.4×11.4 м, материал стен — ячеистые бетонные блоки. Архитектурная визуализация и ключевые характеристики собраны на одной карточке. Сохраните проект и откройте каталог, чтобы посмотреть подробности и актуальную стоимость.",https://catalog-plans.ru/catalog/52-57?utm_source=pinterest&utm_medium=organic&utm_campaign=generated_chromatic_random_static_batch_51&utm_content=pin_9694_52-57_chromatic&utm_term=proekty-chastnyh-domov,,"проект дома 52-57, проект дома 139,7 м², готовый проект дома, визуализация дома, характеристики дома, частный дом, ячеистые бетонные блоки, catalog-plans.ru"
"Проект дома №70-10 площадью 562,5 м²",https://raw.githubusercontent.com/nemchenik/test/e701def0cc9a46ab4b2f865eb3c56ffecfe50974/pinterest/generated_batch_51_chromatic_random_static/70-10.jpg,Проекты частных домов,,"Готовый проект дома №70-10 площадью 562,5 м²: 2 этажа, габариты 14.5×33.2 м, материал стен — газобетон. Архитектурная визуализация и ключевые характеристики собраны на одной карточке. Сохраните проект и откройте каталог, чтобы посмотреть подробности и актуальную стоимость.",https://catalog-plans.ru/catalog/70-10?utm_source=pinterest&utm_medium=organic&utm_campaign=generated_chromatic_random_static_batch_51&utm_content=pin_9695_70-10_chromatic&utm_term=proekty-chastnyh-domov,,"проект дома 70-10, проект дома 562,5 м², готовый проект дома, визуализация дома, характеристики дома, частный дом, газобетон, catalog-plans.ru"
Проект дома №54-82 площадью 371 м²,https://raw.githubusercontent.com/nemchenik/test/e701def0cc9a46ab4b2f865eb3c56ffecfe50974/pinterest/generated_batch_51_chromatic_random_static/54-82.jpg,Проекты частных домов,,"Готовый проект дома №54-82 площадью 371 м²: 2 этажа, габариты 13.23×16.7 м, материал стен — газобетон. Архитектурная визуализация и ключевые характеристики собраны на одной карточке. Сохраните проект и откройте каталог, чтобы посмотреть подробности и актуальную стоимость.",https://catalog-plans.ru/catalog/54-82?utm_source=pinterest&utm_medium=organic&utm_campaign=generated_chromatic_random_static_batch_51&utm_content=pin_9696_54-82_chromatic&utm_term=proekty-chastnyh-domov,,"проект дома 54-82, проект дома 371 м², готовый проект дома, визуализация дома, характеристики дома, частный дом, газобетон, catalog-plans.ru"
"Проект дома №58-79D площадью 140,43 м²",https://raw.githubusercontent.com/nemchenik/test/e701def0cc9a46ab4b2f865eb3c56ffecfe50974/pinterest/generated_batch_51_chromatic_random_static/58-79D.jpg,Проекты частных домов,,"Готовый проект дома №58-79D площадью 140,43 м²: 2 этажа, габариты 9.62×11.6 м, материал стен — газобетон. Архитектурная визуализация и ключевые характеристики собраны на одной карточке. Сохраните проект и откройте каталог, чтобы посмотреть подробности и актуальную стоимость.",https://catalog-plans.ru/catalog/58-79D?utm_source=pinterest&utm_medium=organic&utm_campaign=generated_chromatic_random_static_batch_51&utm_content=pin_9697_58-79D_chromatic&utm_term=proekty-chastnyh-domov,,"проект дома 58-79D, проект дома 140,43 м², готовый проект дома, визуализация дома, характеристики дома, частный дом, газобетон, catalog-plans.ru"
"Проект дома №36-38 площадью 608,2 м²",https://raw.githubusercontent.com/nemchenik/test/e701def0cc9a46ab4b2f865eb3c56ffecfe50974/pinterest/generated_batch_51_chromatic_random_static/36-38.jpg,Проекты частных домов,,"Готовый проект дома №36-38 площадью 608,2 м²: 2 этажа, габариты 15.08×18.4 м, материал стен — кирпич. Архитектурная визуализация и ключевые характеристики собраны на одной карточке. Сохраните проект и откройте каталог, чтобы посмотреть подробности и актуальную стоимость.",https://catalog-plans.ru/catalog/36-38?utm_source=pinterest&utm_medium=organic&utm_campaign=generated_chromatic_random_static_batch_51&utm_content=pin_9698_36-38_chromatic&utm_term=proekty-chastnyh-domov,,"проект дома 36-38, проект дома 608,2 м², готовый проект дома, визуализация дома, характеристики дома, частный дом, кирпич, catalog-plans.ru"
"Проект дома №45-08DAG площадью 211,63 м²",https://raw.githubusercontent.com/nemchenik/test/e701def0cc9a46ab4b2f865eb3c56ffecfe50974/pinterest/generated_batch_51_chromatic_random_static/45-08DAG.jpg,Проекты частных домов,,"Готовый проект дома №45-08DAG площадью 211,63 м²: 1 этаж, габариты 16.5×19.1 м, материал стен — газобетон. Архитектурная визуализация и ключевые характеристики собраны на одной карточке. Сохраните проект и откройте каталог, чтобы посмотреть подробности и актуальную стоимость.",https://catalog-plans.ru/catalog/45-08DAG?utm_source=pinterest&utm_medium=organic&utm_campaign=generated_chromatic_random_static_batch_51&utm_content=pin_9699_45-08DAG_chromatic&utm_term=proekty-chastnyh-domov,,"проект дома 45-08DAG, проект дома 211,63 м², готовый проект дома, визуализация дома, характеристики дома, частный дом, газобетон, catalog-plans.ru"
"Проект дома №63-51A площадью 228,2 м²",https://raw.githubusercontent.com/nemchenik/test/e701def0cc9a46ab4b2f865eb3c56ffecfe50974/pinterest/generated_batch_51_chromatic_random_static/63-51A.jpg,Проекты частных домов,,"Готовый проект дома №63-51A площадью 228,2 м²: 2 этажа, габариты 15.51×10.5 м, материал стен — газобетон. Архитектурная визуализация и ключевые характеристики собраны на одной карточке. Сохраните проект и откройте каталог, чтобы посмотреть подробности и актуальную стоимость.",https://catalog-plans.ru/catalog/63-51A?utm_source=pinterest&utm_medium=organic&utm_campaign=generated_chromatic_random_static_batch_51&utm_content=pin_9700_63-51A_chromatic&utm_term=proekty-chastnyh-domov,,"проект дома 63-51A, проект дома 228,2 м², готовый проект дома, визуализация дома, характеристики дома, частный дом, газобетон, catalog-plans.ru"
"Проект дома №57-34DL площадью 329,21 м²",https://raw.githubusercontent.com/nemchenik/test/e701def0cc9a46ab4b2f865eb3c56ffecfe50974/pinterest/generated_batch_51_chromatic_random_static/57-34DL.jpg,Проекты частных домов,,"Готовый проект дома №57-34DL площадью 329,21 м²: 3 этажа, габариты 13.9×15.86 м, материал стен — газобетон. Архитектурная визуализация и ключевые характеристики собраны на одной карточке. Сохраните проект и откройте каталог, чтобы посмотреть подробности и актуальную стоимость.",https://catalog-plans.ru/catalog/57-34DL?utm_source=pinterest&utm_medium=organic&utm_campaign=generated_chromatic_random_static_batch_51&utm_content=pin_9701_57-34DL_chromatic&utm_term=proekty-chastnyh-domov,,"проект дома 57-34DL, проект дома 329,21 м², готовый проект дома, визуализация дома, характеристики дома, частный дом, газобетон, catalog-plans.ru"
"Проект дома №57-87C площадью 371,05 м²",https://raw.githubusercontent.com/nemchenik/test/e701def0cc9a46ab4b2f865eb3c56ffecfe50974/pinterest/generated_batch_51_chromatic_random_static/57-87C.jpg,Проекты частных домов,,"Готовый проект дома №57-87C площадью 371,05 м²: 2 этажа, габариты 15.3×15.8 м, материал стен — газобетон. Архитектурная визуализация и ключевые характеристики собраны на одной карточке. Сохраните проект и откройте каталог, чтобы посмотреть подробности и актуальную стоимость.",https://catalog-plans.ru/catalog/57-87C?utm_source=pinterest&utm_medium=organic&utm_campaign=generated_chromatic_random_static_batch_51&utm_content=pin_9702_57-87C_chromatic&utm_term=proekty-chastnyh-domov,,"проект дома 57-87C, проект дома 371,05 м², готовый проект дома, визуализация дома, характеристики дома, частный дом, газобетон, catalog-plans.ru"
"Проект дома №59-96AK площадью 218,97 м²",https://raw.githubusercontent.com/nemchenik/test/e701def0cc9a46ab4b2f865eb3c56ffecfe50974/pinterest/generated_batch_51_chromatic_random_static/59-96AK.jpg,Проекты частных домов,,"Готовый проект дома №59-96AK площадью 218,97 м²: 2 этажа, габариты 12.42×16.72 м, материал стен — кирпич. Архитектурная визуализация и ключевые характеристики собраны на одной карточке. Сохраните проект и откройте каталог, чтобы посмотреть подробности и актуальную стоимость.",https://catalog-plans.ru/catalog/59-96AK?utm_source=pinterest&utm_medium=organic&utm_campaign=generated_chromatic_random_static_batch_51&utm_content=pin_9703_59-96AK_chromatic&utm_term=proekty-chastnyh-domov,,"проект дома 59-96AK, проект дома 218,97 м², готовый проект дома, визуализация дома, характеристики дома, частный дом, кирпич, catalog-plans.ru"
"Проект дома №62-67 площадью 72,78 м²",https://raw.githubusercontent.com/nemchenik/test/e701def0cc9a46ab4b2f865eb3c56ffecfe50974/pinterest/generated_batch_51_chromatic_random_static/62-67.jpg,Проекты частных домов,,"Готовый проект дома №62-67 площадью 72,78 м²: 2 этажа, габариты 7.9×8 м, материал стен — газобетон. Архитектурная визуализация и ключевые характеристики собраны на одной карточке. Сохраните проект и откройте каталог, чтобы посмотреть подробности и актуальную стоимость.",https://catalog-plans.ru/catalog/62-67?utm_source=pinterest&utm_medium=organic&utm_campaign=generated_chromatic_random_static_batch_51&utm_content=pin_9704_62-67_chromatic&utm_term=proekty-chastnyh-domov,,"проект дома 62-67, проект дома 72,78 м², готовый проект дома, визуализация дома, характеристики дома, частный дом, газобетон, catalog-plans.ru"
"Проект дома №58-70HFL площадью 115,1 м²",https://raw.githubusercontent.com/nemchenik/test/e701def0cc9a46ab4b2f865eb3c56ffecfe50974/pinterest/generated_batch_51_chromatic_random_static/58-70HFL.jpg,Проекты частных домов,,"Готовый проект дома №58-70HFL площадью 115,1 м²: 1 этаж, габариты 11.3×14.5 м, материал стен — газобетон. Архитектурная визуализация и ключевые характеристики собраны на одной карточке. Сохраните проект и откройте каталог, чтобы посмотреть подробности и актуальную стоимость.",https://catalog-plans.ru/catalog/58-70HFL?utm_source=pinterest&utm_medium=organic&utm_campaign=generated_chromatic_random_static_batch_51&utm_content=pin_9705_58-70HFL_chromatic&utm_term=proekty-chastnyh-domov,,"проект дома 58-70HFL, проект дома 115,1 м², готовый проект дома, визуализация дома, характеристики дома, частный дом, газобетон, catalog-plans.ru"
"Проект дома №62-38DKL площадью 279,64 м²",https://raw.githubusercontent.com/nemchenik/test/e701def0cc9a46ab4b2f865eb3c56ffecfe50974/pinterest/generated_batch_51_chromatic_random_static/62-38DKL.jpg,Проекты частных домов,,"Готовый проект дома №62-38DKL площадью 279,64 м²: 2 этажа, габариты 18.44×20.86 м, материал стен — кирпич. Архитектурная визуализация и ключевые характеристики собраны на одной карточке. Сохраните проект и откройте каталог, чтобы посмотреть подробности и актуальную стоимость.",https://catalog-plans.ru/catalog/62-38DKL?utm_source=pinterest&utm_medium=organic&utm_campaign=generated_chromatic_random_static_batch_51&utm_content=pin_9706_62-38DKL_chromatic&utm_term=proekty-chastnyh-domov,,"проект дома 62-38DKL, проект дома 279,64 м², готовый проект дома, визуализация дома, характеристики дома, частный дом, кирпич, catalog-plans.ru"
"Проект дома №58-23K площадью 179,14 м²",https://raw.githubusercontent.com/nemchenik/test/e701def0cc9a46ab4b2f865eb3c56ffecfe50974/pinterest/generated_batch_51_chromatic_random_static/58-23K.jpg,Проекты частных домов,,"Готовый проект дома №58-23K площадью 179,14 м²: 2 этажа, габариты 10.8×12.7 м, материал стен — кирпич. Архитектурная визуализация и ключевые характеристики собраны на одной карточке. Сохраните проект и откройте каталог, чтобы посмотреть подробности и актуальную стоимость.",https://catalog-plans.ru/catalog/58-23K?utm_source=pinterest&utm_medium=organic&utm_campaign=generated_chromatic_random_static_batch_51&utm_content=pin_9707_58-23K_chromatic&utm_term=proekty-chastnyh-domov,,"проект дома 58-23K, проект дома 179,14 м², готовый проект дома, визуализация дома, характеристики дома, частный дом, кирпич, catalog-plans.ru"
"Проект дома №52-15 площадью 196,4 м²",https://raw.githubusercontent.com/nemchenik/test/e701def0cc9a46ab4b2f865eb3c56ffecfe50974/pinterest/generated_batch_51_chromatic_random_static/52-15.jpg,Проекты частных домов,,"Готовый проект дома №52-15 площадью 196,4 м²: 2 этажа, габариты 10.62×11 м, материал стен — газобетон. Архитектурная визуализация и ключевые характеристики собраны на одной карточке. Сохраните проект и откройте каталог, чтобы посмотреть подробности и актуальную стоимость.",https://catalog-plans.ru/catalog/52-15?utm_source=pinterest&utm_medium=organic&utm_campaign=generated_chromatic_random_static_batch_51&utm_content=pin_9708_52-15_chromatic&utm_term=proekty-chastnyh-domov,,"проект дома 52-15, проект дома 196,4 м², готовый проект дома, визуализация дома, характеристики дома, частный дом, газобетон, catalog-plans.ru"
"Проект дома №40-05BG площадью 123,93 м²",https://raw.githubusercontent.com/nemchenik/test/e701def0cc9a46ab4b2f865eb3c56ffecfe50974/pinterest/generated_batch_51_chromatic_random_static/40-05BG.jpg,Проекты частных домов,,"Готовый проект дома №40-05BG площадью 123,93 м²: 2 этажа, габариты 10.61×10.82 м, материал стен — газобетон. Архитектурная визуализация и ключевые характеристики собраны на одной карточке. Сохраните проект и откройте каталог, чтобы посмотреть подробности и актуальную стоимость.",https://catalog-plans.ru/catalog/40-05BG?utm_source=pinterest&utm_medium=organic&utm_campaign=generated_chromatic_random_static_batch_51&utm_content=pin_9709_40-05BG_chromatic&utm_term=proekty-chastnyh-domov,,"проект дома 40-05BG, проект дома 123,93 м², готовый проект дома, визуализация дома, характеристики дома, частный дом, газобетон, catalog-plans.ru"
"Проект дома №62-86 площадью 85,6 м²",https://raw.githubusercontent.com/nemchenik/test/e701def0cc9a46ab4b2f865eb3c56ffecfe50974/pinterest/generated_batch_51_chromatic_random_static/62-86.jpg,Проекты частных домов,,"Готовый проект дома №62-86 площадью 85,6 м²: 2 этажа, габариты 6.6×10.95 м, материал стен — газобетон. Архитектурная визуализация и ключевые характеристики собраны на одной карточке. Сохраните проект и откройте каталог, чтобы посмотреть подробности и актуальную стоимость.",https://catalog-plans.ru/catalog/62-86?utm_source=pinterest&utm_medium=organic&utm_campaign=generated_chromatic_random_static_batch_51&utm_content=pin_9710_62-86_chromatic&utm_term=proekty-chastnyh-domov,,"проект дома 62-86, проект дома 85,6 м², готовый проект дома, визуализация дома, характеристики дома, частный дом, газобетон, catalog-plans.ru"
"Проект дома №40-59 площадью 193,83 м²",https://raw.githubusercontent.com/nemchenik/test/e701def0cc9a46ab4b2f865eb3c56ffecfe50974/pinterest/generated_batch_51_chromatic_random_static/40-59.jpg,Проекты частных домов,,"Готовый проект дома №40-59 площадью 193,83 м²: 1 этаж, габариты 9.38×14.62 м, материал стен — кирпич. Архитектурная визуализация и ключевые характеристики собраны на одной карточке. Сохраните проект и откройте каталог, чтобы посмотреть подробности и актуальную стоимость.",https://catalog-plans.ru/catalog/40-59?utm_source=pinterest&utm_medium=organic&utm_campaign=generated_chromatic_random_static_batch_51&utm_content=pin_9711_40-59_chromatic&utm_term=proekty-chastnyh-domov,,"проект дома 40-59, проект дома 193,83 м², готовый проект дома, визуализация дома, характеристики дома, частный дом, кирпич, catalog-plans.ru"
