Title,Media URL,Pinterest board,Thumbnail,Description,Link,Publish date,Keywords
Проект дома №13-59: открыть планировку и размеры,https://raw.githubusercontent.com/nemchenik/test/catalog-plans-pinterest-cards/pinterest/generated_batch_27/13-59.jpg,Фасады домов,,"Проект дома №13-59. На превью показана каноническая визуализация, взятая непосредственно со страницы этого проекта на catalog-plans.ru. В карточке доступны планы этажей, фасады, размеры и характеристики. Параметры: 89,17 м²; 2 этажа; габариты 7×8 м; стены — дерево; стиль — европейский. Откройте проект, проверьте планировку и сопоставьте габариты со своим участком до заказа.",https://catalog-plans.ru/catalog/13-59?utm_source=pinterest&utm_medium=organic&utm_campaign=generated_house_cards_verified_batch_27&utm_content=pin_4912_13-59_plans&utm_term=fasady-domov,,"проект дома 13-59, проект №13-59, Фасады домов, готовый проект дома, планировка дома, фасады дома, дом с размерами, визуализация дома, дом 89,17 м², дом дерево, дом европейский, catalog-plans.ru"
"Проект дома №13-69: фасады, планы и характеристики",https://raw.githubusercontent.com/nemchenik/test/catalog-plans-pinterest-cards/pinterest/generated_batch_27/13-69.jpg,Двухэтажные дома,,"Проект дома №13-69. На превью показана каноническая визуализация, взятая непосредственно со страницы этого проекта на catalog-plans.ru. В карточке доступны планы этажей, фасады, размеры и характеристики. Параметры: 85,81 м²; 2 этажа; габариты 8×8 м; стены — дерево; стиль — американский. Откройте проект, проверьте планировку и сопоставьте габариты со своим участком до заказа.",https://catalog-plans.ru/catalog/13-69?utm_source=pinterest&utm_medium=organic&utm_campaign=generated_house_cards_verified_batch_27&utm_content=pin_4913_13-69_compare&utm_term=dvuhetazhnye-doma,,"проект дома 13-69, проект №13-69, Двухэтажные дома, готовый проект дома, планировка дома, фасады дома, дом с размерами, визуализация дома, дом 85,81 м², дом дерево, дом американский, catalog-plans.ru"
Проект дома №40-04: проверить габариты для участка,https://raw.githubusercontent.com/nemchenik/test/catalog-plans-pinterest-cards/pinterest/generated_batch_27/40-04.jpg,Кирпичные дома,,"Проект дома №40-04. На превью показана каноническая визуализация, взятая непосредственно со страницы этого проекта на catalog-plans.ru. В карточке доступны планы этажей, фасады, размеры и характеристики. Параметры: 126,88 м²; 2 этажа; габариты 9.62×10.12 м; стены — кирпич; стиль — европейский. Откройте проект, проверьте планировку и сопоставьте габариты со своим участком до заказа.",https://catalog-plans.ru/catalog/40-04?utm_source=pinterest&utm_medium=organic&utm_campaign=generated_house_cards_verified_batch_27&utm_content=pin_4914_40-04_site&utm_term=kirpichnye-doma,,"проект дома 40-04, проект №40-04, Кирпичные дома, готовый проект дома, планировка дома, фасады дома, дом с размерами, визуализация дома, дом 126,88 м², дом кирпич, дом европейский, catalog-plans.ru"
Проект дома №40-04A: посмотреть все ракурсы и этажи,https://raw.githubusercontent.com/nemchenik/test/catalog-plans-pinterest-cards/pinterest/generated_batch_27/40-04A.jpg,Дома из газобетона,,"Проект дома №40-04A. На превью показана каноническая визуализация, взятая непосредственно со страницы этого проекта на catalog-plans.ru. В карточке доступны планы этажей, фасады, размеры и характеристики. Параметры: 133,2 м²; 2 этажа; габариты 9.35×9.9 м; стены — газобетон; стиль — европейский. Откройте проект, проверьте планировку и сопоставьте габариты со своим участком до заказа.",https://catalog-plans.ru/catalog/40-04A?utm_source=pinterest&utm_medium=organic&utm_campaign=generated_house_cards_verified_batch_27&utm_content=pin_4915_40-04a_facades&utm_term=doma-iz-gazobetona,,"проект дома 40-04A, проект №40-04A, Дома из газобетона, готовый проект дома, планировка дома, фасады дома, дом с размерами, визуализация дома, дом 133,2 м², дом газобетон, дом европейский, catalog-plans.ru"
Проект дома №40-04ABF: сравнить перед выбором,https://raw.githubusercontent.com/nemchenik/test/catalog-plans-pinterest-cards/pinterest/generated_batch_27/40-04ABF.jpg,Проекты домов с визуализациями,,"Проект дома №40-04ABF. На превью показана каноническая визуализация, взятая непосредственно со страницы этого проекта на catalog-plans.ru. В карточке доступны планы этажей, фасады, размеры и характеристики. Параметры: 193,71 м²; 2 этажа; габариты 9.9×15.4 м; стены — газобетон; стиль — европейский. Откройте проект, проверьте планировку и сопоставьте габариты со своим участком до заказа.",https://catalog-plans.ru/catalog/40-04ABF?utm_source=pinterest&utm_medium=organic&utm_campaign=generated_house_cards_verified_batch_27&utm_content=pin_4916_40-04abf_estimate&utm_term=proekty-domov-s-vizualizaciyami,,"проект дома 40-04ABF, проект №40-04ABF, Проекты домов с визуализациями, готовый проект дома, планировка дома, фасады дома, дом с размерами, визуализация дома, дом 193,71 м², дом газобетон, дом европейский, catalog-plans.ru"
Проект дома №40-04AH: перейти к расчёту строительства,https://raw.githubusercontent.com/nemchenik/test/catalog-plans-pinterest-cards/pinterest/generated_batch_27/40-04AH.jpg,Готовые проекты домов,,"Проект дома №40-04AH. На превью показана каноническая визуализация, взятая непосредственно со страницы этого проекта на catalog-plans.ru. В карточке доступны планы этажей, фасады, размеры и характеристики. Параметры: 134,46 м²; 2 этажа; габариты 9.4×9.9 м; стены — газобетон; стиль — европейский. Откройте проект, проверьте планировку и сопоставьте габариты со своим участком до заказа.",https://catalog-plans.ru/catalog/40-04AH?utm_source=pinterest&utm_medium=organic&utm_campaign=generated_house_cards_verified_batch_27&utm_content=pin_4917_40-04ah_changes&utm_term=gotovye-proekty-domov,,"проект дома 40-04AH, проект №40-04AH, Готовые проекты домов, готовый проект дома, планировка дома, фасады дома, дом с размерами, визуализация дома, дом 134,46 м², дом газобетон, дом европейский, catalog-plans.ru"
Проект дома №40-04B: открыть планировку и размеры,https://raw.githubusercontent.com/nemchenik/test/catalog-plans-pinterest-cards/pinterest/generated_batch_27/40-04B.jpg,Фасады домов,,"Проект дома №40-04B. На превью показана каноническая визуализация, взятая непосредственно со страницы этого проекта на catalog-plans.ru. В карточке доступны планы этажей, фасады, размеры и характеристики. Параметры: 132,44 м²; 2 этажа; габариты 9.5×10 м; стены — газобетон; стиль — европейский. Откройте проект, проверьте планировку и сопоставьте габариты со своим участком до заказа.",https://catalog-plans.ru/catalog/40-04B?utm_source=pinterest&utm_medium=organic&utm_campaign=generated_house_cards_verified_batch_27&utm_content=pin_4918_40-04b_plans&utm_term=fasady-domov,,"проект дома 40-04B, проект №40-04B, Фасады домов, готовый проект дома, планировка дома, фасады дома, дом с размерами, визуализация дома, дом 132,44 м², дом газобетон, дом европейский, catalog-plans.ru"
"Проект дома №40-04BBAK: фасады, планы и характеристики",https://raw.githubusercontent.com/nemchenik/test/catalog-plans-pinterest-cards/pinterest/generated_batch_27/40-04BBAK.jpg,Кирпичные дома,,"Проект дома №40-04BBAK. На превью показана каноническая визуализация, взятая непосредственно со страницы этого проекта на catalog-plans.ru. В карточке доступны планы этажей, фасады, размеры и характеристики. Параметры: 174,45 м²; 2 этажа; габариты 10×12 м; стены — кирпич; стиль — европейский. Откройте проект, проверьте планировку и сопоставьте габариты со своим участком до заказа.",https://catalog-plans.ru/catalog/40-04BBAK?utm_source=pinterest&utm_medium=organic&utm_campaign=generated_house_cards_verified_batch_27&utm_content=pin_4919_40-04bbak_compare&utm_term=kirpichnye-doma,,"проект дома 40-04BBAK, проект №40-04BBAK, Кирпичные дома, готовый проект дома, планировка дома, фасады дома, дом с размерами, визуализация дома, дом 174,45 м², дом кирпич, дом европейский, catalog-plans.ru"
Проект дома №40-04BEA: проверить габариты для участка,https://raw.githubusercontent.com/nemchenik/test/catalog-plans-pinterest-cards/pinterest/generated_batch_27/40-04BEA.jpg,Фасады домов,,"Проект дома №40-04BEA. На превью показана каноническая визуализация, взятая непосредственно со страницы этого проекта на catalog-plans.ru. В карточке доступны планы этажей, фасады, размеры и характеристики. Параметры: 148,24 м²; 2 этажа; габариты 10.26×10.26 м; стены — газобетон; стиль — европейский. Откройте проект, проверьте планировку и сопоставьте габариты со своим участком до заказа.",https://catalog-plans.ru/catalog/40-04BEA?utm_source=pinterest&utm_medium=organic&utm_campaign=generated_house_cards_verified_batch_27&utm_content=pin_4920_40-04bea_site&utm_term=fasady-domov,,"проект дома 40-04BEA, проект №40-04BEA, Фасады домов, готовый проект дома, планировка дома, фасады дома, дом с размерами, визуализация дома, дом 148,24 м², дом газобетон, дом европейский, catalog-plans.ru"
Проект дома №40-04BWW: посмотреть все ракурсы и этажи,https://raw.githubusercontent.com/nemchenik/test/catalog-plans-pinterest-cards/pinterest/generated_batch_27/40-04BWW.jpg,Проекты домов с визуализациями,,"Проект дома №40-04BWW. На превью показана каноническая визуализация, взятая непосредственно со страницы этого проекта на catalog-plans.ru. В карточке доступны планы этажей, фасады, размеры и характеристики. Параметры: 158,33 м²; 2 этажа; габариты 10.1×11.1 м; стены — газобетон; стиль — хай-тек. Откройте проект, проверьте планировку и сопоставьте габариты со своим участком до заказа.",https://catalog-plans.ru/catalog/40-04BWW?utm_source=pinterest&utm_medium=organic&utm_campaign=generated_house_cards_verified_batch_27&utm_content=pin_4921_40-04bww_facades&utm_term=proekty-domov-s-vizualizaciyami,,"проект дома 40-04BWW, проект №40-04BWW, Проекты домов с визуализациями, готовый проект дома, планировка дома, фасады дома, дом с размерами, визуализация дома, дом 158,33 м², дом газобетон, дом хай-тек, catalog-plans.ru"
Проект дома №40-04BYA: сравнить перед выбором,https://raw.githubusercontent.com/nemchenik/test/catalog-plans-pinterest-cards/pinterest/generated_batch_27/40-04BYA.jpg,Проекты домов с визуализациями,,"Проект дома №40-04BYA. На превью показана каноническая визуализация, взятая непосредственно со страницы этого проекта на catalog-plans.ru. В карточке доступны планы этажей, фасады, размеры и характеристики. Параметры: 160,31 м²; 2 этажа; габариты 9.6×10 м; стены — газобетон; стиль — европейский. Откройте проект, проверьте планировку и сопоставьте габариты со своим участком до заказа.",https://catalog-plans.ru/catalog/40-04BYA?utm_source=pinterest&utm_medium=organic&utm_campaign=generated_house_cards_verified_batch_27&utm_content=pin_4922_40-04bya_estimate&utm_term=proekty-domov-s-vizualizaciyami,,"проект дома 40-04BYA, проект №40-04BYA, Проекты домов с визуализациями, готовый проект дома, планировка дома, фасады дома, дом с размерами, визуализация дома, дом 160,31 м², дом газобетон, дом европейский, catalog-plans.ru"
Проект дома №40-04BZA: перейти к расчёту строительства,https://raw.githubusercontent.com/nemchenik/test/catalog-plans-pinterest-cards/pinterest/generated_batch_27/40-04BZA.jpg,Европейские дома,,"Проект дома №40-04BZA. На превью показана каноническая визуализация, взятая непосредственно со страницы этого проекта на catalog-plans.ru. В карточке доступны планы этажей, фасады, размеры и характеристики. Параметры: 135,94 м²; 2 этажа; габариты 9.4×9.9 м; стены — газобетон; стиль — европейский. Откройте проект, проверьте планировку и сопоставьте габариты со своим участком до заказа.",https://catalog-plans.ru/catalog/40-04BZA?utm_source=pinterest&utm_medium=organic&utm_campaign=generated_house_cards_verified_batch_27&utm_content=pin_4923_40-04bza_changes&utm_term=evropeyskie-doma,,"проект дома 40-04BZA, проект №40-04BZA, Европейские дома, готовый проект дома, планировка дома, фасады дома, дом с размерами, визуализация дома, дом 135,94 м², дом газобетон, дом европейский, catalog-plans.ru"
Проект дома №40-04CB: открыть планировку и размеры,https://raw.githubusercontent.com/nemchenik/test/catalog-plans-pinterest-cards/pinterest/generated_batch_27/40-04CB.jpg,Дома из газобетона,,"Проект дома №40-04CB. На превью показана каноническая визуализация, взятая непосредственно со страницы этого проекта на catalog-plans.ru. В карточке доступны планы этажей, фасады, размеры и характеристики. Параметры: 202,81 м²; 2 этажа; габариты 9.5×10 м; стены — газобетон; стиль — европейский. Откройте проект, проверьте планировку и сопоставьте габариты со своим участком до заказа.",https://catalog-plans.ru/catalog/40-04CB?utm_source=pinterest&utm_medium=organic&utm_campaign=generated_house_cards_verified_batch_27&utm_content=pin_4924_40-04cb_plans&utm_term=doma-iz-gazobetona,,"проект дома 40-04CB, проект №40-04CB, Дома из газобетона, готовый проект дома, планировка дома, фасады дома, дом с размерами, визуализация дома, дом 202,81 м², дом газобетон, дом европейский, catalog-plans.ru"
"Проект дома №40-04D: фасады, планы и характеристики",https://raw.githubusercontent.com/nemchenik/test/catalog-plans-pinterest-cards/pinterest/generated_batch_27/40-04D.jpg,Дома до 150 м²,,"Проект дома №40-04D. На превью показана каноническая визуализация, взятая непосредственно со страницы этого проекта на catalog-plans.ru. В карточке доступны планы этажей, фасады, размеры и характеристики. Параметры: 132,77 м²; 2 этажа; габариты 9×9.5 м; стены — керамзитобетон; стиль — европейский. Откройте проект, проверьте планировку и сопоставьте габариты со своим участком до заказа.",https://catalog-plans.ru/catalog/40-04D?utm_source=pinterest&utm_medium=organic&utm_campaign=generated_house_cards_verified_batch_27&utm_content=pin_4925_40-04d_compare&utm_term=doma-do-150-m,,"проект дома 40-04D, проект №40-04D, Дома до 150 м², готовый проект дома, планировка дома, фасады дома, дом с размерами, визуализация дома, дом 132,77 м², дом керамзитобетон, дом европейский, catalog-plans.ru"
Проект дома №40-04DFABL: проверить габариты для участка,https://raw.githubusercontent.com/nemchenik/test/catalog-plans-pinterest-cards/pinterest/generated_batch_27/40-04DFABL.jpg,Готовые проекты домов,,"Проект дома №40-04DFABL. На превью показана каноническая визуализация, взятая непосредственно со страницы этого проекта на catalog-plans.ru. В карточке доступны планы этажей, фасады, размеры и характеристики. Параметры: 150,95 м²; 2 этажа; габариты 10.4×10.8 м; стены — монолитный каркас; стиль — европейский. Откройте проект, проверьте планировку и сопоставьте габариты со своим участком до заказа.",https://catalog-plans.ru/catalog/40-04DFABL?utm_source=pinterest&utm_medium=organic&utm_campaign=generated_house_cards_verified_batch_27&utm_content=pin_4926_40-04dfabl_site&utm_term=gotovye-proekty-domov,,"проект дома 40-04DFABL, проект №40-04DFABL, Готовые проекты домов, готовый проект дома, планировка дома, фасады дома, дом с размерами, визуализация дома, дом 150,95 м², дом монолитный каркас, дом европейский, catalog-plans.ru"
Проект дома №40-04F: посмотреть все ракурсы и этажи,https://raw.githubusercontent.com/nemchenik/test/catalog-plans-pinterest-cards/pinterest/generated_batch_27/40-04F.jpg,Фасады домов,,"Проект дома №40-04F. На превью показана каноническая визуализация, взятая непосредственно со страницы этого проекта на catalog-plans.ru. В карточке доступны планы этажей, фасады, размеры и характеристики. Параметры: 170,9 м²; 2 этажа; габариты 9.5×15.45 м; стены — газобетон; стиль — европейский. Откройте проект, проверьте планировку и сопоставьте габариты со своим участком до заказа.",https://catalog-plans.ru/catalog/40-04F?utm_source=pinterest&utm_medium=organic&utm_campaign=generated_house_cards_verified_batch_27&utm_content=pin_4927_40-04f_facades&utm_term=fasady-domov,,"проект дома 40-04F, проект №40-04F, Фасады домов, готовый проект дома, планировка дома, фасады дома, дом с размерами, визуализация дома, дом 170,9 м², дом газобетон, дом европейский, catalog-plans.ru"
Проект дома №40-04FBW: сравнить перед выбором,https://raw.githubusercontent.com/nemchenik/test/catalog-plans-pinterest-cards/pinterest/generated_batch_27/40-04FBW.jpg,Готовые проекты домов,,"Проект дома №40-04FBW. На превью показана каноническая визуализация, взятая непосредственно со страницы этого проекта на catalog-plans.ru. В карточке доступны планы этажей, фасады, размеры и характеристики. Параметры: 185,32 м²; 2 этажа; габариты 16.9×13.1 м; стены — газобетон; стиль — хай-тек. Откройте проект, проверьте планировку и сопоставьте габариты со своим участком до заказа.",https://catalog-plans.ru/catalog/40-04FBW?utm_source=pinterest&utm_medium=organic&utm_campaign=generated_house_cards_verified_batch_27&utm_content=pin_4928_40-04fbw_estimate&utm_term=gotovye-proekty-domov,,"проект дома 40-04FBW, проект №40-04FBW, Готовые проекты домов, готовый проект дома, планировка дома, фасады дома, дом с размерами, визуализация дома, дом 185,32 м², дом газобетон, дом хай-тек, catalog-plans.ru"
Проект дома №40-04FDC: перейти к расчёту строительства,https://raw.githubusercontent.com/nemchenik/test/catalog-plans-pinterest-cards/pinterest/generated_batch_27/40-04FDC.jpg,Дома из газобетона,,"Проект дома №40-04FDC. На превью показана каноническая визуализация, взятая непосредственно со страницы этого проекта на catalog-plans.ru. В карточке доступны планы этажей, фасады, размеры и характеристики. Параметры: 280,26 м²; 2 этажа; габариты 9.5×15 м; стены — газобетон; стиль — европейский. Откройте проект, проверьте планировку и сопоставьте габариты со своим участком до заказа.",https://catalog-plans.ru/catalog/40-04FDC?utm_source=pinterest&utm_medium=organic&utm_campaign=generated_house_cards_verified_batch_27&utm_content=pin_4929_40-04fdc_changes&utm_term=doma-iz-gazobetona,,"проект дома 40-04FDC, проект №40-04FDC, Дома из газобетона, готовый проект дома, планировка дома, фасады дома, дом с размерами, визуализация дома, дом 280,26 м², дом газобетон, дом европейский, catalog-plans.ru"
Проект дома №40-04G: открыть планировку и размеры,https://raw.githubusercontent.com/nemchenik/test/catalog-plans-pinterest-cards/pinterest/generated_batch_27/40-04G.jpg,Дома до 150 м²,,"Проект дома №40-04G. На превью показана каноническая визуализация, взятая непосредственно со страницы этого проекта на catalog-plans.ru. В карточке доступны планы этажей, фасады, размеры и характеристики. Параметры: 126,88 м²; 2 этажа; габариты 9.4×9.9 м; стены — газобетон; стиль — европейский. Откройте проект, проверьте планировку и сопоставьте габариты со своим участком до заказа.",https://catalog-plans.ru/catalog/40-04G?utm_source=pinterest&utm_medium=organic&utm_campaign=generated_house_cards_verified_batch_27&utm_content=pin_4930_40-04g_plans&utm_term=doma-do-150-m,,"проект дома 40-04G, проект №40-04G, Дома до 150 м², готовый проект дома, планировка дома, фасады дома, дом с размерами, визуализация дома, дом 126,88 м², дом газобетон, дом европейский, catalog-plans.ru"
"Проект дома №40-04H: фасады, планы и характеристики",https://raw.githubusercontent.com/nemchenik/test/catalog-plans-pinterest-cards/pinterest/generated_batch_27/40-04H.jpg,Дома до 150 м²,,"Проект дома №40-04H. На превью показана каноническая визуализация, взятая непосредственно со страницы этого проекта на catalog-plans.ru. В карточке доступны планы этажей, фасады, размеры и характеристики. Параметры: 132,44 м²; 2 этажа; габариты 9.5×10 м; стены — газобетон; стиль — европейский. Откройте проект, проверьте планировку и сопоставьте габариты со своим участком до заказа.",https://catalog-plans.ru/catalog/40-04H?utm_source=pinterest&utm_medium=organic&utm_campaign=generated_house_cards_verified_batch_27&utm_content=pin_4931_40-04h_compare&utm_term=doma-do-150-m,,"проект дома 40-04H, проект №40-04H, Дома до 150 м², готовый проект дома, планировка дома, фасады дома, дом с размерами, визуализация дома, дом 132,44 м², дом газобетон, дом европейский, catalog-plans.ru"
Проект дома №40-04HABL: проверить габариты для участка,https://raw.githubusercontent.com/nemchenik/test/catalog-plans-pinterest-cards/pinterest/generated_batch_27/40-04HABL.jpg,Готовые проекты домов,,"Проект дома №40-04HABL. На превью показана каноническая визуализация, взятая непосредственно со страницы этого проекта на catalog-plans.ru. В карточке доступны планы этажей, фасады, размеры и характеристики. Параметры: 134,88 м²; 2 этажа; габариты 9.8×10.3 м; стены — газобетон; стиль — европейский. Откройте проект, проверьте планировку и сопоставьте габариты со своим участком до заказа.",https://catalog-plans.ru/catalog/40-04HABL?utm_source=pinterest&utm_medium=organic&utm_campaign=generated_house_cards_verified_batch_27&utm_content=pin_4932_40-04habl_site&utm_term=gotovye-proekty-domov,,"проект дома 40-04HABL, проект №40-04HABL, Готовые проекты домов, готовый проект дома, планировка дома, фасады дома, дом с размерами, визуализация дома, дом 134,88 м², дом газобетон, дом европейский, catalog-plans.ru"
Проект дома №40-04HAZL: посмотреть все ракурсы и этажи,https://raw.githubusercontent.com/nemchenik/test/catalog-plans-pinterest-cards/pinterest/generated_batch_27/40-04HAZL.jpg,Готовые проекты домов,,"Проект дома №40-04HAZL. На превью показана каноническая визуализация, взятая непосредственно со страницы этого проекта на catalog-plans.ru. В карточке доступны планы этажей, фасады, размеры и характеристики. Параметры: 134,4 м²; 2 этажа; габариты 9.8×10.3 м; стены — газобетон; стиль — европейский. Откройте проект, проверьте планировку и сопоставьте габариты со своим участком до заказа.",https://catalog-plans.ru/catalog/40-04HAZL?utm_source=pinterest&utm_medium=organic&utm_campaign=generated_house_cards_verified_batch_27&utm_content=pin_4933_40-04hazl_facades&utm_term=gotovye-proekty-domov,,"проект дома 40-04HAZL, проект №40-04HAZL, Готовые проекты домов, готовый проект дома, планировка дома, фасады дома, дом с размерами, визуализация дома, дом 134,4 м², дом газобетон, дом европейский, catalog-plans.ru"
Проект дома №40-04HB: сравнить перед выбором,https://raw.githubusercontent.com/nemchenik/test/catalog-plans-pinterest-cards/pinterest/generated_batch_27/40-04HB.jpg,Европейские дома,,"Проект дома №40-04HB. На превью показана каноническая визуализация, взятая непосредственно со страницы этого проекта на catalog-plans.ru. В карточке доступны планы этажей, фасады, размеры и характеристики. Параметры: 131,94 м²; 2 этажа; габариты 9.5×10 м; стены — газобетон; стиль — европейский. Откройте проект, проверьте планировку и сопоставьте габариты со своим участком до заказа.",https://catalog-plans.ru/catalog/40-04HB?utm_source=pinterest&utm_medium=organic&utm_campaign=generated_house_cards_verified_batch_27&utm_content=pin_4934_40-04hb_estimate&utm_term=evropeyskie-doma,,"проект дома 40-04HB, проект №40-04HB, Европейские дома, готовый проект дома, планировка дома, фасады дома, дом с размерами, визуализация дома, дом 131,94 м², дом газобетон, дом европейский, catalog-plans.ru"
Проект дома №40-04KL1: перейти к расчёту строительства,https://raw.githubusercontent.com/nemchenik/test/catalog-plans-pinterest-cards/pinterest/generated_batch_27/40-04KL1.jpg,Кирпичные дома,,"Проект дома №40-04KL1. На превью показана каноническая визуализация, взятая непосредственно со страницы этого проекта на catalog-plans.ru. В карточке доступны планы этажей, фасады, размеры и характеристики. Параметры: 131,85 м²; 2 этажа; габариты 9.62×10.12 м; стены — кирпич; стиль — европейский. Откройте проект, проверьте планировку и сопоставьте габариты со своим участком до заказа.",https://catalog-plans.ru/catalog/40-04KL1?utm_source=pinterest&utm_medium=organic&utm_campaign=generated_house_cards_verified_batch_27&utm_content=pin_4935_40-04kl1_changes&utm_term=kirpichnye-doma,,"проект дома 40-04KL1, проект №40-04KL1, Кирпичные дома, готовый проект дома, планировка дома, фасады дома, дом с размерами, визуализация дома, дом 131,85 м², дом кирпич, дом европейский, catalog-plans.ru"
Проект дома №40-04L: открыть планировку и размеры,https://raw.githubusercontent.com/nemchenik/test/catalog-plans-pinterest-cards/pinterest/generated_batch_27/40-04L.jpg,Двухэтажные дома,,"Проект дома №40-04L. На превью показана каноническая визуализация, взятая непосредственно со страницы этого проекта на catalog-plans.ru. В карточке доступны планы этажей, фасады, размеры и характеристики. Параметры: 131,85 м²; 2 этажа; габариты 9.88×10.38 м; стены — кирпич; стиль — европейский. Откройте проект, проверьте планировку и сопоставьте габариты со своим участком до заказа.",https://catalog-plans.ru/catalog/40-04L?utm_source=pinterest&utm_medium=organic&utm_campaign=generated_house_cards_verified_batch_27&utm_content=pin_4936_40-04l_plans&utm_term=dvuhetazhnye-doma,,"проект дома 40-04L, проект №40-04L, Двухэтажные дома, готовый проект дома, планировка дома, фасады дома, дом с размерами, визуализация дома, дом 131,85 м², дом кирпич, дом европейский, catalog-plans.ru"
"Проект дома №40-04N: фасады, планы и характеристики",https://raw.githubusercontent.com/nemchenik/test/catalog-plans-pinterest-cards/pinterest/generated_batch_27/40-04N.jpg,Фасады домов,,"Проект дома №40-04N. На превью показана каноническая визуализация, взятая непосредственно со страницы этого проекта на catalog-plans.ru. В карточке доступны планы этажей, фасады, размеры и характеристики. Параметры: 134,01 м²; 2 этажа; габариты 9.4×9.9 м; стены — газобетон; стиль — европейский. Откройте проект, проверьте планировку и сопоставьте габариты со своим участком до заказа.",https://catalog-plans.ru/catalog/40-04N?utm_source=pinterest&utm_medium=organic&utm_campaign=generated_house_cards_verified_batch_27&utm_content=pin_4937_40-04n_compare&utm_term=fasady-domov,,"проект дома 40-04N, проект №40-04N, Фасады домов, готовый проект дома, планировка дома, фасады дома, дом с размерами, визуализация дома, дом 134,01 м², дом газобетон, дом европейский, catalog-plans.ru"
Проект дома №40-04PAK1L: проверить габариты для участка,https://raw.githubusercontent.com/nemchenik/test/catalog-plans-pinterest-cards/pinterest/generated_batch_27/40-04PAK1L.jpg,Европейские дома,,"Проект дома №40-04PAK1L. На превью показана каноническая визуализация, взятая непосредственно со страницы этого проекта на catalog-plans.ru. В карточке доступны планы этажей, фасады, размеры и характеристики. Параметры: 145,56 м²; 2 этажа; габариты 10.06×10.06 м; стены — кирпич; стиль — европейский. Откройте проект, проверьте планировку и сопоставьте габариты со своим участком до заказа.",https://catalog-plans.ru/catalog/40-04PAK1L?utm_source=pinterest&utm_medium=organic&utm_campaign=generated_house_cards_verified_batch_27&utm_content=pin_4938_40-04pak1l_site&utm_term=evropeyskie-doma,,"проект дома 40-04PAK1L, проект №40-04PAK1L, Европейские дома, готовый проект дома, планировка дома, фасады дома, дом с размерами, визуализация дома, дом 145,56 м², дом кирпич, дом европейский, catalog-plans.ru"
Проект дома №40-04PBG: посмотреть все ракурсы и этажи,https://raw.githubusercontent.com/nemchenik/test/catalog-plans-pinterest-cards/pinterest/generated_batch_27/40-04PBG.jpg,Дома из газобетона,,"Проект дома №40-04PBG. На превью показана каноническая визуализация, взятая непосредственно со страницы этого проекта на catalog-plans.ru. В карточке доступны планы этажей, фасады, размеры и характеристики. Параметры: 136 м²; 2 этажа; габариты 9.4×9.9 м; стены — газобетон; стиль — европейский. Откройте проект, проверьте планировку и сопоставьте габариты со своим участком до заказа.",https://catalog-plans.ru/catalog/40-04PBG?utm_source=pinterest&utm_medium=organic&utm_campaign=generated_house_cards_verified_batch_27&utm_content=pin_4939_40-04pbg_facades&utm_term=doma-iz-gazobetona,,"проект дома 40-04PBG, проект №40-04PBG, Дома из газобетона, готовый проект дома, планировка дома, фасады дома, дом с размерами, визуализация дома, дом 136 м², дом газобетон, дом европейский, catalog-plans.ru"
Проект дома №40-04PBK2L: сравнить перед выбором,https://raw.githubusercontent.com/nemchenik/test/catalog-plans-pinterest-cards/pinterest/generated_batch_27/40-04PBK2L.jpg,Проекты домов с визуализациями,,"Проект дома №40-04PBK2L. На превью показана каноническая визуализация, взятая непосредственно со страницы этого проекта на catalog-plans.ru. В карточке доступны планы этажей, фасады, размеры и характеристики. Параметры: 136,81 м²; 2 этажа; габариты 9.78×10.28 м; стены — кирпич; стиль — европейский. Откройте проект, проверьте планировку и сопоставьте габариты со своим участком до заказа.",https://catalog-plans.ru/catalog/40-04PBK2L?utm_source=pinterest&utm_medium=organic&utm_campaign=generated_house_cards_verified_batch_27&utm_content=pin_4940_40-04pbk2l_estimate&utm_term=proekty-domov-s-vizualizaciyami,,"проект дома 40-04PBK2L, проект №40-04PBK2L, Проекты домов с визуализациями, готовый проект дома, планировка дома, фасады дома, дом с размерами, визуализация дома, дом 136,81 м², дом кирпич, дом европейский, catalog-plans.ru"
Проект дома №40-04RGL: перейти к расчёту строительства,https://raw.githubusercontent.com/nemchenik/test/catalog-plans-pinterest-cards/pinterest/generated_batch_27/40-04RGL.jpg,Дома из газобетона,,"Проект дома №40-04RGL. На превью показана каноническая визуализация, взятая непосредственно со страницы этого проекта на catalog-plans.ru. В карточке доступны планы этажей, фасады, размеры и характеристики. Параметры: 137,48 м²; 2 этажа; габариты 10×10 м; стены — газобетон; стиль — европейский. Откройте проект, проверьте планировку и сопоставьте габариты со своим участком до заказа.",https://catalog-plans.ru/catalog/40-04RGL?utm_source=pinterest&utm_medium=organic&utm_campaign=generated_house_cards_verified_batch_27&utm_content=pin_4941_40-04rgl_changes&utm_term=doma-iz-gazobetona,,"проект дома 40-04RGL, проект №40-04RGL, Дома из газобетона, готовый проект дома, планировка дома, фасады дома, дом с размерами, визуализация дома, дом 137,48 м², дом газобетон, дом европейский, catalog-plans.ru"
Проект дома №40-04TGL: открыть планировку и размеры,https://raw.githubusercontent.com/nemchenik/test/catalog-plans-pinterest-cards/pinterest/generated_batch_27/40-04TGL.jpg,Дома из газобетона,,"Проект дома №40-04TGL. На превью показана каноническая визуализация, взятая непосредственно со страницы этого проекта на catalog-plans.ru. В карточке доступны планы этажей, фасады, размеры и характеристики. Параметры: 193,37 м²; 2 этажа; габариты 11×12 м; стены — газобетон; стиль — европейский. Откройте проект, проверьте планировку и сопоставьте габариты со своим участком до заказа.",https://catalog-plans.ru/catalog/40-04TGL?utm_source=pinterest&utm_medium=organic&utm_campaign=generated_house_cards_verified_batch_27&utm_content=pin_4942_40-04tgl_plans&utm_term=doma-iz-gazobetona,,"проект дома 40-04TGL, проект №40-04TGL, Дома из газобетона, готовый проект дома, планировка дома, фасады дома, дом с размерами, визуализация дома, дом 193,37 м², дом газобетон, дом европейский, catalog-plans.ru"
"Проект дома №40-04Z: фасады, планы и характеристики",https://raw.githubusercontent.com/nemchenik/test/catalog-plans-pinterest-cards/pinterest/generated_batch_27/40-04Z.jpg,Двухэтажные дома,,"Проект дома №40-04Z. На превью показана каноническая визуализация, взятая непосредственно со страницы этого проекта на catalog-plans.ru. В карточке доступны планы этажей, фасады, размеры и характеристики. Параметры: 132,44 м²; 2 этажа; габариты 9.5×10 м; стены — газобетон; стиль — европейский. Откройте проект, проверьте планировку и сопоставьте габариты со своим участком до заказа.",https://catalog-plans.ru/catalog/40-04Z?utm_source=pinterest&utm_medium=organic&utm_campaign=generated_house_cards_verified_batch_27&utm_content=pin_4943_40-04z_compare&utm_term=dvuhetazhnye-doma,,"проект дома 40-04Z, проект №40-04Z, Двухэтажные дома, готовый проект дома, планировка дома, фасады дома, дом с размерами, визуализация дома, дом 132,44 м², дом газобетон, дом европейский, catalog-plans.ru"
Проект дома №40-04ZC: проверить габариты для участка,https://raw.githubusercontent.com/nemchenik/test/catalog-plans-pinterest-cards/pinterest/generated_batch_27/40-04ZC.jpg,Фасады домов,,"Проект дома №40-04ZC. На превью показана каноническая визуализация, взятая непосредственно со страницы этого проекта на catalog-plans.ru. В карточке доступны планы этажей, фасады, размеры и характеристики. Параметры: 154,05 м²; 2 этажа; габариты 9.5×10 м; стены — газобетон; стиль — европейский. Откройте проект, проверьте планировку и сопоставьте габариты со своим участком до заказа.",https://catalog-plans.ru/catalog/40-04ZC?utm_source=pinterest&utm_medium=organic&utm_campaign=generated_house_cards_verified_batch_27&utm_content=pin_4944_40-04zc_site&utm_term=fasady-domov,,"проект дома 40-04ZC, проект №40-04ZC, Фасады домов, готовый проект дома, планировка дома, фасады дома, дом с размерами, визуализация дома, дом 154,05 м², дом газобетон, дом европейский, catalog-plans.ru"
Проект дома №40-04ZEDK2L: посмотреть все ракурсы и этажи,https://raw.githubusercontent.com/nemchenik/test/catalog-plans-pinterest-cards/pinterest/generated_batch_27/40-04ZEDK2L.jpg,Проекты домов с визуализациями,,"Проект дома №40-04ZEDK2L. На превью показана каноническая визуализация, взятая непосредственно со страницы этого проекта на catalog-plans.ru. В карточке доступны планы этажей, фасады, размеры и характеристики. Параметры: 204,1 м²; 2 этажа; габариты 10.5×9.87 м; стены — кирпич; стиль — европейский. Откройте проект, проверьте планировку и сопоставьте габариты со своим участком до заказа.",https://catalog-plans.ru/catalog/40-04ZEDK2L?utm_source=pinterest&utm_medium=organic&utm_campaign=generated_house_cards_verified_batch_27&utm_content=pin_4945_40-04zedk2l_facades&utm_term=proekty-domov-s-vizualizaciyami,,"проект дома 40-04ZEDK2L, проект №40-04ZEDK2L, Проекты домов с визуализациями, готовый проект дома, планировка дома, фасады дома, дом с размерами, визуализация дома, дом 204,1 м², дом кирпич, дом европейский, catalog-plans.ru"
Проект дома №40-04ZN: сравнить перед выбором,https://raw.githubusercontent.com/nemchenik/test/catalog-plans-pinterest-cards/pinterest/generated_batch_27/40-04ZN.jpg,Дома из газобетона,,"Проект дома №40-04ZN. На превью показана каноническая визуализация, взятая непосредственно со страницы этого проекта на catalog-plans.ru. В карточке доступны планы этажей, фасады, размеры и характеристики. Параметры: 135,06 м²; 2 этажа; габариты 9.5×10 м; стены — газобетон; стиль — европейский. Откройте проект, проверьте планировку и сопоставьте габариты со своим участком до заказа.",https://catalog-plans.ru/catalog/40-04ZN?utm_source=pinterest&utm_medium=organic&utm_campaign=generated_house_cards_verified_batch_27&utm_content=pin_4946_40-04zn_estimate&utm_term=doma-iz-gazobetona,,"проект дома 40-04ZN, проект №40-04ZN, Дома из газобетона, готовый проект дома, планировка дома, фасады дома, дом с размерами, визуализация дома, дом 135,06 м², дом газобетон, дом европейский, catalog-plans.ru"
Проект дома №40-61MAGL: перейти к расчёту строительства,https://raw.githubusercontent.com/nemchenik/test/catalog-plans-pinterest-cards/pinterest/generated_batch_27/40-61MAGL.jpg,Большие дома,,"Проект дома №40-61MAGL. На превью показана каноническая визуализация, взятая непосредственно со страницы этого проекта на catalog-plans.ru. В карточке доступны планы этажей, фасады, размеры и характеристики. Параметры: 351,56 м²; 2 этажа; габариты 13.1×27.75 м; стены — газобетон; стиль — современный. Откройте проект, проверьте планировку и сопоставьте габариты со своим участком до заказа.",https://catalog-plans.ru/catalog/40-61MAGL?utm_source=pinterest&utm_medium=organic&utm_campaign=generated_house_cards_verified_batch_27&utm_content=pin_4947_40-61magl_changes&utm_term=bolshie-doma,,"проект дома 40-61MAGL, проект №40-61MAGL, Большие дома, готовый проект дома, планировка дома, фасады дома, дом с размерами, визуализация дома, дом 351,56 м², дом газобетон, дом современный, catalog-plans.ru"
Проект дома №40-86DADL: открыть планировку и размеры,https://raw.githubusercontent.com/nemchenik/test/catalog-plans-pinterest-cards/pinterest/generated_batch_27/40-86DADL.jpg,Готовые проекты домов,,"Проект дома №40-86DADL. На превью показана каноническая визуализация, взятая непосредственно со страницы этого проекта на catalog-plans.ru. В карточке доступны планы этажей, фасады, размеры и характеристики. Параметры: 263,27 м²; 2 этажа; габариты 10.52×18.93 м; стены — газобетон; стиль — хай-тек. Откройте проект, проверьте планировку и сопоставьте габариты со своим участком до заказа.",https://catalog-plans.ru/catalog/40-86DADL?utm_source=pinterest&utm_medium=organic&utm_campaign=generated_house_cards_verified_batch_27&utm_content=pin_4948_40-86dadl_plans&utm_term=gotovye-proekty-domov,,"проект дома 40-86DADL, проект №40-86DADL, Готовые проекты домов, готовый проект дома, планировка дома, фасады дома, дом с размерами, визуализация дома, дом 263,27 м², дом газобетон, дом хай-тек, catalog-plans.ru"
"Проект дома №40-94: фасады, планы и характеристики",https://raw.githubusercontent.com/nemchenik/test/catalog-plans-pinterest-cards/pinterest/generated_batch_27/40-94.jpg,Кирпичные дома,,"Проект дома №40-94. На превью показана каноническая визуализация, взятая непосредственно со страницы этого проекта на catalog-plans.ru. В карточке доступны планы этажей, фасады, размеры и характеристики. Параметры: 254,21 м²; 2 этажа; габариты 18.04×20.6 м; стены — кирпич; стиль — хай-тек. Откройте проект, проверьте планировку и сопоставьте габариты со своим участком до заказа.",https://catalog-plans.ru/catalog/40-94?utm_source=pinterest&utm_medium=organic&utm_campaign=generated_house_cards_verified_batch_27&utm_content=pin_4949_40-94_compare&utm_term=kirpichnye-doma,,"проект дома 40-94, проект №40-94, Кирпичные дома, готовый проект дома, планировка дома, фасады дома, дом с размерами, визуализация дома, дом 254,21 м², дом кирпич, дом хай-тек, catalog-plans.ru"
Проект дома №45-08EDABGL: проверить габариты для участка,https://raw.githubusercontent.com/nemchenik/test/catalog-plans-pinterest-cards/pinterest/generated_batch_27/45-08EDABGL.jpg,Готовые проекты домов,,"Проект дома №45-08EDABGL. На превью показана каноническая визуализация, взятая непосредственно со страницы этого проекта на catalog-plans.ru. В карточке доступны планы этажей, фасады, размеры и характеристики. Параметры: 148,3 м²; 1 этаж; габариты 12×16 м; стены — газобетон; стиль — современный. Откройте проект, проверьте планировку и сопоставьте габариты со своим участком до заказа.",https://catalog-plans.ru/catalog/45-08EDABGL?utm_source=pinterest&utm_medium=organic&utm_campaign=generated_house_cards_verified_batch_27&utm_content=pin_4950_45-08edabgl_site&utm_term=gotovye-proekty-domov,,"проект дома 45-08EDABGL, проект №45-08EDABGL, Готовые проекты домов, готовый проект дома, планировка дома, фасады дома, дом с размерами, визуализация дома, дом 148,3 м², дом газобетон, дом современный, catalog-plans.ru"
Проект дома №45-08EDAGL: посмотреть все ракурсы и этажи,https://raw.githubusercontent.com/nemchenik/test/catalog-plans-pinterest-cards/pinterest/generated_batch_27/45-08EDAGL.jpg,Дома из газобетона,,"Проект дома №45-08EDAGL. На превью показана каноническая визуализация, взятая непосредственно со страницы этого проекта на catalog-plans.ru. В карточке доступны планы этажей, фасады, размеры и характеристики. Параметры: 248,32 м²; 1 этаж; габариты 17.305×24.5 м; стены — газобетон; стиль — современный. Откройте проект, проверьте планировку и сопоставьте габариты со своим участком до заказа.",https://catalog-plans.ru/catalog/45-08EDAGL?utm_source=pinterest&utm_medium=organic&utm_campaign=generated_house_cards_verified_batch_27&utm_content=pin_4951_45-08edagl_facades&utm_term=doma-iz-gazobetona,,"проект дома 45-08EDAGL, проект №45-08EDAGL, Дома из газобетона, готовый проект дома, планировка дома, фасады дома, дом с размерами, визуализация дома, дом 248,32 м², дом газобетон, дом современный, catalog-plans.ru"
Проект дома №45-16G: сравнить перед выбором,https://raw.githubusercontent.com/nemchenik/test/catalog-plans-pinterest-cards/pinterest/generated_batch_27/45-16G.jpg,Готовые проекты домов,,"Проект дома №45-16G. На превью показана каноническая визуализация, взятая непосредственно со страницы этого проекта на catalog-plans.ru. В карточке доступны планы этажей, фасады, размеры и характеристики. Параметры: 195,26 м²; 2 этажа; габариты 11.49×16.99 м; стены — газобетон; стиль — современный. Откройте проект, проверьте планировку и сопоставьте габариты со своим участком до заказа.",https://catalog-plans.ru/catalog/45-16G?utm_source=pinterest&utm_medium=organic&utm_campaign=generated_house_cards_verified_batch_27&utm_content=pin_4952_45-16g_estimate&utm_term=gotovye-proekty-domov,,"проект дома 45-16G, проект №45-16G, Готовые проекты домов, готовый проект дома, планировка дома, фасады дома, дом с размерами, визуализация дома, дом 195,26 м², дом газобетон, дом современный, catalog-plans.ru"
Проект дома №45-64HBGL: перейти к расчёту строительства,https://raw.githubusercontent.com/nemchenik/test/catalog-plans-pinterest-cards/pinterest/generated_batch_27/45-64HBGL.jpg,Дома в стиле Райта,,"Проект дома №45-64HBGL. На превью показана каноническая визуализация, взятая непосредственно со страницы этого проекта на catalog-plans.ru. В карточке доступны планы этажей, фасады, размеры и характеристики. Параметры: 325,75 м²; 2 этажа; габариты 16×16.3 м; стены — газобетон; стиль — стиль Райта. Откройте проект, проверьте планировку и сопоставьте габариты со своим участком до заказа.",https://catalog-plans.ru/catalog/45-64HBGL?utm_source=pinterest&utm_medium=organic&utm_campaign=generated_house_cards_verified_batch_27&utm_content=pin_4953_45-64hbgl_changes&utm_term=doma-v-stile-rayta,,"проект дома 45-64HBGL, проект №45-64HBGL, Дома в стиле Райта, готовый проект дома, планировка дома, фасады дома, дом с размерами, визуализация дома, дом 325,75 м², дом газобетон, дом стиль Райта, catalog-plans.ru"
Проект дома №45-64NHATGL: открыть планировку и размеры,https://raw.githubusercontent.com/nemchenik/test/catalog-plans-pinterest-cards/pinterest/generated_batch_27/45-64NHATGL.jpg,Двухэтажные дома,,"Проект дома №45-64NHATGL. На превью показана каноническая визуализация, взятая непосредственно со страницы этого проекта на catalog-plans.ru. В карточке доступны планы этажей, фасады, размеры и характеристики. Параметры: 204,85 м²; 2 этажа; габариты 12.6×15.51 м; стены — газобетон; стиль — стиль Райта. Откройте проект, проверьте планировку и сопоставьте габариты со своим участком до заказа.",https://catalog-plans.ru/catalog/45-64NHATGL?utm_source=pinterest&utm_medium=organic&utm_campaign=generated_house_cards_verified_batch_27&utm_content=pin_4954_45-64nhatgl_plans&utm_term=dvuhetazhnye-doma,,"проект дома 45-64NHATGL, проект №45-64NHATGL, Двухэтажные дома, готовый проект дома, планировка дома, фасады дома, дом с размерами, визуализация дома, дом 204,85 м², дом газобетон, дом стиль Райта, catalog-plans.ru"
"Проект дома №45-64NHBFGL: фасады, планы и характеристики",https://raw.githubusercontent.com/nemchenik/test/catalog-plans-pinterest-cards/pinterest/generated_batch_27/45-64NHBFGL.jpg,Большие дома,,"Проект дома №45-64NHBFGL. На превью показана каноническая визуализация, взятая непосредственно со страницы этого проекта на catalog-plans.ru. В карточке доступны планы этажей, фасады, размеры и характеристики. Параметры: 320,94 м²; 2 этажа; габариты 16.6×17.14 м; стены — газобетон; стиль — стиль Райта. Откройте проект, проверьте планировку и сопоставьте габариты со своим участком до заказа.",https://catalog-plans.ru/catalog/45-64NHBFGL?utm_source=pinterest&utm_medium=organic&utm_campaign=generated_house_cards_verified_batch_27&utm_content=pin_4955_45-64nhbfgl_compare&utm_term=bolshie-doma,,"проект дома 45-64NHBFGL, проект №45-64NHBFGL, Большие дома, готовый проект дома, планировка дома, фасады дома, дом с размерами, визуализация дома, дом 320,94 м², дом газобетон, дом стиль Райта, catalog-plans.ru"
Проект дома №45-64NKL: проверить габариты для участка,https://raw.githubusercontent.com/nemchenik/test/catalog-plans-pinterest-cards/pinterest/generated_batch_27/45-64NKL.jpg,Проекты домов с визуализациями,,"Проект дома №45-64NKL. На превью показана каноническая визуализация, взятая непосредственно со страницы этого проекта на catalog-plans.ru. В карточке доступны планы этажей, фасады, размеры и характеристики. Параметры: 244,93 м²; 2 этажа; габариты 12.74×14.24 м; стены — кирпич; стиль — стиль Райта. Откройте проект, проверьте планировку и сопоставьте габариты со своим участком до заказа.",https://catalog-plans.ru/catalog/45-64NKL?utm_source=pinterest&utm_medium=organic&utm_campaign=generated_house_cards_verified_batch_27&utm_content=pin_4956_45-64nkl_site&utm_term=proekty-domov-s-vizualizaciyami,,"проект дома 45-64NKL, проект №45-64NKL, Проекты домов с визуализациями, готовый проект дома, планировка дома, фасады дома, дом с размерами, визуализация дома, дом 244,93 м², дом кирпич, дом стиль Райта, catalog-plans.ru"
Проект дома №45-64ZAGL: посмотреть все ракурсы и этажи,https://raw.githubusercontent.com/nemchenik/test/catalog-plans-pinterest-cards/pinterest/generated_batch_27/45-64ZAGL.jpg,Готовые проекты домов,,"Проект дома №45-64ZAGL. На превью показана каноническая визуализация, взятая непосредственно со страницы этого проекта на catalog-plans.ru. В карточке доступны планы этажей, фасады, размеры и характеристики. Параметры: 247,29 м²; 2 этажа; габариты 11.35×21.4 м; стены — газобетон; стиль — стиль Райта. Откройте проект, проверьте планировку и сопоставьте габариты со своим участком до заказа.",https://catalog-plans.ru/catalog/45-64ZAGL?utm_source=pinterest&utm_medium=organic&utm_campaign=generated_house_cards_verified_batch_27&utm_content=pin_4957_45-64zagl_facades&utm_term=gotovye-proekty-domov,,"проект дома 45-64ZAGL, проект №45-64ZAGL, Готовые проекты домов, готовый проект дома, планировка дома, фасады дома, дом с размерами, визуализация дома, дом 247,29 м², дом газобетон, дом стиль Райта, catalog-plans.ru"
Проект дома №45-64ZGL: сравнить перед выбором,https://raw.githubusercontent.com/nemchenik/test/catalog-plans-pinterest-cards/pinterest/generated_batch_27/45-64ZGL.jpg,Проекты домов с визуализациями,,"Проект дома №45-64ZGL. На превью показана каноническая визуализация, взятая непосредственно со страницы этого проекта на catalog-plans.ru. В карточке доступны планы этажей, фасады, размеры и характеристики. Параметры: 344,92 м²; 2 этажа; габариты 13.8×19.9 м; стены — газобетон; стиль — стиль Райта. Откройте проект, проверьте планировку и сопоставьте габариты со своим участком до заказа.",https://catalog-plans.ru/catalog/45-64ZGL?utm_source=pinterest&utm_medium=organic&utm_campaign=generated_house_cards_verified_batch_27&utm_content=pin_4958_45-64zgl_estimate&utm_term=proekty-domov-s-vizualizaciyami,,"проект дома 45-64ZGL, проект №45-64ZGL, Проекты домов с визуализациями, готовый проект дома, планировка дома, фасады дома, дом с размерами, визуализация дома, дом 344,92 м², дом газобетон, дом стиль Райта, catalog-plans.ru"
Проект дома №45-92: перейти к расчёту строительства,https://raw.githubusercontent.com/nemchenik/test/catalog-plans-pinterest-cards/pinterest/generated_batch_27/45-92.jpg,Готовые проекты домов,,"Проект дома №45-92. На превью показана каноническая визуализация, взятая непосредственно со страницы этого проекта на catalog-plans.ru. В карточке доступны планы этажей, фасады, размеры и характеристики. Параметры: 205,41 м²; 2 этажа; габариты 11.54×14.28 м; стены — кирпич; стиль — скандинавский. Откройте проект, проверьте планировку и сопоставьте габариты со своим участком до заказа.",https://catalog-plans.ru/catalog/45-92?utm_source=pinterest&utm_medium=organic&utm_campaign=generated_house_cards_verified_batch_27&utm_content=pin_4959_45-92_changes&utm_term=gotovye-proekty-domov,,"проект дома 45-92, проект №45-92, Готовые проекты домов, готовый проект дома, планировка дома, фасады дома, дом с размерами, визуализация дома, дом 205,41 м², дом кирпич, дом скандинавский, catalog-plans.ru"
Проект дома №46-06EK1: открыть планировку и размеры,https://raw.githubusercontent.com/nemchenik/test/catalog-plans-pinterest-cards/pinterest/generated_batch_27/46-06EK1.jpg,Дома в стиле хай-тек,,"Проект дома №46-06EK1. На превью показана каноническая визуализация, взятая непосредственно со страницы этого проекта на catalog-plans.ru. В карточке доступны планы этажей, фасады, размеры и характеристики. Параметры: 581,68 м²; 2 этажа; габариты 20.23×10.77 м; стены — кирпич; стиль — хай-тек. Откройте проект, проверьте планировку и сопоставьте габариты со своим участком до заказа.",https://catalog-plans.ru/catalog/46-06EK1?utm_source=pinterest&utm_medium=organic&utm_campaign=generated_house_cards_verified_batch_27&utm_content=pin_4960_46-06ek1_plans&utm_term=doma-v-stile-hay-tek,,"проект дома 46-06EK1, проект №46-06EK1, Дома в стиле хай-тек, готовый проект дома, планировка дома, фасады дома, дом с размерами, визуализация дома, дом 581,68 м², дом кирпич, дом хай-тек, catalog-plans.ru"
"Проект дома №46-08TABK1L: фасады, планы и характеристики",https://raw.githubusercontent.com/nemchenik/test/catalog-plans-pinterest-cards/pinterest/generated_batch_27/46-08TABK1L.jpg,Готовые проекты домов,,"Проект дома №46-08TABK1L. На превью показана каноническая визуализация, взятая непосредственно со страницы этого проекта на catalog-plans.ru. В карточке доступны планы этажей, фасады, размеры и характеристики. Параметры: 295,07 м²; 2 этажа; габариты 17.06×13.67 м; стены — кирпич; стиль — стиль Райта. Откройте проект, проверьте планировку и сопоставьте габариты со своим участком до заказа.",https://catalog-plans.ru/catalog/46-08TABK1L?utm_source=pinterest&utm_medium=organic&utm_campaign=generated_house_cards_verified_batch_27&utm_content=pin_4961_46-08tabk1l_compare&utm_term=gotovye-proekty-domov,,"проект дома 46-08TABK1L, проект №46-08TABK1L, Готовые проекты домов, готовый проект дома, планировка дома, фасады дома, дом с размерами, визуализация дома, дом 295,07 м², дом кирпич, дом стиль Райта, catalog-plans.ru"
Проект дома №46-08ZK2L: проверить габариты для участка,https://raw.githubusercontent.com/nemchenik/test/catalog-plans-pinterest-cards/pinterest/generated_batch_27/46-08ZK2L.jpg,Большие дома,,"Проект дома №46-08ZK2L. На превью показана каноническая визуализация, взятая непосредственно со страницы этого проекта на catalog-plans.ru. В карточке доступны планы этажей, фасады, размеры и характеристики. Параметры: 383,19 м²; 2 этажа; габариты 14.55×22.96 м; стены — кирпич; стиль — стиль Райта. Откройте проект, проверьте планировку и сопоставьте габариты со своим участком до заказа.",https://catalog-plans.ru/catalog/46-08ZK2L?utm_source=pinterest&utm_medium=organic&utm_campaign=generated_house_cards_verified_batch_27&utm_content=pin_4962_46-08zk2l_site&utm_term=bolshie-doma,,"проект дома 46-08ZK2L, проект №46-08ZK2L, Большие дома, готовый проект дома, планировка дома, фасады дома, дом с размерами, визуализация дома, дом 383,19 м², дом кирпич, дом стиль Райта, catalog-plans.ru"
Проект дома №46-09DEABG: посмотреть все ракурсы и этажи,https://raw.githubusercontent.com/nemchenik/test/catalog-plans-pinterest-cards/pinterest/generated_batch_27/46-09DEABG.jpg,Одноэтажные дома,,"Проект дома №46-09DEABG. На превью показана каноническая визуализация, взятая непосредственно со страницы этого проекта на catalog-plans.ru. В карточке доступны планы этажей, фасады, размеры и характеристики. Параметры: 170,11 м²; 1 этаж; габариты 15.105×16.88 м; стены — газобетон; стиль — стиль Райта. Откройте проект, проверьте планировку и сопоставьте габариты со своим участком до заказа.",https://catalog-plans.ru/catalog/46-09DEABG?utm_source=pinterest&utm_medium=organic&utm_campaign=generated_house_cards_verified_batch_27&utm_content=pin_4963_46-09deabg_facades&utm_term=odnoetazhnye-doma,,"проект дома 46-09DEABG, проект №46-09DEABG, Одноэтажные дома, готовый проект дома, планировка дома, фасады дома, дом с размерами, визуализация дома, дом 170,11 м², дом газобетон, дом стиль Райта, catalog-plans.ru"
Проект дома №46-09DGML: сравнить перед выбором,https://raw.githubusercontent.com/nemchenik/test/catalog-plans-pinterest-cards/pinterest/generated_batch_27/46-09DGML.jpg,Дома 200–300 м²,,"Проект дома №46-09DGML. На превью показана каноническая визуализация, взятая непосредственно со страницы этого проекта на catalog-plans.ru. В карточке доступны планы этажей, фасады, размеры и характеристики. Параметры: 200,5 м²; 1 этаж; габариты 18.32×19.55 м; стены — монолитный каркас; стиль — стиль Райта. Откройте проект, проверьте планировку и сопоставьте габариты со своим участком до заказа.",https://catalog-plans.ru/catalog/46-09DGML?utm_source=pinterest&utm_medium=organic&utm_campaign=generated_house_cards_verified_batch_27&utm_content=pin_4964_46-09dgml_estimate&utm_term=doma-200-300-m,,"проект дома 46-09DGML, проект №46-09DGML, Дома 200–300 м², готовый проект дома, планировка дома, фасады дома, дом с размерами, визуализация дома, дом 200,5 м², дом монолитный каркас, дом стиль Райта, catalog-plans.ru"
Проект дома №46-09EAK1L: перейти к расчёту строительства,https://raw.githubusercontent.com/nemchenik/test/catalog-plans-pinterest-cards/pinterest/generated_batch_27/46-09EAK1L.jpg,Кирпичные дома,,"Проект дома №46-09EAK1L. На превью показана каноническая визуализация, взятая непосредственно со страницы этого проекта на catalog-plans.ru. В карточке доступны планы этажей, фасады, размеры и характеристики. Параметры: 161,83 м²; 1 этаж; габариты 14.47×18.32 м; стены — кирпич; стиль — стиль Райта. Откройте проект, проверьте планировку и сопоставьте габариты со своим участком до заказа.",https://catalog-plans.ru/catalog/46-09EAK1L?utm_source=pinterest&utm_medium=organic&utm_campaign=generated_house_cards_verified_batch_27&utm_content=pin_4965_46-09eak1l_changes&utm_term=kirpichnye-doma,,"проект дома 46-09EAK1L, проект №46-09EAK1L, Кирпичные дома, готовый проект дома, планировка дома, фасады дома, дом с размерами, визуализация дома, дом 161,83 м², дом кирпич, дом стиль Райта, catalog-plans.ru"
Проект дома №46-09FEGL: открыть планировку и размеры,https://raw.githubusercontent.com/nemchenik/test/catalog-plans-pinterest-cards/pinterest/generated_batch_27/46-09FEGL.jpg,Готовые проекты домов,,"Проект дома №46-09FEGL. На превью показана каноническая визуализация, взятая непосредственно со страницы этого проекта на catalog-plans.ru. В карточке доступны планы этажей, фасады, размеры и характеристики. Параметры: 242,46 м²; 1 этаж; габариты 11.06×14.82 м; стены — газобетон; стиль — стиль Райта. Откройте проект, проверьте планировку и сопоставьте габариты со своим участком до заказа.",https://catalog-plans.ru/catalog/46-09FEGL?utm_source=pinterest&utm_medium=organic&utm_campaign=generated_house_cards_verified_batch_27&utm_content=pin_4966_46-09fegl_plans&utm_term=gotovye-proekty-domov,,"проект дома 46-09FEGL, проект №46-09FEGL, Готовые проекты домов, готовый проект дома, планировка дома, фасады дома, дом с размерами, визуализация дома, дом 242,46 м², дом газобетон, дом стиль Райта, catalog-plans.ru"
"Проект дома №46-09GL: фасады, планы и характеристики",https://raw.githubusercontent.com/nemchenik/test/catalog-plans-pinterest-cards/pinterest/generated_batch_27/46-09GL.jpg,Дома из газобетона,,"Проект дома №46-09GL. На превью показана каноническая визуализация, взятая непосредственно со страницы этого проекта на catalog-plans.ru. В карточке доступны планы этажей, фасады, размеры и характеристики. Параметры: 150,83 м²; 1 этаж; габариты 14.57×18.52 м; стены — газобетон; стиль — стиль Райта. Откройте проект, проверьте планировку и сопоставьте габариты со своим участком до заказа.",https://catalog-plans.ru/catalog/46-09GL?utm_source=pinterest&utm_medium=organic&utm_campaign=generated_house_cards_verified_batch_27&utm_content=pin_4967_46-09gl_compare&utm_term=doma-iz-gazobetona,,"проект дома 46-09GL, проект №46-09GL, Дома из газобетона, готовый проект дома, планировка дома, фасады дома, дом с размерами, визуализация дома, дом 150,83 м², дом газобетон, дом стиль Райта, catalog-plans.ru"
Проект дома №46-09WGL: проверить габариты для участка,https://raw.githubusercontent.com/nemchenik/test/catalog-plans-pinterest-cards/pinterest/generated_batch_27/46-09WGL.jpg,Дома до 150 м²,,"Проект дома №46-09WGL. На превью показана каноническая визуализация, взятая непосредственно со страницы этого проекта на catalog-plans.ru. В карточке доступны планы этажей, фасады, размеры и характеристики. Параметры: 125,16 м²; 1 этаж; габариты 13.88×16.3 м; стены — газобетон; стиль — стиль Райта. Откройте проект, проверьте планировку и сопоставьте габариты со своим участком до заказа.",https://catalog-plans.ru/catalog/46-09WGL?utm_source=pinterest&utm_medium=organic&utm_campaign=generated_house_cards_verified_batch_27&utm_content=pin_4968_46-09wgl_site&utm_term=doma-do-150-m,,"проект дома 46-09WGL, проект №46-09WGL, Дома до 150 м², готовый проект дома, планировка дома, фасады дома, дом с размерами, визуализация дома, дом 125,16 м², дом газобетон, дом стиль Райта, catalog-plans.ru"
Проект дома №46-22AGL: посмотреть все ракурсы и этажи,https://raw.githubusercontent.com/nemchenik/test/catalog-plans-pinterest-cards/pinterest/generated_batch_27/46-22AGL.jpg,Готовые проекты домов,,"Проект дома №46-22AGL. На превью показана каноническая визуализация, взятая непосредственно со страницы этого проекта на catalog-plans.ru. В карточке доступны планы этажей, фасады, размеры и характеристики. Параметры: 121,7 м²; 1 этаж; габариты 11.52×14.02 м; стены — газобетон; стиль — современный. Откройте проект, проверьте планировку и сопоставьте габариты со своим участком до заказа.",https://catalog-plans.ru/catalog/46-22AGL?utm_source=pinterest&utm_medium=organic&utm_campaign=generated_house_cards_verified_batch_27&utm_content=pin_4969_46-22agl_facades&utm_term=gotovye-proekty-domov,,"проект дома 46-22AGL, проект №46-22AGL, Готовые проекты домов, готовый проект дома, планировка дома, фасады дома, дом с размерами, визуализация дома, дом 121,7 м², дом газобетон, дом современный, catalog-plans.ru"
Проект дома №46-23BAK1L: сравнить перед выбором,https://raw.githubusercontent.com/nemchenik/test/catalog-plans-pinterest-cards/pinterest/generated_batch_27/46-23BAK1L.jpg,Готовые проекты домов,,"Проект дома №46-23BAK1L. На превью показана каноническая визуализация, взятая непосредственно со страницы этого проекта на catalog-plans.ru. В карточке доступны планы этажей, фасады, размеры и характеристики. Параметры: 327,55 м²; 2 этажа; габариты 16.82×21.7 м; стены — кирпич; стиль — современный. Откройте проект, проверьте планировку и сопоставьте габариты со своим участком до заказа.",https://catalog-plans.ru/catalog/46-23BAK1L?utm_source=pinterest&utm_medium=organic&utm_campaign=generated_house_cards_verified_batch_27&utm_content=pin_4970_46-23bak1l_estimate&utm_term=gotovye-proekty-domov,,"проект дома 46-23BAK1L, проект №46-23BAK1L, Готовые проекты домов, готовый проект дома, планировка дома, фасады дома, дом с размерами, визуализация дома, дом 327,55 м², дом кирпич, дом современный, catalog-plans.ru"
Проект дома №46-34: перейти к расчёту строительства,https://raw.githubusercontent.com/nemchenik/test/catalog-plans-pinterest-cards/pinterest/generated_batch_27/46-34.jpg,Фасады домов,,"Проект дома №46-34. На превью показана каноническая визуализация, взятая непосредственно со страницы этого проекта на catalog-plans.ru. В карточке доступны планы этажей, фасады, размеры и характеристики. Параметры: 117,55 м²; 2 этажа; габариты 9.57×10.31 м; стены — кирпич; стиль — современный. Откройте проект, проверьте планировку и сопоставьте габариты со своим участком до заказа.",https://catalog-plans.ru/catalog/46-34?utm_source=pinterest&utm_medium=organic&utm_campaign=generated_house_cards_verified_batch_27&utm_content=pin_4971_46-34_changes&utm_term=fasady-domov,,"проект дома 46-34, проект №46-34, Фасады домов, готовый проект дома, планировка дома, фасады дома, дом с размерами, визуализация дома, дом 117,55 м², дом кирпич, дом современный, catalog-plans.ru"
Проект дома №46-37GL: открыть планировку и размеры,https://raw.githubusercontent.com/nemchenik/test/catalog-plans-pinterest-cards/pinterest/generated_batch_27/46-37GL.jpg,Фасады домов,,"Проект дома №46-37GL. На превью показана каноническая визуализация, взятая непосредственно со страницы этого проекта на catalog-plans.ru. В карточке доступны планы этажей, фасады, размеры и характеристики. Параметры: 227,06 м²; 2 этажа; габариты 12.78×15.06 м; стены — газобетон; стиль — стиль Райта. Откройте проект, проверьте планировку и сопоставьте габариты со своим участком до заказа.",https://catalog-plans.ru/catalog/46-37GL?utm_source=pinterest&utm_medium=organic&utm_campaign=generated_house_cards_verified_batch_27&utm_content=pin_4972_46-37gl_plans&utm_term=fasady-domov,,"проект дома 46-37GL, проект №46-37GL, Фасады домов, готовый проект дома, планировка дома, фасады дома, дом с размерами, визуализация дома, дом 227,06 м², дом газобетон, дом стиль Райта, catalog-plans.ru"
"Проект дома №46-92L: фасады, планы и характеристики",https://raw.githubusercontent.com/nemchenik/test/catalog-plans-pinterest-cards/pinterest/generated_batch_27/46-92L.jpg,Проекты домов с визуализациями,,"Проект дома №46-92L. На превью показана каноническая визуализация, взятая непосредственно со страницы этого проекта на catalog-plans.ru. В карточке доступны планы этажей, фасады, размеры и характеристики. Параметры: 140 м²; 1 этаж; габариты 15×15.18 м; стены — кирпич; стиль — хай-тек. Откройте проект, проверьте планировку и сопоставьте габариты со своим участком до заказа.",https://catalog-plans.ru/catalog/46-92L?utm_source=pinterest&utm_medium=organic&utm_campaign=generated_house_cards_verified_batch_27&utm_content=pin_4973_46-92l_compare&utm_term=proekty-domov-s-vizualizaciyami,,"проект дома 46-92L, проект №46-92L, Проекты домов с визуализациями, готовый проект дома, планировка дома, фасады дома, дом с размерами, визуализация дома, дом 140 м², дом кирпич, дом хай-тек, catalog-plans.ru"
Проект дома №46-96: проверить габариты для участка,https://raw.githubusercontent.com/nemchenik/test/catalog-plans-pinterest-cards/pinterest/generated_batch_27/46-96.jpg,Двухэтажные дома,,"Проект дома №46-96. На превью показана каноническая визуализация, взятая непосредственно со страницы этого проекта на catalog-plans.ru. В карточке доступны планы этажей, фасады, размеры и характеристики. Параметры: 190 м²; 2 этажа; габариты 11.37×14.62 м; стены — кирпич; стиль — хай-тек. Откройте проект, проверьте планировку и сопоставьте габариты со своим участком до заказа.",https://catalog-plans.ru/catalog/46-96?utm_source=pinterest&utm_medium=organic&utm_campaign=generated_house_cards_verified_batch_27&utm_content=pin_4974_46-96_site&utm_term=dvuhetazhnye-doma,,"проект дома 46-96, проект №46-96, Двухэтажные дома, готовый проект дома, планировка дома, фасады дома, дом с размерами, визуализация дома, дом 190 м², дом кирпич, дом хай-тек, catalog-plans.ru"
Проект дома №46-96DG: посмотреть все ракурсы и этажи,https://raw.githubusercontent.com/nemchenik/test/catalog-plans-pinterest-cards/pinterest/generated_batch_27/46-96DG.jpg,Фасады домов,,"Проект дома №46-96DG. На превью показана каноническая визуализация, взятая непосредственно со страницы этого проекта на catalog-plans.ru. В карточке доступны планы этажей, фасады, размеры и характеристики. Параметры: 202,83 м²; 2 этажа; габариты 11.27×14.72 м; стены — газобетон; стиль — хай-тек. Откройте проект, проверьте планировку и сопоставьте габариты со своим участком до заказа.",https://catalog-plans.ru/catalog/46-96DG?utm_source=pinterest&utm_medium=organic&utm_campaign=generated_house_cards_verified_batch_27&utm_content=pin_4975_46-96dg_facades&utm_term=fasady-domov,,"проект дома 46-96DG, проект №46-96DG, Фасады домов, готовый проект дома, планировка дома, фасады дома, дом с размерами, визуализация дома, дом 202,83 м², дом газобетон, дом хай-тек, catalog-plans.ru"
Проект дома №48-20: сравнить перед выбором,https://raw.githubusercontent.com/nemchenik/test/catalog-plans-pinterest-cards/pinterest/generated_batch_27/48-20.jpg,Готовые проекты домов,,"Проект дома №48-20. На превью показана каноническая визуализация, взятая непосредственно со страницы этого проекта на catalog-plans.ru. В карточке доступны планы этажей, фасады, размеры и характеристики. Параметры: 93,2 м²; 2 этажа; габариты 8.9×8.9 м; стены — кирпич; стиль — современный. Откройте проект, проверьте планировку и сопоставьте габариты со своим участком до заказа.",https://catalog-plans.ru/catalog/48-20?utm_source=pinterest&utm_medium=organic&utm_campaign=generated_house_cards_verified_batch_27&utm_content=pin_4976_48-20_estimate&utm_term=gotovye-proekty-domov,,"проект дома 48-20, проект №48-20, Готовые проекты домов, готовый проект дома, планировка дома, фасады дома, дом с размерами, визуализация дома, дом 93,2 м², дом кирпич, дом современный, catalog-plans.ru"
Проект дома №48-24: перейти к расчёту строительства,https://raw.githubusercontent.com/nemchenik/test/catalog-plans-pinterest-cards/pinterest/generated_batch_27/48-24.jpg,Проекты домов с визуализациями,,"Проект дома №48-24. На превью показана каноническая визуализация, взятая непосредственно со страницы этого проекта на catalog-plans.ru. В карточке доступны планы этажей, фасады, размеры и характеристики. Параметры: 262,99 м²; 2 этажа; габариты 15.71×16.62 м; стены — кирпич; стиль — современный. Откройте проект, проверьте планировку и сопоставьте габариты со своим участком до заказа.",https://catalog-plans.ru/catalog/48-24?utm_source=pinterest&utm_medium=organic&utm_campaign=generated_house_cards_verified_batch_27&utm_content=pin_4977_48-24_changes&utm_term=proekty-domov-s-vizualizaciyami,,"проект дома 48-24, проект №48-24, Проекты домов с визуализациями, готовый проект дома, планировка дома, фасады дома, дом с размерами, визуализация дома, дом 262,99 м², дом кирпич, дом современный, catalog-plans.ru"
Проект дома №48-48: открыть планировку и размеры,https://raw.githubusercontent.com/nemchenik/test/catalog-plans-pinterest-cards/pinterest/generated_batch_27/48-48.jpg,Дома в стиле хай-тек,,"Проект дома №48-48. На превью показана каноническая визуализация, взятая непосредственно со страницы этого проекта на catalog-plans.ru. В карточке доступны планы этажей, фасады, размеры и характеристики. Параметры: 397,37 м²; 3 этажа; габариты 15.84×19.71 м; стены — монолитный каркас; стиль — хай-тек. Откройте проект, проверьте планировку и сопоставьте габариты со своим участком до заказа.",https://catalog-plans.ru/catalog/48-48?utm_source=pinterest&utm_medium=organic&utm_campaign=generated_house_cards_verified_batch_27&utm_content=pin_4978_48-48_plans&utm_term=doma-v-stile-hay-tek,,"проект дома 48-48, проект №48-48, Дома в стиле хай-тек, готовый проект дома, планировка дома, фасады дома, дом с размерами, визуализация дома, дом 397,37 м², дом монолитный каркас, дом хай-тек, catalog-plans.ru"
"Проект дома №48-71L: фасады, планы и характеристики",https://raw.githubusercontent.com/nemchenik/test/catalog-plans-pinterest-cards/pinterest/generated_batch_27/48-71L.jpg,Проекты домов с визуализациями,,"Проект дома №48-71L. На превью показана каноническая визуализация, взятая непосредственно со страницы этого проекта на catalog-plans.ru. В карточке доступны планы этажей, фасады, размеры и характеристики. Параметры: 180,54 м²; 2 этажа; габариты 7.02×18.32 м; стены — кирпич; стиль — хай-тек. Откройте проект, проверьте планировку и сопоставьте габариты со своим участком до заказа.",https://catalog-plans.ru/catalog/48-71L?utm_source=pinterest&utm_medium=organic&utm_campaign=generated_house_cards_verified_batch_27&utm_content=pin_4979_48-71l_compare&utm_term=proekty-domov-s-vizualizaciyami,,"проект дома 48-71L, проект №48-71L, Проекты домов с визуализациями, готовый проект дома, планировка дома, фасады дома, дом с размерами, визуализация дома, дом 180,54 м², дом кирпич, дом хай-тек, catalog-plans.ru"
Проект дома №48-72L: проверить габариты для участка,https://raw.githubusercontent.com/nemchenik/test/catalog-plans-pinterest-cards/pinterest/generated_batch_27/48-72L.jpg,Проекты домов с визуализациями,,"Проект дома №48-72L. На превью показана каноническая визуализация, взятая непосредственно со страницы этого проекта на catalog-plans.ru. В карточке доступны планы этажей, фасады, размеры и характеристики. Параметры: 159,33 м²; 2 этажа; габариты 13.225×18.32 м; стены — кирпич; стиль — современный. Откройте проект, проверьте планировку и сопоставьте габариты со своим участком до заказа.",https://catalog-plans.ru/catalog/48-72L?utm_source=pinterest&utm_medium=organic&utm_campaign=generated_house_cards_verified_batch_27&utm_content=pin_4980_48-72l_site&utm_term=proekty-domov-s-vizualizaciyami,,"проект дома 48-72L, проект №48-72L, Проекты домов с визуализациями, готовый проект дома, планировка дома, фасады дома, дом с размерами, визуализация дома, дом 159,33 м², дом кирпич, дом современный, catalog-plans.ru"
Проект дома №48-73A: посмотреть все ракурсы и этажи,https://raw.githubusercontent.com/nemchenik/test/catalog-plans-pinterest-cards/pinterest/generated_batch_27/48-73A.jpg,Проекты домов с визуализациями,,"Проект дома №48-73A. На превью показана каноническая визуализация, взятая непосредственно со страницы этого проекта на catalog-plans.ru. В карточке доступны планы этажей, фасады, размеры и характеристики. Параметры: 119,54 м²; 1 этаж; габариты 9.1×21.93 м; стены — кирпич; стиль — скандинавский. Откройте проект, проверьте планировку и сопоставьте габариты со своим участком до заказа.",https://catalog-plans.ru/catalog/48-73A?utm_source=pinterest&utm_medium=organic&utm_campaign=generated_house_cards_verified_batch_27&utm_content=pin_4981_48-73a_facades&utm_term=proekty-domov-s-vizualizaciyami,,"проект дома 48-73A, проект №48-73A, Проекты домов с визуализациями, готовый проект дома, планировка дома, фасады дома, дом с размерами, визуализация дома, дом 119,54 м², дом кирпич, дом скандинавский, catalog-plans.ru"
Проект дома №48-75MK2: сравнить перед выбором,https://raw.githubusercontent.com/nemchenik/test/catalog-plans-pinterest-cards/pinterest/generated_batch_27/48-75MK2.jpg,Дома в стиле хай-тек,,"Проект дома №48-75MK2. На превью показана каноническая визуализация, взятая непосредственно со страницы этого проекта на catalog-plans.ru. В карточке доступны планы этажей, фасады, размеры и характеристики. Параметры: 491,05 м²; 2 этажа; габариты 20.78×29.83 м; стены — монолитный каркас; стиль — хай-тек. Откройте проект, проверьте планировку и сопоставьте габариты со своим участком до заказа.",https://catalog-plans.ru/catalog/48-75MK2?utm_source=pinterest&utm_medium=organic&utm_campaign=generated_house_cards_verified_batch_27&utm_content=pin_4982_48-75mk2_estimate&utm_term=doma-v-stile-hay-tek,,"проект дома 48-75MK2, проект №48-75MK2, Дома в стиле хай-тек, готовый проект дома, планировка дома, фасады дома, дом с размерами, визуализация дома, дом 491,05 м², дом монолитный каркас, дом хай-тек, catalog-plans.ru"
Проект дома №48-76L: перейти к расчёту строительства,https://raw.githubusercontent.com/nemchenik/test/catalog-plans-pinterest-cards/pinterest/generated_batch_27/48-76L.jpg,Кирпичные дома,,"Проект дома №48-76L. На превью показана каноническая визуализация, взятая непосредственно со страницы этого проекта на catalog-plans.ru. В карточке доступны планы этажей, фасады, размеры и характеристики. Параметры: 104,11 м²; 2 этажа; габариты 7.94×10.51 м; стены — кирпич; стиль — европейский. Откройте проект, проверьте планировку и сопоставьте габариты со своим участком до заказа.",https://catalog-plans.ru/catalog/48-76L?utm_source=pinterest&utm_medium=organic&utm_campaign=generated_house_cards_verified_batch_27&utm_content=pin_4983_48-76l_changes&utm_term=kirpichnye-doma,,"проект дома 48-76L, проект №48-76L, Кирпичные дома, готовый проект дома, планировка дома, фасады дома, дом с размерами, визуализация дома, дом 104,11 м², дом кирпич, дом европейский, catalog-plans.ru"
Проект дома №57-05BL: открыть планировку и размеры,https://raw.githubusercontent.com/nemchenik/test/catalog-plans-pinterest-cards/pinterest/generated_batch_27/57-05BL.jpg,Фасады домов,,"Проект дома №57-05BL. На превью показана каноническая визуализация, взятая непосредственно со страницы этого проекта на catalog-plans.ru. В карточке доступны планы этажей, фасады, размеры и характеристики. Параметры: 149,87 м²; 2 этажа; габариты 10×10.7 м; стены — газобетон; стиль — европейский. Откройте проект, проверьте планировку и сопоставьте габариты со своим участком до заказа.",https://catalog-plans.ru/catalog/57-05BL?utm_source=pinterest&utm_medium=organic&utm_campaign=generated_house_cards_verified_batch_27&utm_content=pin_4984_57-05bl_plans&utm_term=fasady-domov,,"проект дома 57-05BL, проект №57-05BL, Фасады домов, готовый проект дома, планировка дома, фасады дома, дом с размерами, визуализация дома, дом 149,87 м², дом газобетон, дом европейский, catalog-plans.ru"
"Проект дома №57-07: фасады, планы и характеристики",https://raw.githubusercontent.com/nemchenik/test/catalog-plans-pinterest-cards/pinterest/generated_batch_27/57-07.jpg,Дома до 120 м²,,"Проект дома №57-07. На превью показана каноническая визуализация, взятая непосредственно со страницы этого проекта на catalog-plans.ru. В карточке доступны планы этажей, фасады, размеры и характеристики. Параметры: 115,97 м²; 2 этажа; габариты 8.45×10.85 м; стены — газобетон; стиль — современный. Откройте проект, проверьте планировку и сопоставьте габариты со своим участком до заказа.",https://catalog-plans.ru/catalog/57-07?utm_source=pinterest&utm_medium=organic&utm_campaign=generated_house_cards_verified_batch_27&utm_content=pin_4985_57-07_compare&utm_term=doma-do-120-m,,"проект дома 57-07, проект №57-07, Дома до 120 м², готовый проект дома, планировка дома, фасады дома, дом с размерами, визуализация дома, дом 115,97 м², дом газобетон, дом современный, catalog-plans.ru"
Проект дома №57-17D: проверить габариты для участка,https://raw.githubusercontent.com/nemchenik/test/catalog-plans-pinterest-cards/pinterest/generated_batch_27/57-17D.jpg,Готовые проекты домов,,"Проект дома №57-17D. На превью показана каноническая визуализация, взятая непосредственно со страницы этого проекта на catalog-plans.ru. В карточке доступны планы этажей, фасады, размеры и характеристики. Параметры: 111,88 м²; 2 этажа; габариты 8.9×8.9 м; стены — газобетон; стиль — скандинавский. Откройте проект, проверьте планировку и сопоставьте габариты со своим участком до заказа.",https://catalog-plans.ru/catalog/57-17D?utm_source=pinterest&utm_medium=organic&utm_campaign=generated_house_cards_verified_batch_27&utm_content=pin_4986_57-17d_site&utm_term=gotovye-proekty-domov,,"проект дома 57-17D, проект №57-17D, Готовые проекты домов, готовый проект дома, планировка дома, фасады дома, дом с размерами, визуализация дома, дом 111,88 м², дом газобетон, дом скандинавский, catalog-plans.ru"
Проект дома №57-63FL: посмотреть все ракурсы и этажи,https://raw.githubusercontent.com/nemchenik/test/catalog-plans-pinterest-cards/pinterest/generated_batch_27/57-63FL.jpg,Двухэтажные дома,,"Проект дома №57-63FL. На превью показана каноническая визуализация, взятая непосредственно со страницы этого проекта на catalog-plans.ru. В карточке доступны планы этажей, фасады, размеры и характеристики. Параметры: 135,55 м²; 2 этажа; габариты 10×12.6 м; стены — газобетон; стиль — европейский. Откройте проект, проверьте планировку и сопоставьте габариты со своим участком до заказа.",https://catalog-plans.ru/catalog/57-63FL?utm_source=pinterest&utm_medium=organic&utm_campaign=generated_house_cards_verified_batch_27&utm_content=pin_4987_57-63fl_facades&utm_term=dvuhetazhnye-doma,,"проект дома 57-63FL, проект №57-63FL, Двухэтажные дома, готовый проект дома, планировка дома, фасады дома, дом с размерами, визуализация дома, дом 135,55 м², дом газобетон, дом европейский, catalog-plans.ru"
Проект дома №58-09: сравнить перед выбором,https://raw.githubusercontent.com/nemchenik/test/catalog-plans-pinterest-cards/pinterest/generated_batch_27/58-09.jpg,Скандинавские дома,,"Проект дома №58-09. На превью показана каноническая визуализация, взятая непосредственно со страницы этого проекта на catalog-plans.ru. В карточке доступны планы этажей, фасады, размеры и характеристики. Параметры: 174,3 м²; 2 этажа; габариты 12×14 м; стены — газобетон; стиль — скандинавский. Откройте проект, проверьте планировку и сопоставьте габариты со своим участком до заказа.",https://catalog-plans.ru/catalog/58-09?utm_source=pinterest&utm_medium=organic&utm_campaign=generated_house_cards_verified_batch_27&utm_content=pin_4988_58-09_estimate&utm_term=skandinavskie-doma,,"проект дома 58-09, проект №58-09, Скандинавские дома, готовый проект дома, планировка дома, фасады дома, дом с размерами, визуализация дома, дом 174,3 м², дом газобетон, дом скандинавский, catalog-plans.ru"
Проект дома №58-22C: перейти к расчёту строительства,https://raw.githubusercontent.com/nemchenik/test/catalog-plans-pinterest-cards/pinterest/generated_batch_27/58-22C.jpg,Проекты домов с визуализациями,,"Проект дома №58-22C. На превью показана каноническая визуализация, взятая непосредственно со страницы этого проекта на catalog-plans.ru. В карточке доступны планы этажей, фасады, размеры и характеристики. Параметры: 206,23 м²; 2 этажа; габариты 11.56×16.26 м; стены — газобетон; стиль — скандинавский. Откройте проект, проверьте планировку и сопоставьте габариты со своим участком до заказа.",https://catalog-plans.ru/catalog/58-22C?utm_source=pinterest&utm_medium=organic&utm_campaign=generated_house_cards_verified_batch_27&utm_content=pin_4989_58-22c_changes&utm_term=proekty-domov-s-vizualizaciyami,,"проект дома 58-22C, проект №58-22C, Проекты домов с визуализациями, готовый проект дома, планировка дома, фасады дома, дом с размерами, визуализация дома, дом 206,23 м², дом газобетон, дом скандинавский, catalog-plans.ru"
Проект дома №58-22RL: открыть планировку и размеры,https://raw.githubusercontent.com/nemchenik/test/catalog-plans-pinterest-cards/pinterest/generated_batch_27/58-22RL.jpg,Дома 200–300 м²,,"Проект дома №58-22RL. На превью показана каноническая визуализация, взятая непосредственно со страницы этого проекта на catalog-plans.ru. В карточке доступны планы этажей, фасады, размеры и характеристики. Параметры: 238,26 м²; 2 этажа; габариты 14.16×11.56 м; стены — монолитный каркас; стиль — скандинавский. Откройте проект, проверьте планировку и сопоставьте габариты со своим участком до заказа.",https://catalog-plans.ru/catalog/58-22RL?utm_source=pinterest&utm_medium=organic&utm_campaign=generated_house_cards_verified_batch_27&utm_content=pin_4990_58-22rl_plans&utm_term=doma-200-300-m,,"проект дома 58-22RL, проект №58-22RL, Дома 200–300 м², готовый проект дома, планировка дома, фасады дома, дом с размерами, визуализация дома, дом 238,26 м², дом монолитный каркас, дом скандинавский, catalog-plans.ru"
"Проект дома №58-52ABAKL: фасады, планы и характеристики",https://raw.githubusercontent.com/nemchenik/test/catalog-plans-pinterest-cards/pinterest/generated_batch_27/58-52ABAKL.jpg,Проекты домов с визуализациями,,"Проект дома №58-52ABAKL. На превью показана каноническая визуализация, взятая непосредственно со страницы этого проекта на catalog-plans.ru. В карточке доступны планы этажей, фасады, размеры и характеристики. Параметры: 177,35 м²; 2 этажа; габариты 11.28×11.28 м; стены — кирпич; стиль — современный. Откройте проект, проверьте планировку и сопоставьте габариты со своим участком до заказа.",https://catalog-plans.ru/catalog/58-52ABAKL?utm_source=pinterest&utm_medium=organic&utm_campaign=generated_house_cards_verified_batch_27&utm_content=pin_4991_58-52abakl_compare&utm_term=proekty-domov-s-vizualizaciyami,,"проект дома 58-52ABAKL, проект №58-52ABAKL, Проекты домов с визуализациями, готовый проект дома, планировка дома, фасады дома, дом с размерами, визуализация дома, дом 177,35 м², дом кирпич, дом современный, catalog-plans.ru"
Проект дома №58-53BM: проверить габариты для участка,https://raw.githubusercontent.com/nemchenik/test/catalog-plans-pinterest-cards/pinterest/generated_batch_27/58-53BM.jpg,Каркасные дома,,"Проект дома №58-53BM. На превью показана каноническая визуализация, взятая непосредственно со страницы этого проекта на catalog-plans.ru. В карточке доступны планы этажей, фасады, размеры и характеристики. Параметры: 169,66 м²; 3 этажа; габариты 11.53×11.955 м; стены — монолитный каркас; стиль — средневековый. Откройте проект, проверьте планировку и сопоставьте габариты со своим участком до заказа.",https://catalog-plans.ru/catalog/58-53BM?utm_source=pinterest&utm_medium=organic&utm_campaign=generated_house_cards_verified_batch_27&utm_content=pin_4992_58-53bm_site&utm_term=karkasnye-doma,,"проект дома 58-53BM, проект №58-53BM, Каркасные дома, готовый проект дома, планировка дома, фасады дома, дом с размерами, визуализация дома, дом 169,66 м², дом монолитный каркас, дом средневековый, catalog-plans.ru"
Проект дома №58-66FAEL: посмотреть все ракурсы и этажи,https://raw.githubusercontent.com/nemchenik/test/catalog-plans-pinterest-cards/pinterest/generated_batch_27/58-66FAEL.jpg,Готовые проекты домов,,"Проект дома №58-66FAEL. На превью показана каноническая визуализация, взятая непосредственно со страницы этого проекта на catalog-plans.ru. В карточке доступны планы этажей, фасады, размеры и характеристики. Параметры: 178,91 м²; 2 этажа; габариты 10×13 м; стены — газобетон; стиль — английский. Откройте проект, проверьте планировку и сопоставьте габариты со своим участком до заказа.",https://catalog-plans.ru/catalog/58-66FAEL?utm_source=pinterest&utm_medium=organic&utm_campaign=generated_house_cards_verified_batch_27&utm_content=pin_4993_58-66fael_facades&utm_term=gotovye-proekty-domov,,"проект дома 58-66FAEL, проект №58-66FAEL, Готовые проекты домов, готовый проект дома, планировка дома, фасады дома, дом с размерами, визуализация дома, дом 178,91 м², дом газобетон, дом английский, catalog-plans.ru"
Проект дома №58-66HAK1L: сравнить перед выбором,https://raw.githubusercontent.com/nemchenik/test/catalog-plans-pinterest-cards/pinterest/generated_batch_27/58-66HAK1L.jpg,Проекты домов с визуализациями,,"Проект дома №58-66HAK1L. На превью показана каноническая визуализация, взятая непосредственно со страницы этого проекта на catalog-plans.ru. В карточке доступны планы этажей, фасады, размеры и характеристики. Параметры: 232,6 м²; 3 этажа; габариты 12×12.76 м; стены — газобетон; стиль — английский. Откройте проект, проверьте планировку и сопоставьте габариты со своим участком до заказа.",https://catalog-plans.ru/catalog/58-66HAK1L?utm_source=pinterest&utm_medium=organic&utm_campaign=generated_house_cards_verified_batch_27&utm_content=pin_4994_58-66hak1l_estimate&utm_term=proekty-domov-s-vizualizaciyami,,"проект дома 58-66HAK1L, проект №58-66HAK1L, Проекты домов с визуализациями, готовый проект дома, планировка дома, фасады дома, дом с размерами, визуализация дома, дом 232,6 м², дом газобетон, дом английский, catalog-plans.ru"
Проект дома №58-70: перейти к расчёту строительства,https://raw.githubusercontent.com/nemchenik/test/catalog-plans-pinterest-cards/pinterest/generated_batch_27/58-70.jpg,Готовые проекты домов,,"Проект дома №58-70. На превью показана каноническая визуализация, взятая непосредственно со страницы этого проекта на catalog-plans.ru. В карточке доступны планы этажей, фасады, размеры и характеристики. Параметры: 116 м²; 1 этаж; габариты 11.9×13.9 м; стены — газобетон; стиль — шале. Откройте проект, проверьте планировку и сопоставьте габариты со своим участком до заказа.",https://catalog-plans.ru/catalog/58-70?utm_source=pinterest&utm_medium=organic&utm_campaign=generated_house_cards_verified_batch_27&utm_content=pin_4995_58-70_changes&utm_term=gotovye-proekty-domov,,"проект дома 58-70, проект №58-70, Готовые проекты домов, готовый проект дома, планировка дома, фасады дома, дом с размерами, визуализация дома, дом 116 м², дом газобетон, дом шале, catalog-plans.ru"
Проект дома №58-70A: открыть планировку и размеры,https://raw.githubusercontent.com/nemchenik/test/catalog-plans-pinterest-cards/pinterest/generated_batch_27/58-70A.jpg,Фасады домов,,"Проект дома №58-70A. На превью показана каноническая визуализация, взятая непосредственно со страницы этого проекта на catalog-plans.ru. В карточке доступны планы этажей, фасады, размеры и характеристики. Параметры: 117,79 м²; 1 этаж; габариты 11.8×13.8 м; стены — керамзитобетон; стиль — шале. Откройте проект, проверьте планировку и сопоставьте габариты со своим участком до заказа.",https://catalog-plans.ru/catalog/58-70A?utm_source=pinterest&utm_medium=organic&utm_campaign=generated_house_cards_verified_batch_27&utm_content=pin_4996_58-70a_plans&utm_term=fasady-domov,,"проект дома 58-70A, проект №58-70A, Фасады домов, готовый проект дома, планировка дома, фасады дома, дом с размерами, визуализация дома, дом 117,79 м², дом керамзитобетон, дом шале, catalog-plans.ru"
"Проект дома №58-70B: фасады, планы и характеристики",https://raw.githubusercontent.com/nemchenik/test/catalog-plans-pinterest-cards/pinterest/generated_batch_27/58-70B.jpg,Проекты домов с визуализациями,,"Проект дома №58-70B. На превью показана каноническая визуализация, взятая непосредственно со страницы этого проекта на catalog-plans.ru. В карточке доступны планы этажей, фасады, размеры и характеристики. Параметры: 167,98 м²; 1 этаж; габариты 12.5×14.2 м; стены — газобетон; стиль — шале. Откройте проект, проверьте планировку и сопоставьте габариты со своим участком до заказа.",https://catalog-plans.ru/catalog/58-70B?utm_source=pinterest&utm_medium=organic&utm_campaign=generated_house_cards_verified_batch_27&utm_content=pin_4997_58-70b_compare&utm_term=proekty-domov-s-vizualizaciyami,,"проект дома 58-70B, проект №58-70B, Проекты домов с визуализациями, готовый проект дома, планировка дома, фасады дома, дом с размерами, визуализация дома, дом 167,98 м², дом газобетон, дом шале, catalog-plans.ru"
Проект дома №58-70E: проверить габариты для участка,https://raw.githubusercontent.com/nemchenik/test/catalog-plans-pinterest-cards/pinterest/generated_batch_27/58-70E.jpg,Фасады домов,,"Проект дома №58-70E. На превью показана каноническая визуализация, взятая непосредственно со страницы этого проекта на catalog-plans.ru. В карточке доступны планы этажей, фасады, размеры и характеристики. Параметры: 120,24 м²; 1 этаж; габариты 10.75×17.85 м; стены — газобетон; стиль — шале. Откройте проект, проверьте планировку и сопоставьте габариты со своим участком до заказа.",https://catalog-plans.ru/catalog/58-70E?utm_source=pinterest&utm_medium=organic&utm_campaign=generated_house_cards_verified_batch_27&utm_content=pin_4998_58-70e_site&utm_term=fasady-domov,,"проект дома 58-70E, проект №58-70E, Фасады домов, готовый проект дома, планировка дома, фасады дома, дом с размерами, визуализация дома, дом 120,24 м², дом газобетон, дом шале, catalog-plans.ru"
Проект дома №58-70FAG: посмотреть все ракурсы и этажи,https://raw.githubusercontent.com/nemchenik/test/catalog-plans-pinterest-cards/pinterest/generated_batch_27/58-70FAG.jpg,Дома 200–300 м²,,"Проект дома №58-70FAG. На превью показана каноническая визуализация, взятая непосредственно со страницы этого проекта на catalog-plans.ru. В карточке доступны планы этажей, фасады, размеры и характеристики. Параметры: 236,52 м²; 2 этажа; габариты 12.51×13.8 м; стены — газобетон; стиль — шале. Откройте проект, проверьте планировку и сопоставьте габариты со своим участком до заказа.",https://catalog-plans.ru/catalog/58-70FAG?utm_source=pinterest&utm_medium=organic&utm_campaign=generated_house_cards_verified_batch_27&utm_content=pin_4999_58-70fag_facades&utm_term=doma-200-300-m,,"проект дома 58-70FAG, проект №58-70FAG, Дома 200–300 м², готовый проект дома, планировка дома, фасады дома, дом с размерами, визуализация дома, дом 236,52 м², дом газобетон, дом шале, catalog-plans.ru"
Проект дома №58-70FK: сравнить перед выбором,https://raw.githubusercontent.com/nemchenik/test/catalog-plans-pinterest-cards/pinterest/generated_batch_27/58-70FK.jpg,Одноэтажные дома,,"Проект дома №58-70FK. На превью показана каноническая визуализация, взятая непосредственно со страницы этого проекта на catalog-plans.ru. В карточке доступны планы этажей, фасады, размеры и характеристики. Параметры: 141,95 м²; 1 этаж; габариты 12.73×14.02 м; стены — кирпич; стиль — шале. Откройте проект, проверьте планировку и сопоставьте габариты со своим участком до заказа.",https://catalog-plans.ru/catalog/58-70FK?utm_source=pinterest&utm_medium=organic&utm_campaign=generated_house_cards_verified_batch_27&utm_content=pin_5000_58-70fk_estimate&utm_term=odnoetazhnye-doma,,"проект дома 58-70FK, проект №58-70FK, Одноэтажные дома, готовый проект дома, планировка дома, фасады дома, дом с размерами, визуализация дома, дом 141,95 м², дом кирпич, дом шале, catalog-plans.ru"
Проект дома №58-70GLT: перейти к расчёту строительства,https://raw.githubusercontent.com/nemchenik/test/catalog-plans-pinterest-cards/pinterest/generated_batch_27/58-70GLT.jpg,Дома до 120 м²,,"Проект дома №58-70GLT. На превью показана каноническая визуализация, взятая непосредственно со страницы этого проекта на catalog-plans.ru. В карточке доступны планы этажей, фасады, размеры и характеристики. Параметры: 117,76 м²; 1 этаж; габариты 12.1×14.1 м; стены — газобетон; стиль — шале. Откройте проект, проверьте планировку и сопоставьте габариты со своим участком до заказа.",https://catalog-plans.ru/catalog/58-70GLT?utm_source=pinterest&utm_medium=organic&utm_campaign=generated_house_cards_verified_batch_27&utm_content=pin_5001_58-70glt_changes&utm_term=doma-do-120-m,,"проект дома 58-70GLT, проект №58-70GLT, Дома до 120 м², готовый проект дома, планировка дома, фасады дома, дом с размерами, визуализация дома, дом 117,76 м², дом газобетон, дом шале, catalog-plans.ru"
Проект дома №58-70HFX: открыть планировку и размеры,https://raw.githubusercontent.com/nemchenik/test/catalog-plans-pinterest-cards/pinterest/generated_batch_27/58-70HFX.jpg,Деревянные дома,,"Проект дома №58-70HFX. На превью показана каноническая визуализация, взятая непосредственно со страницы этого проекта на catalog-plans.ru. В карточке доступны планы этажей, фасады, размеры и характеристики. Параметры: 125,31 м²; 1 этаж; габариты 10.6×13.8 м; стены — дерево; стиль — шале. Откройте проект, проверьте планировку и сопоставьте габариты со своим участком до заказа.",https://catalog-plans.ru/catalog/58-70HFX?utm_source=pinterest&utm_medium=organic&utm_campaign=generated_house_cards_verified_batch_27&utm_content=pin_5002_58-70hfx_plans&utm_term=derevyannye-doma,,"проект дома 58-70HFX, проект №58-70HFX, Деревянные дома, готовый проект дома, планировка дома, фасады дома, дом с размерами, визуализация дома, дом 125,31 м², дом дерево, дом шале, catalog-plans.ru"
"Проект дома №58-70JA: фасады, планы и характеристики",https://raw.githubusercontent.com/nemchenik/test/catalog-plans-pinterest-cards/pinterest/generated_batch_27/58-70JA.jpg,Одноэтажные дома,,"Проект дома №58-70JA. На превью показана каноническая визуализация, взятая непосредственно со страницы этого проекта на catalog-plans.ru. В карточке доступны планы этажей, фасады, размеры и характеристики. Параметры: 116,51 м²; 1 этаж; габариты 11.9×13.9 м; стены — газобетон; стиль — шале. Откройте проект, проверьте планировку и сопоставьте габариты со своим участком до заказа.",https://catalog-plans.ru/catalog/58-70JA?utm_source=pinterest&utm_medium=organic&utm_campaign=generated_house_cards_verified_batch_27&utm_content=pin_5003_58-70ja_compare&utm_term=odnoetazhnye-doma,,"проект дома 58-70JA, проект №58-70JA, Одноэтажные дома, готовый проект дома, планировка дома, фасады дома, дом с размерами, визуализация дома, дом 116,51 м², дом газобетон, дом шале, catalog-plans.ru"
Проект дома №58-70KDL: проверить габариты для участка,https://raw.githubusercontent.com/nemchenik/test/catalog-plans-pinterest-cards/pinterest/generated_batch_27/58-70KDL.jpg,Одноэтажные дома,,"Проект дома №58-70KDL. На превью показана каноническая визуализация, взятая непосредственно со страницы этого проекта на catalog-plans.ru. В карточке доступны планы этажей, фасады, размеры и характеристики. Параметры: 119,31 м²; 1 этаж; габариты 12.39×14.28 м; стены — кирпич; стиль — шале. Откройте проект, проверьте планировку и сопоставьте габариты со своим участком до заказа.",https://catalog-plans.ru/catalog/58-70KDL?utm_source=pinterest&utm_medium=organic&utm_campaign=generated_house_cards_verified_batch_27&utm_content=pin_5004_58-70kdl_site&utm_term=odnoetazhnye-doma,,"проект дома 58-70KDL, проект №58-70KDL, Одноэтажные дома, готовый проект дома, планировка дома, фасады дома, дом с размерами, визуализация дома, дом 119,31 м², дом кирпич, дом шале, catalog-plans.ru"
Проект дома №58-70L: посмотреть все ракурсы и этажи,https://raw.githubusercontent.com/nemchenik/test/catalog-plans-pinterest-cards/pinterest/generated_batch_27/58-70L.jpg,Дома до 120 м²,,"Проект дома №58-70L. На превью показана каноническая визуализация, взятая непосредственно со страницы этого проекта на catalog-plans.ru. В карточке доступны планы этажей, фасады, размеры и характеристики. Параметры: 118,13 м²; 1 этаж; габариты 12.1×14.1 м; стены — газобетон; стиль — шале. Откройте проект, проверьте планировку и сопоставьте габариты со своим участком до заказа.",https://catalog-plans.ru/catalog/58-70L?utm_source=pinterest&utm_medium=organic&utm_campaign=generated_house_cards_verified_batch_27&utm_content=pin_5005_58-70l_facades&utm_term=doma-do-120-m,,"проект дома 58-70L, проект №58-70L, Дома до 120 м², готовый проект дома, планировка дома, фасады дома, дом с размерами, визуализация дома, дом 118,13 м², дом газобетон, дом шале, catalog-plans.ru"
Проект дома №58-70PX: сравнить перед выбором,https://raw.githubusercontent.com/nemchenik/test/catalog-plans-pinterest-cards/pinterest/generated_batch_27/58-70PX.jpg,Готовые проекты домов,,"Проект дома №58-70PX. На превью показана каноническая визуализация, взятая непосредственно со страницы этого проекта на catalog-plans.ru. В карточке доступны планы этажей, фасады, размеры и характеристики. Параметры: 99,97 м²; 1 этаж; габариты 10×12 м; стены — деревянный каркас; стиль — шале. Откройте проект, проверьте планировку и сопоставьте габариты со своим участком до заказа.",https://catalog-plans.ru/catalog/58-70PX?utm_source=pinterest&utm_medium=organic&utm_campaign=generated_house_cards_verified_batch_27&utm_content=pin_5006_58-70px_estimate&utm_term=gotovye-proekty-domov,,"проект дома 58-70PX, проект №58-70PX, Готовые проекты домов, готовый проект дома, планировка дома, фасады дома, дом с размерами, визуализация дома, дом 99,97 м², дом деревянный каркас, дом шале, catalog-plans.ru"
Проект дома №58-70QAB: перейти к расчёту строительства,https://raw.githubusercontent.com/nemchenik/test/catalog-plans-pinterest-cards/pinterest/generated_batch_27/58-70QAB.jpg,Дома до 120 м²,,"Проект дома №58-70QAB. На превью показана каноническая визуализация, взятая непосредственно со страницы этого проекта на catalog-plans.ru. В карточке доступны планы этажей, фасады, размеры и характеристики. Параметры: 116,21 м²; 1 этаж; габариты 11.8×13.8 м; стены — газобетон; стиль — шале. Откройте проект, проверьте планировку и сопоставьте габариты со своим участком до заказа.",https://catalog-plans.ru/catalog/58-70QAB?utm_source=pinterest&utm_medium=organic&utm_campaign=generated_house_cards_verified_batch_27&utm_content=pin_5007_58-70qab_changes&utm_term=doma-do-120-m,,"проект дома 58-70QAB, проект №58-70QAB, Дома до 120 м², готовый проект дома, планировка дома, фасады дома, дом с размерами, визуализация дома, дом 116,21 м², дом газобетон, дом шале, catalog-plans.ru"
Проект дома №58-70TK2: открыть планировку и размеры,https://raw.githubusercontent.com/nemchenik/test/catalog-plans-pinterest-cards/pinterest/generated_batch_27/58-70TK2.jpg,Одноэтажные дома,,"Проект дома №58-70TK2. На превью показана каноническая визуализация, взятая непосредственно со страницы этого проекта на catalog-plans.ru. В карточке доступны планы этажей, фасады, размеры и характеристики. Параметры: 157,65 м²; 1 этаж; габариты 14.06×14.91 м; стены — кирпич; стиль — шале. Откройте проект, проверьте планировку и сопоставьте габариты со своим участком до заказа.",https://catalog-plans.ru/catalog/58-70TK2?utm_source=pinterest&utm_medium=organic&utm_campaign=generated_house_cards_verified_batch_27&utm_content=pin_5008_58-70tk2_plans&utm_term=odnoetazhnye-doma,,"проект дома 58-70TK2, проект №58-70TK2, Одноэтажные дома, готовый проект дома, планировка дома, фасады дома, дом с размерами, визуализация дома, дом 157,65 м², дом кирпич, дом шале, catalog-plans.ru"
"Проект дома №58-70W: фасады, планы и характеристики",https://raw.githubusercontent.com/nemchenik/test/catalog-plans-pinterest-cards/pinterest/generated_batch_27/58-70W.jpg,Дома из газобетона,,"Проект дома №58-70W. На превью показана каноническая визуализация, взятая непосредственно со страницы этого проекта на catalog-plans.ru. В карточке доступны планы этажей, фасады, размеры и характеристики. Параметры: 117,76 м²; 1 этаж; габариты 11.9×13.9 м; стены — газобетон; стиль — шале. Откройте проект, проверьте планировку и сопоставьте габариты со своим участком до заказа.",https://catalog-plans.ru/catalog/58-70W?utm_source=pinterest&utm_medium=organic&utm_campaign=generated_house_cards_verified_batch_27&utm_content=pin_5009_58-70w_compare&utm_term=doma-iz-gazobetona,,"проект дома 58-70W, проект №58-70W, Дома из газобетона, готовый проект дома, планировка дома, фасады дома, дом с размерами, визуализация дома, дом 117,76 м², дом газобетон, дом шале, catalog-plans.ru"
Проект дома №58-70WN: проверить габариты для участка,https://raw.githubusercontent.com/nemchenik/test/catalog-plans-pinterest-cards/pinterest/generated_batch_27/58-70WN.jpg,Фасады домов,,"Проект дома №58-70WN. На превью показана каноническая визуализация, взятая непосредственно со страницы этого проекта на catalog-plans.ru. В карточке доступны планы этажей, фасады, размеры и характеристики. Параметры: 117,76 м²; 1 этаж; габариты 11.9×13.9 м; стены — газобетон; стиль — шале. Откройте проект, проверьте планировку и сопоставьте габариты со своим участком до заказа.",https://catalog-plans.ru/catalog/58-70WN?utm_source=pinterest&utm_medium=organic&utm_campaign=generated_house_cards_verified_batch_27&utm_content=pin_5010_58-70wn_site&utm_term=fasady-domov,,"проект дома 58-70WN, проект №58-70WN, Фасады домов, готовый проект дома, планировка дома, фасады дома, дом с размерами, визуализация дома, дом 117,76 м², дом газобетон, дом шале, catalog-plans.ru"
Проект дома №58-70WRK2L: посмотреть все ракурсы и этажи,https://raw.githubusercontent.com/nemchenik/test/catalog-plans-pinterest-cards/pinterest/generated_batch_27/58-70WRK2L.jpg,Дома до 120 м²,,"Проект дома №58-70WRK2L. На превью показана каноническая визуализация, взятая непосредственно со страницы этого проекта на catalog-plans.ru. В карточке доступны планы этажей, фасады, размеры и характеристики. Параметры: 119,46 м²; 1 этаж; габариты 12.16×14.16 м; стены — кирпич; стиль — шале. Откройте проект, проверьте планировку и сопоставьте габариты со своим участком до заказа.",https://catalog-plans.ru/catalog/58-70WRK2L?utm_source=pinterest&utm_medium=organic&utm_campaign=generated_house_cards_verified_batch_27&utm_content=pin_5011_58-70wrk2l_facades&utm_term=doma-do-120-m,,"проект дома 58-70WRK2L, проект №58-70WRK2L, Дома до 120 м², готовый проект дома, планировка дома, фасады дома, дом с размерами, визуализация дома, дом 119,46 м², дом кирпич, дом шале, catalog-plans.ru"
Проект дома №58-70WT: сравнить перед выбором,https://raw.githubusercontent.com/nemchenik/test/catalog-plans-pinterest-cards/pinterest/generated_batch_27/58-70WT.jpg,Готовые проекты домов,,"Проект дома №58-70WT. На превью показана каноническая визуализация, взятая непосредственно со страницы этого проекта на catalog-plans.ru. В карточке доступны планы этажей, фасады, размеры и характеристики. Параметры: 161,95 м²; 1 этаж; габариты 11.9×20.3 м; стены — газобетон; стиль — шале. Откройте проект, проверьте планировку и сопоставьте габариты со своим участком до заказа.",https://catalog-plans.ru/catalog/58-70WT?utm_source=pinterest&utm_medium=organic&utm_campaign=generated_house_cards_verified_batch_27&utm_content=pin_5012_58-70wt_estimate&utm_term=gotovye-proekty-domov,,"проект дома 58-70WT, проект №58-70WT, Готовые проекты домов, готовый проект дома, планировка дома, фасады дома, дом с размерами, визуализация дома, дом 161,95 м², дом газобетон, дом шале, catalog-plans.ru"
Проект дома №58-70WTA: перейти к расчёту строительства,https://raw.githubusercontent.com/nemchenik/test/catalog-plans-pinterest-cards/pinterest/generated_batch_27/58-70WTA.jpg,Дома 150–200 м²,,"Проект дома №58-70WTA. На превью показана каноническая визуализация, взятая непосредственно со страницы этого проекта на catalog-plans.ru. В карточке доступны планы этажей, фасады, размеры и характеристики. Параметры: 161,98 м²; 1 этаж; габариты 11.9×18.3 м; стены — газобетон; стиль — шале. Откройте проект, проверьте планировку и сопоставьте габариты со своим участком до заказа.",https://catalog-plans.ru/catalog/58-70WTA?utm_source=pinterest&utm_medium=organic&utm_campaign=generated_house_cards_verified_batch_27&utm_content=pin_5013_58-70wta_changes&utm_term=doma-150-200-m,,"проект дома 58-70WTA, проект №58-70WTA, Дома 150–200 м², готовый проект дома, планировка дома, фасады дома, дом с размерами, визуализация дома, дом 161,98 м², дом газобетон, дом шале, catalog-plans.ru"
Проект дома №58-70WZ: открыть планировку и размеры,https://raw.githubusercontent.com/nemchenik/test/catalog-plans-pinterest-cards/pinterest/generated_batch_27/58-70WZ.jpg,Готовые проекты домов,,"Проект дома №58-70WZ. На превью показана каноническая визуализация, взятая непосредственно со страницы этого проекта на catalog-plans.ru. В карточке доступны планы этажей, фасады, размеры и характеристики. Параметры: 117,17 м²; 1 этаж; габариты 11.9×13.9 м; стены — газобетон; стиль — шале. Откройте проект, проверьте планировку и сопоставьте габариты со своим участком до заказа.",https://catalog-plans.ru/catalog/58-70WZ?utm_source=pinterest&utm_medium=organic&utm_campaign=generated_house_cards_verified_batch_27&utm_content=pin_5014_58-70wz_plans&utm_term=gotovye-proekty-domov,,"проект дома 58-70WZ, проект №58-70WZ, Готовые проекты домов, готовый проект дома, планировка дома, фасады дома, дом с размерами, визуализация дома, дом 117,17 м², дом газобетон, дом шале, catalog-plans.ru"
"Проект дома №58-70Z: фасады, планы и характеристики",https://raw.githubusercontent.com/nemchenik/test/catalog-plans-pinterest-cards/pinterest/generated_batch_27/58-70Z.jpg,Дома 150–200 м²,,"Проект дома №58-70Z. На превью показана каноническая визуализация, взятая непосредственно со страницы этого проекта на catalog-plans.ru. В карточке доступны планы этажей, фасады, размеры и характеристики. Параметры: 198,8 м²; 2 этажа; габариты 11.9×13.9 м; стены — газобетон; стиль — шале. Откройте проект, проверьте планировку и сопоставьте габариты со своим участком до заказа.",https://catalog-plans.ru/catalog/58-70Z?utm_source=pinterest&utm_medium=organic&utm_campaign=generated_house_cards_verified_batch_27&utm_content=pin_5015_58-70z_compare&utm_term=doma-150-200-m,,"проект дома 58-70Z, проект №58-70Z, Дома 150–200 м², готовый проект дома, планировка дома, фасады дома, дом с размерами, визуализация дома, дом 198,8 м², дом газобетон, дом шале, catalog-plans.ru"
Проект дома №58-70ZB: проверить габариты для участка,https://raw.githubusercontent.com/nemchenik/test/catalog-plans-pinterest-cards/pinterest/generated_batch_27/58-70ZB.jpg,Проекты домов с визуализациями,,"Проект дома №58-70ZB. На превью показана каноническая визуализация, взятая непосредственно со страницы этого проекта на catalog-plans.ru. В карточке доступны планы этажей, фасады, размеры и характеристики. Параметры: 198,46 м²; 2 этажа; габариты 14.11×16.42 м; стены — газобетон; стиль — шале. Откройте проект, проверьте планировку и сопоставьте габариты со своим участком до заказа.",https://catalog-plans.ru/catalog/58-70ZB?utm_source=pinterest&utm_medium=organic&utm_campaign=generated_house_cards_verified_batch_27&utm_content=pin_5016_58-70zb_site&utm_term=proekty-domov-s-vizualizaciyami,,"проект дома 58-70ZB, проект №58-70ZB, Проекты домов с визуализациями, готовый проект дома, планировка дома, фасады дома, дом с размерами, визуализация дома, дом 198,46 м², дом газобетон, дом шале, catalog-plans.ru"
Проект дома №58-70ZCK1L: посмотреть все ракурсы и этажи,https://raw.githubusercontent.com/nemchenik/test/catalog-plans-pinterest-cards/pinterest/generated_batch_27/58-70ZCK1L.jpg,Большие дома,,"Проект дома №58-70ZCK1L. На превью показана каноническая визуализация, взятая непосредственно со страницы этого проекта на catalog-plans.ru. В карточке доступны планы этажей, фасады, размеры и характеристики. Параметры: 390,35 м²; 2 этажа; габариты 12.26×18.64 м; стены — кирпич; стиль — шале. Откройте проект, проверьте планировку и сопоставьте габариты со своим участком до заказа.",https://catalog-plans.ru/catalog/58-70ZCK1L?utm_source=pinterest&utm_medium=organic&utm_campaign=generated_house_cards_verified_batch_27&utm_content=pin_5017_58-70zck1l_facades&utm_term=bolshie-doma,,"проект дома 58-70ZCK1L, проект №58-70ZCK1L, Большие дома, готовый проект дома, планировка дома, фасады дома, дом с размерами, визуализация дома, дом 390,35 м², дом кирпич, дом шале, catalog-plans.ru"
Проект дома №58-70ZD: сравнить перед выбором,https://raw.githubusercontent.com/nemchenik/test/catalog-plans-pinterest-cards/pinterest/generated_batch_27/58-70ZD.jpg,Дома 200–300 м²,,"Проект дома №58-70ZD. На превью показана каноническая визуализация, взятая непосредственно со страницы этого проекта на catalog-plans.ru. В карточке доступны планы этажей, фасады, размеры и характеристики. Параметры: 225,87 м²; 2 этажа; габариты 11.9×13.9 м; стены — газобетон; стиль — шале. Откройте проект, проверьте планировку и сопоставьте габариты со своим участком до заказа.",https://catalog-plans.ru/catalog/58-70ZD?utm_source=pinterest&utm_medium=organic&utm_campaign=generated_house_cards_verified_batch_27&utm_content=pin_5018_58-70zd_estimate&utm_term=doma-200-300-m,,"проект дома 58-70ZD, проект №58-70ZD, Дома 200–300 м², готовый проект дома, планировка дома, фасады дома, дом с размерами, визуализация дома, дом 225,87 м², дом газобетон, дом шале, catalog-plans.ru"
Проект дома №58-70ZE: перейти к расчёту строительства,https://raw.githubusercontent.com/nemchenik/test/catalog-plans-pinterest-cards/pinterest/generated_batch_27/58-70ZE.jpg,Дома 150–200 м²,,"Проект дома №58-70ZE. На превью показана каноническая визуализация, взятая непосредственно со страницы этого проекта на catalog-plans.ru. В карточке доступны планы этажей, фасады, размеры и характеристики. Параметры: 184,33 м²; 2 этажа; габариты 11.9×13.9 м; стены — кирпич; стиль — шале. Откройте проект, проверьте планировку и сопоставьте габариты со своим участком до заказа.",https://catalog-plans.ru/catalog/58-70ZE?utm_source=pinterest&utm_medium=organic&utm_campaign=generated_house_cards_verified_batch_27&utm_content=pin_5019_58-70ze_changes&utm_term=doma-150-200-m,,"проект дома 58-70ZE, проект №58-70ZE, Дома 150–200 м², готовый проект дома, планировка дома, фасады дома, дом с размерами, визуализация дома, дом 184,33 м², дом кирпич, дом шале, catalog-plans.ru"
Проект дома №58-70ZEL: открыть планировку и размеры,https://raw.githubusercontent.com/nemchenik/test/catalog-plans-pinterest-cards/pinterest/generated_batch_27/58-70ZEL.jpg,Двухэтажные дома,,"Проект дома №58-70ZEL. На превью показана каноническая визуализация, взятая непосредственно со страницы этого проекта на catalog-plans.ru. В карточке доступны планы этажей, фасады, размеры и характеристики. Параметры: 184,33 м²; 2 этажа; габариты 11.9×13.9 м; стены — газобетон; стиль — шале. Откройте проект, проверьте планировку и сопоставьте габариты со своим участком до заказа.",https://catalog-plans.ru/catalog/58-70ZEL?utm_source=pinterest&utm_medium=organic&utm_campaign=generated_house_cards_verified_batch_27&utm_content=pin_5020_58-70zel_plans&utm_term=dvuhetazhnye-doma,,"проект дома 58-70ZEL, проект №58-70ZEL, Двухэтажные дома, готовый проект дома, планировка дома, фасады дома, дом с размерами, визуализация дома, дом 184,33 м², дом газобетон, дом шале, catalog-plans.ru"
"Проект дома №58-70ZHCX: фасады, планы и характеристики",https://raw.githubusercontent.com/nemchenik/test/catalog-plans-pinterest-cards/pinterest/generated_batch_27/58-70ZHCX.jpg,Одноэтажные дома,,"Проект дома №58-70ZHCX. На превью показана каноническая визуализация, взятая непосредственно со страницы этого проекта на catalog-plans.ru. В карточке доступны планы этажей, фасады, размеры и характеристики. Параметры: 240,24 м²; 1 этаж; габариты 10.6×14.6 м; стены — дерево; стиль — шале. Откройте проект, проверьте планировку и сопоставьте габариты со своим участком до заказа.",https://catalog-plans.ru/catalog/58-70ZHCX?utm_source=pinterest&utm_medium=organic&utm_campaign=generated_house_cards_verified_batch_27&utm_content=pin_5021_58-70zhcx_compare&utm_term=odnoetazhnye-doma,,"проект дома 58-70ZHCX, проект №58-70ZHCX, Одноэтажные дома, готовый проект дома, планировка дома, фасады дома, дом с размерами, визуализация дома, дом 240,24 м², дом дерево, дом шале, catalog-plans.ru"
Проект дома №58-70ZHL: проверить габариты для участка,https://raw.githubusercontent.com/nemchenik/test/catalog-plans-pinterest-cards/pinterest/generated_batch_27/58-70ZHL.jpg,Дома из газобетона,,"Проект дома №58-70ZHL. На превью показана каноническая визуализация, взятая непосредственно со страницы этого проекта на catalog-plans.ru. В карточке доступны планы этажей, фасады, размеры и характеристики. Параметры: 222,6 м²; 2 этажа; габариты 12.2×14.2 м; стены — газобетон; стиль — шале. Откройте проект, проверьте планировку и сопоставьте габариты со своим участком до заказа.",https://catalog-plans.ru/catalog/58-70ZHL?utm_source=pinterest&utm_medium=organic&utm_campaign=generated_house_cards_verified_batch_27&utm_content=pin_5022_58-70zhl_site&utm_term=doma-iz-gazobetona,,"проект дома 58-70ZHL, проект №58-70ZHL, Дома из газобетона, готовый проект дома, планировка дома, фасады дома, дом с размерами, визуализация дома, дом 222,6 м², дом газобетон, дом шале, catalog-plans.ru"
Проект дома №58-70ZR: посмотреть все ракурсы и этажи,https://raw.githubusercontent.com/nemchenik/test/catalog-plans-pinterest-cards/pinterest/generated_batch_27/58-70ZR.jpg,Фасады домов,,"Проект дома №58-70ZR. На превью показана каноническая визуализация, взятая непосредственно со страницы этого проекта на catalog-plans.ru. В карточке доступны планы этажей, фасады, размеры и характеристики. Параметры: 176,66 м²; 2 этажа; габариты 12×14 м; стены — газобетон; стиль — шале. Откройте проект, проверьте планировку и сопоставьте габариты со своим участком до заказа.",https://catalog-plans.ru/catalog/58-70ZR?utm_source=pinterest&utm_medium=organic&utm_campaign=generated_house_cards_verified_batch_27&utm_content=pin_5023_58-70zr_facades&utm_term=fasady-domov,,"проект дома 58-70ZR, проект №58-70ZR, Фасады домов, готовый проект дома, планировка дома, фасады дома, дом с размерами, визуализация дома, дом 176,66 м², дом газобетон, дом шале, catalog-plans.ru"
Проект дома №58-70ZT: сравнить перед выбором,https://raw.githubusercontent.com/nemchenik/test/catalog-plans-pinterest-cards/pinterest/generated_batch_27/58-70ZT.jpg,Дома 200–300 м²,,"Проект дома №58-70ZT. На превью показана каноническая визуализация, взятая непосредственно со страницы этого проекта на catalog-plans.ru. В карточке доступны планы этажей, фасады, размеры и характеристики. Параметры: 211,38 м²; 2 этажа; габариты 10.98×15.4 м; стены — газобетон; стиль — шале. Откройте проект, проверьте планировку и сопоставьте габариты со своим участком до заказа.",https://catalog-plans.ru/catalog/58-70ZT?utm_source=pinterest&utm_medium=organic&utm_campaign=generated_house_cards_verified_batch_27&utm_content=pin_5024_58-70zt_estimate&utm_term=doma-200-300-m,,"проект дома 58-70ZT, проект №58-70ZT, Дома 200–300 м², готовый проект дома, планировка дома, фасады дома, дом с размерами, визуализация дома, дом 211,38 м², дом газобетон, дом шале, catalog-plans.ru"
Проект дома №58-79A: перейти к расчёту строительства,https://raw.githubusercontent.com/nemchenik/test/catalog-plans-pinterest-cards/pinterest/generated_batch_27/58-79A.jpg,Дома до 150 м²,,"Проект дома №58-79A. На превью показана каноническая визуализация, взятая непосредственно со страницы этого проекта на catalog-plans.ru. В карточке доступны планы этажей, фасады, размеры и характеристики. Параметры: 145,65 м²; 2 этажа; габариты 9.62×11.45 м; стены — газобетон; стиль — европейский. Откройте проект, проверьте планировку и сопоставьте габариты со своим участком до заказа.",https://catalog-plans.ru/catalog/58-79A?utm_source=pinterest&utm_medium=organic&utm_campaign=generated_house_cards_verified_batch_27&utm_content=pin_5025_58-79a_changes&utm_term=doma-do-150-m,,"проект дома 58-79A, проект №58-79A, Дома до 150 м², готовый проект дома, планировка дома, фасады дома, дом с размерами, визуализация дома, дом 145,65 м², дом газобетон, дом европейский, catalog-plans.ru"
Проект дома №58-79FX: открыть планировку и размеры,https://raw.githubusercontent.com/nemchenik/test/catalog-plans-pinterest-cards/pinterest/generated_batch_27/58-79FX.jpg,Проекты домов с визуализациями,,"Проект дома №58-79FX. На превью показана каноническая визуализация, взятая непосредственно со страницы этого проекта на catalog-plans.ru. В карточке доступны планы этажей, фасады, размеры и характеристики. Параметры: 139,59 м²; 2 этажа; габариты 8.4×11.15 м; стены — деревянный каркас; стиль — европейский. Откройте проект, проверьте планировку и сопоставьте габариты со своим участком до заказа.",https://catalog-plans.ru/catalog/58-79FX?utm_source=pinterest&utm_medium=organic&utm_campaign=generated_house_cards_verified_batch_27&utm_content=pin_5026_58-79fx_plans&utm_term=proekty-domov-s-vizualizaciyami,,"проект дома 58-79FX, проект №58-79FX, Проекты домов с визуализациями, готовый проект дома, планировка дома, фасады дома, дом с размерами, визуализация дома, дом 139,59 м², дом деревянный каркас, дом европейский, catalog-plans.ru"
"Проект дома №58-79TK1: фасады, планы и характеристики",https://raw.githubusercontent.com/nemchenik/test/catalog-plans-pinterest-cards/pinterest/generated_batch_27/58-79TK1.jpg,Готовые проекты домов,,"Проект дома №58-79TK1. На превью показана каноническая визуализация, взятая непосредственно со страницы этого проекта на catalog-plans.ru. В карточке доступны планы этажей, фасады, размеры и характеристики. Параметры: 140,63 м²; 2 этажа; габариты 9.49×11.61 м; стены — кирпич; стиль — европейский. Откройте проект, проверьте планировку и сопоставьте габариты со своим участком до заказа.",https://catalog-plans.ru/catalog/58-79TK1?utm_source=pinterest&utm_medium=organic&utm_campaign=generated_house_cards_verified_batch_27&utm_content=pin_5027_58-79tk1_compare&utm_term=gotovye-proekty-domov,,"проект дома 58-79TK1, проект №58-79TK1, Готовые проекты домов, готовый проект дома, планировка дома, фасады дома, дом с размерами, визуализация дома, дом 140,63 м², дом кирпич, дом европейский, catalog-plans.ru"
Проект дома №58-84BBTL: проверить габариты для участка,https://raw.githubusercontent.com/nemchenik/test/catalog-plans-pinterest-cards/pinterest/generated_batch_27/58-84BBTL.jpg,Проекты домов с визуализациями,,"Проект дома №58-84BBTL. На превью показана каноническая визуализация, взятая непосредственно со страницы этого проекта на catalog-plans.ru. В карточке доступны планы этажей, фасады, размеры и характеристики. Параметры: 157,27 м²; 1 этаж; габариты 12.3×16.8 м; стены — газобетон; стиль — скандинавский. Откройте проект, проверьте планировку и сопоставьте габариты со своим участком до заказа.",https://catalog-plans.ru/catalog/58-84BBTL?utm_source=pinterest&utm_medium=organic&utm_campaign=generated_house_cards_verified_batch_27&utm_content=pin_5028_58-84bbtl_site&utm_term=proekty-domov-s-vizualizaciyami,,"проект дома 58-84BBTL, проект №58-84BBTL, Проекты домов с визуализациями, готовый проект дома, планировка дома, фасады дома, дом с размерами, визуализация дома, дом 157,27 м², дом газобетон, дом скандинавский, catalog-plans.ru"
Проект дома №58-84D: посмотреть все ракурсы и этажи,https://raw.githubusercontent.com/nemchenik/test/catalog-plans-pinterest-cards/pinterest/generated_batch_27/58-84D.jpg,Скандинавские дома,,"Проект дома №58-84D. На превью показана каноническая визуализация, взятая непосредственно со страницы этого проекта на catalog-plans.ru. В карточке доступны планы этажей, фасады, размеры и характеристики. Параметры: 208,29 м²; 2 этажа; габариты 12×16.5 м; стены — газобетон; стиль — скандинавский. Откройте проект, проверьте планировку и сопоставьте габариты со своим участком до заказа.",https://catalog-plans.ru/catalog/58-84D?utm_source=pinterest&utm_medium=organic&utm_campaign=generated_house_cards_verified_batch_27&utm_content=pin_5029_58-84d_facades&utm_term=skandinavskie-doma,,"проект дома 58-84D, проект №58-84D, Скандинавские дома, готовый проект дома, планировка дома, фасады дома, дом с размерами, визуализация дома, дом 208,29 м², дом газобетон, дом скандинавский, catalog-plans.ru"
Проект дома №58-89E: сравнить перед выбором,https://raw.githubusercontent.com/nemchenik/test/catalog-plans-pinterest-cards/pinterest/generated_batch_27/58-89E.jpg,Проекты домов с визуализациями,,"Проект дома №58-89E. На превью показана каноническая визуализация, взятая непосредственно со страницы этого проекта на catalog-plans.ru. В карточке доступны планы этажей, фасады, размеры и характеристики. Параметры: 82,34 м²; 1 этаж; габариты 8.4×12.75 м; стены — газобетон; стиль — скандинавский. Откройте проект, проверьте планировку и сопоставьте габариты со своим участком до заказа.",https://catalog-plans.ru/catalog/58-89E?utm_source=pinterest&utm_medium=organic&utm_campaign=generated_house_cards_verified_batch_27&utm_content=pin_5030_58-89e_estimate&utm_term=proekty-domov-s-vizualizaciyami,,"проект дома 58-89E, проект №58-89E, Проекты домов с визуализациями, готовый проект дома, планировка дома, фасады дома, дом с размерами, визуализация дома, дом 82,34 м², дом газобетон, дом скандинавский, catalog-plans.ru"
Проект дома №58-92EAD: перейти к расчёту строительства,https://raw.githubusercontent.com/nemchenik/test/catalog-plans-pinterest-cards/pinterest/generated_batch_27/58-92EAD.jpg,Фасады домов,,"Проект дома №58-92EAD. На превью показана каноническая визуализация, взятая непосредственно со страницы этого проекта на catalog-plans.ru. В карточке доступны планы этажей, фасады, размеры и характеристики. Параметры: 162,95 м²; 2 этажа; габариты 10.88×11.89 м; стены — газобетон; стиль — европейский. Откройте проект, проверьте планировку и сопоставьте габариты со своим участком до заказа.",https://catalog-plans.ru/catalog/58-92EAD?utm_source=pinterest&utm_medium=organic&utm_campaign=generated_house_cards_verified_batch_27&utm_content=pin_5031_58-92ead_changes&utm_term=fasady-domov,,"проект дома 58-92EAD, проект №58-92EAD, Фасады домов, готовый проект дома, планировка дома, фасады дома, дом с размерами, визуализация дома, дом 162,95 м², дом газобетон, дом европейский, catalog-plans.ru"
Проект дома №59-35A: открыть планировку и размеры,https://raw.githubusercontent.com/nemchenik/test/catalog-plans-pinterest-cards/pinterest/generated_batch_27/59-35A.jpg,Фасады домов,,"Проект дома №59-35A. На превью показана каноническая визуализация, взятая непосредственно со страницы этого проекта на catalog-plans.ru. В карточке доступны планы этажей, фасады, размеры и характеристики. Параметры: 208,2 м²; 2 этажа; габариты 10×11.4 м; стены — газобетон; стиль — скандинавский. Откройте проект, проверьте планировку и сопоставьте габариты со своим участком до заказа.",https://catalog-plans.ru/catalog/59-35A?utm_source=pinterest&utm_medium=organic&utm_campaign=generated_house_cards_verified_batch_27&utm_content=pin_5032_59-35a_plans&utm_term=fasady-domov,,"проект дома 59-35A, проект №59-35A, Фасады домов, готовый проект дома, планировка дома, фасады дома, дом с размерами, визуализация дома, дом 208,2 м², дом газобетон, дом скандинавский, catalog-plans.ru"
"Проект дома №59-35B: фасады, планы и характеристики",https://raw.githubusercontent.com/nemchenik/test/catalog-plans-pinterest-cards/pinterest/generated_batch_27/59-35B.jpg,Дома 200–300 м²,,"Проект дома №59-35B. На превью показана каноническая визуализация, взятая непосредственно со страницы этого проекта на catalog-plans.ru. В карточке доступны планы этажей, фасады, размеры и характеристики. Параметры: 208,2 м²; 2 этажа; габариты 11.4×13.9 м; стены — газобетон; стиль — скандинавский. Откройте проект, проверьте планировку и сопоставьте габариты со своим участком до заказа.",https://catalog-plans.ru/catalog/59-35B?utm_source=pinterest&utm_medium=organic&utm_campaign=generated_house_cards_verified_batch_27&utm_content=pin_5033_59-35b_compare&utm_term=doma-200-300-m,,"проект дома 59-35B, проект №59-35B, Дома 200–300 м², готовый проект дома, планировка дома, фасады дома, дом с размерами, визуализация дома, дом 208,2 м², дом газобетон, дом скандинавский, catalog-plans.ru"
Проект дома №59-89K: проверить габариты для участка,https://raw.githubusercontent.com/nemchenik/test/catalog-plans-pinterest-cards/pinterest/generated_batch_27/59-89K.jpg,Проекты домов с визуализациями,,"Проект дома №59-89K. На превью показана каноническая визуализация, взятая непосредственно со страницы этого проекта на catalog-plans.ru. В карточке доступны планы этажей, фасады, размеры и характеристики. Параметры: 206,66 м²; 2 этажа; габариты 8.6×15.2 м; стены — кирпич; стиль — скандинавский. Откройте проект, проверьте планировку и сопоставьте габариты со своим участком до заказа.",https://catalog-plans.ru/catalog/59-89K?utm_source=pinterest&utm_medium=organic&utm_campaign=generated_house_cards_verified_batch_27&utm_content=pin_5034_59-89k_site&utm_term=proekty-domov-s-vizualizaciyami,,"проект дома 59-89K, проект №59-89K, Проекты домов с визуализациями, готовый проект дома, планировка дома, фасады дома, дом с размерами, визуализация дома, дом 206,66 м², дом кирпич, дом скандинавский, catalog-plans.ru"
Проект дома №62-05: посмотреть все ракурсы и этажи,https://raw.githubusercontent.com/nemchenik/test/catalog-plans-pinterest-cards/pinterest/generated_batch_27/62-05.jpg,Одноэтажные дома,,"Проект дома №62-05. На превью показана каноническая визуализация, взятая непосредственно со страницы этого проекта на catalog-plans.ru. В карточке доступны планы этажей, фасады, размеры и характеристики. Параметры: 119,26 м²; 1 этаж; габариты 12.75×14.4 м; стены — газобетон; стиль — современный. Откройте проект, проверьте планировку и сопоставьте габариты со своим участком до заказа.",https://catalog-plans.ru/catalog/62-05?utm_source=pinterest&utm_medium=organic&utm_campaign=generated_house_cards_verified_batch_27&utm_content=pin_5035_62-05_facades&utm_term=odnoetazhnye-doma,,"проект дома 62-05, проект №62-05, Одноэтажные дома, готовый проект дома, планировка дома, фасады дома, дом с размерами, визуализация дома, дом 119,26 м², дом газобетон, дом современный, catalog-plans.ru"
Проект дома №62-07: сравнить перед выбором,https://raw.githubusercontent.com/nemchenik/test/catalog-plans-pinterest-cards/pinterest/generated_batch_27/62-07.jpg,Дома до 150 м²,,"Проект дома №62-07. На превью показана каноническая визуализация, взятая непосредственно со страницы этого проекта на catalog-plans.ru. В карточке доступны планы этажей, фасады, размеры и характеристики. Параметры: 128 м²; 2 этажа; габариты 11.05×12.3 м; стены — газобетон; стиль — хай-тек. Откройте проект, проверьте планировку и сопоставьте габариты со своим участком до заказа.",https://catalog-plans.ru/catalog/62-07?utm_source=pinterest&utm_medium=organic&utm_campaign=generated_house_cards_verified_batch_27&utm_content=pin_5036_62-07_estimate&utm_term=doma-do-150-m,,"проект дома 62-07, проект №62-07, Дома до 150 м², готовый проект дома, планировка дома, фасады дома, дом с размерами, визуализация дома, дом 128 м², дом газобетон, дом хай-тек, catalog-plans.ru"
Проект дома №62-07DADM: перейти к расчёту строительства,https://raw.githubusercontent.com/nemchenik/test/catalog-plans-pinterest-cards/pinterest/generated_batch_27/62-07DADM.jpg,Фасады домов,,"Проект дома №62-07DADM. На превью показана каноническая визуализация, взятая непосредственно со страницы этого проекта на catalog-plans.ru. В карточке доступны планы этажей, фасады, размеры и характеристики. Параметры: 218,89 м²; 2 этажа; габариты 12.5×14.03 м; стены — монолит; стиль — хай-тек. Откройте проект, проверьте планировку и сопоставьте габариты со своим участком до заказа.",https://catalog-plans.ru/catalog/62-07DADM?utm_source=pinterest&utm_medium=organic&utm_campaign=generated_house_cards_verified_batch_27&utm_content=pin_5037_62-07dadm_changes&utm_term=fasady-domov,,"проект дома 62-07DADM, проект №62-07DADM, Фасады домов, готовый проект дома, планировка дома, фасады дома, дом с размерами, визуализация дома, дом 218,89 м², дом монолит, дом хай-тек, catalog-plans.ru"
Проект дома №62-24B: открыть планировку и размеры,https://raw.githubusercontent.com/nemchenik/test/catalog-plans-pinterest-cards/pinterest/generated_batch_27/62-24B.jpg,Дома из газобетона,,"Проект дома №62-24B. На превью показана каноническая визуализация, взятая непосредственно со страницы этого проекта на catalog-plans.ru. В карточке доступны планы этажей, фасады, размеры и характеристики. Параметры: 164,42 м²; 2 этажа; габариты 10.52×11.3 м; стены — газобетон; стиль — хай-тек. Откройте проект, проверьте планировку и сопоставьте габариты со своим участком до заказа.",https://catalog-plans.ru/catalog/62-24B?utm_source=pinterest&utm_medium=organic&utm_campaign=generated_house_cards_verified_batch_27&utm_content=pin_5038_62-24b_plans&utm_term=doma-iz-gazobetona,,"проект дома 62-24B, проект №62-24B, Дома из газобетона, готовый проект дома, планировка дома, фасады дома, дом с размерами, визуализация дома, дом 164,42 м², дом газобетон, дом хай-тек, catalog-plans.ru"
"Проект дома №62-30BB: фасады, планы и характеристики",https://raw.githubusercontent.com/nemchenik/test/catalog-plans-pinterest-cards/pinterest/generated_batch_27/62-30BB.jpg,Двухэтажные дома,,"Проект дома №62-30BB. На превью показана каноническая визуализация, взятая непосредственно со страницы этого проекта на catalog-plans.ru. В карточке доступны планы этажей, фасады, размеры и характеристики. Параметры: 247,7 м²; 2 этажа; габариты 17.2×18.1 м; стены — газобетон; стиль — европейский. Откройте проект, проверьте планировку и сопоставьте габариты со своим участком до заказа.",https://catalog-plans.ru/catalog/62-30BB?utm_source=pinterest&utm_medium=organic&utm_campaign=generated_house_cards_verified_batch_27&utm_content=pin_5039_62-30bb_compare&utm_term=dvuhetazhnye-doma,,"проект дома 62-30BB, проект №62-30BB, Двухэтажные дома, готовый проект дома, планировка дома, фасады дома, дом с размерами, визуализация дома, дом 247,7 м², дом газобетон, дом европейский, catalog-plans.ru"
Проект дома №62-68: проверить габариты для участка,https://raw.githubusercontent.com/nemchenik/test/catalog-plans-pinterest-cards/pinterest/generated_batch_27/62-68.jpg,Фасады домов,,"Проект дома №62-68. На превью показана каноническая визуализация, взятая непосредственно со страницы этого проекта на catalog-plans.ru. В карточке доступны планы этажей, фасады, размеры и характеристики. Параметры: 215,07 м²; 2 этажа; габариты 14.66×17.21 м; стены — газобетон; стиль — хай-тек. Откройте проект, проверьте планировку и сопоставьте габариты со своим участком до заказа.",https://catalog-plans.ru/catalog/62-68?utm_source=pinterest&utm_medium=organic&utm_campaign=generated_house_cards_verified_batch_27&utm_content=pin_5040_62-68_site&utm_term=fasady-domov,,"проект дома 62-68, проект №62-68, Фасады домов, готовый проект дома, планировка дома, фасады дома, дом с размерами, визуализация дома, дом 215,07 м², дом газобетон, дом хай-тек, catalog-plans.ru"
Проект дома №62-68D: посмотреть все ракурсы и этажи,https://raw.githubusercontent.com/nemchenik/test/catalog-plans-pinterest-cards/pinterest/generated_batch_27/62-68D.jpg,Двухэтажные дома,,"Проект дома №62-68D. На превью показана каноническая визуализация, взятая непосредственно со страницы этого проекта на catalog-plans.ru. В карточке доступны планы этажей, фасады, размеры и характеристики. Параметры: 241,36 м²; 2 этажа; габариты 13.13×17.21 м; стены — газобетон; стиль — хай-тек. Откройте проект, проверьте планировку и сопоставьте габариты со своим участком до заказа.",https://catalog-plans.ru/catalog/62-68D?utm_source=pinterest&utm_medium=organic&utm_campaign=generated_house_cards_verified_batch_27&utm_content=pin_5041_62-68d_facades&utm_term=dvuhetazhnye-doma,,"проект дома 62-68D, проект №62-68D, Двухэтажные дома, готовый проект дома, планировка дома, фасады дома, дом с размерами, визуализация дома, дом 241,36 м², дом газобетон, дом хай-тек, catalog-plans.ru"
Проект дома №62-71B: сравнить перед выбором,https://raw.githubusercontent.com/nemchenik/test/catalog-plans-pinterest-cards/pinterest/generated_batch_27/62-71B.jpg,Фасады домов,,"Проект дома №62-71B. На превью показана каноническая визуализация, взятая непосредственно со страницы этого проекта на catalog-plans.ru. В карточке доступны планы этажей, фасады, размеры и характеристики. Параметры: 180,28 м²; 2 этажа; габариты 11.06×11.06 м; стены — газобетон; стиль — хай-тек. Откройте проект, проверьте планировку и сопоставьте габариты со своим участком до заказа.",https://catalog-plans.ru/catalog/62-71B?utm_source=pinterest&utm_medium=organic&utm_campaign=generated_house_cards_verified_batch_27&utm_content=pin_5042_62-71b_estimate&utm_term=fasady-domov,,"проект дома 62-71B, проект №62-71B, Фасады домов, готовый проект дома, планировка дома, фасады дома, дом с размерами, визуализация дома, дом 180,28 м², дом газобетон, дом хай-тек, catalog-plans.ru"
Проект дома №62-71BVAL: перейти к расчёту строительства,https://raw.githubusercontent.com/nemchenik/test/catalog-plans-pinterest-cards/pinterest/generated_batch_27/62-71BVAL.jpg,Дома из газобетона,,"Проект дома №62-71BVAL. На превью показана каноническая визуализация, взятая непосредственно со страницы этого проекта на catalog-plans.ru. В карточке доступны планы этажей, фасады, размеры и характеристики. Параметры: 164,58 м²; 3 этажа; габариты 11.3×11.3 м; стены — газобетон; стиль — хай-тек. Откройте проект, проверьте планировку и сопоставьте габариты со своим участком до заказа.",https://catalog-plans.ru/catalog/62-71BVAL?utm_source=pinterest&utm_medium=organic&utm_campaign=generated_house_cards_verified_batch_27&utm_content=pin_5043_62-71bval_changes&utm_term=doma-iz-gazobetona,,"проект дома 62-71BVAL, проект №62-71BVAL, Дома из газобетона, готовый проект дома, планировка дома, фасады дома, дом с размерами, визуализация дома, дом 164,58 м², дом газобетон, дом хай-тек, catalog-plans.ru"
Проект дома №62-71BVBL: открыть планировку и размеры,https://raw.githubusercontent.com/nemchenik/test/catalog-plans-pinterest-cards/pinterest/generated_batch_27/62-71BVBL.jpg,Дома 150–200 м²,,"Проект дома №62-71BVBL. На превью показана каноническая визуализация, взятая непосредственно со страницы этого проекта на catalog-plans.ru. В карточке доступны планы этажей, фасады, размеры и характеристики. Параметры: 182,78 м²; 3 этажа; габариты 11.04×11.04 м; стены — газобетон; стиль — хай-тек. Откройте проект, проверьте планировку и сопоставьте габариты со своим участком до заказа.",https://catalog-plans.ru/catalog/62-71BVBL?utm_source=pinterest&utm_medium=organic&utm_campaign=generated_house_cards_verified_batch_27&utm_content=pin_5044_62-71bvbl_plans&utm_term=doma-150-200-m,,"проект дома 62-71BVBL, проект №62-71BVBL, Дома 150–200 м², готовый проект дома, планировка дома, фасады дома, дом с размерами, визуализация дома, дом 182,78 м², дом газобетон, дом хай-тек, catalog-plans.ru"
"Проект дома №62-72AL: фасады, планы и характеристики",https://raw.githubusercontent.com/nemchenik/test/catalog-plans-pinterest-cards/pinterest/generated_batch_27/62-72AL.jpg,Большие дома,,"Проект дома №62-72AL. На превью показана каноническая визуализация, взятая непосредственно со страницы этого проекта на catalog-plans.ru. В карточке доступны планы этажей, фасады, размеры и характеристики. Параметры: 408,41 м²; 2 этажа; габариты 20.53×19.25 м; стены — газобетон; стиль — хай-тек. Откройте проект, проверьте планировку и сопоставьте габариты со своим участком до заказа.",https://catalog-plans.ru/catalog/62-72AL?utm_source=pinterest&utm_medium=organic&utm_campaign=generated_house_cards_verified_batch_27&utm_content=pin_5045_62-72al_compare&utm_term=bolshie-doma,,"проект дома 62-72AL, проект №62-72AL, Большие дома, готовый проект дома, планировка дома, фасады дома, дом с размерами, визуализация дома, дом 408,41 м², дом газобетон, дом хай-тек, catalog-plans.ru"
Проект дома №62-78: проверить габариты для участка,https://raw.githubusercontent.com/nemchenik/test/catalog-plans-pinterest-cards/pinterest/generated_batch_27/62-78.jpg,Дома 150–200 м²,,"Проект дома №62-78. На превью показана каноническая визуализация, взятая непосредственно со страницы этого проекта на catalog-plans.ru. В карточке доступны планы этажей, фасады, размеры и характеристики. Параметры: 193,93 м²; 1 этаж; габариты 18.82×22.31 м; стены — газобетон; стиль — хай-тек. Откройте проект, проверьте планировку и сопоставьте габариты со своим участком до заказа.",https://catalog-plans.ru/catalog/62-78?utm_source=pinterest&utm_medium=organic&utm_campaign=generated_house_cards_verified_batch_27&utm_content=pin_5046_62-78_site&utm_term=doma-150-200-m,,"проект дома 62-78, проект №62-78, Дома 150–200 м², готовый проект дома, планировка дома, фасады дома, дом с размерами, визуализация дома, дом 193,93 м², дом газобетон, дом хай-тек, catalog-plans.ru"
Проект дома №63-05AFA: посмотреть все ракурсы и этажи,https://raw.githubusercontent.com/nemchenik/test/catalog-plans-pinterest-cards/pinterest/generated_batch_27/63-05AFA.jpg,Фасады домов,,"Проект дома №63-05AFA. На превью показана каноническая визуализация, взятая непосредственно со страницы этого проекта на catalog-plans.ru. В карточке доступны планы этажей, фасады, размеры и характеристики. Параметры: 129,04 м²; 2 этажа; габариты 8.26×10.85 м; стены — газобетон; стиль — американский. Откройте проект, проверьте планировку и сопоставьте габариты со своим участком до заказа.",https://catalog-plans.ru/catalog/63-05AFA?utm_source=pinterest&utm_medium=organic&utm_campaign=generated_house_cards_verified_batch_27&utm_content=pin_5047_63-05afa_facades&utm_term=fasady-domov,,"проект дома 63-05AFA, проект №63-05AFA, Фасады домов, готовый проект дома, планировка дома, фасады дома, дом с размерами, визуализация дома, дом 129,04 м², дом газобетон, дом американский, catalog-plans.ru"
Проект дома №63-05AFL: сравнить перед выбором,https://raw.githubusercontent.com/nemchenik/test/catalog-plans-pinterest-cards/pinterest/generated_batch_27/63-05AFL.jpg,Дома из газобетона,,"Проект дома №63-05AFL. На превью показана каноническая визуализация, взятая непосредственно со страницы этого проекта на catalog-plans.ru. В карточке доступны планы этажей, фасады, размеры и характеристики. Параметры: 113 м²; 2 этажа; габариты 8.46×10.24 м; стены — газобетон; стиль — американский. Откройте проект, проверьте планировку и сопоставьте габариты со своим участком до заказа.",https://catalog-plans.ru/catalog/63-05AFL?utm_source=pinterest&utm_medium=organic&utm_campaign=generated_house_cards_verified_batch_27&utm_content=pin_5048_63-05afl_estimate&utm_term=doma-iz-gazobetona,,"проект дома 63-05AFL, проект №63-05AFL, Дома из газобетона, готовый проект дома, планировка дома, фасады дома, дом с размерами, визуализация дома, дом 113 м², дом газобетон, дом американский, catalog-plans.ru"
Проект дома №63-42: перейти к расчёту строительства,https://raw.githubusercontent.com/nemchenik/test/catalog-plans-pinterest-cards/pinterest/generated_batch_27/63-42.jpg,Дома в стиле хай-тек,,"Проект дома №63-42. На превью показана каноническая визуализация, взятая непосредственно со страницы этого проекта на catalog-plans.ru. В карточке доступны планы этажей, фасады, размеры и характеристики. Параметры: 108,85 м²; 2 этажа; габариты 8.36×14.06 м; стены — газобетон; стиль — хай-тек. Откройте проект, проверьте планировку и сопоставьте габариты со своим участком до заказа.",https://catalog-plans.ru/catalog/63-42?utm_source=pinterest&utm_medium=organic&utm_campaign=generated_house_cards_verified_batch_27&utm_content=pin_5049_63-42_changes&utm_term=doma-v-stile-hay-tek,,"проект дома 63-42, проект №63-42, Дома в стиле хай-тек, готовый проект дома, планировка дома, фасады дома, дом с размерами, визуализация дома, дом 108,85 м², дом газобетон, дом хай-тек, catalog-plans.ru"
Проект дома №63-42A: открыть планировку и размеры,https://raw.githubusercontent.com/nemchenik/test/catalog-plans-pinterest-cards/pinterest/generated_batch_27/63-42A.jpg,Дома до 120 м²,,"Проект дома №63-42A. На превью показана каноническая визуализация, взятая непосредственно со страницы этого проекта на catalog-plans.ru. В карточке доступны планы этажей, фасады, размеры и характеристики. Параметры: 108,95 м²; 2 этажа; габариты 10.5×12.06 м; стены — газобетон; стиль — хай-тек. Откройте проект, проверьте планировку и сопоставьте габариты со своим участком до заказа.",https://catalog-plans.ru/catalog/63-42A?utm_source=pinterest&utm_medium=organic&utm_campaign=generated_house_cards_verified_batch_27&utm_content=pin_5050_63-42a_plans&utm_term=doma-do-120-m,,"проект дома 63-42A, проект №63-42A, Дома до 120 м², готовый проект дома, планировка дома, фасады дома, дом с размерами, визуализация дома, дом 108,95 м², дом газобетон, дом хай-тек, catalog-plans.ru"
"Проект дома №63-42B: фасады, планы и характеристики",https://raw.githubusercontent.com/nemchenik/test/catalog-plans-pinterest-cards/pinterest/generated_batch_27/63-42B.jpg,Фасады домов,,"Проект дома №63-42B. На превью показана каноническая визуализация, взятая непосредственно со страницы этого проекта на catalog-plans.ru. В карточке доступны планы этажей, фасады, размеры и характеристики. Параметры: 167,09 м²; 2 этажа; габариты 10.5×14.06 м; стены — газобетон; стиль — хай-тек. Откройте проект, проверьте планировку и сопоставьте габариты со своим участком до заказа.",https://catalog-plans.ru/catalog/63-42B?utm_source=pinterest&utm_medium=organic&utm_campaign=generated_house_cards_verified_batch_27&utm_content=pin_5051_63-42b_compare&utm_term=fasady-domov,,"проект дома 63-42B, проект №63-42B, Фасады домов, готовый проект дома, планировка дома, фасады дома, дом с размерами, визуализация дома, дом 167,09 м², дом газобетон, дом хай-тек, catalog-plans.ru"
Проект дома №63-42BA: проверить габариты для участка,https://raw.githubusercontent.com/nemchenik/test/catalog-plans-pinterest-cards/pinterest/generated_batch_27/63-42BA.jpg,Готовые проекты домов,,"Проект дома №63-42BA. На превью показана каноническая визуализация, взятая непосредственно со страницы этого проекта на catalog-plans.ru. В карточке доступны планы этажей, фасады, размеры и характеристики. Параметры: 186,84 м²; 2 этажа; габариты 10.5×12.32 м; стены — монолитный каркас; стиль — хай-тек. Откройте проект, проверьте планировку и сопоставьте габариты со своим участком до заказа.",https://catalog-plans.ru/catalog/63-42BA?utm_source=pinterest&utm_medium=organic&utm_campaign=generated_house_cards_verified_batch_27&utm_content=pin_5052_63-42ba_site&utm_term=gotovye-proekty-domov,,"проект дома 63-42BA, проект №63-42BA, Готовые проекты домов, готовый проект дома, планировка дома, фасады дома, дом с размерами, визуализация дома, дом 186,84 м², дом монолитный каркас, дом хай-тек, catalog-plans.ru"
Проект дома №63-42BD: посмотреть все ракурсы и этажи,https://raw.githubusercontent.com/nemchenik/test/catalog-plans-pinterest-cards/pinterest/generated_batch_27/63-42BD.jpg,Дома в стиле хай-тек,,"Проект дома №63-42BD. На превью показана каноническая визуализация, взятая непосредственно со страницы этого проекта на catalog-plans.ru. В карточке доступны планы этажей, фасады, размеры и характеристики. Параметры: 167,15 м²; 2 этажа; габариты 15.52×14.28 м; стены — газобетон; стиль — хай-тек. Откройте проект, проверьте планировку и сопоставьте габариты со своим участком до заказа.",https://catalog-plans.ru/catalog/63-42BD?utm_source=pinterest&utm_medium=organic&utm_campaign=generated_house_cards_verified_batch_27&utm_content=pin_5053_63-42bd_facades&utm_term=doma-v-stile-hay-tek,,"проект дома 63-42BD, проект №63-42BD, Дома в стиле хай-тек, готовый проект дома, планировка дома, фасады дома, дом с размерами, визуализация дома, дом 167,15 м², дом газобетон, дом хай-тек, catalog-plans.ru"
Проект дома №63-42BE: сравнить перед выбором,https://raw.githubusercontent.com/nemchenik/test/catalog-plans-pinterest-cards/pinterest/generated_batch_27/63-42BE.jpg,Дома в стиле хай-тек,,"Проект дома №63-42BE. На превью показана каноническая визуализация, взятая непосредственно со страницы этого проекта на catalog-plans.ru. В карточке доступны планы этажей, фасады, размеры и характеристики. Параметры: 169,04 м²; 2 этажа; габариты 10.3×12.53 м; стены — газобетон; стиль — хай-тек. Откройте проект, проверьте планировку и сопоставьте габариты со своим участком до заказа.",https://catalog-plans.ru/catalog/63-42BE?utm_source=pinterest&utm_medium=organic&utm_campaign=generated_house_cards_verified_batch_27&utm_content=pin_5054_63-42be_estimate&utm_term=doma-v-stile-hay-tek,,"проект дома 63-42BE, проект №63-42BE, Дома в стиле хай-тек, готовый проект дома, планировка дома, фасады дома, дом с размерами, визуализация дома, дом 169,04 м², дом газобетон, дом хай-тек, catalog-plans.ru"
Проект дома №63-42D: перейти к расчёту строительства,https://raw.githubusercontent.com/nemchenik/test/catalog-plans-pinterest-cards/pinterest/generated_batch_27/63-42D.jpg,Дома в стиле хай-тек,,"Проект дома №63-42D. На превью показана каноническая визуализация, взятая непосредственно со страницы этого проекта на catalog-plans.ru. В карточке доступны планы этажей, фасады, размеры и характеристики. Параметры: 126,59 м²; 2 этажа; габариты 8.36×14.06 м; стены — газобетон; стиль — хай-тек. Откройте проект, проверьте планировку и сопоставьте габариты со своим участком до заказа.",https://catalog-plans.ru/catalog/63-42D?utm_source=pinterest&utm_medium=organic&utm_campaign=generated_house_cards_verified_batch_27&utm_content=pin_5055_63-42d_changes&utm_term=doma-v-stile-hay-tek,,"проект дома 63-42D, проект №63-42D, Дома в стиле хай-тек, готовый проект дома, планировка дома, фасады дома, дом с размерами, визуализация дома, дом 126,59 м², дом газобетон, дом хай-тек, catalog-plans.ru"
Проект дома №63-42DA: открыть планировку и размеры,https://raw.githubusercontent.com/nemchenik/test/catalog-plans-pinterest-cards/pinterest/generated_batch_27/63-42DA.jpg,Проекты домов с визуализациями,,"Проект дома №63-42DA. На превью показана каноническая визуализация, взятая непосредственно со страницы этого проекта на catalog-plans.ru. В карточке доступны планы этажей, фасады, размеры и характеристики. Параметры: 126,19 м²; 2 этажа; габариты 9.46×13.95 м; стены — газобетон; стиль — хай-тек. Откройте проект, проверьте планировку и сопоставьте габариты со своим участком до заказа.",https://catalog-plans.ru/catalog/63-42DA?utm_source=pinterest&utm_medium=organic&utm_campaign=generated_house_cards_verified_batch_27&utm_content=pin_5056_63-42da_plans&utm_term=proekty-domov-s-vizualizaciyami,,"проект дома 63-42DA, проект №63-42DA, Проекты домов с визуализациями, готовый проект дома, планировка дома, фасады дома, дом с размерами, визуализация дома, дом 126,19 м², дом газобетон, дом хай-тек, catalog-plans.ru"
"Проект дома №63-42H: фасады, планы и характеристики",https://raw.githubusercontent.com/nemchenik/test/catalog-plans-pinterest-cards/pinterest/generated_batch_27/63-42H.jpg,Дома из газобетона,,"Проект дома №63-42H. На превью показана каноническая визуализация, взятая непосредственно со страницы этого проекта на catalog-plans.ru. В карточке доступны планы этажей, фасады, размеры и характеристики. Параметры: 110,56 м²; 2 этажа; габариты 8.5×14 м; стены — газобетон; стиль — хай-тек. Откройте проект, проверьте планировку и сопоставьте габариты со своим участком до заказа.",https://catalog-plans.ru/catalog/63-42H?utm_source=pinterest&utm_medium=organic&utm_campaign=generated_house_cards_verified_batch_27&utm_content=pin_5057_63-42h_compare&utm_term=doma-iz-gazobetona,,"проект дома 63-42H, проект №63-42H, Дома из газобетона, готовый проект дома, планировка дома, фасады дома, дом с размерами, визуализация дома, дом 110,56 м², дом газобетон, дом хай-тек, catalog-plans.ru"
Проект дома №63-42L: проверить габариты для участка,https://raw.githubusercontent.com/nemchenik/test/catalog-plans-pinterest-cards/pinterest/generated_batch_27/63-42L.jpg,Проекты домов с визуализациями,,"Проект дома №63-42L. На превью показана каноническая визуализация, взятая непосредственно со страницы этого проекта на catalog-plans.ru. В карточке доступны планы этажей, фасады, размеры и характеристики. Параметры: 109,58 м²; 2 этажа; габариты 8.41×14.21 м; стены — газобетон; стиль — хай-тек. Откройте проект, проверьте планировку и сопоставьте габариты со своим участком до заказа.",https://catalog-plans.ru/catalog/63-42L?utm_source=pinterest&utm_medium=organic&utm_campaign=generated_house_cards_verified_batch_27&utm_content=pin_5058_63-42l_site&utm_term=proekty-domov-s-vizualizaciyami,,"проект дома 63-42L, проект №63-42L, Проекты домов с визуализациями, готовый проект дома, планировка дома, фасады дома, дом с размерами, визуализация дома, дом 109,58 м², дом газобетон, дом хай-тек, catalog-plans.ru"
Проект дома №63-42M: посмотреть все ракурсы и этажи,https://raw.githubusercontent.com/nemchenik/test/catalog-plans-pinterest-cards/pinterest/generated_batch_27/63-42M.jpg,Каркасные дома,,"Проект дома №63-42M. На превью показана каноническая визуализация, взятая непосредственно со страницы этого проекта на catalog-plans.ru. В карточке доступны планы этажей, фасады, размеры и характеристики. Параметры: 126,23 м²; 2 этажа; габариты 8×14.36 м; стены — монолитный каркас; стиль — хай-тек. Откройте проект, проверьте планировку и сопоставьте габариты со своим участком до заказа.",https://catalog-plans.ru/catalog/63-42M?utm_source=pinterest&utm_medium=organic&utm_campaign=generated_house_cards_verified_batch_27&utm_content=pin_5059_63-42m_facades&utm_term=karkasnye-doma,,"проект дома 63-42M, проект №63-42M, Каркасные дома, готовый проект дома, планировка дома, фасады дома, дом с размерами, визуализация дома, дом 126,23 м², дом монолитный каркас, дом хай-тек, catalog-plans.ru"
Проект дома №63-42MA: сравнить перед выбором,https://raw.githubusercontent.com/nemchenik/test/catalog-plans-pinterest-cards/pinterest/generated_batch_27/63-42MA.jpg,Каркасные дома,,"Проект дома №63-42MA. На превью показана каноническая визуализация, взятая непосредственно со страницы этого проекта на catalog-plans.ru. В карточке доступны планы этажей, фасады, размеры и характеристики. Параметры: 144,66 м²; 2 этажа; габариты 9×14.36 м; стены — монолитный каркас; стиль — хай-тек. Откройте проект, проверьте планировку и сопоставьте габариты со своим участком до заказа.",https://catalog-plans.ru/catalog/63-42MA?utm_source=pinterest&utm_medium=organic&utm_campaign=generated_house_cards_verified_batch_27&utm_content=pin_5060_63-42ma_estimate&utm_term=karkasnye-doma,,"проект дома 63-42MA, проект №63-42MA, Каркасные дома, готовый проект дома, планировка дома, фасады дома, дом с размерами, визуализация дома, дом 144,66 м², дом монолитный каркас, дом хай-тек, catalog-plans.ru"
Проект дома №63-42MAKB: перейти к расчёту строительства,https://raw.githubusercontent.com/nemchenik/test/catalog-plans-pinterest-cards/pinterest/generated_batch_27/63-42MAKB.jpg,Каркасные дома,,"Проект дома №63-42MAKB. На превью показана каноническая визуализация, взятая непосредственно со страницы этого проекта на catalog-plans.ru. В карточке доступны планы этажей, фасады, размеры и характеристики. Параметры: 140,45 м²; 3 этажа; габариты 6.5×10 м; стены — монолитный каркас; стиль — хай-тек. Откройте проект, проверьте планировку и сопоставьте габариты со своим участком до заказа.",https://catalog-plans.ru/catalog/63-42MAKB?utm_source=pinterest&utm_medium=organic&utm_campaign=generated_house_cards_verified_batch_27&utm_content=pin_5061_63-42makb_changes&utm_term=karkasnye-doma,,"проект дома 63-42MAKB, проект №63-42MAKB, Каркасные дома, готовый проект дома, планировка дома, фасады дома, дом с размерами, визуализация дома, дом 140,45 м², дом монолитный каркас, дом хай-тек, catalog-plans.ru"
Проект дома №63-42MBA: открыть планировку и размеры,https://raw.githubusercontent.com/nemchenik/test/catalog-plans-pinterest-cards/pinterest/generated_batch_27/63-42MBA.jpg,Готовые проекты домов,,"Проект дома №63-42MBA. На превью показана каноническая визуализация, взятая непосредственно со страницы этого проекта на catalog-plans.ru. В карточке доступны планы этажей, фасады, размеры и характеристики. Параметры: 173,3 м²; 2 этажа; габариты 6.86×12.04 м; стены — монолитный каркас; стиль — хай-тек. Откройте проект, проверьте планировку и сопоставьте габариты со своим участком до заказа.",https://catalog-plans.ru/catalog/63-42MBA?utm_source=pinterest&utm_medium=organic&utm_campaign=generated_house_cards_verified_batch_27&utm_content=pin_5062_63-42mba_plans&utm_term=gotovye-proekty-domov,,"проект дома 63-42MBA, проект №63-42MBA, Готовые проекты домов, готовый проект дома, планировка дома, фасады дома, дом с размерами, визуализация дома, дом 173,3 м², дом монолитный каркас, дом хай-тек, catalog-plans.ru"
"Проект дома №63-42MBL: фасады, планы и характеристики",https://raw.githubusercontent.com/nemchenik/test/catalog-plans-pinterest-cards/pinterest/generated_batch_27/63-42MBL.jpg,Двухэтажные дома,,"Проект дома №63-42MBL. На превью показана каноническая визуализация, взятая непосредственно со страницы этого проекта на catalog-plans.ru. В карточке доступны планы этажей, фасады, размеры и характеристики. Параметры: 123,06 м²; 2 этажа; габариты 7.4×12.24 м; стены — монолитный каркас; стиль — хай-тек. Откройте проект, проверьте планировку и сопоставьте габариты со своим участком до заказа.",https://catalog-plans.ru/catalog/63-42MBL?utm_source=pinterest&utm_medium=organic&utm_campaign=generated_house_cards_verified_batch_27&utm_content=pin_5063_63-42mbl_compare&utm_term=dvuhetazhnye-doma,,"проект дома 63-42MBL, проект №63-42MBL, Двухэтажные дома, готовый проект дома, планировка дома, фасады дома, дом с размерами, визуализация дома, дом 123,06 м², дом монолитный каркас, дом хай-тек, catalog-plans.ru"
Проект дома №63-42MF: проверить габариты для участка,https://raw.githubusercontent.com/nemchenik/test/catalog-plans-pinterest-cards/pinterest/generated_batch_27/63-42MF.jpg,Проекты домов с визуализациями,,"Проект дома №63-42MF. На превью показана каноническая визуализация, взятая непосредственно со страницы этого проекта на catalog-plans.ru. В карточке доступны планы этажей, фасады, размеры и характеристики. Параметры: 124 м²; 2 этажа; габариты 9×11 м; стены — монолитный каркас; стиль — хай-тек. Откройте проект, проверьте планировку и сопоставьте габариты со своим участком до заказа.",https://catalog-plans.ru/catalog/63-42MF?utm_source=pinterest&utm_medium=organic&utm_campaign=generated_house_cards_verified_batch_27&utm_content=pin_5064_63-42mf_site&utm_term=proekty-domov-s-vizualizaciyami,,"проект дома 63-42MF, проект №63-42MF, Проекты домов с визуализациями, готовый проект дома, планировка дома, фасады дома, дом с размерами, визуализация дома, дом 124 м², дом монолитный каркас, дом хай-тек, catalog-plans.ru"
Проект дома №63-42MFA: посмотреть все ракурсы и этажи,https://raw.githubusercontent.com/nemchenik/test/catalog-plans-pinterest-cards/pinterest/generated_batch_27/63-42MFA.jpg,Каркасные дома,,"Проект дома №63-42MFA. На превью показана каноническая визуализация, взятая непосредственно со страницы этого проекта на catalog-plans.ru. В карточке доступны планы этажей, фасады, размеры и характеристики. Параметры: 122,5 м²; 2 этажа; габариты 9×11 м; стены — монолитный каркас; стиль — хай-тек. Откройте проект, проверьте планировку и сопоставьте габариты со своим участком до заказа.",https://catalog-plans.ru/catalog/63-42MFA?utm_source=pinterest&utm_medium=organic&utm_campaign=generated_house_cards_verified_batch_27&utm_content=pin_5065_63-42mfa_facades&utm_term=karkasnye-doma,,"проект дома 63-42MFA, проект №63-42MFA, Каркасные дома, готовый проект дома, планировка дома, фасады дома, дом с размерами, визуализация дома, дом 122,5 м², дом монолитный каркас, дом хай-тек, catalog-plans.ru"
Проект дома №63-42N: сравнить перед выбором,https://raw.githubusercontent.com/nemchenik/test/catalog-plans-pinterest-cards/pinterest/generated_batch_27/63-42N.jpg,Дома в стиле хай-тек,,"Проект дома №63-42N. На превью показана каноническая визуализация, взятая непосредственно со страницы этого проекта на catalog-plans.ru. В карточке доступны планы этажей, фасады, размеры и характеристики. Параметры: 193,59 м²; 2 этажа; габариты 17.51×16.06 м; стены — газобетон; стиль — хай-тек. Откройте проект, проверьте планировку и сопоставьте габариты со своим участком до заказа.",https://catalog-plans.ru/catalog/63-42N?utm_source=pinterest&utm_medium=organic&utm_campaign=generated_house_cards_verified_batch_27&utm_content=pin_5066_63-42n_estimate&utm_term=doma-v-stile-hay-tek,,"проект дома 63-42N, проект №63-42N, Дома в стиле хай-тек, готовый проект дома, планировка дома, фасады дома, дом с размерами, визуализация дома, дом 193,59 м², дом газобетон, дом хай-тек, catalog-plans.ru"
Проект дома №63-42NA: перейти к расчёту строительства,https://raw.githubusercontent.com/nemchenik/test/catalog-plans-pinterest-cards/pinterest/generated_batch_27/63-42NA.jpg,Двухэтажные дома,,"Проект дома №63-42NA. На превью показана каноническая визуализация, взятая непосредственно со страницы этого проекта на catalog-plans.ru. В карточке доступны планы этажей, фасады, размеры и характеристики. Параметры: 165,21 м²; 2 этажа; габариты 13.06×15.16 м; стены — газобетон; стиль — хай-тек. Откройте проект, проверьте планировку и сопоставьте габариты со своим участком до заказа.",https://catalog-plans.ru/catalog/63-42NA?utm_source=pinterest&utm_medium=organic&utm_campaign=generated_house_cards_verified_batch_27&utm_content=pin_5067_63-42na_changes&utm_term=dvuhetazhnye-doma,,"проект дома 63-42NA, проект №63-42NA, Двухэтажные дома, готовый проект дома, планировка дома, фасады дома, дом с размерами, визуализация дома, дом 165,21 м², дом газобетон, дом хай-тек, catalog-plans.ru"
Проект дома №63-42NAB: открыть планировку и размеры,https://raw.githubusercontent.com/nemchenik/test/catalog-plans-pinterest-cards/pinterest/generated_batch_27/63-42NAB.jpg,Дома из газобетона,,"Проект дома №63-42NAB. На превью показана каноническая визуализация, взятая непосредственно со страницы этого проекта на catalog-plans.ru. В карточке доступны планы этажей, фасады, размеры и характеристики. Параметры: 136,56 м²; 2 этажа; габариты 8.76×15.26 м; стены — газобетон; стиль — хай-тек. Откройте проект, проверьте планировку и сопоставьте габариты со своим участком до заказа.",https://catalog-plans.ru/catalog/63-42NAB?utm_source=pinterest&utm_medium=organic&utm_campaign=generated_house_cards_verified_batch_27&utm_content=pin_5068_63-42nab_plans&utm_term=doma-iz-gazobetona,,"проект дома 63-42NAB, проект №63-42NAB, Дома из газобетона, готовый проект дома, планировка дома, фасады дома, дом с размерами, визуализация дома, дом 136,56 м², дом газобетон, дом хай-тек, catalog-plans.ru"
"Проект дома №63-42NAD: фасады, планы и характеристики",https://raw.githubusercontent.com/nemchenik/test/catalog-plans-pinterest-cards/pinterest/generated_batch_27/63-42NAD.jpg,Дома в стиле хай-тек,,"Проект дома №63-42NAD. На превью показана каноническая визуализация, взятая непосредственно со страницы этого проекта на catalog-plans.ru. В карточке доступны планы этажей, фасады, размеры и характеристики. Параметры: 165,21 м²; 2 этажа; габариты 13.16×16.46 м; стены — газобетон; стиль — хай-тек. Откройте проект, проверьте планировку и сопоставьте габариты со своим участком до заказа.",https://catalog-plans.ru/catalog/63-42NAD?utm_source=pinterest&utm_medium=organic&utm_campaign=generated_house_cards_verified_batch_27&utm_content=pin_5069_63-42nad_compare&utm_term=doma-v-stile-hay-tek,,"проект дома 63-42NAD, проект №63-42NAD, Дома в стиле хай-тек, готовый проект дома, планировка дома, фасады дома, дом с размерами, визуализация дома, дом 165,21 м², дом газобетон, дом хай-тек, catalog-plans.ru"
Проект дома №63-42NB: проверить габариты для участка,https://raw.githubusercontent.com/nemchenik/test/catalog-plans-pinterest-cards/pinterest/generated_batch_27/63-42NB.jpg,Готовые проекты домов,,"Проект дома №63-42NB. На превью показана каноническая визуализация, взятая непосредственно со страницы этого проекта на catalog-plans.ru. В карточке доступны планы этажей, фасады, размеры и характеристики. Параметры: 255,85 м²; 2 этажа; габариты 14.56×18.06 м; стены — газобетон; стиль — хай-тек. Откройте проект, проверьте планировку и сопоставьте габариты со своим участком до заказа.",https://catalog-plans.ru/catalog/63-42NB?utm_source=pinterest&utm_medium=organic&utm_campaign=generated_house_cards_verified_batch_27&utm_content=pin_5070_63-42nb_site&utm_term=gotovye-proekty-domov,,"проект дома 63-42NB, проект №63-42NB, Готовые проекты домов, готовый проект дома, планировка дома, фасады дома, дом с размерами, визуализация дома, дом 255,85 м², дом газобетон, дом хай-тек, catalog-plans.ru"
Проект дома №63-42P: посмотреть все ракурсы и этажи,https://raw.githubusercontent.com/nemchenik/test/catalog-plans-pinterest-cards/pinterest/generated_batch_27/63-42P.jpg,Проекты домов с визуализациями,,"Проект дома №63-42P. На превью показана каноническая визуализация, взятая непосредственно со страницы этого проекта на catalog-plans.ru. В карточке доступны планы этажей, фасады, размеры и характеристики. Параметры: 133,98 м²; 2 этажа; габариты 9.5×14.6 м; стены — газобетон; стиль — хай-тек. Откройте проект, проверьте планировку и сопоставьте габариты со своим участком до заказа.",https://catalog-plans.ru/catalog/63-42P?utm_source=pinterest&utm_medium=organic&utm_campaign=generated_house_cards_verified_batch_27&utm_content=pin_5071_63-42p_facades&utm_term=proekty-domov-s-vizualizaciyami,,"проект дома 63-42P, проект №63-42P, Проекты домов с визуализациями, готовый проект дома, планировка дома, фасады дома, дом с размерами, визуализация дома, дом 133,98 м², дом газобетон, дом хай-тек, catalog-plans.ru"
Проект дома №63-42T: сравнить перед выбором,https://raw.githubusercontent.com/nemchenik/test/catalog-plans-pinterest-cards/pinterest/generated_batch_27/63-42T.jpg,Дома в стиле хай-тек,,"Проект дома №63-42T. На превью показана каноническая визуализация, взятая непосредственно со страницы этого проекта на catalog-plans.ru. В карточке доступны планы этажей, фасады, размеры и характеристики. Параметры: 108,69 м²; 2 этажа; габариты 8.36×12.03 м; стены — газобетон; стиль — хай-тек. Откройте проект, проверьте планировку и сопоставьте габариты со своим участком до заказа.",https://catalog-plans.ru/catalog/63-42T?utm_source=pinterest&utm_medium=organic&utm_campaign=generated_house_cards_verified_batch_27&utm_content=pin_5072_63-42t_estimate&utm_term=doma-v-stile-hay-tek,,"проект дома 63-42T, проект №63-42T, Дома в стиле хай-тек, готовый проект дома, планировка дома, фасады дома, дом с размерами, визуализация дома, дом 108,69 м², дом газобетон, дом хай-тек, catalog-plans.ru"
Проект дома №63-42TAL: перейти к расчёту строительства,https://raw.githubusercontent.com/nemchenik/test/catalog-plans-pinterest-cards/pinterest/generated_batch_27/63-42TAL.jpg,Проекты домов с визуализациями,,"Проект дома №63-42TAL. На превью показана каноническая визуализация, взятая непосредственно со страницы этого проекта на catalog-plans.ru. В карточке доступны планы этажей, фасады, размеры и характеристики. Параметры: 123,67 м²; 2 этажа; габариты 7.82×11.12 м; стены — газобетон; стиль — хай-тек. Откройте проект, проверьте планировку и сопоставьте габариты со своим участком до заказа.",https://catalog-plans.ru/catalog/63-42TAL?utm_source=pinterest&utm_medium=organic&utm_campaign=generated_house_cards_verified_batch_27&utm_content=pin_5073_63-42tal_changes&utm_term=proekty-domov-s-vizualizaciyami,,"проект дома 63-42TAL, проект №63-42TAL, Проекты домов с визуализациями, готовый проект дома, планировка дома, фасады дома, дом с размерами, визуализация дома, дом 123,67 м², дом газобетон, дом хай-тек, catalog-plans.ru"
Проект дома №63-42W: открыть планировку и размеры,https://raw.githubusercontent.com/nemchenik/test/catalog-plans-pinterest-cards/pinterest/generated_batch_27/63-42W.jpg,Двухэтажные дома,,"Проект дома №63-42W. На превью показана каноническая визуализация, взятая непосредственно со страницы этого проекта на catalog-plans.ru. В карточке доступны планы этажей, фасады, размеры и характеристики. Параметры: 173,71 м²; 2 этажа; габариты 10.5×13.08 м; стены — газобетон; стиль — хай-тек. Откройте проект, проверьте планировку и сопоставьте габариты со своим участком до заказа.",https://catalog-plans.ru/catalog/63-42W?utm_source=pinterest&utm_medium=organic&utm_campaign=generated_house_cards_verified_batch_27&utm_content=pin_5074_63-42w_plans&utm_term=dvuhetazhnye-doma,,"проект дома 63-42W, проект №63-42W, Двухэтажные дома, готовый проект дома, планировка дома, фасады дома, дом с размерами, визуализация дома, дом 173,71 м², дом газобетон, дом хай-тек, catalog-plans.ru"
"Проект дома №63-42X: фасады, планы и характеристики",https://raw.githubusercontent.com/nemchenik/test/catalog-plans-pinterest-cards/pinterest/generated_batch_27/63-42X.jpg,Дома до 120 м²,,"Проект дома №63-42X. На превью показана каноническая визуализация, взятая непосредственно со страницы этого проекта на catalog-plans.ru. В карточке доступны планы этажей, фасады, размеры и характеристики. Параметры: 108,72 м²; 2 этажа; габариты 7.96×13.46 м; стены — деревянный каркас; стиль — хай-тек. Откройте проект, проверьте планировку и сопоставьте габариты со своим участком до заказа.",https://catalog-plans.ru/catalog/63-42X?utm_source=pinterest&utm_medium=organic&utm_campaign=generated_house_cards_verified_batch_27&utm_content=pin_5075_63-42x_compare&utm_term=doma-do-120-m,,"проект дома 63-42X, проект №63-42X, Дома до 120 м², готовый проект дома, планировка дома, фасады дома, дом с размерами, визуализация дома, дом 108,72 м², дом деревянный каркас, дом хай-тек, catalog-plans.ru"
Проект дома №63-42YMA: проверить габариты для участка,https://raw.githubusercontent.com/nemchenik/test/catalog-plans-pinterest-cards/pinterest/generated_batch_27/63-42YMA.jpg,Фасады домов,,"Проект дома №63-42YMA. На превью показана каноническая визуализация, взятая непосредственно со страницы этого проекта на catalog-plans.ru. В карточке доступны планы этажей, фасады, размеры и характеристики. Параметры: 148,72 м²; 2 этажа; габариты 7.38×13.58 м; стены — газобетон; стиль — хай-тек. Откройте проект, проверьте планировку и сопоставьте габариты со своим участком до заказа.",https://catalog-plans.ru/catalog/63-42YMA?utm_source=pinterest&utm_medium=organic&utm_campaign=generated_house_cards_verified_batch_27&utm_content=pin_5076_63-42yma_site&utm_term=fasady-domov,,"проект дома 63-42YMA, проект №63-42YMA, Фасады домов, готовый проект дома, планировка дома, фасады дома, дом с размерами, визуализация дома, дом 148,72 м², дом газобетон, дом хай-тек, catalog-plans.ru"
Проект дома №63-42YMK: посмотреть все ракурсы и этажи,https://raw.githubusercontent.com/nemchenik/test/catalog-plans-pinterest-cards/pinterest/generated_batch_27/63-42YMK.jpg,Фасады домов,,"Проект дома №63-42YMK. На превью показана каноническая визуализация, взятая непосредственно со страницы этого проекта на catalog-plans.ru. В карточке доступны планы этажей, фасады, размеры и характеристики. Параметры: 152,09 м²; 2 этажа; габариты 7.5×13.7 м; стены — монолитный каркас; стиль — хай-тек. Откройте проект, проверьте планировку и сопоставьте габариты со своим участком до заказа.",https://catalog-plans.ru/catalog/63-42YMK?utm_source=pinterest&utm_medium=organic&utm_campaign=generated_house_cards_verified_batch_27&utm_content=pin_5077_63-42ymk_facades&utm_term=fasady-domov,,"проект дома 63-42YMK, проект №63-42YMK, Фасады домов, готовый проект дома, планировка дома, фасады дома, дом с размерами, визуализация дома, дом 152,09 м², дом монолитный каркас, дом хай-тек, catalog-plans.ru"
Проект дома №63-47: сравнить перед выбором,https://raw.githubusercontent.com/nemchenik/test/catalog-plans-pinterest-cards/pinterest/generated_batch_27/63-47.jpg,Двухэтажные дома,,"Проект дома №63-47. На превью показана каноническая визуализация, взятая непосредственно со страницы этого проекта на catalog-plans.ru. В карточке доступны планы этажей, фасады, размеры и характеристики. Параметры: 99,25 м²; 2 этажа; габариты 5.4×15 м; стены — газобетон; стиль — хай-тек. Откройте проект, проверьте планировку и сопоставьте габариты со своим участком до заказа.",https://catalog-plans.ru/catalog/63-47?utm_source=pinterest&utm_medium=organic&utm_campaign=generated_house_cards_verified_batch_27&utm_content=pin_5078_63-47_estimate&utm_term=dvuhetazhnye-doma,,"проект дома 63-47, проект №63-47, Двухэтажные дома, готовый проект дома, планировка дома, фасады дома, дом с размерами, визуализация дома, дом 99,25 м², дом газобетон, дом хай-тек, catalog-plans.ru"
Проект дома №63-74B: перейти к расчёту строительства,https://raw.githubusercontent.com/nemchenik/test/catalog-plans-pinterest-cards/pinterest/generated_batch_27/63-74B.jpg,Дома 200–300 м²,,"Проект дома №63-74B. На превью показана каноническая визуализация, взятая непосредственно со страницы этого проекта на catalog-plans.ru. В карточке доступны планы этажей, фасады, размеры и характеристики. Параметры: 240,33 м²; 2 этажа; габариты 10.77×20.23 м; стены — монолитный каркас; стиль — хай-тек. Откройте проект, проверьте планировку и сопоставьте габариты со своим участком до заказа.",https://catalog-plans.ru/catalog/63-74B?utm_source=pinterest&utm_medium=organic&utm_campaign=generated_house_cards_verified_batch_27&utm_content=pin_5079_63-74b_changes&utm_term=doma-200-300-m,,"проект дома 63-74B, проект №63-74B, Дома 200–300 м², готовый проект дома, планировка дома, фасады дома, дом с размерами, визуализация дома, дом 240,33 м², дом монолитный каркас, дом хай-тек, catalog-plans.ru"
Проект дома №63-74D: открыть планировку и размеры,https://raw.githubusercontent.com/nemchenik/test/catalog-plans-pinterest-cards/pinterest/generated_batch_27/63-74D.jpg,Готовые проекты домов,,"Проект дома №63-74D. На превью показана каноническая визуализация, взятая непосредственно со страницы этого проекта на catalog-plans.ru. В карточке доступны планы этажей, фасады, размеры и характеристики. Параметры: 306,5 м²; 2 этажа; габариты 10.65×25.71 м; стены — монолитный каркас; стиль — хай-тек. Откройте проект, проверьте планировку и сопоставьте габариты со своим участком до заказа.",https://catalog-plans.ru/catalog/63-74D?utm_source=pinterest&utm_medium=organic&utm_campaign=generated_house_cards_verified_batch_27&utm_content=pin_5080_63-74d_plans&utm_term=gotovye-proekty-domov,,"проект дома 63-74D, проект №63-74D, Готовые проекты домов, готовый проект дома, планировка дома, фасады дома, дом с размерами, визуализация дома, дом 306,5 м², дом монолитный каркас, дом хай-тек, catalog-plans.ru"
"Проект дома №63-75: фасады, планы и характеристики",https://raw.githubusercontent.com/nemchenik/test/catalog-plans-pinterest-cards/pinterest/generated_batch_27/63-75.jpg,Дома из газобетона,,"Проект дома №63-75. На превью показана каноническая визуализация, взятая непосредственно со страницы этого проекта на catalog-plans.ru. В карточке доступны планы этажей, фасады, размеры и характеристики. Параметры: 88,98 м²; 2 этажа; габариты 8.3×9.6 м; стены — газобетон; стиль — европейский. Откройте проект, проверьте планировку и сопоставьте габариты со своим участком до заказа.",https://catalog-plans.ru/catalog/63-75?utm_source=pinterest&utm_medium=organic&utm_campaign=generated_house_cards_verified_batch_27&utm_content=pin_5081_63-75_compare&utm_term=doma-iz-gazobetona,,"проект дома 63-75, проект №63-75, Дома из газобетона, готовый проект дома, планировка дома, фасады дома, дом с размерами, визуализация дома, дом 88,98 м², дом газобетон, дом европейский, catalog-plans.ru"
Проект дома №63-79DL: проверить габариты для участка,https://raw.githubusercontent.com/nemchenik/test/catalog-plans-pinterest-cards/pinterest/generated_batch_27/63-79DL.jpg,Дома в стиле Райта,,"Проект дома №63-79DL. На превью показана каноническая визуализация, взятая непосредственно со страницы этого проекта на catalog-plans.ru. В карточке доступны планы этажей, фасады, размеры и характеристики. Параметры: 381,56 м²; 2 этажа; габариты 15.35×19.9 м; стены — газобетон; стиль — стиль Райта. Откройте проект, проверьте планировку и сопоставьте габариты со своим участком до заказа.",https://catalog-plans.ru/catalog/63-79DL?utm_source=pinterest&utm_medium=organic&utm_campaign=generated_house_cards_verified_batch_27&utm_content=pin_5082_63-79dl_site&utm_term=doma-v-stile-rayta,,"проект дома 63-79DL, проект №63-79DL, Дома в стиле Райта, готовый проект дома, планировка дома, фасады дома, дом с размерами, визуализация дома, дом 381,56 м², дом газобетон, дом стиль Райта, catalog-plans.ru"
Проект дома №63-90AK3L: посмотреть все ракурсы и этажи,https://raw.githubusercontent.com/nemchenik/test/catalog-plans-pinterest-cards/pinterest/generated_batch_27/63-90AK3L.jpg,Проекты домов с визуализациями,,"Проект дома №63-90AK3L. На превью показана каноническая визуализация, взятая непосредственно со страницы этого проекта на catalog-plans.ru. В карточке доступны планы этажей, фасады, размеры и характеристики. Параметры: 186,26 м²; 2 этажа; габариты 11×15.32 м; стены — монолитный каркас; стиль — стиль Райта. Откройте проект, проверьте планировку и сопоставьте габариты со своим участком до заказа.",https://catalog-plans.ru/catalog/63-90AK3L?utm_source=pinterest&utm_medium=organic&utm_campaign=generated_house_cards_verified_batch_27&utm_content=pin_5083_63-90ak3l_facades&utm_term=proekty-domov-s-vizualizaciyami,,"проект дома 63-90AK3L, проект №63-90AK3L, Проекты домов с визуализациями, готовый проект дома, планировка дома, фасады дома, дом с размерами, визуализация дома, дом 186,26 м², дом монолитный каркас, дом стиль Райта, catalog-plans.ru"
Проект дома №63-95WABB: сравнить перед выбором,https://raw.githubusercontent.com/nemchenik/test/catalog-plans-pinterest-cards/pinterest/generated_batch_27/63-95WABB.jpg,Фасады домов,,"Проект дома №63-95WABB. На превью показана каноническая визуализация, взятая непосредственно со страницы этого проекта на catalog-plans.ru. В карточке доступны планы этажей, фасады, размеры и характеристики. Параметры: 266,51 м²; 2 этажа; габариты 14.55×17.15 м; стены — газобетон; стиль — хай-тек. Откройте проект, проверьте планировку и сопоставьте габариты со своим участком до заказа.",https://catalog-plans.ru/catalog/63-95WABB?utm_source=pinterest&utm_medium=organic&utm_campaign=generated_house_cards_verified_batch_27&utm_content=pin_5084_63-95wabb_estimate&utm_term=fasady-domov,,"проект дома 63-95WABB, проект №63-95WABB, Фасады домов, готовый проект дома, планировка дома, фасады дома, дом с размерами, визуализация дома, дом 266,51 м², дом газобетон, дом хай-тек, catalog-plans.ru"
Проект дома №64-24B: перейти к расчёту строительства,https://raw.githubusercontent.com/nemchenik/test/catalog-plans-pinterest-cards/pinterest/generated_batch_27/64-24B.jpg,Дома в стиле хай-тек,,"Проект дома №64-24B. На превью показана каноническая визуализация, взятая непосредственно со страницы этого проекта на catalog-plans.ru. В карточке доступны планы этажей, фасады, размеры и характеристики. Параметры: 255,07 м²; 2 этажа; габариты 14.9×16.55 м; стены — газобетон; стиль — хай-тек. Откройте проект, проверьте планировку и сопоставьте габариты со своим участком до заказа.",https://catalog-plans.ru/catalog/64-24B?utm_source=pinterest&utm_medium=organic&utm_campaign=generated_house_cards_verified_batch_27&utm_content=pin_5085_64-24b_changes&utm_term=doma-v-stile-hay-tek,,"проект дома 64-24B, проект №64-24B, Дома в стиле хай-тек, готовый проект дома, планировка дома, фасады дома, дом с размерами, визуализация дома, дом 255,07 м², дом газобетон, дом хай-тек, catalog-plans.ru"
Проект дома №64-26B: открыть планировку и размеры,https://raw.githubusercontent.com/nemchenik/test/catalog-plans-pinterest-cards/pinterest/generated_batch_27/64-26B.jpg,Современные дома,,"Проект дома №64-26B. На превью показана каноническая визуализация, взятая непосредственно со страницы этого проекта на catalog-plans.ru. В карточке доступны планы этажей, фасады, размеры и характеристики. Параметры: 150,14 м²; 1 этаж; габариты 11.5×16.5 м; стены — газобетон; стиль — современный. Откройте проект, проверьте планировку и сопоставьте габариты со своим участком до заказа.",https://catalog-plans.ru/catalog/64-26B?utm_source=pinterest&utm_medium=organic&utm_campaign=generated_house_cards_verified_batch_27&utm_content=pin_5086_64-26b_plans&utm_term=sovremennye-doma,,"проект дома 64-26B, проект №64-26B, Современные дома, готовый проект дома, планировка дома, фасады дома, дом с размерами, визуализация дома, дом 150,14 м², дом газобетон, дом современный, catalog-plans.ru"
"Проект дома №64-45: фасады, планы и характеристики",https://raw.githubusercontent.com/nemchenik/test/catalog-plans-pinterest-cards/pinterest/generated_batch_27/64-45.jpg,Проекты домов с визуализациями,,"Проект дома №64-45. На превью показана каноническая визуализация, взятая непосредственно со страницы этого проекта на catalog-plans.ru. В карточке доступны планы этажей, фасады, размеры и характеристики. Параметры: 181,99 м²; 2 этажа; габариты 13.6×9.9 м; стены — газобетон; стиль — стиль Райта. Откройте проект, проверьте планировку и сопоставьте габариты со своим участком до заказа.",https://catalog-plans.ru/catalog/64-45?utm_source=pinterest&utm_medium=organic&utm_campaign=generated_house_cards_verified_batch_27&utm_content=pin_5087_64-45_compare&utm_term=proekty-domov-s-vizualizaciyami,,"проект дома 64-45, проект №64-45, Проекты домов с визуализациями, готовый проект дома, планировка дома, фасады дома, дом с размерами, визуализация дома, дом 181,99 м², дом газобетон, дом стиль Райта, catalog-plans.ru"
Проект дома №65-01: проверить габариты для участка,https://raw.githubusercontent.com/nemchenik/test/catalog-plans-pinterest-cards/pinterest/generated_batch_27/65-01.jpg,Дома до 120 м²,,"Проект дома №65-01. На превью показана каноническая визуализация, взятая непосредственно со страницы этого проекта на catalog-plans.ru. В карточке доступны планы этажей, фасады, размеры и характеристики. Параметры: 116,73 м²; 1 этаж; габариты 9.4×17.55 м; стены — газобетон; стиль — современный. Откройте проект, проверьте планировку и сопоставьте габариты со своим участком до заказа.",https://catalog-plans.ru/catalog/65-01?utm_source=pinterest&utm_medium=organic&utm_campaign=generated_house_cards_verified_batch_27&utm_content=pin_5088_65-01_site&utm_term=doma-do-120-m,,"проект дома 65-01, проект №65-01, Дома до 120 м², готовый проект дома, планировка дома, фасады дома, дом с размерами, визуализация дома, дом 116,73 м², дом газобетон, дом современный, catalog-plans.ru"
Проект дома №65-26BL: посмотреть все ракурсы и этажи,https://raw.githubusercontent.com/nemchenik/test/catalog-plans-pinterest-cards/pinterest/generated_batch_27/65-26BL.jpg,Готовые проекты домов,,"Проект дома №65-26BL. На превью показана каноническая визуализация, взятая непосредственно со страницы этого проекта на catalog-plans.ru. В карточке доступны планы этажей, фасады, размеры и характеристики. Параметры: 211,47 м²; 1 этаж; габариты 18.25×19.86 м; стены — газобетон; стиль — стиль Райта. Откройте проект, проверьте планировку и сопоставьте габариты со своим участком до заказа.",https://catalog-plans.ru/catalog/65-26BL?utm_source=pinterest&utm_medium=organic&utm_campaign=generated_house_cards_verified_batch_27&utm_content=pin_5089_65-26bl_facades&utm_term=gotovye-proekty-domov,,"проект дома 65-26BL, проект №65-26BL, Готовые проекты домов, готовый проект дома, планировка дома, фасады дома, дом с размерами, визуализация дома, дом 211,47 м², дом газобетон, дом стиль Райта, catalog-plans.ru"
Проект дома №65-46: сравнить перед выбором,https://raw.githubusercontent.com/nemchenik/test/catalog-plans-pinterest-cards/pinterest/generated_batch_27/65-46.jpg,Дома из газобетона,,"Проект дома №65-46. На превью показана каноническая визуализация, взятая непосредственно со страницы этого проекта на catalog-plans.ru. В карточке доступны планы этажей, фасады, размеры и характеристики. Параметры: 62,2 м²; 1 этаж; габариты 7.7×10.75 м; стены — газобетон; стиль — скандинавский. Откройте проект, проверьте планировку и сопоставьте габариты со своим участком до заказа.",https://catalog-plans.ru/catalog/65-46?utm_source=pinterest&utm_medium=organic&utm_campaign=generated_house_cards_verified_batch_27&utm_content=pin_5090_65-46_estimate&utm_term=doma-iz-gazobetona,,"проект дома 65-46, проект №65-46, Дома из газобетона, готовый проект дома, планировка дома, фасады дома, дом с размерами, визуализация дома, дом 62,2 м², дом газобетон, дом скандинавский, catalog-plans.ru"
Проект дома №65-51: перейти к расчёту строительства,https://raw.githubusercontent.com/nemchenik/test/catalog-plans-pinterest-cards/pinterest/generated_batch_27/65-51.jpg,Дома из газобетона,,"Проект дома №65-51. На превью показана каноническая визуализация, взятая непосредственно со страницы этого проекта на catalog-plans.ru. В карточке доступны планы этажей, фасады, размеры и характеристики. Параметры: 160,34 м²; 1 этаж; габариты 14.2×22.55 м; стены — газобетон; стиль — хай-тек. Откройте проект, проверьте планировку и сопоставьте габариты со своим участком до заказа.",https://catalog-plans.ru/catalog/65-51?utm_source=pinterest&utm_medium=organic&utm_campaign=generated_house_cards_verified_batch_27&utm_content=pin_5091_65-51_changes&utm_term=doma-iz-gazobetona,,"проект дома 65-51, проект №65-51, Дома из газобетона, готовый проект дома, планировка дома, фасады дома, дом с размерами, визуализация дома, дом 160,34 м², дом газобетон, дом хай-тек, catalog-plans.ru"
Проект дома №65-52: открыть планировку и размеры,https://raw.githubusercontent.com/nemchenik/test/catalog-plans-pinterest-cards/pinterest/generated_batch_27/65-52.jpg,Готовые проекты домов,,"Проект дома №65-52. На превью показана каноническая визуализация, взятая непосредственно со страницы этого проекта на catalog-plans.ru. В карточке доступны планы этажей, фасады, размеры и характеристики. Параметры: 98,18 м²; 1 этаж; габариты 11.9×12.1 м; стены — газобетон; стиль — хай-тек. Откройте проект, проверьте планировку и сопоставьте габариты со своим участком до заказа.",https://catalog-plans.ru/catalog/65-52?utm_source=pinterest&utm_medium=organic&utm_campaign=generated_house_cards_verified_batch_27&utm_content=pin_5092_65-52_plans&utm_term=gotovye-proekty-domov,,"проект дома 65-52, проект №65-52, Готовые проекты домов, готовый проект дома, планировка дома, фасады дома, дом с размерами, визуализация дома, дом 98,18 м², дом газобетон, дом хай-тек, catalog-plans.ru"
"Проект дома №65-52B: фасады, планы и характеристики",https://raw.githubusercontent.com/nemchenik/test/catalog-plans-pinterest-cards/pinterest/generated_batch_27/65-52B.jpg,Дома в стиле хай-тек,,"Проект дома №65-52B. На превью показана каноническая визуализация, взятая непосредственно со страницы этого проекта на catalog-plans.ru. В карточке доступны планы этажей, фасады, размеры и характеристики. Параметры: 122,46 м²; 1 этаж; габариты 12×15 м; стены — газобетон; стиль — хай-тек. Откройте проект, проверьте планировку и сопоставьте габариты со своим участком до заказа.",https://catalog-plans.ru/catalog/65-52B?utm_source=pinterest&utm_medium=organic&utm_campaign=generated_house_cards_verified_batch_27&utm_content=pin_5093_65-52b_compare&utm_term=doma-v-stile-hay-tek,,"проект дома 65-52B, проект №65-52B, Дома в стиле хай-тек, готовый проект дома, планировка дома, фасады дома, дом с размерами, визуализация дома, дом 122,46 м², дом газобетон, дом хай-тек, catalog-plans.ru"
Проект дома №65-59: проверить габариты для участка,https://raw.githubusercontent.com/nemchenik/test/catalog-plans-pinterest-cards/pinterest/generated_batch_27/65-59.jpg,Готовые проекты домов,,"Проект дома №65-59. На превью показана каноническая визуализация, взятая непосредственно со страницы этого проекта на catalog-plans.ru. В карточке доступны планы этажей, фасады, размеры и характеристики. Параметры: 197,24 м²; 2 этажа; габариты 11.5×17 м; стены — газобетон; стиль — европейский. Откройте проект, проверьте планировку и сопоставьте габариты со своим участком до заказа.",https://catalog-plans.ru/catalog/65-59?utm_source=pinterest&utm_medium=organic&utm_campaign=generated_house_cards_verified_batch_27&utm_content=pin_5094_65-59_site&utm_term=gotovye-proekty-domov,,"проект дома 65-59, проект №65-59, Готовые проекты домов, готовый проект дома, планировка дома, фасады дома, дом с размерами, визуализация дома, дом 197,24 м², дом газобетон, дом европейский, catalog-plans.ru"
Проект дома №65-94: посмотреть все ракурсы и этажи,https://raw.githubusercontent.com/nemchenik/test/catalog-plans-pinterest-cards/pinterest/generated_batch_27/65-94.jpg,Двухэтажные дома,,"Проект дома №65-94. На превью показана каноническая визуализация, взятая непосредственно со страницы этого проекта на catalog-plans.ru. В карточке доступны планы этажей, фасады, размеры и характеристики. Параметры: 157,9 м²; 2 этажа; габариты 9.5×11.3 м; стены — газобетон; стиль — хай-тек. Откройте проект, проверьте планировку и сопоставьте габариты со своим участком до заказа.",https://catalog-plans.ru/catalog/65-94?utm_source=pinterest&utm_medium=organic&utm_campaign=generated_house_cards_verified_batch_27&utm_content=pin_5095_65-94_facades&utm_term=dvuhetazhnye-doma,,"проект дома 65-94, проект №65-94, Двухэтажные дома, готовый проект дома, планировка дома, фасады дома, дом с размерами, визуализация дома, дом 157,9 м², дом газобетон, дом хай-тек, catalog-plans.ru"
Проект дома №65-98: сравнить перед выбором,https://raw.githubusercontent.com/nemchenik/test/catalog-plans-pinterest-cards/pinterest/generated_batch_27/65-98.jpg,Готовые проекты домов,,"Проект дома №65-98. На превью показана каноническая визуализация, взятая непосредственно со страницы этого проекта на catalog-plans.ru. В карточке доступны планы этажей, фасады, размеры и характеристики. Параметры: 338,4 м²; 2 этажа; габариты 16.59×21.19 м; стены — кирпич; стиль — хай-тек. Откройте проект, проверьте планировку и сопоставьте габариты со своим участком до заказа.",https://catalog-plans.ru/catalog/65-98?utm_source=pinterest&utm_medium=organic&utm_campaign=generated_house_cards_verified_batch_27&utm_content=pin_5096_65-98_estimate&utm_term=gotovye-proekty-domov,,"проект дома 65-98, проект №65-98, Готовые проекты домов, готовый проект дома, планировка дома, фасады дома, дом с размерами, визуализация дома, дом 338,4 м², дом кирпич, дом хай-тек, catalog-plans.ru"
Проект дома №66-29: перейти к расчёту строительства,https://raw.githubusercontent.com/nemchenik/test/catalog-plans-pinterest-cards/pinterest/generated_batch_27/66-29.jpg,Готовые проекты домов,,"Проект дома №66-29. На превью показана каноническая визуализация, взятая непосредственно со страницы этого проекта на catalog-plans.ru. В карточке доступны планы этажей, фасады, размеры и характеристики. Параметры: 219 м²; 2 этажа; габариты 12.8×14 м; стены — газобетон; стиль — европейский. Откройте проект, проверьте планировку и сопоставьте габариты со своим участком до заказа.",https://catalog-plans.ru/catalog/66-29?utm_source=pinterest&utm_medium=organic&utm_campaign=generated_house_cards_verified_batch_27&utm_content=pin_5097_66-29_changes&utm_term=gotovye-proekty-domov,,"проект дома 66-29, проект №66-29, Готовые проекты домов, готовый проект дома, планировка дома, фасады дома, дом с размерами, визуализация дома, дом 219 м², дом газобетон, дом европейский, catalog-plans.ru"
Проект дома №66-30: открыть планировку и размеры,https://raw.githubusercontent.com/nemchenik/test/catalog-plans-pinterest-cards/pinterest/generated_batch_27/66-30.jpg,Дома из газобетона,,"Проект дома №66-30. На превью показана каноническая визуализация, взятая непосредственно со страницы этого проекта на catalog-plans.ru. В карточке доступны планы этажей, фасады, размеры и характеристики. Параметры: 148 м²; 1 этаж; габариты 9.86×16.56 м; стены — газобетон; стиль — европейский. Откройте проект, проверьте планировку и сопоставьте габариты со своим участком до заказа.",https://catalog-plans.ru/catalog/66-30?utm_source=pinterest&utm_medium=organic&utm_campaign=generated_house_cards_verified_batch_27&utm_content=pin_5098_66-30_plans&utm_term=doma-iz-gazobetona,,"проект дома 66-30, проект №66-30, Дома из газобетона, готовый проект дома, планировка дома, фасады дома, дом с размерами, визуализация дома, дом 148 м², дом газобетон, дом европейский, catalog-plans.ru"
"Проект дома №66-32: фасады, планы и характеристики",https://raw.githubusercontent.com/nemchenik/test/catalog-plans-pinterest-cards/pinterest/generated_batch_27/66-32.jpg,Европейские дома,,"Проект дома №66-32. На превью показана каноническая визуализация, взятая непосредственно со страницы этого проекта на catalog-plans.ru. В карточке доступны планы этажей, фасады, размеры и характеристики. Параметры: 173,3 м²; 1 этаж; габариты 14.6×18 м; стены — газобетон; стиль — европейский. Откройте проект, проверьте планировку и сопоставьте габариты со своим участком до заказа.",https://catalog-plans.ru/catalog/66-32?utm_source=pinterest&utm_medium=organic&utm_campaign=generated_house_cards_verified_batch_27&utm_content=pin_5099_66-32_compare&utm_term=evropeyskie-doma,,"проект дома 66-32, проект №66-32, Европейские дома, готовый проект дома, планировка дома, фасады дома, дом с размерами, визуализация дома, дом 173,3 м², дом газобетон, дом европейский, catalog-plans.ru"
Проект дома №66-33: проверить габариты для участка,https://raw.githubusercontent.com/nemchenik/test/catalog-plans-pinterest-cards/pinterest/generated_batch_27/66-33.jpg,Фасады домов,,"Проект дома №66-33. На превью показана каноническая визуализация, взятая непосредственно со страницы этого проекта на catalog-plans.ru. В карточке доступны планы этажей, фасады, размеры и характеристики. Параметры: 305,6 м²; 1 этаж; габариты 14.75×27.7 м; стены — газобетон; стиль — европейский. Откройте проект, проверьте планировку и сопоставьте габариты со своим участком до заказа.",https://catalog-plans.ru/catalog/66-33?utm_source=pinterest&utm_medium=organic&utm_campaign=generated_house_cards_verified_batch_27&utm_content=pin_5100_66-33_site&utm_term=fasady-domov,,"проект дома 66-33, проект №66-33, Фасады домов, готовый проект дома, планировка дома, фасады дома, дом с размерами, визуализация дома, дом 305,6 м², дом газобетон, дом европейский, catalog-plans.ru"
Проект дома №68-02: посмотреть все ракурсы и этажи,https://raw.githubusercontent.com/nemchenik/test/catalog-plans-pinterest-cards/pinterest/generated_batch_27/68-02.jpg,Дома 150–200 м²,,"Проект дома №68-02. На превью показана каноническая визуализация, взятая непосредственно со страницы этого проекта на catalog-plans.ru. В карточке доступны планы этажей, фасады, размеры и характеристики. Параметры: 152,81 м²; 2 этажа; габариты 10.36×11.62 м; стены — газобетон; стиль — европейский. Откройте проект, проверьте планировку и сопоставьте габариты со своим участком до заказа.",https://catalog-plans.ru/catalog/68-02?utm_source=pinterest&utm_medium=organic&utm_campaign=generated_house_cards_verified_batch_27&utm_content=pin_5101_68-02_facades&utm_term=doma-150-200-m,,"проект дома 68-02, проект №68-02, Дома 150–200 м², готовый проект дома, планировка дома, фасады дома, дом с размерами, визуализация дома, дом 152,81 м², дом газобетон, дом европейский, catalog-plans.ru"
Проект дома №68-31MA: сравнить перед выбором,https://raw.githubusercontent.com/nemchenik/test/catalog-plans-pinterest-cards/pinterest/generated_batch_27/68-31MA.jpg,Одноэтажные дома,,"Проект дома №68-31MA. На превью показана каноническая визуализация, взятая непосредственно со страницы этого проекта на catalog-plans.ru. В карточке доступны планы этажей, фасады, размеры и характеристики. Параметры: 155,7 м²; 1 этаж; габариты 10.9×16.9 м; стены — монолитный каркас; стиль — европейский. Откройте проект, проверьте планировку и сопоставьте габариты со своим участком до заказа.",https://catalog-plans.ru/catalog/68-31MA?utm_source=pinterest&utm_medium=organic&utm_campaign=generated_house_cards_verified_batch_27&utm_content=pin_5102_68-31ma_estimate&utm_term=odnoetazhnye-doma,,"проект дома 68-31MA, проект №68-31MA, Одноэтажные дома, готовый проект дома, планировка дома, фасады дома, дом с размерами, визуализация дома, дом 155,7 м², дом монолитный каркас, дом европейский, catalog-plans.ru"
Проект дома №68-49: перейти к расчёту строительства,https://raw.githubusercontent.com/nemchenik/test/catalog-plans-pinterest-cards/pinterest/generated_batch_27/68-49.jpg,Дома из газобетона,,"Проект дома №68-49. На превью показана каноническая визуализация, взятая непосредственно со страницы этого проекта на catalog-plans.ru. В карточке доступны планы этажей, фасады, размеры и характеристики. Параметры: 140,68 м²; 1 этаж; габариты 9.25×19.65 м; стены — газобетон; стиль — европейский. Откройте проект, проверьте планировку и сопоставьте габариты со своим участком до заказа.",https://catalog-plans.ru/catalog/68-49?utm_source=pinterest&utm_medium=organic&utm_campaign=generated_house_cards_verified_batch_27&utm_content=pin_5103_68-49_changes&utm_term=doma-iz-gazobetona,,"проект дома 68-49, проект №68-49, Дома из газобетона, готовый проект дома, планировка дома, фасады дома, дом с размерами, визуализация дома, дом 140,68 м², дом газобетон, дом европейский, catalog-plans.ru"
Проект дома №68-78M: открыть планировку и размеры,https://raw.githubusercontent.com/nemchenik/test/catalog-plans-pinterest-cards/pinterest/generated_batch_27/68-78M.jpg,Дома в стиле хай-тек,,"Проект дома №68-78M. На превью показана каноническая визуализация, взятая непосредственно со страницы этого проекта на catalog-plans.ru. В карточке доступны планы этажей, фасады, размеры и характеристики. Параметры: 236,97 м²; 1 этаж; габариты 23.56×24.86 м; стены — монолитный каркас; стиль — хай-тек. Откройте проект, проверьте планировку и сопоставьте габариты со своим участком до заказа.",https://catalog-plans.ru/catalog/68-78M?utm_source=pinterest&utm_medium=organic&utm_campaign=generated_house_cards_verified_batch_27&utm_content=pin_5104_68-78m_plans&utm_term=doma-v-stile-hay-tek,,"проект дома 68-78M, проект №68-78M, Дома в стиле хай-тек, готовый проект дома, планировка дома, фасады дома, дом с размерами, визуализация дома, дом 236,97 м², дом монолитный каркас, дом хай-тек, catalog-plans.ru"
"Проект дома №68-81: фасады, планы и характеристики",https://raw.githubusercontent.com/nemchenik/test/catalog-plans-pinterest-cards/pinterest/generated_batch_27/68-81.jpg,Готовые проекты домов,,"Проект дома №68-81. На превью показана каноническая визуализация, взятая непосредственно со страницы этого проекта на catalog-plans.ru. В карточке доступны планы этажей, фасады, размеры и характеристики. Параметры: 370,81 м²; 2 этажа; габариты 25.5×30.5 м; стены — газобетон; стиль — современный. Откройте проект, проверьте планировку и сопоставьте габариты со своим участком до заказа.",https://catalog-plans.ru/catalog/68-81?utm_source=pinterest&utm_medium=organic&utm_campaign=generated_house_cards_verified_batch_27&utm_content=pin_5105_68-81_compare&utm_term=gotovye-proekty-domov,,"проект дома 68-81, проект №68-81, Готовые проекты домов, готовый проект дома, планировка дома, фасады дома, дом с размерами, визуализация дома, дом 370,81 м², дом газобетон, дом современный, catalog-plans.ru"
Проект дома №68-83: проверить габариты для участка,https://raw.githubusercontent.com/nemchenik/test/catalog-plans-pinterest-cards/pinterest/generated_batch_27/68-83.jpg,Фасады домов,,"Проект дома №68-83. На превью показана каноническая визуализация, взятая непосредственно со страницы этого проекта на catalog-plans.ru. В карточке доступны планы этажей, фасады, размеры и характеристики. Параметры: 188,19 м²; 1 этаж; габариты 13.6×19.4 м; стены — газобетон; стиль — европейский. Откройте проект, проверьте планировку и сопоставьте габариты со своим участком до заказа.",https://catalog-plans.ru/catalog/68-83?utm_source=pinterest&utm_medium=organic&utm_campaign=generated_house_cards_verified_batch_27&utm_content=pin_5106_68-83_site&utm_term=fasady-domov,,"проект дома 68-83, проект №68-83, Фасады домов, готовый проект дома, планировка дома, фасады дома, дом с размерами, визуализация дома, дом 188,19 м², дом газобетон, дом европейский, catalog-plans.ru"
Проект дома №68-91L: посмотреть все ракурсы и этажи,https://raw.githubusercontent.com/nemchenik/test/catalog-plans-pinterest-cards/pinterest/generated_batch_27/68-91L.jpg,Фасады домов,,"Проект дома №68-91L. На превью показана каноническая визуализация, взятая непосредственно со страницы этого проекта на catalog-plans.ru. В карточке доступны планы этажей, фасады, размеры и характеристики. Параметры: 135,23 м²; 2 этажа; габариты 10.8×10.8 м; стены — газобетон; стиль — барнхаус. Откройте проект, проверьте планировку и сопоставьте габариты со своим участком до заказа.",https://catalog-plans.ru/catalog/68-91L?utm_source=pinterest&utm_medium=organic&utm_campaign=generated_house_cards_verified_batch_27&utm_content=pin_5107_68-91l_facades&utm_term=fasady-domov,,"проект дома 68-91L, проект №68-91L, Фасады домов, готовый проект дома, планировка дома, фасады дома, дом с размерами, визуализация дома, дом 135,23 м², дом газобетон, дом барнхаус, catalog-plans.ru"
Проект дома №68-93: сравнить перед выбором,https://raw.githubusercontent.com/nemchenik/test/catalog-plans-pinterest-cards/pinterest/generated_batch_27/68-93.jpg,Фасады домов,,"Проект дома №68-93. На превью показана каноническая визуализация, взятая непосредственно со страницы этого проекта на catalog-plans.ru. В карточке доступны планы этажей, фасады, размеры и характеристики. Параметры: 95,36 м²; 1 этаж; габариты 11.2×11.7 м; стены — газобетон; стиль — скандинавский. Откройте проект, проверьте планировку и сопоставьте габариты со своим участком до заказа.",https://catalog-plans.ru/catalog/68-93?utm_source=pinterest&utm_medium=organic&utm_campaign=generated_house_cards_verified_batch_27&utm_content=pin_5108_68-93_estimate&utm_term=fasady-domov,,"проект дома 68-93, проект №68-93, Фасады домов, готовый проект дома, планировка дома, фасады дома, дом с размерами, визуализация дома, дом 95,36 м², дом газобетон, дом скандинавский, catalog-plans.ru"
Проект дома №68-95: перейти к расчёту строительства,https://raw.githubusercontent.com/nemchenik/test/catalog-plans-pinterest-cards/pinterest/generated_batch_27/68-95.jpg,Проекты домов с визуализациями,,"Проект дома №68-95. На превью показана каноническая визуализация, взятая непосредственно со страницы этого проекта на catalog-plans.ru. В карточке доступны планы этажей, фасады, размеры и характеристики. Параметры: 99,06 м²; 1 этаж; габариты 9.64×18.3 м; стены — газобетон; стиль — скандинавский. Откройте проект, проверьте планировку и сопоставьте габариты со своим участком до заказа.",https://catalog-plans.ru/catalog/68-95?utm_source=pinterest&utm_medium=organic&utm_campaign=generated_house_cards_verified_batch_27&utm_content=pin_5109_68-95_changes&utm_term=proekty-domov-s-vizualizaciyami,,"проект дома 68-95, проект №68-95, Проекты домов с визуализациями, готовый проект дома, планировка дома, фасады дома, дом с размерами, визуализация дома, дом 99,06 м², дом газобетон, дом скандинавский, catalog-plans.ru"
Проект дома №68-96: открыть планировку и размеры,https://raw.githubusercontent.com/nemchenik/test/catalog-plans-pinterest-cards/pinterest/generated_batch_27/68-96.jpg,Проекты домов с визуализациями,,"Проект дома №68-96. На превью показана каноническая визуализация, взятая непосредственно со страницы этого проекта на catalog-plans.ru. В карточке доступны планы этажей, фасады, размеры и характеристики. Параметры: 119,03 м²; 1 этаж; габариты 12.15×14.65 м; стены — газобетон; стиль — хай-тек. Откройте проект, проверьте планировку и сопоставьте габариты со своим участком до заказа.",https://catalog-plans.ru/catalog/68-96?utm_source=pinterest&utm_medium=organic&utm_campaign=generated_house_cards_verified_batch_27&utm_content=pin_5110_68-96_plans&utm_term=proekty-domov-s-vizualizaciyami,,"проект дома 68-96, проект №68-96, Проекты домов с визуализациями, готовый проект дома, планировка дома, фасады дома, дом с размерами, визуализация дома, дом 119,03 м², дом газобетон, дом хай-тек, catalog-plans.ru"
"Проект дома №69-07: фасады, планы и характеристики",https://raw.githubusercontent.com/nemchenik/test/catalog-plans-pinterest-cards/pinterest/generated_batch_27/69-07.jpg,Проекты домов с визуализациями,,"Проект дома №69-07. На превью показана каноническая визуализация, взятая непосредственно со страницы этого проекта на catalog-plans.ru. В карточке доступны планы этажей, фасады, размеры и характеристики. Параметры: 107,94 м²; 1 этаж; габариты 13.1×12.21 м; стены — газобетон; стиль — европейский. Откройте проект, проверьте планировку и сопоставьте габариты со своим участком до заказа.",https://catalog-plans.ru/catalog/69-07?utm_source=pinterest&utm_medium=organic&utm_campaign=generated_house_cards_verified_batch_27&utm_content=pin_5111_69-07_compare&utm_term=proekty-domov-s-vizualizaciyami,,"проект дома 69-07, проект №69-07, Проекты домов с визуализациями, готовый проект дома, планировка дома, фасады дома, дом с размерами, визуализация дома, дом 107,94 м², дом газобетон, дом европейский, catalog-plans.ru"
