Title,Media URL,Pinterest board,Thumbnail,Description,Link,Publish date,Keywords
"Проекты домов до 100 м²: проект №33-71, 48 м²",https://raw.githubusercontent.com/nemchenik/test/9dd044fcd82fb3fec19f27b78d079fa36d093adb/pinterest/generated_batch_64_raw_visual_plans_to_100/33-71.jpg,Проекты домов до 100 м²,,"Проекты домов до 100 м² — готовый проект №33-71 площадью 48 м². Дом: 1 этаж, габариты 6.8×9.2 м, материал стен — кирпич. На изображении представлены оригинальная визуализация дома и планы этажей. Сохраните проект, сравните планировку комнат и перейдите в каталог, чтобы узнать состав документации и актуальную стоимость.",https://catalog-plans.ru/catalog/33-71?utm_source=pinterest&utm_medium=organic&utm_campaign=generated_raw_visual_plans_to_100_batch_64&utm_content=pin_12112_33-71_plans&utm_term=proekty-domov-s-planirovkami,,"проекты домов до 100 м², проект дома 33-71, дом 48 м², планировка дома, планы этажей, готовый проект дома, кирпич, catalog-plans.ru"
"Проекты домов 100–150 м²: проект №63-42H, 110,56 м²",https://raw.githubusercontent.com/nemchenik/test/9dd044fcd82fb3fec19f27b78d079fa36d093adb/pinterest/generated_batch_65_raw_visual_plans_100_150/63-42H.jpg,Проекты домов 100–150 м²,,"Проекты домов 100–150 м² — готовый проект №63-42H площадью 110,56 м². Дом: 2 этажа, габариты 8.5×14 м, материал стен — газобетон. На изображении представлены оригинальная визуализация дома и планы этажей. Сохраните проект, сравните планировку комнат и перейдите в каталог, чтобы узнать состав документации и актуальную стоимость.",https://catalog-plans.ru/catalog/63-42H?utm_source=pinterest&utm_medium=organic&utm_campaign=generated_raw_visual_plans_100_150_batch_65&utm_content=pin_12312_63-42H_plans&utm_term=proekty-domov-s-planirovkami,,"проекты домов 100–150 м², проект дома 63-42H, дом 110,56 м², планировка дома, планы этажей, готовый проект дома, газобетон, catalog-plans.ru"
"Проекты домов от 150 м²: проект №33-68, 360 м²",https://raw.githubusercontent.com/nemchenik/test/9dd044fcd82fb3fec19f27b78d079fa36d093adb/pinterest/generated_batch_66_raw_visual_plans_from_150/33-68.jpg,Проекты домов от 150 м²,,"Проекты домов от 150 м² — готовый проект №33-68 площадью 360 м². Дом: 2 этажа, габариты 9.9×15.3 м, материал стен — кирпич. На изображении представлены оригинальная визуализация дома и планы этажей. Сохраните проект, сравните планировку комнат и перейдите в каталог, чтобы узнать состав документации и актуальную стоимость.",https://catalog-plans.ru/catalog/33-68?utm_source=pinterest&utm_medium=organic&utm_campaign=generated_raw_visual_plans_from_150_batch_66&utm_content=pin_12512_33-68_plans&utm_term=proekty-domov-s-planirovkami,,"проекты домов от 150 м², проект дома 33-68, дом 360 м², планировка дома, планы этажей, готовый проект дома, кирпич, catalog-plans.ru"
"Проекты домов до 100 м²: проект №91-15B, 79,92 м²",https://raw.githubusercontent.com/nemchenik/test/9dd044fcd82fb3fec19f27b78d079fa36d093adb/pinterest/generated_batch_64_raw_visual_plans_to_100/91-15B.jpg,Проекты домов до 100 м²,,"Проекты домов до 100 м² — готовый проект №91-15B площадью 79,92 м². Дом: 1 этаж, габариты 8.65×11.8 м, материал стен — газобетон. На изображении представлены оригинальная визуализация дома и планы этажей. Сохраните проект, сравните планировку комнат и перейдите в каталог, чтобы узнать состав документации и актуальную стоимость.",https://catalog-plans.ru/catalog/91-15B?utm_source=pinterest&utm_medium=organic&utm_campaign=generated_raw_visual_plans_to_100_batch_64&utm_content=pin_12113_91-15B_plans&utm_term=proekty-domov-s-planirovkami,,"проекты домов до 100 м², проект дома 91-15B, дом 79,92 м², планировка дома, планы этажей, готовый проект дома, газобетон, catalog-plans.ru"
"Проекты домов 100–150 м²: проект №58-55, 135,07 м²",https://raw.githubusercontent.com/nemchenik/test/9dd044fcd82fb3fec19f27b78d079fa36d093adb/pinterest/generated_batch_65_raw_visual_plans_100_150/58-55.jpg,Проекты домов 100–150 м²,,"Проекты домов 100–150 м² — готовый проект №58-55 площадью 135,07 м². Дом: 2 этажа, габариты 9.3×12.25 м, материал стен — газобетон. На изображении представлены оригинальная визуализация дома и планы этажей. Сохраните проект, сравните планировку комнат и перейдите в каталог, чтобы узнать состав документации и актуальную стоимость.",https://catalog-plans.ru/catalog/58-55?utm_source=pinterest&utm_medium=organic&utm_campaign=generated_raw_visual_plans_100_150_batch_65&utm_content=pin_12313_58-55_plans&utm_term=proekty-domov-s-planirovkami,,"проекты домов 100–150 м², проект дома 58-55, дом 135,07 м², планировка дома, планы этажей, готовый проект дома, газобетон, catalog-plans.ru"
"Проекты домов от 150 м²: проект №68-88L, 237,3 м²",https://raw.githubusercontent.com/nemchenik/test/9dd044fcd82fb3fec19f27b78d079fa36d093adb/pinterest/generated_batch_66_raw_visual_plans_from_150/68-88L.jpg,Проекты домов от 150 м²,,"Проекты домов от 150 м² — готовый проект №68-88L площадью 237,3 м². Дом: 1 этаж, габариты 23.26×17.34 м, материал стен — газобетон. На изображении представлены оригинальная визуализация дома и планы этажей. Сохраните проект, сравните планировку комнат и перейдите в каталог, чтобы узнать состав документации и актуальную стоимость.",https://catalog-plans.ru/catalog/68-88L?utm_source=pinterest&utm_medium=organic&utm_campaign=generated_raw_visual_plans_from_150_batch_66&utm_content=pin_12513_68-88L_plans&utm_term=proekty-domov-s-planirovkami,,"проекты домов от 150 м², проект дома 68-88L, дом 237,3 м², планировка дома, планы этажей, готовый проект дома, газобетон, catalog-plans.ru"
"Проекты домов до 100 м²: проект №48-20G, 93,2 м²",https://raw.githubusercontent.com/nemchenik/test/9dd044fcd82fb3fec19f27b78d079fa36d093adb/pinterest/generated_batch_64_raw_visual_plans_to_100/48-20G.jpg,Проекты домов до 100 м²,,"Проекты домов до 100 м² — готовый проект №48-20G площадью 93,2 м². Дом: 2 этажа, габариты 8×8 м, материал стен — газобетон. На изображении представлены оригинальная визуализация дома и планы этажей. Сохраните проект, сравните планировку комнат и перейдите в каталог, чтобы узнать состав документации и актуальную стоимость.",https://catalog-plans.ru/catalog/48-20G?utm_source=pinterest&utm_medium=organic&utm_campaign=generated_raw_visual_plans_to_100_batch_64&utm_content=pin_12114_48-20G_plans&utm_term=proekty-domov-s-planirovkami,,"проекты домов до 100 м², проект дома 48-20G, дом 93,2 м², планировка дома, планы этажей, готовый проект дома, газобетон, catalog-plans.ru"
"Проекты домов 100–150 м²: проект №46-22AGL, 121,7 м²",https://raw.githubusercontent.com/nemchenik/test/9dd044fcd82fb3fec19f27b78d079fa36d093adb/pinterest/generated_batch_65_raw_visual_plans_100_150/46-22AGL.jpg,Проекты домов 100–150 м²,,"Проекты домов 100–150 м² — готовый проект №46-22AGL площадью 121,7 м². Дом: 1 этаж, габариты 11.52×14.02 м, материал стен — газобетон. На изображении представлены оригинальная визуализация дома и планы этажей. Сохраните проект, сравните планировку комнат и перейдите в каталог, чтобы узнать состав документации и актуальную стоимость.",https://catalog-plans.ru/catalog/46-22AGL?utm_source=pinterest&utm_medium=organic&utm_campaign=generated_raw_visual_plans_100_150_batch_65&utm_content=pin_12314_46-22AGL_plans&utm_term=proekty-domov-s-planirovkami,,"проекты домов 100–150 м², проект дома 46-22AGL, дом 121,7 м², планировка дома, планы этажей, готовый проект дома, газобетон, catalog-plans.ru"
"Проекты домов от 150 м²: проект №12-42, 175,8 м²",https://raw.githubusercontent.com/nemchenik/test/9dd044fcd82fb3fec19f27b78d079fa36d093adb/pinterest/generated_batch_66_raw_visual_plans_from_150/12-42.jpg,Проекты домов от 150 м²,,"Проекты домов от 150 м² — готовый проект №12-42 площадью 175,8 м². Дом: 2 этажа, габариты 10.4×17.1 м, материал стен — дерево. На изображении представлены оригинальная визуализация дома и планы этажей. Сохраните проект, сравните планировку комнат и перейдите в каталог, чтобы узнать состав документации и актуальную стоимость.",https://catalog-plans.ru/catalog/12-42?utm_source=pinterest&utm_medium=organic&utm_campaign=generated_raw_visual_plans_from_150_batch_66&utm_content=pin_12514_12-42_plans&utm_term=proekty-domov-s-planirovkami,,"проекты домов от 150 м², проект дома 12-42, дом 175,8 м², планировка дома, планы этажей, готовый проект дома, дерево, catalog-plans.ru"
"Проекты домов до 100 м²: проект №35-40, 70,6 м²",https://raw.githubusercontent.com/nemchenik/test/9dd044fcd82fb3fec19f27b78d079fa36d093adb/pinterest/generated_batch_64_raw_visual_plans_to_100/35-40.jpg,Проекты домов до 100 м²,,"Проекты домов до 100 м² — готовый проект №35-40 площадью 70,6 м². Дом: 1 этаж, габариты 10.3×12.6 м, материал стен — кирпич. На изображении представлены оригинальная визуализация дома и планы этажей. Сохраните проект, сравните планировку комнат и перейдите в каталог, чтобы узнать состав документации и актуальную стоимость.",https://catalog-plans.ru/catalog/35-40?utm_source=pinterest&utm_medium=organic&utm_campaign=generated_raw_visual_plans_to_100_batch_64&utm_content=pin_12115_35-40_plans&utm_term=proekty-domov-s-planirovkami,,"проекты домов до 100 м², проект дома 35-40, дом 70,6 м², планировка дома, планы этажей, готовый проект дома, кирпич, catalog-plans.ru"
"Проекты домов 100–150 м²: проект №10-50, 109,17 м²",https://raw.githubusercontent.com/nemchenik/test/9dd044fcd82fb3fec19f27b78d079fa36d093adb/pinterest/generated_batch_65_raw_visual_plans_100_150/10-50.jpg,Проекты домов 100–150 м²,,"Проекты домов 100–150 м² — готовый проект №10-50 площадью 109,17 м². Дом: 2 этажа, габариты 7.57×18.77 м, материал стен — дерево. На изображении представлены оригинальная визуализация дома и планы этажей. Сохраните проект, сравните планировку комнат и перейдите в каталог, чтобы узнать состав документации и актуальную стоимость.",https://catalog-plans.ru/catalog/10-50?utm_source=pinterest&utm_medium=organic&utm_campaign=generated_raw_visual_plans_100_150_batch_65&utm_content=pin_12315_10-50_plans&utm_term=proekty-domov-s-planirovkami,,"проекты домов 100–150 м², проект дома 10-50, дом 109,17 м², планировка дома, планы этажей, готовый проект дома, дерево, catalog-plans.ru"
"Проекты домов от 150 м²: проект №32-35, 160,7 м²",https://raw.githubusercontent.com/nemchenik/test/9dd044fcd82fb3fec19f27b78d079fa36d093adb/pinterest/generated_batch_66_raw_visual_plans_from_150/32-35.jpg,Проекты домов от 150 м²,,"Проекты домов от 150 м² — готовый проект №32-35 площадью 160,7 м². Дом: 2 этажа, габариты 10.2×10.3 м, материал стен — кирпич. На изображении представлены оригинальная визуализация дома и планы этажей. Сохраните проект, сравните планировку комнат и перейдите в каталог, чтобы узнать состав документации и актуальную стоимость.",https://catalog-plans.ru/catalog/32-35?utm_source=pinterest&utm_medium=organic&utm_campaign=generated_raw_visual_plans_from_150_batch_66&utm_content=pin_12515_32-35_plans&utm_term=proekty-domov-s-planirovkami,,"проекты домов от 150 м², проект дома 32-35, дом 160,7 м², планировка дома, планы этажей, готовый проект дома, кирпич, catalog-plans.ru"
"Проекты домов до 100 м²: проект №58-59B, 84,98 м²",https://raw.githubusercontent.com/nemchenik/test/9dd044fcd82fb3fec19f27b78d079fa36d093adb/pinterest/generated_batch_64_raw_visual_plans_to_100/58-59B.jpg,Проекты домов до 100 м²,,"Проекты домов до 100 м² — готовый проект №58-59B площадью 84,98 м². Дом: 2 этажа, габариты 8×8 м, материал стен — газобетон. На изображении представлены оригинальная визуализация дома и планы этажей. Сохраните проект, сравните планировку комнат и перейдите в каталог, чтобы узнать состав документации и актуальную стоимость.",https://catalog-plans.ru/catalog/58-59B?utm_source=pinterest&utm_medium=organic&utm_campaign=generated_raw_visual_plans_to_100_batch_64&utm_content=pin_12116_58-59B_plans&utm_term=proekty-domov-s-planirovkami,,"проекты домов до 100 м², проект дома 58-59B, дом 84,98 м², планировка дома, планы этажей, готовый проект дома, газобетон, catalog-plans.ru"
"Проекты домов 100–150 м²: проект №57-07Z, 149,5 м²",https://raw.githubusercontent.com/nemchenik/test/9dd044fcd82fb3fec19f27b78d079fa36d093adb/pinterest/generated_batch_65_raw_visual_plans_100_150/57-07Z.jpg,Проекты домов 100–150 м²,,"Проекты домов 100–150 м² — готовый проект №57-07Z площадью 149,5 м². Дом: 2 этажа, габариты 9.82×10.9 м, материал стен — газобетон. На изображении представлены оригинальная визуализация дома и планы этажей. Сохраните проект, сравните планировку комнат и перейдите в каталог, чтобы узнать состав документации и актуальную стоимость.",https://catalog-plans.ru/catalog/57-07Z?utm_source=pinterest&utm_medium=organic&utm_campaign=generated_raw_visual_plans_100_150_batch_65&utm_content=pin_12316_57-07Z_plans&utm_term=proekty-domov-s-planirovkami,,"проекты домов 100–150 м², проект дома 57-07Z, дом 149,5 м², планировка дома, планы этажей, готовый проект дома, газобетон, catalog-plans.ru"
"Проекты домов от 150 м²: проект №57-30CK, 288,47 м²",https://raw.githubusercontent.com/nemchenik/test/9dd044fcd82fb3fec19f27b78d079fa36d093adb/pinterest/generated_batch_66_raw_visual_plans_from_150/57-30CK.jpg,Проекты домов от 150 м²,,"Проекты домов от 150 м² — готовый проект №57-30CK площадью 288,47 м². Дом: 2 этажа, габариты 11×11.8 м, материал стен — кирпич. На изображении представлены оригинальная визуализация дома и планы этажей. Сохраните проект, сравните планировку комнат и перейдите в каталог, чтобы узнать состав документации и актуальную стоимость.",https://catalog-plans.ru/catalog/57-30CK?utm_source=pinterest&utm_medium=organic&utm_campaign=generated_raw_visual_plans_from_150_batch_66&utm_content=pin_12516_57-30CK_plans&utm_term=proekty-domov-s-planirovkami,,"проекты домов от 150 м², проект дома 57-30CK, дом 288,47 м², планировка дома, планы этажей, готовый проект дома, кирпич, catalog-plans.ru"
"Проекты домов до 100 м²: проект №59-66A, 94,6 м²",https://raw.githubusercontent.com/nemchenik/test/9dd044fcd82fb3fec19f27b78d079fa36d093adb/pinterest/generated_batch_64_raw_visual_plans_to_100/59-66A.jpg,Проекты домов до 100 м²,,"Проекты домов до 100 м² — готовый проект №59-66A площадью 94,6 м². Дом: 2 этажа, габариты 7.85×7.85 м, материал стен — газобетон. На изображении представлены оригинальная визуализация дома и планы этажей. Сохраните проект, сравните планировку комнат и перейдите в каталог, чтобы узнать состав документации и актуальную стоимость.",https://catalog-plans.ru/catalog/59-66A?utm_source=pinterest&utm_medium=organic&utm_campaign=generated_raw_visual_plans_to_100_batch_64&utm_content=pin_12117_59-66A_plans&utm_term=proekty-domov-s-planirovkami,,"проекты домов до 100 м², проект дома 59-66A, дом 94,6 м², планировка дома, планы этажей, готовый проект дома, газобетон, catalog-plans.ru"
"Проекты домов 100–150 м²: проект №59-46, 145,3 м²",https://raw.githubusercontent.com/nemchenik/test/9dd044fcd82fb3fec19f27b78d079fa36d093adb/pinterest/generated_batch_65_raw_visual_plans_100_150/59-46.jpg,Проекты домов 100–150 м²,,"Проекты домов 100–150 м² — готовый проект №59-46 площадью 145,3 м². Дом: 2 этажа, габариты 11.82×14.52 м, материал стен — газобетон. На изображении представлены оригинальная визуализация дома и планы этажей. Сохраните проект, сравните планировку комнат и перейдите в каталог, чтобы узнать состав документации и актуальную стоимость.",https://catalog-plans.ru/catalog/59-46?utm_source=pinterest&utm_medium=organic&utm_campaign=generated_raw_visual_plans_100_150_batch_65&utm_content=pin_12317_59-46_plans&utm_term=proekty-domov-s-planirovkami,,"проекты домов 100–150 м², проект дома 59-46, дом 145,3 м², планировка дома, планы этажей, готовый проект дома, газобетон, catalog-plans.ru"
"Проекты домов от 150 м²: проект №34-83, 184,1 м²",https://raw.githubusercontent.com/nemchenik/test/9dd044fcd82fb3fec19f27b78d079fa36d093adb/pinterest/generated_batch_66_raw_visual_plans_from_150/34-83.jpg,Проекты домов от 150 м²,,"Проекты домов от 150 м² — готовый проект №34-83 площадью 184,1 м². Дом: 2 этажа, габариты 9.8×12 м, материал стен — кирпич. На изображении представлены оригинальная визуализация дома и планы этажей. Сохраните проект, сравните планировку комнат и перейдите в каталог, чтобы узнать состав документации и актуальную стоимость.",https://catalog-plans.ru/catalog/34-83?utm_source=pinterest&utm_medium=organic&utm_campaign=generated_raw_visual_plans_from_150_batch_66&utm_content=pin_12517_34-83_plans&utm_term=proekty-domov-s-planirovkami,,"проекты домов от 150 м², проект дома 34-83, дом 184,1 м², планировка дома, планы этажей, готовый проект дома, кирпич, catalog-plans.ru"
"Проекты домов до 100 м²: проект №46-61, 83,97 м²",https://raw.githubusercontent.com/nemchenik/test/9dd044fcd82fb3fec19f27b78d079fa36d093adb/pinterest/generated_batch_64_raw_visual_plans_to_100/46-61.jpg,Проекты домов до 100 м²,,"Проекты домов до 100 м² — готовый проект №46-61 площадью 83,97 м². Дом: 2 этажа, габариты 8×8 м, материал стен — кирпич. На изображении представлены оригинальная визуализация дома и планы этажей. Сохраните проект, сравните планировку комнат и перейдите в каталог, чтобы узнать состав документации и актуальную стоимость.",https://catalog-plans.ru/catalog/46-61?utm_source=pinterest&utm_medium=organic&utm_campaign=generated_raw_visual_plans_to_100_batch_64&utm_content=pin_12118_46-61_plans&utm_term=proekty-domov-s-planirovkami,,"проекты домов до 100 м², проект дома 46-61, дом 83,97 м², планировка дома, планы этажей, готовый проект дома, кирпич, catalog-plans.ru"
"Проекты домов 100–150 м²: проект №62-39A, 136,6 м²",https://raw.githubusercontent.com/nemchenik/test/9dd044fcd82fb3fec19f27b78d079fa36d093adb/pinterest/generated_batch_65_raw_visual_plans_100_150/62-39A.jpg,Проекты домов 100–150 м²,,"Проекты домов 100–150 м² — готовый проект №62-39A площадью 136,6 м². Дом: 1 этаж, габариты 11.55×15.1 м, материал стен — газобетон. На изображении представлены оригинальная визуализация дома и планы этажей. Сохраните проект, сравните планировку комнат и перейдите в каталог, чтобы узнать состав документации и актуальную стоимость.",https://catalog-plans.ru/catalog/62-39A?utm_source=pinterest&utm_medium=organic&utm_campaign=generated_raw_visual_plans_100_150_batch_65&utm_content=pin_12318_62-39A_plans&utm_term=proekty-domov-s-planirovkami,,"проекты домов 100–150 м², проект дома 62-39A, дом 136,6 м², планировка дома, планы этажей, готовый проект дома, газобетон, catalog-plans.ru"
"Проекты домов от 150 м²: проект №40-05FGL, 178,58 м²",https://raw.githubusercontent.com/nemchenik/test/9dd044fcd82fb3fec19f27b78d079fa36d093adb/pinterest/generated_batch_66_raw_visual_plans_from_150/40-05FGL.jpg,Проекты домов от 150 м²,,"Проекты домов от 150 м² — готовый проект №40-05FGL площадью 178,58 м². Дом: 2 этажа, габариты 12.62×12.66 м, материал стен — газобетон. На изображении представлены оригинальная визуализация дома и планы этажей. Сохраните проект, сравните планировку комнат и перейдите в каталог, чтобы узнать состав документации и актуальную стоимость.",https://catalog-plans.ru/catalog/40-05FGL?utm_source=pinterest&utm_medium=organic&utm_campaign=generated_raw_visual_plans_from_150_batch_66&utm_content=pin_12518_40-05FGL_plans&utm_term=proekty-domov-s-planirovkami,,"проекты домов от 150 м², проект дома 40-05FGL, дом 178,58 м², планировка дома, планы этажей, готовый проект дома, газобетон, catalog-plans.ru"
"Проекты домов до 100 м²: проект №10-58, 74,8 м²",https://raw.githubusercontent.com/nemchenik/test/9dd044fcd82fb3fec19f27b78d079fa36d093adb/pinterest/generated_batch_64_raw_visual_plans_to_100/10-58.jpg,Проекты домов до 100 м²,,"Проекты домов до 100 м² — готовый проект №10-58 площадью 74,8 м². Дом: 2 этажа, габариты 6.3×10.5 м, материал стен — дерево. На изображении представлены оригинальная визуализация дома и планы этажей. Сохраните проект, сравните планировку комнат и перейдите в каталог, чтобы узнать состав документации и актуальную стоимость.",https://catalog-plans.ru/catalog/10-58?utm_source=pinterest&utm_medium=organic&utm_campaign=generated_raw_visual_plans_to_100_batch_64&utm_content=pin_12119_10-58_plans&utm_term=proekty-domov-s-planirovkami,,"проекты домов до 100 м², проект дома 10-58, дом 74,8 м², планировка дома, планы этажей, готовый проект дома, дерево, catalog-plans.ru"
"Проекты домов 100–150 м²: проект №36-21, 102,8 м²",https://raw.githubusercontent.com/nemchenik/test/9dd044fcd82fb3fec19f27b78d079fa36d093adb/pinterest/generated_batch_65_raw_visual_plans_100_150/36-21.jpg,Проекты домов 100–150 м²,,"Проекты домов 100–150 м² — готовый проект №36-21 площадью 102,8 м². Дом: 3 этажа, габариты 23.33×33.82 м, материал стен — кирпича 1. На изображении представлены оригинальная визуализация дома и планы этажей. Сохраните проект, сравните планировку комнат и перейдите в каталог, чтобы узнать состав документации и актуальную стоимость.",https://catalog-plans.ru/catalog/36-21?utm_source=pinterest&utm_medium=organic&utm_campaign=generated_raw_visual_plans_100_150_batch_65&utm_content=pin_12319_36-21_plans&utm_term=proekty-domov-s-planirovkami,,"проекты домов 100–150 м², проект дома 36-21, дом 102,8 м², планировка дома, планы этажей, готовый проект дома, кирпича 1, catalog-plans.ru"
"Проекты домов от 150 м²: проект №40-17G, 203,36 м²",https://raw.githubusercontent.com/nemchenik/test/9dd044fcd82fb3fec19f27b78d079fa36d093adb/pinterest/generated_batch_66_raw_visual_plans_from_150/40-17G.jpg,Проекты домов от 150 м²,,"Проекты домов от 150 м² — готовый проект №40-17G площадью 203,36 м². Дом: 2 этажа, габариты 12.68×12.98 м, материал стен — газобетон. На изображении представлены оригинальная визуализация дома и планы этажей. Сохраните проект, сравните планировку комнат и перейдите в каталог, чтобы узнать состав документации и актуальную стоимость.",https://catalog-plans.ru/catalog/40-17G?utm_source=pinterest&utm_medium=organic&utm_campaign=generated_raw_visual_plans_from_150_batch_66&utm_content=pin_12519_40-17G_plans&utm_term=proekty-domov-s-planirovkami,,"проекты домов от 150 м², проект дома 40-17G, дом 203,36 м², планировка дома, планы этажей, готовый проект дома, газобетон, catalog-plans.ru"
"Проекты домов до 100 м²: проект №58-58A, 85,24 м²",https://raw.githubusercontent.com/nemchenik/test/9dd044fcd82fb3fec19f27b78d079fa36d093adb/pinterest/generated_batch_64_raw_visual_plans_to_100/58-58A.jpg,Проекты домов до 100 м²,,"Проекты домов до 100 м² — готовый проект №58-58A площадью 85,24 м². Дом: 2 этажа, габариты 7×9 м, материал стен — газобетон. На изображении представлены оригинальная визуализация дома и планы этажей. Сохраните проект, сравните планировку комнат и перейдите в каталог, чтобы узнать состав документации и актуальную стоимость.",https://catalog-plans.ru/catalog/58-58A?utm_source=pinterest&utm_medium=organic&utm_campaign=generated_raw_visual_plans_to_100_batch_64&utm_content=pin_12120_58-58A_plans&utm_term=proekty-domov-s-planirovkami,,"проекты домов до 100 м², проект дома 58-58A, дом 85,24 м², планировка дома, планы этажей, готовый проект дома, газобетон, catalog-plans.ru"
"Проекты домов 100–150 м²: проект №33-04, 146,2 м²",https://raw.githubusercontent.com/nemchenik/test/9dd044fcd82fb3fec19f27b78d079fa36d093adb/pinterest/generated_batch_65_raw_visual_plans_100_150/33-04.jpg,Проекты домов 100–150 м²,,"Проекты домов 100–150 м² — готовый проект №33-04 площадью 146,2 м². Дом: 2 этажа, габариты 10.6×11.4 м, материал стен — кирпич. На изображении представлены оригинальная визуализация дома и планы этажей. Сохраните проект, сравните планировку комнат и перейдите в каталог, чтобы узнать состав документации и актуальную стоимость.",https://catalog-plans.ru/catalog/33-04?utm_source=pinterest&utm_medium=organic&utm_campaign=generated_raw_visual_plans_100_150_batch_65&utm_content=pin_12320_33-04_plans&utm_term=proekty-domov-s-planirovkami,,"проекты домов 100–150 м², проект дома 33-04, дом 146,2 м², планировка дома, планы этажей, готовый проект дома, кирпич, catalog-plans.ru"
"Проекты домов от 150 м²: проект №57-62BAK, 194,71 м²",https://raw.githubusercontent.com/nemchenik/test/9dd044fcd82fb3fec19f27b78d079fa36d093adb/pinterest/generated_batch_66_raw_visual_plans_from_150/57-62BAK.jpg,Проекты домов от 150 м²,,"Проекты домов от 150 м² — готовый проект №57-62BAK площадью 194,71 м². Дом: 2 этажа, габариты 10.46×14 м, материал стен — кирпич. На изображении представлены оригинальная визуализация дома и планы этажей. Сохраните проект, сравните планировку комнат и перейдите в каталог, чтобы узнать состав документации и актуальную стоимость.",https://catalog-plans.ru/catalog/57-62BAK?utm_source=pinterest&utm_medium=organic&utm_campaign=generated_raw_visual_plans_from_150_batch_66&utm_content=pin_12520_57-62BAK_plans&utm_term=proekty-domov-s-planirovkami,,"проекты домов от 150 м², проект дома 57-62BAK, дом 194,71 м², планировка дома, планы этажей, готовый проект дома, кирпич, catalog-plans.ru"
"Проекты домов до 100 м²: проект №68-38, 43,62 м²",https://raw.githubusercontent.com/nemchenik/test/9dd044fcd82fb3fec19f27b78d079fa36d093adb/pinterest/generated_batch_64_raw_visual_plans_to_100/68-38.jpg,Проекты домов до 100 м²,,"Проекты домов до 100 м² — готовый проект №68-38 площадью 43,62 м². Дом: 1 этаж, габариты 7.5×9 м, материал стен — газобетон. На изображении представлены оригинальная визуализация дома и планы этажей. Сохраните проект, сравните планировку комнат и перейдите в каталог, чтобы узнать состав документации и актуальную стоимость.",https://catalog-plans.ru/catalog/68-38?utm_source=pinterest&utm_medium=organic&utm_campaign=generated_raw_visual_plans_to_100_batch_64&utm_content=pin_12121_68-38_plans&utm_term=proekty-domov-s-planirovkami,,"проекты домов до 100 м², проект дома 68-38, дом 43,62 м², планировка дома, планы этажей, готовый проект дома, газобетон, catalog-plans.ru"
"Проекты домов 100–150 м²: проект №58-79ANW, 144,03 м²",https://raw.githubusercontent.com/nemchenik/test/9dd044fcd82fb3fec19f27b78d079fa36d093adb/pinterest/generated_batch_65_raw_visual_plans_100_150/58-79ANW.jpg,Проекты домов 100–150 м²,,"Проекты домов 100–150 м² — готовый проект №58-79ANW площадью 144,03 м². Дом: 2 этажа, габариты 9.3×11.6 м, материал стен — газобетон. На изображении представлены оригинальная визуализация дома и планы этажей. Сохраните проект, сравните планировку комнат и перейдите в каталог, чтобы узнать состав документации и актуальную стоимость.",https://catalog-plans.ru/catalog/58-79ANW?utm_source=pinterest&utm_medium=organic&utm_campaign=generated_raw_visual_plans_100_150_batch_65&utm_content=pin_12321_58-79ANW_plans&utm_term=proekty-domov-s-planirovkami,,"проекты домов 100–150 м², проект дома 58-79ANW, дом 144,03 м², планировка дома, планы этажей, готовый проект дома, газобетон, catalog-plans.ru"
"Проекты домов от 150 м²: проект №68-50L, 233,72 м²",https://raw.githubusercontent.com/nemchenik/test/9dd044fcd82fb3fec19f27b78d079fa36d093adb/pinterest/generated_batch_66_raw_visual_plans_from_150/68-50L.jpg,Проекты домов от 150 м²,,"Проекты домов от 150 м² — готовый проект №68-50L площадью 233,72 м². Дом: 1 этаж, габариты 19.55×19.975 м, материал стен — газобетон. На изображении представлены оригинальная визуализация дома и планы этажей. Сохраните проект, сравните планировку комнат и перейдите в каталог, чтобы узнать состав документации и актуальную стоимость.",https://catalog-plans.ru/catalog/68-50L?utm_source=pinterest&utm_medium=organic&utm_campaign=generated_raw_visual_plans_from_150_batch_66&utm_content=pin_12521_68-50L_plans&utm_term=proekty-domov-s-planirovkami,,"проекты домов от 150 м², проект дома 68-50L, дом 233,72 м², планировка дома, планы этажей, готовый проект дома, газобетон, catalog-plans.ru"
"Проекты домов до 100 м²: проект №66-24, 60,7 м²",https://raw.githubusercontent.com/nemchenik/test/9dd044fcd82fb3fec19f27b78d079fa36d093adb/pinterest/generated_batch_64_raw_visual_plans_to_100/66-24.jpg,Проекты домов до 100 м²,,"Проекты домов до 100 м² — готовый проект №66-24 площадью 60,7 м². Дом: 1 этаж, габариты 6.2×13.3 м, материал стен — деревянный каркас. На изображении представлены оригинальная визуализация дома и планы этажей. Сохраните проект, сравните планировку комнат и перейдите в каталог, чтобы узнать состав документации и актуальную стоимость.",https://catalog-plans.ru/catalog/66-24?utm_source=pinterest&utm_medium=organic&utm_campaign=generated_raw_visual_plans_to_100_batch_64&utm_content=pin_12122_66-24_plans&utm_term=proekty-domov-s-planirovkami,,"проекты домов до 100 м², проект дома 66-24, дом 60,7 м², планировка дома, планы этажей, готовый проект дома, деревянный каркас, catalog-plans.ru"
"Проекты домов 100–150 м²: проект №54-80, 122,5 м²",https://raw.githubusercontent.com/nemchenik/test/9dd044fcd82fb3fec19f27b78d079fa36d093adb/pinterest/generated_batch_65_raw_visual_plans_100_150/54-80.jpg,Проекты домов 100–150 м²,,"Проекты домов 100–150 м² — готовый проект №54-80 площадью 122,5 м². Дом: 2 этажа, габариты 8.4×10.8 м, материал стен — газобетон. На изображении представлены оригинальная визуализация дома и планы этажей. Сохраните проект, сравните планировку комнат и перейдите в каталог, чтобы узнать состав документации и актуальную стоимость.",https://catalog-plans.ru/catalog/54-80?utm_source=pinterest&utm_medium=organic&utm_campaign=generated_raw_visual_plans_100_150_batch_65&utm_content=pin_12322_54-80_plans&utm_term=proekty-domov-s-planirovkami,,"проекты домов 100–150 м², проект дома 54-80, дом 122,5 м², планировка дома, планы этажей, готовый проект дома, газобетон, catalog-plans.ru"
"Проекты домов от 150 м²: проект №48-30, 346,9 м²",https://raw.githubusercontent.com/nemchenik/test/9dd044fcd82fb3fec19f27b78d079fa36d093adb/pinterest/generated_batch_66_raw_visual_plans_from_150/48-30.jpg,Проекты домов от 150 м²,,"Проекты домов от 150 м² — готовый проект №48-30 площадью 346,9 м². Дом: 2 этажа, габариты 16.52×21.28 м, материал стен — газобетон. На изображении представлены оригинальная визуализация дома и планы этажей. Сохраните проект, сравните планировку комнат и перейдите в каталог, чтобы узнать состав документации и актуальную стоимость.",https://catalog-plans.ru/catalog/48-30?utm_source=pinterest&utm_medium=organic&utm_campaign=generated_raw_visual_plans_from_150_batch_66&utm_content=pin_12522_48-30_plans&utm_term=proekty-domov-s-planirovkami,,"проекты домов от 150 м², проект дома 48-30, дом 346,9 м², планировка дома, планы этажей, готовый проект дома, газобетон, catalog-plans.ru"
"Проекты домов до 100 м²: проект №13-89, 97,6 м²",https://raw.githubusercontent.com/nemchenik/test/9dd044fcd82fb3fec19f27b78d079fa36d093adb/pinterest/generated_batch_64_raw_visual_plans_to_100/13-89.jpg,Проекты домов до 100 м²,,"Проекты домов до 100 м² — готовый проект №13-89 площадью 97,6 м². Дом: 1 этаж, габариты 9.4×14.4 м, материал стен — дерево. На изображении представлены оригинальная визуализация дома и планы этажей. Сохраните проект, сравните планировку комнат и перейдите в каталог, чтобы узнать состав документации и актуальную стоимость.",https://catalog-plans.ru/catalog/13-89?utm_source=pinterest&utm_medium=organic&utm_campaign=generated_raw_visual_plans_to_100_batch_64&utm_content=pin_12123_13-89_plans&utm_term=proekty-domov-s-planirovkami,,"проекты домов до 100 м², проект дома 13-89, дом 97,6 м², планировка дома, планы этажей, готовый проект дома, дерево, catalog-plans.ru"
"Проекты домов 100–150 м²: проект №65-52B, 122,46 м²",https://raw.githubusercontent.com/nemchenik/test/9dd044fcd82fb3fec19f27b78d079fa36d093adb/pinterest/generated_batch_65_raw_visual_plans_100_150/65-52B.jpg,Проекты домов 100–150 м²,,"Проекты домов 100–150 м² — готовый проект №65-52B площадью 122,46 м². Дом: 1 этаж, габариты 12×15 м, материал стен — газобетон. На изображении представлены оригинальная визуализация дома и планы этажей. Сохраните проект, сравните планировку комнат и перейдите в каталог, чтобы узнать состав документации и актуальную стоимость.",https://catalog-plans.ru/catalog/65-52B?utm_source=pinterest&utm_medium=organic&utm_campaign=generated_raw_visual_plans_100_150_batch_65&utm_content=pin_12323_65-52B_plans&utm_term=proekty-domov-s-planirovkami,,"проекты домов 100–150 м², проект дома 65-52B, дом 122,46 м², планировка дома, планы этажей, готовый проект дома, газобетон, catalog-plans.ru"
"Проекты домов от 150 м²: проект №33-22, 181,8 м²",https://raw.githubusercontent.com/nemchenik/test/9dd044fcd82fb3fec19f27b78d079fa36d093adb/pinterest/generated_batch_66_raw_visual_plans_from_150/33-22.jpg,Проекты домов от 150 м²,,"Проекты домов от 150 м² — готовый проект №33-22 площадью 181,8 м². Дом: 2 этажа, габариты 8.7×15 м, материал стен — кирпич. На изображении представлены оригинальная визуализация дома и планы этажей. Сохраните проект, сравните планировку комнат и перейдите в каталог, чтобы узнать состав документации и актуальную стоимость.",https://catalog-plans.ru/catalog/33-22?utm_source=pinterest&utm_medium=organic&utm_campaign=generated_raw_visual_plans_from_150_batch_66&utm_content=pin_12523_33-22_plans&utm_term=proekty-domov-s-planirovkami,,"проекты домов от 150 м², проект дома 33-22, дом 181,8 м², планировка дома, планы этажей, готовый проект дома, кирпич, catalog-plans.ru"
"Проекты домов до 100 м²: проект №46-79L, 48,94 м²",https://raw.githubusercontent.com/nemchenik/test/9dd044fcd82fb3fec19f27b78d079fa36d093adb/pinterest/generated_batch_64_raw_visual_plans_to_100/46-79L.jpg,Проекты домов до 100 м²,,"Проекты домов до 100 м² — готовый проект №46-79L площадью 48,94 м². Дом: 1 этаж, габариты 5×14 м, материал стен — кирпич. На изображении представлены оригинальная визуализация дома и планы этажей. Сохраните проект, сравните планировку комнат и перейдите в каталог, чтобы узнать состав документации и актуальную стоимость.",https://catalog-plans.ru/catalog/46-79L?utm_source=pinterest&utm_medium=organic&utm_campaign=generated_raw_visual_plans_to_100_batch_64&utm_content=pin_12124_46-79L_plans&utm_term=proekty-domov-s-planirovkami,,"проекты домов до 100 м², проект дома 46-79L, дом 48,94 м², планировка дома, планы этажей, готовый проект дома, кирпич, catalog-plans.ru"
"Проекты домов 100–150 м²: проект №48-03, 143,4 м²",https://raw.githubusercontent.com/nemchenik/test/9dd044fcd82fb3fec19f27b78d079fa36d093adb/pinterest/generated_batch_65_raw_visual_plans_100_150/48-03.jpg,Проекты домов 100–150 м²,,"Проекты домов 100–150 м² — готовый проект №48-03 площадью 143,4 м². Дом: 2 этажа, габариты 10.2×11.1 м, материал стен — газобетон. На изображении представлены оригинальная визуализация дома и планы этажей. Сохраните проект, сравните планировку комнат и перейдите в каталог, чтобы узнать состав документации и актуальную стоимость.",https://catalog-plans.ru/catalog/48-03?utm_source=pinterest&utm_medium=organic&utm_campaign=generated_raw_visual_plans_100_150_batch_65&utm_content=pin_12324_48-03_plans&utm_term=proekty-domov-s-planirovkami,,"проекты домов 100–150 м², проект дома 48-03, дом 143,4 м², планировка дома, планы этажей, готовый проект дома, газобетон, catalog-plans.ru"
"Проекты домов от 150 м²: проект №35-08, 448 м²",https://raw.githubusercontent.com/nemchenik/test/9dd044fcd82fb3fec19f27b78d079fa36d093adb/pinterest/generated_batch_66_raw_visual_plans_from_150/35-08.jpg,Проекты домов от 150 м²,,"Проекты домов от 150 м² — готовый проект №35-08 площадью 448 м². Дом: 3 этажа, габариты 13.5×19.6 м, материал стен — кирпич. На изображении представлены оригинальная визуализация дома и планы этажей. Сохраните проект, сравните планировку комнат и перейдите в каталог, чтобы узнать состав документации и актуальную стоимость.",https://catalog-plans.ru/catalog/35-08?utm_source=pinterest&utm_medium=organic&utm_campaign=generated_raw_visual_plans_from_150_batch_66&utm_content=pin_12524_35-08_plans&utm_term=proekty-domov-s-planirovkami,,"проекты домов от 150 м², проект дома 35-08, дом 448 м², планировка дома, планы этажей, готовый проект дома, кирпич, catalog-plans.ru"
"Проекты домов до 100 м²: проект №65-89L, 87,89 м²",https://raw.githubusercontent.com/nemchenik/test/9dd044fcd82fb3fec19f27b78d079fa36d093adb/pinterest/generated_batch_64_raw_visual_plans_to_100/65-89L.jpg,Проекты домов до 100 м²,,"Проекты домов до 100 м² — готовый проект №65-89L площадью 87,89 м². Дом: 1 этаж, габариты 9.61×12.61 м, материал стен — газобетон. На изображении представлены оригинальная визуализация дома и планы этажей. Сохраните проект, сравните планировку комнат и перейдите в каталог, чтобы узнать состав документации и актуальную стоимость.",https://catalog-plans.ru/catalog/65-89L?utm_source=pinterest&utm_medium=organic&utm_campaign=generated_raw_visual_plans_to_100_batch_64&utm_content=pin_12125_65-89L_plans&utm_term=proekty-domov-s-planirovkami,,"проекты домов до 100 м², проект дома 65-89L, дом 87,89 м², планировка дома, планы этажей, готовый проект дома, газобетон, catalog-plans.ru"
"Проекты домов 100–150 м²: проект №57-89K, 116,99 м²",https://raw.githubusercontent.com/nemchenik/test/9dd044fcd82fb3fec19f27b78d079fa36d093adb/pinterest/generated_batch_65_raw_visual_plans_100_150/57-89K.jpg,Проекты домов 100–150 м²,,"Проекты домов 100–150 м² — готовый проект №57-89K площадью 116,99 м². Дом: 2 этажа, габариты 7.8×10 м, материал стен — кирпич. На изображении представлены оригинальная визуализация дома и планы этажей. Сохраните проект, сравните планировку комнат и перейдите в каталог, чтобы узнать состав документации и актуальную стоимость.",https://catalog-plans.ru/catalog/57-89K?utm_source=pinterest&utm_medium=organic&utm_campaign=generated_raw_visual_plans_100_150_batch_65&utm_content=pin_12325_57-89K_plans&utm_term=proekty-domov-s-planirovkami,,"проекты домов 100–150 м², проект дома 57-89K, дом 116,99 м², планировка дома, планы этажей, готовый проект дома, кирпич, catalog-plans.ru"
"Проекты домов от 150 м²: проект №72-31, 191 м²",https://raw.githubusercontent.com/nemchenik/test/9dd044fcd82fb3fec19f27b78d079fa36d093adb/pinterest/generated_batch_66_raw_visual_plans_from_150/72-31.jpg,Проекты домов от 150 м²,,"Проекты домов от 150 м² — готовый проект №72-31 площадью 191 м². Дом: 2 этажа, габариты 13.97×14.82 м, материал стен — газобетон. На изображении представлены оригинальная визуализация дома и планы этажей. Сохраните проект, сравните планировку комнат и перейдите в каталог, чтобы узнать состав документации и актуальную стоимость.",https://catalog-plans.ru/catalog/72-31?utm_source=pinterest&utm_medium=organic&utm_campaign=generated_raw_visual_plans_from_150_batch_66&utm_content=pin_12525_72-31_plans&utm_term=proekty-domov-s-planirovkami,,"проекты домов от 150 м², проект дома 72-31, дом 191 м², планировка дома, планы этажей, готовый проект дома, газобетон, catalog-plans.ru"
"Проекты домов до 100 м²: проект №14-10, 89,67 м²",https://raw.githubusercontent.com/nemchenik/test/9dd044fcd82fb3fec19f27b78d079fa36d093adb/pinterest/generated_batch_64_raw_visual_plans_to_100/14-10.jpg,Проекты домов до 100 м²,,"Проекты домов до 100 м² — готовый проект №14-10 площадью 89,67 м². Дом: 1 этаж, габариты 8.5×12.4 м, материал стен — дерево. На изображении представлены оригинальная визуализация дома и планы этажей. Сохраните проект, сравните планировку комнат и перейдите в каталог, чтобы узнать состав документации и актуальную стоимость.",https://catalog-plans.ru/catalog/14-10?utm_source=pinterest&utm_medium=organic&utm_campaign=generated_raw_visual_plans_to_100_batch_64&utm_content=pin_12126_14-10_plans&utm_term=proekty-domov-s-planirovkami,,"проекты домов до 100 м², проект дома 14-10, дом 89,67 м², планировка дома, планы этажей, готовый проект дома, дерево, catalog-plans.ru"
"Проекты домов 100–150 м²: проект №58-70HA, 133,84 м²",https://raw.githubusercontent.com/nemchenik/test/9dd044fcd82fb3fec19f27b78d079fa36d093adb/pinterest/generated_batch_65_raw_visual_plans_100_150/58-70HA.jpg,Проекты домов 100–150 м²,,"Проекты домов 100–150 м² — готовый проект №58-70HA площадью 133,84 м². Дом: 1 этаж, габариты 12.48×15.68 м, материал стен — газобетон. На изображении представлены оригинальная визуализация дома и планы этажей. Сохраните проект, сравните планировку комнат и перейдите в каталог, чтобы узнать состав документации и актуальную стоимость.",https://catalog-plans.ru/catalog/58-70HA?utm_source=pinterest&utm_medium=organic&utm_campaign=generated_raw_visual_plans_100_150_batch_65&utm_content=pin_12326_58-70HA_plans&utm_term=proekty-domov-s-planirovkami,,"проекты домов 100–150 м², проект дома 58-70HA, дом 133,84 м², планировка дома, планы этажей, готовый проект дома, газобетон, catalog-plans.ru"
"Проекты домов от 150 м²: проект №46-94G, 241,32 м²",https://raw.githubusercontent.com/nemchenik/test/9dd044fcd82fb3fec19f27b78d079fa36d093adb/pinterest/generated_batch_66_raw_visual_plans_from_150/46-94G.jpg,Проекты домов от 150 м²,,"Проекты домов от 150 м² — готовый проект №46-94G площадью 241,32 м². Дом: 2 этажа, габариты 13.58×16.69 м, материал стен — газобетон. На изображении представлены оригинальная визуализация дома и планы этажей. Сохраните проект, сравните планировку комнат и перейдите в каталог, чтобы узнать состав документации и актуальную стоимость.",https://catalog-plans.ru/catalog/46-94G?utm_source=pinterest&utm_medium=organic&utm_campaign=generated_raw_visual_plans_from_150_batch_66&utm_content=pin_12526_46-94G_plans&utm_term=proekty-domov-s-planirovkami,,"проекты домов от 150 м², проект дома 46-94G, дом 241,32 м², планировка дома, планы этажей, готовый проект дома, газобетон, catalog-plans.ru"
"Проекты домов до 100 м²: проект №71-29, 64,77 м²",https://raw.githubusercontent.com/nemchenik/test/9dd044fcd82fb3fec19f27b78d079fa36d093adb/pinterest/generated_batch_64_raw_visual_plans_to_100/71-29.jpg,Проекты домов до 100 м²,,"Проекты домов до 100 м² — готовый проект №71-29 площадью 64,77 м². Дом: 1 этаж, габариты 10.16×12.02 м, материал стен — деревянный каркас. На изображении представлены оригинальная визуализация дома и планы этажей. Сохраните проект, сравните планировку комнат и перейдите в каталог, чтобы узнать состав документации и актуальную стоимость.",https://catalog-plans.ru/catalog/71-29?utm_source=pinterest&utm_medium=organic&utm_campaign=generated_raw_visual_plans_to_100_batch_64&utm_content=pin_12127_71-29_plans&utm_term=proekty-domov-s-planirovkami,,"проекты домов до 100 м², проект дома 71-29, дом 64,77 м², планировка дома, планы этажей, готовый проект дома, деревянный каркас, catalog-plans.ru"
"Проекты домов 100–150 м²: проект №40-05BG, 123,93 м²",https://raw.githubusercontent.com/nemchenik/test/9dd044fcd82fb3fec19f27b78d079fa36d093adb/pinterest/generated_batch_65_raw_visual_plans_100_150/40-05BG.jpg,Проекты домов 100–150 м²,,"Проекты домов 100–150 м² — готовый проект №40-05BG площадью 123,93 м². Дом: 2 этажа, габариты 10.61×10.82 м, материал стен — газобетон. На изображении представлены оригинальная визуализация дома и планы этажей. Сохраните проект, сравните планировку комнат и перейдите в каталог, чтобы узнать состав документации и актуальную стоимость.",https://catalog-plans.ru/catalog/40-05BG?utm_source=pinterest&utm_medium=organic&utm_campaign=generated_raw_visual_plans_100_150_batch_65&utm_content=pin_12327_40-05BG_plans&utm_term=proekty-domov-s-planirovkami,,"проекты домов 100–150 м², проект дома 40-05BG, дом 123,93 м², планировка дома, планы этажей, готовый проект дома, газобетон, catalog-plans.ru"
"Проекты домов от 150 м²: проект №58-06D, 420,52 м²",https://raw.githubusercontent.com/nemchenik/test/9dd044fcd82fb3fec19f27b78d079fa36d093adb/pinterest/generated_batch_66_raw_visual_plans_from_150/58-06D.jpg,Проекты домов от 150 м²,,"Проекты домов от 150 м² — готовый проект №58-06D площадью 420,52 м². Дом: 2 этажа, габариты 17.57×20.74 м, материал стен — газобетон. На изображении представлены оригинальная визуализация дома и планы этажей. Сохраните проект, сравните планировку комнат и перейдите в каталог, чтобы узнать состав документации и актуальную стоимость.",https://catalog-plans.ru/catalog/58-06D?utm_source=pinterest&utm_medium=organic&utm_campaign=generated_raw_visual_plans_from_150_batch_66&utm_content=pin_12527_58-06D_plans&utm_term=proekty-domov-s-planirovkami,,"проекты домов от 150 м², проект дома 58-06D, дом 420,52 м², планировка дома, планы этажей, готовый проект дома, газобетон, catalog-plans.ru"
"Проекты домов до 100 м²: проект №91-96L, 46,47 м²",https://raw.githubusercontent.com/nemchenik/test/9dd044fcd82fb3fec19f27b78d079fa36d093adb/pinterest/generated_batch_64_raw_visual_plans_to_100/91-96L.jpg,Проекты домов до 100 м²,,"Проекты домов до 100 м² — готовый проект №91-96L площадью 46,47 м². Дом: 1 этаж, габариты 6.28×12 м, материал стен — газобетон. На изображении представлены оригинальная визуализация дома и планы этажей. Сохраните проект, сравните планировку комнат и перейдите в каталог, чтобы узнать состав документации и актуальную стоимость.",https://catalog-plans.ru/catalog/91-96L?utm_source=pinterest&utm_medium=organic&utm_campaign=generated_raw_visual_plans_to_100_batch_64&utm_content=pin_12128_91-96L_plans&utm_term=proekty-domov-s-planirovkami,,"проекты домов до 100 м², проект дома 91-96L, дом 46,47 м², планировка дома, планы этажей, готовый проект дома, газобетон, catalog-plans.ru"
"Проекты домов 100–150 м²: проект №52-66, 128,75 м²",https://raw.githubusercontent.com/nemchenik/test/9dd044fcd82fb3fec19f27b78d079fa36d093adb/pinterest/generated_batch_65_raw_visual_plans_100_150/52-66.jpg,Проекты домов 100–150 м²,,"Проекты домов 100–150 м² — готовый проект №52-66 площадью 128,75 м². Дом: 2 этажа, габариты 12.8×13.2 м, материал стен — ячеистые бетонные блоки. На изображении представлены оригинальная визуализация дома и планы этажей. Сохраните проект, сравните планировку комнат и перейдите в каталог, чтобы узнать состав документации и актуальную стоимость.",https://catalog-plans.ru/catalog/52-66?utm_source=pinterest&utm_medium=organic&utm_campaign=generated_raw_visual_plans_100_150_batch_65&utm_content=pin_12328_52-66_plans&utm_term=proekty-domov-s-planirovkami,,"проекты домов 100–150 м², проект дома 52-66, дом 128,75 м², планировка дома, планы этажей, готовый проект дома, ячеистые бетонные блоки, catalog-plans.ru"
"Проекты домов от 150 м²: проект №57-63AE, 177,96 м²",https://raw.githubusercontent.com/nemchenik/test/9dd044fcd82fb3fec19f27b78d079fa36d093adb/pinterest/generated_batch_66_raw_visual_plans_from_150/57-63AE.jpg,Проекты домов от 150 м²,,"Проекты домов от 150 м² — готовый проект №57-63AE площадью 177,96 м². Дом: 2 этажа, габариты 9.7×18.4 м, материал стен — газобетон. На изображении представлены оригинальная визуализация дома и планы этажей. Сохраните проект, сравните планировку комнат и перейдите в каталог, чтобы узнать состав документации и актуальную стоимость.",https://catalog-plans.ru/catalog/57-63AE?utm_source=pinterest&utm_medium=organic&utm_campaign=generated_raw_visual_plans_from_150_batch_66&utm_content=pin_12528_57-63AE_plans&utm_term=proekty-domov-s-planirovkami,,"проекты домов от 150 м², проект дома 57-63AE, дом 177,96 м², планировка дома, планы этажей, готовый проект дома, газобетон, catalog-plans.ru"
"Проекты домов до 100 м²: проект №13-10, 99,44 м²",https://raw.githubusercontent.com/nemchenik/test/9dd044fcd82fb3fec19f27b78d079fa36d093adb/pinterest/generated_batch_64_raw_visual_plans_to_100/13-10.jpg,Проекты домов до 100 м²,,"Проекты домов до 100 м² — готовый проект №13-10 площадью 99,44 м². Дом: 2 этажа, габариты 8.25×9 м, материал стен — дерево. На изображении представлены оригинальная визуализация дома и планы этажей. Сохраните проект, сравните планировку комнат и перейдите в каталог, чтобы узнать состав документации и актуальную стоимость.",https://catalog-plans.ru/catalog/13-10?utm_source=pinterest&utm_medium=organic&utm_campaign=generated_raw_visual_plans_to_100_batch_64&utm_content=pin_12129_13-10_plans&utm_term=proekty-domov-s-planirovkami,,"проекты домов до 100 м², проект дома 13-10, дом 99,44 м², планировка дома, планы этажей, готовый проект дома, дерево, catalog-plans.ru"
"Проекты домов 100–150 м²: проект №48-20T, 120,42 м²",https://raw.githubusercontent.com/nemchenik/test/9dd044fcd82fb3fec19f27b78d079fa36d093adb/pinterest/generated_batch_65_raw_visual_plans_100_150/48-20T.jpg,Проекты домов 100–150 м²,,"Проекты домов 100–150 м² — готовый проект №48-20T площадью 120,42 м². Дом: 2 этажа, габариты 10.62×12.13 м, материал стен — кирпич. На изображении представлены оригинальная визуализация дома и планы этажей. Сохраните проект, сравните планировку комнат и перейдите в каталог, чтобы узнать состав документации и актуальную стоимость.",https://catalog-plans.ru/catalog/48-20T?utm_source=pinterest&utm_medium=organic&utm_campaign=generated_raw_visual_plans_100_150_batch_65&utm_content=pin_12329_48-20T_plans&utm_term=proekty-domov-s-planirovkami,,"проекты домов 100–150 м², проект дома 48-20T, дом 120,42 м², планировка дома, планы этажей, готовый проект дома, кирпич, catalog-plans.ru"
"Проекты домов от 150 м²: проект №40-04BT, 156,51 м²",https://raw.githubusercontent.com/nemchenik/test/9dd044fcd82fb3fec19f27b78d079fa36d093adb/pinterest/generated_batch_66_raw_visual_plans_from_150/40-04BT.jpg,Проекты домов от 150 м²,,"Проекты домов от 150 м² — готовый проект №40-04BT площадью 156,51 м². Дом: 2 этажа, габариты 10.4×10.4 м, материал стен — газобетон. На изображении представлены оригинальная визуализация дома и планы этажей. Сохраните проект, сравните планировку комнат и перейдите в каталог, чтобы узнать состав документации и актуальную стоимость.",https://catalog-plans.ru/catalog/40-04BT?utm_source=pinterest&utm_medium=organic&utm_campaign=generated_raw_visual_plans_from_150_batch_66&utm_content=pin_12529_40-04BT_plans&utm_term=proekty-domov-s-planirovkami,,"проекты домов от 150 м², проект дома 40-04BT, дом 156,51 м², планировка дома, планы этажей, готовый проект дома, газобетон, catalog-plans.ru"
"Проекты домов до 100 м²: проект №71-24, 59,55 м²",https://raw.githubusercontent.com/nemchenik/test/9dd044fcd82fb3fec19f27b78d079fa36d093adb/pinterest/generated_batch_64_raw_visual_plans_to_100/71-24.jpg,Проекты домов до 100 м²,,"Проекты домов до 100 м² — готовый проект №71-24 площадью 59,55 м². Дом: 2 этажа, габариты 6.3×15.2 м, материал стен — деревянный каркас. На изображении представлены оригинальная визуализация дома и планы этажей. Сохраните проект, сравните планировку комнат и перейдите в каталог, чтобы узнать состав документации и актуальную стоимость.",https://catalog-plans.ru/catalog/71-24?utm_source=pinterest&utm_medium=organic&utm_campaign=generated_raw_visual_plans_to_100_batch_64&utm_content=pin_12130_71-24_plans&utm_term=proekty-domov-s-planirovkami,,"проекты домов до 100 м², проект дома 71-24, дом 59,55 м², планировка дома, планы этажей, готовый проект дома, деревянный каркас, catalog-plans.ru"
"Проекты домов 100–150 м²: проект №45-64NMABG, 148,8 м²",https://raw.githubusercontent.com/nemchenik/test/9dd044fcd82fb3fec19f27b78d079fa36d093adb/pinterest/generated_batch_65_raw_visual_plans_100_150/45-64NMABG.jpg,Проекты домов 100–150 м²,,"Проекты домов 100–150 м² — готовый проект №45-64NMABG площадью 148,8 м². Дом: 2 этажа, габариты 9.44×12.44 м, материал стен — газобетон. На изображении представлены оригинальная визуализация дома и планы этажей. Сохраните проект, сравните планировку комнат и перейдите в каталог, чтобы узнать состав документации и актуальную стоимость.",https://catalog-plans.ru/catalog/45-64NMABG?utm_source=pinterest&utm_medium=organic&utm_campaign=generated_raw_visual_plans_100_150_batch_65&utm_content=pin_12330_45-64NMABG_plans&utm_term=proekty-domov-s-planirovkami,,"проекты домов 100–150 м², проект дома 45-64NMABG, дом 148,8 м², планировка дома, планы этажей, готовый проект дома, газобетон, catalog-plans.ru"
"Проекты домов от 150 м²: проект №46-37GL, 227,06 м²",https://raw.githubusercontent.com/nemchenik/test/9dd044fcd82fb3fec19f27b78d079fa36d093adb/pinterest/generated_batch_66_raw_visual_plans_from_150/46-37GL.jpg,Проекты домов от 150 м²,,"Проекты домов от 150 м² — готовый проект №46-37GL площадью 227,06 м². Дом: 2 этажа, габариты 12.78×15.06 м, материал стен — газобетон. На изображении представлены оригинальная визуализация дома и планы этажей. Сохраните проект, сравните планировку комнат и перейдите в каталог, чтобы узнать состав документации и актуальную стоимость.",https://catalog-plans.ru/catalog/46-37GL?utm_source=pinterest&utm_medium=organic&utm_campaign=generated_raw_visual_plans_from_150_batch_66&utm_content=pin_12530_46-37GL_plans&utm_term=proekty-domov-s-planirovkami,,"проекты домов от 150 м², проект дома 46-37GL, дом 227,06 м², планировка дома, планы этажей, готовый проект дома, газобетон, catalog-plans.ru"
"Проекты домов до 100 м²: проект №10-80, 84 м²",https://raw.githubusercontent.com/nemchenik/test/9dd044fcd82fb3fec19f27b78d079fa36d093adb/pinterest/generated_batch_64_raw_visual_plans_to_100/10-80.jpg,Проекты домов до 100 м²,,"Проекты домов до 100 м² — готовый проект №10-80 площадью 84 м². Дом: 2 этажа, габариты 8.4×9.7 м, материал стен — дерево. На изображении представлены оригинальная визуализация дома и планы этажей. Сохраните проект, сравните планировку комнат и перейдите в каталог, чтобы узнать состав документации и актуальную стоимость.",https://catalog-plans.ru/catalog/10-80?utm_source=pinterest&utm_medium=organic&utm_campaign=generated_raw_visual_plans_to_100_batch_64&utm_content=pin_12131_10-80_plans&utm_term=proekty-domov-s-planirovkami,,"проекты домов до 100 м², проект дома 10-80, дом 84 м², планировка дома, планы этажей, готовый проект дома, дерево, catalog-plans.ru"
"Проекты домов 100–150 м²: проект №62-07PA, 148,69 м²",https://raw.githubusercontent.com/nemchenik/test/9dd044fcd82fb3fec19f27b78d079fa36d093adb/pinterest/generated_batch_65_raw_visual_plans_100_150/62-07PA.jpg,Проекты домов 100–150 м²,,"Проекты домов 100–150 м² — готовый проект №62-07PA площадью 148,69 м². Дом: 2 этажа, габариты 12.3×13 м, материал стен — газобетон. На изображении представлены оригинальная визуализация дома и планы этажей. Сохраните проект, сравните планировку комнат и перейдите в каталог, чтобы узнать состав документации и актуальную стоимость.",https://catalog-plans.ru/catalog/62-07PA?utm_source=pinterest&utm_medium=organic&utm_campaign=generated_raw_visual_plans_100_150_batch_65&utm_content=pin_12331_62-07PA_plans&utm_term=proekty-domov-s-planirovkami,,"проекты домов 100–150 м², проект дома 62-07PA, дом 148,69 м², планировка дома, планы этажей, готовый проект дома, газобетон, catalog-plans.ru"
"Проекты домов от 150 м²: проект №57-58K, 268,63 м²",https://raw.githubusercontent.com/nemchenik/test/9dd044fcd82fb3fec19f27b78d079fa36d093adb/pinterest/generated_batch_66_raw_visual_plans_from_150/57-58K.jpg,Проекты домов от 150 м²,,"Проекты домов от 150 м² — готовый проект №57-58K площадью 268,63 м². Дом: 2 этажа, габариты 14.55×16.2 м, материал стен — кирпич. На изображении представлены оригинальная визуализация дома и планы этажей. Сохраните проект, сравните планировку комнат и перейдите в каталог, чтобы узнать состав документации и актуальную стоимость.",https://catalog-plans.ru/catalog/57-58K?utm_source=pinterest&utm_medium=organic&utm_campaign=generated_raw_visual_plans_from_150_batch_66&utm_content=pin_12531_57-58K_plans&utm_term=proekty-domov-s-planirovkami,,"проекты домов от 150 м², проект дома 57-58K, дом 268,63 м², планировка дома, планы этажей, готовый проект дома, кирпич, catalog-plans.ru"
"Проекты домов до 100 м²: проект №70-99WIKING, 74,56 м²",https://raw.githubusercontent.com/nemchenik/test/9dd044fcd82fb3fec19f27b78d079fa36d093adb/pinterest/generated_batch_64_raw_visual_plans_to_100/70-99WIKING.jpg,Проекты домов до 100 м²,,"Проекты домов до 100 м² — готовый проект №70-99WIKING площадью 74,56 м². Дом: 2 этажа, габариты 7×10 м, материал стен — деревянный каркас. На изображении представлены оригинальная визуализация дома и планы этажей. Сохраните проект, сравните планировку комнат и перейдите в каталог, чтобы узнать состав документации и актуальную стоимость.",https://catalog-plans.ru/catalog/70-99WIKING?utm_source=pinterest&utm_medium=organic&utm_campaign=generated_raw_visual_plans_to_100_batch_64&utm_content=pin_12132_70-99WIKING_plans&utm_term=proekty-domov-s-planirovkami,,"проекты домов до 100 м², проект дома 70-99WIKING, дом 74,56 м², планировка дома, планы этажей, готовый проект дома, деревянный каркас, catalog-plans.ru"
"Проекты домов 100–150 м²: проект №52-33, 137 м²",https://raw.githubusercontent.com/nemchenik/test/9dd044fcd82fb3fec19f27b78d079fa36d093adb/pinterest/generated_batch_65_raw_visual_plans_100_150/52-33.jpg,Проекты домов 100–150 м²,,"Проекты домов 100–150 м² — готовый проект №52-33 площадью 137 м². Дом: 2 этажа, габариты 9.8×12.2 м, материал стен — газобетон. На изображении представлены оригинальная визуализация дома и планы этажей. Сохраните проект, сравните планировку комнат и перейдите в каталог, чтобы узнать состав документации и актуальную стоимость.",https://catalog-plans.ru/catalog/52-33?utm_source=pinterest&utm_medium=organic&utm_campaign=generated_raw_visual_plans_100_150_batch_65&utm_content=pin_12332_52-33_plans&utm_term=proekty-domov-s-planirovkami,,"проекты домов 100–150 м², проект дома 52-33, дом 137 м², планировка дома, планы этажей, готовый проект дома, газобетон, catalog-plans.ru"
"Проекты домов от 150 м²: проект №62-38K1L, 238,39 м²",https://raw.githubusercontent.com/nemchenik/test/9dd044fcd82fb3fec19f27b78d079fa36d093adb/pinterest/generated_batch_66_raw_visual_plans_from_150/62-38K1L.jpg,Проекты домов от 150 м²,,"Проекты домов от 150 м² — готовый проект №62-38K1L площадью 238,39 м². Дом: 2 этажа, габариты 13.16×18.96 м, материал стен — кирпич. На изображении представлены оригинальная визуализация дома и планы этажей. Сохраните проект, сравните планировку комнат и перейдите в каталог, чтобы узнать состав документации и актуальную стоимость.",https://catalog-plans.ru/catalog/62-38K1L?utm_source=pinterest&utm_medium=organic&utm_campaign=generated_raw_visual_plans_from_150_batch_66&utm_content=pin_12532_62-38K1L_plans&utm_term=proekty-domov-s-planirovkami,,"проекты домов от 150 м², проект дома 62-38K1L, дом 238,39 м², планировка дома, планы этажей, готовый проект дома, кирпич, catalog-plans.ru"
"Проекты домов до 100 м²: проект №58-58X, 75,51 м²",https://raw.githubusercontent.com/nemchenik/test/9dd044fcd82fb3fec19f27b78d079fa36d093adb/pinterest/generated_batch_64_raw_visual_plans_to_100/58-58X.jpg,Проекты домов до 100 м²,,"Проекты домов до 100 м² — готовый проект №58-58X площадью 75,51 м². Дом: 2 этажа, габариты 6.24×9.24 м, материал стен — блоки из ракушечника 570. На изображении представлены оригинальная визуализация дома и планы этажей. Сохраните проект, сравните планировку комнат и перейдите в каталог, чтобы узнать состав документации и актуальную стоимость.",https://catalog-plans.ru/catalog/58-58X?utm_source=pinterest&utm_medium=organic&utm_campaign=generated_raw_visual_plans_to_100_batch_64&utm_content=pin_12133_58-58X_plans&utm_term=proekty-domov-s-planirovkami,,"проекты домов до 100 м², проект дома 58-58X, дом 75,51 м², планировка дома, планы этажей, готовый проект дома, блоки из ракушечника 570, catalog-plans.ru"
"Проекты домов 100–150 м²: проект №64-85, 139,58 м²",https://raw.githubusercontent.com/nemchenik/test/9dd044fcd82fb3fec19f27b78d079fa36d093adb/pinterest/generated_batch_65_raw_visual_plans_100_150/64-85.jpg,Проекты домов 100–150 м²,,"Проекты домов 100–150 м² — готовый проект №64-85 площадью 139,58 м². Дом: 2 этажа, габариты 10×10 м, материал стен — газобетон. На изображении представлены оригинальная визуализация дома и планы этажей. Сохраните проект, сравните планировку комнат и перейдите в каталог, чтобы узнать состав документации и актуальную стоимость.",https://catalog-plans.ru/catalog/64-85?utm_source=pinterest&utm_medium=organic&utm_campaign=generated_raw_visual_plans_100_150_batch_65&utm_content=pin_12333_64-85_plans&utm_term=proekty-domov-s-planirovkami,,"проекты домов 100–150 м², проект дома 64-85, дом 139,58 м², планировка дома, планы этажей, готовый проект дома, газобетон, catalog-plans.ru"
"Проекты домов от 150 м²: проект №45-64NMEKL, 190,6 м²",https://raw.githubusercontent.com/nemchenik/test/9dd044fcd82fb3fec19f27b78d079fa36d093adb/pinterest/generated_batch_66_raw_visual_plans_from_150/45-64NMEKL.jpg,Проекты домов от 150 м²,,"Проекты домов от 150 м² — готовый проект №45-64NMEKL площадью 190,6 м². Дом: 2 этажа, габариты 12.37×12.74 м, материал стен — кирпич. На изображении представлены оригинальная визуализация дома и планы этажей. Сохраните проект, сравните планировку комнат и перейдите в каталог, чтобы узнать состав документации и актуальную стоимость.",https://catalog-plans.ru/catalog/45-64NMEKL?utm_source=pinterest&utm_medium=organic&utm_campaign=generated_raw_visual_plans_from_150_batch_66&utm_content=pin_12533_45-64NMEKL_plans&utm_term=proekty-domov-s-planirovkami,,"проекты домов от 150 м², проект дома 45-64NMEKL, дом 190,6 м², планировка дома, планы этажей, готовый проект дома, кирпич, catalog-plans.ru"
"Проекты домов до 100 м²: проект №33-13, 85,7 м²",https://raw.githubusercontent.com/nemchenik/test/9dd044fcd82fb3fec19f27b78d079fa36d093adb/pinterest/generated_batch_64_raw_visual_plans_to_100/33-13.jpg,Проекты домов до 100 м²,,"Проекты домов до 100 м² — готовый проект №33-13 площадью 85,7 м². Дом: 1 этаж, габариты 11.4×11.4 м, материал стен — кирпич. На изображении представлены оригинальная визуализация дома и планы этажей. Сохраните проект, сравните планировку комнат и перейдите в каталог, чтобы узнать состав документации и актуальную стоимость.",https://catalog-plans.ru/catalog/33-13?utm_source=pinterest&utm_medium=organic&utm_campaign=generated_raw_visual_plans_to_100_batch_64&utm_content=pin_12134_33-13_plans&utm_term=proekty-domov-s-planirovkami,,"проекты домов до 100 м², проект дома 33-13, дом 85,7 м², планировка дома, планы этажей, готовый проект дома, кирпич, catalog-plans.ru"
"Проекты домов 100–150 м²: проект №59-09, 144 м²",https://raw.githubusercontent.com/nemchenik/test/9dd044fcd82fb3fec19f27b78d079fa36d093adb/pinterest/generated_batch_65_raw_visual_plans_100_150/59-09.jpg,Проекты домов 100–150 м²,,"Проекты домов 100–150 м² — готовый проект №59-09 площадью 144 м². Дом: 2 этажа, габариты 7.8×15 м, материал стен — газобетон. На изображении представлены оригинальная визуализация дома и планы этажей. Сохраните проект, сравните планировку комнат и перейдите в каталог, чтобы узнать состав документации и актуальную стоимость.",https://catalog-plans.ru/catalog/59-09?utm_source=pinterest&utm_medium=organic&utm_campaign=generated_raw_visual_plans_100_150_batch_65&utm_content=pin_12334_59-09_plans&utm_term=proekty-domov-s-planirovkami,,"проекты домов 100–150 м², проект дома 59-09, дом 144 м², планировка дома, планы этажей, готовый проект дома, газобетон, catalog-plans.ru"
"Проекты домов от 150 м²: проект №58-84, 156,38 м²",https://raw.githubusercontent.com/nemchenik/test/9dd044fcd82fb3fec19f27b78d079fa36d093adb/pinterest/generated_batch_66_raw_visual_plans_from_150/58-84.jpg,Проекты домов от 150 м²,,"Проекты домов от 150 м² — готовый проект №58-84 площадью 156,38 м². Дом: 1 этаж, габариты 12×16.5 м, материал стен — газобетон. На изображении представлены оригинальная визуализация дома и планы этажей. Сохраните проект, сравните планировку комнат и перейдите в каталог, чтобы узнать состав документации и актуальную стоимость.",https://catalog-plans.ru/catalog/58-84?utm_source=pinterest&utm_medium=organic&utm_campaign=generated_raw_visual_plans_from_150_batch_66&utm_content=pin_12534_58-84_plans&utm_term=proekty-domov-s-planirovkami,,"проекты домов от 150 м², проект дома 58-84, дом 156,38 м², планировка дома, планы этажей, готовый проект дома, газобетон, catalog-plans.ru"
"Проекты домов до 100 м²: проект №62-67D, 80,89 м²",https://raw.githubusercontent.com/nemchenik/test/9dd044fcd82fb3fec19f27b78d079fa36d093adb/pinterest/generated_batch_64_raw_visual_plans_to_100/62-67D.jpg,Проекты домов до 100 м²,,"Проекты домов до 100 м² — готовый проект №62-67D площадью 80,89 м². Дом: 2 этажа, габариты 7.8×7.8 м, материал стен — газобетон. На изображении представлены оригинальная визуализация дома и планы этажей. Сохраните проект, сравните планировку комнат и перейдите в каталог, чтобы узнать состав документации и актуальную стоимость.",https://catalog-plans.ru/catalog/62-67D?utm_source=pinterest&utm_medium=organic&utm_campaign=generated_raw_visual_plans_to_100_batch_64&utm_content=pin_12135_62-67D_plans&utm_term=proekty-domov-s-planirovkami,,"проекты домов до 100 м², проект дома 62-67D, дом 80,89 м², планировка дома, планы этажей, готовый проект дома, газобетон, catalog-plans.ru"
"Проекты домов 100–150 м²: проект №72-20, 148,6 м²",https://raw.githubusercontent.com/nemchenik/test/9dd044fcd82fb3fec19f27b78d079fa36d093adb/pinterest/generated_batch_65_raw_visual_plans_100_150/72-20.jpg,Проекты домов 100–150 м²,,"Проекты домов 100–150 м² — готовый проект №72-20 площадью 148,6 м². Дом: 2 этажа, габариты 11.52×13.16 м, материал стен — газобетон. На изображении представлены оригинальная визуализация дома и планы этажей. Сохраните проект, сравните планировку комнат и перейдите в каталог, чтобы узнать состав документации и актуальную стоимость.",https://catalog-plans.ru/catalog/72-20?utm_source=pinterest&utm_medium=organic&utm_campaign=generated_raw_visual_plans_100_150_batch_65&utm_content=pin_12335_72-20_plans&utm_term=proekty-domov-s-planirovkami,,"проекты домов 100–150 м², проект дома 72-20, дом 148,6 м², планировка дома, планы этажей, готовый проект дома, газобетон, catalog-plans.ru"
"Проекты домов от 150 м²: проект №57-59K, 289,3 м²",https://raw.githubusercontent.com/nemchenik/test/9dd044fcd82fb3fec19f27b78d079fa36d093adb/pinterest/generated_batch_66_raw_visual_plans_from_150/57-59K.jpg,Проекты домов от 150 м²,,"Проекты домов от 150 м² — готовый проект №57-59K площадью 289,3 м². Дом: 2 этажа, габариты 16.2×18.7 м, материал стен — кирпич. На изображении представлены оригинальная визуализация дома и планы этажей. Сохраните проект, сравните планировку комнат и перейдите в каталог, чтобы узнать состав документации и актуальную стоимость.",https://catalog-plans.ru/catalog/57-59K?utm_source=pinterest&utm_medium=organic&utm_campaign=generated_raw_visual_plans_from_150_batch_66&utm_content=pin_12535_57-59K_plans&utm_term=proekty-domov-s-planirovkami,,"проекты домов от 150 м², проект дома 57-59K, дом 289,3 м², планировка дома, планы этажей, готовый проект дома, кирпич, catalog-plans.ru"
"Проекты домов до 100 м²: проект №59-20, 89,17 м²",https://raw.githubusercontent.com/nemchenik/test/9dd044fcd82fb3fec19f27b78d079fa36d093adb/pinterest/generated_batch_64_raw_visual_plans_to_100/59-20.jpg,Проекты домов до 100 м²,,"Проекты домов до 100 м² — готовый проект №59-20 площадью 89,17 м². Дом: 2 этажа, габариты 8.05×11.9 м, материал стен — газобетон. На изображении представлены оригинальная визуализация дома и планы этажей. Сохраните проект, сравните планировку комнат и перейдите в каталог, чтобы узнать состав документации и актуальную стоимость.",https://catalog-plans.ru/catalog/59-20?utm_source=pinterest&utm_medium=organic&utm_campaign=generated_raw_visual_plans_to_100_batch_64&utm_content=pin_12136_59-20_plans&utm_term=proekty-domov-s-planirovkami,,"проекты домов до 100 м², проект дома 59-20, дом 89,17 м², планировка дома, планы этажей, готовый проект дома, газобетон, catalog-plans.ru"
"Проекты домов 100–150 м²: проект №59-37, 113,7 м²",https://raw.githubusercontent.com/nemchenik/test/9dd044fcd82fb3fec19f27b78d079fa36d093adb/pinterest/generated_batch_65_raw_visual_plans_100_150/59-37.jpg,Проекты домов 100–150 м²,,"Проекты домов 100–150 м² — готовый проект №59-37 площадью 113,7 м². Дом: 2 этажа, габариты 8.72×15.55 м, материал стен — газобетон. На изображении представлены оригинальная визуализация дома и планы этажей. Сохраните проект, сравните планировку комнат и перейдите в каталог, чтобы узнать состав документации и актуальную стоимость.",https://catalog-plans.ru/catalog/59-37?utm_source=pinterest&utm_medium=organic&utm_campaign=generated_raw_visual_plans_100_150_batch_65&utm_content=pin_12336_59-37_plans&utm_term=proekty-domov-s-planirovkami,,"проекты домов 100–150 м², проект дома 59-37, дом 113,7 м², планировка дома, планы этажей, готовый проект дома, газобетон, catalog-plans.ru"
"Проекты домов от 150 м²: проект №59-93EDK3L, 184,25 м²",https://raw.githubusercontent.com/nemchenik/test/9dd044fcd82fb3fec19f27b78d079fa36d093adb/pinterest/generated_batch_66_raw_visual_plans_from_150/59-93EDK3L.jpg,Проекты домов от 150 м²,,"Проекты домов от 150 м² — готовый проект №59-93EDK3L площадью 184,25 м². Дом: 2 этажа, габариты 10.75×13.16 м, материал стен — кирпич. На изображении представлены оригинальная визуализация дома и планы этажей. Сохраните проект, сравните планировку комнат и перейдите в каталог, чтобы узнать состав документации и актуальную стоимость.",https://catalog-plans.ru/catalog/59-93EDK3L?utm_source=pinterest&utm_medium=organic&utm_campaign=generated_raw_visual_plans_from_150_batch_66&utm_content=pin_12536_59-93EDK3L_plans&utm_term=proekty-domov-s-planirovkami,,"проекты домов от 150 м², проект дома 59-93EDK3L, дом 184,25 м², планировка дома, планы этажей, готовый проект дома, кирпич, catalog-plans.ru"
"Проекты домов до 100 м²: проект №13-59BK2L, 78,11 м²",https://raw.githubusercontent.com/nemchenik/test/9dd044fcd82fb3fec19f27b78d079fa36d093adb/pinterest/generated_batch_64_raw_visual_plans_to_100/13-59BK2L.jpg,Проекты домов до 100 м²,,"Проекты домов до 100 м² — готовый проект №13-59BK2L площадью 78,11 м². Дом: 2 этажа, габариты 8.14×9.14 м, материал стен — кирпич. На изображении представлены оригинальная визуализация дома и планы этажей. Сохраните проект, сравните планировку комнат и перейдите в каталог, чтобы узнать состав документации и актуальную стоимость.",https://catalog-plans.ru/catalog/13-59BK2L?utm_source=pinterest&utm_medium=organic&utm_campaign=generated_raw_visual_plans_to_100_batch_64&utm_content=pin_12137_13-59BK2L_plans&utm_term=proekty-domov-s-planirovkami,,"проекты домов до 100 м², проект дома 13-59BK2L, дом 78,11 м², планировка дома, планы этажей, готовый проект дома, кирпич, catalog-plans.ru"
"Проекты домов 100–150 м²: проект №40-04B, 132,44 м²",https://raw.githubusercontent.com/nemchenik/test/9dd044fcd82fb3fec19f27b78d079fa36d093adb/pinterest/generated_batch_65_raw_visual_plans_100_150/40-04B.jpg,Проекты домов 100–150 м²,,"Проекты домов 100–150 м² — готовый проект №40-04B площадью 132,44 м². Дом: 2 этажа, габариты 9.5×10 м, материал стен — газобетон. На изображении представлены оригинальная визуализация дома и планы этажей. Сохраните проект, сравните планировку комнат и перейдите в каталог, чтобы узнать состав документации и актуальную стоимость.",https://catalog-plans.ru/catalog/40-04B?utm_source=pinterest&utm_medium=organic&utm_campaign=generated_raw_visual_plans_100_150_batch_65&utm_content=pin_12337_40-04B_plans&utm_term=proekty-domov-s-planirovkami,,"проекты домов 100–150 м², проект дома 40-04B, дом 132,44 м², планировка дома, планы этажей, готовый проект дома, газобетон, catalog-plans.ru"
"Проекты домов от 150 м²: проект №40-72, 164,48 м²",https://raw.githubusercontent.com/nemchenik/test/9dd044fcd82fb3fec19f27b78d079fa36d093adb/pinterest/generated_batch_66_raw_visual_plans_from_150/40-72.jpg,Проекты домов от 150 м²,,"Проекты домов от 150 м² — готовый проект №40-72 площадью 164,48 м². Дом: 2 этажа, габариты 9.22×13.69 м, материал стен — кирпич. На изображении представлены оригинальная визуализация дома и планы этажей. Сохраните проект, сравните планировку комнат и перейдите в каталог, чтобы узнать состав документации и актуальную стоимость.",https://catalog-plans.ru/catalog/40-72?utm_source=pinterest&utm_medium=organic&utm_campaign=generated_raw_visual_plans_from_150_batch_66&utm_content=pin_12537_40-72_plans&utm_term=proekty-domov-s-planirovkami,,"проекты домов от 150 м², проект дома 40-72, дом 164,48 м², планировка дома, планы этажей, готовый проект дома, кирпич, catalog-plans.ru"
"Проекты домов до 100 м²: проект №13-14, 89 м²",https://raw.githubusercontent.com/nemchenik/test/9dd044fcd82fb3fec19f27b78d079fa36d093adb/pinterest/generated_batch_64_raw_visual_plans_to_100/13-14.jpg,Проекты домов до 100 м²,,"Проекты домов до 100 м² — готовый проект №13-14 площадью 89 м². Дом: 2 этажа, габариты 7.84×7.84 м, материал стен — дерево. На изображении представлены оригинальная визуализация дома и планы этажей. Сохраните проект, сравните планировку комнат и перейдите в каталог, чтобы узнать состав документации и актуальную стоимость.",https://catalog-plans.ru/catalog/13-14?utm_source=pinterest&utm_medium=organic&utm_campaign=generated_raw_visual_plans_to_100_batch_64&utm_content=pin_12138_13-14_plans&utm_term=proekty-domov-s-planirovkami,,"проекты домов до 100 м², проект дома 13-14, дом 89 м², планировка дома, планы этажей, готовый проект дома, дерево, catalog-plans.ru"
"Проекты домов 100–150 м²: проект №40-04HAZL, 134,4 м²",https://raw.githubusercontent.com/nemchenik/test/9dd044fcd82fb3fec19f27b78d079fa36d093adb/pinterest/generated_batch_65_raw_visual_plans_100_150/40-04HAZL.jpg,Проекты домов 100–150 м²,,"Проекты домов 100–150 м² — готовый проект №40-04HAZL площадью 134,4 м². Дом: 2 этажа, габариты 9.8×10.3 м, материал стен — газобетон. На изображении представлены оригинальная визуализация дома и планы этажей. Сохраните проект, сравните планировку комнат и перейдите в каталог, чтобы узнать состав документации и актуальную стоимость.",https://catalog-plans.ru/catalog/40-04HAZL?utm_source=pinterest&utm_medium=organic&utm_campaign=generated_raw_visual_plans_100_150_batch_65&utm_content=pin_12338_40-04HAZL_plans&utm_term=proekty-domov-s-planirovkami,,"проекты домов 100–150 м², проект дома 40-04HAZL, дом 134,4 м², планировка дома, планы этажей, готовый проект дома, газобетон, catalog-plans.ru"
"Проекты домов от 150 м²: проект №46-31AK1, 526,85 м²",https://raw.githubusercontent.com/nemchenik/test/9dd044fcd82fb3fec19f27b78d079fa36d093adb/pinterest/generated_batch_66_raw_visual_plans_from_150/46-31AK1.jpg,Проекты домов от 150 м²,,"Проекты домов от 150 м² — готовый проект №46-31AK1 площадью 526,85 м². Дом: 2 этажа, габариты 18.44×45.66 м, материал стен — монолитный каркас. На изображении представлены оригинальная визуализация дома и планы этажей. Сохраните проект, сравните планировку комнат и перейдите в каталог, чтобы узнать состав документации и актуальную стоимость.",https://catalog-plans.ru/catalog/46-31AK1?utm_source=pinterest&utm_medium=organic&utm_campaign=generated_raw_visual_plans_from_150_batch_66&utm_content=pin_12538_46-31AK1_plans&utm_term=proekty-domov-s-planirovkami,,"проекты домов от 150 м², проект дома 46-31AK1, дом 526,85 м², планировка дома, планы этажей, готовый проект дома, монолитный каркас, catalog-plans.ru"
"Проекты домов до 100 м²: проект №65-52, 98,18 м²",https://raw.githubusercontent.com/nemchenik/test/9dd044fcd82fb3fec19f27b78d079fa36d093adb/pinterest/generated_batch_64_raw_visual_plans_to_100/65-52.jpg,Проекты домов до 100 м²,,"Проекты домов до 100 м² — готовый проект №65-52 площадью 98,18 м². Дом: 1 этаж, габариты 11.9×12.1 м, материал стен — газобетон. На изображении представлены оригинальная визуализация дома и планы этажей. Сохраните проект, сравните планировку комнат и перейдите в каталог, чтобы узнать состав документации и актуальную стоимость.",https://catalog-plans.ru/catalog/65-52?utm_source=pinterest&utm_medium=organic&utm_campaign=generated_raw_visual_plans_to_100_batch_64&utm_content=pin_12139_65-52_plans&utm_term=proekty-domov-s-planirovkami,,"проекты домов до 100 м², проект дома 65-52, дом 98,18 м², планировка дома, планы этажей, готовый проект дома, газобетон, catalog-plans.ru"
"Проекты домов 100–150 м²: проект №69-37, 123,16 м²",https://raw.githubusercontent.com/nemchenik/test/9dd044fcd82fb3fec19f27b78d079fa36d093adb/pinterest/generated_batch_65_raw_visual_plans_100_150/69-37.jpg,Проекты домов 100–150 м²,,"Проекты домов 100–150 м² — готовый проект №69-37 площадью 123,16 м². Дом: 1 этаж, габариты 9.1×18.4 м, материал стен — газобетон. На изображении представлены оригинальная визуализация дома и планы этажей. Сохраните проект, сравните планировку комнат и перейдите в каталог, чтобы узнать состав документации и актуальную стоимость.",https://catalog-plans.ru/catalog/69-37?utm_source=pinterest&utm_medium=organic&utm_campaign=generated_raw_visual_plans_100_150_batch_65&utm_content=pin_12339_69-37_plans&utm_term=proekty-domov-s-planirovkami,,"проекты домов 100–150 м², проект дома 69-37, дом 123,16 м², планировка дома, планы этажей, готовый проект дома, газобетон, catalog-plans.ru"
"Проекты домов от 150 м²: проект №80-14, 219,36 м²",https://raw.githubusercontent.com/nemchenik/test/9dd044fcd82fb3fec19f27b78d079fa36d093adb/pinterest/generated_batch_66_raw_visual_plans_from_150/80-14.jpg,Проекты домов от 150 м²,,"Проекты домов от 150 м² — готовый проект №80-14 площадью 219,36 м². Дом: 2 этажа, габариты 13.7×15.34 м, материал стен — кирпич. На изображении представлены оригинальная визуализация дома и планы этажей. Сохраните проект, сравните планировку комнат и перейдите в каталог, чтобы узнать состав документации и актуальную стоимость.",https://catalog-plans.ru/catalog/80-14?utm_source=pinterest&utm_medium=organic&utm_campaign=generated_raw_visual_plans_from_150_batch_66&utm_content=pin_12539_80-14_plans&utm_term=proekty-domov-s-planirovkami,,"проекты домов от 150 м², проект дома 80-14, дом 219,36 м², планировка дома, планы этажей, готовый проект дома, кирпич, catalog-plans.ru"
"Проекты домов до 100 м²: проект №33-18, 92 м²",https://raw.githubusercontent.com/nemchenik/test/9dd044fcd82fb3fec19f27b78d079fa36d093adb/pinterest/generated_batch_64_raw_visual_plans_to_100/33-18.jpg,Проекты домов до 100 м²,,"Проекты домов до 100 м² — готовый проект №33-18 площадью 92 м². Дом: 1 этаж, габариты 10.02×12.2 м, материал стен — кирпич. На изображении представлены оригинальная визуализация дома и планы этажей. Сохраните проект, сравните планировку комнат и перейдите в каталог, чтобы узнать состав документации и актуальную стоимость.",https://catalog-plans.ru/catalog/33-18?utm_source=pinterest&utm_medium=organic&utm_campaign=generated_raw_visual_plans_to_100_batch_64&utm_content=pin_12140_33-18_plans&utm_term=proekty-domov-s-planirovkami,,"проекты домов до 100 м², проект дома 33-18, дом 92 м², планировка дома, планы этажей, готовый проект дома, кирпич, catalog-plans.ru"
"Проекты домов 100–150 м²: проект №57-89AL, 138,77 м²",https://raw.githubusercontent.com/nemchenik/test/9dd044fcd82fb3fec19f27b78d079fa36d093adb/pinterest/generated_batch_65_raw_visual_plans_100_150/57-89AL.jpg,Проекты домов 100–150 м²,,"Проекты домов 100–150 м² — готовый проект №57-89AL площадью 138,77 м². Дом: 2 этажа, габариты 8×14 м, материал стен — газобетон. На изображении представлены оригинальная визуализация дома и планы этажей. Сохраните проект, сравните планировку комнат и перейдите в каталог, чтобы узнать состав документации и актуальную стоимость.",https://catalog-plans.ru/catalog/57-89AL?utm_source=pinterest&utm_medium=organic&utm_campaign=generated_raw_visual_plans_100_150_batch_65&utm_content=pin_12340_57-89AL_plans&utm_term=proekty-domov-s-planirovkami,,"проекты домов 100–150 м², проект дома 57-89AL, дом 138,77 м², планировка дома, планы этажей, готовый проект дома, газобетон, catalog-plans.ru"
"Проекты домов от 150 м²: проект №62-71BBSD, 233,2 м²",https://raw.githubusercontent.com/nemchenik/test/9dd044fcd82fb3fec19f27b78d079fa36d093adb/pinterest/generated_batch_66_raw_visual_plans_from_150/62-71BBSD.jpg,Проекты домов от 150 м²,,"Проекты домов от 150 м² — готовый проект №62-71BBSD площадью 233,2 м². Дом: 2 этажа, габариты 12.06×12.56 м, материал стен — монолитный каркас. На изображении представлены оригинальная визуализация дома и планы этажей. Сохраните проект, сравните планировку комнат и перейдите в каталог, чтобы узнать состав документации и актуальную стоимость.",https://catalog-plans.ru/catalog/62-71BBSD?utm_source=pinterest&utm_medium=organic&utm_campaign=generated_raw_visual_plans_from_150_batch_66&utm_content=pin_12540_62-71BBSD_plans&utm_term=proekty-domov-s-planirovkami,,"проекты домов от 150 м², проект дома 62-71BBSD, дом 233,2 м², планировка дома, планы этажей, готовый проект дома, монолитный каркас, catalog-plans.ru"
"Проекты домов до 100 м²: проект №64-44AL, 53,46 м²",https://raw.githubusercontent.com/nemchenik/test/9dd044fcd82fb3fec19f27b78d079fa36d093adb/pinterest/generated_batch_64_raw_visual_plans_to_100/64-44AL.jpg,Проекты домов до 100 м²,,"Проекты домов до 100 м² — готовый проект №64-44AL площадью 53,46 м². Дом: 1 этаж, габариты 13.05×10.28 м, материал стен — газобетон. На изображении представлены оригинальная визуализация дома и планы этажей. Сохраните проект, сравните планировку комнат и перейдите в каталог, чтобы узнать состав документации и актуальную стоимость.",https://catalog-plans.ru/catalog/64-44AL?utm_source=pinterest&utm_medium=organic&utm_campaign=generated_raw_visual_plans_to_100_batch_64&utm_content=pin_12141_64-44AL_plans&utm_term=proekty-domov-s-planirovkami,,"проекты домов до 100 м², проект дома 64-44AL, дом 53,46 м², планировка дома, планы этажей, готовый проект дома, газобетон, catalog-plans.ru"
"Проекты домов 100–150 м²: проект №11-19, 104,7 м²",https://raw.githubusercontent.com/nemchenik/test/9dd044fcd82fb3fec19f27b78d079fa36d093adb/pinterest/generated_batch_65_raw_visual_plans_100_150/11-19.jpg,Проекты домов 100–150 м²,,"Проекты домов 100–150 м² — готовый проект №11-19 площадью 104,7 м². Дом: 1 этаж, габариты 8.3×15.45 м, материал стен — дерево. На изображении представлены оригинальная визуализация дома и планы этажей. Сохраните проект, сравните планировку комнат и перейдите в каталог, чтобы узнать состав документации и актуальную стоимость.",https://catalog-plans.ru/catalog/11-19?utm_source=pinterest&utm_medium=organic&utm_campaign=generated_raw_visual_plans_100_150_batch_65&utm_content=pin_12341_11-19_plans&utm_term=proekty-domov-s-planirovkami,,"проекты домов 100–150 м², проект дома 11-19, дом 104,7 м², планировка дома, планы этажей, готовый проект дома, дерево, catalog-plans.ru"
"Проекты домов от 150 м²: проект №11-13, 228,5 м²",https://raw.githubusercontent.com/nemchenik/test/9dd044fcd82fb3fec19f27b78d079fa36d093adb/pinterest/generated_batch_66_raw_visual_plans_from_150/11-13.jpg,Проекты домов от 150 м²,,"Проекты домов от 150 м² — готовый проект №11-13 площадью 228,5 м². Дом: 2 этажа, габариты 12.7×14.8 м, материал стен — дерево. На изображении представлены оригинальная визуализация дома и планы этажей. Сохраните проект, сравните планировку комнат и перейдите в каталог, чтобы узнать состав документации и актуальную стоимость.",https://catalog-plans.ru/catalog/11-13?utm_source=pinterest&utm_medium=organic&utm_campaign=generated_raw_visual_plans_from_150_batch_66&utm_content=pin_12541_11-13_plans&utm_term=proekty-domov-s-planirovkami,,"проекты домов от 150 м², проект дома 11-13, дом 228,5 м², планировка дома, планы этажей, готовый проект дома, дерево, catalog-plans.ru"
"Проекты домов до 100 м²: проект №71-32, 90,63 м²",https://raw.githubusercontent.com/nemchenik/test/9dd044fcd82fb3fec19f27b78d079fa36d093adb/pinterest/generated_batch_64_raw_visual_plans_to_100/71-32.jpg,Проекты домов до 100 м²,,"Проекты домов до 100 м² — готовый проект №71-32 площадью 90,63 м². Дом: 1 этаж, габариты 9.05×12.35 м, материал стен — деревянный каркас. На изображении представлены оригинальная визуализация дома и планы этажей. Сохраните проект, сравните планировку комнат и перейдите в каталог, чтобы узнать состав документации и актуальную стоимость.",https://catalog-plans.ru/catalog/71-32?utm_source=pinterest&utm_medium=organic&utm_campaign=generated_raw_visual_plans_to_100_batch_64&utm_content=pin_12142_71-32_plans&utm_term=proekty-domov-s-planirovkami,,"проекты домов до 100 м², проект дома 71-32, дом 90,63 м², планировка дома, планы этажей, готовый проект дома, деревянный каркас, catalog-plans.ru"
"Проекты домов 100–150 м²: проект №47-52, 135,1 м²",https://raw.githubusercontent.com/nemchenik/test/9dd044fcd82fb3fec19f27b78d079fa36d093adb/pinterest/generated_batch_65_raw_visual_plans_100_150/47-52.jpg,Проекты домов 100–150 м²,,"Проекты домов 100–150 м² — готовый проект №47-52 площадью 135,1 м². Дом: 2 этажа, габариты 9.48×11.38 м, материал стен — кирпич. На изображении представлены оригинальная визуализация дома и планы этажей. Сохраните проект, сравните планировку комнат и перейдите в каталог, чтобы узнать состав документации и актуальную стоимость.",https://catalog-plans.ru/catalog/47-52?utm_source=pinterest&utm_medium=organic&utm_campaign=generated_raw_visual_plans_100_150_batch_65&utm_content=pin_12342_47-52_plans&utm_term=proekty-domov-s-planirovkami,,"проекты домов 100–150 м², проект дома 47-52, дом 135,1 м², планировка дома, планы этажей, готовый проект дома, кирпич, catalog-plans.ru"
"Проекты домов от 150 м²: проект №57-54K, 199,64 м²",https://raw.githubusercontent.com/nemchenik/test/9dd044fcd82fb3fec19f27b78d079fa36d093adb/pinterest/generated_batch_66_raw_visual_plans_from_150/57-54K.jpg,Проекты домов от 150 м²,,"Проекты домов от 150 м² — готовый проект №57-54K площадью 199,64 м². Дом: 2 этажа, габариты 13.46×14.81 м, материал стен — кирпич. На изображении представлены оригинальная визуализация дома и планы этажей. Сохраните проект, сравните планировку комнат и перейдите в каталог, чтобы узнать состав документации и актуальную стоимость.",https://catalog-plans.ru/catalog/57-54K?utm_source=pinterest&utm_medium=organic&utm_campaign=generated_raw_visual_plans_from_150_batch_66&utm_content=pin_12542_57-54K_plans&utm_term=proekty-domov-s-planirovkami,,"проекты домов от 150 м², проект дома 57-54K, дом 199,64 м², планировка дома, планы этажей, готовый проект дома, кирпич, catalog-plans.ru"
"Проекты домов до 100 м²: проект №10-77, 64,4 м²",https://raw.githubusercontent.com/nemchenik/test/9dd044fcd82fb3fec19f27b78d079fa36d093adb/pinterest/generated_batch_64_raw_visual_plans_to_100/10-77.jpg,Проекты домов до 100 м²,,"Проекты домов до 100 м² — готовый проект №10-77 площадью 64,4 м². Дом: 2 этажа, габариты 5.5×8 м, материал стен — дерево. На изображении представлены оригинальная визуализация дома и планы этажей. Сохраните проект, сравните планировку комнат и перейдите в каталог, чтобы узнать состав документации и актуальную стоимость.",https://catalog-plans.ru/catalog/10-77?utm_source=pinterest&utm_medium=organic&utm_campaign=generated_raw_visual_plans_to_100_batch_64&utm_content=pin_12143_10-77_plans&utm_term=proekty-domov-s-planirovkami,,"проекты домов до 100 м², проект дома 10-77, дом 64,4 м², планировка дома, планы этажей, готовый проект дома, дерево, catalog-plans.ru"
"Проекты домов 100–150 м²: проект №61-23D, 100,8 м²",https://raw.githubusercontent.com/nemchenik/test/9dd044fcd82fb3fec19f27b78d079fa36d093adb/pinterest/generated_batch_65_raw_visual_plans_100_150/61-23D.jpg,Проекты домов 100–150 м²,,"Проекты домов 100–150 м² — готовый проект №61-23D площадью 100,8 м². Дом: 2 этажа, габариты 7×8.85 м, материал стен — газобетон. На изображении представлены оригинальная визуализация дома и планы этажей. Сохраните проект, сравните планировку комнат и перейдите в каталог, чтобы узнать состав документации и актуальную стоимость.",https://catalog-plans.ru/catalog/61-23D?utm_source=pinterest&utm_medium=organic&utm_campaign=generated_raw_visual_plans_100_150_batch_65&utm_content=pin_12343_61-23D_plans&utm_term=proekty-domov-s-planirovkami,,"проекты домов 100–150 м², проект дома 61-23D, дом 100,8 м², планировка дома, планы этажей, готовый проект дома, газобетон, catalog-plans.ru"
"Проекты домов от 150 м²: проект №46-09MAGL, 182,63 м²",https://raw.githubusercontent.com/nemchenik/test/9dd044fcd82fb3fec19f27b78d079fa36d093adb/pinterest/generated_batch_66_raw_visual_plans_from_150/46-09MAGL.jpg,Проекты домов от 150 м²,,"Проекты домов от 150 м² — готовый проект №46-09MAGL площадью 182,63 м². Дом: 1 этаж, габариты 12.8×19.24 м, материал стен — газобетон. На изображении представлены оригинальная визуализация дома и планы этажей. Сохраните проект, сравните планировку комнат и перейдите в каталог, чтобы узнать состав документации и актуальную стоимость.",https://catalog-plans.ru/catalog/46-09MAGL?utm_source=pinterest&utm_medium=organic&utm_campaign=generated_raw_visual_plans_from_150_batch_66&utm_content=pin_12543_46-09MAGL_plans&utm_term=proekty-domov-s-planirovkami,,"проекты домов от 150 м², проект дома 46-09MAGL, дом 182,63 м², планировка дома, планы этажей, готовый проект дома, газобетон, catalog-plans.ru"
"Проекты домов до 100 м²: проект №58-58AB, 87,83 м²",https://raw.githubusercontent.com/nemchenik/test/9dd044fcd82fb3fec19f27b78d079fa36d093adb/pinterest/generated_batch_64_raw_visual_plans_to_100/58-58AB.jpg,Проекты домов до 100 м²,,"Проекты домов до 100 м² — готовый проект №58-58AB площадью 87,83 м². Дом: 2 этажа, габариты 6.76×8.76 м, материал стен — кирпич. На изображении представлены оригинальная визуализация дома и планы этажей. Сохраните проект, сравните планировку комнат и перейдите в каталог, чтобы узнать состав документации и актуальную стоимость.",https://catalog-plans.ru/catalog/58-58AB?utm_source=pinterest&utm_medium=organic&utm_campaign=generated_raw_visual_plans_to_100_batch_64&utm_content=pin_12144_58-58AB_plans&utm_term=proekty-domov-s-planirovkami,,"проекты домов до 100 м², проект дома 58-58AB, дом 87,83 м², планировка дома, планы этажей, готовый проект дома, кирпич, catalog-plans.ru"
"Проекты домов 100–150 м²: проект №58-90D, 109,98 м²",https://raw.githubusercontent.com/nemchenik/test/9dd044fcd82fb3fec19f27b78d079fa36d093adb/pinterest/generated_batch_65_raw_visual_plans_100_150/58-90D.jpg,Проекты домов 100–150 м²,,"Проекты домов 100–150 м² — готовый проект №58-90D площадью 109,98 м². Дом: 1 этаж, габариты 10.55×14.5 м, материал стен — газобетон. На изображении представлены оригинальная визуализация дома и планы этажей. Сохраните проект, сравните планировку комнат и перейдите в каталог, чтобы узнать состав документации и актуальную стоимость.",https://catalog-plans.ru/catalog/58-90D?utm_source=pinterest&utm_medium=organic&utm_campaign=generated_raw_visual_plans_100_150_batch_65&utm_content=pin_12344_58-90D_plans&utm_term=proekty-domov-s-planirovkami,,"проекты домов 100–150 м², проект дома 58-90D, дом 109,98 м², планировка дома, планы этажей, готовый проект дома, газобетон, catalog-plans.ru"
"Проекты домов от 150 м²: проект №40-26L, 324,68 м²",https://raw.githubusercontent.com/nemchenik/test/9dd044fcd82fb3fec19f27b78d079fa36d093adb/pinterest/generated_batch_66_raw_visual_plans_from_150/40-26L.jpg,Проекты домов от 150 м²,,"Проекты домов от 150 м² — готовый проект №40-26L площадью 324,68 м². Дом: 2 этажа, габариты 17.51×23.07 м, материал стен — кирпич. На изображении представлены оригинальная визуализация дома и планы этажей. Сохраните проект, сравните планировку комнат и перейдите в каталог, чтобы узнать состав документации и актуальную стоимость.",https://catalog-plans.ru/catalog/40-26L?utm_source=pinterest&utm_medium=organic&utm_campaign=generated_raw_visual_plans_from_150_batch_66&utm_content=pin_12544_40-26L_plans&utm_term=proekty-domov-s-planirovkami,,"проекты домов от 150 м², проект дома 40-26L, дом 324,68 м², планировка дома, планы этажей, готовый проект дома, кирпич, catalog-plans.ru"
"Проекты домов до 100 м²: проект №52-61WIKING, 69,73 м²",https://raw.githubusercontent.com/nemchenik/test/9dd044fcd82fb3fec19f27b78d079fa36d093adb/pinterest/generated_batch_64_raw_visual_plans_to_100/52-61WIKING.jpg,Проекты домов до 100 м²,,"Проекты домов до 100 м² — готовый проект №52-61WIKING площадью 69,73 м². Дом: 1 этаж, габариты 6×13 м, материал стен — деревянный каркас. На изображении представлены оригинальная визуализация дома и планы этажей. Сохраните проект, сравните планировку комнат и перейдите в каталог, чтобы узнать состав документации и актуальную стоимость.",https://catalog-plans.ru/catalog/52-61WIKING?utm_source=pinterest&utm_medium=organic&utm_campaign=generated_raw_visual_plans_to_100_batch_64&utm_content=pin_12145_52-61WIKING_plans&utm_term=proekty-domov-s-planirovkami,,"проекты домов до 100 м², проект дома 52-61WIKING, дом 69,73 м², планировка дома, планы этажей, готовый проект дома, деревянный каркас, catalog-plans.ru"
"Проекты домов 100–150 м²: проект №57-07DCEDRAL, 125,72 м²",https://raw.githubusercontent.com/nemchenik/test/9dd044fcd82fb3fec19f27b78d079fa36d093adb/pinterest/generated_batch_65_raw_visual_plans_100_150/57-07DCEDRAL.jpg,Проекты домов 100–150 м²,,"Проекты домов 100–150 м² — готовый проект №57-07DCEDRAL площадью 125,72 м². Дом: 2 этажа, габариты 8.35×10.75 м, материал стен — газобетон. На изображении представлены оригинальная визуализация дома и планы этажей. Сохраните проект, сравните планировку комнат и перейдите в каталог, чтобы узнать состав документации и актуальную стоимость.",https://catalog-plans.ru/catalog/57-07DCEDRAL?utm_source=pinterest&utm_medium=organic&utm_campaign=generated_raw_visual_plans_100_150_batch_65&utm_content=pin_12345_57-07DCEDRAL_plans&utm_term=proekty-domov-s-planirovkami,,"проекты домов 100–150 м², проект дома 57-07DCEDRAL, дом 125,72 м², планировка дома, планы этажей, готовый проект дома, газобетон, catalog-plans.ru"
"Проекты домов от 150 м²: проект №72-04, 262 м²",https://raw.githubusercontent.com/nemchenik/test/9dd044fcd82fb3fec19f27b78d079fa36d093adb/pinterest/generated_batch_66_raw_visual_plans_from_150/72-04.jpg,Проекты домов от 150 м²,,"Проекты домов от 150 м² — готовый проект №72-04 площадью 262 м². Дом: 2 этажа, габариты 13.7×17.16 м, материал стен — газобетон. На изображении представлены оригинальная визуализация дома и планы этажей. Сохраните проект, сравните планировку комнат и перейдите в каталог, чтобы узнать состав документации и актуальную стоимость.",https://catalog-plans.ru/catalog/72-04?utm_source=pinterest&utm_medium=organic&utm_campaign=generated_raw_visual_plans_from_150_batch_66&utm_content=pin_12545_72-04_plans&utm_term=proekty-domov-s-planirovkami,,"проекты домов от 150 м², проект дома 72-04, дом 262 м², планировка дома, планы этажей, готовый проект дома, газобетон, catalog-plans.ru"
"Проекты домов до 100 м²: проект №68-76, 98,51 м²",https://raw.githubusercontent.com/nemchenik/test/9dd044fcd82fb3fec19f27b78d079fa36d093adb/pinterest/generated_batch_64_raw_visual_plans_to_100/68-76.jpg,Проекты домов до 100 м²,,"Проекты домов до 100 м² — готовый проект №68-76 площадью 98,51 м². Дом: 1 этаж, габариты 11.15×12.65 м, материал стен — газобетон. На изображении представлены оригинальная визуализация дома и планы этажей. Сохраните проект, сравните планировку комнат и перейдите в каталог, чтобы узнать состав документации и актуальную стоимость.",https://catalog-plans.ru/catalog/68-76?utm_source=pinterest&utm_medium=organic&utm_campaign=generated_raw_visual_plans_to_100_batch_64&utm_content=pin_12146_68-76_plans&utm_term=proekty-domov-s-planirovkami,,"проекты домов до 100 м², проект дома 68-76, дом 98,51 м², планировка дома, планы этажей, готовый проект дома, газобетон, catalog-plans.ru"
"Проекты домов 100–150 м²: проект №58-97ML, 121,71 м²",https://raw.githubusercontent.com/nemchenik/test/9dd044fcd82fb3fec19f27b78d079fa36d093adb/pinterest/generated_batch_65_raw_visual_plans_100_150/58-97ML.jpg,Проекты домов 100–150 м²,,"Проекты домов 100–150 м² — готовый проект №58-97ML площадью 121,71 м². Дом: 1 этаж, габариты 13.27×13.57 м, материал стен — монолитный каркас. На изображении представлены оригинальная визуализация дома и планы этажей. Сохраните проект, сравните планировку комнат и перейдите в каталог, чтобы узнать состав документации и актуальную стоимость.",https://catalog-plans.ru/catalog/58-97ML?utm_source=pinterest&utm_medium=organic&utm_campaign=generated_raw_visual_plans_100_150_batch_65&utm_content=pin_12346_58-97ML_plans&utm_term=proekty-domov-s-planirovkami,,"проекты домов 100–150 м², проект дома 58-97ML, дом 121,71 м², планировка дома, планы этажей, готовый проект дома, монолитный каркас, catalog-plans.ru"
"Проекты домов от 150 м²: проект №38-17, 587,03 м²",https://raw.githubusercontent.com/nemchenik/test/9dd044fcd82fb3fec19f27b78d079fa36d093adb/pinterest/generated_batch_66_raw_visual_plans_from_150/38-17.jpg,Проекты домов от 150 м²,,"Проекты домов от 150 м² — готовый проект №38-17 площадью 587,03 м². Дом: 2 этажа, габариты 18.89×20.9 м, материал стен — кирпич. На изображении представлены оригинальная визуализация дома и планы этажей. Сохраните проект, сравните планировку комнат и перейдите в каталог, чтобы узнать состав документации и актуальную стоимость.",https://catalog-plans.ru/catalog/38-17?utm_source=pinterest&utm_medium=organic&utm_campaign=generated_raw_visual_plans_from_150_batch_66&utm_content=pin_12546_38-17_plans&utm_term=proekty-domov-s-planirovkami,,"проекты домов от 150 м², проект дома 38-17, дом 587,03 м², планировка дома, планы этажей, готовый проект дома, кирпич, catalog-plans.ru"
"Проекты домов до 100 м²: проект №31-82, 95,8 м²",https://raw.githubusercontent.com/nemchenik/test/9dd044fcd82fb3fec19f27b78d079fa36d093adb/pinterest/generated_batch_64_raw_visual_plans_to_100/31-82.jpg,Проекты домов до 100 м²,,"Проекты домов до 100 м² — готовый проект №31-82 площадью 95,8 м². Дом: 2 этажа, габариты 10.77×11.59 м, материал стен — кирпич. На изображении представлены оригинальная визуализация дома и планы этажей. Сохраните проект, сравните планировку комнат и перейдите в каталог, чтобы узнать состав документации и актуальную стоимость.",https://catalog-plans.ru/catalog/31-82?utm_source=pinterest&utm_medium=organic&utm_campaign=generated_raw_visual_plans_to_100_batch_64&utm_content=pin_12147_31-82_plans&utm_term=proekty-domov-s-planirovkami,,"проекты домов до 100 м², проект дома 31-82, дом 95,8 м², планировка дома, планы этажей, готовый проект дома, кирпич, catalog-plans.ru"
"Проекты домов 100–150 м²: проект №58-16, 135,07 м²",https://raw.githubusercontent.com/nemchenik/test/9dd044fcd82fb3fec19f27b78d079fa36d093adb/pinterest/generated_batch_65_raw_visual_plans_100_150/58-16.jpg,Проекты домов 100–150 м²,,"Проекты домов 100–150 м² — готовый проект №58-16 площадью 135,07 м². Дом: 2 этажа, габариты 10.1×10.1 м, материал стен — газобетон. На изображении представлены оригинальная визуализация дома и планы этажей. Сохраните проект, сравните планировку комнат и перейдите в каталог, чтобы узнать состав документации и актуальную стоимость.",https://catalog-plans.ru/catalog/58-16?utm_source=pinterest&utm_medium=organic&utm_campaign=generated_raw_visual_plans_100_150_batch_65&utm_content=pin_12347_58-16_plans&utm_term=proekty-domov-s-planirovkami,,"проекты домов 100–150 м², проект дома 58-16, дом 135,07 м², планировка дома, планы этажей, готовый проект дома, газобетон, catalog-plans.ru"
"Проекты домов от 150 м²: проект №57-11K, 170,6 м²",https://raw.githubusercontent.com/nemchenik/test/9dd044fcd82fb3fec19f27b78d079fa36d093adb/pinterest/generated_batch_66_raw_visual_plans_from_150/57-11K.jpg,Проекты домов от 150 м²,,"Проекты домов от 150 м² — готовый проект №57-11K площадью 170,6 м². Дом: 2 этажа, габариты 11.3×14.75 м, материал стен — кирпич. На изображении представлены оригинальная визуализация дома и планы этажей. Сохраните проект, сравните планировку комнат и перейдите в каталог, чтобы узнать состав документации и актуальную стоимость.",https://catalog-plans.ru/catalog/57-11K?utm_source=pinterest&utm_medium=organic&utm_campaign=generated_raw_visual_plans_from_150_batch_66&utm_content=pin_12547_57-11K_plans&utm_term=proekty-domov-s-planirovkami,,"проекты домов от 150 м², проект дома 57-11K, дом 170,6 м², планировка дома, планы этажей, готовый проект дома, кирпич, catalog-plans.ru"
"Проекты домов до 100 м²: проект №71-26, 62,89 м²",https://raw.githubusercontent.com/nemchenik/test/9dd044fcd82fb3fec19f27b78d079fa36d093adb/pinterest/generated_batch_64_raw_visual_plans_to_100/71-26.jpg,Проекты домов до 100 м²,,"Проекты домов до 100 м² — готовый проект №71-26 площадью 62,89 м². Дом: 1 этаж, габариты 6.935×11.175 м, материал стен — деревянный каркас. На изображении представлены оригинальная визуализация дома и планы этажей. Сохраните проект, сравните планировку комнат и перейдите в каталог, чтобы узнать состав документации и актуальную стоимость.",https://catalog-plans.ru/catalog/71-26?utm_source=pinterest&utm_medium=organic&utm_campaign=generated_raw_visual_plans_to_100_batch_64&utm_content=pin_12148_71-26_plans&utm_term=proekty-domov-s-planirovkami,,"проекты домов до 100 м², проект дома 71-26, дом 62,89 м², планировка дома, планы этажей, готовый проект дома, деревянный каркас, catalog-plans.ru"
"Проекты домов 100–150 м²: проект №63-34K1L, 116,67 м²",https://raw.githubusercontent.com/nemchenik/test/9dd044fcd82fb3fec19f27b78d079fa36d093adb/pinterest/generated_batch_65_raw_visual_plans_100_150/63-34K1L.jpg,Проекты домов 100–150 м²,,"Проекты домов 100–150 м² — готовый проект №63-34K1L площадью 116,67 м². Дом: 1 этаж, габариты 10.92×13.81 м, материал стен — кирпич. На изображении представлены оригинальная визуализация дома и планы этажей. Сохраните проект, сравните планировку комнат и перейдите в каталог, чтобы узнать состав документации и актуальную стоимость.",https://catalog-plans.ru/catalog/63-34K1L?utm_source=pinterest&utm_medium=organic&utm_campaign=generated_raw_visual_plans_100_150_batch_65&utm_content=pin_12348_63-34K1L_plans&utm_term=proekty-domov-s-planirovkami,,"проекты домов 100–150 м², проект дома 63-34K1L, дом 116,67 м², планировка дома, планы этажей, готовый проект дома, кирпич, catalog-plans.ru"
"Проекты домов от 150 м²: проект №46-09AX, 158,9 м²",https://raw.githubusercontent.com/nemchenik/test/9dd044fcd82fb3fec19f27b78d079fa36d093adb/pinterest/generated_batch_66_raw_visual_plans_from_150/46-09AX.jpg,Проекты домов от 150 м²,,"Проекты домов от 150 м² — готовый проект №46-09AX площадью 158,9 м². Дом: 1 этаж, габариты 14.16×20.13 м, материал стен — блоки из ракушечника 400. На изображении представлены оригинальная визуализация дома и планы этажей. Сохраните проект, сравните планировку комнат и перейдите в каталог, чтобы узнать состав документации и актуальную стоимость.",https://catalog-plans.ru/catalog/46-09AX?utm_source=pinterest&utm_medium=organic&utm_campaign=generated_raw_visual_plans_from_150_batch_66&utm_content=pin_12548_46-09AX_plans&utm_term=proekty-domov-s-planirovkami,,"проекты домов от 150 м², проект дома 46-09AX, дом 158,9 м², планировка дома, планы этажей, готовый проект дома, блоки из ракушечника 400, catalog-plans.ru"
"Проекты домов до 100 м²: проект №13-59AG, 87,56 м²",https://raw.githubusercontent.com/nemchenik/test/9dd044fcd82fb3fec19f27b78d079fa36d093adb/pinterest/generated_batch_64_raw_visual_plans_to_100/13-59AG.jpg,Проекты домов до 100 м²,,"Проекты домов до 100 м² — готовый проект №13-59AG площадью 87,56 м². Дом: 2 этажа, габариты 7.94×8.94 м, материал стен — газобетон. На изображении представлены оригинальная визуализация дома и планы этажей. Сохраните проект, сравните планировку комнат и перейдите в каталог, чтобы узнать состав документации и актуальную стоимость.",https://catalog-plans.ru/catalog/13-59AG?utm_source=pinterest&utm_medium=organic&utm_campaign=generated_raw_visual_plans_to_100_batch_64&utm_content=pin_12149_13-59AG_plans&utm_term=proekty-domov-s-planirovkami,,"проекты домов до 100 м², проект дома 13-59AG, дом 87,56 м², планировка дома, планы этажей, готовый проект дома, газобетон, catalog-plans.ru"
"Проекты домов 100–150 м²: проект №12-11, 121,9 м²",https://raw.githubusercontent.com/nemchenik/test/9dd044fcd82fb3fec19f27b78d079fa36d093adb/pinterest/generated_batch_65_raw_visual_plans_100_150/12-11.jpg,Проекты домов 100–150 м²,,"Проекты домов 100–150 м² — готовый проект №12-11 площадью 121,9 м². Дом: 2 этажа, габариты 8.12×9 м, материал стен — дерево. На изображении представлены оригинальная визуализация дома и планы этажей. Сохраните проект, сравните планировку комнат и перейдите в каталог, чтобы узнать состав документации и актуальную стоимость.",https://catalog-plans.ru/catalog/12-11?utm_source=pinterest&utm_medium=organic&utm_campaign=generated_raw_visual_plans_100_150_batch_65&utm_content=pin_12349_12-11_plans&utm_term=proekty-domov-s-planirovkami,,"проекты домов 100–150 м², проект дома 12-11, дом 121,9 м², планировка дома, планы этажей, готовый проект дома, дерево, catalog-plans.ru"
"Проекты домов от 150 м²: проект №66-18, 269,13 м²",https://raw.githubusercontent.com/nemchenik/test/9dd044fcd82fb3fec19f27b78d079fa36d093adb/pinterest/generated_batch_66_raw_visual_plans_from_150/66-18.jpg,Проекты домов от 150 м²,,"Проекты домов от 150 м² — готовый проект №66-18 площадью 269,13 м². Дом: 2 этажа, габариты 14.84×18.08 м, материал стен — кирпич. На изображении представлены оригинальная визуализация дома и планы этажей. Сохраните проект, сравните планировку комнат и перейдите в каталог, чтобы узнать состав документации и актуальную стоимость.",https://catalog-plans.ru/catalog/66-18?utm_source=pinterest&utm_medium=organic&utm_campaign=generated_raw_visual_plans_from_150_batch_66&utm_content=pin_12549_66-18_plans&utm_term=proekty-domov-s-planirovkami,,"проекты домов от 150 м², проект дома 66-18, дом 269,13 м², планировка дома, планы этажей, готовый проект дома, кирпич, catalog-plans.ru"
"Проекты домов до 100 м²: проект №46-50K1, 77,99 м²",https://raw.githubusercontent.com/nemchenik/test/9dd044fcd82fb3fec19f27b78d079fa36d093adb/pinterest/generated_batch_64_raw_visual_plans_to_100/46-50K1.jpg,Проекты домов до 100 м²,,"Проекты домов до 100 м² — готовый проект №46-50K1 площадью 77,99 м². Дом: 2 этажа, габариты 8×12 м, материал стен — кирпич. На изображении представлены оригинальная визуализация дома и планы этажей. Сохраните проект, сравните планировку комнат и перейдите в каталог, чтобы узнать состав документации и актуальную стоимость.",https://catalog-plans.ru/catalog/46-50K1?utm_source=pinterest&utm_medium=organic&utm_campaign=generated_raw_visual_plans_to_100_batch_64&utm_content=pin_12150_46-50K1_plans&utm_term=proekty-domov-s-planirovkami,,"проекты домов до 100 м², проект дома 46-50K1, дом 77,99 м², планировка дома, планы этажей, готовый проект дома, кирпич, catalog-plans.ru"
"Проекты домов 100–150 м²: проект №90-86AB, 112,31 м²",https://raw.githubusercontent.com/nemchenik/test/9dd044fcd82fb3fec19f27b78d079fa36d093adb/pinterest/generated_batch_65_raw_visual_plans_100_150/90-86AB.jpg,Проекты домов 100–150 м²,,"Проекты домов 100–150 м² — готовый проект №90-86AB площадью 112,31 м². Дом: 1 этаж, габариты 8.68×9.35 м, материал стен — газобетон. На изображении представлены оригинальная визуализация дома и планы этажей. Сохраните проект, сравните планировку комнат и перейдите в каталог, чтобы узнать состав документации и актуальную стоимость.",https://catalog-plans.ru/catalog/90-86AB?utm_source=pinterest&utm_medium=organic&utm_campaign=generated_raw_visual_plans_100_150_batch_65&utm_content=pin_12350_90-86AB_plans&utm_term=proekty-domov-s-planirovkami,,"проекты домов 100–150 м², проект дома 90-86AB, дом 112,31 м², планировка дома, планы этажей, готовый проект дома, газобетон, catalog-plans.ru"
"Проекты домов от 150 м²: проект №40-05DG, 180,97 м²",https://raw.githubusercontent.com/nemchenik/test/9dd044fcd82fb3fec19f27b78d079fa36d093adb/pinterest/generated_batch_66_raw_visual_plans_from_150/40-05DG.jpg,Проекты домов от 150 м²,,"Проекты домов от 150 м² — готовый проект №40-05DG площадью 180,97 м². Дом: 2 этажа, габариты 11.85×11.92 м, материал стен — газобетон. На изображении представлены оригинальная визуализация дома и планы этажей. Сохраните проект, сравните планировку комнат и перейдите в каталог, чтобы узнать состав документации и актуальную стоимость.",https://catalog-plans.ru/catalog/40-05DG?utm_source=pinterest&utm_medium=organic&utm_campaign=generated_raw_visual_plans_from_150_batch_66&utm_content=pin_12550_40-05DG_plans&utm_term=proekty-domov-s-planirovkami,,"проекты домов от 150 м², проект дома 40-05DG, дом 180,97 м², планировка дома, планы этажей, готовый проект дома, газобетон, catalog-plans.ru"
"Проекты домов до 100 м²: проект №90-20A, 56,03 м²",https://raw.githubusercontent.com/nemchenik/test/9dd044fcd82fb3fec19f27b78d079fa36d093adb/pinterest/generated_batch_64_raw_visual_plans_to_100/90-20A.jpg,Проекты домов до 100 м²,,"Проекты домов до 100 м² — готовый проект №90-20A площадью 56,03 м². Дом: 2 этажа, габариты 6.75×7.75 м, материал стен — дерево. На изображении представлены оригинальная визуализация дома и планы этажей. Сохраните проект, сравните планировку комнат и перейдите в каталог, чтобы узнать состав документации и актуальную стоимость.",https://catalog-plans.ru/catalog/90-20A?utm_source=pinterest&utm_medium=organic&utm_campaign=generated_raw_visual_plans_to_100_batch_64&utm_content=pin_12151_90-20A_plans&utm_term=proekty-domov-s-planirovkami,,"проекты домов до 100 м², проект дома 90-20A, дом 56,03 м², планировка дома, планы этажей, готовый проект дома, дерево, catalog-plans.ru"
"Проекты домов 100–150 м²: проект №58-34K, 143,63 м²",https://raw.githubusercontent.com/nemchenik/test/9dd044fcd82fb3fec19f27b78d079fa36d093adb/pinterest/generated_batch_65_raw_visual_plans_100_150/58-34K.jpg,Проекты домов 100–150 м²,,"Проекты домов 100–150 м² — готовый проект №58-34K площадью 143,63 м². Дом: 2 этажа, габариты 10.87×11 м, материал стен — кирпич. На изображении представлены оригинальная визуализация дома и планы этажей. Сохраните проект, сравните планировку комнат и перейдите в каталог, чтобы узнать состав документации и актуальную стоимость.",https://catalog-plans.ru/catalog/58-34K?utm_source=pinterest&utm_medium=organic&utm_campaign=generated_raw_visual_plans_100_150_batch_65&utm_content=pin_12351_58-34K_plans&utm_term=proekty-domov-s-planirovkami,,"проекты домов 100–150 м², проект дома 58-34K, дом 143,63 м², планировка дома, планы этажей, готовый проект дома, кирпич, catalog-plans.ru"
"Проекты домов от 150 м²: проект №58-44BDL, 429,42 м²",https://raw.githubusercontent.com/nemchenik/test/9dd044fcd82fb3fec19f27b78d079fa36d093adb/pinterest/generated_batch_66_raw_visual_plans_from_150/58-44BDL.jpg,Проекты домов от 150 м²,,"Проекты домов от 150 м² — готовый проект №58-44BDL площадью 429,42 м². Дом: 3 этажа, габариты 14.66×16.46 м, материал стен — газобетон. На изображении представлены оригинальная визуализация дома и планы этажей. Сохраните проект, сравните планировку комнат и перейдите в каталог, чтобы узнать состав документации и актуальную стоимость.",https://catalog-plans.ru/catalog/58-44BDL?utm_source=pinterest&utm_medium=organic&utm_campaign=generated_raw_visual_plans_from_150_batch_66&utm_content=pin_12551_58-44BDL_plans&utm_term=proekty-domov-s-planirovkami,,"проекты домов от 150 м², проект дома 58-44BDL, дом 429,42 м², планировка дома, планы этажей, готовый проект дома, газобетон, catalog-plans.ru"
"Проекты домов до 100 м²: проект №51-12, 53,24 м²",https://raw.githubusercontent.com/nemchenik/test/9dd044fcd82fb3fec19f27b78d079fa36d093adb/pinterest/generated_batch_64_raw_visual_plans_to_100/51-12.jpg,Проекты домов до 100 м²,,"Проекты домов до 100 м² — готовый проект №51-12 площадью 53,24 м². Дом: 1 этаж, габариты 9×10 м, материал стен — газобетон. На изображении представлены оригинальная визуализация дома и планы этажей. Сохраните проект, сравните планировку комнат и перейдите в каталог, чтобы узнать состав документации и актуальную стоимость.",https://catalog-plans.ru/catalog/51-12?utm_source=pinterest&utm_medium=organic&utm_campaign=generated_raw_visual_plans_to_100_batch_64&utm_content=pin_12152_51-12_plans&utm_term=proekty-domov-s-planirovkami,,"проекты домов до 100 м², проект дома 51-12, дом 53,24 м², планировка дома, планы этажей, готовый проект дома, газобетон, catalog-plans.ru"
"Проекты домов 100–150 м²: проект №58-70FK, 141,95 м²",https://raw.githubusercontent.com/nemchenik/test/9dd044fcd82fb3fec19f27b78d079fa36d093adb/pinterest/generated_batch_65_raw_visual_plans_100_150/58-70FK.jpg,Проекты домов 100–150 м²,,"Проекты домов 100–150 м² — готовый проект №58-70FK площадью 141,95 м². Дом: 1 этаж, габариты 12.73×14.02 м, материал стен — кирпич. На изображении представлены оригинальная визуализация дома и планы этажей. Сохраните проект, сравните планировку комнат и перейдите в каталог, чтобы узнать состав документации и актуальную стоимость.",https://catalog-plans.ru/catalog/58-70FK?utm_source=pinterest&utm_medium=organic&utm_campaign=generated_raw_visual_plans_100_150_batch_65&utm_content=pin_12352_58-70FK_plans&utm_term=proekty-domov-s-planirovkami,,"проекты домов 100–150 м², проект дома 58-70FK, дом 141,95 м², планировка дома, планы этажей, готовый проект дома, кирпич, catalog-plans.ru"
"Проекты домов от 150 м²: проект №13-77, 203,41 м²",https://raw.githubusercontent.com/nemchenik/test/9dd044fcd82fb3fec19f27b78d079fa36d093adb/pinterest/generated_batch_66_raw_visual_plans_from_150/13-77.jpg,Проекты домов от 150 м²,,"Проекты домов от 150 м² — готовый проект №13-77 площадью 203,41 м². Дом: 2 этажа, габариты 12×14.15 м, материал стен — дерево. На изображении представлены оригинальная визуализация дома и планы этажей. Сохраните проект, сравните планировку комнат и перейдите в каталог, чтобы узнать состав документации и актуальную стоимость.",https://catalog-plans.ru/catalog/13-77?utm_source=pinterest&utm_medium=organic&utm_campaign=generated_raw_visual_plans_from_150_batch_66&utm_content=pin_12552_13-77_plans&utm_term=proekty-domov-s-planirovkami,,"проекты домов от 150 м², проект дома 13-77, дом 203,41 м², планировка дома, планы этажей, готовый проект дома, дерево, catalog-plans.ru"
"Проекты домов до 100 м²: проект №70-30, 89,48 м²",https://raw.githubusercontent.com/nemchenik/test/9dd044fcd82fb3fec19f27b78d079fa36d093adb/pinterest/generated_batch_64_raw_visual_plans_to_100/70-30.jpg,Проекты домов до 100 м²,,"Проекты домов до 100 м² — готовый проект №70-30 площадью 89,48 м². Дом: 1 этаж, габариты 12×12.1 м, материал стен — дерево. На изображении представлены оригинальная визуализация дома и планы этажей. Сохраните проект, сравните планировку комнат и перейдите в каталог, чтобы узнать состав документации и актуальную стоимость.",https://catalog-plans.ru/catalog/70-30?utm_source=pinterest&utm_medium=organic&utm_campaign=generated_raw_visual_plans_to_100_batch_64&utm_content=pin_12153_70-30_plans&utm_term=proekty-domov-s-planirovkami,,"проекты домов до 100 м², проект дома 70-30, дом 89,48 м², планировка дома, планы этажей, готовый проект дома, дерево, catalog-plans.ru"
"Проекты домов 100–150 м²: проект №63-42A, 108,95 м²",https://raw.githubusercontent.com/nemchenik/test/9dd044fcd82fb3fec19f27b78d079fa36d093adb/pinterest/generated_batch_65_raw_visual_plans_100_150/63-42A.jpg,Проекты домов 100–150 м²,,"Проекты домов 100–150 м² — готовый проект №63-42A площадью 108,95 м². Дом: 2 этажа, габариты 8.36×14.06 м, материал стен — газобетон. На изображении представлены оригинальная визуализация дома и планы этажей. Сохраните проект, сравните планировку комнат и перейдите в каталог, чтобы узнать состав документации и актуальную стоимость.",https://catalog-plans.ru/catalog/63-42A?utm_source=pinterest&utm_medium=organic&utm_campaign=generated_raw_visual_plans_100_150_batch_65&utm_content=pin_12353_63-42A_plans&utm_term=proekty-domov-s-planirovkami,,"проекты домов 100–150 м², проект дома 63-42A, дом 108,95 м², планировка дома, планы этажей, готовый проект дома, газобетон, catalog-plans.ru"
"Проекты домов от 150 м²: проект №57-62PAEL, 253,01 м²",https://raw.githubusercontent.com/nemchenik/test/9dd044fcd82fb3fec19f27b78d079fa36d093adb/pinterest/generated_batch_66_raw_visual_plans_from_150/57-62PAEL.jpg,Проекты домов от 150 м²,,"Проекты домов от 150 м² — готовый проект №57-62PAEL площадью 253,01 м². Дом: 2 этажа, габариты 14.08×16.94 м, материал стен — газобетон. На изображении представлены оригинальная визуализация дома и планы этажей. Сохраните проект, сравните планировку комнат и перейдите в каталог, чтобы узнать состав документации и актуальную стоимость.",https://catalog-plans.ru/catalog/57-62PAEL?utm_source=pinterest&utm_medium=organic&utm_campaign=generated_raw_visual_plans_from_150_batch_66&utm_content=pin_12553_57-62PAEL_plans&utm_term=proekty-domov-s-planirovkami,,"проекты домов от 150 м², проект дома 57-62PAEL, дом 253,01 м², планировка дома, планы этажей, готовый проект дома, газобетон, catalog-plans.ru"
"Проекты домов до 100 м²: проект №48-20NG, 91,04 м²",https://raw.githubusercontent.com/nemchenik/test/9dd044fcd82fb3fec19f27b78d079fa36d093adb/pinterest/generated_batch_64_raw_visual_plans_to_100/48-20NG.jpg,Проекты домов до 100 м²,,"Проекты домов до 100 м² — готовый проект №48-20NG площадью 91,04 м². Дом: 2 этажа, габариты 8.42×8.42 м, материал стен — газобетон. На изображении представлены оригинальная визуализация дома и планы этажей. Сохраните проект, сравните планировку комнат и перейдите в каталог, чтобы узнать состав документации и актуальную стоимость.",https://catalog-plans.ru/catalog/48-20NG?utm_source=pinterest&utm_medium=organic&utm_campaign=generated_raw_visual_plans_to_100_batch_64&utm_content=pin_12154_48-20NG_plans&utm_term=proekty-domov-s-planirovkami,,"проекты домов до 100 м², проект дома 48-20NG, дом 91,04 м², планировка дома, планы этажей, готовый проект дома, газобетон, catalog-plans.ru"
"Проекты домов 100–150 м²: проект №63-42MF, 124 м²",https://raw.githubusercontent.com/nemchenik/test/9dd044fcd82fb3fec19f27b78d079fa36d093adb/pinterest/generated_batch_65_raw_visual_plans_100_150/63-42MF.jpg,Проекты домов 100–150 м²,,"Проекты домов 100–150 м² — готовый проект №63-42MF площадью 124 м². Дом: 2 этажа, габариты 9×11 м, материал стен — монолитный каркас. На изображении представлены оригинальная визуализация дома и планы этажей. Сохраните проект, сравните планировку комнат и перейдите в каталог, чтобы узнать состав документации и актуальную стоимость.",https://catalog-plans.ru/catalog/63-42MF?utm_source=pinterest&utm_medium=organic&utm_campaign=generated_raw_visual_plans_100_150_batch_65&utm_content=pin_12354_63-42MF_plans&utm_term=proekty-domov-s-planirovkami,,"проекты домов 100–150 м², проект дома 63-42MF, дом 124 м², планировка дома, планы этажей, готовый проект дома, монолитный каркас, catalog-plans.ru"
"Проекты домов от 150 м²: проект №45-08TA, 213,64 м²",https://raw.githubusercontent.com/nemchenik/test/9dd044fcd82fb3fec19f27b78d079fa36d093adb/pinterest/generated_batch_66_raw_visual_plans_from_150/45-08TA.jpg,Проекты домов от 150 м²,,"Проекты домов от 150 м² — готовый проект №45-08TA площадью 213,64 м². Дом: 1 этаж, габариты 14.68×23.14 м, материал стен — кирпич. На изображении представлены оригинальная визуализация дома и планы этажей. Сохраните проект, сравните планировку комнат и перейдите в каталог, чтобы узнать состав документации и актуальную стоимость.",https://catalog-plans.ru/catalog/45-08TA?utm_source=pinterest&utm_medium=organic&utm_campaign=generated_raw_visual_plans_from_150_batch_66&utm_content=pin_12554_45-08TA_plans&utm_term=proekty-domov-s-planirovkami,,"проекты домов от 150 м², проект дома 45-08TA, дом 213,64 м², планировка дома, планы этажей, готовый проект дома, кирпич, catalog-plans.ru"
"Проекты домов до 100 м²: проект №71-21, 55,43 м²",https://raw.githubusercontent.com/nemchenik/test/9dd044fcd82fb3fec19f27b78d079fa36d093adb/pinterest/generated_batch_64_raw_visual_plans_to_100/71-21.jpg,Проекты домов до 100 м²,,"Проекты домов до 100 м² — готовый проект №71-21 площадью 55,43 м². Дом: 1 этаж, габариты 9.12×10.32 м, материал стен — деревянный каркас. На изображении представлены оригинальная визуализация дома и планы этажей. Сохраните проект, сравните планировку комнат и перейдите в каталог, чтобы узнать состав документации и актуальную стоимость.",https://catalog-plans.ru/catalog/71-21?utm_source=pinterest&utm_medium=organic&utm_campaign=generated_raw_visual_plans_to_100_batch_64&utm_content=pin_12155_71-21_plans&utm_term=proekty-domov-s-planirovkami,,"проекты домов до 100 м², проект дома 71-21, дом 55,43 м², планировка дома, планы этажей, готовый проект дома, деревянный каркас, catalog-plans.ru"
"Проекты домов 100–150 м²: проект №58-16AEDL, 129,85 м²",https://raw.githubusercontent.com/nemchenik/test/9dd044fcd82fb3fec19f27b78d079fa36d093adb/pinterest/generated_batch_65_raw_visual_plans_100_150/58-16AEDL.jpg,Проекты домов 100–150 м²,,"Проекты домов 100–150 м² — готовый проект №58-16AEDL площадью 129,85 м². Дом: 2 этажа, габариты 10.4×10.4 м, материал стен — газобетон. На изображении представлены оригинальная визуализация дома и планы этажей. Сохраните проект, сравните планировку комнат и перейдите в каталог, чтобы узнать состав документации и актуальную стоимость.",https://catalog-plans.ru/catalog/58-16AEDL?utm_source=pinterest&utm_medium=organic&utm_campaign=generated_raw_visual_plans_100_150_batch_65&utm_content=pin_12355_58-16AEDL_plans&utm_term=proekty-domov-s-planirovkami,,"проекты домов 100–150 м², проект дома 58-16AEDL, дом 129,85 м², планировка дома, планы этажей, готовый проект дома, газобетон, catalog-plans.ru"
"Проекты домов от 150 м²: проект №40-92, 267,2 м²",https://raw.githubusercontent.com/nemchenik/test/9dd044fcd82fb3fec19f27b78d079fa36d093adb/pinterest/generated_batch_66_raw_visual_plans_from_150/40-92.jpg,Проекты домов от 150 м²,,"Проекты домов от 150 м² — готовый проект №40-92 площадью 267,2 м². Дом: 2 этажа, габариты 15.09×15.84 м, материал стен — кирпич. На изображении представлены оригинальная визуализация дома и планы этажей. Сохраните проект, сравните планировку комнат и перейдите в каталог, чтобы узнать состав документации и актуальную стоимость.",https://catalog-plans.ru/catalog/40-92?utm_source=pinterest&utm_medium=organic&utm_campaign=generated_raw_visual_plans_from_150_batch_66&utm_content=pin_12555_40-92_plans&utm_term=proekty-domov-s-planirovkami,,"проекты домов от 150 м², проект дома 40-92, дом 267,2 м², планировка дома, планы этажей, готовый проект дома, кирпич, catalog-plans.ru"
"Проекты домов до 100 м²: проект №63-31, 83,35 м²",https://raw.githubusercontent.com/nemchenik/test/9dd044fcd82fb3fec19f27b78d079fa36d093adb/pinterest/generated_batch_64_raw_visual_plans_to_100/63-31.jpg,Проекты домов до 100 м²,,"Проекты домов до 100 м² — готовый проект №63-31 площадью 83,35 м². Дом: 1 этаж, габариты 9.4×11.5 м, материал стен — газобетон. На изображении представлены оригинальная визуализация дома и планы этажей. Сохраните проект, сравните планировку комнат и перейдите в каталог, чтобы узнать состав документации и актуальную стоимость.",https://catalog-plans.ru/catalog/63-31?utm_source=pinterest&utm_medium=organic&utm_campaign=generated_raw_visual_plans_to_100_batch_64&utm_content=pin_12156_63-31_plans&utm_term=proekty-domov-s-planirovkami,,"проекты домов до 100 м², проект дома 63-31, дом 83,35 м², планировка дома, планы этажей, готовый проект дома, газобетон, catalog-plans.ru"
"Проекты домов 100–150 м²: проект №46-92GL, 138,22 м²",https://raw.githubusercontent.com/nemchenik/test/9dd044fcd82fb3fec19f27b78d079fa36d093adb/pinterest/generated_batch_65_raw_visual_plans_100_150/46-92GL.jpg,Проекты домов 100–150 м²,,"Проекты домов 100–150 м² — готовый проект №46-92GL площадью 138,22 м². Дом: 1 этаж, габариты 14.96×15.14 м, материал стен — газобетон. На изображении представлены оригинальная визуализация дома и планы этажей. Сохраните проект, сравните планировку комнат и перейдите в каталог, чтобы узнать состав документации и актуальную стоимость.",https://catalog-plans.ru/catalog/46-92GL?utm_source=pinterest&utm_medium=organic&utm_campaign=generated_raw_visual_plans_100_150_batch_65&utm_content=pin_12356_46-92GL_plans&utm_term=proekty-domov-s-planirovkami,,"проекты домов 100–150 м², проект дома 46-92GL, дом 138,22 м², планировка дома, планы этажей, готовый проект дома, газобетон, catalog-plans.ru"
"Проекты домов от 150 м²: проект №63-74EL, 207,65 м²",https://raw.githubusercontent.com/nemchenik/test/9dd044fcd82fb3fec19f27b78d079fa36d093adb/pinterest/generated_batch_66_raw_visual_plans_from_150/63-74EL.jpg,Проекты домов от 150 м²,,"Проекты домов от 150 м² — готовый проект №63-74EL площадью 207,65 м². Дом: 2 этажа, габариты 10.76×15.9 м, материал стен — газобетон. На изображении представлены оригинальная визуализация дома и планы этажей. Сохраните проект, сравните планировку комнат и перейдите в каталог, чтобы узнать состав документации и актуальную стоимость.",https://catalog-plans.ru/catalog/63-74EL?utm_source=pinterest&utm_medium=organic&utm_campaign=generated_raw_visual_plans_from_150_batch_66&utm_content=pin_12556_63-74EL_plans&utm_term=proekty-domov-s-planirovkami,,"проекты домов от 150 м², проект дома 63-74EL, дом 207,65 м², планировка дома, планы этажей, готовый проект дома, газобетон, catalog-plans.ru"
"Проекты домов до 100 м²: проект №65-46, 62,2 м²",https://raw.githubusercontent.com/nemchenik/test/9dd044fcd82fb3fec19f27b78d079fa36d093adb/pinterest/generated_batch_64_raw_visual_plans_to_100/65-46.jpg,Проекты домов до 100 м²,,"Проекты домов до 100 м² — готовый проект №65-46 площадью 62,2 м². Дом: 1 этаж, габариты 7.7×10.75 м, материал стен — газобетон. На изображении представлены оригинальная визуализация дома и планы этажей. Сохраните проект, сравните планировку комнат и перейдите в каталог, чтобы узнать состав документации и актуальную стоимость.",https://catalog-plans.ru/catalog/65-46?utm_source=pinterest&utm_medium=organic&utm_campaign=generated_raw_visual_plans_to_100_batch_64&utm_content=pin_12157_65-46_plans&utm_term=proekty-domov-s-planirovkami,,"проекты домов до 100 м², проект дома 65-46, дом 62,2 м², планировка дома, планы этажей, готовый проект дома, газобетон, catalog-plans.ru"
"Проекты домов 100–150 м²: проект №58-70GLT, 117,76 м²",https://raw.githubusercontent.com/nemchenik/test/9dd044fcd82fb3fec19f27b78d079fa36d093adb/pinterest/generated_batch_65_raw_visual_plans_100_150/58-70GLT.jpg,Проекты домов 100–150 м²,,"Проекты домов 100–150 м² — готовый проект №58-70GLT площадью 117,76 м². Дом: 1 этаж, габариты 12.1×14.1 м, материал стен — газобетон. На изображении представлены оригинальная визуализация дома и планы этажей. Сохраните проект, сравните планировку комнат и перейдите в каталог, чтобы узнать состав документации и актуальную стоимость.",https://catalog-plans.ru/catalog/58-70GLT?utm_source=pinterest&utm_medium=organic&utm_campaign=generated_raw_visual_plans_100_150_batch_65&utm_content=pin_12357_58-70GLT_plans&utm_term=proekty-domov-s-planirovkami,,"проекты домов 100–150 м², проект дома 58-70GLT, дом 117,76 м², планировка дома, планы этажей, готовый проект дома, газобетон, catalog-plans.ru"
"Проекты домов от 150 м²: проект №32-05, 279,71 м²",https://raw.githubusercontent.com/nemchenik/test/9dd044fcd82fb3fec19f27b78d079fa36d093adb/pinterest/generated_batch_66_raw_visual_plans_from_150/32-05.jpg,Проекты домов от 150 м²,,"Проекты домов от 150 м² — готовый проект №32-05 площадью 279,71 м². Дом: 2 этажа, габариты 11.1×14.6 м, материал стен — кирпич. На изображении представлены оригинальная визуализация дома и планы этажей. Сохраните проект, сравните планировку комнат и перейдите в каталог, чтобы узнать состав документации и актуальную стоимость.",https://catalog-plans.ru/catalog/32-05?utm_source=pinterest&utm_medium=organic&utm_campaign=generated_raw_visual_plans_from_150_batch_66&utm_content=pin_12557_32-05_plans&utm_term=proekty-domov-s-planirovkami,,"проекты домов от 150 м², проект дома 32-05, дом 279,71 м², планировка дома, планы этажей, готовый проект дома, кирпич, catalog-plans.ru"
"Проекты домов до 100 м²: проект №68-20, 92,8 м²",https://raw.githubusercontent.com/nemchenik/test/9dd044fcd82fb3fec19f27b78d079fa36d093adb/pinterest/generated_batch_64_raw_visual_plans_to_100/68-20.jpg,Проекты домов до 100 м²,,"Проекты домов до 100 м² — готовый проект №68-20 площадью 92,8 м². Дом: 1 этаж, габариты 11×11.5 м, материал стен — газобетон. На изображении представлены оригинальная визуализация дома и планы этажей. Сохраните проект, сравните планировку комнат и перейдите в каталог, чтобы узнать состав документации и актуальную стоимость.",https://catalog-plans.ru/catalog/68-20?utm_source=pinterest&utm_medium=organic&utm_campaign=generated_raw_visual_plans_to_100_batch_64&utm_content=pin_12158_68-20_plans&utm_term=proekty-domov-s-planirovkami,,"проекты домов до 100 м², проект дома 68-20, дом 92,8 м², планировка дома, планы этажей, готовый проект дома, газобетон, catalog-plans.ru"
"Проекты домов 100–150 м²: проект №59-94BK, 129,91 м²",https://raw.githubusercontent.com/nemchenik/test/9dd044fcd82fb3fec19f27b78d079fa36d093adb/pinterest/generated_batch_65_raw_visual_plans_100_150/59-94BK.jpg,Проекты домов 100–150 м²,,"Проекты домов 100–150 м² — готовый проект №59-94BK площадью 129,91 м². Дом: 2 этажа, габариты 9.68×10.88 м, материал стен — керамзитобетон. На изображении представлены оригинальная визуализация дома и планы этажей. Сохраните проект, сравните планировку комнат и перейдите в каталог, чтобы узнать состав документации и актуальную стоимость.",https://catalog-plans.ru/catalog/59-94BK?utm_source=pinterest&utm_medium=organic&utm_campaign=generated_raw_visual_plans_100_150_batch_65&utm_content=pin_12358_59-94BK_plans&utm_term=proekty-domov-s-planirovkami,,"проекты домов 100–150 м², проект дома 59-94BK, дом 129,91 м², планировка дома, планы этажей, готовый проект дома, керамзитобетон, catalog-plans.ru"
"Проекты домов от 150 м²: проект №40-94K1L, 254,21 м²",https://raw.githubusercontent.com/nemchenik/test/9dd044fcd82fb3fec19f27b78d079fa36d093adb/pinterest/generated_batch_66_raw_visual_plans_from_150/40-94K1L.jpg,Проекты домов от 150 м²,,"Проекты домов от 150 м² — готовый проект №40-94K1L площадью 254,21 м². Дом: 2 этажа, габариты 18.04×20.6 м, материал стен — кирпич. На изображении представлены оригинальная визуализация дома и планы этажей. Сохраните проект, сравните планировку комнат и перейдите в каталог, чтобы узнать состав документации и актуальную стоимость.",https://catalog-plans.ru/catalog/40-94K1L?utm_source=pinterest&utm_medium=organic&utm_campaign=generated_raw_visual_plans_from_150_batch_66&utm_content=pin_12558_40-94K1L_plans&utm_term=proekty-domov-s-planirovkami,,"проекты домов от 150 м², проект дома 40-94K1L, дом 254,21 м², планировка дома, планы этажей, готовый проект дома, кирпич, catalog-plans.ru"
"Проекты домов до 100 м²: проект №48-60A, 94,94 м²",https://raw.githubusercontent.com/nemchenik/test/9dd044fcd82fb3fec19f27b78d079fa36d093adb/pinterest/generated_batch_64_raw_visual_plans_to_100/48-60A.jpg,Проекты домов до 100 м²,,"Проекты домов до 100 м² — готовый проект №48-60A площадью 94,94 м². Дом: 1 этаж, габариты 11.9×11.9 м, материал стен — кирпич. На изображении представлены оригинальная визуализация дома и планы этажей. Сохраните проект, сравните планировку комнат и перейдите в каталог, чтобы узнать состав документации и актуальную стоимость.",https://catalog-plans.ru/catalog/48-60A?utm_source=pinterest&utm_medium=organic&utm_campaign=generated_raw_visual_plans_to_100_batch_64&utm_content=pin_12159_48-60A_plans&utm_term=proekty-domov-s-planirovkami,,"проекты домов до 100 м², проект дома 48-60A, дом 94,94 м², планировка дома, планы этажей, готовый проект дома, кирпич, catalog-plans.ru"
"Проекты домов 100–150 м²: проект №13-34A, 142 м²",https://raw.githubusercontent.com/nemchenik/test/9dd044fcd82fb3fec19f27b78d079fa36d093adb/pinterest/generated_batch_65_raw_visual_plans_100_150/13-34A.jpg,Проекты домов 100–150 м²,,"Проекты домов 100–150 м² — готовый проект №13-34A площадью 142 м². Дом: 2 этажа, габариты 8.4×12.8 м, материал стен — дерево. На изображении представлены оригинальная визуализация дома и планы этажей. Сохраните проект, сравните планировку комнат и перейдите в каталог, чтобы узнать состав документации и актуальную стоимость.",https://catalog-plans.ru/catalog/13-34A?utm_source=pinterest&utm_medium=organic&utm_campaign=generated_raw_visual_plans_100_150_batch_65&utm_content=pin_12359_13-34A_plans&utm_term=proekty-domov-s-planirovkami,,"проекты домов 100–150 м², проект дома 13-34A, дом 142 м², планировка дома, планы этажей, готовый проект дома, дерево, catalog-plans.ru"
"Проекты домов от 150 м²: проект №46-06BG, 390,17 м²",https://raw.githubusercontent.com/nemchenik/test/9dd044fcd82fb3fec19f27b78d079fa36d093adb/pinterest/generated_batch_66_raw_visual_plans_from_150/46-06BG.jpg,Проекты домов от 150 м²,,"Проекты домов от 150 м² — готовый проект №46-06BG площадью 390,17 м². Дом: 2 этажа, габариты 20.74×21.81 м, материал стен — газобетон. На изображении представлены оригинальная визуализация дома и планы этажей. Сохраните проект, сравните планировку комнат и перейдите в каталог, чтобы узнать состав документации и актуальную стоимость.",https://catalog-plans.ru/catalog/46-06BG?utm_source=pinterest&utm_medium=organic&utm_campaign=generated_raw_visual_plans_from_150_batch_66&utm_content=pin_12559_46-06BG_plans&utm_term=proekty-domov-s-planirovkami,,"проекты домов от 150 м², проект дома 46-06BG, дом 390,17 м², планировка дома, планы этажей, готовый проект дома, газобетон, catalog-plans.ru"
"Проекты домов до 100 м²: проект №62-67A, 73,78 м²",https://raw.githubusercontent.com/nemchenik/test/9dd044fcd82fb3fec19f27b78d079fa36d093adb/pinterest/generated_batch_64_raw_visual_plans_to_100/62-67A.jpg,Проекты домов до 100 м²,,"Проекты домов до 100 м² — готовый проект №62-67A площадью 73,78 м². Дом: 2 этажа, габариты 7.78×7.88 м, материал стен — блоки из ракушечника 390. На изображении представлены оригинальная визуализация дома и планы этажей. Сохраните проект, сравните планировку комнат и перейдите в каталог, чтобы узнать состав документации и актуальную стоимость.",https://catalog-plans.ru/catalog/62-67A?utm_source=pinterest&utm_medium=organic&utm_campaign=generated_raw_visual_plans_to_100_batch_64&utm_content=pin_12160_62-67A_plans&utm_term=proekty-domov-s-planirovkami,,"проекты домов до 100 м², проект дома 62-67A, дом 73,78 м², планировка дома, планы этажей, готовый проект дома, блоки из ракушечника 390, catalog-plans.ru"
"Проекты домов 100–150 м²: проект №58-70ABL, 148,88 м²",https://raw.githubusercontent.com/nemchenik/test/9dd044fcd82fb3fec19f27b78d079fa36d093adb/pinterest/generated_batch_65_raw_visual_plans_100_150/58-70ABL.jpg,Проекты домов 100–150 м²,,"Проекты домов 100–150 м² — готовый проект №58-70ABL площадью 148,88 м². Дом: 1 этаж, габариты 12.3×19.2 м, материал стен — газобетон. На изображении представлены оригинальная визуализация дома и планы этажей. Сохраните проект, сравните планировку комнат и перейдите в каталог, чтобы узнать состав документации и актуальную стоимость.",https://catalog-plans.ru/catalog/58-70ABL?utm_source=pinterest&utm_medium=organic&utm_campaign=generated_raw_visual_plans_100_150_batch_65&utm_content=pin_12360_58-70ABL_plans&utm_term=proekty-domov-s-planirovkami,,"проекты домов 100–150 м², проект дома 58-70ABL, дом 148,88 м², планировка дома, планы этажей, готовый проект дома, газобетон, catalog-plans.ru"
"Проекты домов от 150 м²: проект №45-01AX, 241,84 м²",https://raw.githubusercontent.com/nemchenik/test/9dd044fcd82fb3fec19f27b78d079fa36d093adb/pinterest/generated_batch_66_raw_visual_plans_from_150/45-01AX.jpg,Проекты домов от 150 м²,,"Проекты домов от 150 м² — готовый проект №45-01AX площадью 241,84 м². Дом: 2 этажа, габариты 12.22×12.38 м, материал стен — блоки из ракушечника 380. На изображении представлены оригинальная визуализация дома и планы этажей. Сохраните проект, сравните планировку комнат и перейдите в каталог, чтобы узнать состав документации и актуальную стоимость.",https://catalog-plans.ru/catalog/45-01AX?utm_source=pinterest&utm_medium=organic&utm_campaign=generated_raw_visual_plans_from_150_batch_66&utm_content=pin_12560_45-01AX_plans&utm_term=proekty-domov-s-planirovkami,,"проекты домов от 150 м², проект дома 45-01AX, дом 241,84 м², планировка дома, планы этажей, готовый проект дома, блоки из ракушечника 380, catalog-plans.ru"
"Проекты домов до 100 м²: проект №48-66K1L, 81,76 м²",https://raw.githubusercontent.com/nemchenik/test/9dd044fcd82fb3fec19f27b78d079fa36d093adb/pinterest/generated_batch_64_raw_visual_plans_to_100/48-66K1L.jpg,Проекты домов до 100 м²,,"Проекты домов до 100 м² — готовый проект №48-66K1L площадью 81,76 м². Дом: 1 этаж, габариты 8.96×12.96 м, материал стен — кирпич. На изображении представлены оригинальная визуализация дома и планы этажей. Сохраните проект, сравните планировку комнат и перейдите в каталог, чтобы узнать состав документации и актуальную стоимость.",https://catalog-plans.ru/catalog/48-66K1L?utm_source=pinterest&utm_medium=organic&utm_campaign=generated_raw_visual_plans_to_100_batch_64&utm_content=pin_12161_48-66K1L_plans&utm_term=proekty-domov-s-planirovkami,,"проекты домов до 100 м², проект дома 48-66K1L, дом 81,76 м², планировка дома, планы этажей, готовый проект дома, кирпич, catalog-plans.ru"
"Проекты домов 100–150 м²: проект №62-05E, 130,41 м²",https://raw.githubusercontent.com/nemchenik/test/9dd044fcd82fb3fec19f27b78d079fa36d093adb/pinterest/generated_batch_65_raw_visual_plans_100_150/62-05E.jpg,Проекты домов 100–150 м²,,"Проекты домов 100–150 м² — готовый проект №62-05E площадью 130,41 м². Дом: 1 этаж, габариты 14.4×15.35 м, материал стен — газобетон. На изображении представлены оригинальная визуализация дома и планы этажей. Сохраните проект, сравните планировку комнат и перейдите в каталог, чтобы узнать состав документации и актуальную стоимость.",https://catalog-plans.ru/catalog/62-05E?utm_source=pinterest&utm_medium=organic&utm_campaign=generated_raw_visual_plans_100_150_batch_65&utm_content=pin_12361_62-05E_plans&utm_term=proekty-domov-s-planirovkami,,"проекты домов 100–150 м², проект дома 62-05E, дом 130,41 м², планировка дома, планы этажей, готовый проект дома, газобетон, catalog-plans.ru"
"Проекты домов от 150 м²: проект №57-62TDL, 240,84 м²",https://raw.githubusercontent.com/nemchenik/test/9dd044fcd82fb3fec19f27b78d079fa36d093adb/pinterest/generated_batch_66_raw_visual_plans_from_150/57-62TDL.jpg,Проекты домов от 150 м²,,"Проекты домов от 150 м² — готовый проект №57-62TDL площадью 240,84 м². Дом: 2 этажа, габариты 17.64×12.2 м, материал стен — газобетон. На изображении представлены оригинальная визуализация дома и планы этажей. Сохраните проект, сравните планировку комнат и перейдите в каталог, чтобы узнать состав документации и актуальную стоимость.",https://catalog-plans.ru/catalog/57-62TDL?utm_source=pinterest&utm_medium=organic&utm_campaign=generated_raw_visual_plans_from_150_batch_66&utm_content=pin_12561_57-62TDL_plans&utm_term=proekty-domov-s-planirovkami,,"проекты домов от 150 м², проект дома 57-62TDL, дом 240,84 м², планировка дома, планы этажей, готовый проект дома, газобетон, catalog-plans.ru"
"Проекты домов до 100 м²: проект №70-05, 54,23 м²",https://raw.githubusercontent.com/nemchenik/test/9dd044fcd82fb3fec19f27b78d079fa36d093adb/pinterest/generated_batch_64_raw_visual_plans_to_100/70-05.jpg,Проекты домов до 100 м²,,"Проекты домов до 100 м² — готовый проект №70-05 площадью 54,23 м². Дом: 1 этаж, габариты 6.2×9.4 м, материал стен — дерево. На изображении представлены оригинальная визуализация дома и планы этажей. Сохраните проект, сравните планировку комнат и перейдите в каталог, чтобы узнать состав документации и актуальную стоимость.",https://catalog-plans.ru/catalog/70-05?utm_source=pinterest&utm_medium=organic&utm_campaign=generated_raw_visual_plans_to_100_batch_64&utm_content=pin_12162_70-05_plans&utm_term=proekty-domov-s-planirovkami,,"проекты домов до 100 м², проект дома 70-05, дом 54,23 м², планировка дома, планы этажей, готовый проект дома, дерево, catalog-plans.ru"
"Проекты домов 100–150 м²: проект №33-20, 121,4 м²",https://raw.githubusercontent.com/nemchenik/test/9dd044fcd82fb3fec19f27b78d079fa36d093adb/pinterest/generated_batch_65_raw_visual_plans_100_150/33-20.jpg,Проекты домов 100–150 м²,,"Проекты домов 100–150 м² — готовый проект №33-20 площадью 121,4 м². Дом: 1 этаж, габариты 11.7×15 м, материал стен — кирпич. На изображении представлены оригинальная визуализация дома и планы этажей. Сохраните проект, сравните планировку комнат и перейдите в каталог, чтобы узнать состав документации и актуальную стоимость.",https://catalog-plans.ru/catalog/33-20?utm_source=pinterest&utm_medium=organic&utm_campaign=generated_raw_visual_plans_100_150_batch_65&utm_content=pin_12362_33-20_plans&utm_term=proekty-domov-s-planirovkami,,"проекты домов 100–150 м², проект дома 33-20, дом 121,4 м², планировка дома, планы этажей, готовый проект дома, кирпич, catalog-plans.ru"
"Проекты домов от 150 м²: проект №40-11GAC, 368,64 м²",https://raw.githubusercontent.com/nemchenik/test/9dd044fcd82fb3fec19f27b78d079fa36d093adb/pinterest/generated_batch_66_raw_visual_plans_from_150/40-11GAC.jpg,Проекты домов от 150 м²,,"Проекты домов от 150 м² — готовый проект №40-11GAC площадью 368,64 м². Дом: 2 этажа, габариты 13.54×14.58 м, материал стен — газобетон. На изображении представлены оригинальная визуализация дома и планы этажей. Сохраните проект, сравните планировку комнат и перейдите в каталог, чтобы узнать состав документации и актуальную стоимость.",https://catalog-plans.ru/catalog/40-11GAC?utm_source=pinterest&utm_medium=organic&utm_campaign=generated_raw_visual_plans_from_150_batch_66&utm_content=pin_12562_40-11GAC_plans&utm_term=proekty-domov-s-planirovkami,,"проекты домов от 150 м², проект дома 40-11GAC, дом 368,64 м², планировка дома, планы этажей, готовый проект дома, газобетон, catalog-plans.ru"
"Проекты домов до 100 м²: проект №69-08, 98,7 м²",https://raw.githubusercontent.com/nemchenik/test/9dd044fcd82fb3fec19f27b78d079fa36d093adb/pinterest/generated_batch_64_raw_visual_plans_to_100/69-08.jpg,Проекты домов до 100 м²,,"Проекты домов до 100 м² — готовый проект №69-08 площадью 98,7 м². Дом: 2 этажа, габариты 7.5×9.35 м, материал стен — газобетон. На изображении представлены оригинальная визуализация дома и планы этажей. Сохраните проект, сравните планировку комнат и перейдите в каталог, чтобы узнать состав документации и актуальную стоимость.",https://catalog-plans.ru/catalog/69-08?utm_source=pinterest&utm_medium=organic&utm_campaign=generated_raw_visual_plans_to_100_batch_64&utm_content=pin_12163_69-08_plans&utm_term=proekty-domov-s-planirovkami,,"проекты домов до 100 м², проект дома 69-08, дом 98,7 м², планировка дома, планы этажей, готовый проект дома, газобетон, catalog-plans.ru"
"Проекты домов 100–150 м²: проект №58-16AEL, 129,99 м²",https://raw.githubusercontent.com/nemchenik/test/9dd044fcd82fb3fec19f27b78d079fa36d093adb/pinterest/generated_batch_65_raw_visual_plans_100_150/58-16AEL.jpg,Проекты домов 100–150 м²,,"Проекты домов 100–150 м² — готовый проект №58-16AEL площадью 129,99 м². Дом: 2 этажа, габариты 10.4×10.4 м, материал стен — газобетон. На изображении представлены оригинальная визуализация дома и планы этажей. Сохраните проект, сравните планировку комнат и перейдите в каталог, чтобы узнать состав документации и актуальную стоимость.",https://catalog-plans.ru/catalog/58-16AEL?utm_source=pinterest&utm_medium=organic&utm_campaign=generated_raw_visual_plans_100_150_batch_65&utm_content=pin_12363_58-16AEL_plans&utm_term=proekty-domov-s-planirovkami,,"проекты домов 100–150 м², проект дома 58-16AEL, дом 129,99 м², планировка дома, планы этажей, готовый проект дома, газобетон, catalog-plans.ru"
"Проекты домов от 150 м²: проект №63-73A, 423,45 м²",https://raw.githubusercontent.com/nemchenik/test/9dd044fcd82fb3fec19f27b78d079fa36d093adb/pinterest/generated_batch_66_raw_visual_plans_from_150/63-73A.jpg,Проекты домов от 150 м²,,"Проекты домов от 150 м² — готовый проект №63-73A площадью 423,45 м². Дом: 2 этажа, габариты 22.72×30.74 м, материал стен — монолитный каркас. На изображении представлены оригинальная визуализация дома и планы этажей. Сохраните проект, сравните планировку комнат и перейдите в каталог, чтобы узнать состав документации и актуальную стоимость.",https://catalog-plans.ru/catalog/63-73A?utm_source=pinterest&utm_medium=organic&utm_campaign=generated_raw_visual_plans_from_150_batch_66&utm_content=pin_12563_63-73A_plans&utm_term=proekty-domov-s-planirovkami,,"проекты домов от 150 м², проект дома 63-73A, дом 423,45 м², планировка дома, планы этажей, готовый проект дома, монолитный каркас, catalog-plans.ru"
"Проекты домов до 100 м²: проект №45-70K1L, 94 м²",https://raw.githubusercontent.com/nemchenik/test/9dd044fcd82fb3fec19f27b78d079fa36d093adb/pinterest/generated_batch_64_raw_visual_plans_to_100/45-70K1L.jpg,Проекты домов до 100 м²,,"Проекты домов до 100 м² — готовый проект №45-70K1L площадью 94 м². Дом: 1 этаж, габариты 10.08×12.08 м, материал стен — керамзитобетон. На изображении представлены оригинальная визуализация дома и планы этажей. Сохраните проект, сравните планировку комнат и перейдите в каталог, чтобы узнать состав документации и актуальную стоимость.",https://catalog-plans.ru/catalog/45-70K1L?utm_source=pinterest&utm_medium=organic&utm_campaign=generated_raw_visual_plans_to_100_batch_64&utm_content=pin_12164_45-70K1L_plans&utm_term=proekty-domov-s-planirovkami,,"проекты домов до 100 м², проект дома 45-70K1L, дом 94 м², планировка дома, планы этажей, готовый проект дома, керамзитобетон, catalog-plans.ru"
"Проекты домов 100–150 м²: проект №54-91, 149,1 м²",https://raw.githubusercontent.com/nemchenik/test/9dd044fcd82fb3fec19f27b78d079fa36d093adb/pinterest/generated_batch_65_raw_visual_plans_100_150/54-91.jpg,Проекты домов 100–150 м²,,"Проекты домов 100–150 м² — готовый проект №54-91 площадью 149,1 м². Дом: 2 этажа, габариты 8.4×10.2 м, материал стен — газобетон. На изображении представлены оригинальная визуализация дома и планы этажей. Сохраните проект, сравните планировку комнат и перейдите в каталог, чтобы узнать состав документации и актуальную стоимость.",https://catalog-plans.ru/catalog/54-91?utm_source=pinterest&utm_medium=organic&utm_campaign=generated_raw_visual_plans_100_150_batch_65&utm_content=pin_12364_54-91_plans&utm_term=proekty-domov-s-planirovkami,,"проекты домов 100–150 м², проект дома 54-91, дом 149,1 м², планировка дома, планы этажей, готовый проект дома, газобетон, catalog-plans.ru"
"Проекты домов от 150 м²: проект №57-09KBL, 174,76 м²",https://raw.githubusercontent.com/nemchenik/test/9dd044fcd82fb3fec19f27b78d079fa36d093adb/pinterest/generated_batch_66_raw_visual_plans_from_150/57-09KBL.jpg,Проекты домов от 150 м²,,"Проекты домов от 150 м² — готовый проект №57-09KBL площадью 174,76 м². Дом: 2 этажа, габариты 9.8×14.1 м, материал стен — керамзитобетон. На изображении представлены оригинальная визуализация дома и планы этажей. Сохраните проект, сравните планировку комнат и перейдите в каталог, чтобы узнать состав документации и актуальную стоимость.",https://catalog-plans.ru/catalog/57-09KBL?utm_source=pinterest&utm_medium=organic&utm_campaign=generated_raw_visual_plans_from_150_batch_66&utm_content=pin_12564_57-09KBL_plans&utm_term=proekty-domov-s-planirovkami,,"проекты домов от 150 м², проект дома 57-09KBL, дом 174,76 м², планировка дома, планы этажей, готовый проект дома, керамзитобетон, catalog-plans.ru"
"Проекты домов до 100 м²: проект №69-30, 93,85 м²",https://raw.githubusercontent.com/nemchenik/test/9dd044fcd82fb3fec19f27b78d079fa36d093adb/pinterest/generated_batch_64_raw_visual_plans_to_100/69-30.jpg,Проекты домов до 100 м²,,"Проекты домов до 100 м² — готовый проект №69-30 площадью 93,85 м². Дом: 2 этажа, габариты 7×9.7 м, материал стен — газобетон. На изображении представлены оригинальная визуализация дома и планы этажей. Сохраните проект, сравните планировку комнат и перейдите в каталог, чтобы узнать состав документации и актуальную стоимость.",https://catalog-plans.ru/catalog/69-30?utm_source=pinterest&utm_medium=organic&utm_campaign=generated_raw_visual_plans_to_100_batch_64&utm_content=pin_12165_69-30_plans&utm_term=proekty-domov-s-planirovkami,,"проекты домов до 100 м², проект дома 69-30, дом 93,85 м², планировка дома, планы этажей, готовый проект дома, газобетон, catalog-plans.ru"
"Проекты домов 100–150 м²: проект №70-70, 112,29 м²",https://raw.githubusercontent.com/nemchenik/test/9dd044fcd82fb3fec19f27b78d079fa36d093adb/pinterest/generated_batch_65_raw_visual_plans_100_150/70-70.jpg,Проекты домов 100–150 м²,,"Проекты домов 100–150 м² — готовый проект №70-70 площадью 112,29 м². Дом: 2 этажа, габариты 8.2×10.8 м, материал стен — деревянный каркас. На изображении представлены оригинальная визуализация дома и планы этажей. Сохраните проект, сравните планировку комнат и перейдите в каталог, чтобы узнать состав документации и актуальную стоимость.",https://catalog-plans.ru/catalog/70-70?utm_source=pinterest&utm_medium=organic&utm_campaign=generated_raw_visual_plans_100_150_batch_65&utm_content=pin_12365_70-70_plans&utm_term=proekty-domov-s-planirovkami,,"проекты домов 100–150 м², проект дома 70-70, дом 112,29 м², планировка дома, планы этажей, готовый проект дома, деревянный каркас, catalog-plans.ru"
"Проекты домов от 150 м²: проект №57-05TA, 159,96 м²",https://raw.githubusercontent.com/nemchenik/test/9dd044fcd82fb3fec19f27b78d079fa36d093adb/pinterest/generated_batch_66_raw_visual_plans_from_150/57-05TA.jpg,Проекты домов от 150 м²,,"Проекты домов от 150 м² — готовый проект №57-05TA площадью 159,96 м². Дом: 2 этажа, габариты 9.9×11.4 м, материал стен — газобетон. На изображении представлены оригинальная визуализация дома и планы этажей. Сохраните проект, сравните планировку комнат и перейдите в каталог, чтобы узнать состав документации и актуальную стоимость.",https://catalog-plans.ru/catalog/57-05TA?utm_source=pinterest&utm_medium=organic&utm_campaign=generated_raw_visual_plans_from_150_batch_66&utm_content=pin_12565_57-05TA_plans&utm_term=proekty-domov-s-planirovkami,,"проекты домов от 150 м², проект дома 57-05TA, дом 159,96 м², планировка дома, планы этажей, готовый проект дома, газобетон, catalog-plans.ru"
"Проекты домов до 100 м²: проект №71-25, 42,69 м²",https://raw.githubusercontent.com/nemchenik/test/9dd044fcd82fb3fec19f27b78d079fa36d093adb/pinterest/generated_batch_64_raw_visual_plans_to_100/71-25.jpg,Проекты домов до 100 м²,,"Проекты домов до 100 м² — готовый проект №71-25 площадью 42,69 м². Дом: 1 этаж, габариты 6.5×9.5 м, материал стен — деревянный каркас. На изображении представлены оригинальная визуализация дома и планы этажей. Сохраните проект, сравните планировку комнат и перейдите в каталог, чтобы узнать состав документации и актуальную стоимость.",https://catalog-plans.ru/catalog/71-25?utm_source=pinterest&utm_medium=organic&utm_campaign=generated_raw_visual_plans_to_100_batch_64&utm_content=pin_12166_71-25_plans&utm_term=proekty-domov-s-planirovkami,,"проекты домов до 100 м², проект дома 71-25, дом 42,69 м², планировка дома, планы этажей, готовый проект дома, деревянный каркас, catalog-plans.ru"
"Проекты домов 100–150 м²: проект №60-15, 146,3 м²",https://raw.githubusercontent.com/nemchenik/test/9dd044fcd82fb3fec19f27b78d079fa36d093adb/pinterest/generated_batch_65_raw_visual_plans_100_150/60-15.jpg,Проекты домов 100–150 м²,,"Проекты домов 100–150 м² — готовый проект №60-15 площадью 146,3 м². Дом: 2 этажа, габариты 10.65×10.95 м, материал стен — газобетон. На изображении представлены оригинальная визуализация дома и планы этажей. Сохраните проект, сравните планировку комнат и перейдите в каталог, чтобы узнать состав документации и актуальную стоимость.",https://catalog-plans.ru/catalog/60-15?utm_source=pinterest&utm_medium=organic&utm_campaign=generated_raw_visual_plans_100_150_batch_65&utm_content=pin_12366_60-15_plans&utm_term=proekty-domov-s-planirovkami,,"проекты домов 100–150 м², проект дома 60-15, дом 146,3 м², планировка дома, планы этажей, готовый проект дома, газобетон, catalog-plans.ru"
"Проекты домов от 150 м²: проект №59-36, 155,4 м²",https://raw.githubusercontent.com/nemchenik/test/9dd044fcd82fb3fec19f27b78d079fa36d093adb/pinterest/generated_batch_66_raw_visual_plans_from_150/59-36.jpg,Проекты домов от 150 м²,,"Проекты домов от 150 м² — готовый проект №59-36 площадью 155,4 м². Дом: 2 этажа, габариты 10×10.2 м, материал стен — газобетон. На изображении представлены оригинальная визуализация дома и планы этажей. Сохраните проект, сравните планировку комнат и перейдите в каталог, чтобы узнать состав документации и актуальную стоимость.",https://catalog-plans.ru/catalog/59-36?utm_source=pinterest&utm_medium=organic&utm_campaign=generated_raw_visual_plans_from_150_batch_66&utm_content=pin_12566_59-36_plans&utm_term=proekty-domov-s-planirovkami,,"проекты домов от 150 м², проект дома 59-36, дом 155,4 м², планировка дома, планы этажей, готовый проект дома, газобетон, catalog-plans.ru"
"Проекты домов до 100 м²: проект №45-65AK1L, 82,29 м²",https://raw.githubusercontent.com/nemchenik/test/9dd044fcd82fb3fec19f27b78d079fa36d093adb/pinterest/generated_batch_64_raw_visual_plans_to_100/45-65AK1L.jpg,Проекты домов до 100 м²,,"Проекты домов до 100 м² — готовый проект №45-65AK1L площадью 82,29 м². Дом: 1 этаж, габариты 8.93×12.02 м, материал стен — кирпич. На изображении представлены оригинальная визуализация дома и планы этажей. Сохраните проект, сравните планировку комнат и перейдите в каталог, чтобы узнать состав документации и актуальную стоимость.",https://catalog-plans.ru/catalog/45-65AK1L?utm_source=pinterest&utm_medium=organic&utm_campaign=generated_raw_visual_plans_to_100_batch_64&utm_content=pin_12167_45-65AK1L_plans&utm_term=proekty-domov-s-planirovkami,,"проекты домов до 100 м², проект дома 45-65AK1L, дом 82,29 м², планировка дома, планы этажей, готовый проект дома, кирпич, catalog-plans.ru"
"Проекты домов 100–150 м²: проект №65-84, 115,53 м²",https://raw.githubusercontent.com/nemchenik/test/9dd044fcd82fb3fec19f27b78d079fa36d093adb/pinterest/generated_batch_65_raw_visual_plans_100_150/65-84.jpg,Проекты домов 100–150 м²,,"Проекты домов 100–150 м² — готовый проект №65-84 площадью 115,53 м². Дом: 2 этажа, габариты 8.42×12.68 м, материал стен — газобетон. На изображении представлены оригинальная визуализация дома и планы этажей. Сохраните проект, сравните планировку комнат и перейдите в каталог, чтобы узнать состав документации и актуальную стоимость.",https://catalog-plans.ru/catalog/65-84?utm_source=pinterest&utm_medium=organic&utm_campaign=generated_raw_visual_plans_100_150_batch_65&utm_content=pin_12367_65-84_plans&utm_term=proekty-domov-s-planirovkami,,"проекты домов 100–150 м², проект дома 65-84, дом 115,53 м², планировка дома, планы этажей, готовый проект дома, газобетон, catalog-plans.ru"
"Проекты домов от 150 м²: проект №58-27, 159,42 м²",https://raw.githubusercontent.com/nemchenik/test/9dd044fcd82fb3fec19f27b78d079fa36d093adb/pinterest/generated_batch_66_raw_visual_plans_from_150/58-27.jpg,Проекты домов от 150 м²,,"Проекты домов от 150 м² — готовый проект №58-27 площадью 159,42 м². Дом: 2 этажа, габариты 11.64×13.71 м, материал стен — газобетон. На изображении представлены оригинальная визуализация дома и планы этажей. Сохраните проект, сравните планировку комнат и перейдите в каталог, чтобы узнать состав документации и актуальную стоимость.",https://catalog-plans.ru/catalog/58-27?utm_source=pinterest&utm_medium=organic&utm_campaign=generated_raw_visual_plans_from_150_batch_66&utm_content=pin_12567_58-27_plans&utm_term=proekty-domov-s-planirovkami,,"проекты домов от 150 м², проект дома 58-27, дом 159,42 м², планировка дома, планы этажей, готовый проект дома, газобетон, catalog-plans.ru"
"Проекты домов до 100 м²: проект №53-00WIKING, 55,54 м²",https://raw.githubusercontent.com/nemchenik/test/9dd044fcd82fb3fec19f27b78d079fa36d093adb/pinterest/generated_batch_64_raw_visual_plans_to_100/53-00WIKING.jpg,Проекты домов до 100 м²,,"Проекты домов до 100 м² — готовый проект №53-00WIKING площадью 55,54 м². Дом: 1 этаж, габариты 7.35×9.5 м, материал стен — деревянный каркас. На изображении представлены оригинальная визуализация дома и планы этажей. Сохраните проект, сравните планировку комнат и перейдите в каталог, чтобы узнать состав документации и актуальную стоимость.",https://catalog-plans.ru/catalog/53-00WIKING?utm_source=pinterest&utm_medium=organic&utm_campaign=generated_raw_visual_plans_to_100_batch_64&utm_content=pin_12168_53-00WIKING_plans&utm_term=proekty-domov-s-planirovkami,,"проекты домов до 100 м², проект дома 53-00WIKING, дом 55,54 м², планировка дома, планы этажей, готовый проект дома, деревянный каркас, catalog-plans.ru"
"Проекты домов 100–150 м²: проект №57-07Y, 115,97 м²",https://raw.githubusercontent.com/nemchenik/test/9dd044fcd82fb3fec19f27b78d079fa36d093adb/pinterest/generated_batch_65_raw_visual_plans_100_150/57-07Y.jpg,Проекты домов 100–150 м²,,"Проекты домов 100–150 м² — готовый проект №57-07Y площадью 115,97 м². Дом: 2 этажа, габариты 8.45×10.85 м, материал стен — газобетон. На изображении представлены оригинальная визуализация дома и планы этажей. Сохраните проект, сравните планировку комнат и перейдите в каталог, чтобы узнать состав документации и актуальную стоимость.",https://catalog-plans.ru/catalog/57-07Y?utm_source=pinterest&utm_medium=organic&utm_campaign=generated_raw_visual_plans_100_150_batch_65&utm_content=pin_12368_57-07Y_plans&utm_term=proekty-domov-s-planirovkami,,"проекты домов 100–150 м², проект дома 57-07Y, дом 115,97 м², планировка дома, планы этажей, готовый проект дома, газобетон, catalog-plans.ru"
"Проекты домов от 150 м²: проект №48-23CL, 441,9 м²",https://raw.githubusercontent.com/nemchenik/test/9dd044fcd82fb3fec19f27b78d079fa36d093adb/pinterest/generated_batch_66_raw_visual_plans_from_150/48-23CL.jpg,Проекты домов от 150 м²,,"Проекты домов от 150 м² — готовый проект №48-23CL площадью 441,9 м². Дом: 2 этажа, габариты 15.27×15.98 м, материал стен — кирпич. На изображении представлены оригинальная визуализация дома и планы этажей. Сохраните проект, сравните планировку комнат и перейдите в каталог, чтобы узнать состав документации и актуальную стоимость.",https://catalog-plans.ru/catalog/48-23CL?utm_source=pinterest&utm_medium=organic&utm_campaign=generated_raw_visual_plans_from_150_batch_66&utm_content=pin_12568_48-23CL_plans&utm_term=proekty-domov-s-planirovkami,,"проекты домов от 150 м², проект дома 48-23CL, дом 441,9 м², планировка дома, планы этажей, готовый проект дома, кирпич, catalog-plans.ru"
"Проекты домов до 100 м²: проект №91-15L, 64,34 м²",https://raw.githubusercontent.com/nemchenik/test/9dd044fcd82fb3fec19f27b78d079fa36d093adb/pinterest/generated_batch_64_raw_visual_plans_to_100/91-15L.jpg,Проекты домов до 100 м²,,"Проекты домов до 100 м² — готовый проект №91-15L площадью 64,34 м². Дом: 1 этаж, габариты 7.78×11.78 м, материал стен — кирпич. На изображении представлены оригинальная визуализация дома и планы этажей. Сохраните проект, сравните планировку комнат и перейдите в каталог, чтобы узнать состав документации и актуальную стоимость.",https://catalog-plans.ru/catalog/91-15L?utm_source=pinterest&utm_medium=organic&utm_campaign=generated_raw_visual_plans_to_100_batch_64&utm_content=pin_12169_91-15L_plans&utm_term=proekty-domov-s-planirovkami,,"проекты домов до 100 м², проект дома 91-15L, дом 64,34 м², планировка дома, планы этажей, готовый проект дома, кирпич, catalog-plans.ru"
"Проекты домов 100–150 м²: проект №69-26, 120,49 м²",https://raw.githubusercontent.com/nemchenik/test/9dd044fcd82fb3fec19f27b78d079fa36d093adb/pinterest/generated_batch_65_raw_visual_plans_100_150/69-26.jpg,Проекты домов 100–150 м²,,"Проекты домов 100–150 м² — готовый проект №69-26 площадью 120,49 м². Дом: 1 этаж, габариты 11.2×13.7 м, материал стен — газобетон. На изображении представлены оригинальная визуализация дома и планы этажей. Сохраните проект, сравните планировку комнат и перейдите в каталог, чтобы узнать состав документации и актуальную стоимость.",https://catalog-plans.ru/catalog/69-26?utm_source=pinterest&utm_medium=organic&utm_campaign=generated_raw_visual_plans_100_150_batch_65&utm_content=pin_12369_69-26_plans&utm_term=proekty-domov-s-planirovkami,,"проекты домов 100–150 м², проект дома 69-26, дом 120,49 м², планировка дома, планы этажей, готовый проект дома, газобетон, catalog-plans.ru"
"Проекты домов от 150 м²: проект №45-06L, 312,49 м²",https://raw.githubusercontent.com/nemchenik/test/9dd044fcd82fb3fec19f27b78d079fa36d093adb/pinterest/generated_batch_66_raw_visual_plans_from_150/45-06L.jpg,Проекты домов от 150 м²,,"Проекты домов от 150 м² — готовый проект №45-06L площадью 312,49 м². Дом: 2 этажа, габариты 15.98×18.76 м, материал стен — кирпич. На изображении представлены оригинальная визуализация дома и планы этажей. Сохраните проект, сравните планировку комнат и перейдите в каталог, чтобы узнать состав документации и актуальную стоимость.",https://catalog-plans.ru/catalog/45-06L?utm_source=pinterest&utm_medium=organic&utm_campaign=generated_raw_visual_plans_from_150_batch_66&utm_content=pin_12569_45-06L_plans&utm_term=proekty-domov-s-planirovkami,,"проекты домов от 150 м², проект дома 45-06L, дом 312,49 м², планировка дома, планы этажей, готовый проект дома, кирпич, catalog-plans.ru"
"Проекты домов до 100 м²: проект №64-90, 90,08 м²",https://raw.githubusercontent.com/nemchenik/test/9dd044fcd82fb3fec19f27b78d079fa36d093adb/pinterest/generated_batch_64_raw_visual_plans_to_100/64-90.jpg,Проекты домов до 100 м²,,"Проекты домов до 100 м² — готовый проект №64-90 площадью 90,08 м². Дом: 1 этаж, габариты 12.85×12.9 м, материал стен — газобетон. На изображении представлены оригинальная визуализация дома и планы этажей. Сохраните проект, сравните планировку комнат и перейдите в каталог, чтобы узнать состав документации и актуальную стоимость.",https://catalog-plans.ru/catalog/64-90?utm_source=pinterest&utm_medium=organic&utm_campaign=generated_raw_visual_plans_to_100_batch_64&utm_content=pin_12170_64-90_plans&utm_term=proekty-domov-s-planirovkami,,"проекты домов до 100 м², проект дома 64-90, дом 90,08 м², планировка дома, планы этажей, готовый проект дома, газобетон, catalog-plans.ru"
"Проекты домов 100–150 м²: проект №65-71, 147,3 м²",https://raw.githubusercontent.com/nemchenik/test/9dd044fcd82fb3fec19f27b78d079fa36d093adb/pinterest/generated_batch_65_raw_visual_plans_100_150/65-71.jpg,Проекты домов 100–150 м²,,"Проекты домов 100–150 м² — готовый проект №65-71 площадью 147,3 м². Дом: 1 этаж, габариты 11.7×18.7 м, материал стен — газобетон. На изображении представлены оригинальная визуализация дома и планы этажей. Сохраните проект, сравните планировку комнат и перейдите в каталог, чтобы узнать состав документации и актуальную стоимость.",https://catalog-plans.ru/catalog/65-71?utm_source=pinterest&utm_medium=organic&utm_campaign=generated_raw_visual_plans_100_150_batch_65&utm_content=pin_12370_65-71_plans&utm_term=proekty-domov-s-planirovkami,,"проекты домов 100–150 м², проект дома 65-71, дом 147,3 м², планировка дома, планы этажей, готовый проект дома, газобетон, catalog-plans.ru"
"Проекты домов от 150 м²: проект №40-30AG, 517,92 м²",https://raw.githubusercontent.com/nemchenik/test/9dd044fcd82fb3fec19f27b78d079fa36d093adb/pinterest/generated_batch_66_raw_visual_plans_from_150/40-30AG.jpg,Проекты домов от 150 м²,,"Проекты домов от 150 м² — готовый проект №40-30AG площадью 517,92 м². Дом: 3 этажа, габариты 14.1×17.26 м, материал стен — газобетон. На изображении представлены оригинальная визуализация дома и планы этажей. Сохраните проект, сравните планировку комнат и перейдите в каталог, чтобы узнать состав документации и актуальную стоимость.",https://catalog-plans.ru/catalog/40-30AG?utm_source=pinterest&utm_medium=organic&utm_campaign=generated_raw_visual_plans_from_150_batch_66&utm_content=pin_12570_40-30AG_plans&utm_term=proekty-domov-s-planirovkami,,"проекты домов от 150 м², проект дома 40-30AG, дом 517,92 м², планировка дома, планы этажей, готовый проект дома, газобетон, catalog-plans.ru"
"Проекты домов до 100 м²: проект №90-70, 56,79 м²",https://raw.githubusercontent.com/nemchenik/test/9dd044fcd82fb3fec19f27b78d079fa36d093adb/pinterest/generated_batch_64_raw_visual_plans_to_100/90-70.jpg,Проекты домов до 100 м²,,"Проекты домов до 100 м² — готовый проект №90-70 площадью 56,79 м². Дом: 2 этажа, габариты 5.68×7.78 м, материал стен — дерево. На изображении представлены оригинальная визуализация дома и планы этажей. Сохраните проект, сравните планировку комнат и перейдите в каталог, чтобы узнать состав документации и актуальную стоимость.",https://catalog-plans.ru/catalog/90-70?utm_source=pinterest&utm_medium=organic&utm_campaign=generated_raw_visual_plans_to_100_batch_64&utm_content=pin_12171_90-70_plans&utm_term=proekty-domov-s-planirovkami,,"проекты домов до 100 м², проект дома 90-70, дом 56,79 м², планировка дома, планы этажей, готовый проект дома, дерево, catalog-plans.ru"
"Проекты домов 100–150 м²: проект №57-91B, 143,09 м²",https://raw.githubusercontent.com/nemchenik/test/9dd044fcd82fb3fec19f27b78d079fa36d093adb/pinterest/generated_batch_65_raw_visual_plans_100_150/57-91B.jpg,Проекты домов 100–150 м²,,"Проекты домов 100–150 м² — готовый проект №57-91B площадью 143,09 м². Дом: 2 этажа, габариты 10×10.1 м, материал стен — газобетон. На изображении представлены оригинальная визуализация дома и планы этажей. Сохраните проект, сравните планировку комнат и перейдите в каталог, чтобы узнать состав документации и актуальную стоимость.",https://catalog-plans.ru/catalog/57-91B?utm_source=pinterest&utm_medium=organic&utm_campaign=generated_raw_visual_plans_100_150_batch_65&utm_content=pin_12371_57-91B_plans&utm_term=proekty-domov-s-planirovkami,,"проекты домов 100–150 м², проект дома 57-91B, дом 143,09 м², планировка дома, планы этажей, готовый проект дома, газобетон, catalog-plans.ru"
"Проекты домов от 150 м²: проект №57-61ABL, 242,02 м²",https://raw.githubusercontent.com/nemchenik/test/9dd044fcd82fb3fec19f27b78d079fa36d093adb/pinterest/generated_batch_66_raw_visual_plans_from_150/57-61ABL.jpg,Проекты домов от 150 м²,,"Проекты домов от 150 м² — готовый проект №57-61ABL площадью 242,02 м². Дом: 2 этажа, габариты 12×15 м, материал стен — газобетон. На изображении представлены оригинальная визуализация дома и планы этажей. Сохраните проект, сравните планировку комнат и перейдите в каталог, чтобы узнать состав документации и актуальную стоимость.",https://catalog-plans.ru/catalog/57-61ABL?utm_source=pinterest&utm_medium=organic&utm_campaign=generated_raw_visual_plans_from_150_batch_66&utm_content=pin_12571_57-61ABL_plans&utm_term=proekty-domov-s-planirovkami,,"проекты домов от 150 м², проект дома 57-61ABL, дом 242,02 м², планировка дома, планы этажей, готовый проект дома, газобетон, catalog-plans.ru"
"Проекты домов до 100 м²: проект №62-86, 85,6 м²",https://raw.githubusercontent.com/nemchenik/test/9dd044fcd82fb3fec19f27b78d079fa36d093adb/pinterest/generated_batch_64_raw_visual_plans_to_100/62-86.jpg,Проекты домов до 100 м²,,"Проекты домов до 100 м² — готовый проект №62-86 площадью 85,6 м². Дом: 2 этажа, габариты 6.6×10.95 м, материал стен — газобетон. На изображении представлены оригинальная визуализация дома и планы этажей. Сохраните проект, сравните планировку комнат и перейдите в каталог, чтобы узнать состав документации и актуальную стоимость.",https://catalog-plans.ru/catalog/62-86?utm_source=pinterest&utm_medium=organic&utm_campaign=generated_raw_visual_plans_to_100_batch_64&utm_content=pin_12172_62-86_plans&utm_term=proekty-domov-s-planirovkami,,"проекты домов до 100 м², проект дома 62-86, дом 85,6 м², планировка дома, планы этажей, готовый проект дома, газобетон, catalog-plans.ru"
"Проекты домов 100–150 м²: проект №61-47, 143 м²",https://raw.githubusercontent.com/nemchenik/test/9dd044fcd82fb3fec19f27b78d079fa36d093adb/pinterest/generated_batch_65_raw_visual_plans_100_150/61-47.jpg,Проекты домов 100–150 м²,,"Проекты домов 100–150 м² — готовый проект №61-47 площадью 143 м². Дом: 2 этажа, габариты 9×11 м, материал стен — газобетон. На изображении представлены оригинальная визуализация дома и планы этажей. Сохраните проект, сравните планировку комнат и перейдите в каталог, чтобы узнать состав документации и актуальную стоимость.",https://catalog-plans.ru/catalog/61-47?utm_source=pinterest&utm_medium=organic&utm_campaign=generated_raw_visual_plans_100_150_batch_65&utm_content=pin_12372_61-47_plans&utm_term=proekty-domov-s-planirovkami,,"проекты домов 100–150 м², проект дома 61-47, дом 143 м², планировка дома, планы этажей, готовый проект дома, газобетон, catalog-plans.ru"
"Проекты домов от 150 м²: проект №48-29CBGL, 269,51 м²",https://raw.githubusercontent.com/nemchenik/test/9dd044fcd82fb3fec19f27b78d079fa36d093adb/pinterest/generated_batch_66_raw_visual_plans_from_150/48-29CBGL.jpg,Проекты домов от 150 м²,,"Проекты домов от 150 м² — готовый проект №48-29CBGL площадью 269,51 м². Дом: 2 этажа, габариты 13.02×23.42 м, материал стен — газобетон. На изображении представлены оригинальная визуализация дома и планы этажей. Сохраните проект, сравните планировку комнат и перейдите в каталог, чтобы узнать состав документации и актуальную стоимость.",https://catalog-plans.ru/catalog/48-29CBGL?utm_source=pinterest&utm_medium=organic&utm_campaign=generated_raw_visual_plans_from_150_batch_66&utm_content=pin_12572_48-29CBGL_plans&utm_term=proekty-domov-s-planirovkami,,"проекты домов от 150 м², проект дома 48-29CBGL, дом 269,51 м², планировка дома, планы этажей, готовый проект дома, газобетон, catalog-plans.ru"
"Проекты домов до 100 м²: проект №70-85, 86,48 м²",https://raw.githubusercontent.com/nemchenik/test/9dd044fcd82fb3fec19f27b78d079fa36d093adb/pinterest/generated_batch_64_raw_visual_plans_to_100/70-85.jpg,Проекты домов до 100 м²,,"Проекты домов до 100 м² — готовый проект №70-85 площадью 86,48 м². Дом: 1 этаж, габариты 13.99×17.19 м, материал стен — деревянный каркас. На изображении представлены оригинальная визуализация дома и планы этажей. Сохраните проект, сравните планировку комнат и перейдите в каталог, чтобы узнать состав документации и актуальную стоимость.",https://catalog-plans.ru/catalog/70-85?utm_source=pinterest&utm_medium=organic&utm_campaign=generated_raw_visual_plans_to_100_batch_64&utm_content=pin_12173_70-85_plans&utm_term=proekty-domov-s-planirovkami,,"проекты домов до 100 м², проект дома 70-85, дом 86,48 м², планировка дома, планы этажей, готовый проект дома, деревянный каркас, catalog-plans.ru"
"Проекты домов 100–150 м²: проект №61-18, 144,2 м²",https://raw.githubusercontent.com/nemchenik/test/9dd044fcd82fb3fec19f27b78d079fa36d093adb/pinterest/generated_batch_65_raw_visual_plans_100_150/61-18.jpg,Проекты домов 100–150 м²,,"Проекты домов 100–150 м² — готовый проект №61-18 площадью 144,2 м². Дом: 2 этажа, габариты 9×10.45 м, материал стен — газобетон. На изображении представлены оригинальная визуализация дома и планы этажей. Сохраните проект, сравните планировку комнат и перейдите в каталог, чтобы узнать состав документации и актуальную стоимость.",https://catalog-plans.ru/catalog/61-18?utm_source=pinterest&utm_medium=organic&utm_campaign=generated_raw_visual_plans_100_150_batch_65&utm_content=pin_12373_61-18_plans&utm_term=proekty-domov-s-planirovkami,,"проекты домов 100–150 м², проект дома 61-18, дом 144,2 м², планировка дома, планы этажей, готовый проект дома, газобетон, catalog-plans.ru"
"Проекты домов от 150 м²: проект №40-92A, 295,17 м²",https://raw.githubusercontent.com/nemchenik/test/9dd044fcd82fb3fec19f27b78d079fa36d093adb/pinterest/generated_batch_66_raw_visual_plans_from_150/40-92A.jpg,Проекты домов от 150 м²,,"Проекты домов от 150 м² — готовый проект №40-92A площадью 295,17 м². Дом: 2 этажа, габариты 15.09×15.84 м, материал стен — кирпич. На изображении представлены оригинальная визуализация дома и планы этажей. Сохраните проект, сравните планировку комнат и перейдите в каталог, чтобы узнать состав документации и актуальную стоимость.",https://catalog-plans.ru/catalog/40-92A?utm_source=pinterest&utm_medium=organic&utm_campaign=generated_raw_visual_plans_from_150_batch_66&utm_content=pin_12573_40-92A_plans&utm_term=proekty-domov-s-planirovkami,,"проекты домов от 150 м², проект дома 40-92A, дом 295,17 м², планировка дома, планы этажей, готовый проект дома, кирпич, catalog-plans.ru"
"Проекты домов до 100 м²: проект №64-66A, 51,89 м²",https://raw.githubusercontent.com/nemchenik/test/9dd044fcd82fb3fec19f27b78d079fa36d093adb/pinterest/generated_batch_64_raw_visual_plans_to_100/64-66A.jpg,Проекты домов до 100 м²,,"Проекты домов до 100 м² — готовый проект №64-66A площадью 51,89 м². Дом: 1 этаж, габариты 6.2×13.3 м, материал стен — газобетон. На изображении представлены оригинальная визуализация дома и планы этажей. Сохраните проект, сравните планировку комнат и перейдите в каталог, чтобы узнать состав документации и актуальную стоимость.",https://catalog-plans.ru/catalog/64-66A?utm_source=pinterest&utm_medium=organic&utm_campaign=generated_raw_visual_plans_to_100_batch_64&utm_content=pin_12174_64-66A_plans&utm_term=proekty-domov-s-planirovkami,,"проекты домов до 100 м², проект дома 64-66A, дом 51,89 м², планировка дома, планы этажей, готовый проект дома, газобетон, catalog-plans.ru"
"Проекты домов 100–150 м²: проект №11-24, 131,9 м²",https://raw.githubusercontent.com/nemchenik/test/9dd044fcd82fb3fec19f27b78d079fa36d093adb/pinterest/generated_batch_65_raw_visual_plans_100_150/11-24.jpg,Проекты домов 100–150 м²,,"Проекты домов 100–150 м² — готовый проект №11-24 площадью 131,9 м². Дом: 2 этажа, габариты 9.95×10.95 м, материал стен — дерево. На изображении представлены оригинальная визуализация дома и планы этажей. Сохраните проект, сравните планировку комнат и перейдите в каталог, чтобы узнать состав документации и актуальную стоимость.",https://catalog-plans.ru/catalog/11-24?utm_source=pinterest&utm_medium=organic&utm_campaign=generated_raw_visual_plans_100_150_batch_65&utm_content=pin_12374_11-24_plans&utm_term=proekty-domov-s-planirovkami,,"проекты домов 100–150 м², проект дома 11-24, дом 131,9 м², планировка дома, планы этажей, готовый проект дома, дерево, catalog-plans.ru"
"Проекты домов от 150 м²: проект №58-29D, 151,93 м²",https://raw.githubusercontent.com/nemchenik/test/9dd044fcd82fb3fec19f27b78d079fa36d093adb/pinterest/generated_batch_66_raw_visual_plans_from_150/58-29D.jpg,Проекты домов от 150 м²,,"Проекты домов от 150 м² — готовый проект №58-29D площадью 151,93 м². Дом: 2 этажа, габариты 10.1×10.46 м, материал стен — газобетон. На изображении представлены оригинальная визуализация дома и планы этажей. Сохраните проект, сравните планировку комнат и перейдите в каталог, чтобы узнать состав документации и актуальную стоимость.",https://catalog-plans.ru/catalog/58-29D?utm_source=pinterest&utm_medium=organic&utm_campaign=generated_raw_visual_plans_from_150_batch_66&utm_content=pin_12574_58-29D_plans&utm_term=proekty-domov-s-planirovkami,,"проекты домов от 150 м², проект дома 58-29D, дом 151,93 м², планировка дома, планы этажей, готовый проект дома, газобетон, catalog-plans.ru"
"Проекты домов до 100 м²: проект №57-37A, 65,38 м²",https://raw.githubusercontent.com/nemchenik/test/9dd044fcd82fb3fec19f27b78d079fa36d093adb/pinterest/generated_batch_64_raw_visual_plans_to_100/57-37A.jpg,Проекты домов до 100 м²,,"Проекты домов до 100 м² — готовый проект №57-37A площадью 65,38 м². Дом: 1 этаж, габариты 9×10.45 м, материал стен — газобетон. На изображении представлены оригинальная визуализация дома и планы этажей. Сохраните проект, сравните планировку комнат и перейдите в каталог, чтобы узнать состав документации и актуальную стоимость.",https://catalog-plans.ru/catalog/57-37A?utm_source=pinterest&utm_medium=organic&utm_campaign=generated_raw_visual_plans_to_100_batch_64&utm_content=pin_12175_57-37A_plans&utm_term=proekty-domov-s-planirovkami,,"проекты домов до 100 м², проект дома 57-37A, дом 65,38 м², планировка дома, планы этажей, готовый проект дома, газобетон, catalog-plans.ru"
"Проекты домов 100–150 м²: проект №51-13, 149,5 м²",https://raw.githubusercontent.com/nemchenik/test/9dd044fcd82fb3fec19f27b78d079fa36d093adb/pinterest/generated_batch_65_raw_visual_plans_100_150/51-13.jpg,Проекты домов 100–150 м²,,"Проекты домов 100–150 м² — готовый проект №51-13 площадью 149,5 м². Дом: 2 этажа, габариты 10.3×11.4 м, материал стен — газобетон. На изображении представлены оригинальная визуализация дома и планы этажей. Сохраните проект, сравните планировку комнат и перейдите в каталог, чтобы узнать состав документации и актуальную стоимость.",https://catalog-plans.ru/catalog/51-13?utm_source=pinterest&utm_medium=organic&utm_campaign=generated_raw_visual_plans_100_150_batch_65&utm_content=pin_12375_51-13_plans&utm_term=proekty-domov-s-planirovkami,,"проекты домов 100–150 м², проект дома 51-13, дом 149,5 м², планировка дома, планы этажей, готовый проект дома, газобетон, catalog-plans.ru"
"Проекты домов от 150 м²: проект №62-81, 711,12 м²",https://raw.githubusercontent.com/nemchenik/test/9dd044fcd82fb3fec19f27b78d079fa36d093adb/pinterest/generated_batch_66_raw_visual_plans_from_150/62-81.jpg,Проекты домов от 150 м²,,"Проекты домов от 150 м² — готовый проект №62-81 площадью 711,12 м². Дом: 2 этажа, габариты 17.34×25.05 м, материал стен — газобетон. На изображении представлены оригинальная визуализация дома и планы этажей. Сохраните проект, сравните планировку комнат и перейдите в каталог, чтобы узнать состав документации и актуальную стоимость.",https://catalog-plans.ru/catalog/62-81?utm_source=pinterest&utm_medium=organic&utm_campaign=generated_raw_visual_plans_from_150_batch_66&utm_content=pin_12575_62-81_plans&utm_term=proekty-domov-s-planirovkami,,"проекты домов от 150 м², проект дома 62-81, дом 711,12 м², планировка дома, планы этажей, готовый проект дома, газобетон, catalog-plans.ru"
"Проекты домов до 100 м²: проект №15-33, 74,2 м²",https://raw.githubusercontent.com/nemchenik/test/9dd044fcd82fb3fec19f27b78d079fa36d093adb/pinterest/generated_batch_64_raw_visual_plans_to_100/15-33.jpg,Проекты домов до 100 м²,,"Проекты домов до 100 м² — готовый проект №15-33 площадью 74,2 м². Дом: 1 этаж, габариты 8.25×13.05 м, материал стен — кирпич. На изображении представлены оригинальная визуализация дома и планы этажей. Сохраните проект, сравните планировку комнат и перейдите в каталог, чтобы узнать состав документации и актуальную стоимость.",https://catalog-plans.ru/catalog/15-33?utm_source=pinterest&utm_medium=organic&utm_campaign=generated_raw_visual_plans_to_100_batch_64&utm_content=pin_12176_15-33_plans&utm_term=proekty-domov-s-planirovkami,,"проекты домов до 100 м², проект дома 15-33, дом 74,2 м², планировка дома, планы этажей, готовый проект дома, кирпич, catalog-plans.ru"
"Проекты домов 100–150 м²: проект №60-67, 134,06 м²",https://raw.githubusercontent.com/nemchenik/test/9dd044fcd82fb3fec19f27b78d079fa36d093adb/pinterest/generated_batch_65_raw_visual_plans_100_150/60-67.jpg,Проекты домов 100–150 м²,,"Проекты домов 100–150 м² — готовый проект №60-67 площадью 134,06 м². Дом: 2 этажа, габариты 7.9×15.25 м, материал стен — газобетон. На изображении представлены оригинальная визуализация дома и планы этажей. Сохраните проект, сравните планировку комнат и перейдите в каталог, чтобы узнать состав документации и актуальную стоимость.",https://catalog-plans.ru/catalog/60-67?utm_source=pinterest&utm_medium=organic&utm_campaign=generated_raw_visual_plans_100_150_batch_65&utm_content=pin_12376_60-67_plans&utm_term=proekty-domov-s-planirovkami,,"проекты домов 100–150 м², проект дома 60-67, дом 134,06 м², планировка дома, планы этажей, готовый проект дома, газобетон, catalog-plans.ru"
"Проекты домов от 150 м²: проект №45-16ABGL, 235,73 м²",https://raw.githubusercontent.com/nemchenik/test/9dd044fcd82fb3fec19f27b78d079fa36d093adb/pinterest/generated_batch_66_raw_visual_plans_from_150/45-16ABGL.jpg,Проекты домов от 150 м²,,"Проекты домов от 150 м² — готовый проект №45-16ABGL площадью 235,73 м². Дом: 2 этажа, габариты 12.8×18.24 м, материал стен — газобетон. На изображении представлены оригинальная визуализация дома и планы этажей. Сохраните проект, сравните планировку комнат и перейдите в каталог, чтобы узнать состав документации и актуальную стоимость.",https://catalog-plans.ru/catalog/45-16ABGL?utm_source=pinterest&utm_medium=organic&utm_campaign=generated_raw_visual_plans_from_150_batch_66&utm_content=pin_12576_45-16ABGL_plans&utm_term=proekty-domov-s-planirovkami,,"проекты домов от 150 м², проект дома 45-16ABGL, дом 235,73 м², планировка дома, планы этажей, готовый проект дома, газобетон, catalog-plans.ru"
"Проекты домов до 100 м²: проект №15-19, 50,3 м²",https://raw.githubusercontent.com/nemchenik/test/9dd044fcd82fb3fec19f27b78d079fa36d093adb/pinterest/generated_batch_64_raw_visual_plans_to_100/15-19.jpg,Проекты домов до 100 м²,,"Проекты домов до 100 м² — готовый проект №15-19 площадью 50,3 м². Дом: 1 этаж, габариты 6.13×10.13 м, материал стен — деревянный каркас. На изображении представлены оригинальная визуализация дома и планы этажей. Сохраните проект, сравните планировку комнат и перейдите в каталог, чтобы узнать состав документации и актуальную стоимость.",https://catalog-plans.ru/catalog/15-19?utm_source=pinterest&utm_medium=organic&utm_campaign=generated_raw_visual_plans_to_100_batch_64&utm_content=pin_12177_15-19_plans&utm_term=proekty-domov-s-planirovkami,,"проекты домов до 100 м², проект дома 15-19, дом 50,3 м², планировка дома, планы этажей, готовый проект дома, деревянный каркас, catalog-plans.ru"
"Проекты домов 100–150 м²: проект №80-15A, 143,79 м²",https://raw.githubusercontent.com/nemchenik/test/9dd044fcd82fb3fec19f27b78d079fa36d093adb/pinterest/generated_batch_65_raw_visual_plans_100_150/80-15A.jpg,Проекты домов 100–150 м²,,"Проекты домов 100–150 м² — готовый проект №80-15A площадью 143,79 м². Дом: 2 этажа, габариты 10.1×11.7 м, материал стен — газобетон. На изображении представлены оригинальная визуализация дома и планы этажей. Сохраните проект, сравните планировку комнат и перейдите в каталог, чтобы узнать состав документации и актуальную стоимость.",https://catalog-plans.ru/catalog/80-15A?utm_source=pinterest&utm_medium=organic&utm_campaign=generated_raw_visual_plans_100_150_batch_65&utm_content=pin_12377_80-15A_plans&utm_term=proekty-domov-s-planirovkami,,"проекты домов 100–150 м², проект дома 80-15A, дом 143,79 м², планировка дома, планы этажей, готовый проект дома, газобетон, catalog-plans.ru"
"Проекты домов от 150 м²: проект №62-90AB, 243,91 м²",https://raw.githubusercontent.com/nemchenik/test/9dd044fcd82fb3fec19f27b78d079fa36d093adb/pinterest/generated_batch_66_raw_visual_plans_from_150/62-90AB.jpg,Проекты домов от 150 м²,,"Проекты домов от 150 м² — готовый проект №62-90AB площадью 243,91 м². Дом: 3 этажа, габариты 12.04×13.04 м, материал стен — монолитный каркас. На изображении представлены оригинальная визуализация дома и планы этажей. Сохраните проект, сравните планировку комнат и перейдите в каталог, чтобы узнать состав документации и актуальную стоимость.",https://catalog-plans.ru/catalog/62-90AB?utm_source=pinterest&utm_medium=organic&utm_campaign=generated_raw_visual_plans_from_150_batch_66&utm_content=pin_12577_62-90AB_plans&utm_term=proekty-domov-s-planirovkami,,"проекты домов от 150 м², проект дома 62-90AB, дом 243,91 м², планировка дома, планы этажей, готовый проект дома, монолитный каркас, catalog-plans.ru"
"Проекты домов до 100 м²: проект №74-06WIKING, 55,54 м²",https://raw.githubusercontent.com/nemchenik/test/9dd044fcd82fb3fec19f27b78d079fa36d093adb/pinterest/generated_batch_64_raw_visual_plans_to_100/74-06WIKING.jpg,Проекты домов до 100 м²,,"Проекты домов до 100 м² — готовый проект №74-06WIKING площадью 55,54 м². Дом: 1 этаж, габариты 7.5×9.5 м, материал стен — деревянный каркас. На изображении представлены оригинальная визуализация дома и планы этажей. Сохраните проект, сравните планировку комнат и перейдите в каталог, чтобы узнать состав документации и актуальную стоимость.",https://catalog-plans.ru/catalog/74-06WIKING?utm_source=pinterest&utm_medium=organic&utm_campaign=generated_raw_visual_plans_to_100_batch_64&utm_content=pin_12178_74-06WIKING_plans&utm_term=proekty-domov-s-planirovkami,,"проекты домов до 100 м², проект дома 74-06WIKING, дом 55,54 м², планировка дома, планы этажей, готовый проект дома, деревянный каркас, catalog-plans.ru"
"Проекты домов 100–150 м²: проект №40-04PBG, 136 м²",https://raw.githubusercontent.com/nemchenik/test/9dd044fcd82fb3fec19f27b78d079fa36d093adb/pinterest/generated_batch_65_raw_visual_plans_100_150/40-04PBG.jpg,Проекты домов 100–150 м²,,"Проекты домов 100–150 м² — готовый проект №40-04PBG площадью 136 м². Дом: 2 этажа, габариты 9.4×9.9 м, материал стен — газобетон. На изображении представлены оригинальная визуализация дома и планы этажей. Сохраните проект, сравните планировку комнат и перейдите в каталог, чтобы узнать состав документации и актуальную стоимость.",https://catalog-plans.ru/catalog/40-04PBG?utm_source=pinterest&utm_medium=organic&utm_campaign=generated_raw_visual_plans_100_150_batch_65&utm_content=pin_12378_40-04PBG_plans&utm_term=proekty-domov-s-planirovkami,,"проекты домов 100–150 м², проект дома 40-04PBG, дом 136 м², планировка дома, планы этажей, готовый проект дома, газобетон, catalog-plans.ru"
"Проекты домов от 150 м²: проект №32-56, 418,5 м²",https://raw.githubusercontent.com/nemchenik/test/9dd044fcd82fb3fec19f27b78d079fa36d093adb/pinterest/generated_batch_66_raw_visual_plans_from_150/32-56.jpg,Проекты домов от 150 м²,,"Проекты домов от 150 м² — готовый проект №32-56 площадью 418,5 м². Дом: 2 этажа, габариты 16.8×22.2 м, материал стен — кирпич. На изображении представлены оригинальная визуализация дома и планы этажей. Сохраните проект, сравните планировку комнат и перейдите в каталог, чтобы узнать состав документации и актуальную стоимость.",https://catalog-plans.ru/catalog/32-56?utm_source=pinterest&utm_medium=organic&utm_campaign=generated_raw_visual_plans_from_150_batch_66&utm_content=pin_12578_32-56_plans&utm_term=proekty-domov-s-planirovkami,,"проекты домов от 150 м², проект дома 32-56, дом 418,5 м², планировка дома, планы этажей, готовый проект дома, кирпич, catalog-plans.ru"
"Проекты домов до 100 м²: проект №13-89A, 97,6 м²",https://raw.githubusercontent.com/nemchenik/test/9dd044fcd82fb3fec19f27b78d079fa36d093adb/pinterest/generated_batch_64_raw_visual_plans_to_100/13-89A.jpg,Проекты домов до 100 м²,,"Проекты домов до 100 м² — готовый проект №13-89A площадью 97,6 м². Дом: 1 этаж, габариты 9.4×14.4 м, материал стен — дерево. На изображении представлены оригинальная визуализация дома и планы этажей. Сохраните проект, сравните планировку комнат и перейдите в каталог, чтобы узнать состав документации и актуальную стоимость.",https://catalog-plans.ru/catalog/13-89A?utm_source=pinterest&utm_medium=organic&utm_campaign=generated_raw_visual_plans_to_100_batch_64&utm_content=pin_12179_13-89A_plans&utm_term=proekty-domov-s-planirovkami,,"проекты домов до 100 м², проект дома 13-89A, дом 97,6 м², планировка дома, планы этажей, готовый проект дома, дерево, catalog-plans.ru"
"Проекты домов 100–150 м²: проект №60-80, 146,44 м²",https://raw.githubusercontent.com/nemchenik/test/9dd044fcd82fb3fec19f27b78d079fa36d093adb/pinterest/generated_batch_65_raw_visual_plans_100_150/60-80.jpg,Проекты домов 100–150 м²,,"Проекты домов 100–150 м² — готовый проект №60-80 площадью 146,44 м². Дом: 1 этаж, габариты 10×14 м, материал стен — газобетон. На изображении представлены оригинальная визуализация дома и планы этажей. Сохраните проект, сравните планировку комнат и перейдите в каталог, чтобы узнать состав документации и актуальную стоимость.",https://catalog-plans.ru/catalog/60-80?utm_source=pinterest&utm_medium=organic&utm_campaign=generated_raw_visual_plans_100_150_batch_65&utm_content=pin_12379_60-80_plans&utm_term=proekty-domov-s-planirovkami,,"проекты домов 100–150 м², проект дома 60-80, дом 146,44 м², планировка дома, планы этажей, готовый проект дома, газобетон, catalog-plans.ru"
"Проекты домов от 150 м²: проект №48-23B, 222,32 м²",https://raw.githubusercontent.com/nemchenik/test/9dd044fcd82fb3fec19f27b78d079fa36d093adb/pinterest/generated_batch_66_raw_visual_plans_from_150/48-23B.jpg,Проекты домов от 150 м²,,"Проекты домов от 150 м² — готовый проект №48-23B площадью 222,32 м². Дом: 2 этажа, габариты 11.69×16.7 м, материал стен — кирпич. На изображении представлены оригинальная визуализация дома и планы этажей. Сохраните проект, сравните планировку комнат и перейдите в каталог, чтобы узнать состав документации и актуальную стоимость.",https://catalog-plans.ru/catalog/48-23B?utm_source=pinterest&utm_medium=organic&utm_campaign=generated_raw_visual_plans_from_150_batch_66&utm_content=pin_12579_48-23B_plans&utm_term=proekty-domov-s-planirovkami,,"проекты домов от 150 м², проект дома 48-23B, дом 222,32 м², планировка дома, планы этажей, готовый проект дома, кирпич, catalog-plans.ru"
"Проекты домов до 100 м²: проект №64-62MA, 69,54 м²",https://raw.githubusercontent.com/nemchenik/test/9dd044fcd82fb3fec19f27b78d079fa36d093adb/pinterest/generated_batch_64_raw_visual_plans_to_100/64-62MA.jpg,Проекты домов до 100 м²,,"Проекты домов до 100 м² — готовый проект №64-62MA площадью 69,54 м². Дом: 1 этаж, габариты 7.7×11.5 м, материал стен — монолитный каркас. На изображении представлены оригинальная визуализация дома и планы этажей. Сохраните проект, сравните планировку комнат и перейдите в каталог, чтобы узнать состав документации и актуальную стоимость.",https://catalog-plans.ru/catalog/64-62MA?utm_source=pinterest&utm_medium=organic&utm_campaign=generated_raw_visual_plans_to_100_batch_64&utm_content=pin_12180_64-62MA_plans&utm_term=proekty-domov-s-planirovkami,,"проекты домов до 100 м², проект дома 64-62MA, дом 69,54 м², планировка дома, планы этажей, готовый проект дома, монолитный каркас, catalog-plans.ru"
"Проекты домов 100–150 м²: проект №40-04ZEL, 132,44 м²",https://raw.githubusercontent.com/nemchenik/test/9dd044fcd82fb3fec19f27b78d079fa36d093adb/pinterest/generated_batch_65_raw_visual_plans_100_150/40-04ZEL.jpg,Проекты домов 100–150 м²,,"Проекты домов 100–150 м² — готовый проект №40-04ZEL площадью 132,44 м². Дом: 2 этажа, габариты 9.8×10.3 м, материал стен — газобетон. На изображении представлены оригинальная визуализация дома и планы этажей. Сохраните проект, сравните планировку комнат и перейдите в каталог, чтобы узнать состав документации и актуальную стоимость.",https://catalog-plans.ru/catalog/40-04ZEL?utm_source=pinterest&utm_medium=organic&utm_campaign=generated_raw_visual_plans_100_150_batch_65&utm_content=pin_12380_40-04ZEL_plans&utm_term=proekty-domov-s-planirovkami,,"проекты домов 100–150 м², проект дома 40-04ZEL, дом 132,44 м², планировка дома, планы этажей, готовый проект дома, газобетон, catalog-plans.ru"
"Проекты домов от 150 м²: проект №65-24, 187,58 м²",https://raw.githubusercontent.com/nemchenik/test/9dd044fcd82fb3fec19f27b78d079fa36d093adb/pinterest/generated_batch_66_raw_visual_plans_from_150/65-24.jpg,Проекты домов от 150 м²,,"Проекты домов от 150 м² — готовый проект №65-24 площадью 187,58 м². Дом: 1 этаж, габариты 13×20.1 м, материал стен — газобетон. На изображении представлены оригинальная визуализация дома и планы этажей. Сохраните проект, сравните планировку комнат и перейдите в каталог, чтобы узнать состав документации и актуальную стоимость.",https://catalog-plans.ru/catalog/65-24?utm_source=pinterest&utm_medium=organic&utm_campaign=generated_raw_visual_plans_from_150_batch_66&utm_content=pin_12580_65-24_plans&utm_term=proekty-domov-s-planirovkami,,"проекты домов от 150 м², проект дома 65-24, дом 187,58 м², планировка дома, планы этажей, готовый проект дома, газобетон, catalog-plans.ru"
"Проекты домов до 100 м²: проект №70-31, 89,48 м²",https://raw.githubusercontent.com/nemchenik/test/9dd044fcd82fb3fec19f27b78d079fa36d093adb/pinterest/generated_batch_64_raw_visual_plans_to_100/70-31.jpg,Проекты домов до 100 м²,,"Проекты домов до 100 м² — готовый проект №70-31 площадью 89,48 м². Дом: 1 этаж, габариты 12×12.1 м, материал стен — деревянный каркас. На изображении представлены оригинальная визуализация дома и планы этажей. Сохраните проект, сравните планировку комнат и перейдите в каталог, чтобы узнать состав документации и актуальную стоимость.",https://catalog-plans.ru/catalog/70-31?utm_source=pinterest&utm_medium=organic&utm_campaign=generated_raw_visual_plans_to_100_batch_64&utm_content=pin_12181_70-31_plans&utm_term=proekty-domov-s-planirovkami,,"проекты домов до 100 м², проект дома 70-31, дом 89,48 м², планировка дома, планы этажей, готовый проект дома, деревянный каркас, catalog-plans.ru"
"Проекты домов 100–150 м²: проект №63-41, 125,32 м²",https://raw.githubusercontent.com/nemchenik/test/9dd044fcd82fb3fec19f27b78d079fa36d093adb/pinterest/generated_batch_65_raw_visual_plans_100_150/63-41.jpg,Проекты домов 100–150 м²,,"Проекты домов 100–150 м² — готовый проект №63-41 площадью 125,32 м². Дом: 1 этаж, габариты 13×13.96 м, материал стен — газобетон. На изображении представлены оригинальная визуализация дома и планы этажей. Сохраните проект, сравните планировку комнат и перейдите в каталог, чтобы узнать состав документации и актуальную стоимость.",https://catalog-plans.ru/catalog/63-41?utm_source=pinterest&utm_medium=organic&utm_campaign=generated_raw_visual_plans_100_150_batch_65&utm_content=pin_12381_63-41_plans&utm_term=proekty-domov-s-planirovkami,,"проекты домов 100–150 м², проект дома 63-41, дом 125,32 м², планировка дома, планы этажей, готовый проект дома, газобетон, catalog-plans.ru"
"Проекты домов от 150 м²: проект №40-54DL, 224,3 м²",https://raw.githubusercontent.com/nemchenik/test/9dd044fcd82fb3fec19f27b78d079fa36d093adb/pinterest/generated_batch_66_raw_visual_plans_from_150/40-54DL.jpg,Проекты домов от 150 м²,,"Проекты домов от 150 м² — готовый проект №40-54DL площадью 224,3 м². Дом: 2 этажа, габариты 13.04×16.74 м, материал стен — кирпич. На изображении представлены оригинальная визуализация дома и планы этажей. Сохраните проект, сравните планировку комнат и перейдите в каталог, чтобы узнать состав документации и актуальную стоимость.",https://catalog-plans.ru/catalog/40-54DL?utm_source=pinterest&utm_medium=organic&utm_campaign=generated_raw_visual_plans_from_150_batch_66&utm_content=pin_12581_40-54DL_plans&utm_term=proekty-domov-s-planirovkami,,"проекты домов от 150 м², проект дома 40-54DL, дом 224,3 м², планировка дома, планы этажей, готовый проект дома, кирпич, catalog-plans.ru"
"Проекты домов до 100 м²: проект №64-06AF, 97,93 м²",https://raw.githubusercontent.com/nemchenik/test/9dd044fcd82fb3fec19f27b78d079fa36d093adb/pinterest/generated_batch_64_raw_visual_plans_to_100/64-06AF.jpg,Проекты домов до 100 м²,,"Проекты домов до 100 м² — готовый проект №64-06AF площадью 97,93 м². Дом: 2 этажа, габариты 7.31×12.16 м, материал стен — газобетон. На изображении представлены оригинальная визуализация дома и планы этажей. Сохраните проект, сравните планировку комнат и перейдите в каталог, чтобы узнать состав документации и актуальную стоимость.",https://catalog-plans.ru/catalog/64-06AF?utm_source=pinterest&utm_medium=organic&utm_campaign=generated_raw_visual_plans_to_100_batch_64&utm_content=pin_12182_64-06AF_plans&utm_term=proekty-domov-s-planirovkami,,"проекты домов до 100 м², проект дома 64-06AF, дом 97,93 м², планировка дома, планы этажей, готовый проект дома, газобетон, catalog-plans.ru"
"Проекты домов 100–150 м²: проект №65-58, 140,69 м²",https://raw.githubusercontent.com/nemchenik/test/9dd044fcd82fb3fec19f27b78d079fa36d093adb/pinterest/generated_batch_65_raw_visual_plans_100_150/65-58.jpg,Проекты домов 100–150 м²,,"Проекты домов 100–150 м² — готовый проект №65-58 площадью 140,69 м². Дом: 1 этаж, габариты 12.6×17.8 м, материал стен — газобетон. На изображении представлены оригинальная визуализация дома и планы этажей. Сохраните проект, сравните планировку комнат и перейдите в каталог, чтобы узнать состав документации и актуальную стоимость.",https://catalog-plans.ru/catalog/65-58?utm_source=pinterest&utm_medium=organic&utm_campaign=generated_raw_visual_plans_100_150_batch_65&utm_content=pin_12382_65-58_plans&utm_term=proekty-domov-s-planirovkami,,"проекты домов 100–150 м², проект дома 65-58, дом 140,69 м², планировка дома, планы этажей, готовый проект дома, газобетон, catalog-plans.ru"
"Проекты домов от 150 м²: проект №31-40, 345 м²",https://raw.githubusercontent.com/nemchenik/test/9dd044fcd82fb3fec19f27b78d079fa36d093adb/pinterest/generated_batch_66_raw_visual_plans_from_150/31-40.jpg,Проекты домов от 150 м²,,"Проекты домов от 150 м² — готовый проект №31-40 площадью 345 м². Дом: 3 этажа, габариты 16.98×23.73 м, материал стен — кирпич. На изображении представлены оригинальная визуализация дома и планы этажей. Сохраните проект, сравните планировку комнат и перейдите в каталог, чтобы узнать состав документации и актуальную стоимость.",https://catalog-plans.ru/catalog/31-40?utm_source=pinterest&utm_medium=organic&utm_campaign=generated_raw_visual_plans_from_150_batch_66&utm_content=pin_12582_31-40_plans&utm_term=proekty-domov-s-planirovkami,,"проекты домов от 150 м², проект дома 31-40, дом 345 м², планировка дома, планы этажей, готовый проект дома, кирпич, catalog-plans.ru"
"Проекты домов до 100 м²: проект №48-19G, 51,13 м²",https://raw.githubusercontent.com/nemchenik/test/9dd044fcd82fb3fec19f27b78d079fa36d093adb/pinterest/generated_batch_64_raw_visual_plans_to_100/48-19G.jpg,Проекты домов до 100 м²,,"Проекты домов до 100 м² — готовый проект №48-19G площадью 51,13 м². Дом: 1 этаж, габариты 8×8 м, материал стен — газобетон. На изображении представлены оригинальная визуализация дома и планы этажей. Сохраните проект, сравните планировку комнат и перейдите в каталог, чтобы узнать состав документации и актуальную стоимость.",https://catalog-plans.ru/catalog/48-19G?utm_source=pinterest&utm_medium=organic&utm_campaign=generated_raw_visual_plans_to_100_batch_64&utm_content=pin_12183_48-19G_plans&utm_term=proekty-domov-s-planirovkami,,"проекты домов до 100 м², проект дома 48-19G, дом 51,13 м², планировка дома, планы этажей, готовый проект дома, газобетон, catalog-plans.ru"
"Проекты домов 100–150 м²: проект №56-94, 143 м²",https://raw.githubusercontent.com/nemchenik/test/9dd044fcd82fb3fec19f27b78d079fa36d093adb/pinterest/generated_batch_65_raw_visual_plans_100_150/56-94.jpg,Проекты домов 100–150 м²,,"Проекты домов 100–150 м² — готовый проект №56-94 площадью 143 м². Дом: 2 этажа, габариты 9×16 м, материал стен — газобетон. На изображении представлены оригинальная визуализация дома и планы этажей. Сохраните проект, сравните планировку комнат и перейдите в каталог, чтобы узнать состав документации и актуальную стоимость.",https://catalog-plans.ru/catalog/56-94?utm_source=pinterest&utm_medium=organic&utm_campaign=generated_raw_visual_plans_100_150_batch_65&utm_content=pin_12383_56-94_plans&utm_term=proekty-domov-s-planirovkami,,"проекты домов 100–150 м², проект дома 56-94, дом 143 м², планировка дома, планы этажей, готовый проект дома, газобетон, catalog-plans.ru"
"Проекты домов от 150 м²: проект №57-00I, 182,62 м²",https://raw.githubusercontent.com/nemchenik/test/9dd044fcd82fb3fec19f27b78d079fa36d093adb/pinterest/generated_batch_66_raw_visual_plans_from_150/57-00I.jpg,Проекты домов от 150 м²,,"Проекты домов от 150 м² — готовый проект №57-00I площадью 182,62 м². Дом: 2 этажа, габариты 12.95×16.5 м, материал стен — газобетон. На изображении представлены оригинальная визуализация дома и планы этажей. Сохраните проект, сравните планировку комнат и перейдите в каталог, чтобы узнать состав документации и актуальную стоимость.",https://catalog-plans.ru/catalog/57-00I?utm_source=pinterest&utm_medium=organic&utm_campaign=generated_raw_visual_plans_from_150_batch_66&utm_content=pin_12583_57-00I_plans&utm_term=proekty-domov-s-planirovkami,,"проекты домов от 150 м², проект дома 57-00I, дом 182,62 м², планировка дома, планы этажей, готовый проект дома, газобетон, catalog-plans.ru"
"Проекты домов до 100 м²: проект №71-31, 50,28 м²",https://raw.githubusercontent.com/nemchenik/test/9dd044fcd82fb3fec19f27b78d079fa36d093adb/pinterest/generated_batch_64_raw_visual_plans_to_100/71-31.jpg,Проекты домов до 100 м²,,"Проекты домов до 100 м² — готовый проект №71-31 площадью 50,28 м². Дом: 1 этаж, габариты 6.6×10 м, материал стен — деревянный каркас. На изображении представлены оригинальная визуализация дома и планы этажей. Сохраните проект, сравните планировку комнат и перейдите в каталог, чтобы узнать состав документации и актуальную стоимость.",https://catalog-plans.ru/catalog/71-31?utm_source=pinterest&utm_medium=organic&utm_campaign=generated_raw_visual_plans_to_100_batch_64&utm_content=pin_12184_71-31_plans&utm_term=proekty-domov-s-planirovkami,,"проекты домов до 100 м², проект дома 71-31, дом 50,28 м², планировка дома, планы этажей, готовый проект дома, деревянный каркас, catalog-plans.ru"
"Проекты домов 100–150 м²: проект №65-52GL, 101,12 м²",https://raw.githubusercontent.com/nemchenik/test/9dd044fcd82fb3fec19f27b78d079fa36d093adb/pinterest/generated_batch_65_raw_visual_plans_100_150/65-52GL.jpg,Проекты домов 100–150 м²,,"Проекты домов 100–150 м² — готовый проект №65-52GL площадью 101,12 м². Дом: 1 этаж, габариты 12.4×12.6 м, материал стен — газобетон. На изображении представлены оригинальная визуализация дома и планы этажей. Сохраните проект, сравните планировку комнат и перейдите в каталог, чтобы узнать состав документации и актуальную стоимость.",https://catalog-plans.ru/catalog/65-52GL?utm_source=pinterest&utm_medium=organic&utm_campaign=generated_raw_visual_plans_100_150_batch_65&utm_content=pin_12384_65-52GL_plans&utm_term=proekty-domov-s-planirovkami,,"проекты домов 100–150 м², проект дома 65-52GL, дом 101,12 м², планировка дома, планы этажей, готовый проект дома, газобетон, catalog-plans.ru"
"Проекты домов от 150 м²: проект №40-05FBKL, 222,42 м²",https://raw.githubusercontent.com/nemchenik/test/9dd044fcd82fb3fec19f27b78d079fa36d093adb/pinterest/generated_batch_66_raw_visual_plans_from_150/40-05FBKL.jpg,Проекты домов от 150 м²,,"Проекты домов от 150 м² — готовый проект №40-05FBKL площадью 222,42 м². Дом: 2 этажа, габариты 11.18×13.27 м, материал стен — кирпич. На изображении представлены оригинальная визуализация дома и планы этажей. Сохраните проект, сравните планировку комнат и перейдите в каталог, чтобы узнать состав документации и актуальную стоимость.",https://catalog-plans.ru/catalog/40-05FBKL?utm_source=pinterest&utm_medium=organic&utm_campaign=generated_raw_visual_plans_from_150_batch_66&utm_content=pin_12584_40-05FBKL_plans&utm_term=proekty-domov-s-planirovkami,,"проекты домов от 150 м², проект дома 40-05FBKL, дом 222,42 м², планировка дома, планы этажей, готовый проект дома, кирпич, catalog-plans.ru"
"Проекты домов до 100 м²: проект №72-28, 89,7 м²",https://raw.githubusercontent.com/nemchenik/test/9dd044fcd82fb3fec19f27b78d079fa36d093adb/pinterest/generated_batch_64_raw_visual_plans_to_100/72-28.jpg,Проекты домов до 100 м²,,"Проекты домов до 100 м² — готовый проект №72-28 площадью 89,7 м². Дом: 2 этажа, габариты 6.98×10.08 м, материал стен — газобетон. На изображении представлены оригинальная визуализация дома и планы этажей. Сохраните проект, сравните планировку комнат и перейдите в каталог, чтобы узнать состав документации и актуальную стоимость.",https://catalog-plans.ru/catalog/72-28?utm_source=pinterest&utm_medium=organic&utm_campaign=generated_raw_visual_plans_to_100_batch_64&utm_content=pin_12185_72-28_plans&utm_term=proekty-domov-s-planirovkami,,"проекты домов до 100 м², проект дома 72-28, дом 89,7 м², планировка дома, планы этажей, готовый проект дома, газобетон, catalog-plans.ru"
"Проекты домов 100–150 м²: проект №69-18L, 131,22 м²",https://raw.githubusercontent.com/nemchenik/test/9dd044fcd82fb3fec19f27b78d079fa36d093adb/pinterest/generated_batch_65_raw_visual_plans_100_150/69-18L.jpg,Проекты домов 100–150 м²,,"Проекты домов 100–150 м² — готовый проект №69-18L площадью 131,22 м². Дом: 1 этаж, габариты 13.4×13.5 м, материал стен — газобетон. На изображении представлены оригинальная визуализация дома и планы этажей. Сохраните проект, сравните планировку комнат и перейдите в каталог, чтобы узнать состав документации и актуальную стоимость.",https://catalog-plans.ru/catalog/69-18L?utm_source=pinterest&utm_medium=organic&utm_campaign=generated_raw_visual_plans_100_150_batch_65&utm_content=pin_12385_69-18L_plans&utm_term=proekty-domov-s-planirovkami,,"проекты домов 100–150 м², проект дома 69-18L, дом 131,22 м², планировка дома, планы этажей, готовый проект дома, газобетон, catalog-plans.ru"
"Проекты домов от 150 м²: проект №40-11BL, 266,98 м²",https://raw.githubusercontent.com/nemchenik/test/9dd044fcd82fb3fec19f27b78d079fa36d093adb/pinterest/generated_batch_66_raw_visual_plans_from_150/40-11BL.jpg,Проекты домов от 150 м²,,"Проекты домов от 150 м² — готовый проект №40-11BL площадью 266,98 м². Дом: 3 этажа, габариты 13.8×14.04 м, материал стен — газобетон. На изображении представлены оригинальная визуализация дома и планы этажей. Сохраните проект, сравните планировку комнат и перейдите в каталог, чтобы узнать состав документации и актуальную стоимость.",https://catalog-plans.ru/catalog/40-11BL?utm_source=pinterest&utm_medium=organic&utm_campaign=generated_raw_visual_plans_from_150_batch_66&utm_content=pin_12585_40-11BL_plans&utm_term=proekty-domov-s-planirovkami,,"проекты домов от 150 м², проект дома 40-11BL, дом 266,98 м², планировка дома, планы этажей, готовый проект дома, газобетон, catalog-plans.ru"
"Проекты домов до 100 м²: проект №58-59A, 84,24 м²",https://raw.githubusercontent.com/nemchenik/test/9dd044fcd82fb3fec19f27b78d079fa36d093adb/pinterest/generated_batch_64_raw_visual_plans_to_100/58-59A.jpg,Проекты домов до 100 м²,,"Проекты домов до 100 м² — готовый проект №58-59A площадью 84,24 м². Дом: 2 этажа, габариты 7×9 м, материал стен — газобетон. На изображении представлены оригинальная визуализация дома и планы этажей. Сохраните проект, сравните планировку комнат и перейдите в каталог, чтобы узнать состав документации и актуальную стоимость.",https://catalog-plans.ru/catalog/58-59A?utm_source=pinterest&utm_medium=organic&utm_campaign=generated_raw_visual_plans_to_100_batch_64&utm_content=pin_12186_58-59A_plans&utm_term=proekty-domov-s-planirovkami,,"проекты домов до 100 м², проект дома 58-59A, дом 84,24 м², планировка дома, планы этажей, готовый проект дома, газобетон, catalog-plans.ru"
"Проекты домов 100–150 м²: проект №58-79ABL, 145,65 м²",https://raw.githubusercontent.com/nemchenik/test/9dd044fcd82fb3fec19f27b78d079fa36d093adb/pinterest/generated_batch_65_raw_visual_plans_100_150/58-79ABL.jpg,Проекты домов 100–150 м²,,"Проекты домов 100–150 м² — готовый проект №58-79ABL площадью 145,65 м². Дом: 2 этажа, габариты 9.6×11.85 м, материал стен — газобетон. На изображении представлены оригинальная визуализация дома и планы этажей. Сохраните проект, сравните планировку комнат и перейдите в каталог, чтобы узнать состав документации и актуальную стоимость.",https://catalog-plans.ru/catalog/58-79ABL?utm_source=pinterest&utm_medium=organic&utm_campaign=generated_raw_visual_plans_100_150_batch_65&utm_content=pin_12386_58-79ABL_plans&utm_term=proekty-domov-s-planirovkami,,"проекты домов 100–150 м², проект дома 58-79ABL, дом 145,65 м², планировка дома, планы этажей, готовый проект дома, газобетон, catalog-plans.ru"
"Проекты домов от 150 м²: проект №58-23NL, 181,75 м²",https://raw.githubusercontent.com/nemchenik/test/9dd044fcd82fb3fec19f27b78d079fa36d093adb/pinterest/generated_batch_66_raw_visual_plans_from_150/58-23NL.jpg,Проекты домов от 150 м²,,"Проекты домов от 150 м² — готовый проект №58-23NL площадью 181,75 м². Дом: 2 этажа, габариты 10.87×13.24 м, материал стен — газобетон. На изображении представлены оригинальная визуализация дома и планы этажей. Сохраните проект, сравните планировку комнат и перейдите в каталог, чтобы узнать состав документации и актуальную стоимость.",https://catalog-plans.ru/catalog/58-23NL?utm_source=pinterest&utm_medium=organic&utm_campaign=generated_raw_visual_plans_from_150_batch_66&utm_content=pin_12586_58-23NL_plans&utm_term=proekty-domov-s-planirovkami,,"проекты домов от 150 м², проект дома 58-23NL, дом 181,75 м², планировка дома, планы этажей, готовый проект дома, газобетон, catalog-plans.ru"
"Проекты домов до 100 м²: проект №14-17, 89,14 м²",https://raw.githubusercontent.com/nemchenik/test/9dd044fcd82fb3fec19f27b78d079fa36d093adb/pinterest/generated_batch_64_raw_visual_plans_to_100/14-17.jpg,Проекты домов до 100 м²,,"Проекты домов до 100 м² — готовый проект №14-17 площадью 89,14 м². Дом: 2 этажа, габариты 6.2×9.2 м, материал стен — дерево. На изображении представлены оригинальная визуализация дома и планы этажей. Сохраните проект, сравните планировку комнат и перейдите в каталог, чтобы узнать состав документации и актуальную стоимость.",https://catalog-plans.ru/catalog/14-17?utm_source=pinterest&utm_medium=organic&utm_campaign=generated_raw_visual_plans_to_100_batch_64&utm_content=pin_12187_14-17_plans&utm_term=proekty-domov-s-planirovkami,,"проекты домов до 100 м², проект дома 14-17, дом 89,14 м², планировка дома, планы этажей, готовый проект дома, дерево, catalog-plans.ru"
"Проекты домов 100–150 м²: проект №59-87, 114,68 м²",https://raw.githubusercontent.com/nemchenik/test/9dd044fcd82fb3fec19f27b78d079fa36d093adb/pinterest/generated_batch_65_raw_visual_plans_100_150/59-87.jpg,Проекты домов 100–150 м²,,"Проекты домов 100–150 м² — готовый проект №59-87 площадью 114,68 м². Дом: 1 этаж, габариты 13.32×15.52 м, материал стен — газобетон. На изображении представлены оригинальная визуализация дома и планы этажей. Сохраните проект, сравните планировку комнат и перейдите в каталог, чтобы узнать состав документации и актуальную стоимость.",https://catalog-plans.ru/catalog/59-87?utm_source=pinterest&utm_medium=organic&utm_campaign=generated_raw_visual_plans_100_150_batch_65&utm_content=pin_12387_59-87_plans&utm_term=proekty-domov-s-planirovkami,,"проекты домов 100–150 м², проект дома 59-87, дом 114,68 м², планировка дома, планы этажей, готовый проект дома, газобетон, catalog-plans.ru"
"Проекты домов от 150 м²: проект №46-37K2, 224,03 м²",https://raw.githubusercontent.com/nemchenik/test/9dd044fcd82fb3fec19f27b78d079fa36d093adb/pinterest/generated_batch_66_raw_visual_plans_from_150/46-37K2.jpg,Проекты домов от 150 м²,,"Проекты домов от 150 м² — готовый проект №46-37K2 площадью 224,03 м². Дом: 2 этажа, габариты 12.84×15.38 м, материал стен — кирпич. На изображении представлены оригинальная визуализация дома и планы этажей. Сохраните проект, сравните планировку комнат и перейдите в каталог, чтобы узнать состав документации и актуальную стоимость.",https://catalog-plans.ru/catalog/46-37K2?utm_source=pinterest&utm_medium=organic&utm_campaign=generated_raw_visual_plans_from_150_batch_66&utm_content=pin_12587_46-37K2_plans&utm_term=proekty-domov-s-planirovkami,,"проекты домов от 150 м², проект дома 46-37K2, дом 224,03 м², планировка дома, планы этажей, готовый проект дома, кирпич, catalog-plans.ru"
"Проекты домов до 100 м²: проект №45-65K1L, 81,99 м²",https://raw.githubusercontent.com/nemchenik/test/9dd044fcd82fb3fec19f27b78d079fa36d093adb/pinterest/generated_batch_64_raw_visual_plans_to_100/45-65K1L.jpg,Проекты домов до 100 м²,,"Проекты домов до 100 м² — готовый проект №45-65K1L площадью 81,99 м². Дом: 1 этаж, габариты 9.07×12.16 м, материал стен — кирпич. На изображении представлены оригинальная визуализация дома и планы этажей. Сохраните проект, сравните планировку комнат и перейдите в каталог, чтобы узнать состав документации и актуальную стоимость.",https://catalog-plans.ru/catalog/45-65K1L?utm_source=pinterest&utm_medium=organic&utm_campaign=generated_raw_visual_plans_to_100_batch_64&utm_content=pin_12188_45-65K1L_plans&utm_term=proekty-domov-s-planirovkami,,"проекты домов до 100 м², проект дома 45-65K1L, дом 81,99 м², планировка дома, планы этажей, готовый проект дома, кирпич, catalog-plans.ru"
"Проекты домов 100–150 м²: проект №58-79AFBL, 148,28 м²",https://raw.githubusercontent.com/nemchenik/test/9dd044fcd82fb3fec19f27b78d079fa36d093adb/pinterest/generated_batch_65_raw_visual_plans_100_150/58-79AFBL.jpg,Проекты домов 100–150 м²,,"Проекты домов 100–150 м² — готовый проект №58-79AFBL площадью 148,28 м². Дом: 2 этажа, габариты 9.42×11.65 м, материал стен — газобетон. На изображении представлены оригинальная визуализация дома и планы этажей. Сохраните проект, сравните планировку комнат и перейдите в каталог, чтобы узнать состав документации и актуальную стоимость.",https://catalog-plans.ru/catalog/58-79AFBL?utm_source=pinterest&utm_medium=organic&utm_campaign=generated_raw_visual_plans_100_150_batch_65&utm_content=pin_12388_58-79AFBL_plans&utm_term=proekty-domov-s-planirovkami,,"проекты домов 100–150 м², проект дома 58-79AFBL, дом 148,28 м², планировка дома, планы этажей, готовый проект дома, газобетон, catalog-plans.ru"
"Проекты домов от 150 м²: проект №58-09HL, 222,05 м²",https://raw.githubusercontent.com/nemchenik/test/9dd044fcd82fb3fec19f27b78d079fa36d093adb/pinterest/generated_batch_66_raw_visual_plans_from_150/58-09HL.jpg,Проекты домов от 150 м²,,"Проекты домов от 150 м² — готовый проект №58-09HL площадью 222,05 м². Дом: 2 этажа, габариты 12.18×14.18 м, материал стен — газобетон. На изображении представлены оригинальная визуализация дома и планы этажей. Сохраните проект, сравните планировку комнат и перейдите в каталог, чтобы узнать состав документации и актуальную стоимость.",https://catalog-plans.ru/catalog/58-09HL?utm_source=pinterest&utm_medium=organic&utm_campaign=generated_raw_visual_plans_from_150_batch_66&utm_content=pin_12588_58-09HL_plans&utm_term=proekty-domov-s-planirovkami,,"проекты домов от 150 м², проект дома 58-09HL, дом 222,05 м², планировка дома, планы этажей, готовый проект дома, газобетон, catalog-plans.ru"
"Проекты домов до 100 м²: проект №58-70PX, 99,97 м²",https://raw.githubusercontent.com/nemchenik/test/9dd044fcd82fb3fec19f27b78d079fa36d093adb/pinterest/generated_batch_64_raw_visual_plans_to_100/58-70PX.jpg,Проекты домов до 100 м²,,"Проекты домов до 100 м² — готовый проект №58-70PX площадью 99,97 м². Дом: 1 этаж, габариты 10×12 м, материал стен — деревянный каркас. На изображении представлены оригинальная визуализация дома и планы этажей. Сохраните проект, сравните планировку комнат и перейдите в каталог, чтобы узнать состав документации и актуальную стоимость.",https://catalog-plans.ru/catalog/58-70PX?utm_source=pinterest&utm_medium=organic&utm_campaign=generated_raw_visual_plans_to_100_batch_64&utm_content=pin_12189_58-70PX_plans&utm_term=proekty-domov-s-planirovkami,,"проекты домов до 100 м², проект дома 58-70PX, дом 99,97 м², планировка дома, планы этажей, готовый проект дома, деревянный каркас, catalog-plans.ru"
"Проекты домов 100–150 м²: проект №55-91, 108,9 м²",https://raw.githubusercontent.com/nemchenik/test/9dd044fcd82fb3fec19f27b78d079fa36d093adb/pinterest/generated_batch_65_raw_visual_plans_100_150/55-91.jpg,Проекты домов 100–150 м²,,"Проекты домов 100–150 м² — готовый проект №55-91 площадью 108,9 м². Дом: 2 этажа, габариты 8.7×8.7 м, материал стен — газобетон. На изображении представлены оригинальная визуализация дома и планы этажей. Сохраните проект, сравните планировку комнат и перейдите в каталог, чтобы узнать состав документации и актуальную стоимость.",https://catalog-plans.ru/catalog/55-91?utm_source=pinterest&utm_medium=organic&utm_campaign=generated_raw_visual_plans_100_150_batch_65&utm_content=pin_12389_55-91_plans&utm_term=proekty-domov-s-planirovkami,,"проекты домов 100–150 м², проект дома 55-91, дом 108,9 м², планировка дома, планы этажей, готовый проект дома, газобетон, catalog-plans.ru"
"Проекты домов от 150 м²: проект №70-84G, 207,87 м²",https://raw.githubusercontent.com/nemchenik/test/9dd044fcd82fb3fec19f27b78d079fa36d093adb/pinterest/generated_batch_66_raw_visual_plans_from_150/70-84G.jpg,Проекты домов от 150 м²,,"Проекты домов от 150 м² — готовый проект №70-84G площадью 207,87 м². Дом: 2 этажа, габариты 10×13.7 м, материал стен — газобетон. На изображении представлены оригинальная визуализация дома и планы этажей. Сохраните проект, сравните планировку комнат и перейдите в каталог, чтобы узнать состав документации и актуальную стоимость.",https://catalog-plans.ru/catalog/70-84G?utm_source=pinterest&utm_medium=organic&utm_campaign=generated_raw_visual_plans_from_150_batch_66&utm_content=pin_12589_70-84G_plans&utm_term=proekty-domov-s-planirovkami,,"проекты домов от 150 м², проект дома 70-84G, дом 207,87 м², планировка дома, планы этажей, готовый проект дома, газобетон, catalog-plans.ru"
"Проекты домов до 100 м²: проект №70-99AGL, 69,6 м²",https://raw.githubusercontent.com/nemchenik/test/9dd044fcd82fb3fec19f27b78d079fa36d093adb/pinterest/generated_batch_64_raw_visual_plans_to_100/70-99AGL.jpg,Проекты домов до 100 м²,,"Проекты домов до 100 м² — готовый проект №70-99AGL площадью 69,6 м². Дом: 1 этаж, габариты 9.9×9.9 м, материал стен — газобетон. На изображении представлены оригинальная визуализация дома и планы этажей. Сохраните проект, сравните планировку комнат и перейдите в каталог, чтобы узнать состав документации и актуальную стоимость.",https://catalog-plans.ru/catalog/70-99AGL?utm_source=pinterest&utm_medium=organic&utm_campaign=generated_raw_visual_plans_to_100_batch_64&utm_content=pin_12190_70-99AGL_plans&utm_term=proekty-domov-s-planirovkami,,"проекты домов до 100 м², проект дома 70-99AGL, дом 69,6 м², планировка дома, планы этажей, готовый проект дома, газобетон, catalog-plans.ru"
"Проекты домов 100–150 м²: проект №46-25K1L, 124,46 м²",https://raw.githubusercontent.com/nemchenik/test/9dd044fcd82fb3fec19f27b78d079fa36d093adb/pinterest/generated_batch_65_raw_visual_plans_100_150/46-25K1L.jpg,Проекты домов 100–150 м²,,"Проекты домов 100–150 м² — готовый проект №46-25K1L площадью 124,46 м². Дом: 2 этажа, габариты 33.16×39.28 м, материал стен — монолитного каркаса 1. На изображении представлены оригинальная визуализация дома и планы этажей. Сохраните проект, сравните планировку комнат и перейдите в каталог, чтобы узнать состав документации и актуальную стоимость.",https://catalog-plans.ru/catalog/46-25K1L?utm_source=pinterest&utm_medium=organic&utm_campaign=generated_raw_visual_plans_100_150_batch_65&utm_content=pin_12390_46-25K1L_plans&utm_term=proekty-domov-s-planirovkami,,"проекты домов 100–150 м², проект дома 46-25K1L, дом 124,46 м², планировка дома, планы этажей, готовый проект дома, монолитного каркаса 1, catalog-plans.ru"
"Проекты домов от 150 м²: проект №45-16G, 195,26 м²",https://raw.githubusercontent.com/nemchenik/test/9dd044fcd82fb3fec19f27b78d079fa36d093adb/pinterest/generated_batch_66_raw_visual_plans_from_150/45-16G.jpg,Проекты домов от 150 м²,,"Проекты домов от 150 м² — готовый проект №45-16G площадью 195,26 м². Дом: 2 этажа, габариты 11.49×16.99 м, материал стен — газобетон. На изображении представлены оригинальная визуализация дома и планы этажей. Сохраните проект, сравните планировку комнат и перейдите в каталог, чтобы узнать состав документации и актуальную стоимость.",https://catalog-plans.ru/catalog/45-16G?utm_source=pinterest&utm_medium=organic&utm_campaign=generated_raw_visual_plans_from_150_batch_66&utm_content=pin_12590_45-16G_plans&utm_term=proekty-domov-s-planirovkami,,"проекты домов от 150 м², проект дома 45-16G, дом 195,26 м², планировка дома, планы этажей, готовый проект дома, газобетон, catalog-plans.ru"
"Проекты домов до 100 м²: проект №34-62, 75,9 м²",https://raw.githubusercontent.com/nemchenik/test/9dd044fcd82fb3fec19f27b78d079fa36d093adb/pinterest/generated_batch_64_raw_visual_plans_to_100/34-62.jpg,Проекты домов до 100 м²,,"Проекты домов до 100 м² — готовый проект №34-62 площадью 75,9 м². Дом: 2 этажа, габариты 6×9 м, материал стен — кирпич. На изображении представлены оригинальная визуализация дома и планы этажей. Сохраните проект, сравните планировку комнат и перейдите в каталог, чтобы узнать состав документации и актуальную стоимость.",https://catalog-plans.ru/catalog/34-62?utm_source=pinterest&utm_medium=organic&utm_campaign=generated_raw_visual_plans_to_100_batch_64&utm_content=pin_12191_34-62_plans&utm_term=proekty-domov-s-planirovkami,,"проекты домов до 100 м², проект дома 34-62, дом 75,9 м², планировка дома, планы этажей, готовый проект дома, кирпич, catalog-plans.ru"
"Проекты домов 100–150 м²: проект №72-29, 104 м²",https://raw.githubusercontent.com/nemchenik/test/9dd044fcd82fb3fec19f27b78d079fa36d093adb/pinterest/generated_batch_65_raw_visual_plans_100_150/72-29.jpg,Проекты домов 100–150 м²,,"Проекты домов 100–150 м² — готовый проект №72-29 площадью 104 м². Дом: 2 этажа, габариты 7.88×10.08 м, материал стен — газобетон. На изображении представлены оригинальная визуализация дома и планы этажей. Сохраните проект, сравните планировку комнат и перейдите в каталог, чтобы узнать состав документации и актуальную стоимость.",https://catalog-plans.ru/catalog/72-29?utm_source=pinterest&utm_medium=organic&utm_campaign=generated_raw_visual_plans_100_150_batch_65&utm_content=pin_12391_72-29_plans&utm_term=proekty-domov-s-planirovkami,,"проекты домов 100–150 м², проект дома 72-29, дом 104 м², планировка дома, планы этажей, готовый проект дома, газобетон, catalog-plans.ru"
"Проекты домов от 150 м²: проект №58-92EA, 163,18 м²",https://raw.githubusercontent.com/nemchenik/test/9dd044fcd82fb3fec19f27b78d079fa36d093adb/pinterest/generated_batch_66_raw_visual_plans_from_150/58-92EA.jpg,Проекты домов от 150 м²,,"Проекты домов от 150 м² — готовый проект №58-92EA площадью 163,18 м². Дом: 2 этажа, габариты 11.57×11.7 м, материал стен — газобетон. На изображении представлены оригинальная визуализация дома и планы этажей. Сохраните проект, сравните планировку комнат и перейдите в каталог, чтобы узнать состав документации и актуальную стоимость.",https://catalog-plans.ru/catalog/58-92EA?utm_source=pinterest&utm_medium=organic&utm_campaign=generated_raw_visual_plans_from_150_batch_66&utm_content=pin_12591_58-92EA_plans&utm_term=proekty-domov-s-planirovkami,,"проекты домов от 150 м², проект дома 58-92EA, дом 163,18 м², планировка дома, планы этажей, готовый проект дома, газобетон, catalog-plans.ru"
"Проекты домов до 100 м²: проект №13-59D, 87,72 м²",https://raw.githubusercontent.com/nemchenik/test/9dd044fcd82fb3fec19f27b78d079fa36d093adb/pinterest/generated_batch_64_raw_visual_plans_to_100/13-59D.jpg,Проекты домов до 100 м²,,"Проекты домов до 100 м² — готовый проект №13-59D площадью 87,72 м². Дом: 2 этажа, габариты 7.74×8.74 м, материал стен — деревянный каркас. На изображении представлены оригинальная визуализация дома и планы этажей. Сохраните проект, сравните планировку комнат и перейдите в каталог, чтобы узнать состав документации и актуальную стоимость.",https://catalog-plans.ru/catalog/13-59D?utm_source=pinterest&utm_medium=organic&utm_campaign=generated_raw_visual_plans_to_100_batch_64&utm_content=pin_12192_13-59D_plans&utm_term=proekty-domov-s-planirovkami,,"проекты домов до 100 м², проект дома 13-59D, дом 87,72 м², планировка дома, планы этажей, готовый проект дома, деревянный каркас, catalog-plans.ru"
"Проекты домов 100–150 м²: проект №57-63WA, 149,54 м²",https://raw.githubusercontent.com/nemchenik/test/9dd044fcd82fb3fec19f27b78d079fa36d093adb/pinterest/generated_batch_65_raw_visual_plans_100_150/57-63WA.jpg,Проекты домов 100–150 м²,,"Проекты домов 100–150 м² — готовый проект №57-63WA площадью 149,54 м². Дом: 2 этажа, габариты 9.7×12.35 м, материал стен — газобетон. На изображении представлены оригинальная визуализация дома и планы этажей. Сохраните проект, сравните планировку комнат и перейдите в каталог, чтобы узнать состав документации и актуальную стоимость.",https://catalog-plans.ru/catalog/57-63WA?utm_source=pinterest&utm_medium=organic&utm_campaign=generated_raw_visual_plans_100_150_batch_65&utm_content=pin_12392_57-63WA_plans&utm_term=proekty-domov-s-planirovkami,,"проекты домов 100–150 м², проект дома 57-63WA, дом 149,54 м², планировка дома, планы этажей, готовый проект дома, газобетон, catalog-plans.ru"
"Проекты домов от 150 м²: проект №66-15, 451 м²",https://raw.githubusercontent.com/nemchenik/test/9dd044fcd82fb3fec19f27b78d079fa36d093adb/pinterest/generated_batch_66_raw_visual_plans_from_150/66-15.jpg,Проекты домов от 150 м²,,"Проекты домов от 150 м² — готовый проект №66-15 площадью 451 м². Дом: 2 этажа, габариты 19×21 м, материал стен — кирпич. На изображении представлены оригинальная визуализация дома и планы этажей. Сохраните проект, сравните планировку комнат и перейдите в каталог, чтобы узнать состав документации и актуальную стоимость.",https://catalog-plans.ru/catalog/66-15?utm_source=pinterest&utm_medium=organic&utm_campaign=generated_raw_visual_plans_from_150_batch_66&utm_content=pin_12592_66-15_plans&utm_term=proekty-domov-s-planirovkami,,"проекты домов от 150 м², проект дома 66-15, дом 451 м², планировка дома, планы этажей, готовый проект дома, кирпич, catalog-plans.ru"
"Проекты домов до 100 м²: проект №68-42, 90,48 м²",https://raw.githubusercontent.com/nemchenik/test/9dd044fcd82fb3fec19f27b78d079fa36d093adb/pinterest/generated_batch_64_raw_visual_plans_to_100/68-42.jpg,Проекты домов до 100 м²,,"Проекты домов до 100 м² — готовый проект №68-42 площадью 90,48 м². Дом: 1 этаж, габариты 9.2×12.2 м, материал стен — газобетон. На изображении представлены оригинальная визуализация дома и планы этажей. Сохраните проект, сравните планировку комнат и перейдите в каталог, чтобы узнать состав документации и актуальную стоимость.",https://catalog-plans.ru/catalog/68-42?utm_source=pinterest&utm_medium=organic&utm_campaign=generated_raw_visual_plans_to_100_batch_64&utm_content=pin_12193_68-42_plans&utm_term=proekty-domov-s-planirovkami,,"проекты домов до 100 м², проект дома 68-42, дом 90,48 м², планировка дома, планы этажей, готовый проект дома, газобетон, catalog-plans.ru"
"Проекты домов 100–150 м²: проект №49-38, 143,5 м²",https://raw.githubusercontent.com/nemchenik/test/9dd044fcd82fb3fec19f27b78d079fa36d093adb/pinterest/generated_batch_65_raw_visual_plans_100_150/49-38.jpg,Проекты домов 100–150 м²,,"Проекты домов 100–150 м² — готовый проект №49-38 площадью 143,5 м². Дом: 2 этажа, габариты 9×14.4 м, материал стен — газобетон. На изображении представлены оригинальная визуализация дома и планы этажей. Сохраните проект, сравните планировку комнат и перейдите в каталог, чтобы узнать состав документации и актуальную стоимость.",https://catalog-plans.ru/catalog/49-38?utm_source=pinterest&utm_medium=organic&utm_campaign=generated_raw_visual_plans_100_150_batch_65&utm_content=pin_12393_49-38_plans&utm_term=proekty-domov-s-planirovkami,,"проекты домов 100–150 м², проект дома 49-38, дом 143,5 м², планировка дома, планы этажей, готовый проект дома, газобетон, catalog-plans.ru"
"Проекты домов от 150 м²: проект №57-00KBC, 231,96 м²",https://raw.githubusercontent.com/nemchenik/test/9dd044fcd82fb3fec19f27b78d079fa36d093adb/pinterest/generated_batch_66_raw_visual_plans_from_150/57-00KBC.jpg,Проекты домов от 150 м²,,"Проекты домов от 150 м² — готовый проект №57-00KBC площадью 231,96 м². Дом: 2 этажа, габариты 11.85×12.6 м, материал стен — керамзитобетон. На изображении представлены оригинальная визуализация дома и планы этажей. Сохраните проект, сравните планировку комнат и перейдите в каталог, чтобы узнать состав документации и актуальную стоимость.",https://catalog-plans.ru/catalog/57-00KBC?utm_source=pinterest&utm_medium=organic&utm_campaign=generated_raw_visual_plans_from_150_batch_66&utm_content=pin_12593_57-00KBC_plans&utm_term=proekty-domov-s-planirovkami,,"проекты домов от 150 м², проект дома 57-00KBC, дом 231,96 м², планировка дома, планы этажей, готовый проект дома, керамзитобетон, catalog-plans.ru"
"Проекты домов до 100 м²: проект №13-69, 85,81 м²",https://raw.githubusercontent.com/nemchenik/test/9dd044fcd82fb3fec19f27b78d079fa36d093adb/pinterest/generated_batch_64_raw_visual_plans_to_100/13-69.jpg,Проекты домов до 100 м²,,"Проекты домов до 100 м² — готовый проект №13-69 площадью 85,81 м². Дом: 2 этажа, габариты 8×8 м, материал стен — дерево. На изображении представлены оригинальная визуализация дома и планы этажей. Сохраните проект, сравните планировку комнат и перейдите в каталог, чтобы узнать состав документации и актуальную стоимость.",https://catalog-plans.ru/catalog/13-69?utm_source=pinterest&utm_medium=organic&utm_campaign=generated_raw_visual_plans_to_100_batch_64&utm_content=pin_12194_13-69_plans&utm_term=proekty-domov-s-planirovkami,,"проекты домов до 100 м², проект дома 13-69, дом 85,81 м², планировка дома, планы этажей, готовый проект дома, дерево, catalog-plans.ru"
"Проекты домов 100–150 м²: проект №60-82, 145,23 м²",https://raw.githubusercontent.com/nemchenik/test/9dd044fcd82fb3fec19f27b78d079fa36d093adb/pinterest/generated_batch_65_raw_visual_plans_100_150/60-82.jpg,Проекты домов 100–150 м²,,"Проекты домов 100–150 м² — готовый проект №60-82 площадью 145,23 м². Дом: 1 этаж, габариты 10×14 м, материал стен — газобетон. На изображении представлены оригинальная визуализация дома и планы этажей. Сохраните проект, сравните планировку комнат и перейдите в каталог, чтобы узнать состав документации и актуальную стоимость.",https://catalog-plans.ru/catalog/60-82?utm_source=pinterest&utm_medium=organic&utm_campaign=generated_raw_visual_plans_100_150_batch_65&utm_content=pin_12394_60-82_plans&utm_term=proekty-domov-s-planirovkami,,"проекты домов 100–150 м², проект дома 60-82, дом 145,23 м², планировка дома, планы этажей, готовый проект дома, газобетон, catalog-plans.ru"
"Проекты домов от 150 м²: проект №40-67B, 483,17 м²",https://raw.githubusercontent.com/nemchenik/test/9dd044fcd82fb3fec19f27b78d079fa36d093adb/pinterest/generated_batch_66_raw_visual_plans_from_150/40-67B.jpg,Проекты домов от 150 м²,,"Проекты домов от 150 м² — готовый проект №40-67B площадью 483,17 м². Дом: 3 этажа, габариты 14.82×22.71 м, материал стен — кирпич. На изображении представлены оригинальная визуализация дома и планы этажей. Сохраните проект, сравните планировку комнат и перейдите в каталог, чтобы узнать состав документации и актуальную стоимость.",https://catalog-plans.ru/catalog/40-67B?utm_source=pinterest&utm_medium=organic&utm_campaign=generated_raw_visual_plans_from_150_batch_66&utm_content=pin_12594_40-67B_plans&utm_term=proekty-domov-s-planirovkami,,"проекты домов от 150 м², проект дома 40-67B, дом 483,17 м², планировка дома, планы этажей, готовый проект дома, кирпич, catalog-plans.ru"
"Проекты домов до 100 м²: проект №51-54, 93,9 м²",https://raw.githubusercontent.com/nemchenik/test/9dd044fcd82fb3fec19f27b78d079fa36d093adb/pinterest/generated_batch_64_raw_visual_plans_to_100/51-54.jpg,Проекты домов до 100 м²,,"Проекты домов до 100 м² — готовый проект №51-54 площадью 93,9 м². Дом: 2 этажа, габариты 7.2×8.1 м, материал стен — ячеистые бетонные блоки. На изображении представлены оригинальная визуализация дома и планы этажей. Сохраните проект, сравните планировку комнат и перейдите в каталог, чтобы узнать состав документации и актуальную стоимость.",https://catalog-plans.ru/catalog/51-54?utm_source=pinterest&utm_medium=organic&utm_campaign=generated_raw_visual_plans_to_100_batch_64&utm_content=pin_12195_51-54_plans&utm_term=proekty-domov-s-planirovkami,,"проекты домов до 100 м², проект дома 51-54, дом 93,9 м², планировка дома, планы этажей, готовый проект дома, ячеистые бетонные блоки, catalog-plans.ru"
"Проекты домов 100–150 м²: проект №55-31, 117,3 м²",https://raw.githubusercontent.com/nemchenik/test/9dd044fcd82fb3fec19f27b78d079fa36d093adb/pinterest/generated_batch_65_raw_visual_plans_100_150/55-31.jpg,Проекты домов 100–150 м²,,"Проекты домов 100–150 м² — готовый проект №55-31 площадью 117,3 м². Дом: 2 этажа, габариты 10×11.1 м, материал стен — газобетон. На изображении представлены оригинальная визуализация дома и планы этажей. Сохраните проект, сравните планировку комнат и перейдите в каталог, чтобы узнать состав документации и актуальную стоимость.",https://catalog-plans.ru/catalog/55-31?utm_source=pinterest&utm_medium=organic&utm_campaign=generated_raw_visual_plans_100_150_batch_65&utm_content=pin_12395_55-31_plans&utm_term=proekty-domov-s-planirovkami,,"проекты домов 100–150 м², проект дома 55-31, дом 117,3 м², планировка дома, планы этажей, готовый проект дома, газобетон, catalog-plans.ru"
"Проекты домов от 150 м²: проект №58-11AL, 294,63 м²",https://raw.githubusercontent.com/nemchenik/test/9dd044fcd82fb3fec19f27b78d079fa36d093adb/pinterest/generated_batch_66_raw_visual_plans_from_150/58-11AL.jpg,Проекты домов от 150 м²,,"Проекты домов от 150 м² — готовый проект №58-11AL площадью 294,63 м². Дом: 2 этажа, габариты 11.85×15.55 м, материал стен — газобетон. На изображении представлены оригинальная визуализация дома и планы этажей. Сохраните проект, сравните планировку комнат и перейдите в каталог, чтобы узнать состав документации и актуальную стоимость.",https://catalog-plans.ru/catalog/58-11AL?utm_source=pinterest&utm_medium=organic&utm_campaign=generated_raw_visual_plans_from_150_batch_66&utm_content=pin_12595_58-11AL_plans&utm_term=proekty-domov-s-planirovkami,,"проекты домов от 150 м², проект дома 58-11AL, дом 294,63 м², планировка дома, планы этажей, готовый проект дома, газобетон, catalog-plans.ru"
"Проекты домов до 100 м²: проект №10-15, 68,7 м²",https://raw.githubusercontent.com/nemchenik/test/9dd044fcd82fb3fec19f27b78d079fa36d093adb/pinterest/generated_batch_64_raw_visual_plans_to_100/10-15.jpg,Проекты домов до 100 м²,,"Проекты домов до 100 м² — готовый проект №10-15 площадью 68,7 м². Дом: 2 этажа, габариты 7.25×8.75 м, материал стен — дерево. На изображении представлены оригинальная визуализация дома и планы этажей. Сохраните проект, сравните планировку комнат и перейдите в каталог, чтобы узнать состав документации и актуальную стоимость.",https://catalog-plans.ru/catalog/10-15?utm_source=pinterest&utm_medium=organic&utm_campaign=generated_raw_visual_plans_to_100_batch_64&utm_content=pin_12196_10-15_plans&utm_term=proekty-domov-s-planirovkami,,"проекты домов до 100 м², проект дома 10-15, дом 68,7 м², планировка дома, планы этажей, готовый проект дома, дерево, catalog-plans.ru"
"Проекты домов 100–150 м²: проект №51-57WIKING, 100,98 м²",https://raw.githubusercontent.com/nemchenik/test/9dd044fcd82fb3fec19f27b78d079fa36d093adb/pinterest/generated_batch_65_raw_visual_plans_100_150/51-57WIKING.jpg,Проекты домов 100–150 м²,,"Проекты домов 100–150 м² — готовый проект №51-57WIKING площадью 100,98 м². Дом: 1 этаж, габариты 10×14 м, материал стен — деревянный каркас. На изображении представлены оригинальная визуализация дома и планы этажей. Сохраните проект, сравните планировку комнат и перейдите в каталог, чтобы узнать состав документации и актуальную стоимость.",https://catalog-plans.ru/catalog/51-57WIKING?utm_source=pinterest&utm_medium=organic&utm_campaign=generated_raw_visual_plans_100_150_batch_65&utm_content=pin_12396_51-57WIKING_plans&utm_term=proekty-domov-s-planirovkami,,"проекты домов 100–150 м², проект дома 51-57WIKING, дом 100,98 м², планировка дома, планы этажей, готовый проект дома, деревянный каркас, catalog-plans.ru"
"Проекты домов от 150 м²: проект №45-64NTACGL, 348,36 м²",https://raw.githubusercontent.com/nemchenik/test/9dd044fcd82fb3fec19f27b78d079fa36d093adb/pinterest/generated_batch_66_raw_visual_plans_from_150/45-64NTACGL.jpg,Проекты домов от 150 м²,,"Проекты домов от 150 м² — готовый проект №45-64NTACGL площадью 348,36 м². Дом: 2 этажа, габариты 19.28×16.07 м, материал стен — газобетон. На изображении представлены оригинальная визуализация дома и планы этажей. Сохраните проект, сравните планировку комнат и перейдите в каталог, чтобы узнать состав документации и актуальную стоимость.",https://catalog-plans.ru/catalog/45-64NTACGL?utm_source=pinterest&utm_medium=organic&utm_campaign=generated_raw_visual_plans_from_150_batch_66&utm_content=pin_12596_45-64NTACGL_plans&utm_term=proekty-domov-s-planirovkami,,"проекты домов от 150 м², проект дома 45-64NTACGL, дом 348,36 м², планировка дома, планы этажей, готовый проект дома, газобетон, catalog-plans.ru"
"Проекты домов до 100 м²: проект №63-37BL, 62,23 м²",https://raw.githubusercontent.com/nemchenik/test/9dd044fcd82fb3fec19f27b78d079fa36d093adb/pinterest/generated_batch_64_raw_visual_plans_to_100/63-37BL.jpg,Проекты домов до 100 м²,,"Проекты домов до 100 м² — готовый проект №63-37BL площадью 62,23 м². Дом: 1 этаж, габариты 7.4×11.55 м, материал стен — газобетон. На изображении представлены оригинальная визуализация дома и планы этажей. Сохраните проект, сравните планировку комнат и перейдите в каталог, чтобы узнать состав документации и актуальную стоимость.",https://catalog-plans.ru/catalog/63-37BL?utm_source=pinterest&utm_medium=organic&utm_campaign=generated_raw_visual_plans_to_100_batch_64&utm_content=pin_12197_63-37BL_plans&utm_term=proekty-domov-s-planirovkami,,"проекты домов до 100 м², проект дома 63-37BL, дом 62,23 м², планировка дома, планы этажей, готовый проект дома, газобетон, catalog-plans.ru"
"Проекты домов 100–150 м²: проект №62-70A, 140,24 м²",https://raw.githubusercontent.com/nemchenik/test/9dd044fcd82fb3fec19f27b78d079fa36d093adb/pinterest/generated_batch_65_raw_visual_plans_100_150/62-70A.jpg,Проекты домов 100–150 м²,,"Проекты домов 100–150 м² — готовый проект №62-70A площадью 140,24 м². Дом: 2 этажа, габариты 10.05×11.18 м, материал стен — газобетон. На изображении представлены оригинальная визуализация дома и планы этажей. Сохраните проект, сравните планировку комнат и перейдите в каталог, чтобы узнать состав документации и актуальную стоимость.",https://catalog-plans.ru/catalog/62-70A?utm_source=pinterest&utm_medium=organic&utm_campaign=generated_raw_visual_plans_100_150_batch_65&utm_content=pin_12397_62-70A_plans&utm_term=proekty-domov-s-planirovkami,,"проекты домов 100–150 м², проект дома 62-70A, дом 140,24 м², планировка дома, планы этажей, готовый проект дома, газобетон, catalog-plans.ru"
"Проекты домов от 150 м²: проект №11-35, 156,78 м²",https://raw.githubusercontent.com/nemchenik/test/9dd044fcd82fb3fec19f27b78d079fa36d093adb/pinterest/generated_batch_66_raw_visual_plans_from_150/11-35.jpg,Проекты домов от 150 м²,,"Проекты домов от 150 м² — готовый проект №11-35 площадью 156,78 м². Дом: 2 этажа, габариты 9.5×10.9 м, материал стен — дерево. На изображении представлены оригинальная визуализация дома и планы этажей. Сохраните проект, сравните планировку комнат и перейдите в каталог, чтобы узнать состав документации и актуальную стоимость.",https://catalog-plans.ru/catalog/11-35?utm_source=pinterest&utm_medium=organic&utm_campaign=generated_raw_visual_plans_from_150_batch_66&utm_content=pin_12597_11-35_plans&utm_term=proekty-domov-s-planirovkami,,"проекты домов от 150 м², проект дома 11-35, дом 156,78 м², планировка дома, планы этажей, готовый проект дома, дерево, catalog-plans.ru"
"Проекты домов до 100 м²: проект №10-59, 76,1 м²",https://raw.githubusercontent.com/nemchenik/test/9dd044fcd82fb3fec19f27b78d079fa36d093adb/pinterest/generated_batch_64_raw_visual_plans_to_100/10-59.jpg,Проекты домов до 100 м²,,"Проекты домов до 100 м² — готовый проект №10-59 площадью 76,1 м². Дом: 2 этажа, габариты 6.8×10.8 м, материал стен — дерево. На изображении представлены оригинальная визуализация дома и планы этажей. Сохраните проект, сравните планировку комнат и перейдите в каталог, чтобы узнать состав документации и актуальную стоимость.",https://catalog-plans.ru/catalog/10-59?utm_source=pinterest&utm_medium=organic&utm_campaign=generated_raw_visual_plans_to_100_batch_64&utm_content=pin_12198_10-59_plans&utm_term=proekty-domov-s-planirovkami,,"проекты домов до 100 м², проект дома 10-59, дом 76,1 м², планировка дома, планы этажей, готовый проект дома, дерево, catalog-plans.ru"
"Проекты домов 100–150 м²: проект №57-07H, 117,21 м²",https://raw.githubusercontent.com/nemchenik/test/9dd044fcd82fb3fec19f27b78d079fa36d093adb/pinterest/generated_batch_65_raw_visual_plans_100_150/57-07H.jpg,Проекты домов 100–150 м²,,"Проекты домов 100–150 м² — готовый проект №57-07H площадью 117,21 м². Дом: 2 этажа, габариты 8.45×10.85 м, материал стен — газобетон. На изображении представлены оригинальная визуализация дома и планы этажей. Сохраните проект, сравните планировку комнат и перейдите в каталог, чтобы узнать состав документации и актуальную стоимость.",https://catalog-plans.ru/catalog/57-07H?utm_source=pinterest&utm_medium=organic&utm_campaign=generated_raw_visual_plans_100_150_batch_65&utm_content=pin_12398_57-07H_plans&utm_term=proekty-domov-s-planirovkami,,"проекты домов 100–150 м², проект дома 57-07H, дом 117,21 м², планировка дома, планы этажей, готовый проект дома, газобетон, catalog-plans.ru"
"Проекты домов от 150 м²: проект №46-17BL, 310,89 м²",https://raw.githubusercontent.com/nemchenik/test/9dd044fcd82fb3fec19f27b78d079fa36d093adb/pinterest/generated_batch_66_raw_visual_plans_from_150/46-17BL.jpg,Проекты домов от 150 м²,,"Проекты домов от 150 м² — готовый проект №46-17BL площадью 310,89 м². Дом: 2 этажа, габариты 15.35×17.18 м, материал стен — кирпич. На изображении представлены оригинальная визуализация дома и планы этажей. Сохраните проект, сравните планировку комнат и перейдите в каталог, чтобы узнать состав документации и актуальную стоимость.",https://catalog-plans.ru/catalog/46-17BL?utm_source=pinterest&utm_medium=organic&utm_campaign=generated_raw_visual_plans_from_150_batch_66&utm_content=pin_12598_46-17BL_plans&utm_term=proekty-domov-s-planirovkami,,"проекты домов от 150 м², проект дома 46-17BL, дом 310,89 м², планировка дома, планы этажей, готовый проект дома, кирпич, catalog-plans.ru"
"Проекты домов до 100 м²: проект №46-71, 82,14 м²",https://raw.githubusercontent.com/nemchenik/test/9dd044fcd82fb3fec19f27b78d079fa36d093adb/pinterest/generated_batch_64_raw_visual_plans_to_100/46-71.jpg,Проекты домов до 100 м²,,"Проекты домов до 100 м² — готовый проект №46-71 площадью 82,14 м². Дом: 1 этаж, габариты 9.12×12.97 м, материал стен — керамзитобетон. На изображении представлены оригинальная визуализация дома и планы этажей. Сохраните проект, сравните планировку комнат и перейдите в каталог, чтобы узнать состав документации и актуальную стоимость.",https://catalog-plans.ru/catalog/46-71?utm_source=pinterest&utm_medium=organic&utm_campaign=generated_raw_visual_plans_to_100_batch_64&utm_content=pin_12199_46-71_plans&utm_term=proekty-domov-s-planirovkami,,"проекты домов до 100 м², проект дома 46-71, дом 82,14 м², планировка дома, планы этажей, готовый проект дома, керамзитобетон, catalog-plans.ru"
"Проекты домов 100–150 м²: проект №64-26, 146,82 м²",https://raw.githubusercontent.com/nemchenik/test/9dd044fcd82fb3fec19f27b78d079fa36d093adb/pinterest/generated_batch_65_raw_visual_plans_100_150/64-26.jpg,Проекты домов 100–150 м²,,"Проекты домов 100–150 м² — готовый проект №64-26 площадью 146,82 м². Дом: 1 этаж, габариты 11.5×16.5 м, материал стен — газобетон. На изображении представлены оригинальная визуализация дома и планы этажей. Сохраните проект, сравните планировку комнат и перейдите в каталог, чтобы узнать состав документации и актуальную стоимость.",https://catalog-plans.ru/catalog/64-26?utm_source=pinterest&utm_medium=organic&utm_campaign=generated_raw_visual_plans_100_150_batch_65&utm_content=pin_12399_64-26_plans&utm_term=proekty-domov-s-planirovkami,,"проекты домов 100–150 м², проект дома 64-26, дом 146,82 м², планировка дома, планы этажей, готовый проект дома, газобетон, catalog-plans.ru"
"Проекты домов от 150 м²: проект №57-22AL, 239,17 м²",https://raw.githubusercontent.com/nemchenik/test/9dd044fcd82fb3fec19f27b78d079fa36d093adb/pinterest/generated_batch_66_raw_visual_plans_from_150/57-22AL.jpg,Проекты домов от 150 м²,,"Проекты домов от 150 м² — готовый проект №57-22AL площадью 239,17 м². Дом: 2 этажа, габариты 12.3×14.46 м, материал стен — газобетон. На изображении представлены оригинальная визуализация дома и планы этажей. Сохраните проект, сравните планировку комнат и перейдите в каталог, чтобы узнать состав документации и актуальную стоимость.",https://catalog-plans.ru/catalog/57-22AL?utm_source=pinterest&utm_medium=organic&utm_campaign=generated_raw_visual_plans_from_150_batch_66&utm_content=pin_12599_57-22AL_plans&utm_term=proekty-domov-s-planirovkami,,"проекты домов от 150 м², проект дома 57-22AL, дом 239,17 м², планировка дома, планы этажей, готовый проект дома, газобетон, catalog-plans.ru"
"Проекты домов до 100 м²: проект №13-59K1L, 78,11 м²",https://raw.githubusercontent.com/nemchenik/test/9dd044fcd82fb3fec19f27b78d079fa36d093adb/pinterest/generated_batch_64_raw_visual_plans_to_100/13-59K1L.jpg,Проекты домов до 100 м²,,"Проекты домов до 100 м² — готовый проект №13-59K1L площадью 78,11 м². Дом: 2 этажа, габариты 8.14×9.14 м, материал стен — кирпич. На изображении представлены оригинальная визуализация дома и планы этажей. Сохраните проект, сравните планировку комнат и перейдите в каталог, чтобы узнать состав документации и актуальную стоимость.",https://catalog-plans.ru/catalog/13-59K1L?utm_source=pinterest&utm_medium=organic&utm_campaign=generated_raw_visual_plans_to_100_batch_64&utm_content=pin_12200_13-59K1L_plans&utm_term=proekty-domov-s-planirovkami,,"проекты домов до 100 м², проект дома 13-59K1L, дом 78,11 м², планировка дома, планы этажей, готовый проект дома, кирпич, catalog-plans.ru"
"Проекты домов 100–150 м²: проект №57-63A, 146,93 м²",https://raw.githubusercontent.com/nemchenik/test/9dd044fcd82fb3fec19f27b78d079fa36d093adb/pinterest/generated_batch_65_raw_visual_plans_100_150/57-63A.jpg,Проекты домов 100–150 м²,,"Проекты домов 100–150 м² — готовый проект №57-63A площадью 146,93 м². Дом: 2 этажа, габариты 9.7×12.3 м, материал стен — газобетон. На изображении представлены оригинальная визуализация дома и планы этажей. Сохраните проект, сравните планировку комнат и перейдите в каталог, чтобы узнать состав документации и актуальную стоимость.",https://catalog-plans.ru/catalog/57-63A?utm_source=pinterest&utm_medium=organic&utm_campaign=generated_raw_visual_plans_100_150_batch_65&utm_content=pin_12400_57-63A_plans&utm_term=proekty-domov-s-planirovkami,,"проекты домов 100–150 м², проект дома 57-63A, дом 146,93 м², планировка дома, планы этажей, готовый проект дома, газобетон, catalog-plans.ru"
"Проекты домов от 150 м²: проект №58-87WL, 169,84 м²",https://raw.githubusercontent.com/nemchenik/test/9dd044fcd82fb3fec19f27b78d079fa36d093adb/pinterest/generated_batch_66_raw_visual_plans_from_150/58-87WL.jpg,Проекты домов от 150 м²,,"Проекты домов от 150 м² — готовый проект №58-87WL площадью 169,84 м². Дом: 2 этажа, габариты 14.3×11.07 м, материал стен — газобетон. На изображении представлены оригинальная визуализация дома и планы этажей. Сохраните проект, сравните планировку комнат и перейдите в каталог, чтобы узнать состав документации и актуальную стоимость.",https://catalog-plans.ru/catalog/58-87WL?utm_source=pinterest&utm_medium=organic&utm_campaign=generated_raw_visual_plans_from_150_batch_66&utm_content=pin_12600_58-87WL_plans&utm_term=proekty-domov-s-planirovkami,,"проекты домов от 150 м², проект дома 58-87WL, дом 169,84 м², планировка дома, планы этажей, готовый проект дома, газобетон, catalog-plans.ru"
"Проекты домов до 100 м²: проект №45-37L, 92,28 м²",https://raw.githubusercontent.com/nemchenik/test/9dd044fcd82fb3fec19f27b78d079fa36d093adb/pinterest/generated_batch_64_raw_visual_plans_to_100/45-37L.jpg,Проекты домов до 100 м²,,"Проекты домов до 100 м² — готовый проект №45-37L площадью 92,28 м². Дом: 1 этаж, габариты 8.72×15.28 м, материал стен — кирпич. На изображении представлены оригинальная визуализация дома и планы этажей. Сохраните проект, сравните планировку комнат и перейдите в каталог, чтобы узнать состав документации и актуальную стоимость.",https://catalog-plans.ru/catalog/45-37L?utm_source=pinterest&utm_medium=organic&utm_campaign=generated_raw_visual_plans_to_100_batch_64&utm_content=pin_12201_45-37L_plans&utm_term=proekty-domov-s-planirovkami,,"проекты домов до 100 м², проект дома 45-37L, дом 92,28 м², планировка дома, планы этажей, готовый проект дома, кирпич, catalog-plans.ru"
"Проекты домов 100–150 м²: проект №57-13A, 131,8 м²",https://raw.githubusercontent.com/nemchenik/test/9dd044fcd82fb3fec19f27b78d079fa36d093adb/pinterest/generated_batch_65_raw_visual_plans_100_150/57-13A.jpg,Проекты домов 100–150 м²,,"Проекты домов 100–150 м² — готовый проект №57-13A площадью 131,8 м². Дом: 2 этажа, габариты 8.5×10.5 м, материал стен — газобетон. На изображении представлены оригинальная визуализация дома и планы этажей. Сохраните проект, сравните планировку комнат и перейдите в каталог, чтобы узнать состав документации и актуальную стоимость.",https://catalog-plans.ru/catalog/57-13A?utm_source=pinterest&utm_medium=organic&utm_campaign=generated_raw_visual_plans_100_150_batch_65&utm_content=pin_12401_57-13A_plans&utm_term=proekty-domov-s-planirovkami,,"проекты домов 100–150 м², проект дома 57-13A, дом 131,8 м², планировка дома, планы этажей, готовый проект дома, газобетон, catalog-plans.ru"
"Проекты домов от 150 м²: проект №12-09, 196,4 м²",https://raw.githubusercontent.com/nemchenik/test/9dd044fcd82fb3fec19f27b78d079fa36d093adb/pinterest/generated_batch_66_raw_visual_plans_from_150/12-09.jpg,Проекты домов от 150 м²,,"Проекты домов от 150 м² — готовый проект №12-09 площадью 196,4 м². Дом: 2 этажа, габариты 6.2×17.79 м, материал стен — дерево. На изображении представлены оригинальная визуализация дома и планы этажей. Сохраните проект, сравните планировку комнат и перейдите в каталог, чтобы узнать состав документации и актуальную стоимость.",https://catalog-plans.ru/catalog/12-09?utm_source=pinterest&utm_medium=organic&utm_campaign=generated_raw_visual_plans_from_150_batch_66&utm_content=pin_12601_12-09_plans&utm_term=proekty-domov-s-planirovkami,,"проекты домов от 150 м², проект дома 12-09, дом 196,4 м², планировка дома, планы этажей, готовый проект дома, дерево, catalog-plans.ru"
"Проекты домов до 100 м²: проект №65-12A, 94,58 м²",https://raw.githubusercontent.com/nemchenik/test/9dd044fcd82fb3fec19f27b78d079fa36d093adb/pinterest/generated_batch_64_raw_visual_plans_to_100/65-12A.jpg,Проекты домов до 100 м²,,"Проекты домов до 100 м² — готовый проект №65-12A площадью 94,58 м². Дом: 1 этаж, габариты 9.3×13.3 м, материал стен — газобетон. На изображении представлены оригинальная визуализация дома и планы этажей. Сохраните проект, сравните планировку комнат и перейдите в каталог, чтобы узнать состав документации и актуальную стоимость.",https://catalog-plans.ru/catalog/65-12A?utm_source=pinterest&utm_medium=organic&utm_campaign=generated_raw_visual_plans_to_100_batch_64&utm_content=pin_12202_65-12A_plans&utm_term=proekty-domov-s-planirovkami,,"проекты домов до 100 м², проект дома 65-12A, дом 94,58 м², планировка дома, планы этажей, готовый проект дома, газобетон, catalog-plans.ru"
"Проекты домов 100–150 м²: проект №58-34, 143,63 м²",https://raw.githubusercontent.com/nemchenik/test/9dd044fcd82fb3fec19f27b78d079fa36d093adb/pinterest/generated_batch_65_raw_visual_plans_100_150/58-34.jpg,Проекты домов 100–150 м²,,"Проекты домов 100–150 м² — готовый проект №58-34 площадью 143,63 м². Дом: 2 этажа, габариты 10.87×11.02 м, материал стен — газобетон. На изображении представлены оригинальная визуализация дома и планы этажей. Сохраните проект, сравните планировку комнат и перейдите в каталог, чтобы узнать состав документации и актуальную стоимость.",https://catalog-plans.ru/catalog/58-34?utm_source=pinterest&utm_medium=organic&utm_campaign=generated_raw_visual_plans_100_150_batch_65&utm_content=pin_12402_58-34_plans&utm_term=proekty-domov-s-planirovkami,,"проекты домов 100–150 м², проект дома 58-34, дом 143,63 м², планировка дома, планы этажей, готовый проект дома, газобетон, catalog-plans.ru"
"Проекты домов от 150 м²: проект №58-70T, 156,44 м²",https://raw.githubusercontent.com/nemchenik/test/9dd044fcd82fb3fec19f27b78d079fa36d093adb/pinterest/generated_batch_66_raw_visual_plans_from_150/58-70T.jpg,Проекты домов от 150 м²,,"Проекты домов от 150 м² — готовый проект №58-70T площадью 156,44 м². Дом: 1 этаж, габариты 13.6×14.45 м, материал стен — деревянный каркас. На изображении представлены оригинальная визуализация дома и планы этажей. Сохраните проект, сравните планировку комнат и перейдите в каталог, чтобы узнать состав документации и актуальную стоимость.",https://catalog-plans.ru/catalog/58-70T?utm_source=pinterest&utm_medium=organic&utm_campaign=generated_raw_visual_plans_from_150_batch_66&utm_content=pin_12602_58-70T_plans&utm_term=proekty-domov-s-planirovkami,,"проекты домов от 150 м², проект дома 58-70T, дом 156,44 м², планировка дома, планы этажей, готовый проект дома, деревянный каркас, catalog-plans.ru"
"Проекты домов до 100 м²: проект №13-59N, 90,97 м²",https://raw.githubusercontent.com/nemchenik/test/9dd044fcd82fb3fec19f27b78d079fa36d093adb/pinterest/generated_batch_64_raw_visual_plans_to_100/13-59N.jpg,Проекты домов до 100 м²,,"Проекты домов до 100 м² — готовый проект №13-59N площадью 90,97 м². Дом: 2 этажа, габариты 7.74×8.74 м, материал стен — дерево. На изображении представлены оригинальная визуализация дома и планы этажей. Сохраните проект, сравните планировку комнат и перейдите в каталог, чтобы узнать состав документации и актуальную стоимость.",https://catalog-plans.ru/catalog/13-59N?utm_source=pinterest&utm_medium=organic&utm_campaign=generated_raw_visual_plans_to_100_batch_64&utm_content=pin_12203_13-59N_plans&utm_term=proekty-domov-s-planirovkami,,"проекты домов до 100 м², проект дома 13-59N, дом 90,97 м², планировка дома, планы этажей, готовый проект дома, дерево, catalog-plans.ru"
"Проекты домов 100–150 м²: проект №59-23K, 144,66 м²",https://raw.githubusercontent.com/nemchenik/test/9dd044fcd82fb3fec19f27b78d079fa36d093adb/pinterest/generated_batch_65_raw_visual_plans_100_150/59-23K.jpg,Проекты домов 100–150 м²,,"Проекты домов 100–150 м² — готовый проект №59-23K площадью 144,66 м². Дом: 2 этажа, габариты 11.45×13.43 м, материал стен — кирпич. На изображении представлены оригинальная визуализация дома и планы этажей. Сохраните проект, сравните планировку комнат и перейдите в каталог, чтобы узнать состав документации и актуальную стоимость.",https://catalog-plans.ru/catalog/59-23K?utm_source=pinterest&utm_medium=organic&utm_campaign=generated_raw_visual_plans_100_150_batch_65&utm_content=pin_12403_59-23K_plans&utm_term=proekty-domov-s-planirovkami,,"проекты домов 100–150 м², проект дома 59-23K, дом 144,66 м², планировка дома, планы этажей, готовый проект дома, кирпич, catalog-plans.ru"
"Проекты домов от 150 м²: проект №45-11CL, 399,56 м²",https://raw.githubusercontent.com/nemchenik/test/9dd044fcd82fb3fec19f27b78d079fa36d093adb/pinterest/generated_batch_66_raw_visual_plans_from_150/45-11CL.jpg,Проекты домов от 150 м²,,"Проекты домов от 150 м² — готовый проект №45-11CL площадью 399,56 м². Дом: 2 этажа, габариты 14.1×14.06 м, материал стен — кирпич. На изображении представлены оригинальная визуализация дома и планы этажей. Сохраните проект, сравните планировку комнат и перейдите в каталог, чтобы узнать состав документации и актуальную стоимость.",https://catalog-plans.ru/catalog/45-11CL?utm_source=pinterest&utm_medium=organic&utm_campaign=generated_raw_visual_plans_from_150_batch_66&utm_content=pin_12603_45-11CL_plans&utm_term=proekty-domov-s-planirovkami,,"проекты домов от 150 м², проект дома 45-11CL, дом 399,56 м², планировка дома, планы этажей, готовый проект дома, кирпич, catalog-plans.ru"
"Проекты домов до 100 м²: проект №68-79, 64,89 м²",https://raw.githubusercontent.com/nemchenik/test/9dd044fcd82fb3fec19f27b78d079fa36d093adb/pinterest/generated_batch_64_raw_visual_plans_to_100/68-79.jpg,Проекты домов до 100 м²,,"Проекты домов до 100 м² — готовый проект №68-79 площадью 64,89 м². Дом: 1 этаж, габариты 8×13 м, материал стен — газобетон. На изображении представлены оригинальная визуализация дома и планы этажей. Сохраните проект, сравните планировку комнат и перейдите в каталог, чтобы узнать состав документации и актуальную стоимость.",https://catalog-plans.ru/catalog/68-79?utm_source=pinterest&utm_medium=organic&utm_campaign=generated_raw_visual_plans_to_100_batch_64&utm_content=pin_12204_68-79_plans&utm_term=proekty-domov-s-planirovkami,,"проекты домов до 100 м², проект дома 68-79, дом 64,89 м², планировка дома, планы этажей, готовый проект дома, газобетон, catalog-plans.ru"
"Проекты домов 100–150 м²: проект №65-10, 132,7 м²",https://raw.githubusercontent.com/nemchenik/test/9dd044fcd82fb3fec19f27b78d079fa36d093adb/pinterest/generated_batch_65_raw_visual_plans_100_150/65-10.jpg,Проекты домов 100–150 м²,,"Проекты домов 100–150 м² — готовый проект №65-10 площадью 132,7 м². Дом: 1 этаж, габариты 12.37×16.45 м, материал стен — газобетон. На изображении представлены оригинальная визуализация дома и планы этажей. Сохраните проект, сравните планировку комнат и перейдите в каталог, чтобы узнать состав документации и актуальную стоимость.",https://catalog-plans.ru/catalog/65-10?utm_source=pinterest&utm_medium=organic&utm_campaign=generated_raw_visual_plans_100_150_batch_65&utm_content=pin_12404_65-10_plans&utm_term=proekty-domov-s-planirovkami,,"проекты домов 100–150 м², проект дома 65-10, дом 132,7 м², планировка дома, планы этажей, готовый проект дома, газобетон, catalog-plans.ru"
"Проекты домов от 150 м²: проект №62-72F, 327,69 м²",https://raw.githubusercontent.com/nemchenik/test/9dd044fcd82fb3fec19f27b78d079fa36d093adb/pinterest/generated_batch_66_raw_visual_plans_from_150/62-72F.jpg,Проекты домов от 150 м²,,"Проекты домов от 150 м² — готовый проект №62-72F площадью 327,69 м². Дом: 2 этажа, габариты 16.765×19.31 м, материал стен — газобетон. На изображении представлены оригинальная визуализация дома и планы этажей. Сохраните проект, сравните планировку комнат и перейдите в каталог, чтобы узнать состав документации и актуальную стоимость.",https://catalog-plans.ru/catalog/62-72F?utm_source=pinterest&utm_medium=organic&utm_campaign=generated_raw_visual_plans_from_150_batch_66&utm_content=pin_12604_62-72F_plans&utm_term=proekty-domov-s-planirovkami,,"проекты домов от 150 м², проект дома 62-72F, дом 327,69 м², планировка дома, планы этажей, готовый проект дома, газобетон, catalog-plans.ru"
"Проекты домов до 100 м²: проект №64-65, 65,42 м²",https://raw.githubusercontent.com/nemchenik/test/9dd044fcd82fb3fec19f27b78d079fa36d093adb/pinterest/generated_batch_64_raw_visual_plans_to_100/64-65.jpg,Проекты домов до 100 м²,,"Проекты домов до 100 м² — готовый проект №64-65 площадью 65,42 м². Дом: 1 этаж, габариты 5.8×17.25 м, материал стен — газобетон. На изображении представлены оригинальная визуализация дома и планы этажей. Сохраните проект, сравните планировку комнат и перейдите в каталог, чтобы узнать состав документации и актуальную стоимость.",https://catalog-plans.ru/catalog/64-65?utm_source=pinterest&utm_medium=organic&utm_campaign=generated_raw_visual_plans_to_100_batch_64&utm_content=pin_12205_64-65_plans&utm_term=proekty-domov-s-planirovkami,,"проекты домов до 100 м², проект дома 64-65, дом 65,42 м², планировка дома, планы этажей, готовый проект дома, газобетон, catalog-plans.ru"
"Проекты домов 100–150 м²: проект №58-45B, 144,27 м²",https://raw.githubusercontent.com/nemchenik/test/9dd044fcd82fb3fec19f27b78d079fa36d093adb/pinterest/generated_batch_65_raw_visual_plans_100_150/58-45B.jpg,Проекты домов 100–150 м²,,"Проекты домов 100–150 м² — готовый проект №58-45B площадью 144,27 м². Дом: 2 этажа, габариты 9.4×12 м, материал стен — газобетон. На изображении представлены оригинальная визуализация дома и планы этажей. Сохраните проект, сравните планировку комнат и перейдите в каталог, чтобы узнать состав документации и актуальную стоимость.",https://catalog-plans.ru/catalog/58-45B?utm_source=pinterest&utm_medium=organic&utm_campaign=generated_raw_visual_plans_100_150_batch_65&utm_content=pin_12405_58-45B_plans&utm_term=proekty-domov-s-planirovkami,,"проекты домов 100–150 м², проект дома 58-45B, дом 144,27 м², планировка дома, планы этажей, готовый проект дома, газобетон, catalog-plans.ru"
"Проекты домов от 150 м²: проект №45-64ZBK1L, 346,76 м²",https://raw.githubusercontent.com/nemchenik/test/9dd044fcd82fb3fec19f27b78d079fa36d093adb/pinterest/generated_batch_66_raw_visual_plans_from_150/45-64ZBK1L.jpg,Проекты домов от 150 м²,,"Проекты домов от 150 м² — готовый проект №45-64ZBK1L площадью 346,76 м². Дом: 2 этажа, габариты 14.15×19.8 м, материал стен — кирпич. На изображении представлены оригинальная визуализация дома и планы этажей. Сохраните проект, сравните планировку комнат и перейдите в каталог, чтобы узнать состав документации и актуальную стоимость.",https://catalog-plans.ru/catalog/45-64ZBK1L?utm_source=pinterest&utm_medium=organic&utm_campaign=generated_raw_visual_plans_from_150_batch_66&utm_content=pin_12605_45-64ZBK1L_plans&utm_term=proekty-domov-s-planirovkami,,"проекты домов от 150 м², проект дома 45-64ZBK1L, дом 346,76 м², планировка дома, планы этажей, готовый проект дома, кирпич, catalog-plans.ru"
"Проекты домов до 100 м²: проект №68-95, 99,06 м²",https://raw.githubusercontent.com/nemchenik/test/9dd044fcd82fb3fec19f27b78d079fa36d093adb/pinterest/generated_batch_64_raw_visual_plans_to_100/68-95.jpg,Проекты домов до 100 м²,,"Проекты домов до 100 м² — готовый проект №68-95 площадью 99,06 м². Дом: 1 этаж, габариты 9.64×18.3 м, материал стен — газобетон. На изображении представлены оригинальная визуализация дома и планы этажей. Сохраните проект, сравните планировку комнат и перейдите в каталог, чтобы узнать состав документации и актуальную стоимость.",https://catalog-plans.ru/catalog/68-95?utm_source=pinterest&utm_medium=organic&utm_campaign=generated_raw_visual_plans_to_100_batch_64&utm_content=pin_12206_68-95_plans&utm_term=proekty-domov-s-planirovkami,,"проекты домов до 100 м², проект дома 68-95, дом 99,06 м², планировка дома, планы этажей, готовый проект дома, газобетон, catalog-plans.ru"
"Проекты домов 100–150 м²: проект №58-75ABAL, 132,02 м²",https://raw.githubusercontent.com/nemchenik/test/9dd044fcd82fb3fec19f27b78d079fa36d093adb/pinterest/generated_batch_65_raw_visual_plans_100_150/58-75ABAL.jpg,Проекты домов 100–150 м²,,"Проекты домов 100–150 м² — готовый проект №58-75ABAL площадью 132,02 м². Дом: 2 этажа, габариты 10×13.5 м, материал стен — газобетон. На изображении представлены оригинальная визуализация дома и планы этажей. Сохраните проект, сравните планировку комнат и перейдите в каталог, чтобы узнать состав документации и актуальную стоимость.",https://catalog-plans.ru/catalog/58-75ABAL?utm_source=pinterest&utm_medium=organic&utm_campaign=generated_raw_visual_plans_100_150_batch_65&utm_content=pin_12406_58-75ABAL_plans&utm_term=proekty-domov-s-planirovkami,,"проекты домов 100–150 м², проект дома 58-75ABAL, дом 132,02 м², планировка дома, планы этажей, готовый проект дома, газобетон, catalog-plans.ru"
"Проекты домов от 150 м²: проект №45-64RAK1L, 393,04 м²",https://raw.githubusercontent.com/nemchenik/test/9dd044fcd82fb3fec19f27b78d079fa36d093adb/pinterest/generated_batch_66_raw_visual_plans_from_150/45-64RAK1L.jpg,Проекты домов от 150 м²,,"Проекты домов от 150 м² — готовый проект №45-64RAK1L площадью 393,04 м². Дом: 2 этажа, габариты 13.76×20.8 м, материал стен — кирпич. На изображении представлены оригинальная визуализация дома и планы этажей. Сохраните проект, сравните планировку комнат и перейдите в каталог, чтобы узнать состав документации и актуальную стоимость.",https://catalog-plans.ru/catalog/45-64RAK1L?utm_source=pinterest&utm_medium=organic&utm_campaign=generated_raw_visual_plans_from_150_batch_66&utm_content=pin_12606_45-64RAK1L_plans&utm_term=proekty-domov-s-planirovkami,,"проекты домов от 150 м², проект дома 45-64RAK1L, дом 393,04 м², планировка дома, планы этажей, готовый проект дома, кирпич, catalog-plans.ru"
"Проекты домов до 100 м²: проект №59-33A, 85,45 м²",https://raw.githubusercontent.com/nemchenik/test/9dd044fcd82fb3fec19f27b78d079fa36d093adb/pinterest/generated_batch_64_raw_visual_plans_to_100/59-33A.jpg,Проекты домов до 100 м²,,"Проекты домов до 100 м² — готовый проект №59-33A площадью 85,45 м². Дом: 1 этаж, габариты 8×10 м, материал стен — газобетон. На изображении представлены оригинальная визуализация дома и планы этажей. Сохраните проект, сравните планировку комнат и перейдите в каталог, чтобы узнать состав документации и актуальную стоимость.",https://catalog-plans.ru/catalog/59-33A?utm_source=pinterest&utm_medium=organic&utm_campaign=generated_raw_visual_plans_to_100_batch_64&utm_content=pin_12207_59-33A_plans&utm_term=proekty-domov-s-planirovkami,,"проекты домов до 100 м², проект дома 59-33A, дом 85,45 м², планировка дома, планы этажей, готовый проект дома, газобетон, catalog-plans.ru"
"Проекты домов 100–150 м²: проект №58-70L, 118,13 м²",https://raw.githubusercontent.com/nemchenik/test/9dd044fcd82fb3fec19f27b78d079fa36d093adb/pinterest/generated_batch_65_raw_visual_plans_100_150/58-70L.jpg,Проекты домов 100–150 м²,,"Проекты домов 100–150 м² — готовый проект №58-70L площадью 118,13 м². Дом: 1 этаж, габариты 12.1×14.1 м, материал стен — газобетон. На изображении представлены оригинальная визуализация дома и планы этажей. Сохраните проект, сравните планировку комнат и перейдите в каталог, чтобы узнать состав документации и актуальную стоимость.",https://catalog-plans.ru/catalog/58-70L?utm_source=pinterest&utm_medium=organic&utm_campaign=generated_raw_visual_plans_100_150_batch_65&utm_content=pin_12407_58-70L_plans&utm_term=proekty-domov-s-planirovkami,,"проекты домов 100–150 м², проект дома 58-70L, дом 118,13 м², планировка дома, планы этажей, готовый проект дома, газобетон, catalog-plans.ru"
"Проекты домов от 150 м²: проект №46-38K1L, 220,44 м²",https://raw.githubusercontent.com/nemchenik/test/9dd044fcd82fb3fec19f27b78d079fa36d093adb/pinterest/generated_batch_66_raw_visual_plans_from_150/46-38K1L.jpg,Проекты домов от 150 м²,,"Проекты домов от 150 м² — готовый проект №46-38K1L площадью 220,44 м². Дом: 2 этажа, габариты 11×14.76 м, материал стен — кирпич. На изображении представлены оригинальная визуализация дома и планы этажей. Сохраните проект, сравните планировку комнат и перейдите в каталог, чтобы узнать состав документации и актуальную стоимость.",https://catalog-plans.ru/catalog/46-38K1L?utm_source=pinterest&utm_medium=organic&utm_campaign=generated_raw_visual_plans_from_150_batch_66&utm_content=pin_12607_46-38K1L_plans&utm_term=proekty-domov-s-planirovkami,,"проекты домов от 150 м², проект дома 46-38K1L, дом 220,44 м², планировка дома, планы этажей, готовый проект дома, кирпич, catalog-plans.ru"
"Проекты домов до 100 м²: проект №33-69, 81,6 м²",https://raw.githubusercontent.com/nemchenik/test/9dd044fcd82fb3fec19f27b78d079fa36d093adb/pinterest/generated_batch_64_raw_visual_plans_to_100/33-69.jpg,Проекты домов до 100 м²,,"Проекты домов до 100 м² — готовый проект №33-69 площадью 81,6 м². Дом: 1 этаж, габариты 9.6×10.3 м, материал стен — кирпич. На изображении представлены оригинальная визуализация дома и планы этажей. Сохраните проект, сравните планировку комнат и перейдите в каталог, чтобы узнать состав документации и актуальную стоимость.",https://catalog-plans.ru/catalog/33-69?utm_source=pinterest&utm_medium=organic&utm_campaign=generated_raw_visual_plans_to_100_batch_64&utm_content=pin_12208_33-69_plans&utm_term=proekty-domov-s-planirovkami,,"проекты домов до 100 м², проект дома 33-69, дом 81,6 м², планировка дома, планы этажей, готовый проект дома, кирпич, catalog-plans.ru"
"Проекты домов 100–150 м²: проект №68-08A, 106,47 м²",https://raw.githubusercontent.com/nemchenik/test/9dd044fcd82fb3fec19f27b78d079fa36d093adb/pinterest/generated_batch_65_raw_visual_plans_100_150/68-08A.jpg,Проекты домов 100–150 м²,,"Проекты домов 100–150 м² — готовый проект №68-08A площадью 106,47 м². Дом: 1 этаж, габариты 8.6×16.23 м, материал стен — газобетон. На изображении представлены оригинальная визуализация дома и планы этажей. Сохраните проект, сравните планировку комнат и перейдите в каталог, чтобы узнать состав документации и актуальную стоимость.",https://catalog-plans.ru/catalog/68-08A?utm_source=pinterest&utm_medium=organic&utm_campaign=generated_raw_visual_plans_100_150_batch_65&utm_content=pin_12408_68-08A_plans&utm_term=proekty-domov-s-planirovkami,,"проекты домов 100–150 м², проект дома 68-08A, дом 106,47 м², планировка дома, планы этажей, готовый проект дома, газобетон, catalog-plans.ru"
"Проекты домов от 150 м²: проект №34-56, 187 м²",https://raw.githubusercontent.com/nemchenik/test/9dd044fcd82fb3fec19f27b78d079fa36d093adb/pinterest/generated_batch_66_raw_visual_plans_from_150/34-56.jpg,Проекты домов от 150 м²,,"Проекты домов от 150 м² — готовый проект №34-56 площадью 187 м². Дом: 3 этажа, габариты 11.71×13.43 м, материал стен — кирпич. На изображении представлены оригинальная визуализация дома и планы этажей. Сохраните проект, сравните планировку комнат и перейдите в каталог, чтобы узнать состав документации и актуальную стоимость.",https://catalog-plans.ru/catalog/34-56?utm_source=pinterest&utm_medium=organic&utm_campaign=generated_raw_visual_plans_from_150_batch_66&utm_content=pin_12608_34-56_plans&utm_term=proekty-domov-s-planirovkami,,"проекты домов от 150 м², проект дома 34-56, дом 187 м², планировка дома, планы этажей, готовый проект дома, кирпич, catalog-plans.ru"
"Проекты домов до 100 м²: проект №58-59DL, 87,04 м²",https://raw.githubusercontent.com/nemchenik/test/9dd044fcd82fb3fec19f27b78d079fa36d093adb/pinterest/generated_batch_64_raw_visual_plans_to_100/58-59DL.jpg,Проекты домов до 100 м²,,"Проекты домов до 100 м² — готовый проект №58-59DL площадью 87,04 м². Дом: 2 этажа, габариты 8.3×8.3 м, материал стен — газобетон. На изображении представлены оригинальная визуализация дома и планы этажей. Сохраните проект, сравните планировку комнат и перейдите в каталог, чтобы узнать состав документации и актуальную стоимость.",https://catalog-plans.ru/catalog/58-59DL?utm_source=pinterest&utm_medium=organic&utm_campaign=generated_raw_visual_plans_to_100_batch_64&utm_content=pin_12209_58-59DL_plans&utm_term=proekty-domov-s-planirovkami,,"проекты домов до 100 м², проект дома 58-59DL, дом 87,04 м², планировка дома, планы этажей, готовый проект дома, газобетон, catalog-plans.ru"
"Проекты домов 100–150 м²: проект №68-49, 140,68 м²",https://raw.githubusercontent.com/nemchenik/test/9dd044fcd82fb3fec19f27b78d079fa36d093adb/pinterest/generated_batch_65_raw_visual_plans_100_150/68-49.jpg,Проекты домов 100–150 м²,,"Проекты домов 100–150 м² — готовый проект №68-49 площадью 140,68 м². Дом: 1 этаж, габариты 9.25×19.65 м, материал стен — газобетон. На изображении представлены оригинальная визуализация дома и планы этажей. Сохраните проект, сравните планировку комнат и перейдите в каталог, чтобы узнать состав документации и актуальную стоимость.",https://catalog-plans.ru/catalog/68-49?utm_source=pinterest&utm_medium=organic&utm_campaign=generated_raw_visual_plans_100_150_batch_65&utm_content=pin_12409_68-49_plans&utm_term=proekty-domov-s-planirovkami,,"проекты домов 100–150 м², проект дома 68-49, дом 140,68 м², планировка дома, планы этажей, готовый проект дома, газобетон, catalog-plans.ru"
"Проекты домов от 150 м²: проект №48-48, 397,37 м²",https://raw.githubusercontent.com/nemchenik/test/9dd044fcd82fb3fec19f27b78d079fa36d093adb/pinterest/generated_batch_66_raw_visual_plans_from_150/48-48.jpg,Проекты домов от 150 м²,,"Проекты домов от 150 м² — готовый проект №48-48 площадью 397,37 м². Дом: 3 этажа, габариты 15.84×19.71 м, материал стен — монолитный каркас. На изображении представлены оригинальная визуализация дома и планы этажей. Сохраните проект, сравните планировку комнат и перейдите в каталог, чтобы узнать состав документации и актуальную стоимость.",https://catalog-plans.ru/catalog/48-48?utm_source=pinterest&utm_medium=organic&utm_campaign=generated_raw_visual_plans_from_150_batch_66&utm_content=pin_12609_48-48_plans&utm_term=proekty-domov-s-planirovkami,,"проекты домов от 150 м², проект дома 48-48, дом 397,37 м², планировка дома, планы этажей, готовый проект дома, монолитный каркас, catalog-plans.ru"
"Проекты домов до 100 м²: проект №63-31A, 92,56 м²",https://raw.githubusercontent.com/nemchenik/test/9dd044fcd82fb3fec19f27b78d079fa36d093adb/pinterest/generated_batch_64_raw_visual_plans_to_100/63-31A.jpg,Проекты домов до 100 м²,,"Проекты домов до 100 м² — готовый проект №63-31A площадью 92,56 м². Дом: 1 этаж, габариты 9.3×13.5 м, материал стен — газобетон. На изображении представлены оригинальная визуализация дома и планы этажей. Сохраните проект, сравните планировку комнат и перейдите в каталог, чтобы узнать состав документации и актуальную стоимость.",https://catalog-plans.ru/catalog/63-31A?utm_source=pinterest&utm_medium=organic&utm_campaign=generated_raw_visual_plans_to_100_batch_64&utm_content=pin_12210_63-31A_plans&utm_term=proekty-domov-s-planirovkami,,"проекты домов до 100 м², проект дома 63-31A, дом 92,56 м², планировка дома, планы этажей, готовый проект дома, газобетон, catalog-plans.ru"
"Проекты домов 100–150 м²: проект №40-04D, 132,77 м²",https://raw.githubusercontent.com/nemchenik/test/9dd044fcd82fb3fec19f27b78d079fa36d093adb/pinterest/generated_batch_65_raw_visual_plans_100_150/40-04D.jpg,Проекты домов 100–150 м²,,"Проекты домов 100–150 м² — готовый проект №40-04D площадью 132,77 м². Дом: 2 этажа, габариты 9×9.5 м, материал стен — керамзитобетон. На изображении представлены оригинальная визуализация дома и планы этажей. Сохраните проект, сравните планировку комнат и перейдите в каталог, чтобы узнать состав документации и актуальную стоимость.",https://catalog-plans.ru/catalog/40-04D?utm_source=pinterest&utm_medium=organic&utm_campaign=generated_raw_visual_plans_100_150_batch_65&utm_content=pin_12410_40-04D_plans&utm_term=proekty-domov-s-planirovkami,,"проекты домов 100–150 м², проект дома 40-04D, дом 132,77 м², планировка дома, планы этажей, готовый проект дома, керамзитобетон, catalog-plans.ru"
"Проекты домов от 150 м²: проект №40-11BAGL, 266,98 м²",https://raw.githubusercontent.com/nemchenik/test/9dd044fcd82fb3fec19f27b78d079fa36d093adb/pinterest/generated_batch_66_raw_visual_plans_from_150/40-11BAGL.jpg,Проекты домов от 150 м²,,"Проекты домов от 150 м² — готовый проект №40-11BAGL площадью 266,98 м². Дом: 3 этажа, габариты 13.8×14.04 м, материал стен — газобетон. На изображении представлены оригинальная визуализация дома и планы этажей. Сохраните проект, сравните планировку комнат и перейдите в каталог, чтобы узнать состав документации и актуальную стоимость.",https://catalog-plans.ru/catalog/40-11BAGL?utm_source=pinterest&utm_medium=organic&utm_campaign=generated_raw_visual_plans_from_150_batch_66&utm_content=pin_12610_40-11BAGL_plans&utm_term=proekty-domov-s-planirovkami,,"проекты домов от 150 м², проект дома 40-11BAGL, дом 266,98 м², планировка дома, планы этажей, готовый проект дома, газобетон, catalog-plans.ru"
"Проекты домов до 100 м²: проект №47-33, 97,45 м²",https://raw.githubusercontent.com/nemchenik/test/9dd044fcd82fb3fec19f27b78d079fa36d093adb/pinterest/generated_batch_64_raw_visual_plans_to_100/47-33.jpg,Проекты домов до 100 м²,,"Проекты домов до 100 м² — готовый проект №47-33 площадью 97,45 м². Дом: 1 этаж, габариты 9.74×15.7 м, материал стен — дерево. На изображении представлены оригинальная визуализация дома и планы этажей. Сохраните проект, сравните планировку комнат и перейдите в каталог, чтобы узнать состав документации и актуальную стоимость.",https://catalog-plans.ru/catalog/47-33?utm_source=pinterest&utm_medium=organic&utm_campaign=generated_raw_visual_plans_to_100_batch_64&utm_content=pin_12211_47-33_plans&utm_term=proekty-domov-s-planirovkami,,"проекты домов до 100 м², проект дома 47-33, дом 97,45 м², планировка дома, планы этажей, готовый проект дома, дерево, catalog-plans.ru"
"Проекты домов 100–150 м²: проект №58-59EAL, 111,83 м²",https://raw.githubusercontent.com/nemchenik/test/9dd044fcd82fb3fec19f27b78d079fa36d093adb/pinterest/generated_batch_65_raw_visual_plans_100_150/58-59EAL.jpg,Проекты домов 100–150 м²,,"Проекты домов 100–150 м² — готовый проект №58-59EAL площадью 111,83 м². Дом: 2 этажа, габариты 9×9 м, материал стен — газобетон. На изображении представлены оригинальная визуализация дома и планы этажей. Сохраните проект, сравните планировку комнат и перейдите в каталог, чтобы узнать состав документации и актуальную стоимость.",https://catalog-plans.ru/catalog/58-59EAL?utm_source=pinterest&utm_medium=organic&utm_campaign=generated_raw_visual_plans_100_150_batch_65&utm_content=pin_12411_58-59EAL_plans&utm_term=proekty-domov-s-planirovkami,,"проекты домов 100–150 м², проект дома 58-59EAL, дом 111,83 м², планировка дома, планы этажей, готовый проект дома, газобетон, catalog-plans.ru"
"Проекты домов от 150 м²: проект №59-76, 328,3 м²",https://raw.githubusercontent.com/nemchenik/test/9dd044fcd82fb3fec19f27b78d079fa36d093adb/pinterest/generated_batch_66_raw_visual_plans_from_150/59-76.jpg,Проекты домов от 150 м²,,"Проекты домов от 150 м² — готовый проект №59-76 площадью 328,3 м². Дом: 2 этажа, габариты 15.38×16.92 м, материал стен — газобетон. На изображении представлены оригинальная визуализация дома и планы этажей. Сохраните проект, сравните планировку комнат и перейдите в каталог, чтобы узнать состав документации и актуальную стоимость.",https://catalog-plans.ru/catalog/59-76?utm_source=pinterest&utm_medium=organic&utm_campaign=generated_raw_visual_plans_from_150_batch_66&utm_content=pin_12611_59-76_plans&utm_term=proekty-domov-s-planirovkami,,"проекты домов от 150 м², проект дома 59-76, дом 328,3 м², планировка дома, планы этажей, готовый проект дома, газобетон, catalog-plans.ru"
"Проекты домов до 100 м²: проект №52-79WIKING, 52,53 м²",https://raw.githubusercontent.com/nemchenik/test/9dd044fcd82fb3fec19f27b78d079fa36d093adb/pinterest/generated_batch_64_raw_visual_plans_to_100/52-79WIKING.jpg,Проекты домов до 100 м²,,"Проекты домов до 100 м² — готовый проект №52-79WIKING площадью 52,53 м². Дом: 1 этаж, габариты 6×10 м, материал стен — деревянный каркас. На изображении представлены оригинальная визуализация дома и планы этажей. Сохраните проект, сравните планировку комнат и перейдите в каталог, чтобы узнать состав документации и актуальную стоимость.",https://catalog-plans.ru/catalog/52-79WIKING?utm_source=pinterest&utm_medium=organic&utm_campaign=generated_raw_visual_plans_to_100_batch_64&utm_content=pin_12212_52-79WIKING_plans&utm_term=proekty-domov-s-planirovkami,,"проекты домов до 100 м², проект дома 52-79WIKING, дом 52,53 м², планировка дома, планы этажей, готовый проект дома, деревянный каркас, catalog-plans.ru"
"Проекты домов 100–150 м²: проект №58-70WRK2L, 119,46 м²",https://raw.githubusercontent.com/nemchenik/test/9dd044fcd82fb3fec19f27b78d079fa36d093adb/pinterest/generated_batch_65_raw_visual_plans_100_150/58-70WRK2L.jpg,Проекты домов 100–150 м²,,"Проекты домов 100–150 м² — готовый проект №58-70WRK2L площадью 119,46 м². Дом: 1 этаж, габариты 12.16×14.16 м, материал стен — кирпич. На изображении представлены оригинальная визуализация дома и планы этажей. Сохраните проект, сравните планировку комнат и перейдите в каталог, чтобы узнать состав документации и актуальную стоимость.",https://catalog-plans.ru/catalog/58-70WRK2L?utm_source=pinterest&utm_medium=organic&utm_campaign=generated_raw_visual_plans_100_150_batch_65&utm_content=pin_12412_58-70WRK2L_plans&utm_term=proekty-domov-s-planirovkami,,"проекты домов 100–150 м², проект дома 58-70WRK2L, дом 119,46 м², планировка дома, планы этажей, готовый проект дома, кирпич, catalog-plans.ru"
"Проекты домов от 150 м²: проект №62-07AE, 168,94 м²",https://raw.githubusercontent.com/nemchenik/test/9dd044fcd82fb3fec19f27b78d079fa36d093adb/pinterest/generated_batch_66_raw_visual_plans_from_150/62-07AE.jpg,Проекты домов от 150 м²,,"Проекты домов от 150 м² — готовый проект №62-07AE площадью 168,94 м². Дом: 2 этажа, габариты 11.05×12.3 м, материал стен — газобетон. На изображении представлены оригинальная визуализация дома и планы этажей. Сохраните проект, сравните планировку комнат и перейдите в каталог, чтобы узнать состав документации и актуальную стоимость.",https://catalog-plans.ru/catalog/62-07AE?utm_source=pinterest&utm_medium=organic&utm_campaign=generated_raw_visual_plans_from_150_batch_66&utm_content=pin_12612_62-07AE_plans&utm_term=proekty-domov-s-planirovkami,,"проекты домов от 150 м², проект дома 62-07AE, дом 168,94 м², планировка дома, планы этажей, готовый проект дома, газобетон, catalog-plans.ru"
"Проекты домов до 100 м²: проект №65-11, 82,55 м²",https://raw.githubusercontent.com/nemchenik/test/9dd044fcd82fb3fec19f27b78d079fa36d093adb/pinterest/generated_batch_64_raw_visual_plans_to_100/65-11.jpg,Проекты домов до 100 м²,,"Проекты домов до 100 м² — готовый проект №65-11 площадью 82,55 м². Дом: 1 этаж, габариты 8.54×13.45 м, материал стен — кирпич. На изображении представлены оригинальная визуализация дома и планы этажей. Сохраните проект, сравните планировку комнат и перейдите в каталог, чтобы узнать состав документации и актуальную стоимость.",https://catalog-plans.ru/catalog/65-11?utm_source=pinterest&utm_medium=organic&utm_campaign=generated_raw_visual_plans_to_100_batch_64&utm_content=pin_12213_65-11_plans&utm_term=proekty-domov-s-planirovkami,,"проекты домов до 100 м², проект дома 65-11, дом 82,55 м², планировка дома, планы этажей, готовый проект дома, кирпич, catalog-plans.ru"
"Проекты домов 100–150 м²: проект №60-35, 145,1 м²",https://raw.githubusercontent.com/nemchenik/test/9dd044fcd82fb3fec19f27b78d079fa36d093adb/pinterest/generated_batch_65_raw_visual_plans_100_150/60-35.jpg,Проекты домов 100–150 м²,,"Проекты домов 100–150 м² — готовый проект №60-35 площадью 145,1 м². Дом: 2 этажа, габариты 10.62×13.52 м, материал стен — газобетон. На изображении представлены оригинальная визуализация дома и планы этажей. Сохраните проект, сравните планировку комнат и перейдите в каталог, чтобы узнать состав документации и актуальную стоимость.",https://catalog-plans.ru/catalog/60-35?utm_source=pinterest&utm_medium=organic&utm_campaign=generated_raw_visual_plans_100_150_batch_65&utm_content=pin_12413_60-35_plans&utm_term=proekty-domov-s-planirovkami,,"проекты домов 100–150 м², проект дома 60-35, дом 145,1 м², планировка дома, планы этажей, готовый проект дома, газобетон, catalog-plans.ru"
"Проекты домов от 150 м²: проект №70-84, 207,87 м²",https://raw.githubusercontent.com/nemchenik/test/9dd044fcd82fb3fec19f27b78d079fa36d093adb/pinterest/generated_batch_66_raw_visual_plans_from_150/70-84.jpg,Проекты домов от 150 м²,,"Проекты домов от 150 м² — готовый проект №70-84 площадью 207,87 м². Дом: 2 этажа, габариты 10×13.7 м, материал стен — деревянный каркас. На изображении представлены оригинальная визуализация дома и планы этажей. Сохраните проект, сравните планировку комнат и перейдите в каталог, чтобы узнать состав документации и актуальную стоимость.",https://catalog-plans.ru/catalog/70-84?utm_source=pinterest&utm_medium=organic&utm_campaign=generated_raw_visual_plans_from_150_batch_66&utm_content=pin_12613_70-84_plans&utm_term=proekty-domov-s-planirovkami,,"проекты домов от 150 м², проект дома 70-84, дом 207,87 м², планировка дома, планы этажей, готовый проект дома, деревянный каркас, catalog-plans.ru"
"Проекты домов до 100 м²: проект №13-59FK1L, 88,83 м²",https://raw.githubusercontent.com/nemchenik/test/9dd044fcd82fb3fec19f27b78d079fa36d093adb/pinterest/generated_batch_64_raw_visual_plans_to_100/13-59FK1L.jpg,Проекты домов до 100 м²,,"Проекты домов до 100 м² — готовый проект №13-59FK1L площадью 88,83 м². Дом: 2 этажа, габариты 8×10 м, материал стен — кирпич. На изображении представлены оригинальная визуализация дома и планы этажей. Сохраните проект, сравните планировку комнат и перейдите в каталог, чтобы узнать состав документации и актуальную стоимость.",https://catalog-plans.ru/catalog/13-59FK1L?utm_source=pinterest&utm_medium=organic&utm_campaign=generated_raw_visual_plans_to_100_batch_64&utm_content=pin_12214_13-59FK1L_plans&utm_term=proekty-domov-s-planirovkami,,"проекты домов до 100 м², проект дома 13-59FK1L, дом 88,83 м², планировка дома, планы этажей, готовый проект дома, кирпич, catalog-plans.ru"
"Проекты домов 100–150 м²: проект №61-23B, 133,27 м²",https://raw.githubusercontent.com/nemchenik/test/9dd044fcd82fb3fec19f27b78d079fa36d093adb/pinterest/generated_batch_65_raw_visual_plans_100_150/61-23B.jpg,Проекты домов 100–150 м²,,"Проекты домов 100–150 м² — готовый проект №61-23B площадью 133,27 м². Дом: 2 этажа, габариты 7×12.8 м, материал стен — газобетон. На изображении представлены оригинальная визуализация дома и планы этажей. Сохраните проект, сравните планировку комнат и перейдите в каталог, чтобы узнать состав документации и актуальную стоимость.",https://catalog-plans.ru/catalog/61-23B?utm_source=pinterest&utm_medium=organic&utm_campaign=generated_raw_visual_plans_100_150_batch_65&utm_content=pin_12414_61-23B_plans&utm_term=proekty-domov-s-planirovkami,,"проекты домов 100–150 м², проект дома 61-23B, дом 133,27 м², планировка дома, планы этажей, готовый проект дома, газобетон, catalog-plans.ru"
"Проекты домов от 150 м²: проект №40-56G, 193,68 м²",https://raw.githubusercontent.com/nemchenik/test/9dd044fcd82fb3fec19f27b78d079fa36d093adb/pinterest/generated_batch_66_raw_visual_plans_from_150/40-56G.jpg,Проекты домов от 150 м²,,"Проекты домов от 150 м² — готовый проект №40-56G площадью 193,68 м². Дом: 2 этажа, габариты 11.82×13.07 м, материал стен — газобетон. На изображении представлены оригинальная визуализация дома и планы этажей. Сохраните проект, сравните планировку комнат и перейдите в каталог, чтобы узнать состав документации и актуальную стоимость.",https://catalog-plans.ru/catalog/40-56G?utm_source=pinterest&utm_medium=organic&utm_campaign=generated_raw_visual_plans_from_150_batch_66&utm_content=pin_12614_40-56G_plans&utm_term=proekty-domov-s-planirovkami,,"проекты домов от 150 м², проект дома 40-56G, дом 193,68 м², планировка дома, планы этажей, готовый проект дома, газобетон, catalog-plans.ru"
"Проекты домов до 100 м²: проект №64-44BL, 77,11 м²",https://raw.githubusercontent.com/nemchenik/test/9dd044fcd82fb3fec19f27b78d079fa36d093adb/pinterest/generated_batch_64_raw_visual_plans_to_100/64-44BL.jpg,Проекты домов до 100 м²,,"Проекты домов до 100 м² — готовый проект №64-44BL площадью 77,11 м². Дом: 1 этаж, габариты 9.32×11.87 м, материал стен — газобетон. На изображении представлены оригинальная визуализация дома и планы этажей. Сохраните проект, сравните планировку комнат и перейдите в каталог, чтобы узнать состав документации и актуальную стоимость.",https://catalog-plans.ru/catalog/64-44BL?utm_source=pinterest&utm_medium=organic&utm_campaign=generated_raw_visual_plans_to_100_batch_64&utm_content=pin_12215_64-44BL_plans&utm_term=proekty-domov-s-planirovkami,,"проекты домов до 100 м², проект дома 64-44BL, дом 77,11 м², планировка дома, планы этажей, готовый проект дома, газобетон, catalog-plans.ru"
"Проекты домов 100–150 м²: проект №40-04FAGL, 136,6 м²",https://raw.githubusercontent.com/nemchenik/test/9dd044fcd82fb3fec19f27b78d079fa36d093adb/pinterest/generated_batch_65_raw_visual_plans_100_150/40-04FAGL.jpg,Проекты домов 100–150 м²,,"Проекты домов 100–150 м² — готовый проект №40-04FAGL площадью 136,6 м². Дом: 2 этажа, габариты 9.78×10.28 м, материал стен — газобетон. На изображении представлены оригинальная визуализация дома и планы этажей. Сохраните проект, сравните планировку комнат и перейдите в каталог, чтобы узнать состав документации и актуальную стоимость.",https://catalog-plans.ru/catalog/40-04FAGL?utm_source=pinterest&utm_medium=organic&utm_campaign=generated_raw_visual_plans_100_150_batch_65&utm_content=pin_12415_40-04FAGL_plans&utm_term=proekty-domov-s-planirovkami,,"проекты домов 100–150 м², проект дома 40-04FAGL, дом 136,6 м², планировка дома, планы этажей, готовый проект дома, газобетон, catalog-plans.ru"
"Проекты домов от 150 м²: проект №63-74, 239,9 м²",https://raw.githubusercontent.com/nemchenik/test/9dd044fcd82fb3fec19f27b78d079fa36d093adb/pinterest/generated_batch_66_raw_visual_plans_from_150/63-74.jpg,Проекты домов от 150 м²,,"Проекты домов от 150 м² — готовый проект №63-74 площадью 239,9 м². Дом: 2 этажа, габариты 10.77×19.6 м, материал стен — монолитный каркас. На изображении представлены оригинальная визуализация дома и планы этажей. Сохраните проект, сравните планировку комнат и перейдите в каталог, чтобы узнать состав документации и актуальную стоимость.",https://catalog-plans.ru/catalog/63-74?utm_source=pinterest&utm_medium=organic&utm_campaign=generated_raw_visual_plans_from_150_batch_66&utm_content=pin_12615_63-74_plans&utm_term=proekty-domov-s-planirovkami,,"проекты домов от 150 м², проект дома 63-74, дом 239,9 м², планировка дома, планы этажей, готовый проект дома, монолитный каркас, catalog-plans.ru"
"Проекты домов до 100 м²: проект №63-48X, 94,82 м²",https://raw.githubusercontent.com/nemchenik/test/9dd044fcd82fb3fec19f27b78d079fa36d093adb/pinterest/generated_batch_64_raw_visual_plans_to_100/63-48X.jpg,Проекты домов до 100 м²,,"Проекты домов до 100 м² — готовый проект №63-48X площадью 94,82 м². Дом: 1 этаж, габариты 9.6×14.58 м, материал стен — арболитовые блоки 400. На изображении представлены оригинальная визуализация дома и планы этажей. Сохраните проект, сравните планировку комнат и перейдите в каталог, чтобы узнать состав документации и актуальную стоимость.",https://catalog-plans.ru/catalog/63-48X?utm_source=pinterest&utm_medium=organic&utm_campaign=generated_raw_visual_plans_to_100_batch_64&utm_content=pin_12216_63-48X_plans&utm_term=proekty-domov-s-planirovkami,,"проекты домов до 100 м², проект дома 63-48X, дом 94,82 м², планировка дома, планы этажей, готовый проект дома, арболитовые блоки 400, catalog-plans.ru"
"Проекты домов 100–150 м²: проект №58-70HB, 149,21 м²",https://raw.githubusercontent.com/nemchenik/test/9dd044fcd82fb3fec19f27b78d079fa36d093adb/pinterest/generated_batch_65_raw_visual_plans_100_150/58-70HB.jpg,Проекты домов 100–150 м²,,"Проекты домов 100–150 м² — готовый проект №58-70HB площадью 149,21 м². Дом: 1 этаж, габариты 12.5×14.5 м, материал стен — газобетон. На изображении представлены оригинальная визуализация дома и планы этажей. Сохраните проект, сравните планировку комнат и перейдите в каталог, чтобы узнать состав документации и актуальную стоимость.",https://catalog-plans.ru/catalog/58-70HB?utm_source=pinterest&utm_medium=organic&utm_campaign=generated_raw_visual_plans_100_150_batch_65&utm_content=pin_12416_58-70HB_plans&utm_term=proekty-domov-s-planirovkami,,"проекты домов 100–150 м², проект дома 58-70HB, дом 149,21 м², планировка дома, планы этажей, готовый проект дома, газобетон, catalog-plans.ru"
"Проекты домов от 150 м²: проект №58-16E, 222,6 м²",https://raw.githubusercontent.com/nemchenik/test/9dd044fcd82fb3fec19f27b78d079fa36d093adb/pinterest/generated_batch_66_raw_visual_plans_from_150/58-16E.jpg,Проекты домов от 150 м²,,"Проекты домов от 150 м² — готовый проект №58-16E площадью 222,6 м². Дом: 2 этажа, габариты 11.2×15.1 м, материал стен — газобетон. На изображении представлены оригинальная визуализация дома и планы этажей. Сохраните проект, сравните планировку комнат и перейдите в каталог, чтобы узнать состав документации и актуальную стоимость.",https://catalog-plans.ru/catalog/58-16E?utm_source=pinterest&utm_medium=organic&utm_campaign=generated_raw_visual_plans_from_150_batch_66&utm_content=pin_12616_58-16E_plans&utm_term=proekty-domov-s-planirovkami,,"проекты домов от 150 м², проект дома 58-16E, дом 222,6 м², планировка дома, планы этажей, готовый проект дома, газобетон, catalog-plans.ru"
"Проекты домов до 100 м²: проект №92-07, 42,69 м²",https://raw.githubusercontent.com/nemchenik/test/9dd044fcd82fb3fec19f27b78d079fa36d093adb/pinterest/generated_batch_64_raw_visual_plans_to_100/92-07.jpg,Проекты домов до 100 м²,,"Проекты домов до 100 м² — готовый проект №92-07 площадью 42,69 м². Дом: 1 этаж, габариты 7.01×8 м, материал стен — кирпич. На изображении представлены оригинальная визуализация дома и планы этажей. Сохраните проект, сравните планировку комнат и перейдите в каталог, чтобы узнать состав документации и актуальную стоимость.",https://catalog-plans.ru/catalog/92-07?utm_source=pinterest&utm_medium=organic&utm_campaign=generated_raw_visual_plans_to_100_batch_64&utm_content=pin_12217_92-07_plans&utm_term=proekty-domov-s-planirovkami,,"проекты домов до 100 м², проект дома 92-07, дом 42,69 м², планировка дома, планы этажей, готовый проект дома, кирпич, catalog-plans.ru"
"Проекты домов 100–150 м²: проект №64-17L, 125,84 м²",https://raw.githubusercontent.com/nemchenik/test/9dd044fcd82fb3fec19f27b78d079fa36d093adb/pinterest/generated_batch_65_raw_visual_plans_100_150/64-17L.jpg,Проекты домов 100–150 м²,,"Проекты домов 100–150 м² — готовый проект №64-17L площадью 125,84 м². Дом: 2 этажа, габариты 12.64×13.7 м, материал стен — газобетон. На изображении представлены оригинальная визуализация дома и планы этажей. Сохраните проект, сравните планировку комнат и перейдите в каталог, чтобы узнать состав документации и актуальную стоимость.",https://catalog-plans.ru/catalog/64-17L?utm_source=pinterest&utm_medium=organic&utm_campaign=generated_raw_visual_plans_100_150_batch_65&utm_content=pin_12417_64-17L_plans&utm_term=proekty-domov-s-planirovkami,,"проекты домов 100–150 м², проект дома 64-17L, дом 125,84 м², планировка дома, планы этажей, готовый проект дома, газобетон, catalog-plans.ru"
"Проекты домов от 150 м²: проект №13-39, 185 м²",https://raw.githubusercontent.com/nemchenik/test/9dd044fcd82fb3fec19f27b78d079fa36d093adb/pinterest/generated_batch_66_raw_visual_plans_from_150/13-39.jpg,Проекты домов от 150 м²,,"Проекты домов от 150 м² — готовый проект №13-39 площадью 185 м². Дом: 2 этажа, габариты 9×12.5 м, материал стен — газобетон. На изображении представлены оригинальная визуализация дома и планы этажей. Сохраните проект, сравните планировку комнат и перейдите в каталог, чтобы узнать состав документации и актуальную стоимость.",https://catalog-plans.ru/catalog/13-39?utm_source=pinterest&utm_medium=organic&utm_campaign=generated_raw_visual_plans_from_150_batch_66&utm_content=pin_12617_13-39_plans&utm_term=proekty-domov-s-planirovkami,,"проекты домов от 150 м², проект дома 13-39, дом 185 м², планировка дома, планы этажей, готовый проект дома, газобетон, catalog-plans.ru"
"Проекты домов до 100 м²: проект №52-06, 92,8 м²",https://raw.githubusercontent.com/nemchenik/test/9dd044fcd82fb3fec19f27b78d079fa36d093adb/pinterest/generated_batch_64_raw_visual_plans_to_100/52-06.jpg,Проекты домов до 100 м²,,"Проекты домов до 100 м² — готовый проект №52-06 площадью 92,8 м². Дом: 2 этажа, габариты 6.8×8 м, материал стен — ячеистые бетонные блоки. На изображении представлены оригинальная визуализация дома и планы этажей. Сохраните проект, сравните планировку комнат и перейдите в каталог, чтобы узнать состав документации и актуальную стоимость.",https://catalog-plans.ru/catalog/52-06?utm_source=pinterest&utm_medium=organic&utm_campaign=generated_raw_visual_plans_to_100_batch_64&utm_content=pin_12218_52-06_plans&utm_term=proekty-domov-s-planirovkami,,"проекты домов до 100 м², проект дома 52-06, дом 92,8 м², планировка дома, планы этажей, готовый проект дома, ячеистые бетонные блоки, catalog-plans.ru"
"Проекты домов 100–150 м²: проект №58-70WB, 117,77 м²",https://raw.githubusercontent.com/nemchenik/test/9dd044fcd82fb3fec19f27b78d079fa36d093adb/pinterest/generated_batch_65_raw_visual_plans_100_150/58-70WB.jpg,Проекты домов 100–150 м²,,"Проекты домов 100–150 м² — готовый проект №58-70WB площадью 117,77 м². Дом: 1 этаж, габариты 11.9×13.9 м, материал стен — газобетон. На изображении представлены оригинальная визуализация дома и планы этажей. Сохраните проект, сравните планировку комнат и перейдите в каталог, чтобы узнать состав документации и актуальную стоимость.",https://catalog-plans.ru/catalog/58-70WB?utm_source=pinterest&utm_medium=organic&utm_campaign=generated_raw_visual_plans_100_150_batch_65&utm_content=pin_12418_58-70WB_plans&utm_term=proekty-domov-s-planirovkami,,"проекты домов 100–150 м², проект дома 58-70WB, дом 117,77 м², планировка дома, планы этажей, готовый проект дома, газобетон, catalog-plans.ru"
"Проекты домов от 150 м²: проект №48-24WAK1L, 267,21 м²",https://raw.githubusercontent.com/nemchenik/test/9dd044fcd82fb3fec19f27b78d079fa36d093adb/pinterest/generated_batch_66_raw_visual_plans_from_150/48-24WAK1L.jpg,Проекты домов от 150 м²,,"Проекты домов от 150 м² — готовый проект №48-24WAK1L площадью 267,21 м². Дом: 2 этажа, габариты 14.94×15.78 м, материал стен — кирпич. На изображении представлены оригинальная визуализация дома и планы этажей. Сохраните проект, сравните планировку комнат и перейдите в каталог, чтобы узнать состав документации и актуальную стоимость.",https://catalog-plans.ru/catalog/48-24WAK1L?utm_source=pinterest&utm_medium=organic&utm_campaign=generated_raw_visual_plans_from_150_batch_66&utm_content=pin_12618_48-24WAK1L_plans&utm_term=proekty-domov-s-planirovkami,,"проекты домов от 150 м², проект дома 48-24WAK1L, дом 267,21 м², планировка дома, планы этажей, готовый проект дома, кирпич, catalog-plans.ru"
"Проекты домов до 100 м²: проект №65-93, 87,01 м²",https://raw.githubusercontent.com/nemchenik/test/9dd044fcd82fb3fec19f27b78d079fa36d093adb/pinterest/generated_batch_64_raw_visual_plans_to_100/65-93.jpg,Проекты домов до 100 м²,,"Проекты домов до 100 м² — готовый проект №65-93 площадью 87,01 м². Дом: 2 этажа, габариты 8.1×9.2 м, материал стен — газобетон. На изображении представлены оригинальная визуализация дома и планы этажей. Сохраните проект, сравните планировку комнат и перейдите в каталог, чтобы узнать состав документации и актуальную стоимость.",https://catalog-plans.ru/catalog/65-93?utm_source=pinterest&utm_medium=organic&utm_campaign=generated_raw_visual_plans_to_100_batch_64&utm_content=pin_12219_65-93_plans&utm_term=proekty-domov-s-planirovkami,,"проекты домов до 100 м², проект дома 65-93, дом 87,01 м², планировка дома, планы этажей, готовый проект дома, газобетон, catalog-plans.ru"
"Проекты домов 100–150 м²: проект №40-47, 129 м²",https://raw.githubusercontent.com/nemchenik/test/9dd044fcd82fb3fec19f27b78d079fa36d093adb/pinterest/generated_batch_65_raw_visual_plans_100_150/40-47.jpg,Проекты домов 100–150 м²,,"Проекты домов 100–150 м² — готовый проект №40-47 площадью 129 м². Дом: 2 этажа, габариты 10.2×10.78 м, материал стен — кирпич. На изображении представлены оригинальная визуализация дома и планы этажей. Сохраните проект, сравните планировку комнат и перейдите в каталог, чтобы узнать состав документации и актуальную стоимость.",https://catalog-plans.ru/catalog/40-47?utm_source=pinterest&utm_medium=organic&utm_campaign=generated_raw_visual_plans_100_150_batch_65&utm_content=pin_12419_40-47_plans&utm_term=proekty-domov-s-planirovkami,,"проекты домов 100–150 м², проект дома 40-47, дом 129 м², планировка дома, планы этажей, готовый проект дома, кирпич, catalog-plans.ru"
"Проекты домов от 150 м²: проект №70-88, 238,84 м²",https://raw.githubusercontent.com/nemchenik/test/9dd044fcd82fb3fec19f27b78d079fa36d093adb/pinterest/generated_batch_66_raw_visual_plans_from_150/70-88.jpg,Проекты домов от 150 м²,,"Проекты домов от 150 м² — готовый проект №70-88 площадью 238,84 м². Дом: 2 этажа, габариты 12×12.44 м, материал стен — деревянный каркас. На изображении представлены оригинальная визуализация дома и планы этажей. Сохраните проект, сравните планировку комнат и перейдите в каталог, чтобы узнать состав документации и актуальную стоимость.",https://catalog-plans.ru/catalog/70-88?utm_source=pinterest&utm_medium=organic&utm_campaign=generated_raw_visual_plans_from_150_batch_66&utm_content=pin_12619_70-88_plans&utm_term=proekty-domov-s-planirovkami,,"проекты домов от 150 м², проект дома 70-88, дом 238,84 м², планировка дома, планы этажей, готовый проект дома, деревянный каркас, catalog-plans.ru"
"Проекты домов до 100 м²: проект №13-59FMG, 89,44 м²",https://raw.githubusercontent.com/nemchenik/test/9dd044fcd82fb3fec19f27b78d079fa36d093adb/pinterest/generated_batch_64_raw_visual_plans_to_100/13-59FMG.jpg,Проекты домов до 100 м²,,"Проекты домов до 100 м² — готовый проект №13-59FMG площадью 89,44 м². Дом: 2 этажа, габариты 9.64×7.64 м, материал стен — монолитный каркас. На изображении представлены оригинальная визуализация дома и планы этажей. Сохраните проект, сравните планировку комнат и перейдите в каталог, чтобы узнать состав документации и актуальную стоимость.",https://catalog-plans.ru/catalog/13-59FMG?utm_source=pinterest&utm_medium=organic&utm_campaign=generated_raw_visual_plans_to_100_batch_64&utm_content=pin_12220_13-59FMG_plans&utm_term=proekty-domov-s-planirovkami,,"проекты домов до 100 м², проект дома 13-59FMG, дом 89,44 м², планировка дома, планы этажей, готовый проект дома, монолитный каркас, catalog-plans.ru"
"Проекты домов 100–150 м²: проект №12-38, 114,9 м²",https://raw.githubusercontent.com/nemchenik/test/9dd044fcd82fb3fec19f27b78d079fa36d093adb/pinterest/generated_batch_65_raw_visual_plans_100_150/12-38.jpg,Проекты домов 100–150 м²,,"Проекты домов 100–150 м² — готовый проект №12-38 площадью 114,9 м². Дом: 2 этажа, габариты 8.2×10.7 м, материал стен — дерево. На изображении представлены оригинальная визуализация дома и планы этажей. Сохраните проект, сравните планировку комнат и перейдите в каталог, чтобы узнать состав документации и актуальную стоимость.",https://catalog-plans.ru/catalog/12-38?utm_source=pinterest&utm_medium=organic&utm_campaign=generated_raw_visual_plans_100_150_batch_65&utm_content=pin_12420_12-38_plans&utm_term=proekty-domov-s-planirovkami,,"проекты домов 100–150 м², проект дома 12-38, дом 114,9 м², планировка дома, планы этажей, готовый проект дома, дерево, catalog-plans.ru"
"Проекты домов от 150 м²: проект №40-84FL, 331,67 м²",https://raw.githubusercontent.com/nemchenik/test/9dd044fcd82fb3fec19f27b78d079fa36d093adb/pinterest/generated_batch_66_raw_visual_plans_from_150/40-84FL.jpg,Проекты домов от 150 м²,,"Проекты домов от 150 м² — готовый проект №40-84FL площадью 331,67 м². Дом: 2 этажа, габариты 18.85×21.66 м, материал стен — монолитный каркас. На изображении представлены оригинальная визуализация дома и планы этажей. Сохраните проект, сравните планировку комнат и перейдите в каталог, чтобы узнать состав документации и актуальную стоимость.",https://catalog-plans.ru/catalog/40-84FL?utm_source=pinterest&utm_medium=organic&utm_campaign=generated_raw_visual_plans_from_150_batch_66&utm_content=pin_12620_40-84FL_plans&utm_term=proekty-domov-s-planirovkami,,"проекты домов от 150 м², проект дома 40-84FL, дом 331,67 м², планировка дома, планы этажей, готовый проект дома, монолитный каркас, catalog-plans.ru"
"Проекты домов до 100 м²: проект №63-71, 90,76 м²",https://raw.githubusercontent.com/nemchenik/test/9dd044fcd82fb3fec19f27b78d079fa36d093adb/pinterest/generated_batch_64_raw_visual_plans_to_100/63-71.jpg,Проекты домов до 100 м²,,"Проекты домов до 100 м² — готовый проект №63-71 площадью 90,76 м². Дом: 2 этажа, габариты 7.56×8.06 м, материал стен — газобетон. На изображении представлены оригинальная визуализация дома и планы этажей. Сохраните проект, сравните планировку комнат и перейдите в каталог, чтобы узнать состав документации и актуальную стоимость.",https://catalog-plans.ru/catalog/63-71?utm_source=pinterest&utm_medium=organic&utm_campaign=generated_raw_visual_plans_to_100_batch_64&utm_content=pin_12221_63-71_plans&utm_term=proekty-domov-s-planirovkami,,"проекты домов до 100 м², проект дома 63-71, дом 90,76 м², планировка дома, планы этажей, готовый проект дома, газобетон, catalog-plans.ru"
"Проекты домов 100–150 м²: проект №46-22L, 120,19 м²",https://raw.githubusercontent.com/nemchenik/test/9dd044fcd82fb3fec19f27b78d079fa36d093adb/pinterest/generated_batch_65_raw_visual_plans_100_150/46-22L.jpg,Проекты домов 100–150 м²,,"Проекты домов 100–150 м² — готовый проект №46-22L площадью 120,19 м². Дом: 1 этаж, габариты 11.5×14 м, материал стен — газобетон. На изображении представлены оригинальная визуализация дома и планы этажей. Сохраните проект, сравните планировку комнат и перейдите в каталог, чтобы узнать состав документации и актуальную стоимость.",https://catalog-plans.ru/catalog/46-22L?utm_source=pinterest&utm_medium=organic&utm_campaign=generated_raw_visual_plans_100_150_batch_65&utm_content=pin_12421_46-22L_plans&utm_term=proekty-domov-s-planirovkami,,"проекты домов 100–150 м², проект дома 46-22L, дом 120,19 м², планировка дома, планы этажей, готовый проект дома, газобетон, catalog-plans.ru"
"Проекты домов от 150 м²: проект №45-64NMFG, 195,85 м²",https://raw.githubusercontent.com/nemchenik/test/9dd044fcd82fb3fec19f27b78d079fa36d093adb/pinterest/generated_batch_66_raw_visual_plans_from_150/45-64NMFG.jpg,Проекты домов от 150 м²,,"Проекты домов от 150 м² — готовый проект №45-64NMFG площадью 195,85 м². Дом: 2 этажа, габариты 11.7×15.8 м, материал стен — газобетон. На изображении представлены оригинальная визуализация дома и планы этажей. Сохраните проект, сравните планировку комнат и перейдите в каталог, чтобы узнать состав документации и актуальную стоимость.",https://catalog-plans.ru/catalog/45-64NMFG?utm_source=pinterest&utm_medium=organic&utm_campaign=generated_raw_visual_plans_from_150_batch_66&utm_content=pin_12621_45-64NMFG_plans&utm_term=proekty-domov-s-planirovkami,,"проекты домов от 150 м², проект дома 45-64NMFG, дом 195,85 м², планировка дома, планы этажей, готовый проект дома, газобетон, catalog-plans.ru"
"Проекты домов до 100 м²: проект №70-98, 58,93 м²",https://raw.githubusercontent.com/nemchenik/test/9dd044fcd82fb3fec19f27b78d079fa36d093adb/pinterest/generated_batch_64_raw_visual_plans_to_100/70-98.jpg,Проекты домов до 100 м²,,"Проекты домов до 100 м² — готовый проект №70-98 площадью 58,93 м². Дом: 1 этаж, габариты 10.73×12.1 м, материал стен — деревянный каркас. На изображении представлены оригинальная визуализация дома и планы этажей. Сохраните проект, сравните планировку комнат и перейдите в каталог, чтобы узнать состав документации и актуальную стоимость.",https://catalog-plans.ru/catalog/70-98?utm_source=pinterest&utm_medium=organic&utm_campaign=generated_raw_visual_plans_to_100_batch_64&utm_content=pin_12222_70-98_plans&utm_term=proekty-domov-s-planirovkami,,"проекты домов до 100 м², проект дома 70-98, дом 58,93 м², планировка дома, планы этажей, готовый проект дома, деревянный каркас, catalog-plans.ru"
"Проекты домов 100–150 м²: проект №72-09, 119,6 м²",https://raw.githubusercontent.com/nemchenik/test/9dd044fcd82fb3fec19f27b78d079fa36d093adb/pinterest/generated_batch_65_raw_visual_plans_100_150/72-09.jpg,Проекты домов 100–150 м²,,"Проекты домов 100–150 м² — готовый проект №72-09 площадью 119,6 м². Дом: 1 этаж, габариты 9×13.5 м, материал стен — газобетон. На изображении представлены оригинальная визуализация дома и планы этажей. Сохраните проект, сравните планировку комнат и перейдите в каталог, чтобы узнать состав документации и актуальную стоимость.",https://catalog-plans.ru/catalog/72-09?utm_source=pinterest&utm_medium=organic&utm_campaign=generated_raw_visual_plans_100_150_batch_65&utm_content=pin_12422_72-09_plans&utm_term=proekty-domov-s-planirovkami,,"проекты домов 100–150 м², проект дома 72-09, дом 119,6 м², планировка дома, планы этажей, готовый проект дома, газобетон, catalog-plans.ru"
"Проекты домов от 150 м²: проект №40-09DGL, 264,59 м²",https://raw.githubusercontent.com/nemchenik/test/9dd044fcd82fb3fec19f27b78d079fa36d093adb/pinterest/generated_batch_66_raw_visual_plans_from_150/40-09DGL.jpg,Проекты домов от 150 м²,,"Проекты домов от 150 м² — готовый проект №40-09DGL площадью 264,59 м². Дом: 2 этажа, габариты 14.08×16.08 м, материал стен — газобетон. На изображении представлены оригинальная визуализация дома и планы этажей. Сохраните проект, сравните планировку комнат и перейдите в каталог, чтобы узнать состав документации и актуальную стоимость.",https://catalog-plans.ru/catalog/40-09DGL?utm_source=pinterest&utm_medium=organic&utm_campaign=generated_raw_visual_plans_from_150_batch_66&utm_content=pin_12622_40-09DGL_plans&utm_term=proekty-domov-s-planirovkami,,"проекты домов от 150 м², проект дома 40-09DGL, дом 264,59 м², планировка дома, планы этажей, готовый проект дома, газобетон, catalog-plans.ru"
"Проекты домов до 100 м²: проект №58-56AK, 66,47 м²",https://raw.githubusercontent.com/nemchenik/test/9dd044fcd82fb3fec19f27b78d079fa36d093adb/pinterest/generated_batch_64_raw_visual_plans_to_100/58-56AK.jpg,Проекты домов до 100 м²,,"Проекты домов до 100 м² — готовый проект №58-56AK площадью 66,47 м². Дом: 2 этажа, габариты 7.62×10.12 м, материал стен — кирпич. На изображении представлены оригинальная визуализация дома и планы этажей. Сохраните проект, сравните планировку комнат и перейдите в каталог, чтобы узнать состав документации и актуальную стоимость.",https://catalog-plans.ru/catalog/58-56AK?utm_source=pinterest&utm_medium=organic&utm_campaign=generated_raw_visual_plans_to_100_batch_64&utm_content=pin_12223_58-56AK_plans&utm_term=proekty-domov-s-planirovkami,,"проекты домов до 100 м², проект дома 58-56AK, дом 66,47 м², планировка дома, планы этажей, готовый проект дома, кирпич, catalog-plans.ru"
"Проекты домов 100–150 м²: проект №63-41BL, 125,21 м²",https://raw.githubusercontent.com/nemchenik/test/9dd044fcd82fb3fec19f27b78d079fa36d093adb/pinterest/generated_batch_65_raw_visual_plans_100_150/63-41BL.jpg,Проекты домов 100–150 м²,,"Проекты домов 100–150 м² — готовый проект №63-41BL площадью 125,21 м². Дом: 1 этаж, габариты 13.3×14.26 м, материал стен — газобетон. На изображении представлены оригинальная визуализация дома и планы этажей. Сохраните проект, сравните планировку комнат и перейдите в каталог, чтобы узнать состав документации и актуальную стоимость.",https://catalog-plans.ru/catalog/63-41BL?utm_source=pinterest&utm_medium=organic&utm_campaign=generated_raw_visual_plans_100_150_batch_65&utm_content=pin_12423_63-41BL_plans&utm_term=proekty-domov-s-planirovkami,,"проекты домов 100–150 м², проект дома 63-41BL, дом 125,21 м², планировка дома, планы этажей, готовый проект дома, газобетон, catalog-plans.ru"
"Проекты домов от 150 м²: проект №62-20BA, 210,97 м²",https://raw.githubusercontent.com/nemchenik/test/9dd044fcd82fb3fec19f27b78d079fa36d093adb/pinterest/generated_batch_66_raw_visual_plans_from_150/62-20BA.jpg,Проекты домов от 150 м²,,"Проекты домов от 150 м² — готовый проект №62-20BA площадью 210,97 м². Дом: 2 этажа, габариты 12.02×13.32 м, материал стен — газобетон. На изображении представлены оригинальная визуализация дома и планы этажей. Сохраните проект, сравните планировку комнат и перейдите в каталог, чтобы узнать состав документации и актуальную стоимость.",https://catalog-plans.ru/catalog/62-20BA?utm_source=pinterest&utm_medium=organic&utm_campaign=generated_raw_visual_plans_from_150_batch_66&utm_content=pin_12623_62-20BA_plans&utm_term=proekty-domov-s-planirovkami,,"проекты домов от 150 м², проект дома 62-20BA, дом 210,97 м², планировка дома, планы этажей, готовый проект дома, газобетон, catalog-plans.ru"
"Проекты домов до 100 м²: проект №13-09, 87,77 м²",https://raw.githubusercontent.com/nemchenik/test/9dd044fcd82fb3fec19f27b78d079fa36d093adb/pinterest/generated_batch_64_raw_visual_plans_to_100/13-09.jpg,Проекты домов до 100 м²,,"Проекты домов до 100 м² — готовый проект №13-09 площадью 87,77 м². Дом: 1 этаж, габариты 10.04×12.84 м, материал стен — дерево. На изображении представлены оригинальная визуализация дома и планы этажей. Сохраните проект, сравните планировку комнат и перейдите в каталог, чтобы узнать состав документации и актуальную стоимость.",https://catalog-plans.ru/catalog/13-09?utm_source=pinterest&utm_medium=organic&utm_campaign=generated_raw_visual_plans_to_100_batch_64&utm_content=pin_12224_13-09_plans&utm_term=proekty-domov-s-planirovkami,,"проекты домов до 100 м², проект дома 13-09, дом 87,77 м², планировка дома, планы этажей, готовый проект дома, дерево, catalog-plans.ru"
"Проекты домов 100–150 м²: проект №58-45A, 148,76 м²",https://raw.githubusercontent.com/nemchenik/test/9dd044fcd82fb3fec19f27b78d079fa36d093adb/pinterest/generated_batch_65_raw_visual_plans_100_150/58-45A.jpg,Проекты домов 100–150 м²,,"Проекты домов 100–150 м² — готовый проект №58-45A площадью 148,76 м². Дом: 2 этажа, габариты 9.9×12.6 м, материал стен — газобетон. На изображении представлены оригинальная визуализация дома и планы этажей. Сохраните проект, сравните планировку комнат и перейдите в каталог, чтобы узнать состав документации и актуальную стоимость.",https://catalog-plans.ru/catalog/58-45A?utm_source=pinterest&utm_medium=organic&utm_campaign=generated_raw_visual_plans_100_150_batch_65&utm_content=pin_12424_58-45A_plans&utm_term=proekty-domov-s-planirovkami,,"проекты домов 100–150 м², проект дома 58-45A, дом 148,76 м², планировка дома, планы этажей, готовый проект дома, газобетон, catalog-plans.ru"
"Проекты домов от 150 м²: проект №57-02EL, 208,39 м²",https://raw.githubusercontent.com/nemchenik/test/9dd044fcd82fb3fec19f27b78d079fa36d093adb/pinterest/generated_batch_66_raw_visual_plans_from_150/57-02EL.jpg,Проекты домов от 150 м²,,"Проекты домов от 150 м² — готовый проект №57-02EL площадью 208,39 м². Дом: 2 этажа, габариты 11.45×15.1 м, материал стен — газобетон. На изображении представлены оригинальная визуализация дома и планы этажей. Сохраните проект, сравните планировку комнат и перейдите в каталог, чтобы узнать состав документации и актуальную стоимость.",https://catalog-plans.ru/catalog/57-02EL?utm_source=pinterest&utm_medium=organic&utm_campaign=generated_raw_visual_plans_from_150_batch_66&utm_content=pin_12624_57-02EL_plans&utm_term=proekty-domov-s-planirovkami,,"проекты домов от 150 м², проект дома 57-02EL, дом 208,39 м², планировка дома, планы этажей, готовый проект дома, газобетон, catalog-plans.ru"
"Проекты домов до 100 м²: проект №64-44L, 90,99 м²",https://raw.githubusercontent.com/nemchenik/test/9dd044fcd82fb3fec19f27b78d079fa36d093adb/pinterest/generated_batch_64_raw_visual_plans_to_100/64-44L.jpg,Проекты домов до 100 м²,,"Проекты домов до 100 м² — готовый проект №64-44L площадью 90,99 м². Дом: 1 этаж, габариты 9.96×16.33 м, материал стен — газобетон. На изображении представлены оригинальная визуализация дома и планы этажей. Сохраните проект, сравните планировку комнат и перейдите в каталог, чтобы узнать состав документации и актуальную стоимость.",https://catalog-plans.ru/catalog/64-44L?utm_source=pinterest&utm_medium=organic&utm_campaign=generated_raw_visual_plans_to_100_batch_64&utm_content=pin_12225_64-44L_plans&utm_term=proekty-domov-s-planirovkami,,"проекты домов до 100 м², проект дома 64-44L, дом 90,99 м², планировка дома, планы этажей, готовый проект дома, газобетон, catalog-plans.ru"
"Проекты домов 100–150 м²: проект №71-17, 125,32 м²",https://raw.githubusercontent.com/nemchenik/test/9dd044fcd82fb3fec19f27b78d079fa36d093adb/pinterest/generated_batch_65_raw_visual_plans_100_150/71-17.jpg,Проекты домов 100–150 м²,,"Проекты домов 100–150 м² — готовый проект №71-17 площадью 125,32 м². Дом: 2 этажа, габариты 9.1×13.2 м, материал стен — деревянный каркас. На изображении представлены оригинальная визуализация дома и планы этажей. Сохраните проект, сравните планировку комнат и перейдите в каталог, чтобы узнать состав документации и актуальную стоимость.",https://catalog-plans.ru/catalog/71-17?utm_source=pinterest&utm_medium=organic&utm_campaign=generated_raw_visual_plans_100_150_batch_65&utm_content=pin_12425_71-17_plans&utm_term=proekty-domov-s-planirovkami,,"проекты домов 100–150 м², проект дома 71-17, дом 125,32 м², планировка дома, планы этажей, готовый проект дома, деревянный каркас, catalog-plans.ru"
"Проекты домов от 150 м²: проект №70-96, 155,31 м²",https://raw.githubusercontent.com/nemchenik/test/9dd044fcd82fb3fec19f27b78d079fa36d093adb/pinterest/generated_batch_66_raw_visual_plans_from_150/70-96.jpg,Проекты домов от 150 м²,,"Проекты домов от 150 м² — готовый проект №70-96 площадью 155,31 м². Дом: 2 этажа, габариты 9.97×9.97 м, материал стен — деревянный каркас. На изображении представлены оригинальная визуализация дома и планы этажей. Сохраните проект, сравните планировку комнат и перейдите в каталог, чтобы узнать состав документации и актуальную стоимость.",https://catalog-plans.ru/catalog/70-96?utm_source=pinterest&utm_medium=organic&utm_campaign=generated_raw_visual_plans_from_150_batch_66&utm_content=pin_12625_70-96_plans&utm_term=proekty-domov-s-planirovkami,,"проекты домов от 150 м², проект дома 70-96, дом 155,31 м², планировка дома, планы этажей, готовый проект дома, деревянный каркас, catalog-plans.ru"
"Проекты домов до 100 м²: проект №60-36, 87 м²",https://raw.githubusercontent.com/nemchenik/test/9dd044fcd82fb3fec19f27b78d079fa36d093adb/pinterest/generated_batch_64_raw_visual_plans_to_100/60-36.jpg,Проекты домов до 100 м²,,"Проекты домов до 100 м² — готовый проект №60-36 площадью 87 м². Дом: 2 этажа, габариты 7.99×10.29 м, материал стен — газобетон. На изображении представлены оригинальная визуализация дома и планы этажей. Сохраните проект, сравните планировку комнат и перейдите в каталог, чтобы узнать состав документации и актуальную стоимость.",https://catalog-plans.ru/catalog/60-36?utm_source=pinterest&utm_medium=organic&utm_campaign=generated_raw_visual_plans_to_100_batch_64&utm_content=pin_12226_60-36_plans&utm_term=proekty-domov-s-planirovkami,,"проекты домов до 100 м², проект дома 60-36, дом 87 м², планировка дома, планы этажей, готовый проект дома, газобетон, catalog-plans.ru"
"Проекты домов 100–150 м²: проект №58-70WN, 117,76 м²",https://raw.githubusercontent.com/nemchenik/test/9dd044fcd82fb3fec19f27b78d079fa36d093adb/pinterest/generated_batch_65_raw_visual_plans_100_150/58-70WN.jpg,Проекты домов 100–150 м²,,"Проекты домов 100–150 м² — готовый проект №58-70WN площадью 117,76 м². Дом: 1 этаж, габариты 11.9×13.9 м, материал стен — газобетон. На изображении представлены оригинальная визуализация дома и планы этажей. Сохраните проект, сравните планировку комнат и перейдите в каталог, чтобы узнать состав документации и актуальную стоимость.",https://catalog-plans.ru/catalog/58-70WN?utm_source=pinterest&utm_medium=organic&utm_campaign=generated_raw_visual_plans_100_150_batch_65&utm_content=pin_12426_58-70WN_plans&utm_term=proekty-domov-s-planirovkami,,"проекты домов 100–150 м², проект дома 58-70WN, дом 117,76 м², планировка дома, планы этажей, готовый проект дома, газобетон, catalog-plans.ru"
"Проекты домов от 150 м²: проект №57-62B, 192,47 м²",https://raw.githubusercontent.com/nemchenik/test/9dd044fcd82fb3fec19f27b78d079fa36d093adb/pinterest/generated_batch_66_raw_visual_plans_from_150/57-62B.jpg,Проекты домов от 150 м²,,"Проекты домов от 150 м² — готовый проект №57-62B площадью 192,47 м². Дом: 2 этажа, габариты 10.7×14.24 м, материал стен — газобетон. На изображении представлены оригинальная визуализация дома и планы этажей. Сохраните проект, сравните планировку комнат и перейдите в каталог, чтобы узнать состав документации и актуальную стоимость.",https://catalog-plans.ru/catalog/57-62B?utm_source=pinterest&utm_medium=organic&utm_campaign=generated_raw_visual_plans_from_150_batch_66&utm_content=pin_12626_57-62B_plans&utm_term=proekty-domov-s-planirovkami,,"проекты домов от 150 м², проект дома 57-62B, дом 192,47 м², планировка дома, планы этажей, готовый проект дома, газобетон, catalog-plans.ru"
"Проекты домов до 100 м²: проект №68-93, 95,36 м²",https://raw.githubusercontent.com/nemchenik/test/9dd044fcd82fb3fec19f27b78d079fa36d093adb/pinterest/generated_batch_64_raw_visual_plans_to_100/68-93.jpg,Проекты домов до 100 м²,,"Проекты домов до 100 м² — готовый проект №68-93 площадью 95,36 м². Дом: 1 этаж, габариты 11.2×11.7 м, материал стен — газобетон. На изображении представлены оригинальная визуализация дома и планы этажей. Сохраните проект, сравните планировку комнат и перейдите в каталог, чтобы узнать состав документации и актуальную стоимость.",https://catalog-plans.ru/catalog/68-93?utm_source=pinterest&utm_medium=organic&utm_campaign=generated_raw_visual_plans_to_100_batch_64&utm_content=pin_12227_68-93_plans&utm_term=proekty-domov-s-planirovkami,,"проекты домов до 100 м², проект дома 68-93, дом 95,36 м², планировка дома, планы этажей, готовый проект дома, газобетон, catalog-plans.ru"
"Проекты домов 100–150 м²: проект №64-49, 146,48 м²",https://raw.githubusercontent.com/nemchenik/test/9dd044fcd82fb3fec19f27b78d079fa36d093adb/pinterest/generated_batch_65_raw_visual_plans_100_150/64-49.jpg,Проекты домов 100–150 м²,,"Проекты домов 100–150 м² — готовый проект №64-49 площадью 146,48 м². Дом: 1 этаж, габариты 16.545×15.95 м, материал стен — газобетон. На изображении представлены оригинальная визуализация дома и планы этажей. Сохраните проект, сравните планировку комнат и перейдите в каталог, чтобы узнать состав документации и актуальную стоимость.",https://catalog-plans.ru/catalog/64-49?utm_source=pinterest&utm_medium=organic&utm_campaign=generated_raw_visual_plans_100_150_batch_65&utm_content=pin_12427_64-49_plans&utm_term=proekty-domov-s-planirovkami,,"проекты домов 100–150 м², проект дома 64-49, дом 146,48 м², планировка дома, планы этажей, готовый проект дома, газобетон, catalog-plans.ru"
"Проекты домов от 150 м²: проект №71-09, 245,49 м²",https://raw.githubusercontent.com/nemchenik/test/9dd044fcd82fb3fec19f27b78d079fa36d093adb/pinterest/generated_batch_66_raw_visual_plans_from_150/71-09.jpg,Проекты домов от 150 м²,,"Проекты домов от 150 м² — готовый проект №71-09 площадью 245,49 м². Дом: 2 этажа, габариты 12×12 м, материал стен — деревянный каркас. На изображении представлены оригинальная визуализация дома и планы этажей. Сохраните проект, сравните планировку комнат и перейдите в каталог, чтобы узнать состав документации и актуальную стоимость.",https://catalog-plans.ru/catalog/71-09?utm_source=pinterest&utm_medium=organic&utm_campaign=generated_raw_visual_plans_from_150_batch_66&utm_content=pin_12627_71-09_plans&utm_term=proekty-domov-s-planirovkami,,"проекты домов от 150 м², проект дома 71-09, дом 245,49 м², планировка дома, планы этажей, готовый проект дома, деревянный каркас, catalog-plans.ru"
"Проекты домов до 100 м²: проект №63-25, 59,07 м²",https://raw.githubusercontent.com/nemchenik/test/9dd044fcd82fb3fec19f27b78d079fa36d093adb/pinterest/generated_batch_64_raw_visual_plans_to_100/63-25.jpg,Проекты домов до 100 м²,,"Проекты домов до 100 м² — готовый проект №63-25 площадью 59,07 м². Дом: 1 этаж, габариты 8.86×8.86 м, материал стен — газобетон. На изображении представлены оригинальная визуализация дома и планы этажей. Сохраните проект, сравните планировку комнат и перейдите в каталог, чтобы узнать состав документации и актуальную стоимость.",https://catalog-plans.ru/catalog/63-25?utm_source=pinterest&utm_medium=organic&utm_campaign=generated_raw_visual_plans_to_100_batch_64&utm_content=pin_12228_63-25_plans&utm_term=proekty-domov-s-planirovkami,,"проекты домов до 100 м², проект дома 63-25, дом 59,07 м², планировка дома, планы этажей, готовый проект дома, газобетон, catalog-plans.ru"
"Проекты домов 100–150 м²: проект №46-40L, 121,18 м²",https://raw.githubusercontent.com/nemchenik/test/9dd044fcd82fb3fec19f27b78d079fa36d093adb/pinterest/generated_batch_65_raw_visual_plans_100_150/46-40L.jpg,Проекты домов 100–150 м²,,"Проекты домов 100–150 м² — готовый проект №46-40L площадью 121,18 м². Дом: 1 этаж, габариты 12.08×16.37 м, материал стен — кирпич. На изображении представлены оригинальная визуализация дома и планы этажей. Сохраните проект, сравните планировку комнат и перейдите в каталог, чтобы узнать состав документации и актуальную стоимость.",https://catalog-plans.ru/catalog/46-40L?utm_source=pinterest&utm_medium=organic&utm_campaign=generated_raw_visual_plans_100_150_batch_65&utm_content=pin_12428_46-40L_plans&utm_term=proekty-domov-s-planirovkami,,"проекты домов 100–150 м², проект дома 46-40L, дом 121,18 м², планировка дома, планы этажей, готовый проект дома, кирпич, catalog-plans.ru"
"Проекты домов от 150 м²: проект №65-83A, 206,08 м²",https://raw.githubusercontent.com/nemchenik/test/9dd044fcd82fb3fec19f27b78d079fa36d093adb/pinterest/generated_batch_66_raw_visual_plans_from_150/65-83A.jpg,Проекты домов от 150 м²,,"Проекты домов от 150 м² — готовый проект №65-83A площадью 206,08 м². Дом: 2 этажа, габариты 14.2×14.4 м, материал стен — газобетон. На изображении представлены оригинальная визуализация дома и планы этажей. Сохраните проект, сравните планировку комнат и перейдите в каталог, чтобы узнать состав документации и актуальную стоимость.",https://catalog-plans.ru/catalog/65-83A?utm_source=pinterest&utm_medium=organic&utm_campaign=generated_raw_visual_plans_from_150_batch_66&utm_content=pin_12628_65-83A_plans&utm_term=proekty-domov-s-planirovkami,,"проекты домов от 150 м², проект дома 65-83A, дом 206,08 м², планировка дома, планы этажей, готовый проект дома, газобетон, catalog-plans.ru"
"Проекты домов до 100 м²: проект №61-24, 98,57 м²",https://raw.githubusercontent.com/nemchenik/test/9dd044fcd82fb3fec19f27b78d079fa36d093adb/pinterest/generated_batch_64_raw_visual_plans_to_100/61-24.jpg,Проекты домов до 100 м²,,"Проекты домов до 100 м² — готовый проект №61-24 площадью 98,57 м². Дом: 1 этаж, габариты 9.6×11.3 м, материал стен — газобетон. На изображении представлены оригинальная визуализация дома и планы этажей. Сохраните проект, сравните планировку комнат и перейдите в каталог, чтобы узнать состав документации и актуальную стоимость.",https://catalog-plans.ru/catalog/61-24?utm_source=pinterest&utm_medium=organic&utm_campaign=generated_raw_visual_plans_to_100_batch_64&utm_content=pin_12229_61-24_plans&utm_term=proekty-domov-s-planirovkami,,"проекты домов до 100 м², проект дома 61-24, дом 98,57 м², планировка дома, планы этажей, готовый проект дома, газобетон, catalog-plans.ru"
"Проекты домов 100–150 м²: проект №34-74, 115 м²",https://raw.githubusercontent.com/nemchenik/test/9dd044fcd82fb3fec19f27b78d079fa36d093adb/pinterest/generated_batch_65_raw_visual_plans_100_150/34-74.jpg,Проекты домов 100–150 м²,,"Проекты домов 100–150 м² — готовый проект №34-74 площадью 115 м². Дом: 1 этаж, габариты 13.38×14.5 м, материал стен — кирпич. На изображении представлены оригинальная визуализация дома и планы этажей. Сохраните проект, сравните планировку комнат и перейдите в каталог, чтобы узнать состав документации и актуальную стоимость.",https://catalog-plans.ru/catalog/34-74?utm_source=pinterest&utm_medium=organic&utm_campaign=generated_raw_visual_plans_100_150_batch_65&utm_content=pin_12429_34-74_plans&utm_term=proekty-domov-s-planirovkami,,"проекты домов 100–150 м², проект дома 34-74, дом 115 м², планировка дома, планы этажей, готовый проект дома, кирпич, catalog-plans.ru"
"Проекты домов от 150 м²: проект №60-95, 168,01 м²",https://raw.githubusercontent.com/nemchenik/test/9dd044fcd82fb3fec19f27b78d079fa36d093adb/pinterest/generated_batch_66_raw_visual_plans_from_150/60-95.jpg,Проекты домов от 150 м²,,"Проекты домов от 150 м² — готовый проект №60-95 площадью 168,01 м². Дом: 2 этажа, габариты 10.63×13.13 м, материал стен — газобетон. На изображении представлены оригинальная визуализация дома и планы этажей. Сохраните проект, сравните планировку комнат и перейдите в каталог, чтобы узнать состав документации и актуальную стоимость.",https://catalog-plans.ru/catalog/60-95?utm_source=pinterest&utm_medium=organic&utm_campaign=generated_raw_visual_plans_from_150_batch_66&utm_content=pin_12629_60-95_plans&utm_term=proekty-domov-s-planirovkami,,"проекты домов от 150 м², проект дома 60-95, дом 168,01 м², планировка дома, планы этажей, готовый проект дома, газобетон, catalog-plans.ru"
"Проекты домов до 100 м²: проект №13-59FEK1L, 89,07 м²",https://raw.githubusercontent.com/nemchenik/test/9dd044fcd82fb3fec19f27b78d079fa36d093adb/pinterest/generated_batch_64_raw_visual_plans_to_100/13-59FEK1L.jpg,Проекты домов до 100 м²,,"Проекты домов до 100 м² — готовый проект №13-59FEK1L площадью 89,07 м². Дом: 2 этажа, габариты 10×8 м, материал стен — кирпич. На изображении представлены оригинальная визуализация дома и планы этажей. Сохраните проект, сравните планировку комнат и перейдите в каталог, чтобы узнать состав документации и актуальную стоимость.",https://catalog-plans.ru/catalog/13-59FEK1L?utm_source=pinterest&utm_medium=organic&utm_campaign=generated_raw_visual_plans_to_100_batch_64&utm_content=pin_12230_13-59FEK1L_plans&utm_term=proekty-domov-s-planirovkami,,"проекты домов до 100 м², проект дома 13-59FEK1L, дом 89,07 м², планировка дома, планы этажей, готовый проект дома, кирпич, catalog-plans.ru"
"Проекты домов 100–150 м²: проект №69-20F, 135,48 м²",https://raw.githubusercontent.com/nemchenik/test/9dd044fcd82fb3fec19f27b78d079fa36d093adb/pinterest/generated_batch_65_raw_visual_plans_100_150/69-20F.jpg,Проекты домов 100–150 м²,,"Проекты домов 100–150 м² — готовый проект №69-20F площадью 135,48 м². Дом: 1 этаж, габариты 9.9×16.5 м, материал стен — газобетон. На изображении представлены оригинальная визуализация дома и планы этажей. Сохраните проект, сравните планировку комнат и перейдите в каталог, чтобы узнать состав документации и актуальную стоимость.",https://catalog-plans.ru/catalog/69-20F?utm_source=pinterest&utm_medium=organic&utm_campaign=generated_raw_visual_plans_100_150_batch_65&utm_content=pin_12430_69-20F_plans&utm_term=proekty-domov-s-planirovkami,,"проекты домов 100–150 м², проект дома 69-20F, дом 135,48 м², планировка дома, планы этажей, готовый проект дома, газобетон, catalog-plans.ru"
"Проекты домов от 150 м²: проект №45-85KL, 339,24 м²",https://raw.githubusercontent.com/nemchenik/test/9dd044fcd82fb3fec19f27b78d079fa36d093adb/pinterest/generated_batch_66_raw_visual_plans_from_150/45-85KL.jpg,Проекты домов от 150 м²,,"Проекты домов от 150 м² — готовый проект №45-85KL площадью 339,24 м². Дом: 2 этажа, габариты 13×19 м, материал стен — кирпич. На изображении представлены оригинальная визуализация дома и планы этажей. Сохраните проект, сравните планировку комнат и перейдите в каталог, чтобы узнать состав документации и актуальную стоимость.",https://catalog-plans.ru/catalog/45-85KL?utm_source=pinterest&utm_medium=organic&utm_campaign=generated_raw_visual_plans_from_150_batch_66&utm_content=pin_12630_45-85KL_plans&utm_term=proekty-domov-s-planirovkami,,"проекты домов от 150 м², проект дома 45-85KL, дом 339,24 м², планировка дома, планы этажей, готовый проект дома, кирпич, catalog-plans.ru"
"Проекты домов до 100 м²: проект №63-56, 79,94 м²",https://raw.githubusercontent.com/nemchenik/test/9dd044fcd82fb3fec19f27b78d079fa36d093adb/pinterest/generated_batch_64_raw_visual_plans_to_100/63-56.jpg,Проекты домов до 100 м²,,"Проекты домов до 100 м² — готовый проект №63-56 площадью 79,94 м². Дом: 1 этаж, габариты 11×11.9 м, материал стен — газобетон. На изображении представлены оригинальная визуализация дома и планы этажей. Сохраните проект, сравните планировку комнат и перейдите в каталог, чтобы узнать состав документации и актуальную стоимость.",https://catalog-plans.ru/catalog/63-56?utm_source=pinterest&utm_medium=organic&utm_campaign=generated_raw_visual_plans_to_100_batch_64&utm_content=pin_12231_63-56_plans&utm_term=proekty-domov-s-planirovkami,,"проекты домов до 100 м², проект дома 63-56, дом 79,94 м², планировка дома, планы этажей, готовый проект дома, газобетон, catalog-plans.ru"
"Проекты домов 100–150 м²: проект №51-03, 116,06 м²",https://raw.githubusercontent.com/nemchenik/test/9dd044fcd82fb3fec19f27b78d079fa36d093adb/pinterest/generated_batch_65_raw_visual_plans_100_150/51-03.jpg,Проекты домов 100–150 м²,,"Проекты домов 100–150 м² — готовый проект №51-03 площадью 116,06 м². Дом: 2 этажа, габариты 9×9.3 м, материал стен — ячеистые бетонные блоки. На изображении представлены оригинальная визуализация дома и планы этажей. Сохраните проект, сравните планировку комнат и перейдите в каталог, чтобы узнать состав документации и актуальную стоимость.",https://catalog-plans.ru/catalog/51-03?utm_source=pinterest&utm_medium=organic&utm_campaign=generated_raw_visual_plans_100_150_batch_65&utm_content=pin_12431_51-03_plans&utm_term=proekty-domov-s-planirovkami,,"проекты домов 100–150 м², проект дома 51-03, дом 116,06 м², планировка дома, планы этажей, готовый проект дома, ячеистые бетонные блоки, catalog-plans.ru"
"Проекты домов от 150 м²: проект №10-25, 161,4 м²",https://raw.githubusercontent.com/nemchenik/test/9dd044fcd82fb3fec19f27b78d079fa36d093adb/pinterest/generated_batch_66_raw_visual_plans_from_150/10-25.jpg,Проекты домов от 150 м²,,"Проекты домов от 150 м² — готовый проект №10-25 площадью 161,4 м². Дом: 2 этажа, габариты 9.6×15.3 м, материал стен — дерево. На изображении представлены оригинальная визуализация дома и планы этажей. Сохраните проект, сравните планировку комнат и перейдите в каталог, чтобы узнать состав документации и актуальную стоимость.",https://catalog-plans.ru/catalog/10-25?utm_source=pinterest&utm_medium=organic&utm_campaign=generated_raw_visual_plans_from_150_batch_66&utm_content=pin_12631_10-25_plans&utm_term=proekty-domov-s-planirovkami,,"проекты домов от 150 м², проект дома 10-25, дом 161,4 м², планировка дома, планы этажей, готовый проект дома, дерево, catalog-plans.ru"
"Проекты домов до 100 м²: проект №48-19RUS, 51,13 м²",https://raw.githubusercontent.com/nemchenik/test/9dd044fcd82fb3fec19f27b78d079fa36d093adb/pinterest/generated_batch_64_raw_visual_plans_to_100/48-19RUS.jpg,Проекты домов до 100 м²,,"Проекты домов до 100 м² — готовый проект №48-19RUS площадью 51,13 м². Дом: 1 этаж, габариты 8×8 м, материал стен — газобетон. На изображении представлены оригинальная визуализация дома и планы этажей. Сохраните проект, сравните планировку комнат и перейдите в каталог, чтобы узнать состав документации и актуальную стоимость.",https://catalog-plans.ru/catalog/48-19RUS?utm_source=pinterest&utm_medium=organic&utm_campaign=generated_raw_visual_plans_to_100_batch_64&utm_content=pin_12232_48-19RUS_plans&utm_term=proekty-domov-s-planirovkami,,"проекты домов до 100 м², проект дома 48-19RUS, дом 51,13 м², планировка дома, планы этажей, готовый проект дома, газобетон, catalog-plans.ru"
"Проекты домов 100–150 м²: проект №40-05BABKL, 123,93 м²",https://raw.githubusercontent.com/nemchenik/test/9dd044fcd82fb3fec19f27b78d079fa36d093adb/pinterest/generated_batch_65_raw_visual_plans_100_150/40-05BABKL.jpg,Проекты домов 100–150 м²,,"Проекты домов 100–150 м² — готовый проект №40-05BABKL площадью 123,93 м². Дом: 2 этажа, габариты 11.13×11.34 м, материал стен — кирпич. На изображении представлены оригинальная визуализация дома и планы этажей. Сохраните проект, сравните планировку комнат и перейдите в каталог, чтобы узнать состав документации и актуальную стоимость.",https://catalog-plans.ru/catalog/40-05BABKL?utm_source=pinterest&utm_medium=organic&utm_campaign=generated_raw_visual_plans_100_150_batch_65&utm_content=pin_12432_40-05BABKL_plans&utm_term=proekty-domov-s-planirovkami,,"проекты домов 100–150 м², проект дома 40-05BABKL, дом 123,93 м², планировка дома, планы этажей, готовый проект дома, кирпич, catalog-plans.ru"
"Проекты домов от 150 м²: проект №57-62AC, 286 м²",https://raw.githubusercontent.com/nemchenik/test/9dd044fcd82fb3fec19f27b78d079fa36d093adb/pinterest/generated_batch_66_raw_visual_plans_from_150/57-62AC.jpg,Проекты домов от 150 м²,,"Проекты домов от 150 м² — готовый проект №57-62AC площадью 286 м². Дом: 2 этажа, габариты 10.7×14.24 м, материал стен — газобетон. На изображении представлены оригинальная визуализация дома и планы этажей. Сохраните проект, сравните планировку комнат и перейдите в каталог, чтобы узнать состав документации и актуальную стоимость.",https://catalog-plans.ru/catalog/57-62AC?utm_source=pinterest&utm_medium=organic&utm_campaign=generated_raw_visual_plans_from_150_batch_66&utm_content=pin_12632_57-62AC_plans&utm_term=proekty-domov-s-planirovkami,,"проекты домов от 150 м², проект дома 57-62AC, дом 286 м², планировка дома, планы этажей, готовый проект дома, газобетон, catalog-plans.ru"
"Проекты домов до 100 м²: проект №15-10, 9,1 м²",https://raw.githubusercontent.com/nemchenik/test/9dd044fcd82fb3fec19f27b78d079fa36d093adb/pinterest/generated_batch_64_raw_visual_plans_to_100/15-10.jpg,Проекты домов до 100 м²,,"Проекты домов до 100 м² — готовый проект №15-10 площадью 9,1 м². Дом: 1 этаж, габариты 2.46×5.15 м, материал стен — дерево. На изображении представлены оригинальная визуализация дома и планы этажей. Сохраните проект, сравните планировку комнат и перейдите в каталог, чтобы узнать состав документации и актуальную стоимость.",https://catalog-plans.ru/catalog/15-10?utm_source=pinterest&utm_medium=organic&utm_campaign=generated_raw_visual_plans_to_100_batch_64&utm_content=pin_12233_15-10_plans&utm_term=proekty-domov-s-planirovkami,,"проекты домов до 100 м², проект дома 15-10, дом 9,1 м², планировка дома, планы этажей, готовый проект дома, дерево, catalog-plans.ru"
"Проекты домов 100–150 м²: проект №68-61, 112,7 м²",https://raw.githubusercontent.com/nemchenik/test/9dd044fcd82fb3fec19f27b78d079fa36d093adb/pinterest/generated_batch_65_raw_visual_plans_100_150/68-61.jpg,Проекты домов 100–150 м²,,"Проекты домов 100–150 м² — готовый проект №68-61 площадью 112,7 м². Дом: 1 этаж, габариты 10.5×12.63 м, материал стен — газобетон. На изображении представлены оригинальная визуализация дома и планы этажей. Сохраните проект, сравните планировку комнат и перейдите в каталог, чтобы узнать состав документации и актуальную стоимость.",https://catalog-plans.ru/catalog/68-61?utm_source=pinterest&utm_medium=organic&utm_campaign=generated_raw_visual_plans_100_150_batch_65&utm_content=pin_12433_68-61_plans&utm_term=proekty-domov-s-planirovkami,,"проекты домов 100–150 м², проект дома 68-61, дом 112,7 м², планировка дома, планы этажей, готовый проект дома, газобетон, catalog-plans.ru"
"Проекты домов от 150 м²: проект №48-33G, 345,86 м²",https://raw.githubusercontent.com/nemchenik/test/9dd044fcd82fb3fec19f27b78d079fa36d093adb/pinterest/generated_batch_66_raw_visual_plans_from_150/48-33G.jpg,Проекты домов от 150 м²,,"Проекты домов от 150 м² — готовый проект №48-33G площадью 345,86 м². Дом: 2 этажа, габариты 12.76×20.2 м, материал стен — газобетон. На изображении представлены оригинальная визуализация дома и планы этажей. Сохраните проект, сравните планировку комнат и перейдите в каталог, чтобы узнать состав документации и актуальную стоимость.",https://catalog-plans.ru/catalog/48-33G?utm_source=pinterest&utm_medium=organic&utm_campaign=generated_raw_visual_plans_from_150_batch_66&utm_content=pin_12633_48-33G_plans&utm_term=proekty-domov-s-planirovkami,,"проекты домов от 150 м², проект дома 48-33G, дом 345,86 м², планировка дома, планы этажей, готовый проект дома, газобетон, catalog-plans.ru"
"Проекты домов до 100 м²: проект №70-61, 48 м²",https://raw.githubusercontent.com/nemchenik/test/9dd044fcd82fb3fec19f27b78d079fa36d093adb/pinterest/generated_batch_64_raw_visual_plans_to_100/70-61.jpg,Проекты домов до 100 м²,,"Проекты домов до 100 м² — готовый проект №70-61 площадью 48 м². Дом: 1 этаж, габариты 8.34×9.74 м, материал стен — деревянный каркас. На изображении представлены оригинальная визуализация дома и планы этажей. Сохраните проект, сравните планировку комнат и перейдите в каталог, чтобы узнать состав документации и актуальную стоимость.",https://catalog-plans.ru/catalog/70-61?utm_source=pinterest&utm_medium=organic&utm_campaign=generated_raw_visual_plans_to_100_batch_64&utm_content=pin_12234_70-61_plans&utm_term=proekty-domov-s-planirovkami,,"проекты домов до 100 м², проект дома 70-61, дом 48 м², планировка дома, планы этажей, готовый проект дома, деревянный каркас, catalog-plans.ru"
"Проекты домов 100–150 м²: проект №60-60, 148,5 м²",https://raw.githubusercontent.com/nemchenik/test/9dd044fcd82fb3fec19f27b78d079fa36d093adb/pinterest/generated_batch_65_raw_visual_plans_100_150/60-60.jpg,Проекты домов 100–150 м²,,"Проекты домов 100–150 м² — готовый проект №60-60 площадью 148,5 м². Дом: 2 этажа, габариты 11.5×15.2 м, материал стен — газобетон. На изображении представлены оригинальная визуализация дома и планы этажей. Сохраните проект, сравните планировку комнат и перейдите в каталог, чтобы узнать состав документации и актуальную стоимость.",https://catalog-plans.ru/catalog/60-60?utm_source=pinterest&utm_medium=organic&utm_campaign=generated_raw_visual_plans_100_150_batch_65&utm_content=pin_12434_60-60_plans&utm_term=proekty-domov-s-planirovkami,,"проекты домов 100–150 м², проект дома 60-60, дом 148,5 м², планировка дома, планы этажей, готовый проект дома, газобетон, catalog-plans.ru"
"Проекты домов от 150 м²: проект №48-64G, 158,31 м²",https://raw.githubusercontent.com/nemchenik/test/9dd044fcd82fb3fec19f27b78d079fa36d093adb/pinterest/generated_batch_66_raw_visual_plans_from_150/48-64G.jpg,Проекты домов от 150 м²,,"Проекты домов от 150 м² — готовый проект №48-64G площадью 158,31 м². Дом: 1 этаж, габариты 10.72×19.92 м, материал стен — газобетон. На изображении представлены оригинальная визуализация дома и планы этажей. Сохраните проект, сравните планировку комнат и перейдите в каталог, чтобы узнать состав документации и актуальную стоимость.",https://catalog-plans.ru/catalog/48-64G?utm_source=pinterest&utm_medium=organic&utm_campaign=generated_raw_visual_plans_from_150_batch_66&utm_content=pin_12634_48-64G_plans&utm_term=proekty-domov-s-planirovkami,,"проекты домов от 150 м², проект дома 48-64G, дом 158,31 м², планировка дома, планы этажей, готовый проект дома, газобетон, catalog-plans.ru"
"Проекты домов до 100 м²: проект №10-44, 92,6 м²",https://raw.githubusercontent.com/nemchenik/test/9dd044fcd82fb3fec19f27b78d079fa36d093adb/pinterest/generated_batch_64_raw_visual_plans_to_100/10-44.jpg,Проекты домов до 100 м²,,"Проекты домов до 100 м² — готовый проект №10-44 площадью 92,6 м². Дом: 2 этажа, габариты 8.9×9.35 м, материал стен — дерево. На изображении представлены оригинальная визуализация дома и планы этажей. Сохраните проект, сравните планировку комнат и перейдите в каталог, чтобы узнать состав документации и актуальную стоимость.",https://catalog-plans.ru/catalog/10-44?utm_source=pinterest&utm_medium=organic&utm_campaign=generated_raw_visual_plans_to_100_batch_64&utm_content=pin_12235_10-44_plans&utm_term=proekty-domov-s-planirovkami,,"проекты домов до 100 м², проект дома 10-44, дом 92,6 м², планировка дома, планы этажей, готовый проект дома, дерево, catalog-plans.ru"
"Проекты домов 100–150 м²: проект №63-61, 122,49 м²",https://raw.githubusercontent.com/nemchenik/test/9dd044fcd82fb3fec19f27b78d079fa36d093adb/pinterest/generated_batch_65_raw_visual_plans_100_150/63-61.jpg,Проекты домов 100–150 м²,,"Проекты домов 100–150 м² — готовый проект №63-61 площадью 122,49 м². Дом: 1 этаж, габариты 12.6×12.77 м, материал стен — газобетон. На изображении представлены оригинальная визуализация дома и планы этажей. Сохраните проект, сравните планировку комнат и перейдите в каталог, чтобы узнать состав документации и актуальную стоимость.",https://catalog-plans.ru/catalog/63-61?utm_source=pinterest&utm_medium=organic&utm_campaign=generated_raw_visual_plans_100_150_batch_65&utm_content=pin_12435_63-61_plans&utm_term=proekty-domov-s-planirovkami,,"проекты домов 100–150 м², проект дома 63-61, дом 122,49 м², планировка дома, планы этажей, готовый проект дома, газобетон, catalog-plans.ru"
"Проекты домов от 150 м²: проект №57-33DAL, 316,42 м²",https://raw.githubusercontent.com/nemchenik/test/9dd044fcd82fb3fec19f27b78d079fa36d093adb/pinterest/generated_batch_66_raw_visual_plans_from_150/57-33DAL.jpg,Проекты домов от 150 м²,,"Проекты домов от 150 м² — готовый проект №57-33DAL площадью 316,42 м². Дом: 3 этажа, габариты 13.93×14.96 м, материал стен — газобетон. На изображении представлены оригинальная визуализация дома и планы этажей. Сохраните проект, сравните планировку комнат и перейдите в каталог, чтобы узнать состав документации и актуальную стоимость.",https://catalog-plans.ru/catalog/57-33DAL?utm_source=pinterest&utm_medium=organic&utm_campaign=generated_raw_visual_plans_from_150_batch_66&utm_content=pin_12635_57-33DAL_plans&utm_term=proekty-domov-s-planirovkami,,"проекты домов от 150 м², проект дома 57-33DAL, дом 316,42 м², планировка дома, планы этажей, готовый проект дома, газобетон, catalog-plans.ru"
"Проекты домов до 100 м²: проект №63-77, 92,62 м²",https://raw.githubusercontent.com/nemchenik/test/9dd044fcd82fb3fec19f27b78d079fa36d093adb/pinterest/generated_batch_64_raw_visual_plans_to_100/63-77.jpg,Проекты домов до 100 м²,,"Проекты домов до 100 м² — готовый проект №63-77 площадью 92,62 м². Дом: 1 этаж, габариты 7×16 м, материал стен — газобетон. На изображении представлены оригинальная визуализация дома и планы этажей. Сохраните проект, сравните планировку комнат и перейдите в каталог, чтобы узнать состав документации и актуальную стоимость.",https://catalog-plans.ru/catalog/63-77?utm_source=pinterest&utm_medium=organic&utm_campaign=generated_raw_visual_plans_to_100_batch_64&utm_content=pin_12236_63-77_plans&utm_term=proekty-domov-s-planirovkami,,"проекты домов до 100 м², проект дома 63-77, дом 92,62 м², планировка дома, планы этажей, готовый проект дома, газобетон, catalog-plans.ru"
"Проекты домов 100–150 м²: проект №57-19L, 137,21 м²",https://raw.githubusercontent.com/nemchenik/test/9dd044fcd82fb3fec19f27b78d079fa36d093adb/pinterest/generated_batch_65_raw_visual_plans_100_150/57-19L.jpg,Проекты домов 100–150 м²,,"Проекты домов 100–150 м² — готовый проект №57-19L площадью 137,21 м². Дом: 2 этажа, габариты 9.13×12.12 м, материал стен — газобетон. На изображении представлены оригинальная визуализация дома и планы этажей. Сохраните проект, сравните планировку комнат и перейдите в каталог, чтобы узнать состав документации и актуальную стоимость.",https://catalog-plans.ru/catalog/57-19L?utm_source=pinterest&utm_medium=organic&utm_campaign=generated_raw_visual_plans_100_150_batch_65&utm_content=pin_12436_57-19L_plans&utm_term=proekty-domov-s-planirovkami,,"проекты домов 100–150 м², проект дома 57-19L, дом 137,21 м², планировка дома, планы этажей, готовый проект дома, газобетон, catalog-plans.ru"
"Проекты домов от 150 м²: проект №35-88, 388,8 м²",https://raw.githubusercontent.com/nemchenik/test/9dd044fcd82fb3fec19f27b78d079fa36d093adb/pinterest/generated_batch_66_raw_visual_plans_from_150/35-88.jpg,Проекты домов от 150 м²,,"Проекты домов от 150 м² — готовый проект №35-88 площадью 388,8 м². Дом: 2 этажа, габариты 17.31×18.34 м, материал стен — кирпич. На изображении представлены оригинальная визуализация дома и планы этажей. Сохраните проект, сравните планировку комнат и перейдите в каталог, чтобы узнать состав документации и актуальную стоимость.",https://catalog-plans.ru/catalog/35-88?utm_source=pinterest&utm_medium=organic&utm_campaign=generated_raw_visual_plans_from_150_batch_66&utm_content=pin_12636_35-88_plans&utm_term=proekty-domov-s-planirovkami,,"проекты домов от 150 м², проект дома 35-88, дом 388,8 м², планировка дома, планы этажей, готовый проект дома, кирпич, catalog-plans.ru"
"Проекты домов до 100 м²: проект №52-42WIKING, 71,87 м²",https://raw.githubusercontent.com/nemchenik/test/9dd044fcd82fb3fec19f27b78d079fa36d093adb/pinterest/generated_batch_64_raw_visual_plans_to_100/52-42WIKING.jpg,Проекты домов до 100 м²,,"Проекты домов до 100 м² — готовый проект №52-42WIKING площадью 71,87 м². Дом: 1 этаж, габариты 8.5×9.5 м, материал стен — деревянный каркас. На изображении представлены оригинальная визуализация дома и планы этажей. Сохраните проект, сравните планировку комнат и перейдите в каталог, чтобы узнать состав документации и актуальную стоимость.",https://catalog-plans.ru/catalog/52-42WIKING?utm_source=pinterest&utm_medium=organic&utm_campaign=generated_raw_visual_plans_to_100_batch_64&utm_content=pin_12237_52-42WIKING_plans&utm_term=proekty-domov-s-planirovkami,,"проекты домов до 100 м², проект дома 52-42WIKING, дом 71,87 м², планировка дома, планы этажей, готовый проект дома, деревянный каркас, catalog-plans.ru"
"Проекты домов 100–150 м²: проект №58-53K1, 143,97 м²",https://raw.githubusercontent.com/nemchenik/test/9dd044fcd82fb3fec19f27b78d079fa36d093adb/pinterest/generated_batch_65_raw_visual_plans_100_150/58-53K1.jpg,Проекты домов 100–150 м²,,"Проекты домов 100–150 м² — готовый проект №58-53K1 площадью 143,97 м². Дом: 3 этажа, габариты 11×11 м, материал стен — кирпич. На изображении представлены оригинальная визуализация дома и планы этажей. Сохраните проект, сравните планировку комнат и перейдите в каталог, чтобы узнать состав документации и актуальную стоимость.",https://catalog-plans.ru/catalog/58-53K1?utm_source=pinterest&utm_medium=organic&utm_campaign=generated_raw_visual_plans_100_150_batch_65&utm_content=pin_12437_58-53K1_plans&utm_term=proekty-domov-s-planirovkami,,"проекты домов 100–150 м², проект дома 58-53K1, дом 143,97 м², планировка дома, планы этажей, готовый проект дома, кирпич, catalog-plans.ru"
"Проекты домов от 150 м²: проект №60-99, 156,91 м²",https://raw.githubusercontent.com/nemchenik/test/9dd044fcd82fb3fec19f27b78d079fa36d093adb/pinterest/generated_batch_66_raw_visual_plans_from_150/60-99.jpg,Проекты домов от 150 м²,,"Проекты домов от 150 м² — готовый проект №60-99 площадью 156,91 м². Дом: 2 этажа, габариты 8.4×10.4 м, материал стен — газобетон. На изображении представлены оригинальная визуализация дома и планы этажей. Сохраните проект, сравните планировку комнат и перейдите в каталог, чтобы узнать состав документации и актуальную стоимость.",https://catalog-plans.ru/catalog/60-99?utm_source=pinterest&utm_medium=organic&utm_campaign=generated_raw_visual_plans_from_150_batch_66&utm_content=pin_12637_60-99_plans&utm_term=proekty-domov-s-planirovkami,,"проекты домов от 150 м², проект дома 60-99, дом 156,91 м², планировка дома, планы этажей, готовый проект дома, газобетон, catalog-plans.ru"
"Проекты домов до 100 м²: проект №91-40A, 68,58 м²",https://raw.githubusercontent.com/nemchenik/test/9dd044fcd82fb3fec19f27b78d079fa36d093adb/pinterest/generated_batch_64_raw_visual_plans_to_100/91-40A.jpg,Проекты домов до 100 м²,,"Проекты домов до 100 м² — готовый проект №91-40A площадью 68,58 м². Дом: 2 этажа, габариты 6.5×7.58 м, материал стен — газобетон. На изображении представлены оригинальная визуализация дома и планы этажей. Сохраните проект, сравните планировку комнат и перейдите в каталог, чтобы узнать состав документации и актуальную стоимость.",https://catalog-plans.ru/catalog/91-40A?utm_source=pinterest&utm_medium=organic&utm_campaign=generated_raw_visual_plans_to_100_batch_64&utm_content=pin_12238_91-40A_plans&utm_term=proekty-domov-s-planirovkami,,"проекты домов до 100 м², проект дома 91-40A, дом 68,58 м², планировка дома, планы этажей, готовый проект дома, газобетон, catalog-plans.ru"
"Проекты домов 100–150 м²: проект №57-91A, 147,59 м²",https://raw.githubusercontent.com/nemchenik/test/9dd044fcd82fb3fec19f27b78d079fa36d093adb/pinterest/generated_batch_65_raw_visual_plans_100_150/57-91A.jpg,Проекты домов 100–150 м²,,"Проекты домов 100–150 м² — готовый проект №57-91A площадью 147,59 м². Дом: 2 этажа, габариты 10×10 м, материал стен — газобетон. На изображении представлены оригинальная визуализация дома и планы этажей. Сохраните проект, сравните планировку комнат и перейдите в каталог, чтобы узнать состав документации и актуальную стоимость.",https://catalog-plans.ru/catalog/57-91A?utm_source=pinterest&utm_medium=organic&utm_campaign=generated_raw_visual_plans_100_150_batch_65&utm_content=pin_12438_57-91A_plans&utm_term=proekty-domov-s-planirovkami,,"проекты домов 100–150 м², проект дома 57-91A, дом 147,59 м², планировка дома, планы этажей, готовый проект дома, газобетон, catalog-plans.ru"
"Проекты домов от 150 м²: проект №45-08MAG, 251,57 м²",https://raw.githubusercontent.com/nemchenik/test/9dd044fcd82fb3fec19f27b78d079fa36d093adb/pinterest/generated_batch_66_raw_visual_plans_from_150/45-08MAG.jpg,Проекты домов от 150 м²,,"Проекты домов от 150 м² — готовый проект №45-08MAG площадью 251,57 м². Дом: 1 этаж, габариты 17.1×24.3 м, материал стен — газобетон. На изображении представлены оригинальная визуализация дома и планы этажей. Сохраните проект, сравните планировку комнат и перейдите в каталог, чтобы узнать состав документации и актуальную стоимость.",https://catalog-plans.ru/catalog/45-08MAG?utm_source=pinterest&utm_medium=organic&utm_campaign=generated_raw_visual_plans_from_150_batch_66&utm_content=pin_12638_45-08MAG_plans&utm_term=proekty-domov-s-planirovkami,,"проекты домов от 150 м², проект дома 45-08MAG, дом 251,57 м², планировка дома, планы этажей, готовый проект дома, газобетон, catalog-plans.ru"
"Проекты домов до 100 м²: проект №59-66, 91,1 м²",https://raw.githubusercontent.com/nemchenik/test/9dd044fcd82fb3fec19f27b78d079fa36d093adb/pinterest/generated_batch_64_raw_visual_plans_to_100/59-66.jpg,Проекты домов до 100 м²,,"Проекты домов до 100 м² — готовый проект №59-66 площадью 91,1 м². Дом: 2 этажа, габариты 7.85×7.95 м, материал стен — газобетон. На изображении представлены оригинальная визуализация дома и планы этажей. Сохраните проект, сравните планировку комнат и перейдите в каталог, чтобы узнать состав документации и актуальную стоимость.",https://catalog-plans.ru/catalog/59-66?utm_source=pinterest&utm_medium=organic&utm_campaign=generated_raw_visual_plans_to_100_batch_64&utm_content=pin_12239_59-66_plans&utm_term=proekty-domov-s-planirovkami,,"проекты домов до 100 м², проект дома 59-66, дом 91,1 м², планировка дома, планы этажей, готовый проект дома, газобетон, catalog-plans.ru"
"Проекты домов 100–150 м²: проект №58-79AFK1L, 148,25 м²",https://raw.githubusercontent.com/nemchenik/test/9dd044fcd82fb3fec19f27b78d079fa36d093adb/pinterest/generated_batch_65_raw_visual_plans_100_150/58-79AFK1L.jpg,Проекты домов 100–150 м²,,"Проекты домов 100–150 м² — готовый проект №58-79AFK1L площадью 148,25 м². Дом: 2 этажа, габариты 9.35×11.6 м, материал стен — кирпич. На изображении представлены оригинальная визуализация дома и планы этажей. Сохраните проект, сравните планировку комнат и перейдите в каталог, чтобы узнать состав документации и актуальную стоимость.",https://catalog-plans.ru/catalog/58-79AFK1L?utm_source=pinterest&utm_medium=organic&utm_campaign=generated_raw_visual_plans_100_150_batch_65&utm_content=pin_12439_58-79AFK1L_plans&utm_term=proekty-domov-s-planirovkami,,"проекты домов 100–150 м², проект дома 58-79AFK1L, дом 148,25 м², планировка дома, планы этажей, готовый проект дома, кирпич, catalog-plans.ru"
"Проекты домов от 150 м²: проект №45-09BGL, 181,46 м²",https://raw.githubusercontent.com/nemchenik/test/9dd044fcd82fb3fec19f27b78d079fa36d093adb/pinterest/generated_batch_66_raw_visual_plans_from_150/45-09BGL.jpg,Проекты домов от 150 м²,,"Проекты домов от 150 м² — готовый проект №45-09BGL площадью 181,46 м². Дом: 2 этажа, габариты 11.77×14.47 м, материал стен — газобетон. На изображении представлены оригинальная визуализация дома и планы этажей. Сохраните проект, сравните планировку комнат и перейдите в каталог, чтобы узнать состав документации и актуальную стоимость.",https://catalog-plans.ru/catalog/45-09BGL?utm_source=pinterest&utm_medium=organic&utm_campaign=generated_raw_visual_plans_from_150_batch_66&utm_content=pin_12639_45-09BGL_plans&utm_term=proekty-domov-s-planirovkami,,"проекты домов от 150 м², проект дома 45-09BGL, дом 181,46 м², планировка дома, планы этажей, готовый проект дома, газобетон, catalog-plans.ru"
"Проекты домов до 100 м²: проект №62-83AL, 91,7 м²",https://raw.githubusercontent.com/nemchenik/test/9dd044fcd82fb3fec19f27b78d079fa36d093adb/pinterest/generated_batch_64_raw_visual_plans_to_100/62-83AL.jpg,Проекты домов до 100 м²,,"Проекты домов до 100 м² — готовый проект №62-83AL площадью 91,7 м². Дом: 1 этаж, габариты 6.61×17.26 м, материал стен — газобетон. На изображении представлены оригинальная визуализация дома и планы этажей. Сохраните проект, сравните планировку комнат и перейдите в каталог, чтобы узнать состав документации и актуальную стоимость.",https://catalog-plans.ru/catalog/62-83AL?utm_source=pinterest&utm_medium=organic&utm_campaign=generated_raw_visual_plans_to_100_batch_64&utm_content=pin_12240_62-83AL_plans&utm_term=proekty-domov-s-planirovkami,,"проекты домов до 100 м², проект дома 62-83AL, дом 91,7 м², планировка дома, планы этажей, готовый проект дома, газобетон, catalog-plans.ru"
"Проекты домов 100–150 м²: проект №63-05AFL, 113 м²",https://raw.githubusercontent.com/nemchenik/test/9dd044fcd82fb3fec19f27b78d079fa36d093adb/pinterest/generated_batch_65_raw_visual_plans_100_150/63-05AFL.jpg,Проекты домов 100–150 м²,,"Проекты домов 100–150 м² — готовый проект №63-05AFL площадью 113 м². Дом: 2 этажа, габариты 8.46×10.24 м, материал стен — газобетон. На изображении представлены оригинальная визуализация дома и планы этажей. Сохраните проект, сравните планировку комнат и перейдите в каталог, чтобы узнать состав документации и актуальную стоимость.",https://catalog-plans.ru/catalog/63-05AFL?utm_source=pinterest&utm_medium=organic&utm_campaign=generated_raw_visual_plans_100_150_batch_65&utm_content=pin_12440_63-05AFL_plans&utm_term=proekty-domov-s-planirovkami,,"проекты домов 100–150 м², проект дома 63-05AFL, дом 113 м², планировка дома, планы этажей, готовый проект дома, газобетон, catalog-plans.ru"
"Проекты домов от 150 м²: проект №57-63FPL, 182,76 м²",https://raw.githubusercontent.com/nemchenik/test/9dd044fcd82fb3fec19f27b78d079fa36d093adb/pinterest/generated_batch_66_raw_visual_plans_from_150/57-63FPL.jpg,Проекты домов от 150 м²,,"Проекты домов от 150 м² — готовый проект №57-63FPL площадью 182,76 м². Дом: 2 этажа, габариты 9.9×18.3 м, материал стен — газобетон. На изображении представлены оригинальная визуализация дома и планы этажей. Сохраните проект, сравните планировку комнат и перейдите в каталог, чтобы узнать состав документации и актуальную стоимость.",https://catalog-plans.ru/catalog/57-63FPL?utm_source=pinterest&utm_medium=organic&utm_campaign=generated_raw_visual_plans_from_150_batch_66&utm_content=pin_12640_57-63FPL_plans&utm_term=proekty-domov-s-planirovkami,,"проекты домов от 150 м², проект дома 57-63FPL, дом 182,76 м², планировка дома, планы этажей, готовый проект дома, газобетон, catalog-plans.ru"
"Проекты домов до 100 м²: проект №47-81, 057 м²",https://raw.githubusercontent.com/nemchenik/test/9dd044fcd82fb3fec19f27b78d079fa36d093adb/pinterest/generated_batch_64_raw_visual_plans_to_100/47-81.jpg,Проекты домов до 100 м²,,"Проекты домов до 100 м² — готовый проект №47-81 площадью 057 м². Дом: 3 этажа, габариты 18×34.5 м, материал стен — кирпича 1. На изображении представлены оригинальная визуализация дома и планы этажей. Сохраните проект, сравните планировку комнат и перейдите в каталог, чтобы узнать состав документации и актуальную стоимость.",https://catalog-plans.ru/catalog/47-81?utm_source=pinterest&utm_medium=organic&utm_campaign=generated_raw_visual_plans_to_100_batch_64&utm_content=pin_12241_47-81_plans&utm_term=proekty-domov-s-planirovkami,,"проекты домов до 100 м², проект дома 47-81, дом 057 м², планировка дома, планы этажей, готовый проект дома, кирпича 1, catalog-plans.ru"
"Проекты домов 100–150 м²: проект №47-51G, 125,8 м²",https://raw.githubusercontent.com/nemchenik/test/9dd044fcd82fb3fec19f27b78d079fa36d093adb/pinterest/generated_batch_65_raw_visual_plans_100_150/47-51G.jpg,Проекты домов 100–150 м²,,"Проекты домов 100–150 м² — готовый проект №47-51G площадью 125,8 м². Дом: 2 этажа, габариты 11.6×13.6 м, материал стен — газобетон. На изображении представлены оригинальная визуализация дома и планы этажей. Сохраните проект, сравните планировку комнат и перейдите в каталог, чтобы узнать состав документации и актуальную стоимость.",https://catalog-plans.ru/catalog/47-51G?utm_source=pinterest&utm_medium=organic&utm_campaign=generated_raw_visual_plans_100_150_batch_65&utm_content=pin_12441_47-51G_plans&utm_term=proekty-domov-s-planirovkami,,"проекты домов 100–150 м², проект дома 47-51G, дом 125,8 м², планировка дома, планы этажей, готовый проект дома, газобетон, catalog-plans.ru"
"Проекты домов от 150 м²: проект №45-64NHAEKL, 202,61 м²",https://raw.githubusercontent.com/nemchenik/test/9dd044fcd82fb3fec19f27b78d079fa36d093adb/pinterest/generated_batch_66_raw_visual_plans_from_150/45-64NHAEKL.jpg,Проекты домов от 150 м²,,"Проекты домов от 150 м² — готовый проект №45-64NHAEKL площадью 202,61 м². Дом: 2 этажа, габариты 12.25×12.62 м, материал стен — кирпич. На изображении представлены оригинальная визуализация дома и планы этажей. Сохраните проект, сравните планировку комнат и перейдите в каталог, чтобы узнать состав документации и актуальную стоимость.",https://catalog-plans.ru/catalog/45-64NHAEKL?utm_source=pinterest&utm_medium=organic&utm_campaign=generated_raw_visual_plans_from_150_batch_66&utm_content=pin_12641_45-64NHAEKL_plans&utm_term=proekty-domov-s-planirovkami,,"проекты домов от 150 м², проект дома 45-64NHAEKL, дом 202,61 м², планировка дома, планы этажей, готовый проект дома, кирпич, catalog-plans.ru"
"Проекты домов до 100 м²: проект №90-33, 79,1 м²",https://raw.githubusercontent.com/nemchenik/test/9dd044fcd82fb3fec19f27b78d079fa36d093adb/pinterest/generated_batch_64_raw_visual_plans_to_100/90-33.jpg,Проекты домов до 100 м²,,"Проекты домов до 100 м² — готовый проект №90-33 площадью 79,1 м². Дом: 1 этаж, габариты 8.6×11.3 м, материал стен — газобетон. На изображении представлены оригинальная визуализация дома и планы этажей. Сохраните проект, сравните планировку комнат и перейдите в каталог, чтобы узнать состав документации и актуальную стоимость.",https://catalog-plans.ru/catalog/90-33?utm_source=pinterest&utm_medium=organic&utm_campaign=generated_raw_visual_plans_to_100_batch_64&utm_content=pin_12242_90-33_plans&utm_term=proekty-domov-s-planirovkami,,"проекты домов до 100 м², проект дома 90-33, дом 79,1 м², планировка дома, планы этажей, готовый проект дома, газобетон, catalog-plans.ru"
"Проекты домов 100–150 м²: проект №61-12A, 108,9 м²",https://raw.githubusercontent.com/nemchenik/test/9dd044fcd82fb3fec19f27b78d079fa36d093adb/pinterest/generated_batch_65_raw_visual_plans_100_150/61-12A.jpg,Проекты домов 100–150 м²,,"Проекты домов 100–150 м² — готовый проект №61-12A площадью 108,9 м². Дом: 2 этажа, габариты 9.7×10.25 м, материал стен — газобетон. На изображении представлены оригинальная визуализация дома и планы этажей. Сохраните проект, сравните планировку комнат и перейдите в каталог, чтобы узнать состав документации и актуальную стоимость.",https://catalog-plans.ru/catalog/61-12A?utm_source=pinterest&utm_medium=organic&utm_campaign=generated_raw_visual_plans_100_150_batch_65&utm_content=pin_12442_61-12A_plans&utm_term=proekty-domov-s-planirovkami,,"проекты домов 100–150 м², проект дома 61-12A, дом 108,9 м², планировка дома, планы этажей, готовый проект дома, газобетон, catalog-plans.ru"
"Проекты домов от 150 м²: проект №35-22, 279,7 м²",https://raw.githubusercontent.com/nemchenik/test/9dd044fcd82fb3fec19f27b78d079fa36d093adb/pinterest/generated_batch_66_raw_visual_plans_from_150/35-22.jpg,Проекты домов от 150 м²,,"Проекты домов от 150 м² — готовый проект №35-22 площадью 279,7 м². Дом: 2 этажа, габариты 15.52×20.28 м, материал стен — кирпич. На изображении представлены оригинальная визуализация дома и планы этажей. Сохраните проект, сравните планировку комнат и перейдите в каталог, чтобы узнать состав документации и актуальную стоимость.",https://catalog-plans.ru/catalog/35-22?utm_source=pinterest&utm_medium=organic&utm_campaign=generated_raw_visual_plans_from_150_batch_66&utm_content=pin_12642_35-22_plans&utm_term=proekty-domov-s-planirovkami,,"проекты домов от 150 м², проект дома 35-22, дом 279,7 м², планировка дома, планы этажей, готовый проект дома, кирпич, catalog-plans.ru"
"Проекты домов до 100 м²: проект №71-27, 56,12 м²",https://raw.githubusercontent.com/nemchenik/test/9dd044fcd82fb3fec19f27b78d079fa36d093adb/pinterest/generated_batch_64_raw_visual_plans_to_100/71-27.jpg,Проекты домов до 100 м²,,"Проекты домов до 100 м² — готовый проект №71-27 площадью 56,12 м². Дом: 1 этаж, габариты 7.53×9.53 м, материал стен — деревянный каркас. На изображении представлены оригинальная визуализация дома и планы этажей. Сохраните проект, сравните планировку комнат и перейдите в каталог, чтобы узнать состав документации и актуальную стоимость.",https://catalog-plans.ru/catalog/71-27?utm_source=pinterest&utm_medium=organic&utm_campaign=generated_raw_visual_plans_to_100_batch_64&utm_content=pin_12243_71-27_plans&utm_term=proekty-domov-s-planirovkami,,"проекты домов до 100 м², проект дома 71-27, дом 56,12 м², планировка дома, планы этажей, готовый проект дома, деревянный каркас, catalog-plans.ru"
"Проекты домов 100–150 м²: проект №90-94BDA, 106,93 м²",https://raw.githubusercontent.com/nemchenik/test/9dd044fcd82fb3fec19f27b78d079fa36d093adb/pinterest/generated_batch_65_raw_visual_plans_100_150/90-94BDA.jpg,Проекты домов 100–150 м²,,"Проекты домов 100–150 м² — готовый проект №90-94BDA площадью 106,93 м². Дом: 2 этажа, габариты 8.175×11.775 м, материал стен — газобетон. На изображении представлены оригинальная визуализация дома и планы этажей. Сохраните проект, сравните планировку комнат и перейдите в каталог, чтобы узнать состав документации и актуальную стоимость.",https://catalog-plans.ru/catalog/90-94BDA?utm_source=pinterest&utm_medium=organic&utm_campaign=generated_raw_visual_plans_100_150_batch_65&utm_content=pin_12443_90-94BDA_plans&utm_term=proekty-domov-s-planirovkami,,"проекты домов 100–150 м², проект дома 90-94BDA, дом 106,93 м², планировка дома, планы этажей, готовый проект дома, газобетон, catalog-plans.ru"
"Проекты домов от 150 м²: проект №50-02, 187,9 м²",https://raw.githubusercontent.com/nemchenik/test/9dd044fcd82fb3fec19f27b78d079fa36d093adb/pinterest/generated_batch_66_raw_visual_plans_from_150/50-02.jpg,Проекты домов от 150 м²,,"Проекты домов от 150 м² — готовый проект №50-02 площадью 187,9 м². Дом: 2 этажа, габариты 11.9×14.37 м, материал стен — газобетон. На изображении представлены оригинальная визуализация дома и планы этажей. Сохраните проект, сравните планировку комнат и перейдите в каталог, чтобы узнать состав документации и актуальную стоимость.",https://catalog-plans.ru/catalog/50-02?utm_source=pinterest&utm_medium=organic&utm_campaign=generated_raw_visual_plans_from_150_batch_66&utm_content=pin_12643_50-02_plans&utm_term=proekty-domov-s-planirovkami,,"проекты домов от 150 м², проект дома 50-02, дом 187,9 м², планировка дома, планы этажей, готовый проект дома, газобетон, catalog-plans.ru"
"Проекты домов до 100 м²: проект №70-98X, 60 м²",https://raw.githubusercontent.com/nemchenik/test/9dd044fcd82fb3fec19f27b78d079fa36d093adb/pinterest/generated_batch_64_raw_visual_plans_to_100/70-98X.jpg,Проекты домов до 100 м²,,"Проекты домов до 100 м² — готовый проект №70-98X площадью 60 м². Дом: 1 этаж, габариты 7.62×12 м, материал стен — дерево. На изображении представлены оригинальная визуализация дома и планы этажей. Сохраните проект, сравните планировку комнат и перейдите в каталог, чтобы узнать состав документации и актуальную стоимость.",https://catalog-plans.ru/catalog/70-98X?utm_source=pinterest&utm_medium=organic&utm_campaign=generated_raw_visual_plans_to_100_batch_64&utm_content=pin_12244_70-98X_plans&utm_term=proekty-domov-s-planirovkami,,"проекты домов до 100 м², проект дома 70-98X, дом 60 м², планировка дома, планы этажей, готовый проект дома, дерево, catalog-plans.ru"
"Проекты домов 100–150 м²: проект №63-05ABL, 137,81 м²",https://raw.githubusercontent.com/nemchenik/test/9dd044fcd82fb3fec19f27b78d079fa36d093adb/pinterest/generated_batch_65_raw_visual_plans_100_150/63-05ABL.jpg,Проекты домов 100–150 м²,,"Проекты домов 100–150 м² — готовый проект №63-05ABL площадью 137,81 м². Дом: 2 этажа, габариты 8.56×10.34 м, материал стен — газобетон. На изображении представлены оригинальная визуализация дома и планы этажей. Сохраните проект, сравните планировку комнат и перейдите в каталог, чтобы узнать состав документации и актуальную стоимость.",https://catalog-plans.ru/catalog/63-05ABL?utm_source=pinterest&utm_medium=organic&utm_campaign=generated_raw_visual_plans_100_150_batch_65&utm_content=pin_12444_63-05ABL_plans&utm_term=proekty-domov-s-planirovkami,,"проекты домов 100–150 м², проект дома 63-05ABL, дом 137,81 м², планировка дома, планы этажей, готовый проект дома, газобетон, catalog-plans.ru"
"Проекты домов от 150 м²: проект №48-22, 165,74 м²",https://raw.githubusercontent.com/nemchenik/test/9dd044fcd82fb3fec19f27b78d079fa36d093adb/pinterest/generated_batch_66_raw_visual_plans_from_150/48-22.jpg,Проекты домов от 150 м²,,"Проекты домов от 150 м² — готовый проект №48-22 площадью 165,74 м². Дом: 2 этажа, габариты 10.8×14.5 м, материал стен — кирпич. На изображении представлены оригинальная визуализация дома и планы этажей. Сохраните проект, сравните планировку комнат и перейдите в каталог, чтобы узнать состав документации и актуальную стоимость.",https://catalog-plans.ru/catalog/48-22?utm_source=pinterest&utm_medium=organic&utm_campaign=generated_raw_visual_plans_from_150_batch_66&utm_content=pin_12644_48-22_plans&utm_term=proekty-domov-s-planirovkami,,"проекты домов от 150 м², проект дома 48-22, дом 165,74 м², планировка дома, планы этажей, готовый проект дома, кирпич, catalog-plans.ru"
"Проекты домов до 100 м²: проект №58-57B, 83,66 м²",https://raw.githubusercontent.com/nemchenik/test/9dd044fcd82fb3fec19f27b78d079fa36d093adb/pinterest/generated_batch_64_raw_visual_plans_to_100/58-57B.jpg,Проекты домов до 100 м²,,"Проекты домов до 100 м² — готовый проект №58-57B площадью 83,66 м². Дом: 2 этажа, габариты 8×9.9 м, материал стен — газобетон. На изображении представлены оригинальная визуализация дома и планы этажей. Сохраните проект, сравните планировку комнат и перейдите в каталог, чтобы узнать состав документации и актуальную стоимость.",https://catalog-plans.ru/catalog/58-57B?utm_source=pinterest&utm_medium=organic&utm_campaign=generated_raw_visual_plans_to_100_batch_64&utm_content=pin_12245_58-57B_plans&utm_term=proekty-domov-s-planirovkami,,"проекты домов до 100 м², проект дома 58-57B, дом 83,66 м², планировка дома, планы этажей, готовый проект дома, газобетон, catalog-plans.ru"
"Проекты домов 100–150 м²: проект №57-07K, 115,97 м²",https://raw.githubusercontent.com/nemchenik/test/9dd044fcd82fb3fec19f27b78d079fa36d093adb/pinterest/generated_batch_65_raw_visual_plans_100_150/57-07K.jpg,Проекты домов 100–150 м²,,"Проекты домов 100–150 м² — готовый проект №57-07K площадью 115,97 м². Дом: 2 этажа, габариты 8.67×11.02 м, материал стен — кирпич. На изображении представлены оригинальная визуализация дома и планы этажей. Сохраните проект, сравните планировку комнат и перейдите в каталог, чтобы узнать состав документации и актуальную стоимость.",https://catalog-plans.ru/catalog/57-07K?utm_source=pinterest&utm_medium=organic&utm_campaign=generated_raw_visual_plans_100_150_batch_65&utm_content=pin_12445_57-07K_plans&utm_term=proekty-domov-s-planirovkami,,"проекты домов 100–150 м², проект дома 57-07K, дом 115,97 м², планировка дома, планы этажей, готовый проект дома, кирпич, catalog-plans.ru"
"Проекты домов от 150 м²: проект №62-72MK, 245,1 м²",https://raw.githubusercontent.com/nemchenik/test/9dd044fcd82fb3fec19f27b78d079fa36d093adb/pinterest/generated_batch_66_raw_visual_plans_from_150/62-72MK.jpg,Проекты домов от 150 м²,,"Проекты домов от 150 м² — готовый проект №62-72MK площадью 245,1 м². Дом: 2 этажа, габариты 17.8×14 м, материал стен — монолитный каркас. На изображении представлены оригинальная визуализация дома и планы этажей. Сохраните проект, сравните планировку комнат и перейдите в каталог, чтобы узнать состав документации и актуальную стоимость.",https://catalog-plans.ru/catalog/62-72MK?utm_source=pinterest&utm_medium=organic&utm_campaign=generated_raw_visual_plans_from_150_batch_66&utm_content=pin_12645_62-72MK_plans&utm_term=proekty-domov-s-planirovkami,,"проекты домов от 150 м², проект дома 62-72MK, дом 245,1 м², планировка дома, планы этажей, готовый проект дома, монолитный каркас, catalog-plans.ru"
"Проекты домов до 100 м²: проект №46-98KB, 98,53 м²",https://raw.githubusercontent.com/nemchenik/test/9dd044fcd82fb3fec19f27b78d079fa36d093adb/pinterest/generated_batch_64_raw_visual_plans_to_100/46-98KB.jpg,Проекты домов до 100 м²,,"Проекты домов до 100 м² — готовый проект №46-98KB площадью 98,53 м². Дом: 1 этаж, габариты 9.2×13.2 м, материал стен — монолитный каркас. На изображении представлены оригинальная визуализация дома и планы этажей. Сохраните проект, сравните планировку комнат и перейдите в каталог, чтобы узнать состав документации и актуальную стоимость.",https://catalog-plans.ru/catalog/46-98KB?utm_source=pinterest&utm_medium=organic&utm_campaign=generated_raw_visual_plans_to_100_batch_64&utm_content=pin_12246_46-98KB_plans&utm_term=proekty-domov-s-planirovkami,,"проекты домов до 100 м², проект дома 46-98KB, дом 98,53 м², планировка дома, планы этажей, готовый проект дома, монолитный каркас, catalog-plans.ru"
"Проекты домов 100–150 м²: проект №58-09NL, 138,88 м²",https://raw.githubusercontent.com/nemchenik/test/9dd044fcd82fb3fec19f27b78d079fa36d093adb/pinterest/generated_batch_65_raw_visual_plans_100_150/58-09NL.jpg,Проекты домов 100–150 м²,,"Проекты домов 100–150 м² — готовый проект №58-09NL площадью 138,88 м². Дом: 2 этажа, габариты 12×15.82 м, материал стен — газобетон. На изображении представлены оригинальная визуализация дома и планы этажей. Сохраните проект, сравните планировку комнат и перейдите в каталог, чтобы узнать состав документации и актуальную стоимость.",https://catalog-plans.ru/catalog/58-09NL?utm_source=pinterest&utm_medium=organic&utm_campaign=generated_raw_visual_plans_100_150_batch_65&utm_content=pin_12446_58-09NL_plans&utm_term=proekty-domov-s-planirovkami,,"проекты домов 100–150 м², проект дома 58-09NL, дом 138,88 м², планировка дома, планы этажей, готовый проект дома, газобетон, catalog-plans.ru"
"Проекты домов от 150 м²: проект №64-24BBAK, 264,07 м²",https://raw.githubusercontent.com/nemchenik/test/9dd044fcd82fb3fec19f27b78d079fa36d093adb/pinterest/generated_batch_66_raw_visual_plans_from_150/64-24BBAK.jpg,Проекты домов от 150 м²,,"Проекты домов от 150 м² — готовый проект №64-24BBAK площадью 264,07 м². Дом: 3 этажа, габариты 15.02×16.67 м, материал стен — кирпич. На изображении представлены оригинальная визуализация дома и планы этажей. Сохраните проект, сравните планировку комнат и перейдите в каталог, чтобы узнать состав документации и актуальную стоимость.",https://catalog-plans.ru/catalog/64-24BBAK?utm_source=pinterest&utm_medium=organic&utm_campaign=generated_raw_visual_plans_from_150_batch_66&utm_content=pin_12646_64-24BBAK_plans&utm_term=proekty-domov-s-planirovkami,,"проекты домов от 150 м², проект дома 64-24BBAK, дом 264,07 м², планировка дома, планы этажей, готовый проект дома, кирпич, catalog-plans.ru"
"Проекты домов до 100 м²: проект №70-85A, 86,48 м²",https://raw.githubusercontent.com/nemchenik/test/9dd044fcd82fb3fec19f27b78d079fa36d093adb/pinterest/generated_batch_64_raw_visual_plans_to_100/70-85A.jpg,Проекты домов до 100 м²,,"Проекты домов до 100 м² — готовый проект №70-85A площадью 86,48 м². Дом: 1 этаж, габариты 13.99×17.19 м, материал стен — деревянный каркас. На изображении представлены оригинальная визуализация дома и планы этажей. Сохраните проект, сравните планировку комнат и перейдите в каталог, чтобы узнать состав документации и актуальную стоимость.",https://catalog-plans.ru/catalog/70-85A?utm_source=pinterest&utm_medium=organic&utm_campaign=generated_raw_visual_plans_to_100_batch_64&utm_content=pin_12247_70-85A_plans&utm_term=proekty-domov-s-planirovkami,,"проекты домов до 100 м², проект дома 70-85A, дом 86,48 м², планировка дома, планы этажей, готовый проект дома, деревянный каркас, catalog-plans.ru"
"Проекты домов 100–150 м²: проект №57-13B, 139,66 м²",https://raw.githubusercontent.com/nemchenik/test/9dd044fcd82fb3fec19f27b78d079fa36d093adb/pinterest/generated_batch_65_raw_visual_plans_100_150/57-13B.jpg,Проекты домов 100–150 м²,,"Проекты домов 100–150 м² — готовый проект №57-13B площадью 139,66 м². Дом: 2 этажа, габариты 8.4×11.8 м, материал стен — газобетон. На изображении представлены оригинальная визуализация дома и планы этажей. Сохраните проект, сравните планировку комнат и перейдите в каталог, чтобы узнать состав документации и актуальную стоимость.",https://catalog-plans.ru/catalog/57-13B?utm_source=pinterest&utm_medium=organic&utm_campaign=generated_raw_visual_plans_100_150_batch_65&utm_content=pin_12447_57-13B_plans&utm_term=proekty-domov-s-planirovkami,,"проекты домов 100–150 м², проект дома 57-13B, дом 139,66 м², планировка дома, планы этажей, готовый проект дома, газобетон, catalog-plans.ru"
"Проекты домов от 150 м²: проект №65-36, 157,63 м²",https://raw.githubusercontent.com/nemchenik/test/9dd044fcd82fb3fec19f27b78d079fa36d093adb/pinterest/generated_batch_66_raw_visual_plans_from_150/65-36.jpg,Проекты домов от 150 м²,,"Проекты домов от 150 м² — готовый проект №65-36 площадью 157,63 м². Дом: 1 этаж, габариты 13×17.8 м, материал стен — газобетон. На изображении представлены оригинальная визуализация дома и планы этажей. Сохраните проект, сравните планировку комнат и перейдите в каталог, чтобы узнать состав документации и актуальную стоимость.",https://catalog-plans.ru/catalog/65-36?utm_source=pinterest&utm_medium=organic&utm_campaign=generated_raw_visual_plans_from_150_batch_66&utm_content=pin_12647_65-36_plans&utm_term=proekty-domov-s-planirovkami,,"проекты домов от 150 м², проект дома 65-36, дом 157,63 м², планировка дома, планы этажей, готовый проект дома, газобетон, catalog-plans.ru"
"Проекты домов до 100 м²: проект №69-31M, 99,32 м²",https://raw.githubusercontent.com/nemchenik/test/9dd044fcd82fb3fec19f27b78d079fa36d093adb/pinterest/generated_batch_64_raw_visual_plans_to_100/69-31M.jpg,Проекты домов до 100 м²,,"Проекты домов до 100 м² — готовый проект №69-31M площадью 99,32 м². Дом: 1 этаж, габариты 8.8×14.3 м, материал стен — монолитный каркас. На изображении представлены оригинальная визуализация дома и планы этажей. Сохраните проект, сравните планировку комнат и перейдите в каталог, чтобы узнать состав документации и актуальную стоимость.",https://catalog-plans.ru/catalog/69-31M?utm_source=pinterest&utm_medium=organic&utm_campaign=generated_raw_visual_plans_to_100_batch_64&utm_content=pin_12248_69-31M_plans&utm_term=proekty-domov-s-planirovkami,,"проекты домов до 100 м², проект дома 69-31M, дом 99,32 м², планировка дома, планы этажей, готовый проект дома, монолитный каркас, catalog-plans.ru"
"Проекты домов 100–150 м²: проект №58-94A, 140,72 м²",https://raw.githubusercontent.com/nemchenik/test/9dd044fcd82fb3fec19f27b78d079fa36d093adb/pinterest/generated_batch_65_raw_visual_plans_100_150/58-94A.jpg,Проекты домов 100–150 м²,,"Проекты домов 100–150 м² — готовый проект №58-94A площадью 140,72 м². Дом: 2 этажа, габариты 9.7×10 м, материал стен — газобетон. На изображении представлены оригинальная визуализация дома и планы этажей. Сохраните проект, сравните планировку комнат и перейдите в каталог, чтобы узнать состав документации и актуальную стоимость.",https://catalog-plans.ru/catalog/58-94A?utm_source=pinterest&utm_medium=organic&utm_campaign=generated_raw_visual_plans_100_150_batch_65&utm_content=pin_12448_58-94A_plans&utm_term=proekty-domov-s-planirovkami,,"проекты домов 100–150 м², проект дома 58-94A, дом 140,72 м², планировка дома, планы этажей, готовый проект дома, газобетон, catalog-plans.ru"
"Проекты домов от 150 м²: проект №80-05, 202,3 м²",https://raw.githubusercontent.com/nemchenik/test/9dd044fcd82fb3fec19f27b78d079fa36d093adb/pinterest/generated_batch_66_raw_visual_plans_from_150/80-05.jpg,Проекты домов от 150 м²,,"Проекты домов от 150 м² — готовый проект №80-05 площадью 202,3 м². Дом: 2 этажа, габариты 11.9×12.74 м, материал стен — газобетон. На изображении представлены оригинальная визуализация дома и планы этажей. Сохраните проект, сравните планировку комнат и перейдите в каталог, чтобы узнать состав документации и актуальную стоимость.",https://catalog-plans.ru/catalog/80-05?utm_source=pinterest&utm_medium=organic&utm_campaign=generated_raw_visual_plans_from_150_batch_66&utm_content=pin_12648_80-05_plans&utm_term=proekty-domov-s-planirovkami,,"проекты домов от 150 м², проект дома 80-05, дом 202,3 м², планировка дома, планы этажей, готовый проект дома, газобетон, catalog-plans.ru"
"Проекты домов до 100 м²: проект №64-66, 51,56 м²",https://raw.githubusercontent.com/nemchenik/test/9dd044fcd82fb3fec19f27b78d079fa36d093adb/pinterest/generated_batch_64_raw_visual_plans_to_100/64-66.jpg,Проекты домов до 100 м²,,"Проекты домов до 100 м² — готовый проект №64-66 площадью 51,56 м². Дом: 1 этаж, габариты 14.2×5.8 м, материал стен — газобетон. На изображении представлены оригинальная визуализация дома и планы этажей. Сохраните проект, сравните планировку комнат и перейдите в каталог, чтобы узнать состав документации и актуальную стоимость.",https://catalog-plans.ru/catalog/64-66?utm_source=pinterest&utm_medium=organic&utm_campaign=generated_raw_visual_plans_to_100_batch_64&utm_content=pin_12249_64-66_plans&utm_term=proekty-domov-s-planirovkami,,"проекты домов до 100 м², проект дома 64-66, дом 51,56 м², планировка дома, планы этажей, готовый проект дома, газобетон, catalog-plans.ru"
"Проекты домов 100–150 м²: проект №40-04RGL, 137,48 м²",https://raw.githubusercontent.com/nemchenik/test/9dd044fcd82fb3fec19f27b78d079fa36d093adb/pinterest/generated_batch_65_raw_visual_plans_100_150/40-04RGL.jpg,Проекты домов 100–150 м²,,"Проекты домов 100–150 м² — готовый проект №40-04RGL площадью 137,48 м². Дом: 2 этажа, габариты 10×10 м, материал стен — газобетон. На изображении представлены оригинальная визуализация дома и планы этажей. Сохраните проект, сравните планировку комнат и перейдите в каталог, чтобы узнать состав документации и актуальную стоимость.",https://catalog-plans.ru/catalog/40-04RGL?utm_source=pinterest&utm_medium=organic&utm_campaign=generated_raw_visual_plans_100_150_batch_65&utm_content=pin_12449_40-04RGL_plans&utm_term=proekty-domov-s-planirovkami,,"проекты домов 100–150 м², проект дома 40-04RGL, дом 137,48 м², планировка дома, планы этажей, готовый проект дома, газобетон, catalog-plans.ru"
"Проекты домов от 150 м²: проект №63-40FA, 290,85 м²",https://raw.githubusercontent.com/nemchenik/test/9dd044fcd82fb3fec19f27b78d079fa36d093adb/pinterest/generated_batch_66_raw_visual_plans_from_150/63-40FA.jpg,Проекты домов от 150 м²,,"Проекты домов от 150 м² — готовый проект №63-40FA площадью 290,85 м². Дом: 2 этажа, габариты 15.31×16.69 м, материал стен — газобетон. На изображении представлены оригинальная визуализация дома и планы этажей. Сохраните проект, сравните планировку комнат и перейдите в каталог, чтобы узнать состав документации и актуальную стоимость.",https://catalog-plans.ru/catalog/63-40FA?utm_source=pinterest&utm_medium=organic&utm_campaign=generated_raw_visual_plans_from_150_batch_66&utm_content=pin_12649_63-40FA_plans&utm_term=proekty-domov-s-planirovkami,,"проекты домов от 150 м², проект дома 63-40FA, дом 290,85 м², планировка дома, планы этажей, готовый проект дома, газобетон, catalog-plans.ru"
"Проекты домов до 100 м²: проект №10-76, 69,7 м²",https://raw.githubusercontent.com/nemchenik/test/9dd044fcd82fb3fec19f27b78d079fa36d093adb/pinterest/generated_batch_64_raw_visual_plans_to_100/10-76.jpg,Проекты домов до 100 м²,,"Проекты домов до 100 м² — готовый проект №10-76 площадью 69,7 м². Дом: 2 этажа, габариты 7.5×8.4 м, материал стен — дерево. На изображении представлены оригинальная визуализация дома и планы этажей. Сохраните проект, сравните планировку комнат и перейдите в каталог, чтобы узнать состав документации и актуальную стоимость.",https://catalog-plans.ru/catalog/10-76?utm_source=pinterest&utm_medium=organic&utm_campaign=generated_raw_visual_plans_to_100_batch_64&utm_content=pin_12250_10-76_plans&utm_term=proekty-domov-s-planirovkami,,"проекты домов до 100 м², проект дома 10-76, дом 69,7 м², планировка дома, планы этажей, готовый проект дома, дерево, catalog-plans.ru"
"Проекты домов 100–150 м²: проект №64-84, 139,85 м²",https://raw.githubusercontent.com/nemchenik/test/9dd044fcd82fb3fec19f27b78d079fa36d093adb/pinterest/generated_batch_65_raw_visual_plans_100_150/64-84.jpg,Проекты домов 100–150 м²,,"Проекты домов 100–150 м² — готовый проект №64-84 площадью 139,85 м². Дом: 1 этаж, габариты 10.5×21.1 м, материал стен — газобетон. На изображении представлены оригинальная визуализация дома и планы этажей. Сохраните проект, сравните планировку комнат и перейдите в каталог, чтобы узнать состав документации и актуальную стоимость.",https://catalog-plans.ru/catalog/64-84?utm_source=pinterest&utm_medium=organic&utm_campaign=generated_raw_visual_plans_100_150_batch_65&utm_content=pin_12450_64-84_plans&utm_term=proekty-domov-s-planirovkami,,"проекты домов 100–150 м², проект дома 64-84, дом 139,85 м², планировка дома, планы этажей, готовый проект дома, газобетон, catalog-plans.ru"
"Проекты домов от 150 м²: проект №59-84L, 183,23 м²",https://raw.githubusercontent.com/nemchenik/test/9dd044fcd82fb3fec19f27b78d079fa36d093adb/pinterest/generated_batch_66_raw_visual_plans_from_150/59-84L.jpg,Проекты домов от 150 м²,,"Проекты домов от 150 м² — готовый проект №59-84L площадью 183,23 м². Дом: 2 этажа, габариты 11.2×13.1 м, материал стен — газобетон. На изображении представлены оригинальная визуализация дома и планы этажей. Сохраните проект, сравните планировку комнат и перейдите в каталог, чтобы узнать состав документации и актуальную стоимость.",https://catalog-plans.ru/catalog/59-84L?utm_source=pinterest&utm_medium=organic&utm_campaign=generated_raw_visual_plans_from_150_batch_66&utm_content=pin_12650_59-84L_plans&utm_term=proekty-domov-s-planirovkami,,"проекты домов от 150 м², проект дома 59-84L, дом 183,23 м², планировка дома, планы этажей, готовый проект дома, газобетон, catalog-plans.ru"
"Проекты домов до 100 м²: проект №69-27, 97,43 м²",https://raw.githubusercontent.com/nemchenik/test/9dd044fcd82fb3fec19f27b78d079fa36d093adb/pinterest/generated_batch_64_raw_visual_plans_to_100/69-27.jpg,Проекты домов до 100 м²,,"Проекты домов до 100 м² — готовый проект №69-27 площадью 97,43 м². Дом: 1 этаж, габариты 8.7×14.5 м, материал стен — газобетон. На изображении представлены оригинальная визуализация дома и планы этажей. Сохраните проект, сравните планировку комнат и перейдите в каталог, чтобы узнать состав документации и актуальную стоимость.",https://catalog-plans.ru/catalog/69-27?utm_source=pinterest&utm_medium=organic&utm_campaign=generated_raw_visual_plans_to_100_batch_64&utm_content=pin_12251_69-27_plans&utm_term=proekty-domov-s-planirovkami,,"проекты домов до 100 м², проект дома 69-27, дом 97,43 м², планировка дома, планы этажей, готовый проект дома, газобетон, catalog-plans.ru"
"Проекты домов 100–150 м²: проект №45-88K2L, 137,42 м²",https://raw.githubusercontent.com/nemchenik/test/9dd044fcd82fb3fec19f27b78d079fa36d093adb/pinterest/generated_batch_65_raw_visual_plans_100_150/45-88K2L.jpg,Проекты домов 100–150 м²,,"Проекты домов 100–150 м² — готовый проект №45-88K2L площадью 137,42 м². Дом: 2 этажа, габариты 11×13.4 м, материал стен — кирпич. На изображении представлены оригинальная визуализация дома и планы этажей. Сохраните проект, сравните планировку комнат и перейдите в каталог, чтобы узнать состав документации и актуальную стоимость.",https://catalog-plans.ru/catalog/45-88K2L?utm_source=pinterest&utm_medium=organic&utm_campaign=generated_raw_visual_plans_100_150_batch_65&utm_content=pin_12451_45-88K2L_plans&utm_term=proekty-domov-s-planirovkami,,"проекты домов 100–150 м², проект дома 45-88K2L, дом 137,42 м², планировка дома, планы этажей, готовый проект дома, кирпич, catalog-plans.ru"
"Проекты домов от 150 м²: проект №51-20, 199,3 м²",https://raw.githubusercontent.com/nemchenik/test/9dd044fcd82fb3fec19f27b78d079fa36d093adb/pinterest/generated_batch_66_raw_visual_plans_from_150/51-20.jpg,Проекты домов от 150 м²,,"Проекты домов от 150 м² — готовый проект №51-20 площадью 199,3 м². Дом: 2 этажа, габариты 11.27×14.07 м, материал стен — газобетон. На изображении представлены оригинальная визуализация дома и планы этажей. Сохраните проект, сравните планировку комнат и перейдите в каталог, чтобы узнать состав документации и актуальную стоимость.",https://catalog-plans.ru/catalog/51-20?utm_source=pinterest&utm_medium=organic&utm_campaign=generated_raw_visual_plans_from_150_batch_66&utm_content=pin_12651_51-20_plans&utm_term=proekty-domov-s-planirovkami,,"проекты домов от 150 м², проект дома 51-20, дом 199,3 м², планировка дома, планы этажей, готовый проект дома, газобетон, catalog-plans.ru"
"Проекты домов до 100 м²: проект №65-75, 84,69 м²",https://raw.githubusercontent.com/nemchenik/test/9dd044fcd82fb3fec19f27b78d079fa36d093adb/pinterest/generated_batch_64_raw_visual_plans_to_100/65-75.jpg,Проекты домов до 100 м²,,"Проекты домов до 100 м² — готовый проект №65-75 площадью 84,69 м². Дом: 1 этаж, габариты 9.06×12.46 м, материал стен — газобетон. На изображении представлены оригинальная визуализация дома и планы этажей. Сохраните проект, сравните планировку комнат и перейдите в каталог, чтобы узнать состав документации и актуальную стоимость.",https://catalog-plans.ru/catalog/65-75?utm_source=pinterest&utm_medium=organic&utm_campaign=generated_raw_visual_plans_to_100_batch_64&utm_content=pin_12252_65-75_plans&utm_term=proekty-domov-s-planirovkami,,"проекты домов до 100 м², проект дома 65-75, дом 84,69 м², планировка дома, планы этажей, готовый проект дома, газобетон, catalog-plans.ru"
"Проекты домов 100–150 м²: проект №58-60A, 114,42 м²",https://raw.githubusercontent.com/nemchenik/test/9dd044fcd82fb3fec19f27b78d079fa36d093adb/pinterest/generated_batch_65_raw_visual_plans_100_150/58-60A.jpg,Проекты домов 100–150 м²,,"Проекты домов 100–150 м² — готовый проект №58-60A площадью 114,42 м². Дом: 2 этажа, габариты 9×9 м, материал стен — газобетон. На изображении представлены оригинальная визуализация дома и планы этажей. Сохраните проект, сравните планировку комнат и перейдите в каталог, чтобы узнать состав документации и актуальную стоимость.",https://catalog-plans.ru/catalog/58-60A?utm_source=pinterest&utm_medium=organic&utm_campaign=generated_raw_visual_plans_100_150_batch_65&utm_content=pin_12452_58-60A_plans&utm_term=proekty-domov-s-planirovkami,,"проекты домов 100–150 м², проект дома 58-60A, дом 114,42 м², планировка дома, планы этажей, готовый проект дома, газобетон, catalog-plans.ru"
"Проекты домов от 150 м²: проект №60-04, 179,7 м²",https://raw.githubusercontent.com/nemchenik/test/9dd044fcd82fb3fec19f27b78d079fa36d093adb/pinterest/generated_batch_66_raw_visual_plans_from_150/60-04.jpg,Проекты домов от 150 м²,,"Проекты домов от 150 м² — готовый проект №60-04 площадью 179,7 м². Дом: 2 этажа, габариты 10.8×10.8 м, материал стен — дерево. На изображении представлены оригинальная визуализация дома и планы этажей. Сохраните проект, сравните планировку комнат и перейдите в каталог, чтобы узнать состав документации и актуальную стоимость.",https://catalog-plans.ru/catalog/60-04?utm_source=pinterest&utm_medium=organic&utm_campaign=generated_raw_visual_plans_from_150_batch_66&utm_content=pin_12652_60-04_plans&utm_term=proekty-domov-s-planirovkami,,"проекты домов от 150 м², проект дома 60-04, дом 179,7 м², планировка дома, планы этажей, готовый проект дома, дерево, catalog-plans.ru"
"Проекты домов до 100 м²: проект №91-15GDL, 75,26 м²",https://raw.githubusercontent.com/nemchenik/test/9dd044fcd82fb3fec19f27b78d079fa36d093adb/pinterest/generated_batch_64_raw_visual_plans_to_100/91-15GDL.jpg,Проекты домов до 100 м²,,"Проекты домов до 100 м² — готовый проект №91-15GDL площадью 75,26 м². Дом: 1 этаж, габариты 9.1×13.6 м, материал стен — газобетон. На изображении представлены оригинальная визуализация дома и планы этажей. Сохраните проект, сравните планировку комнат и перейдите в каталог, чтобы узнать состав документации и актуальную стоимость.",https://catalog-plans.ru/catalog/91-15GDL?utm_source=pinterest&utm_medium=organic&utm_campaign=generated_raw_visual_plans_to_100_batch_64&utm_content=pin_12253_91-15GDL_plans&utm_term=proekty-domov-s-planirovkami,,"проекты домов до 100 м², проект дома 91-15GDL, дом 75,26 м², планировка дома, планы этажей, готовый проект дома, газобетон, catalog-plans.ru"
"Проекты домов 100–150 м²: проект №67-03, 126,64 м²",https://raw.githubusercontent.com/nemchenik/test/9dd044fcd82fb3fec19f27b78d079fa36d093adb/pinterest/generated_batch_65_raw_visual_plans_100_150/67-03.jpg,Проекты домов 100–150 м²,,"Проекты домов 100–150 м² — готовый проект №67-03 площадью 126,64 м². Дом: 2 этажа, габариты 8.2×10.4 м, материал стен — газобетон. На изображении представлены оригинальная визуализация дома и планы этажей. Сохраните проект, сравните планировку комнат и перейдите в каталог, чтобы узнать состав документации и актуальную стоимость.",https://catalog-plans.ru/catalog/67-03?utm_source=pinterest&utm_medium=organic&utm_campaign=generated_raw_visual_plans_100_150_batch_65&utm_content=pin_12453_67-03_plans&utm_term=proekty-domov-s-planirovkami,,"проекты домов 100–150 м², проект дома 67-03, дом 126,64 м², планировка дома, планы этажей, готовый проект дома, газобетон, catalog-plans.ru"
"Проекты домов от 150 м²: проект №45-64ZATAKL, 251,16 м²",https://raw.githubusercontent.com/nemchenik/test/9dd044fcd82fb3fec19f27b78d079fa36d093adb/pinterest/generated_batch_66_raw_visual_plans_from_150/45-64ZATAKL.jpg,Проекты домов от 150 м²,,"Проекты домов от 150 м² — готовый проект №45-64ZATAKL площадью 251,16 м². Дом: 2 этажа, габариты 11.79×17.96 м, материал стен — кирпич. На изображении представлены оригинальная визуализация дома и планы этажей. Сохраните проект, сравните планировку комнат и перейдите в каталог, чтобы узнать состав документации и актуальную стоимость.",https://catalog-plans.ru/catalog/45-64ZATAKL?utm_source=pinterest&utm_medium=organic&utm_campaign=generated_raw_visual_plans_from_150_batch_66&utm_content=pin_12653_45-64ZATAKL_plans&utm_term=proekty-domov-s-planirovkami,,"проекты домов от 150 м², проект дома 45-64ZATAKL, дом 251,16 м², планировка дома, планы этажей, готовый проект дома, кирпич, catalog-plans.ru"
"Проекты домов до 100 м²: проект №58-57, 63,1 м²",https://raw.githubusercontent.com/nemchenik/test/9dd044fcd82fb3fec19f27b78d079fa36d093adb/pinterest/generated_batch_64_raw_visual_plans_to_100/58-57.jpg,Проекты домов до 100 м²,,"Проекты домов до 100 м² — готовый проект №58-57 площадью 63,1 м². Дом: 2 этажа, габариты 6×8 м, материал стен — газобетон. На изображении представлены оригинальная визуализация дома и планы этажей. Сохраните проект, сравните планировку комнат и перейдите в каталог, чтобы узнать состав документации и актуальную стоимость.",https://catalog-plans.ru/catalog/58-57?utm_source=pinterest&utm_medium=organic&utm_campaign=generated_raw_visual_plans_to_100_batch_64&utm_content=pin_12254_58-57_plans&utm_term=proekty-domov-s-planirovkami,,"проекты домов до 100 м², проект дома 58-57, дом 63,1 м², планировка дома, планы этажей, готовый проект дома, газобетон, catalog-plans.ru"
"Проекты домов 100–150 м²: проект №64-28B, 133,33 м²",https://raw.githubusercontent.com/nemchenik/test/9dd044fcd82fb3fec19f27b78d079fa36d093adb/pinterest/generated_batch_65_raw_visual_plans_100_150/64-28B.jpg,Проекты домов 100–150 м²,,"Проекты домов 100–150 м² — готовый проект №64-28B площадью 133,33 м². Дом: 2 этажа, габариты 8.71×10.76 м, материал стен — газобетон. На изображении представлены оригинальная визуализация дома и планы этажей. Сохраните проект, сравните планировку комнат и перейдите в каталог, чтобы узнать состав документации и актуальную стоимость.",https://catalog-plans.ru/catalog/64-28B?utm_source=pinterest&utm_medium=organic&utm_campaign=generated_raw_visual_plans_100_150_batch_65&utm_content=pin_12454_64-28B_plans&utm_term=proekty-domov-s-planirovkami,,"проекты домов 100–150 м², проект дома 64-28B, дом 133,33 м², планировка дома, планы этажей, готовый проект дома, газобетон, catalog-plans.ru"
"Проекты домов от 150 м²: проект №57-59, 289,3 м²",https://raw.githubusercontent.com/nemchenik/test/9dd044fcd82fb3fec19f27b78d079fa36d093adb/pinterest/generated_batch_66_raw_visual_plans_from_150/57-59.jpg,Проекты домов от 150 м²,,"Проекты домов от 150 м² — готовый проект №57-59 площадью 289,3 м². Дом: 2 этажа, габариты 16.7×19.2 м, материал стен — газобетон. На изображении представлены оригинальная визуализация дома и планы этажей. Сохраните проект, сравните планировку комнат и перейдите в каталог, чтобы узнать состав документации и актуальную стоимость.",https://catalog-plans.ru/catalog/57-59?utm_source=pinterest&utm_medium=organic&utm_campaign=generated_raw_visual_plans_from_150_batch_66&utm_content=pin_12654_57-59_plans&utm_term=proekty-domov-s-planirovkami,,"проекты домов от 150 м², проект дома 57-59, дом 289,3 м², планировка дома, планы этажей, готовый проект дома, газобетон, catalog-plans.ru"
"Проекты домов до 100 м²: проект №13-62, 60,58 м²",https://raw.githubusercontent.com/nemchenik/test/9dd044fcd82fb3fec19f27b78d079fa36d093adb/pinterest/generated_batch_64_raw_visual_plans_to_100/13-62.jpg,Проекты домов до 100 м²,,"Проекты домов до 100 м² — готовый проект №13-62 площадью 60,58 м². Дом: 1 этаж, габариты 8×8.8 м, материал стен — дерево. На изображении представлены оригинальная визуализация дома и планы этажей. Сохраните проект, сравните планировку комнат и перейдите в каталог, чтобы узнать состав документации и актуальную стоимость.",https://catalog-plans.ru/catalog/13-62?utm_source=pinterest&utm_medium=organic&utm_campaign=generated_raw_visual_plans_to_100_batch_64&utm_content=pin_12255_13-62_plans&utm_term=proekty-domov-s-planirovkami,,"проекты домов до 100 м², проект дома 13-62, дом 60,58 м², планировка дома, планы этажей, готовый проект дома, дерево, catalog-plans.ru"
"Проекты домов 100–150 м²: проект №67-02, 113,6 м²",https://raw.githubusercontent.com/nemchenik/test/9dd044fcd82fb3fec19f27b78d079fa36d093adb/pinterest/generated_batch_65_raw_visual_plans_100_150/67-02.jpg,Проекты домов 100–150 м²,,"Проекты домов 100–150 м² — готовый проект №67-02 площадью 113,6 м². Дом: 2 этажа, габариты 9.04×17.28 м, материал стен — газобетон. На изображении представлены оригинальная визуализация дома и планы этажей. Сохраните проект, сравните планировку комнат и перейдите в каталог, чтобы узнать состав документации и актуальную стоимость.",https://catalog-plans.ru/catalog/67-02?utm_source=pinterest&utm_medium=organic&utm_campaign=generated_raw_visual_plans_100_150_batch_65&utm_content=pin_12455_67-02_plans&utm_term=proekty-domov-s-planirovkami,,"проекты домов 100–150 м², проект дома 67-02, дом 113,6 м², планировка дома, планы этажей, готовый проект дома, газобетон, catalog-plans.ru"
"Проекты домов от 150 м²: проект №48-45, 195,75 м²",https://raw.githubusercontent.com/nemchenik/test/9dd044fcd82fb3fec19f27b78d079fa36d093adb/pinterest/generated_batch_66_raw_visual_plans_from_150/48-45.jpg,Проекты домов от 150 м²,,"Проекты домов от 150 м² — готовый проект №48-45 площадью 195,75 м². Дом: 2 этажа, габариты 11.86×23.27 м, материал стен — кирпич. На изображении представлены оригинальная визуализация дома и планы этажей. Сохраните проект, сравните планировку комнат и перейдите в каталог, чтобы узнать состав документации и актуальную стоимость.",https://catalog-plans.ru/catalog/48-45?utm_source=pinterest&utm_medium=organic&utm_campaign=generated_raw_visual_plans_from_150_batch_66&utm_content=pin_12655_48-45_plans&utm_term=proekty-domov-s-planirovkami,,"проекты домов от 150 м², проект дома 48-45, дом 195,75 м², планировка дома, планы этажей, готовый проект дома, кирпич, catalog-plans.ru"
"Проекты домов до 100 м²: проект №90-94BDL, 99,91 м²",https://raw.githubusercontent.com/nemchenik/test/9dd044fcd82fb3fec19f27b78d079fa36d093adb/pinterest/generated_batch_64_raw_visual_plans_to_100/90-94BDL.jpg,Проекты домов до 100 м²,,"Проекты домов до 100 м² — готовый проект №90-94BDL площадью 99,91 м². Дом: 2 этажа, габариты 8.935×13.185 м, материал стен — газобетон. На изображении представлены оригинальная визуализация дома и планы этажей. Сохраните проект, сравните планировку комнат и перейдите в каталог, чтобы узнать состав документации и актуальную стоимость.",https://catalog-plans.ru/catalog/90-94BDL?utm_source=pinterest&utm_medium=organic&utm_campaign=generated_raw_visual_plans_to_100_batch_64&utm_content=pin_12256_90-94BDL_plans&utm_term=proekty-domov-s-planirovkami,,"проекты домов до 100 м², проект дома 90-94BDL, дом 99,91 м², планировка дома, планы этажей, готовый проект дома, газобетон, catalog-plans.ru"
"Проекты домов 100–150 м²: проект №13-20, 140,5 м²",https://raw.githubusercontent.com/nemchenik/test/9dd044fcd82fb3fec19f27b78d079fa36d093adb/pinterest/generated_batch_65_raw_visual_plans_100_150/13-20.jpg,Проекты домов 100–150 м²,,"Проекты домов 100–150 м² — готовый проект №13-20 площадью 140,5 м². Дом: 1 этаж, габариты 14.3×17.15 м, материал стен — дерево. На изображении представлены оригинальная визуализация дома и планы этажей. Сохраните проект, сравните планировку комнат и перейдите в каталог, чтобы узнать состав документации и актуальную стоимость.",https://catalog-plans.ru/catalog/13-20?utm_source=pinterest&utm_medium=organic&utm_campaign=generated_raw_visual_plans_100_150_batch_65&utm_content=pin_12456_13-20_plans&utm_term=proekty-domov-s-planirovkami,,"проекты домов 100–150 м², проект дома 13-20, дом 140,5 м², планировка дома, планы этажей, готовый проект дома, дерево, catalog-plans.ru"
"Проекты домов от 150 м²: проект №11-72, 215,68 м²",https://raw.githubusercontent.com/nemchenik/test/9dd044fcd82fb3fec19f27b78d079fa36d093adb/pinterest/generated_batch_66_raw_visual_plans_from_150/11-72.jpg,Проекты домов от 150 м²,,"Проекты домов от 150 м² — готовый проект №11-72 площадью 215,68 м². Дом: 2 этажа, габариты 9.85×10.05 м, материал стен — дерево. На изображении представлены оригинальная визуализация дома и планы этажей. Сохраните проект, сравните планировку комнат и перейдите в каталог, чтобы узнать состав документации и актуальную стоимость.",https://catalog-plans.ru/catalog/11-72?utm_source=pinterest&utm_medium=organic&utm_campaign=generated_raw_visual_plans_from_150_batch_66&utm_content=pin_12656_11-72_plans&utm_term=proekty-domov-s-planirovkami,,"проекты домов от 150 м², проект дома 11-72, дом 215,68 м², планировка дома, планы этажей, готовый проект дома, дерево, catalog-plans.ru"
"Проекты домов до 100 м²: проект №65-82, 84,69 м²",https://raw.githubusercontent.com/nemchenik/test/9dd044fcd82fb3fec19f27b78d079fa36d093adb/pinterest/generated_batch_64_raw_visual_plans_to_100/65-82.jpg,Проекты домов до 100 м²,,"Проекты домов до 100 м² — готовый проект №65-82 площадью 84,69 м². Дом: 1 этаж, габариты 8.76×12.76 м, материал стен — газобетон. На изображении представлены оригинальная визуализация дома и планы этажей. Сохраните проект, сравните планировку комнат и перейдите в каталог, чтобы узнать состав документации и актуальную стоимость.",https://catalog-plans.ru/catalog/65-82?utm_source=pinterest&utm_medium=organic&utm_campaign=generated_raw_visual_plans_to_100_batch_64&utm_content=pin_12257_65-82_plans&utm_term=proekty-domov-s-planirovkami,,"проекты домов до 100 м², проект дома 65-82, дом 84,69 м², планировка дома, планы этажей, готовый проект дома, газобетон, catalog-plans.ru"
"Проекты домов 100–150 м²: проект №69-07, 107,94 м²",https://raw.githubusercontent.com/nemchenik/test/9dd044fcd82fb3fec19f27b78d079fa36d093adb/pinterest/generated_batch_65_raw_visual_plans_100_150/69-07.jpg,Проекты домов 100–150 м²,,"Проекты домов 100–150 м² — готовый проект №69-07 площадью 107,94 м². Дом: 1 этаж, габариты 13.1×12.21 м, материал стен — газобетон. На изображении представлены оригинальная визуализация дома и планы этажей. Сохраните проект, сравните планировку комнат и перейдите в каталог, чтобы узнать состав документации и актуальную стоимость.",https://catalog-plans.ru/catalog/69-07?utm_source=pinterest&utm_medium=organic&utm_campaign=generated_raw_visual_plans_100_150_batch_65&utm_content=pin_12457_69-07_plans&utm_term=proekty-domov-s-planirovkami,,"проекты домов 100–150 м², проект дома 69-07, дом 107,94 м², планировка дома, планы этажей, готовый проект дома, газобетон, catalog-plans.ru"
"Проекты домов от 150 м²: проект №68-83, 188,19 м²",https://raw.githubusercontent.com/nemchenik/test/9dd044fcd82fb3fec19f27b78d079fa36d093adb/pinterest/generated_batch_66_raw_visual_plans_from_150/68-83.jpg,Проекты домов от 150 м²,,"Проекты домов от 150 м² — готовый проект №68-83 площадью 188,19 м². Дом: 1 этаж, габариты 13.6×19.4 м, материал стен — газобетон. На изображении представлены оригинальная визуализация дома и планы этажей. Сохраните проект, сравните планировку комнат и перейдите в каталог, чтобы узнать состав документации и актуальную стоимость.",https://catalog-plans.ru/catalog/68-83?utm_source=pinterest&utm_medium=organic&utm_campaign=generated_raw_visual_plans_from_150_batch_66&utm_content=pin_12657_68-83_plans&utm_term=proekty-domov-s-planirovkami,,"проекты домов от 150 м², проект дома 68-83, дом 188,19 м², планировка дома, планы этажей, готовый проект дома, газобетон, catalog-plans.ru"
"Проекты домов до 100 м²: проект №63-99A, 81,49 м²",https://raw.githubusercontent.com/nemchenik/test/9dd044fcd82fb3fec19f27b78d079fa36d093adb/pinterest/generated_batch_64_raw_visual_plans_to_100/63-99A.jpg,Проекты домов до 100 м²,,"Проекты домов до 100 м² — готовый проект №63-99A площадью 81,49 м². Дом: 1 этаж, габариты 8.5×12.5 м, материал стен — газобетон. На изображении представлены оригинальная визуализация дома и планы этажей. Сохраните проект, сравните планировку комнат и перейдите в каталог, чтобы узнать состав документации и актуальную стоимость.",https://catalog-plans.ru/catalog/63-99A?utm_source=pinterest&utm_medium=organic&utm_campaign=generated_raw_visual_plans_to_100_batch_64&utm_content=pin_12258_63-99A_plans&utm_term=proekty-domov-s-planirovkami,,"проекты домов до 100 м², проект дома 63-99A, дом 81,49 м², планировка дома, планы этажей, готовый проект дома, газобетон, catalog-plans.ru"
"Проекты домов 100–150 м²: проект №63-30L, 134,51 м²",https://raw.githubusercontent.com/nemchenik/test/9dd044fcd82fb3fec19f27b78d079fa36d093adb/pinterest/generated_batch_65_raw_visual_plans_100_150/63-30L.jpg,Проекты домов 100–150 м²,,"Проекты домов 100–150 м² — готовый проект №63-30L площадью 134,51 м². Дом: 2 этажа, габариты 8.6×12.35 м, материал стен — газобетон. На изображении представлены оригинальная визуализация дома и планы этажей. Сохраните проект, сравните планировку комнат и перейдите в каталог, чтобы узнать состав документации и актуальную стоимость.",https://catalog-plans.ru/catalog/63-30L?utm_source=pinterest&utm_medium=organic&utm_campaign=generated_raw_visual_plans_100_150_batch_65&utm_content=pin_12458_63-30L_plans&utm_term=proekty-domov-s-planirovkami,,"проекты домов 100–150 м², проект дома 63-30L, дом 134,51 м², планировка дома, планы этажей, готовый проект дома, газобетон, catalog-plans.ru"
"Проекты домов от 150 м²: проект №57-25RUS, 183,59 м²",https://raw.githubusercontent.com/nemchenik/test/9dd044fcd82fb3fec19f27b78d079fa36d093adb/pinterest/generated_batch_66_raw_visual_plans_from_150/57-25RUS.jpg,Проекты домов от 150 м²,,"Проекты домов от 150 м² — готовый проект №57-25RUS площадью 183,59 м². Дом: 2 этажа, габариты 11.1×16.75 м, материал стен — газобетон. На изображении представлены оригинальная визуализация дома и планы этажей. Сохраните проект, сравните планировку комнат и перейдите в каталог, чтобы узнать состав документации и актуальную стоимость.",https://catalog-plans.ru/catalog/57-25RUS?utm_source=pinterest&utm_medium=organic&utm_campaign=generated_raw_visual_plans_from_150_batch_66&utm_content=pin_12658_57-25RUS_plans&utm_term=proekty-domov-s-planirovkami,,"проекты домов от 150 м², проект дома 57-25RUS, дом 183,59 м², планировка дома, планы этажей, готовый проект дома, газобетон, catalog-plans.ru"
"Проекты домов до 100 м²: проект №72-02, 94 м²",https://raw.githubusercontent.com/nemchenik/test/9dd044fcd82fb3fec19f27b78d079fa36d093adb/pinterest/generated_batch_64_raw_visual_plans_to_100/72-02.jpg,Проекты домов до 100 м²,,"Проекты домов до 100 м² — готовый проект №72-02 площадью 94 м². Дом: 2 этажа, габариты 8.4×8.06 м, материал стен — газобетон. На изображении представлены оригинальная визуализация дома и планы этажей. Сохраните проект, сравните планировку комнат и перейдите в каталог, чтобы узнать состав документации и актуальную стоимость.",https://catalog-plans.ru/catalog/72-02?utm_source=pinterest&utm_medium=organic&utm_campaign=generated_raw_visual_plans_to_100_batch_64&utm_content=pin_12259_72-02_plans&utm_term=proekty-domov-s-planirovkami,,"проекты домов до 100 м², проект дома 72-02, дом 94 м², планировка дома, планы этажей, готовый проект дома, газобетон, catalog-plans.ru"
"Проекты домов 100–150 м²: проект №40-04PGL, 136 м²",https://raw.githubusercontent.com/nemchenik/test/9dd044fcd82fb3fec19f27b78d079fa36d093adb/pinterest/generated_batch_65_raw_visual_plans_100_150/40-04PGL.jpg,Проекты домов 100–150 м²,,"Проекты домов 100–150 м² — готовый проект №40-04PGL площадью 136 м². Дом: 2 этажа, габариты 9.9×10.4 м, материал стен — газобетон. На изображении представлены оригинальная визуализация дома и планы этажей. Сохраните проект, сравните планировку комнат и перейдите в каталог, чтобы узнать состав документации и актуальную стоимость.",https://catalog-plans.ru/catalog/40-04PGL?utm_source=pinterest&utm_medium=organic&utm_campaign=generated_raw_visual_plans_100_150_batch_65&utm_content=pin_12459_40-04PGL_plans&utm_term=proekty-domov-s-planirovkami,,"проекты домов 100–150 м², проект дома 40-04PGL, дом 136 м², планировка дома, планы этажей, готовый проект дома, газобетон, catalog-plans.ru"
"Проекты домов от 150 м²: проект №57-12B, 165,05 м²",https://raw.githubusercontent.com/nemchenik/test/9dd044fcd82fb3fec19f27b78d079fa36d093adb/pinterest/generated_batch_66_raw_visual_plans_from_150/57-12B.jpg,Проекты домов от 150 м²,,"Проекты домов от 150 м² — готовый проект №57-12B площадью 165,05 м². Дом: 2 этажа, габариты 10.77×11.8 м, материал стен — газобетон. На изображении представлены оригинальная визуализация дома и планы этажей. Сохраните проект, сравните планировку комнат и перейдите в каталог, чтобы узнать состав документации и актуальную стоимость.",https://catalog-plans.ru/catalog/57-12B?utm_source=pinterest&utm_medium=organic&utm_campaign=generated_raw_visual_plans_from_150_batch_66&utm_content=pin_12659_57-12B_plans&utm_term=proekty-domov-s-planirovkami,,"проекты домов от 150 м², проект дома 57-12B, дом 165,05 м², планировка дома, планы этажей, готовый проект дома, газобетон, catalog-plans.ru"
"Проекты домов до 100 м²: проект №64-62, 76,36 м²",https://raw.githubusercontent.com/nemchenik/test/9dd044fcd82fb3fec19f27b78d079fa36d093adb/pinterest/generated_batch_64_raw_visual_plans_to_100/64-62.jpg,Проекты домов до 100 м²,,"Проекты домов до 100 м² — готовый проект №64-62 площадью 76,36 м². Дом: 1 этаж, габариты 8.7×12 м, материал стен — газобетон. На изображении представлены оригинальная визуализация дома и планы этажей. Сохраните проект, сравните планировку комнат и перейдите в каталог, чтобы узнать состав документации и актуальную стоимость.",https://catalog-plans.ru/catalog/64-62?utm_source=pinterest&utm_medium=organic&utm_campaign=generated_raw_visual_plans_to_100_batch_64&utm_content=pin_12260_64-62_plans&utm_term=proekty-domov-s-planirovkami,,"проекты домов до 100 м², проект дома 64-62, дом 76,36 м², планировка дома, планы этажей, готовый проект дома, газобетон, catalog-plans.ru"
"Проекты домов 100–150 м²: проект №70-52, 121 м²",https://raw.githubusercontent.com/nemchenik/test/9dd044fcd82fb3fec19f27b78d079fa36d093adb/pinterest/generated_batch_65_raw_visual_plans_100_150/70-52.jpg,Проекты домов 100–150 м²,,"Проекты домов 100–150 м² — готовый проект №70-52 площадью 121 м². Дом: 2 этажа, габариты 7.5×11.6 м, материал стен — деревянный каркас. На изображении представлены оригинальная визуализация дома и планы этажей. Сохраните проект, сравните планировку комнат и перейдите в каталог, чтобы узнать состав документации и актуальную стоимость.",https://catalog-plans.ru/catalog/70-52?utm_source=pinterest&utm_medium=organic&utm_campaign=generated_raw_visual_plans_100_150_batch_65&utm_content=pin_12460_70-52_plans&utm_term=proekty-domov-s-planirovkami,,"проекты домов 100–150 м², проект дома 70-52, дом 121 м², планировка дома, планы этажей, готовый проект дома, деревянный каркас, catalog-plans.ru"
"Проекты домов от 150 м²: проект №45-01AL, 230,32 м²",https://raw.githubusercontent.com/nemchenik/test/9dd044fcd82fb3fec19f27b78d079fa36d093adb/pinterest/generated_batch_66_raw_visual_plans_from_150/45-01AL.jpg,Проекты домов от 150 м²,,"Проекты домов от 150 м² — готовый проект №45-01AL площадью 230,32 м². Дом: 2 этажа, габариты 12.72×12.88 м, материал стен — кирпич. На изображении представлены оригинальная визуализация дома и планы этажей. Сохраните проект, сравните планировку комнат и перейдите в каталог, чтобы узнать состав документации и актуальную стоимость.",https://catalog-plans.ru/catalog/45-01AL?utm_source=pinterest&utm_medium=organic&utm_campaign=generated_raw_visual_plans_from_150_batch_66&utm_content=pin_12660_45-01AL_plans&utm_term=proekty-domov-s-planirovkami,,"проекты домов от 150 м², проект дома 45-01AL, дом 230,32 м², планировка дома, планы этажей, готовый проект дома, кирпич, catalog-plans.ru"
"Проекты домов до 100 м²: проект №58-70WA, 96,77 м²",https://raw.githubusercontent.com/nemchenik/test/9dd044fcd82fb3fec19f27b78d079fa36d093adb/pinterest/generated_batch_64_raw_visual_plans_to_100/58-70WA.jpg,Проекты домов до 100 м²,,"Проекты домов до 100 м² — готовый проект №58-70WA площадью 96,77 м². Дом: 1 этаж, габариты 11.1×12.1 м, материал стен — газобетон. На изображении представлены оригинальная визуализация дома и планы этажей. Сохраните проект, сравните планировку комнат и перейдите в каталог, чтобы узнать состав документации и актуальную стоимость.",https://catalog-plans.ru/catalog/58-70WA?utm_source=pinterest&utm_medium=organic&utm_campaign=generated_raw_visual_plans_to_100_batch_64&utm_content=pin_12261_58-70WA_plans&utm_term=proekty-domov-s-planirovkami,,"проекты домов до 100 м², проект дома 58-70WA, дом 96,77 м², планировка дома, планы этажей, готовый проект дома, газобетон, catalog-plans.ru"
"Проекты домов 100–150 м²: проект №59-23, 144,66 м²",https://raw.githubusercontent.com/nemchenik/test/9dd044fcd82fb3fec19f27b78d079fa36d093adb/pinterest/generated_batch_65_raw_visual_plans_100_150/59-23.jpg,Проекты домов 100–150 м²,,"Проекты домов 100–150 м² — готовый проект №59-23 площадью 144,66 м². Дом: 2 этажа, габариты 11.38×13.43 м, материал стен — газобетон. На изображении представлены оригинальная визуализация дома и планы этажей. Сохраните проект, сравните планировку комнат и перейдите в каталог, чтобы узнать состав документации и актуальную стоимость.",https://catalog-plans.ru/catalog/59-23?utm_source=pinterest&utm_medium=organic&utm_campaign=generated_raw_visual_plans_100_150_batch_65&utm_content=pin_12461_59-23_plans&utm_term=proekty-domov-s-planirovkami,,"проекты домов 100–150 м², проект дома 59-23, дом 144,66 м², планировка дома, планы этажей, готовый проект дома, газобетон, catalog-plans.ru"
"Проекты домов от 150 м²: проект №40-48AG, 316,82 м²",https://raw.githubusercontent.com/nemchenik/test/9dd044fcd82fb3fec19f27b78d079fa36d093adb/pinterest/generated_batch_66_raw_visual_plans_from_150/40-48AG.jpg,Проекты домов от 150 м²,,"Проекты домов от 150 м² — готовый проект №40-48AG площадью 316,82 м². Дом: 3 этажа, габариты 13.6×15.7 м, материал стен — монолитный каркас. На изображении представлены оригинальная визуализация дома и планы этажей. Сохраните проект, сравните планировку комнат и перейдите в каталог, чтобы узнать состав документации и актуальную стоимость.",https://catalog-plans.ru/catalog/40-48AG?utm_source=pinterest&utm_medium=organic&utm_campaign=generated_raw_visual_plans_from_150_batch_66&utm_content=pin_12661_40-48AG_plans&utm_term=proekty-domov-s-planirovkami,,"проекты домов от 150 м², проект дома 40-48AG, дом 316,82 м², планировка дома, планы этажей, готовый проект дома, монолитный каркас, catalog-plans.ru"
"Проекты домов до 100 м²: проект №58-89AKL, 98,89 м²",https://raw.githubusercontent.com/nemchenik/test/9dd044fcd82fb3fec19f27b78d079fa36d093adb/pinterest/generated_batch_64_raw_visual_plans_to_100/58-89AKL.jpg,Проекты домов до 100 м²,,"Проекты домов до 100 м² — готовый проект №58-89AKL площадью 98,89 м². Дом: 1 этаж, габариты 8.4×14.75 м, материал стен — кирпич. На изображении представлены оригинальная визуализация дома и планы этажей. Сохраните проект, сравните планировку комнат и перейдите в каталог, чтобы узнать состав документации и актуальную стоимость.",https://catalog-plans.ru/catalog/58-89AKL?utm_source=pinterest&utm_medium=organic&utm_campaign=generated_raw_visual_plans_to_100_batch_64&utm_content=pin_12262_58-89AKL_plans&utm_term=proekty-domov-s-planirovkami,,"проекты домов до 100 м², проект дома 58-89AKL, дом 98,89 м², планировка дома, планы этажей, готовый проект дома, кирпич, catalog-plans.ru"
"Проекты домов 100–150 м²: проект №59-79AL, 141,3 м²",https://raw.githubusercontent.com/nemchenik/test/9dd044fcd82fb3fec19f27b78d079fa36d093adb/pinterest/generated_batch_65_raw_visual_plans_100_150/59-79AL.jpg,Проекты домов 100–150 м²,,"Проекты домов 100–150 м² — готовый проект №59-79AL площадью 141,3 м². Дом: 2 этажа, габариты 10×10 м, материал стен — газобетон. На изображении представлены оригинальная визуализация дома и планы этажей. Сохраните проект, сравните планировку комнат и перейдите в каталог, чтобы узнать состав документации и актуальную стоимость.",https://catalog-plans.ru/catalog/59-79AL?utm_source=pinterest&utm_medium=organic&utm_campaign=generated_raw_visual_plans_100_150_batch_65&utm_content=pin_12462_59-79AL_plans&utm_term=proekty-domov-s-planirovkami,,"проекты домов 100–150 м², проект дома 59-79AL, дом 141,3 м², планировка дома, планы этажей, готовый проект дома, газобетон, catalog-plans.ru"
"Проекты домов от 150 м²: проект №45-64EK2L, 325,11 м²",https://raw.githubusercontent.com/nemchenik/test/9dd044fcd82fb3fec19f27b78d079fa36d093adb/pinterest/generated_batch_66_raw_visual_plans_from_150/45-64EK2L.jpg,Проекты домов от 150 м²,,"Проекты домов от 150 м² — готовый проект №45-64EK2L площадью 325,11 м². Дом: 2 этажа, габариты 19.92×22.6 м, материал стен — кирпич. На изображении представлены оригинальная визуализация дома и планы этажей. Сохраните проект, сравните планировку комнат и перейдите в каталог, чтобы узнать состав документации и актуальную стоимость.",https://catalog-plans.ru/catalog/45-64EK2L?utm_source=pinterest&utm_medium=organic&utm_campaign=generated_raw_visual_plans_from_150_batch_66&utm_content=pin_12662_45-64EK2L_plans&utm_term=proekty-domov-s-planirovkami,,"проекты домов от 150 м², проект дома 45-64EK2L, дом 325,11 м², планировка дома, планы этажей, готовый проект дома, кирпич, catalog-plans.ru"
"Проекты домов до 100 м²: проект №71-12, 51,82 м²",https://raw.githubusercontent.com/nemchenik/test/9dd044fcd82fb3fec19f27b78d079fa36d093adb/pinterest/generated_batch_64_raw_visual_plans_to_100/71-12.jpg,Проекты домов до 100 м²,,"Проекты домов до 100 м² — готовый проект №71-12 площадью 51,82 м². Дом: 1 этаж, габариты 8×9 м, материал стен — газобетон. На изображении представлены оригинальная визуализация дома и планы этажей. Сохраните проект, сравните планировку комнат и перейдите в каталог, чтобы узнать состав документации и актуальную стоимость.",https://catalog-plans.ru/catalog/71-12?utm_source=pinterest&utm_medium=organic&utm_campaign=generated_raw_visual_plans_to_100_batch_64&utm_content=pin_12263_71-12_plans&utm_term=proekty-domov-s-planirovkami,,"проекты домов до 100 м², проект дома 71-12, дом 51,82 м², планировка дома, планы этажей, готовый проект дома, газобетон, catalog-plans.ru"
"Проекты домов 100–150 м²: проект №57-07D, 125,72 м²",https://raw.githubusercontent.com/nemchenik/test/9dd044fcd82fb3fec19f27b78d079fa36d093adb/pinterest/generated_batch_65_raw_visual_plans_100_150/57-07D.jpg,Проекты домов 100–150 м²,,"Проекты домов 100–150 м² — готовый проект №57-07D площадью 125,72 м². Дом: 2 этажа, габариты 8.45×10.85 м, материал стен — газобетон. На изображении представлены оригинальная визуализация дома и планы этажей. Сохраните проект, сравните планировку комнат и перейдите в каталог, чтобы узнать состав документации и актуальную стоимость.",https://catalog-plans.ru/catalog/57-07D?utm_source=pinterest&utm_medium=organic&utm_campaign=generated_raw_visual_plans_100_150_batch_65&utm_content=pin_12463_57-07D_plans&utm_term=proekty-domov-s-planirovkami,,"проекты домов 100–150 м², проект дома 57-07D, дом 125,72 м², планировка дома, планы этажей, готовый проект дома, газобетон, catalog-plans.ru"
"Проекты домов от 150 м²: проект №45-19A, 399,19 м²",https://raw.githubusercontent.com/nemchenik/test/9dd044fcd82fb3fec19f27b78d079fa36d093adb/pinterest/generated_batch_66_raw_visual_plans_from_150/45-19A.jpg,Проекты домов от 150 м²,,"Проекты домов от 150 м² — готовый проект №45-19A площадью 399,19 м². Дом: 2 этажа, габариты 17.01×29.04 м, материал стен — кирпич. На изображении представлены оригинальная визуализация дома и планы этажей. Сохраните проект, сравните планировку комнат и перейдите в каталог, чтобы узнать состав документации и актуальную стоимость.",https://catalog-plans.ru/catalog/45-19A?utm_source=pinterest&utm_medium=organic&utm_campaign=generated_raw_visual_plans_from_150_batch_66&utm_content=pin_12663_45-19A_plans&utm_term=proekty-domov-s-planirovkami,,"проекты домов от 150 м², проект дома 45-19A, дом 399,19 м², планировка дома, планы этажей, готовый проект дома, кирпич, catalog-plans.ru"
"Проекты домов до 100 м²: проект №58-84BATW, 94,85 м²",https://raw.githubusercontent.com/nemchenik/test/9dd044fcd82fb3fec19f27b78d079fa36d093adb/pinterest/generated_batch_64_raw_visual_plans_to_100/58-84BATW.jpg,Проекты домов до 100 м²,,"Проекты домов до 100 м² — готовый проект №58-84BATW площадью 94,85 м². Дом: 1 этаж, габариты 9.04×13.86 м, материал стен — газобетон. На изображении представлены оригинальная визуализация дома и планы этажей. Сохраните проект, сравните планировку комнат и перейдите в каталог, чтобы узнать состав документации и актуальную стоимость.",https://catalog-plans.ru/catalog/58-84BATW?utm_source=pinterest&utm_medium=organic&utm_campaign=generated_raw_visual_plans_to_100_batch_64&utm_content=pin_12264_58-84BATW_plans&utm_term=proekty-domov-s-planirovkami,,"проекты домов до 100 м², проект дома 58-84BATW, дом 94,85 м², планировка дома, планы этажей, готовый проект дома, газобетон, catalog-plans.ru"
"Проекты домов 100–150 м²: проект №57-63RL, 148,3 м²",https://raw.githubusercontent.com/nemchenik/test/9dd044fcd82fb3fec19f27b78d079fa36d093adb/pinterest/generated_batch_65_raw_visual_plans_100_150/57-63RL.jpg,Проекты домов 100–150 м²,,"Проекты домов 100–150 м² — готовый проект №57-63RL площадью 148,3 м². Дом: 2 этажа, габариты 9.96×12.56 м, материал стен — газобетон. На изображении представлены оригинальная визуализация дома и планы этажей. Сохраните проект, сравните планировку комнат и перейдите в каталог, чтобы узнать состав документации и актуальную стоимость.",https://catalog-plans.ru/catalog/57-63RL?utm_source=pinterest&utm_medium=organic&utm_campaign=generated_raw_visual_plans_100_150_batch_65&utm_content=pin_12464_57-63RL_plans&utm_term=proekty-domov-s-planirovkami,,"проекты домов 100–150 м², проект дома 57-63RL, дом 148,3 м², планировка дома, планы этажей, готовый проект дома, газобетон, catalog-plans.ru"
"Проекты домов от 150 м²: проект №60-02, 160,4 м²",https://raw.githubusercontent.com/nemchenik/test/9dd044fcd82fb3fec19f27b78d079fa36d093adb/pinterest/generated_batch_66_raw_visual_plans_from_150/60-02.jpg,Проекты домов от 150 м²,,"Проекты домов от 150 м² — готовый проект №60-02 площадью 160,4 м². Дом: 2 этажа, габариты 7.58×14.38 м, материал стен — газобетон. На изображении представлены оригинальная визуализация дома и планы этажей. Сохраните проект, сравните планировку комнат и перейдите в каталог, чтобы узнать состав документации и актуальную стоимость.",https://catalog-plans.ru/catalog/60-02?utm_source=pinterest&utm_medium=organic&utm_campaign=generated_raw_visual_plans_from_150_batch_66&utm_content=pin_12664_60-02_plans&utm_term=proekty-domov-s-planirovkami,,"проекты домов от 150 м², проект дома 60-02, дом 160,4 м², планировка дома, планы этажей, готовый проект дома, газобетон, catalog-plans.ru"
"Проекты домов до 100 м²: проект №72-26, 95 м²",https://raw.githubusercontent.com/nemchenik/test/9dd044fcd82fb3fec19f27b78d079fa36d093adb/pinterest/generated_batch_64_raw_visual_plans_to_100/72-26.jpg,Проекты домов до 100 м²,,"Проекты домов до 100 м² — готовый проект №72-26 площадью 95 м². Дом: 2 этажа, габариты 8.06×8.4 м, материал стен — газобетон. На изображении представлены оригинальная визуализация дома и планы этажей. Сохраните проект, сравните планировку комнат и перейдите в каталог, чтобы узнать состав документации и актуальную стоимость.",https://catalog-plans.ru/catalog/72-26?utm_source=pinterest&utm_medium=organic&utm_campaign=generated_raw_visual_plans_to_100_batch_64&utm_content=pin_12265_72-26_plans&utm_term=proekty-domov-s-planirovkami,,"проекты домов до 100 м², проект дома 72-26, дом 95 м², планировка дома, планы этажей, готовый проект дома, газобетон, catalog-plans.ru"
"Проекты домов 100–150 м²: проект №13-99A, 138,39 м²",https://raw.githubusercontent.com/nemchenik/test/9dd044fcd82fb3fec19f27b78d079fa36d093adb/pinterest/generated_batch_65_raw_visual_plans_100_150/13-99A.jpg,Проекты домов 100–150 м²,,"Проекты домов 100–150 м² — готовый проект №13-99A площадью 138,39 м². Дом: 2 этажа, габариты 7.53×12.15 м, материал стен — дерево. На изображении представлены оригинальная визуализация дома и планы этажей. Сохраните проект, сравните планировку комнат и перейдите в каталог, чтобы узнать состав документации и актуальную стоимость.",https://catalog-plans.ru/catalog/13-99A?utm_source=pinterest&utm_medium=organic&utm_campaign=generated_raw_visual_plans_100_150_batch_65&utm_content=pin_12465_13-99A_plans&utm_term=proekty-domov-s-planirovkami,,"проекты домов 100–150 м², проект дома 13-99A, дом 138,39 м², планировка дома, планы этажей, готовый проект дома, дерево, catalog-plans.ru"
"Проекты домов от 150 м²: проект №15-07, 171 м²",https://raw.githubusercontent.com/nemchenik/test/9dd044fcd82fb3fec19f27b78d079fa36d093adb/pinterest/generated_batch_66_raw_visual_plans_from_150/15-07.jpg,Проекты домов от 150 м²,,"Проекты домов от 150 м² — готовый проект №15-07 площадью 171 м². Дом: 2 этажа, габариты 9.6×11 м, материал стен — дерево. На изображении представлены оригинальная визуализация дома и планы этажей. Сохраните проект, сравните планировку комнат и перейдите в каталог, чтобы узнать состав документации и актуальную стоимость.",https://catalog-plans.ru/catalog/15-07?utm_source=pinterest&utm_medium=organic&utm_campaign=generated_raw_visual_plans_from_150_batch_66&utm_content=pin_12665_15-07_plans&utm_term=proekty-domov-s-planirovkami,,"проекты домов от 150 м², проект дома 15-07, дом 171 м², планировка дома, планы этажей, готовый проект дома, дерево, catalog-plans.ru"
"Проекты домов до 100 м²: проект №70-98AKB, 62,48 м²",https://raw.githubusercontent.com/nemchenik/test/9dd044fcd82fb3fec19f27b78d079fa36d093adb/pinterest/generated_batch_64_raw_visual_plans_to_100/70-98AKB.jpg,Проекты домов до 100 м²,,"Проекты домов до 100 м² — готовый проект №70-98AKB площадью 62,48 м². Дом: 1 этаж, габариты 7.68×11.46 м, материал стен — керамзитобетон. На изображении представлены оригинальная визуализация дома и планы этажей. Сохраните проект, сравните планировку комнат и перейдите в каталог, чтобы узнать состав документации и актуальную стоимость.",https://catalog-plans.ru/catalog/70-98AKB?utm_source=pinterest&utm_medium=organic&utm_campaign=generated_raw_visual_plans_to_100_batch_64&utm_content=pin_12266_70-98AKB_plans&utm_term=proekty-domov-s-planirovkami,,"проекты домов до 100 м², проект дома 70-98AKB, дом 62,48 м², планировка дома, планы этажей, готовый проект дома, керамзитобетон, catalog-plans.ru"
"Проекты домов 100–150 м²: проект №71-14, 132,96 м²",https://raw.githubusercontent.com/nemchenik/test/9dd044fcd82fb3fec19f27b78d079fa36d093adb/pinterest/generated_batch_65_raw_visual_plans_100_150/71-14.jpg,Проекты домов 100–150 м²,,"Проекты домов 100–150 м² — готовый проект №71-14 площадью 132,96 м². Дом: 2 этажа, габариты 9.3×13.21 м, материал стен — деревянный каркас. На изображении представлены оригинальная визуализация дома и планы этажей. Сохраните проект, сравните планировку комнат и перейдите в каталог, чтобы узнать состав документации и актуальную стоимость.",https://catalog-plans.ru/catalog/71-14?utm_source=pinterest&utm_medium=organic&utm_campaign=generated_raw_visual_plans_100_150_batch_65&utm_content=pin_12466_71-14_plans&utm_term=proekty-domov-s-planirovkami,,"проекты домов 100–150 м², проект дома 71-14, дом 132,96 м², планировка дома, планы этажей, готовый проект дома, деревянный каркас, catalog-plans.ru"
"Проекты домов от 150 м²: проект №49-70AG, 188,98 м²",https://raw.githubusercontent.com/nemchenik/test/9dd044fcd82fb3fec19f27b78d079fa36d093adb/pinterest/generated_batch_66_raw_visual_plans_from_150/49-70AG.jpg,Проекты домов от 150 м²,,"Проекты домов от 150 м² — готовый проект №49-70AG площадью 188,98 м². Дом: 2 этажа, габариты 13.26×15.53 м, материал стен — газобетон. На изображении представлены оригинальная визуализация дома и планы этажей. Сохраните проект, сравните планировку комнат и перейдите в каталог, чтобы узнать состав документации и актуальную стоимость.",https://catalog-plans.ru/catalog/49-70AG?utm_source=pinterest&utm_medium=organic&utm_campaign=generated_raw_visual_plans_from_150_batch_66&utm_content=pin_12666_49-70AG_plans&utm_term=proekty-domov-s-planirovkami,,"проекты домов от 150 м², проект дома 49-70AG, дом 188,98 м², планировка дома, планы этажей, готовый проект дома, газобетон, catalog-plans.ru"
"Проекты домов до 100 м²: проект №71-23, 44,94 м²",https://raw.githubusercontent.com/nemchenik/test/9dd044fcd82fb3fec19f27b78d079fa36d093adb/pinterest/generated_batch_64_raw_visual_plans_to_100/71-23.jpg,Проекты домов до 100 м²,,"Проекты домов до 100 м² — готовый проект №71-23 площадью 44,94 м². Дом: 1 этаж, габариты 6.3×14.2 м, материал стен — деревянный каркас. На изображении представлены оригинальная визуализация дома и планы этажей. Сохраните проект, сравните планировку комнат и перейдите в каталог, чтобы узнать состав документации и актуальную стоимость.",https://catalog-plans.ru/catalog/71-23?utm_source=pinterest&utm_medium=organic&utm_campaign=generated_raw_visual_plans_to_100_batch_64&utm_content=pin_12267_71-23_plans&utm_term=proekty-domov-s-planirovkami,,"проекты домов до 100 м², проект дома 71-23, дом 44,94 м², планировка дома, планы этажей, готовый проект дома, деревянный каркас, catalog-plans.ru"
"Проекты домов 100–150 м²: проект №71-13, 133,45 м²",https://raw.githubusercontent.com/nemchenik/test/9dd044fcd82fb3fec19f27b78d079fa36d093adb/pinterest/generated_batch_65_raw_visual_plans_100_150/71-13.jpg,Проекты домов 100–150 м²,,"Проекты домов 100–150 м² — готовый проект №71-13 площадью 133,45 м². Дом: 2 этажа, габариты 8.4×18.26 м, материал стен — деревянный каркас. На изображении представлены оригинальная визуализация дома и планы этажей. Сохраните проект, сравните планировку комнат и перейдите в каталог, чтобы узнать состав документации и актуальную стоимость.",https://catalog-plans.ru/catalog/71-13?utm_source=pinterest&utm_medium=organic&utm_campaign=generated_raw_visual_plans_100_150_batch_65&utm_content=pin_12467_71-13_plans&utm_term=proekty-domov-s-planirovkami,,"проекты домов 100–150 м², проект дома 71-13, дом 133,45 м², планировка дома, планы этажей, готовый проект дома, деревянный каркас, catalog-plans.ru"
"Проекты домов от 150 м²: проект №57-09, 181,15 м²",https://raw.githubusercontent.com/nemchenik/test/9dd044fcd82fb3fec19f27b78d079fa36d093adb/pinterest/generated_batch_66_raw_visual_plans_from_150/57-09.jpg,Проекты домов от 150 м²,,"Проекты домов от 150 м² — готовый проект №57-09 площадью 181,15 м². Дом: 2 этажа, габариты 10.15×14.15 м, материал стен — газобетон. На изображении представлены оригинальная визуализация дома и планы этажей. Сохраните проект, сравните планировку комнат и перейдите в каталог, чтобы узнать состав документации и актуальную стоимость.",https://catalog-plans.ru/catalog/57-09?utm_source=pinterest&utm_medium=organic&utm_campaign=generated_raw_visual_plans_from_150_batch_66&utm_content=pin_12667_57-09_plans&utm_term=proekty-domov-s-planirovkami,,"проекты домов от 150 м², проект дома 57-09, дом 181,15 м², планировка дома, планы этажей, готовый проект дома, газобетон, catalog-plans.ru"
"Проекты домов до 100 м²: проект №10-45, 69,4 м²",https://raw.githubusercontent.com/nemchenik/test/9dd044fcd82fb3fec19f27b78d079fa36d093adb/pinterest/generated_batch_64_raw_visual_plans_to_100/10-45.jpg,Проекты домов до 100 м²,,"Проекты домов до 100 м² — готовый проект №10-45 площадью 69,4 м². Дом: 1 этаж, габариты 7.1×13.1 м, материал стен — дерево. На изображении представлены оригинальная визуализация дома и планы этажей. Сохраните проект, сравните планировку комнат и перейдите в каталог, чтобы узнать состав документации и актуальную стоимость.",https://catalog-plans.ru/catalog/10-45?utm_source=pinterest&utm_medium=organic&utm_campaign=generated_raw_visual_plans_to_100_batch_64&utm_content=pin_12268_10-45_plans&utm_term=proekty-domov-s-planirovkami,,"проекты домов до 100 м², проект дома 10-45, дом 69,4 м², планировка дома, планы этажей, готовый проект дома, дерево, catalog-plans.ru"
"Проекты домов 100–150 м²: проект №70-19, 125,4 м²",https://raw.githubusercontent.com/nemchenik/test/9dd044fcd82fb3fec19f27b78d079fa36d093adb/pinterest/generated_batch_65_raw_visual_plans_100_150/70-19.jpg,Проекты домов 100–150 м²,,"Проекты домов 100–150 м² — готовый проект №70-19 площадью 125,4 м². Дом: 2 этажа, габариты 7.2×13.1 м, материал стен — дерево. На изображении представлены оригинальная визуализация дома и планы этажей. Сохраните проект, сравните планировку комнат и перейдите в каталог, чтобы узнать состав документации и актуальную стоимость.",https://catalog-plans.ru/catalog/70-19?utm_source=pinterest&utm_medium=organic&utm_campaign=generated_raw_visual_plans_100_150_batch_65&utm_content=pin_12468_70-19_plans&utm_term=proekty-domov-s-planirovkami,,"проекты домов 100–150 м², проект дома 70-19, дом 125,4 м², планировка дома, планы этажей, готовый проект дома, дерево, catalog-plans.ru"
"Проекты домов от 150 м²: проект №57-83XL, 226,14 м²",https://raw.githubusercontent.com/nemchenik/test/9dd044fcd82fb3fec19f27b78d079fa36d093adb/pinterest/generated_batch_66_raw_visual_plans_from_150/57-83XL.jpg,Проекты домов от 150 м²,,"Проекты домов от 150 м² — готовый проект №57-83XL площадью 226,14 м². Дом: 2 этажа, габариты 13.5×14.6 м, материал стен — арболитовые блоки 400. На изображении представлены оригинальная визуализация дома и планы этажей. Сохраните проект, сравните планировку комнат и перейдите в каталог, чтобы узнать состав документации и актуальную стоимость.",https://catalog-plans.ru/catalog/57-83XL?utm_source=pinterest&utm_medium=organic&utm_campaign=generated_raw_visual_plans_from_150_batch_66&utm_content=pin_12668_57-83XL_plans&utm_term=proekty-domov-s-planirovkami,,"проекты домов от 150 м², проект дома 57-83XL, дом 226,14 м², планировка дома, планы этажей, готовый проект дома, арболитовые блоки 400, catalog-plans.ru"
"Проекты домов до 100 м²: проект №48-20DAG, 91,39 м²",https://raw.githubusercontent.com/nemchenik/test/9dd044fcd82fb3fec19f27b78d079fa36d093adb/pinterest/generated_batch_64_raw_visual_plans_to_100/48-20DAG.jpg,Проекты домов до 100 м²,,"Проекты домов до 100 м² — готовый проект №48-20DAG площадью 91,39 м². Дом: 2 этажа, габариты 8.82×8.82 м, материал стен — газобетон. На изображении представлены оригинальная визуализация дома и планы этажей. Сохраните проект, сравните планировку комнат и перейдите в каталог, чтобы узнать состав документации и актуальную стоимость.",https://catalog-plans.ru/catalog/48-20DAG?utm_source=pinterest&utm_medium=organic&utm_campaign=generated_raw_visual_plans_to_100_batch_64&utm_content=pin_12269_48-20DAG_plans&utm_term=proekty-domov-s-planirovkami,,"проекты домов до 100 м², проект дома 48-20DAG, дом 91,39 м², планировка дома, планы этажей, готовый проект дома, газобетон, catalog-plans.ru"
"Проекты домов 100–150 м²: проект №51-52, 120 м²",https://raw.githubusercontent.com/nemchenik/test/9dd044fcd82fb3fec19f27b78d079fa36d093adb/pinterest/generated_batch_65_raw_visual_plans_100_150/51-52.jpg,Проекты домов 100–150 м²,,"Проекты домов 100–150 м² — готовый проект №51-52 площадью 120 м². Дом: 2 этажа, габариты 8.3×8.8 м, материал стен — газобетон. На изображении представлены оригинальная визуализация дома и планы этажей. Сохраните проект, сравните планировку комнат и перейдите в каталог, чтобы узнать состав документации и актуальную стоимость.",https://catalog-plans.ru/catalog/51-52?utm_source=pinterest&utm_medium=organic&utm_campaign=generated_raw_visual_plans_100_150_batch_65&utm_content=pin_12469_51-52_plans&utm_term=proekty-domov-s-planirovkami,,"проекты домов 100–150 м², проект дома 51-52, дом 120 м², планировка дома, планы этажей, готовый проект дома, газобетон, catalog-plans.ru"
"Проекты домов от 150 м²: проект №38-88, 166,7 м²",https://raw.githubusercontent.com/nemchenik/test/9dd044fcd82fb3fec19f27b78d079fa36d093adb/pinterest/generated_batch_66_raw_visual_plans_from_150/38-88.jpg,Проекты домов от 150 м²,,"Проекты домов от 150 м² — готовый проект №38-88 площадью 166,7 м². Дом: 2 этажа, габариты 10×10.5 м, материал стен — кирпич. На изображении представлены оригинальная визуализация дома и планы этажей. Сохраните проект, сравните планировку комнат и перейдите в каталог, чтобы узнать состав документации и актуальную стоимость.",https://catalog-plans.ru/catalog/38-88?utm_source=pinterest&utm_medium=organic&utm_campaign=generated_raw_visual_plans_from_150_batch_66&utm_content=pin_12669_38-88_plans&utm_term=proekty-domov-s-planirovkami,,"проекты домов от 150 м², проект дома 38-88, дом 166,7 м², планировка дома, планы этажей, готовый проект дома, кирпич, catalog-plans.ru"
"Проекты домов до 100 м²: проект №62-83, 74,72 м²",https://raw.githubusercontent.com/nemchenik/test/9dd044fcd82fb3fec19f27b78d079fa36d093adb/pinterest/generated_batch_64_raw_visual_plans_to_100/62-83.jpg,Проекты домов до 100 м²,,"Проекты домов до 100 м² — готовый проект №62-83 площадью 74,72 м². Дом: 1 этаж, габариты 6.6×16.74 м, материал стен — газобетон. На изображении представлены оригинальная визуализация дома и планы этажей. Сохраните проект, сравните планировку комнат и перейдите в каталог, чтобы узнать состав документации и актуальную стоимость.",https://catalog-plans.ru/catalog/62-83?utm_source=pinterest&utm_medium=organic&utm_campaign=generated_raw_visual_plans_to_100_batch_64&utm_content=pin_12270_62-83_plans&utm_term=proekty-domov-s-planirovkami,,"проекты домов до 100 м², проект дома 62-83, дом 74,72 м², планировка дома, планы этажей, готовый проект дома, газобетон, catalog-plans.ru"
"Проекты домов 100–150 м²: проект №12-12, 140,24 м²",https://raw.githubusercontent.com/nemchenik/test/9dd044fcd82fb3fec19f27b78d079fa36d093adb/pinterest/generated_batch_65_raw_visual_plans_100_150/12-12.jpg,Проекты домов 100–150 м²,,"Проекты домов 100–150 м² — готовый проект №12-12 площадью 140,24 м². Дом: 2 этажа, габариты 9.3×13.1 м, материал стен — дерево. На изображении представлены оригинальная визуализация дома и планы этажей. Сохраните проект, сравните планировку комнат и перейдите в каталог, чтобы узнать состав документации и актуальную стоимость.",https://catalog-plans.ru/catalog/12-12?utm_source=pinterest&utm_medium=organic&utm_campaign=generated_raw_visual_plans_100_150_batch_65&utm_content=pin_12470_12-12_plans&utm_term=proekty-domov-s-planirovkami,,"проекты домов 100–150 м², проект дома 12-12, дом 140,24 м², планировка дома, планы этажей, готовый проект дома, дерево, catalog-plans.ru"
"Проекты домов от 150 м²: проект №35-72, 548,3 м²",https://raw.githubusercontent.com/nemchenik/test/9dd044fcd82fb3fec19f27b78d079fa36d093adb/pinterest/generated_batch_66_raw_visual_plans_from_150/35-72.jpg,Проекты домов от 150 м²,,"Проекты домов от 150 м² — готовый проект №35-72 площадью 548,3 м². Дом: 3 этажа, габариты 20.1×28.17 м, материал стен — кирпич. На изображении представлены оригинальная визуализация дома и планы этажей. Сохраните проект, сравните планировку комнат и перейдите в каталог, чтобы узнать состав документации и актуальную стоимость.",https://catalog-plans.ru/catalog/35-72?utm_source=pinterest&utm_medium=organic&utm_campaign=generated_raw_visual_plans_from_150_batch_66&utm_content=pin_12670_35-72_plans&utm_term=proekty-domov-s-planirovkami,,"проекты домов от 150 м², проект дома 35-72, дом 548,3 м², планировка дома, планы этажей, готовый проект дома, кирпич, catalog-plans.ru"
"Проекты домов до 100 м²: проект №14-18, 72,27 м²",https://raw.githubusercontent.com/nemchenik/test/9dd044fcd82fb3fec19f27b78d079fa36d093adb/pinterest/generated_batch_64_raw_visual_plans_to_100/14-18.jpg,Проекты домов до 100 м²,,"Проекты домов до 100 м² — готовый проект №14-18 площадью 72,27 м². Дом: 2 этажа, габариты 6.6×9 м, материал стен — дерево. На изображении представлены оригинальная визуализация дома и планы этажей. Сохраните проект, сравните планировку комнат и перейдите в каталог, чтобы узнать состав документации и актуальную стоимость.",https://catalog-plans.ru/catalog/14-18?utm_source=pinterest&utm_medium=organic&utm_campaign=generated_raw_visual_plans_to_100_batch_64&utm_content=pin_12271_14-18_plans&utm_term=proekty-domov-s-planirovkami,,"проекты домов до 100 м², проект дома 14-18, дом 72,27 м², планировка дома, планы этажей, готовый проект дома, дерево, catalog-plans.ru"
"Проекты домов 100–150 м²: проект №40-04ACEDRAL, 133,2 м²",https://raw.githubusercontent.com/nemchenik/test/9dd044fcd82fb3fec19f27b78d079fa36d093adb/pinterest/generated_batch_65_raw_visual_plans_100_150/40-04ACEDRAL.jpg,Проекты домов 100–150 м²,,"Проекты домов 100–150 м² — готовый проект №40-04ACEDRAL площадью 133,2 м². Дом: 2 этажа, габариты 9.35×9.9 м, материал стен — газобетон. На изображении представлены оригинальная визуализация дома и планы этажей. Сохраните проект, сравните планировку комнат и перейдите в каталог, чтобы узнать состав документации и актуальную стоимость.",https://catalog-plans.ru/catalog/40-04ACEDRAL?utm_source=pinterest&utm_medium=organic&utm_campaign=generated_raw_visual_plans_100_150_batch_65&utm_content=pin_12471_40-04ACEDRAL_plans&utm_term=proekty-domov-s-planirovkami,,"проекты домов 100–150 м², проект дома 40-04ACEDRAL, дом 133,2 м², планировка дома, планы этажей, готовый проект дома, газобетон, catalog-plans.ru"
"Проекты домов от 150 м²: проект №13-31, 249,4 м²",https://raw.githubusercontent.com/nemchenik/test/9dd044fcd82fb3fec19f27b78d079fa36d093adb/pinterest/generated_batch_66_raw_visual_plans_from_150/13-31.jpg,Проекты домов от 150 м²,,"Проекты домов от 150 м² — готовый проект №13-31 площадью 249,4 м². Дом: 2 этажа, габариты 11.4×17.4 м, материал стен — дерево. На изображении представлены оригинальная визуализация дома и планы этажей. Сохраните проект, сравните планировку комнат и перейдите в каталог, чтобы узнать состав документации и актуальную стоимость.",https://catalog-plans.ru/catalog/13-31?utm_source=pinterest&utm_medium=organic&utm_campaign=generated_raw_visual_plans_from_150_batch_66&utm_content=pin_12671_13-31_plans&utm_term=proekty-domov-s-planirovkami,,"проекты домов от 150 м², проект дома 13-31, дом 249,4 м², планировка дома, планы этажей, готовый проект дома, дерево, catalog-plans.ru"
"Проекты домов до 100 м²: проект №58-56A, 66,46 м²",https://raw.githubusercontent.com/nemchenik/test/9dd044fcd82fb3fec19f27b78d079fa36d093adb/pinterest/generated_batch_64_raw_visual_plans_to_100/58-56A.jpg,Проекты домов до 100 м²,,"Проекты домов до 100 м² — готовый проект №58-56A площадью 66,46 м². Дом: 2 этажа, габариты 7.5×10 м, материал стен — газобетон. На изображении представлены оригинальная визуализация дома и планы этажей. Сохраните проект, сравните планировку комнат и перейдите в каталог, чтобы узнать состав документации и актуальную стоимость.",https://catalog-plans.ru/catalog/58-56A?utm_source=pinterest&utm_medium=organic&utm_campaign=generated_raw_visual_plans_to_100_batch_64&utm_content=pin_12272_58-56A_plans&utm_term=proekty-domov-s-planirovkami,,"проекты домов до 100 м², проект дома 58-56A, дом 66,46 м², планировка дома, планы этажей, готовый проект дома, газобетон, catalog-plans.ru"
"Проекты домов 100–150 м²: проект №65-02A, 142,18 м²",https://raw.githubusercontent.com/nemchenik/test/9dd044fcd82fb3fec19f27b78d079fa36d093adb/pinterest/generated_batch_65_raw_visual_plans_100_150/65-02A.jpg,Проекты домов 100–150 м²,,"Проекты домов 100–150 м² — готовый проект №65-02A площадью 142,18 м². Дом: 1 этаж, габариты 12.8×17.6 м, материал стен — газобетон. На изображении представлены оригинальная визуализация дома и планы этажей. Сохраните проект, сравните планировку комнат и перейдите в каталог, чтобы узнать состав документации и актуальную стоимость.",https://catalog-plans.ru/catalog/65-02A?utm_source=pinterest&utm_medium=organic&utm_campaign=generated_raw_visual_plans_100_150_batch_65&utm_content=pin_12472_65-02A_plans&utm_term=proekty-domov-s-planirovkami,,"проекты домов 100–150 м², проект дома 65-02A, дом 142,18 м², планировка дома, планы этажей, готовый проект дома, газобетон, catalog-plans.ru"
"Проекты домов от 150 м²: проект №46-11CAL, 272,32 м²",https://raw.githubusercontent.com/nemchenik/test/9dd044fcd82fb3fec19f27b78d079fa36d093adb/pinterest/generated_batch_66_raw_visual_plans_from_150/46-11CAL.jpg,Проекты домов от 150 м²,,"Проекты домов от 150 м² — готовый проект №46-11CAL площадью 272,32 м². Дом: 1 этаж, габариты 13.23×15.52 м, материал стен — кирпич. На изображении представлены оригинальная визуализация дома и планы этажей. Сохраните проект, сравните планировку комнат и перейдите в каталог, чтобы узнать состав документации и актуальную стоимость.",https://catalog-plans.ru/catalog/46-11CAL?utm_source=pinterest&utm_medium=organic&utm_campaign=generated_raw_visual_plans_from_150_batch_66&utm_content=pin_12672_46-11CAL_plans&utm_term=proekty-domov-s-planirovkami,,"проекты домов от 150 м², проект дома 46-11CAL, дом 272,32 м², планировка дома, планы этажей, готовый проект дома, кирпич, catalog-plans.ru"
"Проекты домов до 100 м²: проект №91-15AL, 77,33 м²",https://raw.githubusercontent.com/nemchenik/test/9dd044fcd82fb3fec19f27b78d079fa36d093adb/pinterest/generated_batch_64_raw_visual_plans_to_100/91-15AL.jpg,Проекты домов до 100 м²,,"Проекты домов до 100 м² — готовый проект №91-15AL площадью 77,33 м². Дом: 1 этаж, габариты 8.1×14.6 м, материал стен — газобетон. На изображении представлены оригинальная визуализация дома и планы этажей. Сохраните проект, сравните планировку комнат и перейдите в каталог, чтобы узнать состав документации и актуальную стоимость.",https://catalog-plans.ru/catalog/91-15AL?utm_source=pinterest&utm_medium=organic&utm_campaign=generated_raw_visual_plans_to_100_batch_64&utm_content=pin_12273_91-15AL_plans&utm_term=proekty-domov-s-planirovkami,,"проекты домов до 100 м², проект дома 91-15AL, дом 77,33 м², планировка дома, планы этажей, готовый проект дома, газобетон, catalog-plans.ru"
"Проекты домов 100–150 м²: проект №58-70FL, 141,04 м²",https://raw.githubusercontent.com/nemchenik/test/9dd044fcd82fb3fec19f27b78d079fa36d093adb/pinterest/generated_batch_65_raw_visual_plans_100_150/58-70FL.jpg,Проекты домов 100–150 м²,,"Проекты домов 100–150 м² — готовый проект №58-70FL площадью 141,04 м². Дом: 1 этаж, габариты 12.71×14 м, материал стен — газобетон. На изображении представлены оригинальная визуализация дома и планы этажей. Сохраните проект, сравните планировку комнат и перейдите в каталог, чтобы узнать состав документации и актуальную стоимость.",https://catalog-plans.ru/catalog/58-70FL?utm_source=pinterest&utm_medium=organic&utm_campaign=generated_raw_visual_plans_100_150_batch_65&utm_content=pin_12473_58-70FL_plans&utm_term=proekty-domov-s-planirovkami,,"проекты домов 100–150 м², проект дома 58-70FL, дом 141,04 м², планировка дома, планы этажей, готовый проект дома, газобетон, catalog-plans.ru"
"Проекты домов от 150 м²: проект №64-16A, 179,19 м²",https://raw.githubusercontent.com/nemchenik/test/9dd044fcd82fb3fec19f27b78d079fa36d093adb/pinterest/generated_batch_66_raw_visual_plans_from_150/64-16A.jpg,Проекты домов от 150 м²,,"Проекты домов от 150 м² — готовый проект №64-16A площадью 179,19 м². Дом: 1 этаж, габариты 16×23.25 м, материал стен — газобетон. На изображении представлены оригинальная визуализация дома и планы этажей. Сохраните проект, сравните планировку комнат и перейдите в каталог, чтобы узнать состав документации и актуальную стоимость.",https://catalog-plans.ru/catalog/64-16A?utm_source=pinterest&utm_medium=organic&utm_campaign=generated_raw_visual_plans_from_150_batch_66&utm_content=pin_12673_64-16A_plans&utm_term=proekty-domov-s-planirovkami,,"проекты домов от 150 м², проект дома 64-16A, дом 179,19 м², планировка дома, планы этажей, готовый проект дома, газобетон, catalog-plans.ru"
"Проекты домов до 100 м²: проект №90-86AK1L, 63,2 м²",https://raw.githubusercontent.com/nemchenik/test/9dd044fcd82fb3fec19f27b78d079fa36d093adb/pinterest/generated_batch_64_raw_visual_plans_to_100/90-86AK1L.jpg,Проекты домов до 100 м²,,"Проекты домов до 100 м² — готовый проект №90-86AK1L площадью 63,2 м². Дом: 1 этаж, габариты 9.16×13.63 м, материал стен — кирпич. На изображении представлены оригинальная визуализация дома и планы этажей. Сохраните проект, сравните планировку комнат и перейдите в каталог, чтобы узнать состав документации и актуальную стоимость.",https://catalog-plans.ru/catalog/90-86AK1L?utm_source=pinterest&utm_medium=organic&utm_campaign=generated_raw_visual_plans_to_100_batch_64&utm_content=pin_12274_90-86AK1L_plans&utm_term=proekty-domov-s-planirovkami,,"проекты домов до 100 м², проект дома 90-86AK1L, дом 63,2 м², планировка дома, планы этажей, готовый проект дома, кирпич, catalog-plans.ru"
"Проекты домов 100–150 м²: проект №56-92, 129,4 м²",https://raw.githubusercontent.com/nemchenik/test/9dd044fcd82fb3fec19f27b78d079fa36d093adb/pinterest/generated_batch_65_raw_visual_plans_100_150/56-92.jpg,Проекты домов 100–150 м²,,"Проекты домов 100–150 м² — готовый проект №56-92 площадью 129,4 м². Дом: 2 этажа, габариты 9×16 м, материал стен — газобетон. На изображении представлены оригинальная визуализация дома и планы этажей. Сохраните проект, сравните планировку комнат и перейдите в каталог, чтобы узнать состав документации и актуальную стоимость.",https://catalog-plans.ru/catalog/56-92?utm_source=pinterest&utm_medium=organic&utm_campaign=generated_raw_visual_plans_100_150_batch_65&utm_content=pin_12474_56-92_plans&utm_term=proekty-domov-s-planirovkami,,"проекты домов 100–150 м², проект дома 56-92, дом 129,4 м², планировка дома, планы этажей, готовый проект дома, газобетон, catalog-plans.ru"
"Проекты домов от 150 м²: проект №63-42YMK, 152,09 м²",https://raw.githubusercontent.com/nemchenik/test/9dd044fcd82fb3fec19f27b78d079fa36d093adb/pinterest/generated_batch_66_raw_visual_plans_from_150/63-42YMK.jpg,Проекты домов от 150 м²,,"Проекты домов от 150 м² — готовый проект №63-42YMK площадью 152,09 м². Дом: 2 этажа, габариты 7.5×13.7 м, материал стен — монолитный каркас. На изображении представлены оригинальная визуализация дома и планы этажей. Сохраните проект, сравните планировку комнат и перейдите в каталог, чтобы узнать состав документации и актуальную стоимость.",https://catalog-plans.ru/catalog/63-42YMK?utm_source=pinterest&utm_medium=organic&utm_campaign=generated_raw_visual_plans_from_150_batch_66&utm_content=pin_12674_63-42YMK_plans&utm_term=proekty-domov-s-planirovkami,,"проекты домов от 150 м², проект дома 63-42YMK, дом 152,09 м², планировка дома, планы этажей, готовый проект дома, монолитный каркас, catalog-plans.ru"
"Проекты домов до 100 м²: проект №72-11, 69,2 м²",https://raw.githubusercontent.com/nemchenik/test/9dd044fcd82fb3fec19f27b78d079fa36d093adb/pinterest/generated_batch_64_raw_visual_plans_to_100/72-11.jpg,Проекты домов до 100 м²,,"Проекты домов до 100 м² — готовый проект №72-11 площадью 69,2 м². Дом: 2 этажа, габариты 8×8.04 м, материал стен — газобетон. На изображении представлены оригинальная визуализация дома и планы этажей. Сохраните проект, сравните планировку комнат и перейдите в каталог, чтобы узнать состав документации и актуальную стоимость.",https://catalog-plans.ru/catalog/72-11?utm_source=pinterest&utm_medium=organic&utm_campaign=generated_raw_visual_plans_to_100_batch_64&utm_content=pin_12275_72-11_plans&utm_term=proekty-domov-s-planirovkami,,"проекты домов до 100 м², проект дома 72-11, дом 69,2 м², планировка дома, планы этажей, готовый проект дома, газобетон, catalog-plans.ru"
"Проекты домов 100–150 м²: проект №57-07JK1, 133,05 м²",https://raw.githubusercontent.com/nemchenik/test/9dd044fcd82fb3fec19f27b78d079fa36d093adb/pinterest/generated_batch_65_raw_visual_plans_100_150/57-07JK1.jpg,Проекты домов 100–150 м²,,"Проекты домов 100–150 м² — готовый проект №57-07JK1 площадью 133,05 м². Дом: 2 этажа, габариты 8.41×11.81 м, материал стен — кирпич. На изображении представлены оригинальная визуализация дома и планы этажей. Сохраните проект, сравните планировку комнат и перейдите в каталог, чтобы узнать состав документации и актуальную стоимость.",https://catalog-plans.ru/catalog/57-07JK1?utm_source=pinterest&utm_medium=organic&utm_campaign=generated_raw_visual_plans_100_150_batch_65&utm_content=pin_12475_57-07JK1_plans&utm_term=proekty-domov-s-planirovkami,,"проекты домов 100–150 м², проект дома 57-07JK1, дом 133,05 м², планировка дома, планы этажей, готовый проект дома, кирпич, catalog-plans.ru"
"Проекты домов от 150 м²: проект №34-45, 214 м²",https://raw.githubusercontent.com/nemchenik/test/9dd044fcd82fb3fec19f27b78d079fa36d093adb/pinterest/generated_batch_66_raw_visual_plans_from_150/34-45.jpg,Проекты домов от 150 м²,,"Проекты домов от 150 м² — готовый проект №34-45 площадью 214 м². Дом: 2 этажа, габариты 13.68×13.98 м, материал стен — кирпич. На изображении представлены оригинальная визуализация дома и планы этажей. Сохраните проект, сравните планировку комнат и перейдите в каталог, чтобы узнать состав документации и актуальную стоимость.",https://catalog-plans.ru/catalog/34-45?utm_source=pinterest&utm_medium=organic&utm_campaign=generated_raw_visual_plans_from_150_batch_66&utm_content=pin_12675_34-45_plans&utm_term=proekty-domov-s-planirovkami,,"проекты домов от 150 м², проект дома 34-45, дом 214 м², планировка дома, планы этажей, готовый проект дома, кирпич, catalog-plans.ru"
"Проекты домов до 100 м²: проект №48-20DG, 91,41 м²",https://raw.githubusercontent.com/nemchenik/test/9dd044fcd82fb3fec19f27b78d079fa36d093adb/pinterest/generated_batch_64_raw_visual_plans_to_100/48-20DG.jpg,Проекты домов до 100 м²,,"Проекты домов до 100 м² — готовый проект №48-20DG площадью 91,41 м². Дом: 2 этажа, габариты 8.82×8.82 м, материал стен — газобетон. На изображении представлены оригинальная визуализация дома и планы этажей. Сохраните проект, сравните планировку комнат и перейдите в каталог, чтобы узнать состав документации и актуальную стоимость.",https://catalog-plans.ru/catalog/48-20DG?utm_source=pinterest&utm_medium=organic&utm_campaign=generated_raw_visual_plans_to_100_batch_64&utm_content=pin_12276_48-20DG_plans&utm_term=proekty-domov-s-planirovkami,,"проекты домов до 100 м², проект дома 48-20DG, дом 91,41 м², планировка дома, планы этажей, готовый проект дома, газобетон, catalog-plans.ru"
"Проекты домов 100–150 м²: проект №92-26L, 130,13 м²",https://raw.githubusercontent.com/nemchenik/test/9dd044fcd82fb3fec19f27b78d079fa36d093adb/pinterest/generated_batch_65_raw_visual_plans_100_150/92-26L.jpg,Проекты домов 100–150 м²,,"Проекты домов 100–150 м² — готовый проект №92-26L площадью 130,13 м². Дом: 1 этаж, габариты 13.1×13.9 м, материал стен — монолитный каркас. На изображении представлены оригинальная визуализация дома и планы этажей. Сохраните проект, сравните планировку комнат и перейдите в каталог, чтобы узнать состав документации и актуальную стоимость.",https://catalog-plans.ru/catalog/92-26L?utm_source=pinterest&utm_medium=organic&utm_campaign=generated_raw_visual_plans_100_150_batch_65&utm_content=pin_12476_92-26L_plans&utm_term=proekty-domov-s-planirovkami,,"проекты домов 100–150 м², проект дома 92-26L, дом 130,13 м², планировка дома, планы этажей, готовый проект дома, монолитный каркас, catalog-plans.ru"
"Проекты домов от 150 м²: проект №47-78, 562,3 м²",https://raw.githubusercontent.com/nemchenik/test/9dd044fcd82fb3fec19f27b78d079fa36d093adb/pinterest/generated_batch_66_raw_visual_plans_from_150/47-78.jpg,Проекты домов от 150 м²,,"Проекты домов от 150 м² — готовый проект №47-78 площадью 562,3 м². Дом: 2 этажа, габариты 30.3×34.44 м, материал стен — кирпича 1. На изображении представлены оригинальная визуализация дома и планы этажей. Сохраните проект, сравните планировку комнат и перейдите в каталог, чтобы узнать состав документации и актуальную стоимость.",https://catalog-plans.ru/catalog/47-78?utm_source=pinterest&utm_medium=organic&utm_campaign=generated_raw_visual_plans_from_150_batch_66&utm_content=pin_12676_47-78_plans&utm_term=proekty-domov-s-planirovkami,,"проекты домов от 150 м², проект дома 47-78, дом 562,3 м², планировка дома, планы этажей, готовый проект дома, кирпича 1, catalog-plans.ru"
"Проекты домов до 100 м²: проект №13-59, 89,17 м²",https://raw.githubusercontent.com/nemchenik/test/9dd044fcd82fb3fec19f27b78d079fa36d093adb/pinterest/generated_batch_64_raw_visual_plans_to_100/13-59.jpg,Проекты домов до 100 м²,,"Проекты домов до 100 м² — готовый проект №13-59 площадью 89,17 м². Дом: 2 этажа, габариты 7×8 м, материал стен — дерево. На изображении представлены оригинальная визуализация дома и планы этажей. Сохраните проект, сравните планировку комнат и перейдите в каталог, чтобы узнать состав документации и актуальную стоимость.",https://catalog-plans.ru/catalog/13-59?utm_source=pinterest&utm_medium=organic&utm_campaign=generated_raw_visual_plans_to_100_batch_64&utm_content=pin_12277_13-59_plans&utm_term=proekty-domov-s-planirovkami,,"проекты домов до 100 м², проект дома 13-59, дом 89,17 м², планировка дома, планы этажей, готовый проект дома, дерево, catalog-plans.ru"
"Проекты домов 100–150 м²: проект №57-07HKB, 111,14 м²",https://raw.githubusercontent.com/nemchenik/test/9dd044fcd82fb3fec19f27b78d079fa36d093adb/pinterest/generated_batch_65_raw_visual_plans_100_150/57-07HKB.jpg,Проекты домов 100–150 м²,,"Проекты домов 100–150 м² — готовый проект №57-07HKB площадью 111,14 м². Дом: 2 этажа, габариты 9.2×9.2 м, материал стен — керамзитобетон. На изображении представлены оригинальная визуализация дома и планы этажей. Сохраните проект, сравните планировку комнат и перейдите в каталог, чтобы узнать состав документации и актуальную стоимость.",https://catalog-plans.ru/catalog/57-07HKB?utm_source=pinterest&utm_medium=organic&utm_campaign=generated_raw_visual_plans_100_150_batch_65&utm_content=pin_12477_57-07HKB_plans&utm_term=proekty-domov-s-planirovkami,,"проекты домов 100–150 м², проект дома 57-07HKB, дом 111,14 м², планировка дома, планы этажей, готовый проект дома, керамзитобетон, catalog-plans.ru"
"Проекты домов от 150 м²: проект №40-07L, 185,85 м²",https://raw.githubusercontent.com/nemchenik/test/9dd044fcd82fb3fec19f27b78d079fa36d093adb/pinterest/generated_batch_66_raw_visual_plans_from_150/40-07L.jpg,Проекты домов от 150 м²,,"Проекты домов от 150 м² — готовый проект №40-07L площадью 185,85 м². Дом: 2 этажа, габариты 11.58×11.58 м, материал стен — кирпич. На изображении представлены оригинальная визуализация дома и планы этажей. Сохраните проект, сравните планировку комнат и перейдите в каталог, чтобы узнать состав документации и актуальную стоимость.",https://catalog-plans.ru/catalog/40-07L?utm_source=pinterest&utm_medium=organic&utm_campaign=generated_raw_visual_plans_from_150_batch_66&utm_content=pin_12677_40-07L_plans&utm_term=proekty-domov-s-planirovkami,,"проекты домов от 150 м², проект дома 40-07L, дом 185,85 м², планировка дома, планы этажей, готовый проект дома, кирпич, catalog-plans.ru"
"Проекты домов до 100 м²: проект №10-85, 48,5 м²",https://raw.githubusercontent.com/nemchenik/test/9dd044fcd82fb3fec19f27b78d079fa36d093adb/pinterest/generated_batch_64_raw_visual_plans_to_100/10-85.jpg,Проекты домов до 100 м²,,"Проекты домов до 100 м² — готовый проект №10-85 площадью 48,5 м². Дом: 2 этажа, габариты 6×7 м, материал стен — дерево. На изображении представлены оригинальная визуализация дома и планы этажей. Сохраните проект, сравните планировку комнат и перейдите в каталог, чтобы узнать состав документации и актуальную стоимость.",https://catalog-plans.ru/catalog/10-85?utm_source=pinterest&utm_medium=organic&utm_campaign=generated_raw_visual_plans_to_100_batch_64&utm_content=pin_12278_10-85_plans&utm_term=proekty-domov-s-planirovkami,,"проекты домов до 100 м², проект дома 10-85, дом 48,5 м², планировка дома, планы этажей, готовый проект дома, дерево, catalog-plans.ru"
"Проекты домов 100–150 м²: проект №12-13, 137,2 м²",https://raw.githubusercontent.com/nemchenik/test/9dd044fcd82fb3fec19f27b78d079fa36d093adb/pinterest/generated_batch_65_raw_visual_plans_100_150/12-13.jpg,Проекты домов 100–150 м²,,"Проекты домов 100–150 м² — готовый проект №12-13 площадью 137,2 м². Дом: 2 этажа, габариты 8.74×11.9 м, материал стен — дерево. На изображении представлены оригинальная визуализация дома и планы этажей. Сохраните проект, сравните планировку комнат и перейдите в каталог, чтобы узнать состав документации и актуальную стоимость.",https://catalog-plans.ru/catalog/12-13?utm_source=pinterest&utm_medium=organic&utm_campaign=generated_raw_visual_plans_100_150_batch_65&utm_content=pin_12478_12-13_plans&utm_term=proekty-domov-s-planirovkami,,"проекты домов 100–150 м², проект дома 12-13, дом 137,2 м², планировка дома, планы этажей, готовый проект дома, дерево, catalog-plans.ru"
"Проекты домов от 150 м²: проект №57-34A, 347,49 м²",https://raw.githubusercontent.com/nemchenik/test/9dd044fcd82fb3fec19f27b78d079fa36d093adb/pinterest/generated_batch_66_raw_visual_plans_from_150/57-34A.jpg,Проекты домов от 150 м²,,"Проекты домов от 150 м² — готовый проект №57-34A площадью 347,49 м². Дом: 3 этажа, габариты 13.7×15.66 м, материал стен — газобетон. На изображении представлены оригинальная визуализация дома и планы этажей. Сохраните проект, сравните планировку комнат и перейдите в каталог, чтобы узнать состав документации и актуальную стоимость.",https://catalog-plans.ru/catalog/57-34A?utm_source=pinterest&utm_medium=organic&utm_campaign=generated_raw_visual_plans_from_150_batch_66&utm_content=pin_12678_57-34A_plans&utm_term=proekty-domov-s-planirovkami,,"проекты домов от 150 м², проект дома 57-34A, дом 347,49 м², планировка дома, планы этажей, готовый проект дома, газобетон, catalog-plans.ru"
"Проекты домов до 100 м²: проект №14-15, 22,03 м²",https://raw.githubusercontent.com/nemchenik/test/9dd044fcd82fb3fec19f27b78d079fa36d093adb/pinterest/generated_batch_64_raw_visual_plans_to_100/14-15.jpg,Проекты домов до 100 м²,,"Проекты домов до 100 м² — готовый проект №14-15 площадью 22,03 м². Дом: 1 этаж, габариты 4×7 м, материал стен — дерево. На изображении представлены оригинальная визуализация дома и планы этажей. Сохраните проект, сравните планировку комнат и перейдите в каталог, чтобы узнать состав документации и актуальную стоимость.",https://catalog-plans.ru/catalog/14-15?utm_source=pinterest&utm_medium=organic&utm_campaign=generated_raw_visual_plans_to_100_batch_64&utm_content=pin_12279_14-15_plans&utm_term=proekty-domov-s-planirovkami,,"проекты домов до 100 м², проект дома 14-15, дом 22,03 м², планировка дома, планы этажей, готовый проект дома, дерево, catalog-plans.ru"
"Проекты домов 100–150 м²: проект №13-99, 142,42 м²",https://raw.githubusercontent.com/nemchenik/test/9dd044fcd82fb3fec19f27b78d079fa36d093adb/pinterest/generated_batch_65_raw_visual_plans_100_150/13-99.jpg,Проекты домов 100–150 м²,,"Проекты домов 100–150 м² — готовый проект №13-99 площадью 142,42 м². Дом: 2 этажа, габариты 8×12 м, материал стен — дерево. На изображении представлены оригинальная визуализация дома и планы этажей. Сохраните проект, сравните планировку комнат и перейдите в каталог, чтобы узнать состав документации и актуальную стоимость.",https://catalog-plans.ru/catalog/13-99?utm_source=pinterest&utm_medium=organic&utm_campaign=generated_raw_visual_plans_100_150_batch_65&utm_content=pin_12479_13-99_plans&utm_term=proekty-domov-s-planirovkami,,"проекты домов 100–150 м², проект дома 13-99, дом 142,42 м², планировка дома, планы этажей, готовый проект дома, дерево, catalog-plans.ru"
"Проекты домов от 150 м²: проект №38-23, 801,06 м²",https://raw.githubusercontent.com/nemchenik/test/9dd044fcd82fb3fec19f27b78d079fa36d093adb/pinterest/generated_batch_66_raw_visual_plans_from_150/38-23.jpg,Проекты домов от 150 м²,,"Проекты домов от 150 м² — готовый проект №38-23 площадью 801,06 м². Дом: 2 этажа, габариты 17.53×26.2 м, материал стен — кирпич. На изображении представлены оригинальная визуализация дома и планы этажей. Сохраните проект, сравните планировку комнат и перейдите в каталог, чтобы узнать состав документации и актуальную стоимость.",https://catalog-plans.ru/catalog/38-23?utm_source=pinterest&utm_medium=organic&utm_campaign=generated_raw_visual_plans_from_150_batch_66&utm_content=pin_12679_38-23_plans&utm_term=proekty-domov-s-planirovkami,,"проекты домов от 150 м², проект дома 38-23, дом 801,06 м², планировка дома, планы этажей, готовый проект дома, кирпич, catalog-plans.ru"
"Проекты домов до 100 м²: проект №70-06, 87,26 м²",https://raw.githubusercontent.com/nemchenik/test/9dd044fcd82fb3fec19f27b78d079fa36d093adb/pinterest/generated_batch_64_raw_visual_plans_to_100/70-06.jpg,Проекты домов до 100 м²,,"Проекты домов до 100 м² — готовый проект №70-06 площадью 87,26 м². Дом: 1 этаж, габариты 10.37×11 м, материал стен — деревянный каркас. На изображении представлены оригинальная визуализация дома и планы этажей. Сохраните проект, сравните планировку комнат и перейдите в каталог, чтобы узнать состав документации и актуальную стоимость.",https://catalog-plans.ru/catalog/70-06?utm_source=pinterest&utm_medium=organic&utm_campaign=generated_raw_visual_plans_to_100_batch_64&utm_content=pin_12280_70-06_plans&utm_term=proekty-domov-s-planirovkami,,"проекты домов до 100 м², проект дома 70-06, дом 87,26 м², планировка дома, планы этажей, готовый проект дома, деревянный каркас, catalog-plans.ru"
"Проекты домов 100–150 м²: проект №40-04ZN, 135,06 м²",https://raw.githubusercontent.com/nemchenik/test/9dd044fcd82fb3fec19f27b78d079fa36d093adb/pinterest/generated_batch_65_raw_visual_plans_100_150/40-04ZN.jpg,Проекты домов 100–150 м²,,"Проекты домов 100–150 м² — готовый проект №40-04ZN площадью 135,06 м². Дом: 2 этажа, габариты 9.5×10 м, материал стен — газобетон. На изображении представлены оригинальная визуализация дома и планы этажей. Сохраните проект, сравните планировку комнат и перейдите в каталог, чтобы узнать состав документации и актуальную стоимость.",https://catalog-plans.ru/catalog/40-04ZN?utm_source=pinterest&utm_medium=organic&utm_campaign=generated_raw_visual_plans_100_150_batch_65&utm_content=pin_12480_40-04ZN_plans&utm_term=proekty-domov-s-planirovkami,,"проекты домов 100–150 м², проект дома 40-04ZN, дом 135,06 м², планировка дома, планы этажей, готовый проект дома, газобетон, catalog-plans.ru"
"Проекты домов от 150 м²: проект №48-21, 255,48 м²",https://raw.githubusercontent.com/nemchenik/test/9dd044fcd82fb3fec19f27b78d079fa36d093adb/pinterest/generated_batch_66_raw_visual_plans_from_150/48-21.jpg,Проекты домов от 150 м²,,"Проекты домов от 150 м² — готовый проект №48-21 площадью 255,48 м². Дом: 2 этажа, габариты 13.76×15.94 м, материал стен — кирпич. На изображении представлены оригинальная визуализация дома и планы этажей. Сохраните проект, сравните планировку комнат и перейдите в каталог, чтобы узнать состав документации и актуальную стоимость.",https://catalog-plans.ru/catalog/48-21?utm_source=pinterest&utm_medium=organic&utm_campaign=generated_raw_visual_plans_from_150_batch_66&utm_content=pin_12680_48-21_plans&utm_term=proekty-domov-s-planirovkami,,"проекты домов от 150 м², проект дома 48-21, дом 255,48 м², планировка дома, планы этажей, готовый проект дома, кирпич, catalog-plans.ru"
"Проекты домов до 100 м²: проект №58-59EL, 85,81 м²",https://raw.githubusercontent.com/nemchenik/test/9dd044fcd82fb3fec19f27b78d079fa36d093adb/pinterest/generated_batch_64_raw_visual_plans_to_100/58-59EL.jpg,Проекты домов до 100 м²,,"Проекты домов до 100 м² — готовый проект №58-59EL площадью 85,81 м². Дом: 2 этажа, габариты 8.2×8.2 м, материал стен — газобетон. На изображении представлены оригинальная визуализация дома и планы этажей. Сохраните проект, сравните планировку комнат и перейдите в каталог, чтобы узнать состав документации и актуальную стоимость.",https://catalog-plans.ru/catalog/58-59EL?utm_source=pinterest&utm_medium=organic&utm_campaign=generated_raw_visual_plans_to_100_batch_64&utm_content=pin_12281_58-59EL_plans&utm_term=proekty-domov-s-planirovkami,,"проекты домов до 100 м², проект дома 58-59EL, дом 85,81 м², планировка дома, планы этажей, готовый проект дома, газобетон, catalog-plans.ru"
"Проекты домов 100–150 м²: проект №58-70QAB, 116,21 м²",https://raw.githubusercontent.com/nemchenik/test/9dd044fcd82fb3fec19f27b78d079fa36d093adb/pinterest/generated_batch_65_raw_visual_plans_100_150/58-70QAB.jpg,Проекты домов 100–150 м²,,"Проекты домов 100–150 м² — готовый проект №58-70QAB площадью 116,21 м². Дом: 1 этаж, габариты 11.8×13.8 м, материал стен — газобетон. На изображении представлены оригинальная визуализация дома и планы этажей. Сохраните проект, сравните планировку комнат и перейдите в каталог, чтобы узнать состав документации и актуальную стоимость.",https://catalog-plans.ru/catalog/58-70QAB?utm_source=pinterest&utm_medium=organic&utm_campaign=generated_raw_visual_plans_100_150_batch_65&utm_content=pin_12481_58-70QAB_plans&utm_term=proekty-domov-s-planirovkami,,"проекты домов 100–150 м², проект дома 58-70QAB, дом 116,21 м², планировка дома, планы этажей, готовый проект дома, газобетон, catalog-plans.ru"
"Проекты домов от 150 м²: проект №54-49, 207,3 м²",https://raw.githubusercontent.com/nemchenik/test/9dd044fcd82fb3fec19f27b78d079fa36d093adb/pinterest/generated_batch_66_raw_visual_plans_from_150/54-49.jpg,Проекты домов от 150 м²,,"Проекты домов от 150 м² — готовый проект №54-49 площадью 207,3 м². Дом: 2 этажа, габариты 13.5×14.8 м, материал стен — газобетон. На изображении представлены оригинальная визуализация дома и планы этажей. Сохраните проект, сравните планировку комнат и перейдите в каталог, чтобы узнать состав документации и актуальную стоимость.",https://catalog-plans.ru/catalog/54-49?utm_source=pinterest&utm_medium=organic&utm_campaign=generated_raw_visual_plans_from_150_batch_66&utm_content=pin_12681_54-49_plans&utm_term=proekty-domov-s-planirovkami,,"проекты домов от 150 м², проект дома 54-49, дом 207,3 м², планировка дома, планы этажей, готовый проект дома, газобетон, catalog-plans.ru"
"Проекты домов до 100 м²: проект №33-09, 96 м²",https://raw.githubusercontent.com/nemchenik/test/9dd044fcd82fb3fec19f27b78d079fa36d093adb/pinterest/generated_batch_64_raw_visual_plans_to_100/33-09.jpg,Проекты домов до 100 м²,,"Проекты домов до 100 м² — готовый проект №33-09 площадью 96 м². Дом: 2 этажа, габариты 7.8×8.4 м, материал стен — кирпич. На изображении представлены оригинальная визуализация дома и планы этажей. Сохраните проект, сравните планировку комнат и перейдите в каталог, чтобы узнать состав документации и актуальную стоимость.",https://catalog-plans.ru/catalog/33-09?utm_source=pinterest&utm_medium=organic&utm_campaign=generated_raw_visual_plans_to_100_batch_64&utm_content=pin_12282_33-09_plans&utm_term=proekty-domov-s-planirovkami,,"проекты домов до 100 м², проект дома 33-09, дом 96 м², планировка дома, планы этажей, готовый проект дома, кирпич, catalog-plans.ru"
"Проекты домов 100–150 м²: проект №62-07P, 138,1 м²",https://raw.githubusercontent.com/nemchenik/test/9dd044fcd82fb3fec19f27b78d079fa36d093adb/pinterest/generated_batch_65_raw_visual_plans_100_150/62-07P.jpg,Проекты домов 100–150 м²,,"Проекты домов 100–150 м² — готовый проект №62-07P площадью 138,1 м². Дом: 2 этажа, габариты 12×13 м, материал стен — газобетон. На изображении представлены оригинальная визуализация дома и планы этажей. Сохраните проект, сравните планировку комнат и перейдите в каталог, чтобы узнать состав документации и актуальную стоимость.",https://catalog-plans.ru/catalog/62-07P?utm_source=pinterest&utm_medium=organic&utm_campaign=generated_raw_visual_plans_100_150_batch_65&utm_content=pin_12482_62-07P_plans&utm_term=proekty-domov-s-planirovkami,,"проекты домов 100–150 м², проект дома 62-07P, дом 138,1 м², планировка дома, планы этажей, готовый проект дома, газобетон, catalog-plans.ru"
"Проекты домов от 150 м²: проект №48-24ABK1L, 290,92 м²",https://raw.githubusercontent.com/nemchenik/test/9dd044fcd82fb3fec19f27b78d079fa36d093adb/pinterest/generated_batch_66_raw_visual_plans_from_150/48-24ABK1L.jpg,Проекты домов от 150 м²,,"Проекты домов от 150 м² — готовый проект №48-24ABK1L площадью 290,92 м². Дом: 2 этажа, габариты 15.34×16.24 м, материал стен — кирпич. На изображении представлены оригинальная визуализация дома и планы этажей. Сохраните проект, сравните планировку комнат и перейдите в каталог, чтобы узнать состав документации и актуальную стоимость.",https://catalog-plans.ru/catalog/48-24ABK1L?utm_source=pinterest&utm_medium=organic&utm_campaign=generated_raw_visual_plans_from_150_batch_66&utm_content=pin_12682_48-24ABK1L_plans&utm_term=proekty-domov-s-planirovkami,,"проекты домов от 150 м², проект дома 48-24ABK1L, дом 290,92 м², планировка дома, планы этажей, готовый проект дома, кирпич, catalog-plans.ru"
"Проекты домов до 100 м²: проект №58-67, 87,75 м²",https://raw.githubusercontent.com/nemchenik/test/9dd044fcd82fb3fec19f27b78d079fa36d093adb/pinterest/generated_batch_64_raw_visual_plans_to_100/58-67.jpg,Проекты домов до 100 м²,,"Проекты домов до 100 м² — готовый проект №58-67 площадью 87,75 м². Дом: 2 этажа, габариты 6.5×9.7 м, материал стен — газобетон. На изображении представлены оригинальная визуализация дома и планы этажей. Сохраните проект, сравните планировку комнат и перейдите в каталог, чтобы узнать состав документации и актуальную стоимость.",https://catalog-plans.ru/catalog/58-67?utm_source=pinterest&utm_medium=organic&utm_campaign=generated_raw_visual_plans_to_100_batch_64&utm_content=pin_12283_58-67_plans&utm_term=proekty-domov-s-planirovkami,,"проекты домов до 100 м², проект дома 58-67, дом 87,75 м², планировка дома, планы этажей, готовый проект дома, газобетон, catalog-plans.ru"
"Проекты домов 100–150 м²: проект №71-03, 131,19 м²",https://raw.githubusercontent.com/nemchenik/test/9dd044fcd82fb3fec19f27b78d079fa36d093adb/pinterest/generated_batch_65_raw_visual_plans_100_150/71-03.jpg,Проекты домов 100–150 м²,,"Проекты домов 100–150 м² — готовый проект №71-03 площадью 131,19 м². Дом: 1 этаж, габариты 14.08×14.92 м, материал стен — деревянный каркас. На изображении представлены оригинальная визуализация дома и планы этажей. Сохраните проект, сравните планировку комнат и перейдите в каталог, чтобы узнать состав документации и актуальную стоимость.",https://catalog-plans.ru/catalog/71-03?utm_source=pinterest&utm_medium=organic&utm_campaign=generated_raw_visual_plans_100_150_batch_65&utm_content=pin_12483_71-03_plans&utm_term=proekty-domov-s-planirovkami,,"проекты домов 100–150 м², проект дома 71-03, дом 131,19 м², планировка дома, планы этажей, готовый проект дома, деревянный каркас, catalog-plans.ru"
"Проекты домов от 150 м²: проект №62-11, 341,03 м²",https://raw.githubusercontent.com/nemchenik/test/9dd044fcd82fb3fec19f27b78d079fa36d093adb/pinterest/generated_batch_66_raw_visual_plans_from_150/62-11.jpg,Проекты домов от 150 м²,,"Проекты домов от 150 м² — готовый проект №62-11 площадью 341,03 м². Дом: 2 этажа, габариты 14.1×21.8 м, материал стен — газобетон. На изображении представлены оригинальная визуализация дома и планы этажей. Сохраните проект, сравните планировку комнат и перейдите в каталог, чтобы узнать состав документации и актуальную стоимость.",https://catalog-plans.ru/catalog/62-11?utm_source=pinterest&utm_medium=organic&utm_campaign=generated_raw_visual_plans_from_150_batch_66&utm_content=pin_12683_62-11_plans&utm_term=proekty-domov-s-planirovkami,,"проекты домов от 150 м², проект дома 62-11, дом 341,03 м², планировка дома, планы этажей, готовый проект дома, газобетон, catalog-plans.ru"
"Проекты домов до 100 м²: проект №65-12, 92,39 м²",https://raw.githubusercontent.com/nemchenik/test/9dd044fcd82fb3fec19f27b78d079fa36d093adb/pinterest/generated_batch_64_raw_visual_plans_to_100/65-12.jpg,Проекты домов до 100 м²,,"Проекты домов до 100 м² — готовый проект №65-12 площадью 92,39 м². Дом: 1 этаж, габариты 9.4×13.4 м, материал стен — газобетон. На изображении представлены оригинальная визуализация дома и планы этажей. Сохраните проект, сравните планировку комнат и перейдите в каталог, чтобы узнать состав документации и актуальную стоимость.",https://catalog-plans.ru/catalog/65-12?utm_source=pinterest&utm_medium=organic&utm_campaign=generated_raw_visual_plans_to_100_batch_64&utm_content=pin_12284_65-12_plans&utm_term=proekty-domov-s-planirovkami,,"проекты домов до 100 м², проект дома 65-12, дом 92,39 м², планировка дома, планы этажей, готовый проект дома, газобетон, catalog-plans.ru"
"Проекты домов 100–150 м²: проект №40-04N, 134,01 м²",https://raw.githubusercontent.com/nemchenik/test/9dd044fcd82fb3fec19f27b78d079fa36d093adb/pinterest/generated_batch_65_raw_visual_plans_100_150/40-04N.jpg,Проекты домов 100–150 м²,,"Проекты домов 100–150 м² — готовый проект №40-04N площадью 134,01 м². Дом: 2 этажа, габариты 9.4×9.9 м, материал стен — газобетон. На изображении представлены оригинальная визуализация дома и планы этажей. Сохраните проект, сравните планировку комнат и перейдите в каталог, чтобы узнать состав документации и актуальную стоимость.",https://catalog-plans.ru/catalog/40-04N?utm_source=pinterest&utm_medium=organic&utm_campaign=generated_raw_visual_plans_100_150_batch_65&utm_content=pin_12484_40-04N_plans&utm_term=proekty-domov-s-planirovkami,,"проекты домов 100–150 м², проект дома 40-04N, дом 134,01 м², планировка дома, планы этажей, готовый проект дома, газобетон, catalog-plans.ru"
"Проекты домов от 150 м²: проект №32-62, 181,8 м²",https://raw.githubusercontent.com/nemchenik/test/9dd044fcd82fb3fec19f27b78d079fa36d093adb/pinterest/generated_batch_66_raw_visual_plans_from_150/32-62.jpg,Проекты домов от 150 м²,,"Проекты домов от 150 м² — готовый проект №32-62 площадью 181,8 м². Дом: 2 этажа, габариты 12.54×12.57 м, материал стен — кирпич. На изображении представлены оригинальная визуализация дома и планы этажей. Сохраните проект, сравните планировку комнат и перейдите в каталог, чтобы узнать состав документации и актуальную стоимость.",https://catalog-plans.ru/catalog/32-62?utm_source=pinterest&utm_medium=organic&utm_campaign=generated_raw_visual_plans_from_150_batch_66&utm_content=pin_12684_32-62_plans&utm_term=proekty-domov-s-planirovkami,,"проекты домов от 150 м², проект дома 32-62, дом 181,8 м², планировка дома, планы этажей, готовый проект дома, кирпич, catalog-plans.ru"
"Проекты домов до 100 м²: проект №59-38, 84,1 м²",https://raw.githubusercontent.com/nemchenik/test/9dd044fcd82fb3fec19f27b78d079fa36d093adb/pinterest/generated_batch_64_raw_visual_plans_to_100/59-38.jpg,Проекты домов до 100 м²,,"Проекты домов до 100 м² — готовый проект №59-38 площадью 84,1 м². Дом: 2 этажа, габариты 10.2×10.6 м, материал стен — газобетон. На изображении представлены оригинальная визуализация дома и планы этажей. Сохраните проект, сравните планировку комнат и перейдите в каталог, чтобы узнать состав документации и актуальную стоимость.",https://catalog-plans.ru/catalog/59-38?utm_source=pinterest&utm_medium=organic&utm_campaign=generated_raw_visual_plans_to_100_batch_64&utm_content=pin_12285_59-38_plans&utm_term=proekty-domov-s-planirovkami,,"проекты домов до 100 м², проект дома 59-38, дом 84,1 м², планировка дома, планы этажей, готовый проект дома, газобетон, catalog-plans.ru"
"Проекты домов 100–150 м²: проект №40-04ZSL, 132,44 м²",https://raw.githubusercontent.com/nemchenik/test/9dd044fcd82fb3fec19f27b78d079fa36d093adb/pinterest/generated_batch_65_raw_visual_plans_100_150/40-04ZSL.jpg,Проекты домов 100–150 м²,,"Проекты домов 100–150 м² — готовый проект №40-04ZSL площадью 132,44 м². Дом: 2 этажа, габариты 9.66×10.16 м, материал стен — газобетон. На изображении представлены оригинальная визуализация дома и планы этажей. Сохраните проект, сравните планировку комнат и перейдите в каталог, чтобы узнать состав документации и актуальную стоимость.",https://catalog-plans.ru/catalog/40-04ZSL?utm_source=pinterest&utm_medium=organic&utm_campaign=generated_raw_visual_plans_100_150_batch_65&utm_content=pin_12485_40-04ZSL_plans&utm_term=proekty-domov-s-planirovkami,,"проекты домов 100–150 м², проект дома 40-04ZSL, дом 132,44 м², планировка дома, планы этажей, готовый проект дома, газобетон, catalog-plans.ru"
"Проекты домов от 150 м²: проект №45-64NMKL, 193,8 м²",https://raw.githubusercontent.com/nemchenik/test/9dd044fcd82fb3fec19f27b78d079fa36d093adb/pinterest/generated_batch_66_raw_visual_plans_from_150/45-64NMKL.jpg,Проекты домов от 150 м²,,"Проекты домов от 150 м² — готовый проект №45-64NMKL площадью 193,8 м². Дом: 2 этажа, габариты 12.37×12.74 м, материал стен — кирпич. На изображении представлены оригинальная визуализация дома и планы этажей. Сохраните проект, сравните планировку комнат и перейдите в каталог, чтобы узнать состав документации и актуальную стоимость.",https://catalog-plans.ru/catalog/45-64NMKL?utm_source=pinterest&utm_medium=organic&utm_campaign=generated_raw_visual_plans_from_150_batch_66&utm_content=pin_12685_45-64NMKL_plans&utm_term=proekty-domov-s-planirovkami,,"проекты домов от 150 м², проект дома 45-64NMKL, дом 193,8 м², планировка дома, планы этажей, готовый проект дома, кирпич, catalog-plans.ru"
"Проекты домов до 100 м²: проект №15-06, 91 м²",https://raw.githubusercontent.com/nemchenik/test/9dd044fcd82fb3fec19f27b78d079fa36d093adb/pinterest/generated_batch_64_raw_visual_plans_to_100/15-06.jpg,Проекты домов до 100 м²,,"Проекты домов до 100 м² — готовый проект №15-06 площадью 91 м². Дом: 1 этаж, габариты 10×13 м, материал стен — дерево. На изображении представлены оригинальная визуализация дома и планы этажей. Сохраните проект, сравните планировку комнат и перейдите в каталог, чтобы узнать состав документации и актуальную стоимость.",https://catalog-plans.ru/catalog/15-06?utm_source=pinterest&utm_medium=organic&utm_campaign=generated_raw_visual_plans_to_100_batch_64&utm_content=pin_12286_15-06_plans&utm_term=proekty-domov-s-planirovkami,,"проекты домов до 100 м², проект дома 15-06, дом 91 м², планировка дома, планы этажей, готовый проект дома, дерево, catalog-plans.ru"
"Проекты домов 100–150 м²: проект №59-92DAE, 128,72 м²",https://raw.githubusercontent.com/nemchenik/test/9dd044fcd82fb3fec19f27b78d079fa36d093adb/pinterest/generated_batch_65_raw_visual_plans_100_150/59-92DAE.jpg,Проекты домов 100–150 м²,,"Проекты домов 100–150 м² — готовый проект №59-92DAE площадью 128,72 м². Дом: 2 этажа, габариты 10.4×11.4 м, материал стен — газобетон. На изображении представлены оригинальная визуализация дома и планы этажей. Сохраните проект, сравните планировку комнат и перейдите в каталог, чтобы узнать состав документации и актуальную стоимость.",https://catalog-plans.ru/catalog/59-92DAE?utm_source=pinterest&utm_medium=organic&utm_campaign=generated_raw_visual_plans_100_150_batch_65&utm_content=pin_12486_59-92DAE_plans&utm_term=proekty-domov-s-planirovkami,,"проекты домов 100–150 м², проект дома 59-92DAE, дом 128,72 м², планировка дома, планы этажей, готовый проект дома, газобетон, catalog-plans.ru"
"Проекты домов от 150 м²: проект №45-64ZFGL, 347,16 м²",https://raw.githubusercontent.com/nemchenik/test/9dd044fcd82fb3fec19f27b78d079fa36d093adb/pinterest/generated_batch_66_raw_visual_plans_from_150/45-64ZFGL.jpg,Проекты домов от 150 м²,,"Проекты домов от 150 м² — готовый проект №45-64ZFGL площадью 347,16 м². Дом: 2 этажа, габариты 14.19×19.9 м, материал стен — газобетон. На изображении представлены оригинальная визуализация дома и планы этажей. Сохраните проект, сравните планировку комнат и перейдите в каталог, чтобы узнать состав документации и актуальную стоимость.",https://catalog-plans.ru/catalog/45-64ZFGL?utm_source=pinterest&utm_medium=organic&utm_campaign=generated_raw_visual_plans_from_150_batch_66&utm_content=pin_12686_45-64ZFGL_plans&utm_term=proekty-domov-s-planirovkami,,"проекты домов от 150 м², проект дома 45-64ZFGL, дом 347,16 м², планировка дома, планы этажей, готовый проект дома, газобетон, catalog-plans.ru"
"Проекты домов до 100 м²: проект №60-54, 83,24 м²",https://raw.githubusercontent.com/nemchenik/test/9dd044fcd82fb3fec19f27b78d079fa36d093adb/pinterest/generated_batch_64_raw_visual_plans_to_100/60-54.jpg,Проекты домов до 100 м²,,"Проекты домов до 100 м² — готовый проект №60-54 площадью 83,24 м². Дом: 1 этаж, габариты 8.5×12.5 м, материал стен — газобетон. На изображении представлены оригинальная визуализация дома и планы этажей. Сохраните проект, сравните планировку комнат и перейдите в каталог, чтобы узнать состав документации и актуальную стоимость.",https://catalog-plans.ru/catalog/60-54?utm_source=pinterest&utm_medium=organic&utm_campaign=generated_raw_visual_plans_to_100_batch_64&utm_content=pin_12287_60-54_plans&utm_term=proekty-domov-s-planirovkami,,"проекты домов до 100 м², проект дома 60-54, дом 83,24 м², планировка дома, планы этажей, готовый проект дома, газобетон, catalog-plans.ru"
"Проекты домов 100–150 м²: проект №48-17, 138,7 м²",https://raw.githubusercontent.com/nemchenik/test/9dd044fcd82fb3fec19f27b78d079fa36d093adb/pinterest/generated_batch_65_raw_visual_plans_100_150/48-17.jpg,Проекты домов 100–150 м²,,"Проекты домов 100–150 м² — готовый проект №48-17 площадью 138,7 м². Дом: 2 этажа, габариты 9×12.5 м, материал стен — газобетон. На изображении представлены оригинальная визуализация дома и планы этажей. Сохраните проект, сравните планировку комнат и перейдите в каталог, чтобы узнать состав документации и актуальную стоимость.",https://catalog-plans.ru/catalog/48-17?utm_source=pinterest&utm_medium=organic&utm_campaign=generated_raw_visual_plans_100_150_batch_65&utm_content=pin_12487_48-17_plans&utm_term=proekty-domov-s-planirovkami,,"проекты домов 100–150 м², проект дома 48-17, дом 138,7 м², планировка дома, планы этажей, готовый проект дома, газобетон, catalog-plans.ru"
"Проекты домов от 150 м²: проект №13-71, 242,6 м²",https://raw.githubusercontent.com/nemchenik/test/9dd044fcd82fb3fec19f27b78d079fa36d093adb/pinterest/generated_batch_66_raw_visual_plans_from_150/13-71.jpg,Проекты домов от 150 м²,,"Проекты домов от 150 м² — готовый проект №13-71 площадью 242,6 м². Дом: 2 этажа, габариты 10.2×13.2 м, материал стен — дерево. На изображении представлены оригинальная визуализация дома и планы этажей. Сохраните проект, сравните планировку комнат и перейдите в каталог, чтобы узнать состав документации и актуальную стоимость.",https://catalog-plans.ru/catalog/13-71?utm_source=pinterest&utm_medium=organic&utm_campaign=generated_raw_visual_plans_from_150_batch_66&utm_content=pin_12687_13-71_plans&utm_term=proekty-domov-s-planirovkami,,"проекты домов от 150 м², проект дома 13-71, дом 242,6 м², планировка дома, планы этажей, готовый проект дома, дерево, catalog-plans.ru"
"Проекты домов до 100 м²: проект №60-92, 62,4 м²",https://raw.githubusercontent.com/nemchenik/test/9dd044fcd82fb3fec19f27b78d079fa36d093adb/pinterest/generated_batch_64_raw_visual_plans_to_100/60-92.jpg,Проекты домов до 100 м²,,"Проекты домов до 100 м² — готовый проект №60-92 площадью 62,4 м². Дом: 1 этаж, габариты 8.3×11.4 м, материал стен — газобетон. На изображении представлены оригинальная визуализация дома и планы этажей. Сохраните проект, сравните планировку комнат и перейдите в каталог, чтобы узнать состав документации и актуальную стоимость.",https://catalog-plans.ru/catalog/60-92?utm_source=pinterest&utm_medium=organic&utm_campaign=generated_raw_visual_plans_to_100_batch_64&utm_content=pin_12288_60-92_plans&utm_term=proekty-domov-s-planirovkami,,"проекты домов до 100 м², проект дома 60-92, дом 62,4 м², планировка дома, планы этажей, готовый проект дома, газобетон, catalog-plans.ru"
"Проекты домов 100–150 м²: проект №91-93, 145,33 м²",https://raw.githubusercontent.com/nemchenik/test/9dd044fcd82fb3fec19f27b78d079fa36d093adb/pinterest/generated_batch_65_raw_visual_plans_100_150/91-93.jpg,Проекты домов 100–150 м²,,"Проекты домов 100–150 м² — готовый проект №91-93 площадью 145,33 м². Дом: 1 этаж, габариты 10.5×18.9 м, материал стен — газобетон. На изображении представлены оригинальная визуализация дома и планы этажей. Сохраните проект, сравните планировку комнат и перейдите в каталог, чтобы узнать состав документации и актуальную стоимость.",https://catalog-plans.ru/catalog/91-93?utm_source=pinterest&utm_medium=organic&utm_campaign=generated_raw_visual_plans_100_150_batch_65&utm_content=pin_12488_91-93_plans&utm_term=proekty-domov-s-planirovkami,,"проекты домов 100–150 м², проект дома 91-93, дом 145,33 м², планировка дома, планы этажей, готовый проект дома, газобетон, catalog-plans.ru"
"Проекты домов от 150 м²: проект №58-35, 204,79 м²",https://raw.githubusercontent.com/nemchenik/test/9dd044fcd82fb3fec19f27b78d079fa36d093adb/pinterest/generated_batch_66_raw_visual_plans_from_150/58-35.jpg,Проекты домов от 150 м²,,"Проекты домов от 150 м² — готовый проект №58-35 площадью 204,79 м². Дом: 2 этажа, габариты 12.36×14.26 м, материал стен — газобетон. На изображении представлены оригинальная визуализация дома и планы этажей. Сохраните проект, сравните планировку комнат и перейдите в каталог, чтобы узнать состав документации и актуальную стоимость.",https://catalog-plans.ru/catalog/58-35?utm_source=pinterest&utm_medium=organic&utm_campaign=generated_raw_visual_plans_from_150_batch_66&utm_content=pin_12688_58-35_plans&utm_term=proekty-domov-s-planirovkami,,"проекты домов от 150 м², проект дома 58-35, дом 204,79 м², планировка дома, планы этажей, готовый проект дома, газобетон, catalog-plans.ru"
"Проекты домов до 100 м²: проект №63-75, 88,98 м²",https://raw.githubusercontent.com/nemchenik/test/9dd044fcd82fb3fec19f27b78d079fa36d093adb/pinterest/generated_batch_64_raw_visual_plans_to_100/63-75.jpg,Проекты домов до 100 м²,,"Проекты домов до 100 м² — готовый проект №63-75 площадью 88,98 м². Дом: 2 этажа, габариты 8.3×9.6 м, материал стен — газобетон. На изображении представлены оригинальная визуализация дома и планы этажей. Сохраните проект, сравните планировку комнат и перейдите в каталог, чтобы узнать состав документации и актуальную стоимость.",https://catalog-plans.ru/catalog/63-75?utm_source=pinterest&utm_medium=organic&utm_campaign=generated_raw_visual_plans_to_100_batch_64&utm_content=pin_12289_63-75_plans&utm_term=proekty-domov-s-planirovkami,,"проекты домов до 100 м², проект дома 63-75, дом 88,98 м², планировка дома, планы этажей, готовый проект дома, газобетон, catalog-plans.ru"
"Проекты домов 100–150 м²: проект №40-47G, 130,43 м²",https://raw.githubusercontent.com/nemchenik/test/9dd044fcd82fb3fec19f27b78d079fa36d093adb/pinterest/generated_batch_65_raw_visual_plans_100_150/40-47G.jpg,Проекты домов 100–150 м²,,"Проекты домов 100–150 м² — готовый проект №40-47G площадью 130,43 м². Дом: 2 этажа, габариты 10.2×10.78 м, материал стен — газобетон. На изображении представлены оригинальная визуализация дома и планы этажей. Сохраните проект, сравните планировку комнат и перейдите в каталог, чтобы узнать состав документации и актуальную стоимость.",https://catalog-plans.ru/catalog/40-47G?utm_source=pinterest&utm_medium=organic&utm_campaign=generated_raw_visual_plans_100_150_batch_65&utm_content=pin_12489_40-47G_plans&utm_term=proekty-domov-s-planirovkami,,"проекты домов 100–150 м², проект дома 40-47G, дом 130,43 м², планировка дома, планы этажей, готовый проект дома, газобетон, catalog-plans.ru"
"Проекты домов от 150 м²: проект №58-64CK1L, 277,73 м²",https://raw.githubusercontent.com/nemchenik/test/9dd044fcd82fb3fec19f27b78d079fa36d093adb/pinterest/generated_batch_66_raw_visual_plans_from_150/58-64CK1L.jpg,Проекты домов от 150 м²,,"Проекты домов от 150 м² — готовый проект №58-64CK1L площадью 277,73 м². Дом: 2 этажа, габариты 11.22×14.86 м, материал стен — кирпич. На изображении представлены оригинальная визуализация дома и планы этажей. Сохраните проект, сравните планировку комнат и перейдите в каталог, чтобы узнать состав документации и актуальную стоимость.",https://catalog-plans.ru/catalog/58-64CK1L?utm_source=pinterest&utm_medium=organic&utm_campaign=generated_raw_visual_plans_from_150_batch_66&utm_content=pin_12689_58-64CK1L_plans&utm_term=proekty-domov-s-planirovkami,,"проекты домов от 150 м², проект дома 58-64CK1L, дом 277,73 м², планировка дома, планы этажей, готовый проект дома, кирпич, catalog-plans.ru"
"Проекты домов до 100 м²: проект №10-63, 57,1 м²",https://raw.githubusercontent.com/nemchenik/test/9dd044fcd82fb3fec19f27b78d079fa36d093adb/pinterest/generated_batch_64_raw_visual_plans_to_100/10-63.jpg,Проекты домов до 100 м²,,"Проекты домов до 100 м² — готовый проект №10-63 площадью 57,1 м². Дом: 2 этажа, габариты 6×8 м, материал стен — дерево. На изображении представлены оригинальная визуализация дома и планы этажей. Сохраните проект, сравните планировку комнат и перейдите в каталог, чтобы узнать состав документации и актуальную стоимость.",https://catalog-plans.ru/catalog/10-63?utm_source=pinterest&utm_medium=organic&utm_campaign=generated_raw_visual_plans_to_100_batch_64&utm_content=pin_12290_10-63_plans&utm_term=proekty-domov-s-planirovkami,,"проекты домов до 100 м², проект дома 10-63, дом 57,1 м², планировка дома, планы этажей, готовый проект дома, дерево, catalog-plans.ru"
"Проекты домов 100–150 м²: проект №58-79AP, 146,56 м²",https://raw.githubusercontent.com/nemchenik/test/9dd044fcd82fb3fec19f27b78d079fa36d093adb/pinterest/generated_batch_65_raw_visual_plans_100_150/58-79AP.jpg,Проекты домов 100–150 м²,,"Проекты домов 100–150 м² — готовый проект №58-79AP площадью 146,56 м². Дом: 2 этажа, габариты 9.56×11.81 м, материал стен — газобетон. На изображении представлены оригинальная визуализация дома и планы этажей. Сохраните проект, сравните планировку комнат и перейдите в каталог, чтобы узнать состав документации и актуальную стоимость.",https://catalog-plans.ru/catalog/58-79AP?utm_source=pinterest&utm_medium=organic&utm_campaign=generated_raw_visual_plans_100_150_batch_65&utm_content=pin_12490_58-79AP_plans&utm_term=proekty-domov-s-planirovkami,,"проекты домов 100–150 м², проект дома 58-79AP, дом 146,56 м², планировка дома, планы этажей, готовый проект дома, газобетон, catalog-plans.ru"
"Проекты домов от 150 м²: проект №65-97, 285,27 м²",https://raw.githubusercontent.com/nemchenik/test/9dd044fcd82fb3fec19f27b78d079fa36d093adb/pinterest/generated_batch_66_raw_visual_plans_from_150/65-97.jpg,Проекты домов от 150 м²,,"Проекты домов от 150 м² — готовый проект №65-97 площадью 285,27 м². Дом: 2 этажа, габариты 12.01×17.83 м, материал стен — газобетон. На изображении представлены оригинальная визуализация дома и планы этажей. Сохраните проект, сравните планировку комнат и перейдите в каталог, чтобы узнать состав документации и актуальную стоимость.",https://catalog-plans.ru/catalog/65-97?utm_source=pinterest&utm_medium=organic&utm_campaign=generated_raw_visual_plans_from_150_batch_66&utm_content=pin_12690_65-97_plans&utm_term=proekty-domov-s-planirovkami,,"проекты домов от 150 м², проект дома 65-97, дом 285,27 м², планировка дома, планы этажей, готовый проект дома, газобетон, catalog-plans.ru"
"Проекты домов до 100 м²: проект №70-76, 61,5 м²",https://raw.githubusercontent.com/nemchenik/test/9dd044fcd82fb3fec19f27b78d079fa36d093adb/pinterest/generated_batch_64_raw_visual_plans_to_100/70-76.jpg,Проекты домов до 100 м²,,"Проекты домов до 100 м² — готовый проект №70-76 площадью 61,5 м². Дом: 1 этаж, габариты 8×8.8 м, материал стен — деревянный каркас. На изображении представлены оригинальная визуализация дома и планы этажей. Сохраните проект, сравните планировку комнат и перейдите в каталог, чтобы узнать состав документации и актуальную стоимость.",https://catalog-plans.ru/catalog/70-76?utm_source=pinterest&utm_medium=organic&utm_campaign=generated_raw_visual_plans_to_100_batch_64&utm_content=pin_12291_70-76_plans&utm_term=proekty-domov-s-planirovkami,,"проекты домов до 100 м², проект дома 70-76, дом 61,5 м², планировка дома, планы этажей, готовый проект дома, деревянный каркас, catalog-plans.ru"
"Проекты домов 100–150 м²: проект №58-70KDL, 119,31 м²",https://raw.githubusercontent.com/nemchenik/test/9dd044fcd82fb3fec19f27b78d079fa36d093adb/pinterest/generated_batch_65_raw_visual_plans_100_150/58-70KDL.jpg,Проекты домов 100–150 м²,,"Проекты домов 100–150 м² — готовый проект №58-70KDL площадью 119,31 м². Дом: 1 этаж, габариты 12.39×14.28 м, материал стен — кирпич. На изображении представлены оригинальная визуализация дома и планы этажей. Сохраните проект, сравните планировку комнат и перейдите в каталог, чтобы узнать состав документации и актуальную стоимость.",https://catalog-plans.ru/catalog/58-70KDL?utm_source=pinterest&utm_medium=organic&utm_campaign=generated_raw_visual_plans_100_150_batch_65&utm_content=pin_12491_58-70KDL_plans&utm_term=proekty-domov-s-planirovkami,,"проекты домов 100–150 м², проект дома 58-70KDL, дом 119,31 м², планировка дома, планы этажей, готовый проект дома, кирпич, catalog-plans.ru"
"Проекты домов от 150 м²: проект №40-11G2L, 245,45 м²",https://raw.githubusercontent.com/nemchenik/test/9dd044fcd82fb3fec19f27b78d079fa36d093adb/pinterest/generated_batch_66_raw_visual_plans_from_150/40-11G2L.jpg,Проекты домов от 150 м²,,"Проекты домов от 150 м² — готовый проект №40-11G2L площадью 245,45 м². Дом: 2 этажа, габариты 13.84×14.88 м, материал стен — газобетон. На изображении представлены оригинальная визуализация дома и планы этажей. Сохраните проект, сравните планировку комнат и перейдите в каталог, чтобы узнать состав документации и актуальную стоимость.",https://catalog-plans.ru/catalog/40-11G2L?utm_source=pinterest&utm_medium=organic&utm_campaign=generated_raw_visual_plans_from_150_batch_66&utm_content=pin_12691_40-11G2L_plans&utm_term=proekty-domov-s-planirovkami,,"проекты домов от 150 м², проект дома 40-11G2L, дом 245,45 м², планировка дома, планы этажей, готовый проект дома, газобетон, catalog-plans.ru"
"Проекты домов до 100 м²: проект №92-21, 14,12 м²",https://raw.githubusercontent.com/nemchenik/test/9dd044fcd82fb3fec19f27b78d079fa36d093adb/pinterest/generated_batch_64_raw_visual_plans_to_100/92-21.jpg,Проекты домов до 100 м²,,"Проекты домов до 100 м² — готовый проект №92-21 площадью 14,12 м². Дом: 1 этаж, габариты 4.43×6 м, материал стен — кирпич. На изображении представлены оригинальная визуализация дома и планы этажей. Сохраните проект, сравните планировку комнат и перейдите в каталог, чтобы узнать состав документации и актуальную стоимость.",https://catalog-plans.ru/catalog/92-21?utm_source=pinterest&utm_medium=organic&utm_campaign=generated_raw_visual_plans_to_100_batch_64&utm_content=pin_12292_92-21_plans&utm_term=proekty-domov-s-planirovkami,,"проекты домов до 100 м², проект дома 92-21, дом 14,12 м², планировка дома, планы этажей, готовый проект дома, кирпич, catalog-plans.ru"
"Проекты домов 100–150 м²: проект №65-01, 116,73 м²",https://raw.githubusercontent.com/nemchenik/test/9dd044fcd82fb3fec19f27b78d079fa36d093adb/pinterest/generated_batch_65_raw_visual_plans_100_150/65-01.jpg,Проекты домов 100–150 м²,,"Проекты домов 100–150 м² — готовый проект №65-01 площадью 116,73 м². Дом: 1 этаж, габариты 9.4×17.55 м, материал стен — газобетон. На изображении представлены оригинальная визуализация дома и планы этажей. Сохраните проект, сравните планировку комнат и перейдите в каталог, чтобы узнать состав документации и актуальную стоимость.",https://catalog-plans.ru/catalog/65-01?utm_source=pinterest&utm_medium=organic&utm_campaign=generated_raw_visual_plans_100_150_batch_65&utm_content=pin_12492_65-01_plans&utm_term=proekty-domov-s-planirovkami,,"проекты домов 100–150 м², проект дома 65-01, дом 116,73 м², планировка дома, планы этажей, готовый проект дома, газобетон, catalog-plans.ru"
"Проекты домов от 150 м²: проект №57-74MAL, 263,6 м²",https://raw.githubusercontent.com/nemchenik/test/9dd044fcd82fb3fec19f27b78d079fa36d093adb/pinterest/generated_batch_66_raw_visual_plans_from_150/57-74MAL.jpg,Проекты домов от 150 м²,,"Проекты домов от 150 м² — готовый проект №57-74MAL площадью 263,6 м². Дом: 2 этажа, габариты 14.15×15.56 м, материал стен — газобетон. На изображении представлены оригинальная визуализация дома и планы этажей. Сохраните проект, сравните планировку комнат и перейдите в каталог, чтобы узнать состав документации и актуальную стоимость.",https://catalog-plans.ru/catalog/57-74MAL?utm_source=pinterest&utm_medium=organic&utm_campaign=generated_raw_visual_plans_from_150_batch_66&utm_content=pin_12692_57-74MAL_plans&utm_term=proekty-domov-s-planirovkami,,"проекты домов от 150 м², проект дома 57-74MAL, дом 263,6 м², планировка дома, планы этажей, готовый проект дома, газобетон, catalog-plans.ru"
"Проекты домов до 100 м²: проект №62-67, 72,78 м²",https://raw.githubusercontent.com/nemchenik/test/9dd044fcd82fb3fec19f27b78d079fa36d093adb/pinterest/generated_batch_64_raw_visual_plans_to_100/62-67.jpg,Проекты домов до 100 м²,,"Проекты домов до 100 м² — готовый проект №62-67 площадью 72,78 м². Дом: 2 этажа, габариты 7.9×8 м, материал стен — газобетон. На изображении представлены оригинальная визуализация дома и планы этажей. Сохраните проект, сравните планировку комнат и перейдите в каталог, чтобы узнать состав документации и актуальную стоимость.",https://catalog-plans.ru/catalog/62-67?utm_source=pinterest&utm_medium=organic&utm_campaign=generated_raw_visual_plans_to_100_batch_64&utm_content=pin_12293_62-67_plans&utm_term=proekty-domov-s-planirovkami,,"проекты домов до 100 м², проект дома 62-67, дом 72,78 м², планировка дома, планы этажей, готовый проект дома, газобетон, catalog-plans.ru"
"Проекты домов 100–150 м²: проект №40-80L, 107,37 м²",https://raw.githubusercontent.com/nemchenik/test/9dd044fcd82fb3fec19f27b78d079fa36d093adb/pinterest/generated_batch_65_raw_visual_plans_100_150/40-80L.jpg,Проекты домов 100–150 м²,,"Проекты домов 100–150 м² — готовый проект №40-80L площадью 107,37 м². Дом: 1 этаж, габариты 10.24×14.24 м, материал стен — кирпич. На изображении представлены оригинальная визуализация дома и планы этажей. Сохраните проект, сравните планировку комнат и перейдите в каталог, чтобы узнать состав документации и актуальную стоимость.",https://catalog-plans.ru/catalog/40-80L?utm_source=pinterest&utm_medium=organic&utm_campaign=generated_raw_visual_plans_100_150_batch_65&utm_content=pin_12493_40-80L_plans&utm_term=proekty-domov-s-planirovkami,,"проекты домов 100–150 м², проект дома 40-80L, дом 107,37 м², планировка дома, планы этажей, готовый проект дома, кирпич, catalog-plans.ru"
"Проекты домов от 150 м²: проект №65-83, 207,74 м²",https://raw.githubusercontent.com/nemchenik/test/9dd044fcd82fb3fec19f27b78d079fa36d093adb/pinterest/generated_batch_66_raw_visual_plans_from_150/65-83.jpg,Проекты домов от 150 м²,,"Проекты домов от 150 м² — готовый проект №65-83 площадью 207,74 м². Дом: 2 этажа, габариты 14.2×14.4 м, материал стен — газобетон. На изображении представлены оригинальная визуализация дома и планы этажей. Сохраните проект, сравните планировку комнат и перейдите в каталог, чтобы узнать состав документации и актуальную стоимость.",https://catalog-plans.ru/catalog/65-83?utm_source=pinterest&utm_medium=organic&utm_campaign=generated_raw_visual_plans_from_150_batch_66&utm_content=pin_12693_65-83_plans&utm_term=proekty-domov-s-planirovkami,,"проекты домов от 150 м², проект дома 65-83, дом 207,74 м², планировка дома, планы этажей, готовый проект дома, газобетон, catalog-plans.ru"
"Проекты домов до 100 м²: проект №57-37DL, 56,63 м²",https://raw.githubusercontent.com/nemchenik/test/9dd044fcd82fb3fec19f27b78d079fa36d093adb/pinterest/generated_batch_64_raw_visual_plans_to_100/57-37DL.jpg,Проекты домов до 100 м²,,"Проекты домов до 100 м² — готовый проект №57-37DL площадью 56,63 м². Дом: 1 этаж, габариты 9×10 м, материал стен — газобетон. На изображении представлены оригинальная визуализация дома и планы этажей. Сохраните проект, сравните планировку комнат и перейдите в каталог, чтобы узнать состав документации и актуальную стоимость.",https://catalog-plans.ru/catalog/57-37DL?utm_source=pinterest&utm_medium=organic&utm_campaign=generated_raw_visual_plans_to_100_batch_64&utm_content=pin_12294_57-37DL_plans&utm_term=proekty-domov-s-planirovkami,,"проекты домов до 100 м², проект дома 57-37DL, дом 56,63 м², планировка дома, планы этажей, готовый проект дома, газобетон, catalog-plans.ru"
"Проекты домов 100–150 м²: проект №40-04R, 132,44 м²",https://raw.githubusercontent.com/nemchenik/test/9dd044fcd82fb3fec19f27b78d079fa36d093adb/pinterest/generated_batch_65_raw_visual_plans_100_150/40-04R.jpg,Проекты домов 100–150 м²,,"Проекты домов 100–150 м² — готовый проект №40-04R площадью 132,44 м². Дом: 2 этажа, габариты 9.5×10 м, материал стен — газобетон. На изображении представлены оригинальная визуализация дома и планы этажей. Сохраните проект, сравните планировку комнат и перейдите в каталог, чтобы узнать состав документации и актуальную стоимость.",https://catalog-plans.ru/catalog/40-04R?utm_source=pinterest&utm_medium=organic&utm_campaign=generated_raw_visual_plans_100_150_batch_65&utm_content=pin_12494_40-04R_plans&utm_term=proekty-domov-s-planirovkami,,"проекты домов 100–150 м², проект дома 40-04R, дом 132,44 м², планировка дома, планы этажей, готовый проект дома, газобетон, catalog-plans.ru"
"Проекты домов от 150 м²: проект №63-95W, 259,68 м²",https://raw.githubusercontent.com/nemchenik/test/9dd044fcd82fb3fec19f27b78d079fa36d093adb/pinterest/generated_batch_66_raw_visual_plans_from_150/63-95W.jpg,Проекты домов от 150 м²,,"Проекты домов от 150 м² — готовый проект №63-95W площадью 259,68 м². Дом: 2 этажа, габариты 13.05×13.8 м, материал стен — газобетон. На изображении представлены оригинальная визуализация дома и планы этажей. Сохраните проект, сравните планировку комнат и перейдите в каталог, чтобы узнать состав документации и актуальную стоимость.",https://catalog-plans.ru/catalog/63-95W?utm_source=pinterest&utm_medium=organic&utm_campaign=generated_raw_visual_plans_from_150_batch_66&utm_content=pin_12694_63-95W_plans&utm_term=proekty-domov-s-planirovkami,,"проекты домов от 150 м², проект дома 63-95W, дом 259,68 м², планировка дома, планы этажей, готовый проект дома, газобетон, catalog-plans.ru"
"Проекты домов до 100 м²: проект №57-37, 71,73 м²",https://raw.githubusercontent.com/nemchenik/test/9dd044fcd82fb3fec19f27b78d079fa36d093adb/pinterest/generated_batch_64_raw_visual_plans_to_100/57-37.jpg,Проекты домов до 100 м²,,"Проекты домов до 100 м² — готовый проект №57-37 площадью 71,73 м². Дом: 1 этаж, габариты 9×10.45 м, материал стен — газобетон. На изображении представлены оригинальная визуализация дома и планы этажей. Сохраните проект, сравните планировку комнат и перейдите в каталог, чтобы узнать состав документации и актуальную стоимость.",https://catalog-plans.ru/catalog/57-37?utm_source=pinterest&utm_medium=organic&utm_campaign=generated_raw_visual_plans_to_100_batch_64&utm_content=pin_12295_57-37_plans&utm_term=proekty-domov-s-planirovkami,,"проекты домов до 100 м², проект дома 57-37, дом 71,73 м², планировка дома, планы этажей, готовый проект дома, газобетон, catalog-plans.ru"
"Проекты домов 100–150 м²: проект №65-52XM, 101,99 м²",https://raw.githubusercontent.com/nemchenik/test/9dd044fcd82fb3fec19f27b78d079fa36d093adb/pinterest/generated_batch_65_raw_visual_plans_100_150/65-52XM.jpg,Проекты домов 100–150 м²,,"Проекты домов 100–150 м² — готовый проект №65-52XM площадью 101,99 м². Дом: 1 этаж, габариты 12.16×12.66 м, материал стен — монолитный каркас. На изображении представлены оригинальная визуализация дома и планы этажей. Сохраните проект, сравните планировку комнат и перейдите в каталог, чтобы узнать состав документации и актуальную стоимость.",https://catalog-plans.ru/catalog/65-52XM?utm_source=pinterest&utm_medium=organic&utm_campaign=generated_raw_visual_plans_100_150_batch_65&utm_content=pin_12495_65-52XM_plans&utm_term=proekty-domov-s-planirovkami,,"проекты домов 100–150 м², проект дома 65-52XM, дом 101,99 м², планировка дома, планы этажей, готовый проект дома, монолитный каркас, catalog-plans.ru"
"Проекты домов от 150 м²: проект №65-28A, 195,83 м²",https://raw.githubusercontent.com/nemchenik/test/9dd044fcd82fb3fec19f27b78d079fa36d093adb/pinterest/generated_batch_66_raw_visual_plans_from_150/65-28A.jpg,Проекты домов от 150 м²,,"Проекты домов от 150 м² — готовый проект №65-28A площадью 195,83 м². Дом: 2 этажа, габариты 12.96×13.96 м, материал стен — газобетон. На изображении представлены оригинальная визуализация дома и планы этажей. Сохраните проект, сравните планировку комнат и перейдите в каталог, чтобы узнать состав документации и актуальную стоимость.",https://catalog-plans.ru/catalog/65-28A?utm_source=pinterest&utm_medium=organic&utm_campaign=generated_raw_visual_plans_from_150_batch_66&utm_content=pin_12695_65-28A_plans&utm_term=proekty-domov-s-planirovkami,,"проекты домов от 150 м², проект дома 65-28A, дом 195,83 м², планировка дома, планы этажей, готовый проект дома, газобетон, catalog-plans.ru"
"Проекты домов до 100 м²: проект №14-20, 76,85 м²",https://raw.githubusercontent.com/nemchenik/test/9dd044fcd82fb3fec19f27b78d079fa36d093adb/pinterest/generated_batch_64_raw_visual_plans_to_100/14-20.jpg,Проекты домов до 100 м²,,"Проекты домов до 100 м² — готовый проект №14-20 площадью 76,85 м². Дом: 1 этаж, габариты 9×10 м, материал стен — дерево. На изображении представлены оригинальная визуализация дома и планы этажей. Сохраните проект, сравните планировку комнат и перейдите в каталог, чтобы узнать состав документации и актуальную стоимость.",https://catalog-plans.ru/catalog/14-20?utm_source=pinterest&utm_medium=organic&utm_campaign=generated_raw_visual_plans_to_100_batch_64&utm_content=pin_12296_14-20_plans&utm_term=proekty-domov-s-planirovkami,,"проекты домов до 100 м², проект дома 14-20, дом 76,85 м², планировка дома, планы этажей, готовый проект дома, дерево, catalog-plans.ru"
"Проекты домов 100–150 м²: проект №40-05BBG, 136,72 м²",https://raw.githubusercontent.com/nemchenik/test/9dd044fcd82fb3fec19f27b78d079fa36d093adb/pinterest/generated_batch_65_raw_visual_plans_100_150/40-05BBG.jpg,Проекты домов 100–150 м²,,"Проекты домов 100–150 м² — готовый проект №40-05BBG площадью 136,72 м². Дом: 2 этажа, габариты 10.61×11.42 м, материал стен — газобетон. На изображении представлены оригинальная визуализация дома и планы этажей. Сохраните проект, сравните планировку комнат и перейдите в каталог, чтобы узнать состав документации и актуальную стоимость.",https://catalog-plans.ru/catalog/40-05BBG?utm_source=pinterest&utm_medium=organic&utm_campaign=generated_raw_visual_plans_100_150_batch_65&utm_content=pin_12496_40-05BBG_plans&utm_term=proekty-domov-s-planirovkami,,"проекты домов 100–150 м², проект дома 40-05BBG, дом 136,72 м², планировка дома, планы этажей, готовый проект дома, газобетон, catalog-plans.ru"
"Проекты домов от 150 м²: проект №69-16, 159,9 м²",https://raw.githubusercontent.com/nemchenik/test/9dd044fcd82fb3fec19f27b78d079fa36d093adb/pinterest/generated_batch_66_raw_visual_plans_from_150/69-16.jpg,Проекты домов от 150 м²,,"Проекты домов от 150 м² — готовый проект №69-16 площадью 159,9 м². Дом: 2 этажа, габариты 9.3×12.55 м, материал стен — газобетон. На изображении представлены оригинальная визуализация дома и планы этажей. Сохраните проект, сравните планировку комнат и перейдите в каталог, чтобы узнать состав документации и актуальную стоимость.",https://catalog-plans.ru/catalog/69-16?utm_source=pinterest&utm_medium=organic&utm_campaign=generated_raw_visual_plans_from_150_batch_66&utm_content=pin_12696_69-16_plans&utm_term=proekty-domov-s-planirovkami,,"проекты домов от 150 м², проект дома 69-16, дом 159,9 м², планировка дома, планы этажей, готовый проект дома, газобетон, catalog-plans.ru"
"Проекты домов до 100 м²: проект №15-15, 66,9 м²",https://raw.githubusercontent.com/nemchenik/test/9dd044fcd82fb3fec19f27b78d079fa36d093adb/pinterest/generated_batch_64_raw_visual_plans_to_100/15-15.jpg,Проекты домов до 100 м²,,"Проекты домов до 100 м² — готовый проект №15-15 площадью 66,9 м². Дом: 1 этаж, габариты 9.82×9.65 м, материал стен — газобетон. На изображении представлены оригинальная визуализация дома и планы этажей. Сохраните проект, сравните планировку комнат и перейдите в каталог, чтобы узнать состав документации и актуальную стоимость.",https://catalog-plans.ru/catalog/15-15?utm_source=pinterest&utm_medium=organic&utm_campaign=generated_raw_visual_plans_to_100_batch_64&utm_content=pin_12297_15-15_plans&utm_term=proekty-domov-s-planirovkami,,"проекты домов до 100 м², проект дома 15-15, дом 66,9 м², планировка дома, планы этажей, готовый проект дома, газобетон, catalog-plans.ru"
"Проекты домов 100–150 м²: проект №53-95, 129,4 м²",https://raw.githubusercontent.com/nemchenik/test/9dd044fcd82fb3fec19f27b78d079fa36d093adb/pinterest/generated_batch_65_raw_visual_plans_100_150/53-95.jpg,Проекты домов 100–150 м²,,"Проекты домов 100–150 м² — готовый проект №53-95 площадью 129,4 м². Дом: 2 этажа, габариты 8.2×9 м, материал стен — газобетон. На изображении представлены оригинальная визуализация дома и планы этажей. Сохраните проект, сравните планировку комнат и перейдите в каталог, чтобы узнать состав документации и актуальную стоимость.",https://catalog-plans.ru/catalog/53-95?utm_source=pinterest&utm_medium=organic&utm_campaign=generated_raw_visual_plans_100_150_batch_65&utm_content=pin_12497_53-95_plans&utm_term=proekty-domov-s-planirovkami,,"проекты домов 100–150 м², проект дома 53-95, дом 129,4 м², планировка дома, планы этажей, готовый проект дома, газобетон, catalog-plans.ru"
"Проекты домов от 150 м²: проект №57-70, 519,19 м²",https://raw.githubusercontent.com/nemchenik/test/9dd044fcd82fb3fec19f27b78d079fa36d093adb/pinterest/generated_batch_66_raw_visual_plans_from_150/57-70.jpg,Проекты домов от 150 м²,,"Проекты домов от 150 м² — готовый проект №57-70 площадью 519,19 м². Дом: 3 этажа, габариты 13.09×15.96 м, материал стен — газобетон. На изображении представлены оригинальная визуализация дома и планы этажей. Сохраните проект, сравните планировку комнат и перейдите в каталог, чтобы узнать состав документации и актуальную стоимость.",https://catalog-plans.ru/catalog/57-70?utm_source=pinterest&utm_medium=organic&utm_campaign=generated_raw_visual_plans_from_150_batch_66&utm_content=pin_12697_57-70_plans&utm_term=proekty-domov-s-planirovkami,,"проекты домов от 150 м², проект дома 57-70, дом 519,19 м², планировка дома, планы этажей, готовый проект дома, газобетон, catalog-plans.ru"
"Проекты домов до 100 м²: проект №68-39, 74,94 м²",https://raw.githubusercontent.com/nemchenik/test/9dd044fcd82fb3fec19f27b78d079fa36d093adb/pinterest/generated_batch_64_raw_visual_plans_to_100/68-39.jpg,Проекты домов до 100 м²,,"Проекты домов до 100 м² — готовый проект №68-39 площадью 74,94 м². Дом: 1 этаж, габариты 7.88×12.09 м, материал стен — монолитный каркас. На изображении представлены оригинальная визуализация дома и планы этажей. Сохраните проект, сравните планировку комнат и перейдите в каталог, чтобы узнать состав документации и актуальную стоимость.",https://catalog-plans.ru/catalog/68-39?utm_source=pinterest&utm_medium=organic&utm_campaign=generated_raw_visual_plans_to_100_batch_64&utm_content=pin_12298_68-39_plans&utm_term=proekty-domov-s-planirovkami,,"проекты домов до 100 м², проект дома 68-39, дом 74,94 м², планировка дома, планы этажей, готовый проект дома, монолитный каркас, catalog-plans.ru"
"Проекты домов 100–150 м²: проект №63-34, 115,63 м²",https://raw.githubusercontent.com/nemchenik/test/9dd044fcd82fb3fec19f27b78d079fa36d093adb/pinterest/generated_batch_65_raw_visual_plans_100_150/63-34.jpg,Проекты домов 100–150 м²,,"Проекты домов 100–150 м² — готовый проект №63-34 площадью 115,63 м². Дом: 1 этаж, габариты 10.7×13.7 м, материал стен — газобетон. На изображении представлены оригинальная визуализация дома и планы этажей. Сохраните проект, сравните планировку комнат и перейдите в каталог, чтобы узнать состав документации и актуальную стоимость.",https://catalog-plans.ru/catalog/63-34?utm_source=pinterest&utm_medium=organic&utm_campaign=generated_raw_visual_plans_100_150_batch_65&utm_content=pin_12498_63-34_plans&utm_term=proekty-domov-s-planirovkami,,"проекты домов 100–150 м², проект дома 63-34, дом 115,63 м², планировка дома, планы этажей, готовый проект дома, газобетон, catalog-plans.ru"
"Проекты домов от 150 м²: проект №34-75, 357,7 м²",https://raw.githubusercontent.com/nemchenik/test/9dd044fcd82fb3fec19f27b78d079fa36d093adb/pinterest/generated_batch_66_raw_visual_plans_from_150/34-75.jpg,Проекты домов от 150 м²,,"Проекты домов от 150 м² — готовый проект №34-75 площадью 357,7 м². Дом: 2 этажа, габариты 18.19×20.5 м, материал стен — кирпич. На изображении представлены оригинальная визуализация дома и планы этажей. Сохраните проект, сравните планировку комнат и перейдите в каталог, чтобы узнать состав документации и актуальную стоимость.",https://catalog-plans.ru/catalog/34-75?utm_source=pinterest&utm_medium=organic&utm_campaign=generated_raw_visual_plans_from_150_batch_66&utm_content=pin_12698_34-75_plans&utm_term=proekty-domov-s-planirovkami,,"проекты домов от 150 м², проект дома 34-75, дом 357,7 м², планировка дома, планы этажей, готовый проект дома, кирпич, catalog-plans.ru"
"Проекты домов до 100 м²: проект №46-57, 92,77 м²",https://raw.githubusercontent.com/nemchenik/test/9dd044fcd82fb3fec19f27b78d079fa36d093adb/pinterest/generated_batch_64_raw_visual_plans_to_100/46-57.jpg,Проекты домов до 100 м²,,"Проекты домов до 100 м² — готовый проект №46-57 площадью 92,77 м². Дом: 1 этаж, габариты 8.56×13.4 м, материал стен — кирпич. На изображении представлены оригинальная визуализация дома и планы этажей. Сохраните проект, сравните планировку комнат и перейдите в каталог, чтобы узнать состав документации и актуальную стоимость.",https://catalog-plans.ru/catalog/46-57?utm_source=pinterest&utm_medium=organic&utm_campaign=generated_raw_visual_plans_to_100_batch_64&utm_content=pin_12299_46-57_plans&utm_term=proekty-domov-s-planirovkami,,"проекты домов до 100 м², проект дома 46-57, дом 92,77 м², планировка дома, планы этажей, готовый проект дома, кирпич, catalog-plans.ru"
"Проекты домов 100–150 м²: проект №35-68, 108,5 м²",https://raw.githubusercontent.com/nemchenik/test/9dd044fcd82fb3fec19f27b78d079fa36d093adb/pinterest/generated_batch_65_raw_visual_plans_100_150/35-68.jpg,Проекты домов 100–150 м²,,"Проекты домов 100–150 м² — готовый проект №35-68 площадью 108,5 м². Дом: 2 этажа, габариты 7.2×9.2 м, материал стен — кирпич. На изображении представлены оригинальная визуализация дома и планы этажей. Сохраните проект, сравните планировку комнат и перейдите в каталог, чтобы узнать состав документации и актуальную стоимость.",https://catalog-plans.ru/catalog/35-68?utm_source=pinterest&utm_medium=organic&utm_campaign=generated_raw_visual_plans_100_150_batch_65&utm_content=pin_12499_35-68_plans&utm_term=proekty-domov-s-planirovkami,,"проекты домов 100–150 м², проект дома 35-68, дом 108,5 м², планировка дома, планы этажей, готовый проект дома, кирпич, catalog-plans.ru"
"Проекты домов от 150 м²: проект №58-84A, 155,38 м²",https://raw.githubusercontent.com/nemchenik/test/9dd044fcd82fb3fec19f27b78d079fa36d093adb/pinterest/generated_batch_66_raw_visual_plans_from_150/58-84A.jpg,Проекты домов от 150 м²,,"Проекты домов от 150 м² — готовый проект №58-84A площадью 155,38 м². Дом: 1 этаж, габариты 12×16.5 м, материал стен — газобетон. На изображении представлены оригинальная визуализация дома и планы этажей. Сохраните проект, сравните планировку комнат и перейдите в каталог, чтобы узнать состав документации и актуальную стоимость.",https://catalog-plans.ru/catalog/58-84A?utm_source=pinterest&utm_medium=organic&utm_campaign=generated_raw_visual_plans_from_150_batch_66&utm_content=pin_12699_58-84A_plans&utm_term=proekty-domov-s-planirovkami,,"проекты домов от 150 м², проект дома 58-84A, дом 155,38 м², планировка дома, планы этажей, готовый проект дома, газобетон, catalog-plans.ru"
"Проекты домов до 100 м²: проект №70-99, 68,19 м²",https://raw.githubusercontent.com/nemchenik/test/9dd044fcd82fb3fec19f27b78d079fa36d093adb/pinterest/generated_batch_64_raw_visual_plans_to_100/70-99.jpg,Проекты домов до 100 м²,,"Проекты домов до 100 м² — готовый проект №70-99 площадью 68,19 м². Дом: 1 этаж, габариты 9×9 м, материал стен — деревянный каркас. На изображении представлены оригинальная визуализация дома и планы этажей. Сохраните проект, сравните планировку комнат и перейдите в каталог, чтобы узнать состав документации и актуальную стоимость.",https://catalog-plans.ru/catalog/70-99?utm_source=pinterest&utm_medium=organic&utm_campaign=generated_raw_visual_plans_to_100_batch_64&utm_content=pin_12300_70-99_plans&utm_term=proekty-domov-s-planirovkami,,"проекты домов до 100 м², проект дома 70-99, дом 68,19 м², планировка дома, планы этажей, готовый проект дома, деревянный каркас, catalog-plans.ru"
"Проекты домов 100–150 м²: проект №61-00, 100,8 м²",https://raw.githubusercontent.com/nemchenik/test/9dd044fcd82fb3fec19f27b78d079fa36d093adb/pinterest/generated_batch_65_raw_visual_plans_100_150/61-00.jpg,Проекты домов 100–150 м²,,"Проекты домов 100–150 м² — готовый проект №61-00 площадью 100,8 м². Дом: 2 этажа, габариты 7×8.85 м, материал стен — газобетон. На изображении представлены оригинальная визуализация дома и планы этажей. Сохраните проект, сравните планировку комнат и перейдите в каталог, чтобы узнать состав документации и актуальную стоимость.",https://catalog-plans.ru/catalog/61-00?utm_source=pinterest&utm_medium=organic&utm_campaign=generated_raw_visual_plans_100_150_batch_65&utm_content=pin_12500_61-00_plans&utm_term=proekty-domov-s-planirovkami,,"проекты домов 100–150 м², проект дома 61-00, дом 100,8 м², планировка дома, планы этажей, готовый проект дома, газобетон, catalog-plans.ru"
"Проекты домов от 150 м²: проект №58-92EDK1, 164,04 м²",https://raw.githubusercontent.com/nemchenik/test/9dd044fcd82fb3fec19f27b78d079fa36d093adb/pinterest/generated_batch_66_raw_visual_plans_from_150/58-92EDK1.jpg,Проекты домов от 150 м²,,"Проекты домов от 150 м² — готовый проект №58-92EDK1 площадью 164,04 м². Дом: 2 этажа, габариты 11.53×11.97 м, материал стен — кирпич. На изображении представлены оригинальная визуализация дома и планы этажей. Сохраните проект, сравните планировку комнат и перейдите в каталог, чтобы узнать состав документации и актуальную стоимость.",https://catalog-plans.ru/catalog/58-92EDK1?utm_source=pinterest&utm_medium=organic&utm_campaign=generated_raw_visual_plans_from_150_batch_66&utm_content=pin_12700_58-92EDK1_plans&utm_term=proekty-domov-s-planirovkami,,"проекты домов от 150 м², проект дома 58-92EDK1, дом 164,04 м², планировка дома, планы этажей, готовый проект дома, кирпич, catalog-plans.ru"
"Проекты домов до 100 м²: проект №65-74, 62,55 м²",https://raw.githubusercontent.com/nemchenik/test/9dd044fcd82fb3fec19f27b78d079fa36d093adb/pinterest/generated_batch_64_raw_visual_plans_to_100/65-74.jpg,Проекты домов до 100 м²,,"Проекты домов до 100 м² — готовый проект №65-74 площадью 62,55 м². Дом: 1 этаж, габариты 7.76×12.76 м, материал стен — газобетон. На изображении представлены оригинальная визуализация дома и планы этажей. Сохраните проект, сравните планировку комнат и перейдите в каталог, чтобы узнать состав документации и актуальную стоимость.",https://catalog-plans.ru/catalog/65-74?utm_source=pinterest&utm_medium=organic&utm_campaign=generated_raw_visual_plans_to_100_batch_64&utm_content=pin_12301_65-74_plans&utm_term=proekty-domov-s-planirovkami,,"проекты домов до 100 м², проект дома 65-74, дом 62,55 м², планировка дома, планы этажей, готовый проект дома, газобетон, catalog-plans.ru"
"Проекты домов 100–150 м²: проект №62-05EAL, 130,41 м²",https://raw.githubusercontent.com/nemchenik/test/9dd044fcd82fb3fec19f27b78d079fa36d093adb/pinterest/generated_batch_65_raw_visual_plans_100_150/62-05EAL.jpg,Проекты домов 100–150 м²,,"Проекты домов 100–150 м² — готовый проект №62-05EAL площадью 130,41 м². Дом: 1 этаж, габариты 14.7×15.65 м, материал стен — газобетон. На изображении представлены оригинальная визуализация дома и планы этажей. Сохраните проект, сравните планировку комнат и перейдите в каталог, чтобы узнать состав документации и актуальную стоимость.",https://catalog-plans.ru/catalog/62-05EAL?utm_source=pinterest&utm_medium=organic&utm_campaign=generated_raw_visual_plans_100_150_batch_65&utm_content=pin_12501_62-05EAL_plans&utm_term=proekty-domov-s-planirovkami,,"проекты домов 100–150 м², проект дома 62-05EAL, дом 130,41 м², планировка дома, планы этажей, готовый проект дома, газобетон, catalog-plans.ru"
"Проекты домов от 150 м²: проект №46-43, 321,81 м²",https://raw.githubusercontent.com/nemchenik/test/9dd044fcd82fb3fec19f27b78d079fa36d093adb/pinterest/generated_batch_66_raw_visual_plans_from_150/46-43.jpg,Проекты домов от 150 м²,,"Проекты домов от 150 м² — готовый проект №46-43 площадью 321,81 м². Дом: 2 этажа, габариты 16.45×19.49 м, материал стен — кирпич. На изображении представлены оригинальная визуализация дома и планы этажей. Сохраните проект, сравните планировку комнат и перейдите в каталог, чтобы узнать состав документации и актуальную стоимость.",https://catalog-plans.ru/catalog/46-43?utm_source=pinterest&utm_medium=organic&utm_campaign=generated_raw_visual_plans_from_150_batch_66&utm_content=pin_12701_46-43_plans&utm_term=proekty-domov-s-planirovkami,,"проекты домов от 150 м², проект дома 46-43, дом 321,81 м², планировка дома, планы этажей, готовый проект дома, кирпич, catalog-plans.ru"
"Проекты домов до 100 м²: проект №48-19, 51,13 м²",https://raw.githubusercontent.com/nemchenik/test/9dd044fcd82fb3fec19f27b78d079fa36d093adb/pinterest/generated_batch_64_raw_visual_plans_to_100/48-19.jpg,Проекты домов до 100 м²,,"Проекты домов до 100 м² — готовый проект №48-19 площадью 51,13 м². Дом: 1 этаж, габариты 8×8 м, материал стен — кирпич. На изображении представлены оригинальная визуализация дома и планы этажей. Сохраните проект, сравните планировку комнат и перейдите в каталог, чтобы узнать состав документации и актуальную стоимость.",https://catalog-plans.ru/catalog/48-19?utm_source=pinterest&utm_medium=organic&utm_campaign=generated_raw_visual_plans_to_100_batch_64&utm_content=pin_12302_48-19_plans&utm_term=proekty-domov-s-planirovkami,,"проекты домов до 100 м², проект дома 48-19, дом 51,13 м², планировка дома, планы этажей, готовый проект дома, кирпич, catalog-plans.ru"
"Проекты домов 100–150 м²: проект №13-59FBK1L, 119,51 м²",https://raw.githubusercontent.com/nemchenik/test/9dd044fcd82fb3fec19f27b78d079fa36d093adb/pinterest/generated_batch_65_raw_visual_plans_100_150/13-59FBK1L.jpg,Проекты домов 100–150 м²,,"Проекты домов 100–150 м² — готовый проект №13-59FBK1L площадью 119,51 м². Дом: 2 этажа, габариты 9×11 м, материал стен — кирпич. На изображении представлены оригинальная визуализация дома и планы этажей. Сохраните проект, сравните планировку комнат и перейдите в каталог, чтобы узнать состав документации и актуальную стоимость.",https://catalog-plans.ru/catalog/13-59FBK1L?utm_source=pinterest&utm_medium=organic&utm_campaign=generated_raw_visual_plans_100_150_batch_65&utm_content=pin_12502_13-59FBK1L_plans&utm_term=proekty-domov-s-planirovkami,,"проекты домов 100–150 м², проект дома 13-59FBK1L, дом 119,51 м², планировка дома, планы этажей, готовый проект дома, кирпич, catalog-plans.ru"
"Проекты домов от 150 м²: проект №57-62TDB, 222,61 м²",https://raw.githubusercontent.com/nemchenik/test/9dd044fcd82fb3fec19f27b78d079fa36d093adb/pinterest/generated_batch_66_raw_visual_plans_from_150/57-62TDB.jpg,Проекты домов от 150 м²,,"Проекты домов от 150 м² — готовый проект №57-62TDB площадью 222,61 м². Дом: 2 этажа, габариты 13.1×14.8 м, материал стен — газобетон. На изображении представлены оригинальная визуализация дома и планы этажей. Сохраните проект, сравните планировку комнат и перейдите в каталог, чтобы узнать состав документации и актуальную стоимость.",https://catalog-plans.ru/catalog/57-62TDB?utm_source=pinterest&utm_medium=organic&utm_campaign=generated_raw_visual_plans_from_150_batch_66&utm_content=pin_12702_57-62TDB_plans&utm_term=proekty-domov-s-planirovkami,,"проекты домов от 150 м², проект дома 57-62TDB, дом 222,61 м², планировка дома, планы этажей, готовый проект дома, газобетон, catalog-plans.ru"
"Проекты домов до 100 м²: проект №64-06A, 95,24 м²",https://raw.githubusercontent.com/nemchenik/test/9dd044fcd82fb3fec19f27b78d079fa36d093adb/pinterest/generated_batch_64_raw_visual_plans_to_100/64-06A.jpg,Проекты домов до 100 м²,,"Проекты домов до 100 м² — готовый проект №64-06A площадью 95,24 м². Дом: 2 этажа, габариты 7.1×11.5 м, материал стен — газобетон. На изображении представлены оригинальная визуализация дома и планы этажей. Сохраните проект, сравните планировку комнат и перейдите в каталог, чтобы узнать состав документации и актуальную стоимость.",https://catalog-plans.ru/catalog/64-06A?utm_source=pinterest&utm_medium=organic&utm_campaign=generated_raw_visual_plans_to_100_batch_64&utm_content=pin_12303_64-06A_plans&utm_term=proekty-domov-s-planirovkami,,"проекты домов до 100 м², проект дома 64-06A, дом 95,24 м², планировка дома, планы этажей, готовый проект дома, газобетон, catalog-plans.ru"
"Проекты домов 100–150 м²: проект №67-07, 135,2 м²",https://raw.githubusercontent.com/nemchenik/test/9dd044fcd82fb3fec19f27b78d079fa36d093adb/pinterest/generated_batch_65_raw_visual_plans_100_150/67-07.jpg,Проекты домов 100–150 м²,,"Проекты домов 100–150 м² — готовый проект №67-07 площадью 135,2 м². Дом: 1 этаж, габариты 14.15×19.15 м, материал стен — газобетон. На изображении представлены оригинальная визуализация дома и планы этажей. Сохраните проект, сравните планировку комнат и перейдите в каталог, чтобы узнать состав документации и актуальную стоимость.",https://catalog-plans.ru/catalog/67-07?utm_source=pinterest&utm_medium=organic&utm_campaign=generated_raw_visual_plans_100_150_batch_65&utm_content=pin_12503_67-07_plans&utm_term=proekty-domov-s-planirovkami,,"проекты домов 100–150 м², проект дома 67-07, дом 135,2 м², планировка дома, планы этажей, готовый проект дома, газобетон, catalog-plans.ru"
"Проекты домов от 150 м²: проект №31-65, 291,7 м²",https://raw.githubusercontent.com/nemchenik/test/9dd044fcd82fb3fec19f27b78d079fa36d093adb/pinterest/generated_batch_66_raw_visual_plans_from_150/31-65.jpg,Проекты домов от 150 м²,,"Проекты домов от 150 м² — готовый проект №31-65 площадью 291,7 м². Дом: 2 этажа, габариты 9.26×13.85 м, материал стен — кирпич. На изображении представлены оригинальная визуализация дома и планы этажей. Сохраните проект, сравните планировку комнат и перейдите в каталог, чтобы узнать состав документации и актуальную стоимость.",https://catalog-plans.ru/catalog/31-65?utm_source=pinterest&utm_medium=organic&utm_campaign=generated_raw_visual_plans_from_150_batch_66&utm_content=pin_12703_31-65_plans&utm_term=proekty-domov-s-planirovkami,,"проекты домов от 150 м², проект дома 31-65, дом 291,7 м², планировка дома, планы этажей, готовый проект дома, кирпич, catalog-plans.ru"
"Проекты домов до 100 м²: проект №63-47, 99,25 м²",https://raw.githubusercontent.com/nemchenik/test/9dd044fcd82fb3fec19f27b78d079fa36d093adb/pinterest/generated_batch_64_raw_visual_plans_to_100/63-47.jpg,Проекты домов до 100 м²,,"Проекты домов до 100 м² — готовый проект №63-47 площадью 99,25 м². Дом: 2 этажа, габариты 5.4×15 м, материал стен — газобетон. На изображении представлены оригинальная визуализация дома и планы этажей. Сохраните проект, сравните планировку комнат и перейдите в каталог, чтобы узнать состав документации и актуальную стоимость.",https://catalog-plans.ru/catalog/63-47?utm_source=pinterest&utm_medium=organic&utm_campaign=generated_raw_visual_plans_to_100_batch_64&utm_content=pin_12304_63-47_plans&utm_term=proekty-domov-s-planirovkami,,"проекты домов до 100 м², проект дома 63-47, дом 99,25 м², планировка дома, планы этажей, готовый проект дома, газобетон, catalog-plans.ru"
"Проекты домов 100–150 м²: проект №46-91KB, 100,92 м²",https://raw.githubusercontent.com/nemchenik/test/9dd044fcd82fb3fec19f27b78d079fa36d093adb/pinterest/generated_batch_65_raw_visual_plans_100_150/46-91KB.jpg,Проекты домов 100–150 м²,,"Проекты домов 100–150 м² — готовый проект №46-91KB площадью 100,92 м². Дом: 2 этажа, габариты 7.83×9.08 м, материал стен — керамзитобетон. На изображении представлены оригинальная визуализация дома и планы этажей. Сохраните проект, сравните планировку комнат и перейдите в каталог, чтобы узнать состав документации и актуальную стоимость.",https://catalog-plans.ru/catalog/46-91KB?utm_source=pinterest&utm_medium=organic&utm_campaign=generated_raw_visual_plans_100_150_batch_65&utm_content=pin_12504_46-91KB_plans&utm_term=proekty-domov-s-planirovkami,,"проекты домов 100–150 м², проект дома 46-91KB, дом 100,92 м², планировка дома, планы этажей, готовый проект дома, керамзитобетон, catalog-plans.ru"
"Проекты домов от 150 м²: проект №40-61FGL, 411,69 м²",https://raw.githubusercontent.com/nemchenik/test/9dd044fcd82fb3fec19f27b78d079fa36d093adb/pinterest/generated_batch_66_raw_visual_plans_from_150/40-61FGL.jpg,Проекты домов от 150 м²,,"Проекты домов от 150 м² — готовый проект №40-61FGL площадью 411,69 м². Дом: 2 этажа, габариты 18.8×23.27 м, материал стен — газобетон. На изображении представлены оригинальная визуализация дома и планы этажей. Сохраните проект, сравните планировку комнат и перейдите в каталог, чтобы узнать состав документации и актуальную стоимость.",https://catalog-plans.ru/catalog/40-61FGL?utm_source=pinterest&utm_medium=organic&utm_campaign=generated_raw_visual_plans_from_150_batch_66&utm_content=pin_12704_40-61FGL_plans&utm_term=proekty-domov-s-planirovkami,,"проекты домов от 150 м², проект дома 40-61FGL, дом 411,69 м², планировка дома, планы этажей, готовый проект дома, газобетон, catalog-plans.ru"
"Проекты домов до 100 м²: проект №53-22WIKING, 56,81 м²",https://raw.githubusercontent.com/nemchenik/test/9dd044fcd82fb3fec19f27b78d079fa36d093adb/pinterest/generated_batch_64_raw_visual_plans_to_100/53-22WIKING.jpg,Проекты домов до 100 м²,,"Проекты домов до 100 м² — готовый проект №53-22WIKING площадью 56,81 м². Дом: 1 этаж, габариты 8×8 м, материал стен — деревянный каркас. На изображении представлены оригинальная визуализация дома и планы этажей. Сохраните проект, сравните планировку комнат и перейдите в каталог, чтобы узнать состав документации и актуальную стоимость.",https://catalog-plans.ru/catalog/53-22WIKING?utm_source=pinterest&utm_medium=organic&utm_campaign=generated_raw_visual_plans_to_100_batch_64&utm_content=pin_12305_53-22WIKING_plans&utm_term=proekty-domov-s-planirovkami,,"проекты домов до 100 м², проект дома 53-22WIKING, дом 56,81 м², планировка дома, планы этажей, готовый проект дома, деревянный каркас, catalog-plans.ru"
"Проекты домов 100–150 м²: проект №58-70K1L, 118,48 м²",https://raw.githubusercontent.com/nemchenik/test/9dd044fcd82fb3fec19f27b78d079fa36d093adb/pinterest/generated_batch_65_raw_visual_plans_100_150/58-70K1L.jpg,Проекты домов 100–150 м²,,"Проекты домов 100–150 м² — готовый проект №58-70K1L площадью 118,48 м². Дом: 1 этаж, габариты 12.23×14.12 м, материал стен — кирпич. На изображении представлены оригинальная визуализация дома и планы этажей. Сохраните проект, сравните планировку комнат и перейдите в каталог, чтобы узнать состав документации и актуальную стоимость.",https://catalog-plans.ru/catalog/58-70K1L?utm_source=pinterest&utm_medium=organic&utm_campaign=generated_raw_visual_plans_100_150_batch_65&utm_content=pin_12505_58-70K1L_plans&utm_term=proekty-domov-s-planirovkami,,"проекты домов 100–150 м², проект дома 58-70K1L, дом 118,48 м², планировка дома, планы этажей, готовый проект дома, кирпич, catalog-plans.ru"
"Проекты домов от 150 м²: проект №46-36A, 279,11 м²",https://raw.githubusercontent.com/nemchenik/test/9dd044fcd82fb3fec19f27b78d079fa36d093adb/pinterest/generated_batch_66_raw_visual_plans_from_150/46-36A.jpg,Проекты домов от 150 м²,,"Проекты домов от 150 м² — готовый проект №46-36A площадью 279,11 м². Дом: 2 этажа, габариты 14.8×18.18 м, материал стен — кирпич. На изображении представлены оригинальная визуализация дома и планы этажей. Сохраните проект, сравните планировку комнат и перейдите в каталог, чтобы узнать состав документации и актуальную стоимость.",https://catalog-plans.ru/catalog/46-36A?utm_source=pinterest&utm_medium=organic&utm_campaign=generated_raw_visual_plans_from_150_batch_66&utm_content=pin_12705_46-36A_plans&utm_term=proekty-domov-s-planirovkami,,"проекты домов от 150 м², проект дома 46-36A, дом 279,11 м², планировка дома, планы этажей, готовый проект дома, кирпич, catalog-plans.ru"
"Проекты домов до 100 м²: проект №48-06, 64,4 м²",https://raw.githubusercontent.com/nemchenik/test/9dd044fcd82fb3fec19f27b78d079fa36d093adb/pinterest/generated_batch_64_raw_visual_plans_to_100/48-06.jpg,Проекты домов до 100 м²,,"Проекты домов до 100 м² — готовый проект №48-06 площадью 64,4 м². Дом: 1 этаж, габариты 6.3×10.2 м, материал стен — газобетон. На изображении представлены оригинальная визуализация дома и планы этажей. Сохраните проект, сравните планировку комнат и перейдите в каталог, чтобы узнать состав документации и актуальную стоимость.",https://catalog-plans.ru/catalog/48-06?utm_source=pinterest&utm_medium=organic&utm_campaign=generated_raw_visual_plans_to_100_batch_64&utm_content=pin_12306_48-06_plans&utm_term=proekty-domov-s-planirovkami,,"проекты домов до 100 м², проект дома 48-06, дом 64,4 м², планировка дома, планы этажей, готовый проект дома, газобетон, catalog-plans.ru"
"Проекты домов 100–150 м²: проект №11-81, 137,06 м²",https://raw.githubusercontent.com/nemchenik/test/9dd044fcd82fb3fec19f27b78d079fa36d093adb/pinterest/generated_batch_65_raw_visual_plans_100_150/11-81.jpg,Проекты домов 100–150 м²,,"Проекты домов 100–150 м² — готовый проект №11-81 площадью 137,06 м². Дом: 2 этажа, габариты 8.9×11.1 м, материал стен — дерево. На изображении представлены оригинальная визуализация дома и планы этажей. Сохраните проект, сравните планировку комнат и перейдите в каталог, чтобы узнать состав документации и актуальную стоимость.",https://catalog-plans.ru/catalog/11-81?utm_source=pinterest&utm_medium=organic&utm_campaign=generated_raw_visual_plans_100_150_batch_65&utm_content=pin_12506_11-81_plans&utm_term=proekty-domov-s-planirovkami,,"проекты домов 100–150 м², проект дома 11-81, дом 137,06 м², планировка дома, планы этажей, готовый проект дома, дерево, catalog-plans.ru"
"Проекты домов от 150 м²: проект №62-03AEG, 177,35 м²",https://raw.githubusercontent.com/nemchenik/test/9dd044fcd82fb3fec19f27b78d079fa36d093adb/pinterest/generated_batch_66_raw_visual_plans_from_150/62-03AEG.jpg,Проекты домов от 150 м²,,"Проекты домов от 150 м² — готовый проект №62-03AEG площадью 177,35 м². Дом: 1 этаж, габариты 15.3×17.5 м, материал стен — газобетон. На изображении представлены оригинальная визуализация дома и планы этажей. Сохраните проект, сравните планировку комнат и перейдите в каталог, чтобы узнать состав документации и актуальную стоимость.",https://catalog-plans.ru/catalog/62-03AEG?utm_source=pinterest&utm_medium=organic&utm_campaign=generated_raw_visual_plans_from_150_batch_66&utm_content=pin_12706_62-03AEG_plans&utm_term=proekty-domov-s-planirovkami,,"проекты домов от 150 м², проект дома 62-03AEG, дом 177,35 м², планировка дома, планы этажей, готовый проект дома, газобетон, catalog-plans.ru"
"Проекты домов до 100 м²: проект №13-13, 93 м²",https://raw.githubusercontent.com/nemchenik/test/9dd044fcd82fb3fec19f27b78d079fa36d093adb/pinterest/generated_batch_64_raw_visual_plans_to_100/13-13.jpg,Проекты домов до 100 м²,,"Проекты домов до 100 м² — готовый проект №13-13 площадью 93 м². Дом: 2 этажа, габариты 5.7×9 м, материал стен — дерево. На изображении представлены оригинальная визуализация дома и планы этажей. Сохраните проект, сравните планировку комнат и перейдите в каталог, чтобы узнать состав документации и актуальную стоимость.",https://catalog-plans.ru/catalog/13-13?utm_source=pinterest&utm_medium=organic&utm_campaign=generated_raw_visual_plans_to_100_batch_64&utm_content=pin_12307_13-13_plans&utm_term=proekty-domov-s-planirovkami,,"проекты домов до 100 м², проект дома 13-13, дом 93 м², планировка дома, планы этажей, готовый проект дома, дерево, catalog-plans.ru"
"Проекты домов 100–150 м²: проект №63-99, 101,13 м²",https://raw.githubusercontent.com/nemchenik/test/9dd044fcd82fb3fec19f27b78d079fa36d093adb/pinterest/generated_batch_65_raw_visual_plans_100_150/63-99.jpg,Проекты домов 100–150 м²,,"Проекты домов 100–150 м² — готовый проект №63-99 площадью 101,13 м². Дом: 1 этаж, габариты 8.6×12.55 м, материал стен — газобетон. На изображении представлены оригинальная визуализация дома и планы этажей. Сохраните проект, сравните планировку комнат и перейдите в каталог, чтобы узнать состав документации и актуальную стоимость.",https://catalog-plans.ru/catalog/63-99?utm_source=pinterest&utm_medium=organic&utm_campaign=generated_raw_visual_plans_100_150_batch_65&utm_content=pin_12507_63-99_plans&utm_term=proekty-domov-s-planirovkami,,"проекты домов 100–150 м², проект дома 63-99, дом 101,13 м², планировка дома, планы этажей, готовый проект дома, газобетон, catalog-plans.ru"
"Проекты домов от 150 м²: проект №58-80A, 190,93 м²",https://raw.githubusercontent.com/nemchenik/test/9dd044fcd82fb3fec19f27b78d079fa36d093adb/pinterest/generated_batch_66_raw_visual_plans_from_150/58-80A.jpg,Проекты домов от 150 м²,,"Проекты домов от 150 м² — готовый проект №58-80A площадью 190,93 м². Дом: 2 этажа, габариты 9×10 м, материал стен — газобетон. На изображении представлены оригинальная визуализация дома и планы этажей. Сохраните проект, сравните планировку комнат и перейдите в каталог, чтобы узнать состав документации и актуальную стоимость.",https://catalog-plans.ru/catalog/58-80A?utm_source=pinterest&utm_medium=organic&utm_campaign=generated_raw_visual_plans_from_150_batch_66&utm_content=pin_12707_58-80A_plans&utm_term=proekty-domov-s-planirovkami,,"проекты домов от 150 м², проект дома 58-80A, дом 190,93 м², планировка дома, планы этажей, готовый проект дома, газобетон, catalog-plans.ru"
"Проекты домов до 100 м²: проект №71-33, 92,91 м²",https://raw.githubusercontent.com/nemchenik/test/9dd044fcd82fb3fec19f27b78d079fa36d093adb/pinterest/generated_batch_64_raw_visual_plans_to_100/71-33.jpg,Проекты домов до 100 м²,,"Проекты домов до 100 м² — готовый проект №71-33 площадью 92,91 м². Дом: 2 этажа, габариты 8×8 м, материал стен — деревянный каркас. На изображении представлены оригинальная визуализация дома и планы этажей. Сохраните проект, сравните планировку комнат и перейдите в каталог, чтобы узнать состав документации и актуальную стоимость.",https://catalog-plans.ru/catalog/71-33?utm_source=pinterest&utm_medium=organic&utm_campaign=generated_raw_visual_plans_to_100_batch_64&utm_content=pin_12308_71-33_plans&utm_term=proekty-domov-s-planirovkami,,"проекты домов до 100 м², проект дома 71-33, дом 92,91 м², планировка дома, планы этажей, готовый проект дома, деревянный каркас, catalog-plans.ru"
"Проекты домов 100–150 м²: проект №62-08A, 131,8 м²",https://raw.githubusercontent.com/nemchenik/test/9dd044fcd82fb3fec19f27b78d079fa36d093adb/pinterest/generated_batch_65_raw_visual_plans_100_150/62-08A.jpg,Проекты домов 100–150 м²,,"Проекты домов 100–150 м² — готовый проект №62-08A площадью 131,8 м². Дом: 2 этажа, габариты 10.7×10.9 м, материал стен — газобетон. На изображении представлены оригинальная визуализация дома и планы этажей. Сохраните проект, сравните планировку комнат и перейдите в каталог, чтобы узнать состав документации и актуальную стоимость.",https://catalog-plans.ru/catalog/62-08A?utm_source=pinterest&utm_medium=organic&utm_campaign=generated_raw_visual_plans_100_150_batch_65&utm_content=pin_12508_62-08A_plans&utm_term=proekty-domov-s-planirovkami,,"проекты домов 100–150 м², проект дома 62-08A, дом 131,8 м², планировка дома, планы этажей, готовый проект дома, газобетон, catalog-plans.ru"
"Проекты домов от 150 м²: проект №40-88ABK2L, 389,75 м²",https://raw.githubusercontent.com/nemchenik/test/9dd044fcd82fb3fec19f27b78d079fa36d093adb/pinterest/generated_batch_66_raw_visual_plans_from_150/40-88ABK2L.jpg,Проекты домов от 150 м²,,"Проекты домов от 150 м² — готовый проект №40-88ABK2L площадью 389,75 м². Дом: 2 этажа, габариты 18.79×22 м, материал стен — кирпич. На изображении представлены оригинальная визуализация дома и планы этажей. Сохраните проект, сравните планировку комнат и перейдите в каталог, чтобы узнать состав документации и актуальную стоимость.",https://catalog-plans.ru/catalog/40-88ABK2L?utm_source=pinterest&utm_medium=organic&utm_campaign=generated_raw_visual_plans_from_150_batch_66&utm_content=pin_12708_40-88ABK2L_plans&utm_term=proekty-domov-s-planirovkami,,"проекты домов от 150 м², проект дома 40-88ABK2L, дом 389,75 м², планировка дома, планы этажей, готовый проект дома, кирпич, catalog-plans.ru"
"Проекты домов до 100 м²: проект №58-56, 43,58 м²",https://raw.githubusercontent.com/nemchenik/test/9dd044fcd82fb3fec19f27b78d079fa36d093adb/pinterest/generated_batch_64_raw_visual_plans_to_100/58-56.jpg,Проекты домов до 100 м²,,"Проекты домов до 100 м² — готовый проект №58-56 площадью 43,58 м². Дом: 2 этажа, габариты 6×6 м, материал стен — газобетон. На изображении представлены оригинальная визуализация дома и планы этажей. Сохраните проект, сравните планировку комнат и перейдите в каталог, чтобы узнать состав документации и актуальную стоимость.",https://catalog-plans.ru/catalog/58-56?utm_source=pinterest&utm_medium=organic&utm_campaign=generated_raw_visual_plans_to_100_batch_64&utm_content=pin_12309_58-56_plans&utm_term=proekty-domov-s-planirovkami,,"проекты домов до 100 м², проект дома 58-56, дом 43,58 м², планировка дома, планы этажей, готовый проект дома, газобетон, catalog-plans.ru"
"Проекты домов 100–150 м²: проект №65-37L, 144,24 м²",https://raw.githubusercontent.com/nemchenik/test/9dd044fcd82fb3fec19f27b78d079fa36d093adb/pinterest/generated_batch_65_raw_visual_plans_100_150/65-37L.jpg,Проекты домов 100–150 м²,,"Проекты домов 100–150 м² — готовый проект №65-37L площадью 144,24 м². Дом: 2 этажа, габариты 9.2×11.7 м, материал стен — газобетон. На изображении представлены оригинальная визуализация дома и планы этажей. Сохраните проект, сравните планировку комнат и перейдите в каталог, чтобы узнать состав документации и актуальную стоимость.",https://catalog-plans.ru/catalog/65-37L?utm_source=pinterest&utm_medium=organic&utm_campaign=generated_raw_visual_plans_100_150_batch_65&utm_content=pin_12509_65-37L_plans&utm_term=proekty-domov-s-planirovkami,,"проекты домов 100–150 м², проект дома 65-37L, дом 144,24 м², планировка дома, планы этажей, готовый проект дома, газобетон, catalog-plans.ru"
"Проекты домов от 150 м²: проект №35-11, 392,7 м²",https://raw.githubusercontent.com/nemchenik/test/9dd044fcd82fb3fec19f27b78d079fa36d093adb/pinterest/generated_batch_66_raw_visual_plans_from_150/35-11.jpg,Проекты домов от 150 м²,,"Проекты домов от 150 м² — готовый проект №35-11 площадью 392,7 м². Дом: 3 этажа, габариты 15.3×15.9 м, материал стен — кирпич. На изображении представлены оригинальная визуализация дома и планы этажей. Сохраните проект, сравните планировку комнат и перейдите в каталог, чтобы узнать состав документации и актуальную стоимость.",https://catalog-plans.ru/catalog/35-11?utm_source=pinterest&utm_medium=organic&utm_campaign=generated_raw_visual_plans_from_150_batch_66&utm_content=pin_12709_35-11_plans&utm_term=proekty-domov-s-planirovkami,,"проекты домов от 150 м², проект дома 35-11, дом 392,7 м², планировка дома, планы этажей, готовый проект дома, кирпич, catalog-plans.ru"
"Проекты домов до 100 м²: проект №58-70XB, 98,01 м²",https://raw.githubusercontent.com/nemchenik/test/9dd044fcd82fb3fec19f27b78d079fa36d093adb/pinterest/generated_batch_64_raw_visual_plans_to_100/58-70XB.jpg,Проекты домов до 100 м²,,"Проекты домов до 100 м² — готовый проект №58-70XB площадью 98,01 м². Дом: 1 этаж, габариты 11.5×12 м, материал стен — газобетон. На изображении представлены оригинальная визуализация дома и планы этажей. Сохраните проект, сравните планировку комнат и перейдите в каталог, чтобы узнать состав документации и актуальную стоимость.",https://catalog-plans.ru/catalog/58-70XB?utm_source=pinterest&utm_medium=organic&utm_campaign=generated_raw_visual_plans_to_100_batch_64&utm_content=pin_12310_58-70XB_plans&utm_term=proekty-domov-s-planirovkami,,"проекты домов до 100 м², проект дома 58-70XB, дом 98,01 м², планировка дома, планы этажей, готовый проект дома, газобетон, catalog-plans.ru"
"Проекты домов 100–150 м²: проект №68-31M, 115,66 м²",https://raw.githubusercontent.com/nemchenik/test/9dd044fcd82fb3fec19f27b78d079fa36d093adb/pinterest/generated_batch_65_raw_visual_plans_100_150/68-31M.jpg,Проекты домов 100–150 м²,,"Проекты домов 100–150 м² — готовый проект №68-31M площадью 115,66 м². Дом: 1 этаж, габариты 8.9×15.9 м, материал стен — монолитный каркас. На изображении представлены оригинальная визуализация дома и планы этажей. Сохраните проект, сравните планировку комнат и перейдите в каталог, чтобы узнать состав документации и актуальную стоимость.",https://catalog-plans.ru/catalog/68-31M?utm_source=pinterest&utm_medium=organic&utm_campaign=generated_raw_visual_plans_100_150_batch_65&utm_content=pin_12510_68-31M_plans&utm_term=proekty-domov-s-planirovkami,,"проекты домов 100–150 м², проект дома 68-31M, дом 115,66 м², планировка дома, планы этажей, готовый проект дома, монолитный каркас, catalog-plans.ru"
"Проекты домов от 150 м²: проект №40-97L, 332,4 м²",https://raw.githubusercontent.com/nemchenik/test/9dd044fcd82fb3fec19f27b78d079fa36d093adb/pinterest/generated_batch_66_raw_visual_plans_from_150/40-97L.jpg,Проекты домов от 150 м²,,"Проекты домов от 150 м² — готовый проект №40-97L площадью 332,4 м². Дом: 2 этажа, габариты 17.74×20.36 м, материал стен — кирпич. На изображении представлены оригинальная визуализация дома и планы этажей. Сохраните проект, сравните планировку комнат и перейдите в каталог, чтобы узнать состав документации и актуальную стоимость.",https://catalog-plans.ru/catalog/40-97L?utm_source=pinterest&utm_medium=organic&utm_campaign=generated_raw_visual_plans_from_150_batch_66&utm_content=pin_12710_40-97L_plans&utm_term=proekty-domov-s-planirovkami,,"проекты домов от 150 м², проект дома 40-97L, дом 332,4 м², планировка дома, планы этажей, готовый проект дома, кирпич, catalog-plans.ru"
"Проекты домов до 100 м²: проект №45-65GL, 80,97 м²",https://raw.githubusercontent.com/nemchenik/test/9dd044fcd82fb3fec19f27b78d079fa36d093adb/pinterest/generated_batch_64_raw_visual_plans_to_100/45-65GL.jpg,Проекты домов до 100 м²,,"Проекты домов до 100 м² — готовый проект №45-65GL площадью 80,97 м². Дом: 1 этаж, габариты 9.01×12.1 м, материал стен — газобетон. На изображении представлены оригинальная визуализация дома и планы этажей. Сохраните проект, сравните планировку комнат и перейдите в каталог, чтобы узнать состав документации и актуальную стоимость.",https://catalog-plans.ru/catalog/45-65GL?utm_source=pinterest&utm_medium=organic&utm_campaign=generated_raw_visual_plans_to_100_batch_64&utm_content=pin_12311_45-65GL_plans&utm_term=proekty-domov-s-planirovkami,,"проекты домов до 100 м², проект дома 45-65GL, дом 80,97 м², планировка дома, планы этажей, готовый проект дома, газобетон, catalog-plans.ru"
"Проекты домов 100–150 м²: проект №63-01L, 124,87 м²",https://raw.githubusercontent.com/nemchenik/test/9dd044fcd82fb3fec19f27b78d079fa36d093adb/pinterest/generated_batch_65_raw_visual_plans_100_150/63-01L.jpg,Проекты домов 100–150 м²,,"Проекты домов 100–150 м² — готовый проект №63-01L площадью 124,87 м². Дом: 1 этаж, габариты 12.06×15.75 м, материал стен — газобетон. На изображении представлены оригинальная визуализация дома и планы этажей. Сохраните проект, сравните планировку комнат и перейдите в каталог, чтобы узнать состав документации и актуальную стоимость.",https://catalog-plans.ru/catalog/63-01L?utm_source=pinterest&utm_medium=organic&utm_campaign=generated_raw_visual_plans_100_150_batch_65&utm_content=pin_12511_63-01L_plans&utm_term=proekty-domov-s-planirovkami,,"проекты домов 100–150 м², проект дома 63-01L, дом 124,87 м², планировка дома, планы этажей, готовый проект дома, газобетон, catalog-plans.ru"
"Проекты домов от 150 м²: проект №58-92BAW, 202,83 м²",https://raw.githubusercontent.com/nemchenik/test/9dd044fcd82fb3fec19f27b78d079fa36d093adb/pinterest/generated_batch_66_raw_visual_plans_from_150/58-92BAW.jpg,Проекты домов от 150 м²,,"Проекты домов от 150 м² — готовый проект №58-92BAW площадью 202,83 м². Дом: 2 этажа, габариты 11.25×12.9 м, материал стен — газобетон. На изображении представлены оригинальная визуализация дома и планы этажей. Сохраните проект, сравните планировку комнат и перейдите в каталог, чтобы узнать состав документации и актуальную стоимость.",https://catalog-plans.ru/catalog/58-92BAW?utm_source=pinterest&utm_medium=organic&utm_campaign=generated_raw_visual_plans_from_150_batch_66&utm_content=pin_12711_58-92BAW_plans&utm_term=proekty-domov-s-planirovkami,,"проекты домов от 150 м², проект дома 58-92BAW, дом 202,83 м², планировка дома, планы этажей, готовый проект дома, газобетон, catalog-plans.ru"
