Title,Media URL,Pinterest board,Thumbnail,Description,Link,Publish date,Keywords
"Проект дома №71-10 площадью 251,18 м² с планировками",https://raw.githubusercontent.com/nemchenik/test/fe937d328767d7f39f4856e3b3ba9c2fd0a2ffaf/pinterest/generated_batch_55_visual_plans_blueprint_static/71-10.jpg,Проекты частных домов,,"Проект дома №71-10: площадь 251,18 м², 2 этажа, габариты 11.9×14 м, материал стен — дерево. На карточке показаны визуализация дома и планировки этажей. Сохраните идею и откройте проект, чтобы узнать подробности и актуальную стоимость.",https://catalog-plans.ru/catalog/71-10?utm_source=pinterest&utm_medium=organic&utm_campaign=generated_visual_plans_blueprint_static_batch_55&utm_content=pin_10312_71-10_plans&utm_term=proekty-domov-s-planirovkami,,"проект дома 71-10, проект дома 251,18 м², планировка дома, планы этажей, готовый проект дома, визуализация дома, дерево, catalog-plans.ru"
"Проект дома №45-76L площадью 189,9 м² с планировками",https://raw.githubusercontent.com/nemchenik/test/fe937d328767d7f39f4856e3b3ba9c2fd0a2ffaf/pinterest/generated_batch_55_visual_plans_blueprint_static/45-76L.jpg,Проекты частных домов,,"Проект дома №45-76L: площадь 189,9 м², 2 этажа, габариты 10.88×16.32 м, материал стен — кирпич. На карточке показаны визуализация дома и планировки этажей. Сохраните идею и откройте проект, чтобы узнать подробности и актуальную стоимость.",https://catalog-plans.ru/catalog/45-76L?utm_source=pinterest&utm_medium=organic&utm_campaign=generated_visual_plans_blueprint_static_batch_55&utm_content=pin_10313_45-76L_plans&utm_term=proekty-domov-s-planirovkami,,"проект дома 45-76L, проект дома 189,9 м², планировка дома, планы этажей, готовый проект дома, визуализация дома, кирпич, catalog-plans.ru"
"Проект дома №59-97DL площадью 163,07 м² с планировками",https://raw.githubusercontent.com/nemchenik/test/fe937d328767d7f39f4856e3b3ba9c2fd0a2ffaf/pinterest/generated_batch_55_visual_plans_blueprint_static/59-97DL.jpg,Проекты частных домов,,"Проект дома №59-97DL: площадь 163,07 м², 2 этажа, габариты 10.7×14.2 м, материал стен — газобетон. На карточке показаны визуализация дома и планировки этажей. Сохраните идею и откройте проект, чтобы узнать подробности и актуальную стоимость.",https://catalog-plans.ru/catalog/59-97DL?utm_source=pinterest&utm_medium=organic&utm_campaign=generated_visual_plans_blueprint_static_batch_55&utm_content=pin_10314_59-97DL_plans&utm_term=proekty-domov-s-planirovkami,,"проект дома 59-97DL, проект дома 163,07 м², планировка дома, планы этажей, готовый проект дома, визуализация дома, газобетон, catalog-plans.ru"
"Проект дома №57-07H площадью 117,21 м² с планировками",https://raw.githubusercontent.com/nemchenik/test/fe937d328767d7f39f4856e3b3ba9c2fd0a2ffaf/pinterest/generated_batch_55_visual_plans_blueprint_static/57-07H.jpg,Проекты частных домов,,"Проект дома №57-07H: площадь 117,21 м², 2 этажа, габариты 8.45×10.85 м, материал стен — газобетон. На карточке показаны визуализация дома и планировки этажей. Сохраните идею и откройте проект, чтобы узнать подробности и актуальную стоимость.",https://catalog-plans.ru/catalog/57-07H?utm_source=pinterest&utm_medium=organic&utm_campaign=generated_visual_plans_blueprint_static_batch_55&utm_content=pin_10315_57-07H_plans&utm_term=proekty-domov-s-planirovkami,,"проект дома 57-07H, проект дома 117,21 м², планировка дома, планы этажей, готовый проект дома, визуализация дома, газобетон, catalog-plans.ru"
"Проект дома №59-24B площадью 191,8 м² с планировками",https://raw.githubusercontent.com/nemchenik/test/fe937d328767d7f39f4856e3b3ba9c2fd0a2ffaf/pinterest/generated_batch_55_visual_plans_blueprint_static/59-24B.jpg,Проекты частных домов,,"Проект дома №59-24B: площадь 191,8 м², 2 этажа, габариты 13.26×13.6 м, материал стен — газобетон. На карточке показаны визуализация дома и планировки этажей. Сохраните идею и откройте проект, чтобы узнать подробности и актуальную стоимость.",https://catalog-plans.ru/catalog/59-24B?utm_source=pinterest&utm_medium=organic&utm_campaign=generated_visual_plans_blueprint_static_batch_55&utm_content=pin_10316_59-24B_plans&utm_term=proekty-domov-s-planirovkami,,"проект дома 59-24B, проект дома 191,8 м², планировка дома, планы этажей, готовый проект дома, визуализация дома, газобетон, catalog-plans.ru"
"Проект дома №63-52AL площадью 341,85 м² с планировками",https://raw.githubusercontent.com/nemchenik/test/fe937d328767d7f39f4856e3b3ba9c2fd0a2ffaf/pinterest/generated_batch_55_visual_plans_blueprint_static/63-52AL.jpg,Проекты частных домов,,"Проект дома №63-52AL: площадь 341,85 м², 2 этажа, габариты 16.9×20 м, материал стен — газобетон. На карточке показаны визуализация дома и планировки этажей. Сохраните идею и откройте проект, чтобы узнать подробности и актуальную стоимость.",https://catalog-plans.ru/catalog/63-52AL?utm_source=pinterest&utm_medium=organic&utm_campaign=generated_visual_plans_blueprint_static_batch_55&utm_content=pin_10317_63-52AL_plans&utm_term=proekty-domov-s-planirovkami,,"проект дома 63-52AL, проект дома 341,85 м², планировка дома, планы этажей, готовый проект дома, визуализация дома, газобетон, catalog-plans.ru"
"Проект дома №58-70QA площадью 116,75 м² с планировками",https://raw.githubusercontent.com/nemchenik/test/fe937d328767d7f39f4856e3b3ba9c2fd0a2ffaf/pinterest/generated_batch_55_visual_plans_blueprint_static/58-70QA.jpg,Проекты частных домов,,"Проект дома №58-70QA: площадь 116,75 м², 1 этаж, габариты 11.9×13.9 м, материал стен — газобетон. На карточке показаны визуализация дома и планировки этажей. Сохраните идею и откройте проект, чтобы узнать подробности и актуальную стоимость.",https://catalog-plans.ru/catalog/58-70QA?utm_source=pinterest&utm_medium=organic&utm_campaign=generated_visual_plans_blueprint_static_batch_55&utm_content=pin_10318_58-70QA_plans&utm_term=proekty-domov-s-planirovkami,,"проект дома 58-70QA, проект дома 116,75 м², планировка дома, планы этажей, готовый проект дома, визуализация дома, газобетон, catalog-plans.ru"
"Проект дома №63-45AB площадью 228,07 м² с планировками",https://raw.githubusercontent.com/nemchenik/test/fe937d328767d7f39f4856e3b3ba9c2fd0a2ffaf/pinterest/generated_batch_55_visual_plans_blueprint_static/63-45AB.jpg,Проекты частных домов,,"Проект дома №63-45AB: площадь 228,07 м², 3 этажа, габариты 10.1×18.1 м, материал стен — газобетон. На карточке показаны визуализация дома и планировки этажей. Сохраните идею и откройте проект, чтобы узнать подробности и актуальную стоимость.",https://catalog-plans.ru/catalog/63-45AB?utm_source=pinterest&utm_medium=organic&utm_campaign=generated_visual_plans_blueprint_static_batch_55&utm_content=pin_10319_63-45AB_plans&utm_term=proekty-domov-s-planirovkami,,"проект дома 63-45AB, проект дома 228,07 м², планировка дома, планы этажей, готовый проект дома, визуализация дома, газобетон, catalog-plans.ru"
"Проект дома №52-16 площадью 303,7 м² с планировками",https://raw.githubusercontent.com/nemchenik/test/fe937d328767d7f39f4856e3b3ba9c2fd0a2ffaf/pinterest/generated_batch_55_visual_plans_blueprint_static/52-16.jpg,Проекты частных домов,,"Проект дома №52-16: площадь 303,7 м², 2 этажа, габариты 12.1×15 м, материал стен — газобетон. На карточке показаны визуализация дома и планировки этажей. Сохраните идею и откройте проект, чтобы узнать подробности и актуальную стоимость.",https://catalog-plans.ru/catalog/52-16?utm_source=pinterest&utm_medium=organic&utm_campaign=generated_visual_plans_blueprint_static_batch_55&utm_content=pin_10320_52-16_plans&utm_term=proekty-domov-s-planirovkami,,"проект дома 52-16, проект дома 303,7 м², планировка дома, планы этажей, готовый проект дома, визуализация дома, газобетон, catalog-plans.ru"
"Проект дома №52-67 площадью 150,8 м² с планировками",https://raw.githubusercontent.com/nemchenik/test/fe937d328767d7f39f4856e3b3ba9c2fd0a2ffaf/pinterest/generated_batch_55_visual_plans_blueprint_static/52-67.jpg,Проекты частных домов,,"Проект дома №52-67: площадь 150,8 м², 1 этаж, габариты 14.8×17 м, материал стен — ячеистые бетонные блоки. На карточке показаны визуализация дома и планировки этажей. Сохраните идею и откройте проект, чтобы узнать подробности и актуальную стоимость.",https://catalog-plans.ru/catalog/52-67?utm_source=pinterest&utm_medium=organic&utm_campaign=generated_visual_plans_blueprint_static_batch_55&utm_content=pin_10321_52-67_plans&utm_term=proekty-domov-s-planirovkami,,"проект дома 52-67, проект дома 150,8 м², планировка дома, планы этажей, готовый проект дома, визуализация дома, ячеистые бетонные блоки, catalog-plans.ru"
"Проект дома №46-23AG площадью 242,11 м² с планировками",https://raw.githubusercontent.com/nemchenik/test/fe937d328767d7f39f4856e3b3ba9c2fd0a2ffaf/pinterest/generated_batch_55_visual_plans_blueprint_static/46-23AG.jpg,Проекты частных домов,,"Проект дома №46-23AG: площадь 242,11 м², 2 этажа, габариты 13.45×19.7 м, материал стен — газобетон. На карточке показаны визуализация дома и планировки этажей. Сохраните идею и откройте проект, чтобы узнать подробности и актуальную стоимость.",https://catalog-plans.ru/catalog/46-23AG?utm_source=pinterest&utm_medium=organic&utm_campaign=generated_visual_plans_blueprint_static_batch_55&utm_content=pin_10322_46-23AG_plans&utm_term=proekty-domov-s-planirovkami,,"проект дома 46-23AG, проект дома 242,11 м², планировка дома, планы этажей, готовый проект дома, визуализация дома, газобетон, catalog-plans.ru"
"Проект дома №47-87 площадью 190,3 м² с планировками",https://raw.githubusercontent.com/nemchenik/test/fe937d328767d7f39f4856e3b3ba9c2fd0a2ffaf/pinterest/generated_batch_55_visual_plans_blueprint_static/47-87.jpg,Проекты частных домов,,"Проект дома №47-87: площадь 190,3 м², 2 этажа, габариты 8.7×19.5 м, материал стен — кирпич. На карточке показаны визуализация дома и планировки этажей. Сохраните идею и откройте проект, чтобы узнать подробности и актуальную стоимость.",https://catalog-plans.ru/catalog/47-87?utm_source=pinterest&utm_medium=organic&utm_campaign=generated_visual_plans_blueprint_static_batch_55&utm_content=pin_10323_47-87_plans&utm_term=proekty-domov-s-planirovkami,,"проект дома 47-87, проект дома 190,3 м², планировка дома, планы этажей, готовый проект дома, визуализация дома, кирпич, catalog-plans.ru"
"Проект дома №62-71BR площадью 180,2 м² с планировками",https://raw.githubusercontent.com/nemchenik/test/fe937d328767d7f39f4856e3b3ba9c2fd0a2ffaf/pinterest/generated_batch_55_visual_plans_blueprint_static/62-71BR.jpg,Проекты частных домов,,"Проект дома №62-71BR: площадь 180,2 м², 2 этажа, габариты 11.06×11.06 м, материал стен — газобетон. На карточке показаны визуализация дома и планировки этажей. Сохраните идею и откройте проект, чтобы узнать подробности и актуальную стоимость.",https://catalog-plans.ru/catalog/62-71BR?utm_source=pinterest&utm_medium=organic&utm_campaign=generated_visual_plans_blueprint_static_batch_55&utm_content=pin_10324_62-71BR_plans&utm_term=proekty-domov-s-planirovkami,,"проект дома 62-71BR, проект дома 180,2 м², планировка дома, планы этажей, готовый проект дома, визуализация дома, газобетон, catalog-plans.ru"
"Проект дома №64-49 площадью 146,48 м² с планировками",https://raw.githubusercontent.com/nemchenik/test/fe937d328767d7f39f4856e3b3ba9c2fd0a2ffaf/pinterest/generated_batch_55_visual_plans_blueprint_static/64-49.jpg,Проекты частных домов,,"Проект дома №64-49: площадь 146,48 м², 1 этаж, габариты 16.545×15.95 м, материал стен — газобетон. На карточке показаны визуализация дома и планировки этажей. Сохраните идею и откройте проект, чтобы узнать подробности и актуальную стоимость.",https://catalog-plans.ru/catalog/64-49?utm_source=pinterest&utm_medium=organic&utm_campaign=generated_visual_plans_blueprint_static_batch_55&utm_content=pin_10325_64-49_plans&utm_term=proekty-domov-s-planirovkami,,"проект дома 64-49, проект дома 146,48 м², планировка дома, планы этажей, готовый проект дома, визуализация дома, газобетон, catalog-plans.ru"
"Проект дома №45-64NABKL площадью 219,75 м² с планировками",https://raw.githubusercontent.com/nemchenik/test/fe937d328767d7f39f4856e3b3ba9c2fd0a2ffaf/pinterest/generated_batch_55_visual_plans_blueprint_static/45-64NABKL.jpg,Проекты частных домов,,"Проект дома №45-64NABKL: площадь 219,75 м², 2 этажа, габариты 12.16×13.16 м, материал стен — кирпич. На карточке показаны визуализация дома и планировки этажей. Сохраните идею и откройте проект, чтобы узнать подробности и актуальную стоимость.",https://catalog-plans.ru/catalog/45-64NABKL?utm_source=pinterest&utm_medium=organic&utm_campaign=generated_visual_plans_blueprint_static_batch_55&utm_content=pin_10326_45-64NABKL_plans&utm_term=proekty-domov-s-planirovkami,,"проект дома 45-64NABKL, проект дома 219,75 м², планировка дома, планы этажей, готовый проект дома, визуализация дома, кирпич, catalog-plans.ru"
"Проект дома №45-64NHAFGL площадью 201,24 м² с планировками",https://raw.githubusercontent.com/nemchenik/test/fe937d328767d7f39f4856e3b3ba9c2fd0a2ffaf/pinterest/generated_batch_55_visual_plans_blueprint_static/45-64NHAFGL.jpg,Проекты частных домов,,"Проект дома №45-64NHAFGL: площадь 201,24 м², 2 этажа, габариты 12.46×12.73 м, материал стен — газобетон. На карточке показаны визуализация дома и планировки этажей. Сохраните идею и откройте проект, чтобы узнать подробности и актуальную стоимость.",https://catalog-plans.ru/catalog/45-64NHAFGL?utm_source=pinterest&utm_medium=organic&utm_campaign=generated_visual_plans_blueprint_static_batch_55&utm_content=pin_10327_45-64NHAFGL_plans&utm_term=proekty-domov-s-planirovkami,,"проект дома 45-64NHAFGL, проект дома 201,24 м², планировка дома, планы этажей, готовый проект дома, визуализация дома, газобетон, catalog-plans.ru"
"Проект дома №50-94 площадью 164,9 м² с планировками",https://raw.githubusercontent.com/nemchenik/test/fe937d328767d7f39f4856e3b3ba9c2fd0a2ffaf/pinterest/generated_batch_55_visual_plans_blueprint_static/50-94.jpg,Проекты частных домов,,"Проект дома №50-94: площадь 164,9 м², 2 этажа, габариты 13.7×14.55 м, материал стен — газобетон. На карточке показаны визуализация дома и планировки этажей. Сохраните идею и откройте проект, чтобы узнать подробности и актуальную стоимость.",https://catalog-plans.ru/catalog/50-94?utm_source=pinterest&utm_medium=organic&utm_campaign=generated_visual_plans_blueprint_static_batch_55&utm_content=pin_10328_50-94_plans&utm_term=proekty-domov-s-planirovkami,,"проект дома 50-94, проект дома 164,9 м², планировка дома, планы этажей, готовый проект дома, визуализация дома, газобетон, catalog-plans.ru"
"Проект дома №36-44 площадью 212,1 м² с планировками",https://raw.githubusercontent.com/nemchenik/test/fe937d328767d7f39f4856e3b3ba9c2fd0a2ffaf/pinterest/generated_batch_55_visual_plans_blueprint_static/36-44.jpg,Проекты частных домов,,"Проект дома №36-44: площадь 212,1 м², 2 этажа, габариты 13.56×13.7 м, материал стен — кирпич. На карточке показаны визуализация дома и планировки этажей. Сохраните идею и откройте проект, чтобы узнать подробности и актуальную стоимость.",https://catalog-plans.ru/catalog/36-44?utm_source=pinterest&utm_medium=organic&utm_campaign=generated_visual_plans_blueprint_static_batch_55&utm_content=pin_10329_36-44_plans&utm_term=proekty-domov-s-planirovkami,,"проект дома 36-44, проект дома 212,1 м², планировка дома, планы этажей, готовый проект дома, визуализация дома, кирпич, catalog-plans.ru"
"Проект дома №65-96 площадью 115,93 м² с планировками",https://raw.githubusercontent.com/nemchenik/test/fe937d328767d7f39f4856e3b3ba9c2fd0a2ffaf/pinterest/generated_batch_55_visual_plans_blueprint_static/65-96.jpg,Проекты частных домов,,"Проект дома №65-96: площадь 115,93 м², 1 этаж, габариты 10.8×14.7 м, материал стен — газобетон. На карточке показаны визуализация дома и планировки этажей. Сохраните идею и откройте проект, чтобы узнать подробности и актуальную стоимость.",https://catalog-plans.ru/catalog/65-96?utm_source=pinterest&utm_medium=organic&utm_campaign=generated_visual_plans_blueprint_static_batch_55&utm_content=pin_10330_65-96_plans&utm_term=proekty-domov-s-planirovkami,,"проект дома 65-96, проект дома 115,93 м², планировка дома, планы этажей, готовый проект дома, визуализация дома, газобетон, catalog-plans.ru"
"Проект дома №70-96ABGL площадью 157,68 м² с планировками",https://raw.githubusercontent.com/nemchenik/test/fe937d328767d7f39f4856e3b3ba9c2fd0a2ffaf/pinterest/generated_batch_55_visual_plans_blueprint_static/70-96ABGL.jpg,Проекты частных домов,,"Проект дома №70-96ABGL: площадь 157,68 м², 2 этажа, габариты 10.49×10.87 м, материал стен — газобетон. На карточке показаны визуализация дома и планировки этажей. Сохраните идею и откройте проект, чтобы узнать подробности и актуальную стоимость.",https://catalog-plans.ru/catalog/70-96ABGL?utm_source=pinterest&utm_medium=organic&utm_campaign=generated_visual_plans_blueprint_static_batch_55&utm_content=pin_10331_70-96ABGL_plans&utm_term=proekty-domov-s-planirovkami,,"проект дома 70-96ABGL, проект дома 157,68 м², планировка дома, планы этажей, готовый проект дома, визуализация дома, газобетон, catalog-plans.ru"
"Проект дома №57-63WK1L площадью 316,93 м² с планировками",https://raw.githubusercontent.com/nemchenik/test/fe937d328767d7f39f4856e3b3ba9c2fd0a2ffaf/pinterest/generated_batch_55_visual_plans_blueprint_static/57-63WK1L.jpg,Проекты частных домов,,"Проект дома №57-63WK1L: площадь 316,93 м², 2 этажа, габариты 12.26×20.6 м, материал стен — кирпич. На карточке показаны визуализация дома и планировки этажей. Сохраните идею и откройте проект, чтобы узнать подробности и актуальную стоимость.",https://catalog-plans.ru/catalog/57-63WK1L?utm_source=pinterest&utm_medium=organic&utm_campaign=generated_visual_plans_blueprint_static_batch_55&utm_content=pin_10332_57-63WK1L_plans&utm_term=proekty-domov-s-planirovkami,,"проект дома 57-63WK1L, проект дома 316,93 м², планировка дома, планы этажей, готовый проект дома, визуализация дома, кирпич, catalog-plans.ru"
"Проект дома №32-58 площадью 355,25 м² с планировками",https://raw.githubusercontent.com/nemchenik/test/fe937d328767d7f39f4856e3b3ba9c2fd0a2ffaf/pinterest/generated_batch_55_visual_plans_blueprint_static/32-58.jpg,Проекты частных домов,,"Проект дома №32-58: площадь 355,25 м², 2 этажа, габариты 9.6×11.6 м, материал стен — кирпич. На карточке показаны визуализация дома и планировки этажей. Сохраните идею и откройте проект, чтобы узнать подробности и актуальную стоимость.",https://catalog-plans.ru/catalog/32-58?utm_source=pinterest&utm_medium=organic&utm_campaign=generated_visual_plans_blueprint_static_batch_55&utm_content=pin_10333_32-58_plans&utm_term=proekty-domov-s-planirovkami,,"проект дома 32-58, проект дома 355,25 м², планировка дома, планы этажей, готовый проект дома, визуализация дома, кирпич, catalog-plans.ru"
"Проект дома №49-71AB площадью 156,46 м² с планировками",https://raw.githubusercontent.com/nemchenik/test/fe937d328767d7f39f4856e3b3ba9c2fd0a2ffaf/pinterest/generated_batch_55_visual_plans_blueprint_static/49-71AB.jpg,Проекты частных домов,,"Проект дома №49-71AB: площадь 156,46 м², 2 этажа, габариты 8.4×12 м, материал стен — дерево. На карточке показаны визуализация дома и планировки этажей. Сохраните идею и откройте проект, чтобы узнать подробности и актуальную стоимость.",https://catalog-plans.ru/catalog/49-71AB?utm_source=pinterest&utm_medium=organic&utm_campaign=generated_visual_plans_blueprint_static_batch_55&utm_content=pin_10334_49-71AB_plans&utm_term=proekty-domov-s-planirovkami,,"проект дома 49-71AB, проект дома 156,46 м², планировка дома, планы этажей, готовый проект дома, визуализация дома, дерево, catalog-plans.ru"
"Проект дома №33-55 площадью 256,5 м² с планировками",https://raw.githubusercontent.com/nemchenik/test/fe937d328767d7f39f4856e3b3ba9c2fd0a2ffaf/pinterest/generated_batch_55_visual_plans_blueprint_static/33-55.jpg,Проекты частных домов,,"Проект дома №33-55: площадь 256,5 м², 2 этажа, габариты 15×15.5 м, материал стен — кирпич. На карточке показаны визуализация дома и планировки этажей. Сохраните идею и откройте проект, чтобы узнать подробности и актуальную стоимость.",https://catalog-plans.ru/catalog/33-55?utm_source=pinterest&utm_medium=organic&utm_campaign=generated_visual_plans_blueprint_static_batch_55&utm_content=pin_10335_33-55_plans&utm_term=proekty-domov-s-planirovkami,,"проект дома 33-55, проект дома 256,5 м², планировка дома, планы этажей, готовый проект дома, визуализация дома, кирпич, catalog-plans.ru"
"Проект дома №36-51 площадью 837,7 м² с планировками",https://raw.githubusercontent.com/nemchenik/test/fe937d328767d7f39f4856e3b3ba9c2fd0a2ffaf/pinterest/generated_batch_55_visual_plans_blueprint_static/36-51.jpg,Проекты частных домов,,"Проект дома №36-51: площадь 837,7 м², 3 этажа, габариты 23.7×31.8 м, материал стен — кирпич. На карточке показаны визуализация дома и планировки этажей. Сохраните идею и откройте проект, чтобы узнать подробности и актуальную стоимость.",https://catalog-plans.ru/catalog/36-51?utm_source=pinterest&utm_medium=organic&utm_campaign=generated_visual_plans_blueprint_static_batch_55&utm_content=pin_10336_36-51_plans&utm_term=proekty-domov-s-planirovkami,,"проект дома 36-51, проект дома 837,7 м², планировка дома, планы этажей, готовый проект дома, визуализация дома, кирпич, catalog-plans.ru"
"Проект дома №33-37 площадью 109,2 м² с планировками",https://raw.githubusercontent.com/nemchenik/test/fe937d328767d7f39f4856e3b3ba9c2fd0a2ffaf/pinterest/generated_batch_55_visual_plans_blueprint_static/33-37.jpg,Проекты частных домов,,"Проект дома №33-37: площадь 109,2 м², 2 этажа, габариты 8.2×10 м, материал стен — кирпич. На карточке показаны визуализация дома и планировки этажей. Сохраните идею и откройте проект, чтобы узнать подробности и актуальную стоимость.",https://catalog-plans.ru/catalog/33-37?utm_source=pinterest&utm_medium=organic&utm_campaign=generated_visual_plans_blueprint_static_batch_55&utm_content=pin_10337_33-37_plans&utm_term=proekty-domov-s-planirovkami,,"проект дома 33-37, проект дома 109,2 м², планировка дома, планы этажей, готовый проект дома, визуализация дома, кирпич, catalog-plans.ru"
"Проект дома №48-30K площадью 346,9 м² с планировками",https://raw.githubusercontent.com/nemchenik/test/fe937d328767d7f39f4856e3b3ba9c2fd0a2ffaf/pinterest/generated_batch_55_visual_plans_blueprint_static/48-30K.jpg,Проекты частных домов,,"Проект дома №48-30K: площадь 346,9 м², 2 этажа, габариты 16.74×21.5 м, материал стен — кирпич. На карточке показаны визуализация дома и планировки этажей. Сохраните идею и откройте проект, чтобы узнать подробности и актуальную стоимость.",https://catalog-plans.ru/catalog/48-30K?utm_source=pinterest&utm_medium=organic&utm_campaign=generated_visual_plans_blueprint_static_batch_55&utm_content=pin_10338_48-30K_plans&utm_term=proekty-domov-s-planirovkami,,"проект дома 48-30K, проект дома 346,9 м², планировка дома, планы этажей, готовый проект дома, визуализация дома, кирпич, catalog-plans.ru"
"Проект дома №57-91EK1L площадью 178,76 м² с планировками",https://raw.githubusercontent.com/nemchenik/test/fe937d328767d7f39f4856e3b3ba9c2fd0a2ffaf/pinterest/generated_batch_55_visual_plans_blueprint_static/57-91EK1L.jpg,Проекты частных домов,,"Проект дома №57-91EK1L: площадь 178,76 м², 2 этажа, габариты 12.16×14.24 м, материал стен — кирпич. На карточке показаны визуализация дома и планировки этажей. Сохраните идею и откройте проект, чтобы узнать подробности и актуальную стоимость.",https://catalog-plans.ru/catalog/57-91EK1L?utm_source=pinterest&utm_medium=organic&utm_campaign=generated_visual_plans_blueprint_static_batch_55&utm_content=pin_10339_57-91EK1L_plans&utm_term=proekty-domov-s-planirovkami,,"проект дома 57-91EK1L, проект дома 178,76 м², планировка дома, планы этажей, готовый проект дома, визуализация дома, кирпич, catalog-plans.ru"
"Проект дома №37-16 площадью 370,8 м² с планировками",https://raw.githubusercontent.com/nemchenik/test/fe937d328767d7f39f4856e3b3ba9c2fd0a2ffaf/pinterest/generated_batch_55_visual_plans_blueprint_static/37-16.jpg,Проекты частных домов,,"Проект дома №37-16: площадь 370,8 м², 2 этажа, габариты 16.87×20.89 м, материал стен — кирпич. На карточке показаны визуализация дома и планировки этажей. Сохраните идею и откройте проект, чтобы узнать подробности и актуальную стоимость.",https://catalog-plans.ru/catalog/37-16?utm_source=pinterest&utm_medium=organic&utm_campaign=generated_visual_plans_blueprint_static_batch_55&utm_content=pin_10340_37-16_plans&utm_term=proekty-domov-s-planirovkami,,"проект дома 37-16, проект дома 370,8 м², планировка дома, планы этажей, готовый проект дома, визуализация дома, кирпич, catalog-plans.ru"
"Проект дома №63-39 площадью 136,94 м² с планировками",https://raw.githubusercontent.com/nemchenik/test/fe937d328767d7f39f4856e3b3ba9c2fd0a2ffaf/pinterest/generated_batch_55_visual_plans_blueprint_static/63-39.jpg,Проекты частных домов,,"Проект дома №63-39: площадь 136,94 м², 2 этажа, габариты 8.4×11.15 м, материал стен — газобетон. На карточке показаны визуализация дома и планировки этажей. Сохраните идею и откройте проект, чтобы узнать подробности и актуальную стоимость.",https://catalog-plans.ru/catalog/63-39?utm_source=pinterest&utm_medium=organic&utm_campaign=generated_visual_plans_blueprint_static_batch_55&utm_content=pin_10341_63-39_plans&utm_term=proekty-domov-s-planirovkami,,"проект дома 63-39, проект дома 136,94 м², планировка дома, планы этажей, готовый проект дома, визуализация дома, газобетон, catalog-plans.ru"
"Проект дома №40-11TBGL площадью 306,36 м² с планировками",https://raw.githubusercontent.com/nemchenik/test/fe937d328767d7f39f4856e3b3ba9c2fd0a2ffaf/pinterest/generated_batch_55_visual_plans_blueprint_static/40-11TBGL.jpg,Проекты частных домов,,"Проект дома №40-11TBGL: площадь 306,36 м², 3 этажа, габариты 13.7×13.94 м, материал стен — газобетон. На карточке показаны визуализация дома и планировки этажей. Сохраните идею и откройте проект, чтобы узнать подробности и актуальную стоимость.",https://catalog-plans.ru/catalog/40-11TBGL?utm_source=pinterest&utm_medium=organic&utm_campaign=generated_visual_plans_blueprint_static_batch_55&utm_content=pin_10342_40-11TBGL_plans&utm_term=proekty-domov-s-planirovkami,,"проект дома 40-11TBGL, проект дома 306,36 м², планировка дома, планы этажей, готовый проект дома, визуализация дома, газобетон, catalog-plans.ru"
"Проект дома №49-51K площадью 172,2 м² с планировками",https://raw.githubusercontent.com/nemchenik/test/fe937d328767d7f39f4856e3b3ba9c2fd0a2ffaf/pinterest/generated_batch_55_visual_plans_blueprint_static/49-51K.jpg,Проекты частных домов,,"Проект дома №49-51K: площадь 172,2 м², 2 этажа, габариты 10.64×13.64 м, материал стен — кирпич. На карточке показаны визуализация дома и планировки этажей. Сохраните идею и откройте проект, чтобы узнать подробности и актуальную стоимость.",https://catalog-plans.ru/catalog/49-51K?utm_source=pinterest&utm_medium=organic&utm_campaign=generated_visual_plans_blueprint_static_batch_55&utm_content=pin_10343_49-51K_plans&utm_term=proekty-domov-s-planirovkami,,"проект дома 49-51K, проект дома 172,2 м², планировка дома, планы этажей, готовый проект дома, визуализация дома, кирпич, catalog-plans.ru"
"Проект дома №57-54BABKL площадью 326,73 м² с планировками",https://raw.githubusercontent.com/nemchenik/test/fe937d328767d7f39f4856e3b3ba9c2fd0a2ffaf/pinterest/generated_batch_55_visual_plans_blueprint_static/57-54BABKL.jpg,Проекты частных домов,,"Проект дома №57-54BABKL: площадь 326,73 м², 2 этажа, габариты 15.26×16.38 м, материал стен — кирпич. На карточке показаны визуализация дома и планировки этажей. Сохраните идею и откройте проект, чтобы узнать подробности и актуальную стоимость.",https://catalog-plans.ru/catalog/57-54BABKL?utm_source=pinterest&utm_medium=organic&utm_campaign=generated_visual_plans_blueprint_static_batch_55&utm_content=pin_10344_57-54BABKL_plans&utm_term=proekty-domov-s-planirovkami,,"проект дома 57-54BABKL, проект дома 326,73 м², планировка дома, планы этажей, готовый проект дома, визуализация дома, кирпич, catalog-plans.ru"
"Проект дома №62-78B площадью 168,44 м² с планировками",https://raw.githubusercontent.com/nemchenik/test/fe937d328767d7f39f4856e3b3ba9c2fd0a2ffaf/pinterest/generated_batch_55_visual_plans_blueprint_static/62-78B.jpg,Проекты частных домов,,"Проект дома №62-78B: площадь 168,44 м², 1 этаж, габариты 18.395×19.69 м, материал стен — газобетон. На карточке показаны визуализация дома и планировки этажей. Сохраните идею и откройте проект, чтобы узнать подробности и актуальную стоимость.",https://catalog-plans.ru/catalog/62-78B?utm_source=pinterest&utm_medium=organic&utm_campaign=generated_visual_plans_blueprint_static_batch_55&utm_content=pin_10345_62-78B_plans&utm_term=proekty-domov-s-planirovkami,,"проект дома 62-78B, проект дома 168,44 м², планировка дома, планы этажей, готовый проект дома, визуализация дома, газобетон, catalog-plans.ru"
"Проект дома №90-86AK1L площадью 63,2 м² с планировками",https://raw.githubusercontent.com/nemchenik/test/fe937d328767d7f39f4856e3b3ba9c2fd0a2ffaf/pinterest/generated_batch_55_visual_plans_blueprint_static/90-86AK1L.jpg,Проекты частных домов,,"Проект дома №90-86AK1L: площадь 63,2 м², 1 этаж, габариты 9.16×13.63 м, материал стен — кирпич. На карточке показаны визуализация дома и планировки этажей. Сохраните идею и откройте проект, чтобы узнать подробности и актуальную стоимость.",https://catalog-plans.ru/catalog/90-86AK1L?utm_source=pinterest&utm_medium=organic&utm_campaign=generated_visual_plans_blueprint_static_batch_55&utm_content=pin_10346_90-86AK1L_plans&utm_term=proekty-domov-s-planirovkami,,"проект дома 90-86AK1L, проект дома 63,2 м², планировка дома, планы этажей, готовый проект дома, визуализация дома, кирпич, catalog-plans.ru"
"Проект дома №60-84 площадью 158,71 м² с планировками",https://raw.githubusercontent.com/nemchenik/test/fe937d328767d7f39f4856e3b3ba9c2fd0a2ffaf/pinterest/generated_batch_55_visual_plans_blueprint_static/60-84.jpg,Проекты частных домов,,"Проект дома №60-84: площадь 158,71 м², 2 этажа, габариты 9.6×11 м, материал стен — газобетон. На карточке показаны визуализация дома и планировки этажей. Сохраните идею и откройте проект, чтобы узнать подробности и актуальную стоимость.",https://catalog-plans.ru/catalog/60-84?utm_source=pinterest&utm_medium=organic&utm_campaign=generated_visual_plans_blueprint_static_batch_55&utm_content=pin_10347_60-84_plans&utm_term=proekty-domov-s-planirovkami,,"проект дома 60-84, проект дома 158,71 м², планировка дома, планы этажей, готовый проект дома, визуализация дома, газобетон, catalog-plans.ru"
"Проект дома №32-30 площадью 241,5 м² с планировками",https://raw.githubusercontent.com/nemchenik/test/fe937d328767d7f39f4856e3b3ba9c2fd0a2ffaf/pinterest/generated_batch_55_visual_plans_blueprint_static/32-30.jpg,Проекты частных домов,,"Проект дома №32-30: площадь 241,5 м², 2 этажа, габариты 9.6×9.9 м, материал стен — кирпич. На карточке показаны визуализация дома и планировки этажей. Сохраните идею и откройте проект, чтобы узнать подробности и актуальную стоимость.",https://catalog-plans.ru/catalog/32-30?utm_source=pinterest&utm_medium=organic&utm_campaign=generated_visual_plans_blueprint_static_batch_55&utm_content=pin_10348_32-30_plans&utm_term=proekty-domov-s-planirovkami,,"проект дома 32-30, проект дома 241,5 м², планировка дома, планы этажей, готовый проект дома, визуализация дома, кирпич, catalog-plans.ru"
"Проект дома №50-82 площадью 207,5 м² с планировками",https://raw.githubusercontent.com/nemchenik/test/fe937d328767d7f39f4856e3b3ba9c2fd0a2ffaf/pinterest/generated_batch_55_visual_plans_blueprint_static/50-82.jpg,Проекты частных домов,,"Проект дома №50-82: площадь 207,5 м², 2 этажа, габариты 10.26×14.16 м, материал стен — газобетон. На карточке показаны визуализация дома и планировки этажей. Сохраните идею и откройте проект, чтобы узнать подробности и актуальную стоимость.",https://catalog-plans.ru/catalog/50-82?utm_source=pinterest&utm_medium=organic&utm_campaign=generated_visual_plans_blueprint_static_batch_55&utm_content=pin_10349_50-82_plans&utm_term=proekty-domov-s-planirovkami,,"проект дома 50-82, проект дома 207,5 м², планировка дома, планы этажей, готовый проект дома, визуализация дома, газобетон, catalog-plans.ru"
"Проект дома №55-10 площадью 266,6 м² с планировками",https://raw.githubusercontent.com/nemchenik/test/fe937d328767d7f39f4856e3b3ba9c2fd0a2ffaf/pinterest/generated_batch_55_visual_plans_blueprint_static/55-10.jpg,Проекты частных домов,,"Проект дома №55-10: площадь 266,6 м², 2 этажа, габариты 15.2×17.3 м, материал стен — газобетон. На карточке показаны визуализация дома и планировки этажей. Сохраните идею и откройте проект, чтобы узнать подробности и актуальную стоимость.",https://catalog-plans.ru/catalog/55-10?utm_source=pinterest&utm_medium=organic&utm_campaign=generated_visual_plans_blueprint_static_batch_55&utm_content=pin_10350_55-10_plans&utm_term=proekty-domov-s-planirovkami,,"проект дома 55-10, проект дома 266,6 м², планировка дома, планы этажей, готовый проект дома, визуализация дома, газобетон, catalog-plans.ru"
"Проект дома №48-24GHABL площадью 276,47 м² с планировками",https://raw.githubusercontent.com/nemchenik/test/fe937d328767d7f39f4856e3b3ba9c2fd0a2ffaf/pinterest/generated_batch_55_visual_plans_blueprint_static/48-24GHABL.jpg,Проекты частных домов,,"Проект дома №48-24GHABL: площадь 276,47 м², 2 этажа, габариты 15.34×16.24 м, материал стен — газобетон. На карточке показаны визуализация дома и планировки этажей. Сохраните идею и откройте проект, чтобы узнать подробности и актуальную стоимость.",https://catalog-plans.ru/catalog/48-24GHABL?utm_source=pinterest&utm_medium=organic&utm_campaign=generated_visual_plans_blueprint_static_batch_55&utm_content=pin_10351_48-24GHABL_plans&utm_term=proekty-domov-s-planirovkami,,"проект дома 48-24GHABL, проект дома 276,47 м², планировка дома, планы этажей, готовый проект дома, визуализация дома, газобетон, catalog-plans.ru"
"Проект дома №59-26A площадью 281,4 м² с планировками",https://raw.githubusercontent.com/nemchenik/test/fe937d328767d7f39f4856e3b3ba9c2fd0a2ffaf/pinterest/generated_batch_55_visual_plans_blueprint_static/59-26A.jpg,Проекты частных домов,,"Проект дома №59-26A: площадь 281,4 м², 2 этажа, габариты 15.6×15.8 м, материал стен — газобетон. На карточке показаны визуализация дома и планировки этажей. Сохраните идею и откройте проект, чтобы узнать подробности и актуальную стоимость.",https://catalog-plans.ru/catalog/59-26A?utm_source=pinterest&utm_medium=organic&utm_campaign=generated_visual_plans_blueprint_static_batch_55&utm_content=pin_10352_59-26A_plans&utm_term=proekty-domov-s-planirovkami,,"проект дома 59-26A, проект дома 281,4 м², планировка дома, планы этажей, готовый проект дома, визуализация дома, газобетон, catalog-plans.ru"
"Проект дома №40-51GL площадью 184,17 м² с планировками",https://raw.githubusercontent.com/nemchenik/test/fe937d328767d7f39f4856e3b3ba9c2fd0a2ffaf/pinterest/generated_batch_55_visual_plans_blueprint_static/40-51GL.jpg,Проекты частных домов,,"Проект дома №40-51GL: площадь 184,17 м², 2 этажа, габариты 11.4×12.2 м, материал стен — газобетон. На карточке показаны визуализация дома и планировки этажей. Сохраните идею и откройте проект, чтобы узнать подробности и актуальную стоимость.",https://catalog-plans.ru/catalog/40-51GL?utm_source=pinterest&utm_medium=organic&utm_campaign=generated_visual_plans_blueprint_static_batch_55&utm_content=pin_10353_40-51GL_plans&utm_term=proekty-domov-s-planirovkami,,"проект дома 40-51GL, проект дома 184,17 м², планировка дома, планы этажей, готовый проект дома, визуализация дома, газобетон, catalog-plans.ru"
"Проект дома №45-22 площадью 179,57 м² с планировками",https://raw.githubusercontent.com/nemchenik/test/fe937d328767d7f39f4856e3b3ba9c2fd0a2ffaf/pinterest/generated_batch_55_visual_plans_blueprint_static/45-22.jpg,Проекты частных домов,,"Проект дома №45-22: площадь 179,57 м², 2 этажа, габариты 17.27×18.82 м, материал стен — кирпич. На карточке показаны визуализация дома и планировки этажей. Сохраните идею и откройте проект, чтобы узнать подробности и актуальную стоимость.",https://catalog-plans.ru/catalog/45-22?utm_source=pinterest&utm_medium=organic&utm_campaign=generated_visual_plans_blueprint_static_batch_55&utm_content=pin_10354_45-22_plans&utm_term=proekty-domov-s-planirovkami,,"проект дома 45-22, проект дома 179,57 м², планировка дома, планы этажей, готовый проект дома, визуализация дома, кирпич, catalog-plans.ru"
"Проект дома №40-04AKAL площадью 135,17 м² с планировками",https://raw.githubusercontent.com/nemchenik/test/fe937d328767d7f39f4856e3b3ba9c2fd0a2ffaf/pinterest/generated_batch_55_visual_plans_blueprint_static/40-04AKAL.jpg,Проекты частных домов,,"Проект дома №40-04AKAL: площадь 135,17 м², 2 этажа, габариты 9.88×10.38 м, материал стен — кирпич. На карточке показаны визуализация дома и планировки этажей. Сохраните идею и откройте проект, чтобы узнать подробности и актуальную стоимость.",https://catalog-plans.ru/catalog/40-04AKAL?utm_source=pinterest&utm_medium=organic&utm_campaign=generated_visual_plans_blueprint_static_batch_55&utm_content=pin_10355_40-04AKAL_plans&utm_term=proekty-domov-s-planirovkami,,"проект дома 40-04AKAL, проект дома 135,17 м², планировка дома, планы этажей, готовый проект дома, визуализация дома, кирпич, catalog-plans.ru"
"Проект дома №63-95WABB1 площадью 267,28 м² с планировками",https://raw.githubusercontent.com/nemchenik/test/fe937d328767d7f39f4856e3b3ba9c2fd0a2ffaf/pinterest/generated_batch_55_visual_plans_blueprint_static/63-95WABB1.jpg,Проекты частных домов,,"Проект дома №63-95WABB1: площадь 267,28 м², 2 этажа, габариты 14.65×15.4 м, материал стен — газобетон. На карточке показаны визуализация дома и планировки этажей. Сохраните идею и откройте проект, чтобы узнать подробности и актуальную стоимость.",https://catalog-plans.ru/catalog/63-95WABB1?utm_source=pinterest&utm_medium=organic&utm_campaign=generated_visual_plans_blueprint_static_batch_55&utm_content=pin_10356_63-95WABB1_plans&utm_term=proekty-domov-s-planirovkami,,"проект дома 63-95WABB1, проект дома 267,28 м², планировка дома, планы этажей, готовый проект дома, визуализация дома, газобетон, catalog-plans.ru"
"Проект дома №71-25 площадью 42,69 м² с планировками",https://raw.githubusercontent.com/nemchenik/test/fe937d328767d7f39f4856e3b3ba9c2fd0a2ffaf/pinterest/generated_batch_55_visual_plans_blueprint_static/71-25.jpg,Проекты частных домов,,"Проект дома №71-25: площадь 42,69 м², 1 этаж, габариты 6.5×9.5 м, материал стен — деревянный каркас. На карточке показаны визуализация дома и планировки этажей. Сохраните идею и откройте проект, чтобы узнать подробности и актуальную стоимость.",https://catalog-plans.ru/catalog/71-25?utm_source=pinterest&utm_medium=organic&utm_campaign=generated_visual_plans_blueprint_static_batch_55&utm_content=pin_10357_71-25_plans&utm_term=proekty-domov-s-planirovkami,,"проект дома 71-25, проект дома 42,69 м², планировка дома, планы этажей, готовый проект дома, визуализация дома, деревянный каркас, catalog-plans.ru"
"Проект дома №66-26 площадью 134,5 м² с планировками",https://raw.githubusercontent.com/nemchenik/test/fe937d328767d7f39f4856e3b3ba9c2fd0a2ffaf/pinterest/generated_batch_55_visual_plans_blueprint_static/66-26.jpg,Проекты частных домов,,"Проект дома №66-26: площадь 134,5 м², 2 этажа, габариты 8.65×9.395 м, материал стен — газобетон. На карточке показаны визуализация дома и планировки этажей. Сохраните идею и откройте проект, чтобы узнать подробности и актуальную стоимость.",https://catalog-plans.ru/catalog/66-26?utm_source=pinterest&utm_medium=organic&utm_campaign=generated_visual_plans_blueprint_static_batch_55&utm_content=pin_10358_66-26_plans&utm_term=proekty-domov-s-planirovkami,,"проект дома 66-26, проект дома 134,5 м², планировка дома, планы этажей, готовый проект дома, визуализация дома, газобетон, catalog-plans.ru"
Проект дома №52-89 площадью 274 м² с планировками,https://raw.githubusercontent.com/nemchenik/test/fe937d328767d7f39f4856e3b3ba9c2fd0a2ffaf/pinterest/generated_batch_55_visual_plans_blueprint_static/52-89.jpg,Проекты частных домов,,"Проект дома №52-89: площадь 274 м², 2 этажа, габариты 10.85×19.1 м, материал стен — газобетон. На карточке показаны визуализация дома и планировки этажей. Сохраните идею и откройте проект, чтобы узнать подробности и актуальную стоимость.",https://catalog-plans.ru/catalog/52-89?utm_source=pinterest&utm_medium=organic&utm_campaign=generated_visual_plans_blueprint_static_batch_55&utm_content=pin_10359_52-89_plans&utm_term=proekty-domov-s-planirovkami,,"проект дома 52-89, проект дома 274 м², планировка дома, планы этажей, готовый проект дома, визуализация дома, газобетон, catalog-plans.ru"
"Проект дома №40-11F площадью 269,78 м² с планировками",https://raw.githubusercontent.com/nemchenik/test/fe937d328767d7f39f4856e3b3ba9c2fd0a2ffaf/pinterest/generated_batch_55_visual_plans_blueprint_static/40-11F.jpg,Проекты частных домов,,"Проект дома №40-11F: площадь 269,78 м², 3 этажа, габариты 13.75×13.94 м, материал стен — кирпич. На карточке показаны визуализация дома и планировки этажей. Сохраните идею и откройте проект, чтобы узнать подробности и актуальную стоимость.",https://catalog-plans.ru/catalog/40-11F?utm_source=pinterest&utm_medium=organic&utm_campaign=generated_visual_plans_blueprint_static_batch_55&utm_content=pin_10360_40-11F_plans&utm_term=proekty-domov-s-planirovkami,,"проект дома 40-11F, проект дома 269,78 м², планировка дома, планы этажей, готовый проект дома, визуализация дома, кирпич, catalog-plans.ru"
"Проект дома №45-09 площадью 152,99 м² с планировками",https://raw.githubusercontent.com/nemchenik/test/fe937d328767d7f39f4856e3b3ba9c2fd0a2ffaf/pinterest/generated_batch_55_visual_plans_blueprint_static/45-09.jpg,Проекты частных домов,,"Проект дома №45-09: площадь 152,99 м², 2 этажа, габариты 11.89×14.59 м, материал стен — кирпич. На карточке показаны визуализация дома и планировки этажей. Сохраните идею и откройте проект, чтобы узнать подробности и актуальную стоимость.",https://catalog-plans.ru/catalog/45-09?utm_source=pinterest&utm_medium=organic&utm_campaign=generated_visual_plans_blueprint_static_batch_55&utm_content=pin_10361_45-09_plans&utm_term=proekty-domov-s-planirovkami,,"проект дома 45-09, проект дома 152,99 м², планировка дома, планы этажей, готовый проект дома, визуализация дома, кирпич, catalog-plans.ru"
"Проект дома №58-81CL площадью 342,14 м² с планировками",https://raw.githubusercontent.com/nemchenik/test/fe937d328767d7f39f4856e3b3ba9c2fd0a2ffaf/pinterest/generated_batch_55_visual_plans_blueprint_static/58-81CL.jpg,Проекты частных домов,,"Проект дома №58-81CL: площадь 342,14 м², 2 этажа, габариты 14.04×14.68 м, материал стен — монолитный каркас. На карточке показаны визуализация дома и планировки этажей. Сохраните идею и откройте проект, чтобы узнать подробности и актуальную стоимость.",https://catalog-plans.ru/catalog/58-81CL?utm_source=pinterest&utm_medium=organic&utm_campaign=generated_visual_plans_blueprint_static_batch_55&utm_content=pin_10362_58-81CL_plans&utm_term=proekty-domov-s-planirovkami,,"проект дома 58-81CL, проект дома 342,14 м², планировка дома, планы этажей, готовый проект дома, визуализация дома, монолитный каркас, catalog-plans.ru"
"Проект дома №45-43L площадью 283,76 м² с планировками",https://raw.githubusercontent.com/nemchenik/test/fe937d328767d7f39f4856e3b3ba9c2fd0a2ffaf/pinterest/generated_batch_55_visual_plans_blueprint_static/45-43L.jpg,Проекты частных домов,,"Проект дома №45-43L: площадь 283,76 м², 2 этажа, габариты 11.02×19.92 м, материал стен — кирпич. На карточке показаны визуализация дома и планировки этажей. Сохраните идею и откройте проект, чтобы узнать подробности и актуальную стоимость.",https://catalog-plans.ru/catalog/45-43L?utm_source=pinterest&utm_medium=organic&utm_campaign=generated_visual_plans_blueprint_static_batch_55&utm_content=pin_10363_45-43L_plans&utm_term=proekty-domov-s-planirovkami,,"проект дома 45-43L, проект дома 283,76 м², планировка дома, планы этажей, готовый проект дома, визуализация дома, кирпич, catalog-plans.ru"
"Проект дома №68-50L площадью 233,72 м² с планировками",https://raw.githubusercontent.com/nemchenik/test/fe937d328767d7f39f4856e3b3ba9c2fd0a2ffaf/pinterest/generated_batch_55_visual_plans_blueprint_static/68-50L.jpg,Проекты частных домов,,"Проект дома №68-50L: площадь 233,72 м², 1 этаж, габариты 19.55×19.975 м, материал стен — газобетон. На карточке показаны визуализация дома и планировки этажей. Сохраните идею и откройте проект, чтобы узнать подробности и актуальную стоимость.",https://catalog-plans.ru/catalog/68-50L?utm_source=pinterest&utm_medium=organic&utm_campaign=generated_visual_plans_blueprint_static_batch_55&utm_content=pin_10364_68-50L_plans&utm_term=proekty-domov-s-planirovkami,,"проект дома 68-50L, проект дома 233,72 м², планировка дома, планы этажей, готовый проект дома, визуализация дома, газобетон, catalog-plans.ru"
Проект дома №51-68 площадью 126 м² с планировками,https://raw.githubusercontent.com/nemchenik/test/fe937d328767d7f39f4856e3b3ba9c2fd0a2ffaf/pinterest/generated_batch_55_visual_plans_blueprint_static/51-68.jpg,Проекты частных домов,,"Проект дома №51-68: площадь 126 м², 2 этажа, габариты 10.8×12.5 м, материал стен — ячеистые бетонные блоки. На карточке показаны визуализация дома и планировки этажей. Сохраните идею и откройте проект, чтобы узнать подробности и актуальную стоимость.",https://catalog-plans.ru/catalog/51-68?utm_source=pinterest&utm_medium=organic&utm_campaign=generated_visual_plans_blueprint_static_batch_55&utm_content=pin_10365_51-68_plans&utm_term=proekty-domov-s-planirovkami,,"проект дома 51-68, проект дома 126 м², планировка дома, планы этажей, готовый проект дома, визуализация дома, ячеистые бетонные блоки, catalog-plans.ru"
"Проект дома №40-05AG площадью 224,88 м² с планировками",https://raw.githubusercontent.com/nemchenik/test/fe937d328767d7f39f4856e3b3ba9c2fd0a2ffaf/pinterest/generated_batch_55_visual_plans_blueprint_static/40-05AG.jpg,Проекты частных домов,,"Проект дома №40-05AG: площадь 224,88 м², 2 этажа, габариты 13.9×14.54 м, материал стен — газобетон. На карточке показаны визуализация дома и планировки этажей. Сохраните идею и откройте проект, чтобы узнать подробности и актуальную стоимость.",https://catalog-plans.ru/catalog/40-05AG?utm_source=pinterest&utm_medium=organic&utm_campaign=generated_visual_plans_blueprint_static_batch_55&utm_content=pin_10366_40-05AG_plans&utm_term=proekty-domov-s-planirovkami,,"проект дома 40-05AG, проект дома 224,88 м², планировка дома, планы этажей, готовый проект дома, визуализация дома, газобетон, catalog-plans.ru"
"Проект дома №90-86AB площадью 112,31 м² с планировками",https://raw.githubusercontent.com/nemchenik/test/fe937d328767d7f39f4856e3b3ba9c2fd0a2ffaf/pinterest/generated_batch_55_visual_plans_blueprint_static/90-86AB.jpg,Проекты частных домов,,"Проект дома №90-86AB: площадь 112,31 м², 1 этаж, габариты 8.68×9.35 м, материал стен — газобетон. На карточке показаны визуализация дома и планировки этажей. Сохраните идею и откройте проект, чтобы узнать подробности и актуальную стоимость.",https://catalog-plans.ru/catalog/90-86AB?utm_source=pinterest&utm_medium=organic&utm_campaign=generated_visual_plans_blueprint_static_batch_55&utm_content=pin_10367_90-86AB_plans&utm_term=proekty-domov-s-planirovkami,,"проект дома 90-86AB, проект дома 112,31 м², планировка дома, планы этажей, готовый проект дома, визуализация дома, газобетон, catalog-plans.ru"
"Проект дома №46-60L площадью 219,31 м² с планировками",https://raw.githubusercontent.com/nemchenik/test/fe937d328767d7f39f4856e3b3ba9c2fd0a2ffaf/pinterest/generated_batch_55_visual_plans_blueprint_static/46-60L.jpg,Проекты частных домов,,"Проект дома №46-60L: площадь 219,31 м², 2 этажа, габариты 12.5×16.5 м, материал стен — кирпич. На карточке показаны визуализация дома и планировки этажей. Сохраните идею и откройте проект, чтобы узнать подробности и актуальную стоимость.",https://catalog-plans.ru/catalog/46-60L?utm_source=pinterest&utm_medium=organic&utm_campaign=generated_visual_plans_blueprint_static_batch_55&utm_content=pin_10368_46-60L_plans&utm_term=proekty-domov-s-planirovkami,,"проект дома 46-60L, проект дома 219,31 м², планировка дома, планы этажей, готовый проект дома, визуализация дома, кирпич, catalog-plans.ru"
"Проект дома №90-24 площадью 143,65 м² с планировками",https://raw.githubusercontent.com/nemchenik/test/fe937d328767d7f39f4856e3b3ba9c2fd0a2ffaf/pinterest/generated_batch_55_visual_plans_blueprint_static/90-24.jpg,Проекты частных домов,,"Проект дома №90-24: площадь 143,65 м², 2 этажа, габариты 9×12 м, материал стен — кирпич. На карточке показаны визуализация дома и планировки этажей. Сохраните идею и откройте проект, чтобы узнать подробности и актуальную стоимость.",https://catalog-plans.ru/catalog/90-24?utm_source=pinterest&utm_medium=organic&utm_campaign=generated_visual_plans_blueprint_static_batch_55&utm_content=pin_10369_90-24_plans&utm_term=proekty-domov-s-planirovkami,,"проект дома 90-24, проект дома 143,65 м², планировка дома, планы этажей, готовый проект дома, визуализация дома, кирпич, catalog-plans.ru"
"Проект дома №40-11LAG площадью 219,89 м² с планировками",https://raw.githubusercontent.com/nemchenik/test/fe937d328767d7f39f4856e3b3ba9c2fd0a2ffaf/pinterest/generated_batch_55_visual_plans_blueprint_static/40-11LAG.jpg,Проекты частных домов,,"Проект дома №40-11LAG: площадь 219,89 м², 2 этажа, габариты 13.25×13.27 м, материал стен — газобетон. На карточке показаны визуализация дома и планировки этажей. Сохраните идею и откройте проект, чтобы узнать подробности и актуальную стоимость.",https://catalog-plans.ru/catalog/40-11LAG?utm_source=pinterest&utm_medium=organic&utm_campaign=generated_visual_plans_blueprint_static_batch_55&utm_content=pin_10370_40-11LAG_plans&utm_term=proekty-domov-s-planirovkami,,"проект дома 40-11LAG, проект дома 219,89 м², планировка дома, планы этажей, готовый проект дома, визуализация дома, газобетон, catalog-plans.ru"
"Проект дома №57-00B2 площадью 217,44 м² с планировками",https://raw.githubusercontent.com/nemchenik/test/fe937d328767d7f39f4856e3b3ba9c2fd0a2ffaf/pinterest/generated_batch_55_visual_plans_blueprint_static/57-00B2.jpg,Проекты частных домов,,"Проект дома №57-00B2: площадь 217,44 м², 2 этажа, габариты 12.5×12.95 м, материал стен — газобетон. На карточке показаны визуализация дома и планировки этажей. Сохраните идею и откройте проект, чтобы узнать подробности и актуальную стоимость.",https://catalog-plans.ru/catalog/57-00B2?utm_source=pinterest&utm_medium=organic&utm_campaign=generated_visual_plans_blueprint_static_batch_55&utm_content=pin_10371_57-00B2_plans&utm_term=proekty-domov-s-planirovkami,,"проект дома 57-00B2, проект дома 217,44 м², планировка дома, планы этажей, готовый проект дома, визуализация дома, газобетон, catalog-plans.ru"
Проект дома №70-08 площадью 123 м² с планировками,https://raw.githubusercontent.com/nemchenik/test/fe937d328767d7f39f4856e3b3ba9c2fd0a2ffaf/pinterest/generated_batch_55_visual_plans_blueprint_static/70-08.jpg,Проекты частных домов,,"Проект дома №70-08: площадь 123 м², 2 этажа, габариты 8.4×10.2 м, материал стен — дерево. На карточке показаны визуализация дома и планировки этажей. Сохраните идею и откройте проект, чтобы узнать подробности и актуальную стоимость.",https://catalog-plans.ru/catalog/70-08?utm_source=pinterest&utm_medium=organic&utm_campaign=generated_visual_plans_blueprint_static_batch_55&utm_content=pin_10372_70-08_plans&utm_term=proekty-domov-s-planirovkami,,"проект дома 70-08, проект дома 123 м², планировка дома, планы этажей, готовый проект дома, визуализация дома, дерево, catalog-plans.ru"
Проект дома №31-39 площадью 395 м² с планировками,https://raw.githubusercontent.com/nemchenik/test/fe937d328767d7f39f4856e3b3ba9c2fd0a2ffaf/pinterest/generated_batch_55_visual_plans_blueprint_static/31-39.jpg,Проекты частных домов,,"Проект дома №31-39: площадь 395 м², 2 этажа, габариты 14.78×20.92 м, материал стен — натурального камня. На карточке показаны визуализация дома и планировки этажей. Сохраните идею и откройте проект, чтобы узнать подробности и актуальную стоимость.",https://catalog-plans.ru/catalog/31-39?utm_source=pinterest&utm_medium=organic&utm_campaign=generated_visual_plans_blueprint_static_batch_55&utm_content=pin_10373_31-39_plans&utm_term=proekty-domov-s-planirovkami,,"проект дома 31-39, проект дома 395 м², планировка дома, планы этажей, готовый проект дома, визуализация дома, натурального камня, catalog-plans.ru"
Проект дома №53-08 площадью 283 м² с планировками,https://raw.githubusercontent.com/nemchenik/test/fe937d328767d7f39f4856e3b3ba9c2fd0a2ffaf/pinterest/generated_batch_55_visual_plans_blueprint_static/53-08.jpg,Проекты частных домов,,"Проект дома №53-08: площадь 283 м², 2 этажа, габариты 10.7×14.3 м, материал стен — газобетон. На карточке показаны визуализация дома и планировки этажей. Сохраните идею и откройте проект, чтобы узнать подробности и актуальную стоимость.",https://catalog-plans.ru/catalog/53-08?utm_source=pinterest&utm_medium=organic&utm_campaign=generated_visual_plans_blueprint_static_batch_55&utm_content=pin_10374_53-08_plans&utm_term=proekty-domov-s-planirovkami,,"проект дома 53-08, проект дома 283 м², планировка дома, планы этажей, готовый проект дома, визуализация дома, газобетон, catalog-plans.ru"
"Проект дома №47-98 площадью 208,8 м² с планировками",https://raw.githubusercontent.com/nemchenik/test/fe937d328767d7f39f4856e3b3ba9c2fd0a2ffaf/pinterest/generated_batch_55_visual_plans_blueprint_static/47-98.jpg,Проекты частных домов,,"Проект дома №47-98: площадь 208,8 м², 2 этажа, габариты 13.42×16.41 м, материал стен — кирпич. На карточке показаны визуализация дома и планировки этажей. Сохраните идею и откройте проект, чтобы узнать подробности и актуальную стоимость.",https://catalog-plans.ru/catalog/47-98?utm_source=pinterest&utm_medium=organic&utm_campaign=generated_visual_plans_blueprint_static_batch_55&utm_content=pin_10375_47-98_plans&utm_term=proekty-domov-s-planirovkami,,"проект дома 47-98, проект дома 208,8 м², планировка дома, планы этажей, готовый проект дома, визуализация дома, кирпич, catalog-plans.ru"
Проект дома №55-88 площадью 174 м² с планировками,https://raw.githubusercontent.com/nemchenik/test/fe937d328767d7f39f4856e3b3ba9c2fd0a2ffaf/pinterest/generated_batch_55_visual_plans_blueprint_static/55-88.jpg,Проекты частных домов,,"Проект дома №55-88: площадь 174 м², 3 этажа, габариты 9.2×12 м, материал стен — газобетон. На карточке показаны визуализация дома и планировки этажей. Сохраните идею и откройте проект, чтобы узнать подробности и актуальную стоимость.",https://catalog-plans.ru/catalog/55-88?utm_source=pinterest&utm_medium=organic&utm_campaign=generated_visual_plans_blueprint_static_batch_55&utm_content=pin_10376_55-88_plans&utm_term=proekty-domov-s-planirovkami,,"проект дома 55-88, проект дома 174 м², планировка дома, планы этажей, готовый проект дома, визуализация дома, газобетон, catalog-plans.ru"
"Проект дома №34-81 площадью 260,6 м² с планировками",https://raw.githubusercontent.com/nemchenik/test/fe937d328767d7f39f4856e3b3ba9c2fd0a2ffaf/pinterest/generated_batch_55_visual_plans_blueprint_static/34-81.jpg,Проекты частных домов,,"Проект дома №34-81: площадь 260,6 м², 3 этажа, габариты 8.8×17 м, материал стен — кирпич. На карточке показаны визуализация дома и планировки этажей. Сохраните идею и откройте проект, чтобы узнать подробности и актуальную стоимость.",https://catalog-plans.ru/catalog/34-81?utm_source=pinterest&utm_medium=organic&utm_campaign=generated_visual_plans_blueprint_static_batch_55&utm_content=pin_10377_34-81_plans&utm_term=proekty-domov-s-planirovkami,,"проект дома 34-81, проект дома 260,6 м², планировка дома, планы этажей, готовый проект дома, визуализация дома, кирпич, catalog-plans.ru"
"Проект дома №48-17 площадью 138,7 м² с планировками",https://raw.githubusercontent.com/nemchenik/test/fe937d328767d7f39f4856e3b3ba9c2fd0a2ffaf/pinterest/generated_batch_55_visual_plans_blueprint_static/48-17.jpg,Проекты частных домов,,"Проект дома №48-17: площадь 138,7 м², 2 этажа, габариты 9×12.5 м, материал стен — газобетон. На карточке показаны визуализация дома и планировки этажей. Сохраните идею и откройте проект, чтобы узнать подробности и актуальную стоимость.",https://catalog-plans.ru/catalog/48-17?utm_source=pinterest&utm_medium=organic&utm_campaign=generated_visual_plans_blueprint_static_batch_55&utm_content=pin_10378_48-17_plans&utm_term=proekty-domov-s-planirovkami,,"проект дома 48-17, проект дома 138,7 м², планировка дома, планы этажей, готовый проект дома, визуализация дома, газобетон, catalog-plans.ru"
"Проект дома №57-13K площадью 142,64 м² с планировками",https://raw.githubusercontent.com/nemchenik/test/fe937d328767d7f39f4856e3b3ba9c2fd0a2ffaf/pinterest/generated_batch_55_visual_plans_blueprint_static/57-13K.jpg,Проекты частных домов,,"Проект дома №57-13K: площадь 142,64 м², 2 этажа, габариты 8.62×12.2 м, материал стен — кирпич. На карточке показаны визуализация дома и планировки этажей. Сохраните идею и откройте проект, чтобы узнать подробности и актуальную стоимость.",https://catalog-plans.ru/catalog/57-13K?utm_source=pinterest&utm_medium=organic&utm_campaign=generated_visual_plans_blueprint_static_batch_55&utm_content=pin_10379_57-13K_plans&utm_term=proekty-domov-s-planirovkami,,"проект дома 57-13K, проект дома 142,64 м², планировка дома, планы этажей, готовый проект дома, визуализация дома, кирпич, catalog-plans.ru"
"Проект дома №64-28A площадью 133,33 м² с планировками",https://raw.githubusercontent.com/nemchenik/test/fe937d328767d7f39f4856e3b3ba9c2fd0a2ffaf/pinterest/generated_batch_55_visual_plans_blueprint_static/64-28A.jpg,Проекты частных домов,,"Проект дома №64-28A: площадь 133,33 м², 2 этажа, габариты 8.71×10.76 м, материал стен — газобетон. На карточке показаны визуализация дома и планировки этажей. Сохраните идею и откройте проект, чтобы узнать подробности и актуальную стоимость.",https://catalog-plans.ru/catalog/64-28A?utm_source=pinterest&utm_medium=organic&utm_campaign=generated_visual_plans_blueprint_static_batch_55&utm_content=pin_10380_64-28A_plans&utm_term=proekty-domov-s-planirovkami,,"проект дома 64-28A, проект дома 133,33 м², планировка дома, планы этажей, готовый проект дома, визуализация дома, газобетон, catalog-plans.ru"
"Проект дома №60-23 площадью 143,1 м² с планировками",https://raw.githubusercontent.com/nemchenik/test/fe937d328767d7f39f4856e3b3ba9c2fd0a2ffaf/pinterest/generated_batch_55_visual_plans_blueprint_static/60-23.jpg,Проекты частных домов,,"Проект дома №60-23: площадь 143,1 м², 2 этажа, габариты 10.95×11 м, материал стен — газобетон. На карточке показаны визуализация дома и планировки этажей. Сохраните идею и откройте проект, чтобы узнать подробности и актуальную стоимость.",https://catalog-plans.ru/catalog/60-23?utm_source=pinterest&utm_medium=organic&utm_campaign=generated_visual_plans_blueprint_static_batch_55&utm_content=pin_10381_60-23_plans&utm_term=proekty-domov-s-planirovkami,,"проект дома 60-23, проект дома 143,1 м², планировка дома, планы этажей, готовый проект дома, визуализация дома, газобетон, catalog-plans.ru"
"Проект дома №45-64BAGL площадью 538,79 м² с планировками",https://raw.githubusercontent.com/nemchenik/test/fe937d328767d7f39f4856e3b3ba9c2fd0a2ffaf/pinterest/generated_batch_55_visual_plans_blueprint_static/45-64BAGL.jpg,Проекты частных домов,,"Проект дома №45-64BAGL: площадь 538,79 м², 2 этажа, габариты 14.06×23.8 м, материал стен — газобетон. На карточке показаны визуализация дома и планировки этажей. Сохраните идею и откройте проект, чтобы узнать подробности и актуальную стоимость.",https://catalog-plans.ru/catalog/45-64BAGL?utm_source=pinterest&utm_medium=organic&utm_campaign=generated_visual_plans_blueprint_static_batch_55&utm_content=pin_10382_45-64BAGL_plans&utm_term=proekty-domov-s-planirovkami,,"проект дома 45-64BAGL, проект дома 538,79 м², планировка дома, планы этажей, готовый проект дома, визуализация дома, газобетон, catalog-plans.ru"
"Проект дома №58-87N площадью 194,47 м² с планировками",https://raw.githubusercontent.com/nemchenik/test/fe937d328767d7f39f4856e3b3ba9c2fd0a2ffaf/pinterest/generated_batch_55_visual_plans_blueprint_static/58-87N.jpg,Проекты частных домов,,"Проект дома №58-87N: площадь 194,47 м², 2 этажа, габариты 11.85×15.18 м, материал стен — газобетон. На карточке показаны визуализация дома и планировки этажей. Сохраните идею и откройте проект, чтобы узнать подробности и актуальную стоимость.",https://catalog-plans.ru/catalog/58-87N?utm_source=pinterest&utm_medium=organic&utm_campaign=generated_visual_plans_blueprint_static_batch_55&utm_content=pin_10383_58-87N_plans&utm_term=proekty-domov-s-planirovkami,,"проект дома 58-87N, проект дома 194,47 м², планировка дома, планы этажей, готовый проект дома, визуализация дома, газобетон, catalog-plans.ru"
"Проект дома №40-54BG площадью 181,42 м² с планировками",https://raw.githubusercontent.com/nemchenik/test/fe937d328767d7f39f4856e3b3ba9c2fd0a2ffaf/pinterest/generated_batch_55_visual_plans_blueprint_static/40-54BG.jpg,Проекты частных домов,,"Проект дома №40-54BG: площадь 181,42 м², 2 этажа, габариты 11.98×12.78 м, материал стен — газобетон. На карточке показаны визуализация дома и планировки этажей. Сохраните идею и откройте проект, чтобы узнать подробности и актуальную стоимость.",https://catalog-plans.ru/catalog/40-54BG?utm_source=pinterest&utm_medium=organic&utm_campaign=generated_visual_plans_blueprint_static_batch_55&utm_content=pin_10384_40-54BG_plans&utm_term=proekty-domov-s-planirovkami,,"проект дома 40-54BG, проект дома 181,42 м², планировка дома, планы этажей, готовый проект дома, визуализация дома, газобетон, catalog-plans.ru"
"Проект дома №49-97K площадью 100,5 м² с планировками",https://raw.githubusercontent.com/nemchenik/test/fe937d328767d7f39f4856e3b3ba9c2fd0a2ffaf/pinterest/generated_batch_55_visual_plans_blueprint_static/49-97K.jpg,Проекты частных домов,,"Проект дома №49-97K: площадь 100,5 м², 2 этажа, габариты 8.8×12.8 м, материал стен — кирпич. На карточке показаны визуализация дома и планировки этажей. Сохраните идею и откройте проект, чтобы узнать подробности и актуальную стоимость.",https://catalog-plans.ru/catalog/49-97K?utm_source=pinterest&utm_medium=organic&utm_campaign=generated_visual_plans_blueprint_static_batch_55&utm_content=pin_10385_49-97K_plans&utm_term=proekty-domov-s-planirovkami,,"проект дома 49-97K, проект дома 100,5 м², планировка дома, планы этажей, готовый проект дома, визуализация дома, кирпич, catalog-plans.ru"
Проект дома №57-68 площадью 144 м² с планировками,https://raw.githubusercontent.com/nemchenik/test/fe937d328767d7f39f4856e3b3ba9c2fd0a2ffaf/pinterest/generated_batch_55_visual_plans_blueprint_static/57-68.jpg,Проекты частных домов,,"Проект дома №57-68: площадь 144 м², 2 этажа, габариты 12×12.11 м, материал стен — газобетон. На карточке показаны визуализация дома и планировки этажей. Сохраните идею и откройте проект, чтобы узнать подробности и актуальную стоимость.",https://catalog-plans.ru/catalog/57-68?utm_source=pinterest&utm_medium=organic&utm_campaign=generated_visual_plans_blueprint_static_batch_55&utm_content=pin_10386_57-68_plans&utm_term=proekty-domov-s-planirovkami,,"проект дома 57-68, проект дома 144 м², планировка дома, планы этажей, готовый проект дома, визуализация дома, газобетон, catalog-plans.ru"
"Проект дома №63-48X площадью 94,82 м² с планировками",https://raw.githubusercontent.com/nemchenik/test/fe937d328767d7f39f4856e3b3ba9c2fd0a2ffaf/pinterest/generated_batch_55_visual_plans_blueprint_static/63-48X.jpg,Проекты частных домов,,"Проект дома №63-48X: площадь 94,82 м², 1 этаж, габариты 9.6×14.58 м, материал стен — арболитовые блоки 400. На карточке показаны визуализация дома и планировки этажей. Сохраните идею и откройте проект, чтобы узнать подробности и актуальную стоимость.",https://catalog-plans.ru/catalog/63-48X?utm_source=pinterest&utm_medium=organic&utm_campaign=generated_visual_plans_blueprint_static_batch_55&utm_content=pin_10387_63-48X_plans&utm_term=proekty-domov-s-planirovkami,,"проект дома 63-48X, проект дома 94,82 м², планировка дома, планы этажей, готовый проект дома, визуализация дома, арболитовые блоки 400, catalog-plans.ru"
"Проект дома №57-63ABCL площадью 208,17 м² с планировками",https://raw.githubusercontent.com/nemchenik/test/fe937d328767d7f39f4856e3b3ba9c2fd0a2ffaf/pinterest/generated_batch_55_visual_plans_blueprint_static/57-63ABCL.jpg,Проекты частных домов,,"Проект дома №57-63ABCL: площадь 208,17 м², 2 этажа, габариты 12.5×12.6 м, материал стен — газобетон. На карточке показаны визуализация дома и планировки этажей. Сохраните идею и откройте проект, чтобы узнать подробности и актуальную стоимость.",https://catalog-plans.ru/catalog/57-63ABCL?utm_source=pinterest&utm_medium=organic&utm_campaign=generated_visual_plans_blueprint_static_batch_55&utm_content=pin_10388_57-63ABCL_plans&utm_term=proekty-domov-s-planirovkami,,"проект дома 57-63ABCL, проект дома 208,17 м², планировка дома, планы этажей, готовый проект дома, визуализация дома, газобетон, catalog-plans.ru"
"Проект дома №45-64NBGL площадью 325,1 м² с планировками",https://raw.githubusercontent.com/nemchenik/test/fe937d328767d7f39f4856e3b3ba9c2fd0a2ffaf/pinterest/generated_batch_55_visual_plans_blueprint_static/45-64NBGL.jpg,Проекты частных домов,,"Проект дома №45-64NBGL: площадь 325,1 м², 2 этажа, габариты 14.2×18.6 м, материал стен — газобетон. На карточке показаны визуализация дома и планировки этажей. Сохраните идею и откройте проект, чтобы узнать подробности и актуальную стоимость.",https://catalog-plans.ru/catalog/45-64NBGL?utm_source=pinterest&utm_medium=organic&utm_campaign=generated_visual_plans_blueprint_static_batch_55&utm_content=pin_10389_45-64NBGL_plans&utm_term=proekty-domov-s-planirovkami,,"проект дома 45-64NBGL, проект дома 325,1 м², планировка дома, планы этажей, готовый проект дома, визуализация дома, газобетон, catalog-plans.ru"
"Проект дома №57-46DM площадью 202,08 м² с планировками",https://raw.githubusercontent.com/nemchenik/test/fe937d328767d7f39f4856e3b3ba9c2fd0a2ffaf/pinterest/generated_batch_55_visual_plans_blueprint_static/57-46DM.jpg,Проекты частных домов,,"Проект дома №57-46DM: площадь 202,08 м², 2 этажа, габариты 12.45×14 м, материал стен — монолитный каркас. На карточке показаны визуализация дома и планировки этажей. Сохраните идею и откройте проект, чтобы узнать подробности и актуальную стоимость.",https://catalog-plans.ru/catalog/57-46DM?utm_source=pinterest&utm_medium=organic&utm_campaign=generated_visual_plans_blueprint_static_batch_55&utm_content=pin_10390_57-46DM_plans&utm_term=proekty-domov-s-planirovkami,,"проект дома 57-46DM, проект дома 202,08 м², планировка дома, планы этажей, готовый проект дома, визуализация дома, монолитный каркас, catalog-plans.ru"
Проект дома №47-64 площадью 558 м² с планировками,https://raw.githubusercontent.com/nemchenik/test/fe937d328767d7f39f4856e3b3ba9c2fd0a2ffaf/pinterest/generated_batch_55_visual_plans_blueprint_static/47-64.jpg,Проекты частных домов,,"Проект дома №47-64: площадь 558 м², 2 этажа, габариты 16.23×37.5 м, материал стен — кирпич. На карточке показаны визуализация дома и планировки этажей. Сохраните идею и откройте проект, чтобы узнать подробности и актуальную стоимость.",https://catalog-plans.ru/catalog/47-64?utm_source=pinterest&utm_medium=organic&utm_campaign=generated_visual_plans_blueprint_static_batch_55&utm_content=pin_10391_47-64_plans&utm_term=proekty-domov-s-planirovkami,,"проект дома 47-64, проект дома 558 м², планировка дома, планы этажей, готовый проект дома, визуализация дома, кирпич, catalog-plans.ru"
"Проект дома №59-24E площадью 234,6 м² с планировками",https://raw.githubusercontent.com/nemchenik/test/fe937d328767d7f39f4856e3b3ba9c2fd0a2ffaf/pinterest/generated_batch_55_visual_plans_blueprint_static/59-24E.jpg,Проекты частных домов,,"Проект дома №59-24E: площадь 234,6 м², 2 этажа, габариты 13.76×20.87 м, материал стен — газобетон. На карточке показаны визуализация дома и планировки этажей. Сохраните идею и откройте проект, чтобы узнать подробности и актуальную стоимость.",https://catalog-plans.ru/catalog/59-24E?utm_source=pinterest&utm_medium=organic&utm_campaign=generated_visual_plans_blueprint_static_batch_55&utm_content=pin_10392_59-24E_plans&utm_term=proekty-domov-s-planirovkami,,"проект дома 59-24E, проект дома 234,6 м², планировка дома, планы этажей, готовый проект дома, визуализация дома, газобетон, catalog-plans.ru"
"Проект дома №35-04 площадью 369,3 м² с планировками",https://raw.githubusercontent.com/nemchenik/test/fe937d328767d7f39f4856e3b3ba9c2fd0a2ffaf/pinterest/generated_batch_55_visual_plans_blueprint_static/35-04.jpg,Проекты частных домов,,"Проект дома №35-04: площадь 369,3 м², 2 этажа, габариты 20.1×25.62 м, материал стен — кирпич. На карточке показаны визуализация дома и планировки этажей. Сохраните идею и откройте проект, чтобы узнать подробности и актуальную стоимость.",https://catalog-plans.ru/catalog/35-04?utm_source=pinterest&utm_medium=organic&utm_campaign=generated_visual_plans_blueprint_static_batch_55&utm_content=pin_10393_35-04_plans&utm_term=proekty-domov-s-planirovkami,,"проект дома 35-04, проект дома 369,3 м², планировка дома, планы этажей, готовый проект дома, визуализация дома, кирпич, catalog-plans.ru"
"Проект дома №57-62BN площадью 210,81 м² с планировками",https://raw.githubusercontent.com/nemchenik/test/fe937d328767d7f39f4856e3b3ba9c2fd0a2ffaf/pinterest/generated_batch_55_visual_plans_blueprint_static/57-62BN.jpg,Проекты частных домов,,"Проект дома №57-62BN: площадь 210,81 м², 2 этажа, габариты 10.74×14.28 м, материал стен — газобетон. На карточке показаны визуализация дома и планировки этажей. Сохраните идею и откройте проект, чтобы узнать подробности и актуальную стоимость.",https://catalog-plans.ru/catalog/57-62BN?utm_source=pinterest&utm_medium=organic&utm_campaign=generated_visual_plans_blueprint_static_batch_55&utm_content=pin_10394_57-62BN_plans&utm_term=proekty-domov-s-planirovkami,,"проект дома 57-62BN, проект дома 210,81 м², планировка дома, планы этажей, готовый проект дома, визуализация дома, газобетон, catalog-plans.ru"
"Проект дома №32-82 площадью 366,5 м² с планировками",https://raw.githubusercontent.com/nemchenik/test/fe937d328767d7f39f4856e3b3ba9c2fd0a2ffaf/pinterest/generated_batch_55_visual_plans_blueprint_static/32-82.jpg,Проекты частных домов,,"Проект дома №32-82: площадь 366,5 м², 2 этажа, габариты 12.67×16.54 м, материал стен — кирпич. На карточке показаны визуализация дома и планировки этажей. Сохраните идею и откройте проект, чтобы узнать подробности и актуальную стоимость.",https://catalog-plans.ru/catalog/32-82?utm_source=pinterest&utm_medium=organic&utm_campaign=generated_visual_plans_blueprint_static_batch_55&utm_content=pin_10395_32-82_plans&utm_term=proekty-domov-s-planirovkami,,"проект дома 32-82, проект дома 366,5 м², планировка дома, планы этажей, готовый проект дома, визуализация дома, кирпич, catalog-plans.ru"
"Проект дома №53-22WIKING площадью 56,81 м² с планировками",https://raw.githubusercontent.com/nemchenik/test/fe937d328767d7f39f4856e3b3ba9c2fd0a2ffaf/pinterest/generated_batch_55_visual_plans_blueprint_static/53-22WIKING.jpg,Проекты частных домов,,"Проект дома №53-22WIKING: площадь 56,81 м², 1 этаж, габариты 8×8 м, материал стен — деревянный каркас. На карточке показаны визуализация дома и планировки этажей. Сохраните идею и откройте проект, чтобы узнать подробности и актуальную стоимость.",https://catalog-plans.ru/catalog/53-22WIKING?utm_source=pinterest&utm_medium=organic&utm_campaign=generated_visual_plans_blueprint_static_batch_55&utm_content=pin_10396_53-22WIKING_plans&utm_term=proekty-domov-s-planirovkami,,"проект дома 53-22WIKING, проект дома 56,81 м², планировка дома, планы этажей, готовый проект дома, визуализация дома, деревянный каркас, catalog-plans.ru"
"Проект дома №47-34 площадью 517,5 м² с планировками",https://raw.githubusercontent.com/nemchenik/test/fe937d328767d7f39f4856e3b3ba9c2fd0a2ffaf/pinterest/generated_batch_55_visual_plans_blueprint_static/47-34.jpg,Проекты частных домов,,"Проект дома №47-34: площадь 517,5 м², 2 этажа, габариты 21.28×29.43 м, материал стен — кирпич. На карточке показаны визуализация дома и планировки этажей. Сохраните идею и откройте проект, чтобы узнать подробности и актуальную стоимость.",https://catalog-plans.ru/catalog/47-34?utm_source=pinterest&utm_medium=organic&utm_campaign=generated_visual_plans_blueprint_static_batch_55&utm_content=pin_10397_47-34_plans&utm_term=proekty-domov-s-planirovkami,,"проект дома 47-34, проект дома 517,5 м², планировка дома, планы этажей, готовый проект дома, визуализация дома, кирпич, catalog-plans.ru"
"Проект дома №57-25KDL площадью 253,81 м² с планировками",https://raw.githubusercontent.com/nemchenik/test/fe937d328767d7f39f4856e3b3ba9c2fd0a2ffaf/pinterest/generated_batch_55_visual_plans_blueprint_static/57-25KDL.jpg,Проекты частных домов,,"Проект дома №57-25KDL: площадь 253,81 м², 2 этажа, габариты 13.43×17.84 м, материал стен — кирпич. На карточке показаны визуализация дома и планировки этажей. Сохраните идею и откройте проект, чтобы узнать подробности и актуальную стоимость.",https://catalog-plans.ru/catalog/57-25KDL?utm_source=pinterest&utm_medium=organic&utm_campaign=generated_visual_plans_blueprint_static_batch_55&utm_content=pin_10398_57-25KDL_plans&utm_term=proekty-domov-s-planirovkami,,"проект дома 57-25KDL, проект дома 253,81 м², планировка дома, планы этажей, готовый проект дома, визуализация дома, кирпич, catalog-plans.ru"
Проект дома №33-67 площадью 300 м² с планировками,https://raw.githubusercontent.com/nemchenik/test/fe937d328767d7f39f4856e3b3ba9c2fd0a2ffaf/pinterest/generated_batch_55_visual_plans_blueprint_static/33-67.jpg,Проекты частных домов,,"Проект дома №33-67: площадь 300 м², 2 этажа, габариты 15.4×15.6 м, материал стен — кирпич. На карточке показаны визуализация дома и планировки этажей. Сохраните идею и откройте проект, чтобы узнать подробности и актуальную стоимость.",https://catalog-plans.ru/catalog/33-67?utm_source=pinterest&utm_medium=organic&utm_campaign=generated_visual_plans_blueprint_static_batch_55&utm_content=pin_10399_33-67_plans&utm_term=proekty-domov-s-planirovkami,,"проект дома 33-67, проект дома 300 м², планировка дома, планы этажей, готовый проект дома, визуализация дома, кирпич, catalog-plans.ru"
"Проект дома №57-00BAL площадью 187,24 м² с планировками",https://raw.githubusercontent.com/nemchenik/test/fe937d328767d7f39f4856e3b3ba9c2fd0a2ffaf/pinterest/generated_batch_55_visual_plans_blueprint_static/57-00BAL.jpg,Проекты частных домов,,"Проект дома №57-00BAL: площадь 187,24 м², 2 этажа, габариты 13.3×15.1 м, материал стен — газобетон. На карточке показаны визуализация дома и планировки этажей. Сохраните идею и откройте проект, чтобы узнать подробности и актуальную стоимость.",https://catalog-plans.ru/catalog/57-00BAL?utm_source=pinterest&utm_medium=organic&utm_campaign=generated_visual_plans_blueprint_static_batch_55&utm_content=pin_10400_57-00BAL_plans&utm_term=proekty-domov-s-planirovkami,,"проект дома 57-00BAL, проект дома 187,24 м², планировка дома, планы этажей, готовый проект дома, визуализация дома, газобетон, catalog-plans.ru"
"Проект дома №40-66 площадью 371,63 м² с планировками",https://raw.githubusercontent.com/nemchenik/test/fe937d328767d7f39f4856e3b3ba9c2fd0a2ffaf/pinterest/generated_batch_55_visual_plans_blueprint_static/40-66.jpg,Проекты частных домов,,"Проект дома №40-66: площадь 371,63 м², 2 этажа, габариты 12.37×16.12 м, материал стен — кирпич. На карточке показаны визуализация дома и планировки этажей. Сохраните идею и откройте проект, чтобы узнать подробности и актуальную стоимость.",https://catalog-plans.ru/catalog/40-66?utm_source=pinterest&utm_medium=organic&utm_campaign=generated_visual_plans_blueprint_static_batch_55&utm_content=pin_10401_40-66_plans&utm_term=proekty-domov-s-planirovkami,,"проект дома 40-66, проект дома 371,63 м², планировка дома, планы этажей, готовый проект дома, визуализация дома, кирпич, catalog-plans.ru"
"Проект дома №48-28 площадью 258,1 м² с планировками",https://raw.githubusercontent.com/nemchenik/test/fe937d328767d7f39f4856e3b3ba9c2fd0a2ffaf/pinterest/generated_batch_55_visual_plans_blueprint_static/48-28.jpg,Проекты частных домов,,"Проект дома №48-28: площадь 258,1 м², 2 этажа, габариты 11×11.8 м, материал стен — кирпич. На карточке показаны визуализация дома и планировки этажей. Сохраните идею и откройте проект, чтобы узнать подробности и актуальную стоимость.",https://catalog-plans.ru/catalog/48-28?utm_source=pinterest&utm_medium=organic&utm_campaign=generated_visual_plans_blueprint_static_batch_55&utm_content=pin_10402_48-28_plans&utm_term=proekty-domov-s-planirovkami,,"проект дома 48-28, проект дома 258,1 м², планировка дома, планы этажей, готовый проект дома, визуализация дома, кирпич, catalog-plans.ru"
"Проект дома №58-67 площадью 87,75 м² с планировками",https://raw.githubusercontent.com/nemchenik/test/fe937d328767d7f39f4856e3b3ba9c2fd0a2ffaf/pinterest/generated_batch_55_visual_plans_blueprint_static/58-67.jpg,Проекты частных домов,,"Проект дома №58-67: площадь 87,75 м², 2 этажа, габариты 6.5×9.7 м, материал стен — газобетон. На карточке показаны визуализация дома и планировки этажей. Сохраните идею и откройте проект, чтобы узнать подробности и актуальную стоимость.",https://catalog-plans.ru/catalog/58-67?utm_source=pinterest&utm_medium=organic&utm_campaign=generated_visual_plans_blueprint_static_batch_55&utm_content=pin_10403_58-67_plans&utm_term=proekty-domov-s-planirovkami,,"проект дома 58-67, проект дома 87,75 м², планировка дома, планы этажей, готовый проект дома, визуализация дома, газобетон, catalog-plans.ru"
"Проект дома №57-20DAL площадью 184,18 м² с планировками",https://raw.githubusercontent.com/nemchenik/test/fe937d328767d7f39f4856e3b3ba9c2fd0a2ffaf/pinterest/generated_batch_55_visual_plans_blueprint_static/57-20DAL.jpg,Проекты частных домов,,"Проект дома №57-20DAL: площадь 184,18 м², 2 этажа, габариты 11.58×13.3 м, материал стен — газобетон. На карточке показаны визуализация дома и планировки этажей. Сохраните идею и откройте проект, чтобы узнать подробности и актуальную стоимость.",https://catalog-plans.ru/catalog/57-20DAL?utm_source=pinterest&utm_medium=organic&utm_campaign=generated_visual_plans_blueprint_static_batch_55&utm_content=pin_10404_57-20DAL_plans&utm_term=proekty-domov-s-planirovkami,,"проект дома 57-20DAL, проект дома 184,18 м², планировка дома, планы этажей, готовый проект дома, визуализация дома, газобетон, catalog-plans.ru"
"Проект дома №52-21WIKING площадью 76,36 м² с планировками",https://raw.githubusercontent.com/nemchenik/test/fe937d328767d7f39f4856e3b3ba9c2fd0a2ffaf/pinterest/generated_batch_55_visual_plans_blueprint_static/52-21WIKING.jpg,Проекты частных домов,,"Проект дома №52-21WIKING: площадь 76,36 м², 1 этаж, габариты 10.85×12.85 м, материал стен — деревянный каркас. На карточке показаны визуализация дома и планировки этажей. Сохраните идею и откройте проект, чтобы узнать подробности и актуальную стоимость.",https://catalog-plans.ru/catalog/52-21WIKING?utm_source=pinterest&utm_medium=organic&utm_campaign=generated_visual_plans_blueprint_static_batch_55&utm_content=pin_10405_52-21WIKING_plans&utm_term=proekty-domov-s-planirovkami,,"проект дома 52-21WIKING, проект дома 76,36 м², планировка дома, планы этажей, готовый проект дома, визуализация дома, деревянный каркас, catalog-plans.ru"
"Проект дома №50-11 площадью 173,3 м² с планировками",https://raw.githubusercontent.com/nemchenik/test/fe937d328767d7f39f4856e3b3ba9c2fd0a2ffaf/pinterest/generated_batch_55_visual_plans_blueprint_static/50-11.jpg,Проекты частных домов,,"Проект дома №50-11: площадь 173,3 м², 2 этажа, габариты 9.5×13.9 м, материал стен — газобетон. На карточке показаны визуализация дома и планировки этажей. Сохраните идею и откройте проект, чтобы узнать подробности и актуальную стоимость.",https://catalog-plans.ru/catalog/50-11?utm_source=pinterest&utm_medium=organic&utm_campaign=generated_visual_plans_blueprint_static_batch_55&utm_content=pin_10406_50-11_plans&utm_term=proekty-domov-s-planirovkami,,"проект дома 50-11, проект дома 173,3 м², планировка дома, планы этажей, готовый проект дома, визуализация дома, газобетон, catalog-plans.ru"
"Проект дома №68-08A площадью 106,47 м² с планировками",https://raw.githubusercontent.com/nemchenik/test/fe937d328767d7f39f4856e3b3ba9c2fd0a2ffaf/pinterest/generated_batch_55_visual_plans_blueprint_static/68-08A.jpg,Проекты частных домов,,"Проект дома №68-08A: площадь 106,47 м², 1 этаж, габариты 8.6×16.23 м, материал стен — газобетон. На карточке показаны визуализация дома и планировки этажей. Сохраните идею и откройте проект, чтобы узнать подробности и актуальную стоимость.",https://catalog-plans.ru/catalog/68-08A?utm_source=pinterest&utm_medium=organic&utm_campaign=generated_visual_plans_blueprint_static_batch_55&utm_content=pin_10407_68-08A_plans&utm_term=proekty-domov-s-planirovkami,,"проект дома 68-08A, проект дома 106,47 м², планировка дома, планы этажей, готовый проект дома, визуализация дома, газобетон, catalog-plans.ru"
"Проект дома №40-04BM площадью 148,13 м² с планировками",https://raw.githubusercontent.com/nemchenik/test/fe937d328767d7f39f4856e3b3ba9c2fd0a2ffaf/pinterest/generated_batch_55_visual_plans_blueprint_static/40-04BM.jpg,Проекты частных домов,,"Проект дома №40-04BM: площадь 148,13 м², 2 этажа, габариты 10.3×10.4 м, материал стен — газобетон. На карточке показаны визуализация дома и планировки этажей. Сохраните идею и откройте проект, чтобы узнать подробности и актуальную стоимость.",https://catalog-plans.ru/catalog/40-04BM?utm_source=pinterest&utm_medium=organic&utm_campaign=generated_visual_plans_blueprint_static_batch_55&utm_content=pin_10408_40-04BM_plans&utm_term=proekty-domov-s-planirovkami,,"проект дома 40-04BM, проект дома 148,13 м², планировка дома, планы этажей, готовый проект дома, визуализация дома, газобетон, catalog-plans.ru"
"Проект дома №59-26 площадью 268,78 м² с планировками",https://raw.githubusercontent.com/nemchenik/test/fe937d328767d7f39f4856e3b3ba9c2fd0a2ffaf/pinterest/generated_batch_55_visual_plans_blueprint_static/59-26.jpg,Проекты частных домов,,"Проект дома №59-26: площадь 268,78 м², 2 этажа, габариты 17.28×28.8 м, материал стен — газобетон. На карточке показаны визуализация дома и планировки этажей. Сохраните идею и откройте проект, чтобы узнать подробности и актуальную стоимость.",https://catalog-plans.ru/catalog/59-26?utm_source=pinterest&utm_medium=organic&utm_campaign=generated_visual_plans_blueprint_static_batch_55&utm_content=pin_10409_59-26_plans&utm_term=proekty-domov-s-planirovkami,,"проект дома 59-26, проект дома 268,78 м², планировка дома, планы этажей, готовый проект дома, визуализация дома, газобетон, catalog-plans.ru"
"Проект дома №47-12AB площадью 343,3 м² с планировками",https://raw.githubusercontent.com/nemchenik/test/fe937d328767d7f39f4856e3b3ba9c2fd0a2ffaf/pinterest/generated_batch_55_visual_plans_blueprint_static/47-12AB.jpg,Проекты частных домов,,"Проект дома №47-12AB: площадь 343,3 м², 2 этажа, габариты 18.45×18.6 м, материал стен — кирпич. На карточке показаны визуализация дома и планировки этажей. Сохраните идею и откройте проект, чтобы узнать подробности и актуальную стоимость.",https://catalog-plans.ru/catalog/47-12AB?utm_source=pinterest&utm_medium=organic&utm_campaign=generated_visual_plans_blueprint_static_batch_55&utm_content=pin_10410_47-12AB_plans&utm_term=proekty-domov-s-planirovkami,,"проект дома 47-12AB, проект дома 343,3 м², планировка дома, планы этажей, готовый проект дома, визуализация дома, кирпич, catalog-plans.ru"
"Проект дома №63-40NK2 площадью 278,96 м² с планировками",https://raw.githubusercontent.com/nemchenik/test/fe937d328767d7f39f4856e3b3ba9c2fd0a2ffaf/pinterest/generated_batch_55_visual_plans_blueprint_static/63-40NK2.jpg,Проекты частных домов,,"Проект дома №63-40NK2: площадь 278,96 м², 2 этажа, габариты 14.86×16.77 м, материал стен — кирпич. На карточке показаны визуализация дома и планировки этажей. Сохраните идею и откройте проект, чтобы узнать подробности и актуальную стоимость.",https://catalog-plans.ru/catalog/63-40NK2?utm_source=pinterest&utm_medium=organic&utm_campaign=generated_visual_plans_blueprint_static_batch_55&utm_content=pin_10411_63-40NK2_plans&utm_term=proekty-domov-s-planirovkami,,"проект дома 63-40NK2, проект дома 278,96 м², планировка дома, планы этажей, готовый проект дома, визуализация дома, кирпич, catalog-plans.ru"
"Проект дома №63-47KBE площадью 116,14 м² с планировками",https://raw.githubusercontent.com/nemchenik/test/fe937d328767d7f39f4856e3b3ba9c2fd0a2ffaf/pinterest/generated_batch_55_visual_plans_blueprint_static/63-47KBE.jpg,Проекты частных домов,,"Проект дома №63-47KBE: площадь 116,14 м², 2 этажа, габариты 6.3×15.1 м, материал стен — керамзитобетон. На карточке показаны визуализация дома и планировки этажей. Сохраните идею и откройте проект, чтобы узнать подробности и актуальную стоимость.",https://catalog-plans.ru/catalog/63-47KBE?utm_source=pinterest&utm_medium=organic&utm_campaign=generated_visual_plans_blueprint_static_batch_55&utm_content=pin_10412_63-47KBE_plans&utm_term=proekty-domov-s-planirovkami,,"проект дома 63-47KBE, проект дома 116,14 м², планировка дома, планы этажей, готовый проект дома, визуализация дома, керамзитобетон, catalog-plans.ru"
"Проект дома №63-34 площадью 115,63 м² с планировками",https://raw.githubusercontent.com/nemchenik/test/fe937d328767d7f39f4856e3b3ba9c2fd0a2ffaf/pinterest/generated_batch_55_visual_plans_blueprint_static/63-34.jpg,Проекты частных домов,,"Проект дома №63-34: площадь 115,63 м², 1 этаж, габариты 10.7×13.7 м, материал стен — газобетон. На карточке показаны визуализация дома и планировки этажей. Сохраните идею и откройте проект, чтобы узнать подробности и актуальную стоимость.",https://catalog-plans.ru/catalog/63-34?utm_source=pinterest&utm_medium=organic&utm_campaign=generated_visual_plans_blueprint_static_batch_55&utm_content=pin_10413_63-34_plans&utm_term=proekty-domov-s-planirovkami,,"проект дома 63-34, проект дома 115,63 м², планировка дома, планы этажей, готовый проект дома, визуализация дома, газобетон, catalog-plans.ru"
"Проект дома №57-25AK площадью 279,5 м² с планировками",https://raw.githubusercontent.com/nemchenik/test/fe937d328767d7f39f4856e3b3ba9c2fd0a2ffaf/pinterest/generated_batch_55_visual_plans_blueprint_static/57-25AK.jpg,Проекты частных домов,,"Проект дома №57-25AK: площадь 279,5 м², 2 этажа, габариты 12×16.2 м, материал стен — кирпич. На карточке показаны визуализация дома и планировки этажей. Сохраните идею и откройте проект, чтобы узнать подробности и актуальную стоимость.",https://catalog-plans.ru/catalog/57-25AK?utm_source=pinterest&utm_medium=organic&utm_campaign=generated_visual_plans_blueprint_static_batch_55&utm_content=pin_10414_57-25AK_plans&utm_term=proekty-domov-s-planirovkami,,"проект дома 57-25AK, проект дома 279,5 м², планировка дома, планы этажей, готовый проект дома, визуализация дома, кирпич, catalog-plans.ru"
"Проект дома №35-22 площадью 279,7 м² с планировками",https://raw.githubusercontent.com/nemchenik/test/fe937d328767d7f39f4856e3b3ba9c2fd0a2ffaf/pinterest/generated_batch_55_visual_plans_blueprint_static/35-22.jpg,Проекты частных домов,,"Проект дома №35-22: площадь 279,7 м², 2 этажа, габариты 15.52×20.28 м, материал стен — кирпич. На карточке показаны визуализация дома и планировки этажей. Сохраните идею и откройте проект, чтобы узнать подробности и актуальную стоимость.",https://catalog-plans.ru/catalog/35-22?utm_source=pinterest&utm_medium=organic&utm_campaign=generated_visual_plans_blueprint_static_batch_55&utm_content=pin_10415_35-22_plans&utm_term=proekty-domov-s-planirovkami,,"проект дома 35-22, проект дома 279,7 м², планировка дома, планы этажей, готовый проект дома, визуализация дома, кирпич, catalog-plans.ru"
"Проект дома №40-04ZL площадью 132,44 м² с планировками",https://raw.githubusercontent.com/nemchenik/test/fe937d328767d7f39f4856e3b3ba9c2fd0a2ffaf/pinterest/generated_batch_55_visual_plans_blueprint_static/40-04ZL.jpg,Проекты частных домов,,"Проект дома №40-04ZL: площадь 132,44 м², 2 этажа, габариты 9.5×10 м, материал стен — газобетон. На карточке показаны визуализация дома и планировки этажей. Сохраните идею и откройте проект, чтобы узнать подробности и актуальную стоимость.",https://catalog-plans.ru/catalog/40-04ZL?utm_source=pinterest&utm_medium=organic&utm_campaign=generated_visual_plans_blueprint_static_batch_55&utm_content=pin_10416_40-04ZL_plans&utm_term=proekty-domov-s-planirovkami,,"проект дома 40-04ZL, проект дома 132,44 м², планировка дома, планы этажей, готовый проект дома, визуализация дома, газобетон, catalog-plans.ru"
"Проект дома №71-17 площадью 125,32 м² с планировками",https://raw.githubusercontent.com/nemchenik/test/fe937d328767d7f39f4856e3b3ba9c2fd0a2ffaf/pinterest/generated_batch_55_visual_plans_blueprint_static/71-17.jpg,Проекты частных домов,,"Проект дома №71-17: площадь 125,32 м², 2 этажа, габариты 9.1×13.2 м, материал стен — деревянный каркас. На карточке показаны визуализация дома и планировки этажей. Сохраните идею и откройте проект, чтобы узнать подробности и актуальную стоимость.",https://catalog-plans.ru/catalog/71-17?utm_source=pinterest&utm_medium=organic&utm_campaign=generated_visual_plans_blueprint_static_batch_55&utm_content=pin_10417_71-17_plans&utm_term=proekty-domov-s-planirovkami,,"проект дома 71-17, проект дома 125,32 м², планировка дома, планы этажей, готовый проект дома, визуализация дома, деревянный каркас, catalog-plans.ru"
"Проект дома №70-99AGL площадью 69,6 м² с планировками",https://raw.githubusercontent.com/nemchenik/test/fe937d328767d7f39f4856e3b3ba9c2fd0a2ffaf/pinterest/generated_batch_55_visual_plans_blueprint_static/70-99AGL.jpg,Проекты частных домов,,"Проект дома №70-99AGL: площадь 69,6 м², 1 этаж, габариты 9.9×9.9 м, материал стен — газобетон. На карточке показаны визуализация дома и планировки этажей. Сохраните идею и откройте проект, чтобы узнать подробности и актуальную стоимость.",https://catalog-plans.ru/catalog/70-99AGL?utm_source=pinterest&utm_medium=organic&utm_campaign=generated_visual_plans_blueprint_static_batch_55&utm_content=pin_10418_70-99AGL_plans&utm_term=proekty-domov-s-planirovkami,,"проект дома 70-99AGL, проект дома 69,6 м², планировка дома, планы этажей, готовый проект дома, визуализация дома, газобетон, catalog-plans.ru"
"Проект дома №45-22A площадью 242,43 м² с планировками",https://raw.githubusercontent.com/nemchenik/test/fe937d328767d7f39f4856e3b3ba9c2fd0a2ffaf/pinterest/generated_batch_55_visual_plans_blueprint_static/45-22A.jpg,Проекты частных домов,,"Проект дома №45-22A: площадь 242,43 м², 2 этажа, габариты 15.16×18.34 м, материал стен — кирпич. На карточке показаны визуализация дома и планировки этажей. Сохраните идею и откройте проект, чтобы узнать подробности и актуальную стоимость.",https://catalog-plans.ru/catalog/45-22A?utm_source=pinterest&utm_medium=organic&utm_campaign=generated_visual_plans_blueprint_static_batch_55&utm_content=pin_10419_45-22A_plans&utm_term=proekty-domov-s-planirovkami,,"проект дома 45-22A, проект дома 242,43 м², планировка дома, планы этажей, готовый проект дома, визуализация дома, кирпич, catalog-plans.ru"
"Проект дома №59-98PKB площадью 200,19 м² с планировками",https://raw.githubusercontent.com/nemchenik/test/fe937d328767d7f39f4856e3b3ba9c2fd0a2ffaf/pinterest/generated_batch_55_visual_plans_blueprint_static/59-98PKB.jpg,Проекты частных домов,,"Проект дома №59-98PKB: площадь 200,19 м², 2 этажа, габариты 12.54×18.19 м, материал стен — керамзитобетон. На карточке показаны визуализация дома и планировки этажей. Сохраните идею и откройте проект, чтобы узнать подробности и актуальную стоимость.",https://catalog-plans.ru/catalog/59-98PKB?utm_source=pinterest&utm_medium=organic&utm_campaign=generated_visual_plans_blueprint_static_batch_55&utm_content=pin_10420_59-98PKB_plans&utm_term=proekty-domov-s-planirovkami,,"проект дома 59-98PKB, проект дома 200,19 м², планировка дома, планы этажей, готовый проект дома, визуализация дома, керамзитобетон, catalog-plans.ru"
"Проект дома №45-64NRGL площадью 245,96 м² с планировками",https://raw.githubusercontent.com/nemchenik/test/fe937d328767d7f39f4856e3b3ba9c2fd0a2ffaf/pinterest/generated_batch_55_visual_plans_blueprint_static/45-64NRGL.jpg,Проекты частных домов,,"Проект дома №45-64NRGL: площадь 245,96 м², 2 этажа, габариты 12.54×14.84 м, материал стен — газобетон. На карточке показаны визуализация дома и планировки этажей. Сохраните идею и откройте проект, чтобы узнать подробности и актуальную стоимость.",https://catalog-plans.ru/catalog/45-64NRGL?utm_source=pinterest&utm_medium=organic&utm_campaign=generated_visual_plans_blueprint_static_batch_55&utm_content=pin_10421_45-64NRGL_plans&utm_term=proekty-domov-s-planirovkami,,"проект дома 45-64NRGL, проект дома 245,96 м², планировка дома, планы этажей, готовый проект дома, визуализация дома, газобетон, catalog-plans.ru"
"Проект дома №40-46AL площадью 241,77 м² с планировками",https://raw.githubusercontent.com/nemchenik/test/fe937d328767d7f39f4856e3b3ba9c2fd0a2ffaf/pinterest/generated_batch_55_visual_plans_blueprint_static/40-46AL.jpg,Проекты частных домов,,"Проект дома №40-46AL: площадь 241,77 м², 2 этажа, габариты 12.28×17.16 м, материал стен — кирпич. На карточке показаны визуализация дома и планировки этажей. Сохраните идею и откройте проект, чтобы узнать подробности и актуальную стоимость.",https://catalog-plans.ru/catalog/40-46AL?utm_source=pinterest&utm_medium=organic&utm_campaign=generated_visual_plans_blueprint_static_batch_55&utm_content=pin_10422_40-46AL_plans&utm_term=proekty-domov-s-planirovkami,,"проект дома 40-46AL, проект дома 241,77 м², планировка дома, планы этажей, готовый проект дома, визуализация дома, кирпич, catalog-plans.ru"
"Проект дома №40-11ED площадью 389,31 м² с планировками",https://raw.githubusercontent.com/nemchenik/test/fe937d328767d7f39f4856e3b3ba9c2fd0a2ffaf/pinterest/generated_batch_55_visual_plans_blueprint_static/40-11ED.jpg,Проекты частных домов,,"Проект дома №40-11ED: площадь 389,31 м², 2 этажа, габариты 14.06×14.3 м, материал стен — кирпич. На карточке показаны визуализация дома и планировки этажей. Сохраните идею и откройте проект, чтобы узнать подробности и актуальную стоимость.",https://catalog-plans.ru/catalog/40-11ED?utm_source=pinterest&utm_medium=organic&utm_campaign=generated_visual_plans_blueprint_static_batch_55&utm_content=pin_10423_40-11ED_plans&utm_term=proekty-domov-s-planirovkami,,"проект дома 40-11ED, проект дома 389,31 м², планировка дома, планы этажей, готовый проект дома, визуализация дома, кирпич, catalog-plans.ru"
"Проект дома №32-84 площадью 158,4 м² с планировками",https://raw.githubusercontent.com/nemchenik/test/fe937d328767d7f39f4856e3b3ba9c2fd0a2ffaf/pinterest/generated_batch_55_visual_plans_blueprint_static/32-84.jpg,Проекты частных домов,,"Проект дома №32-84: площадь 158,4 м², 2 этажа, габариты 9×12.6 м, материал стен — кирпич. На карточке показаны визуализация дома и планировки этажей. Сохраните идею и откройте проект, чтобы узнать подробности и актуальную стоимость.",https://catalog-plans.ru/catalog/32-84?utm_source=pinterest&utm_medium=organic&utm_campaign=generated_visual_plans_blueprint_static_batch_55&utm_content=pin_10424_32-84_plans&utm_term=proekty-domov-s-planirovkami,,"проект дома 32-84, проект дома 158,4 м², планировка дома, планы этажей, готовый проект дома, визуализация дома, кирпич, catalog-plans.ru"
"Проект дома №58-04K площадью 183,15 м² с планировками",https://raw.githubusercontent.com/nemchenik/test/fe937d328767d7f39f4856e3b3ba9c2fd0a2ffaf/pinterest/generated_batch_55_visual_plans_blueprint_static/58-04K.jpg,Проекты частных домов,,"Проект дома №58-04K: площадь 183,15 м², 2 этажа, габариты 11.1×12.1 м, материал стен — кирпич. На карточке показаны визуализация дома и планировки этажей. Сохраните идею и откройте проект, чтобы узнать подробности и актуальную стоимость.",https://catalog-plans.ru/catalog/58-04K?utm_source=pinterest&utm_medium=organic&utm_campaign=generated_visual_plans_blueprint_static_batch_55&utm_content=pin_10425_58-04K_plans&utm_term=proekty-domov-s-planirovkami,,"проект дома 58-04K, проект дома 183,15 м², планировка дома, планы этажей, готовый проект дома, визуализация дома, кирпич, catalog-plans.ru"
"Проект дома №57-25ABK площадью 236,92 м² с планировками",https://raw.githubusercontent.com/nemchenik/test/fe937d328767d7f39f4856e3b3ba9c2fd0a2ffaf/pinterest/generated_batch_55_visual_plans_blueprint_static/57-25ABK.jpg,Проекты частных домов,,"Проект дома №57-25ABK: площадь 236,92 м², 2 этажа, габариты 12.2×16.8 м, материал стен — газобетон. На карточке показаны визуализация дома и планировки этажей. Сохраните идею и откройте проект, чтобы узнать подробности и актуальную стоимость.",https://catalog-plans.ru/catalog/57-25ABK?utm_source=pinterest&utm_medium=organic&utm_campaign=generated_visual_plans_blueprint_static_batch_55&utm_content=pin_10426_57-25ABK_plans&utm_term=proekty-domov-s-planirovkami,,"проект дома 57-25ABK, проект дома 236,92 м², планировка дома, планы этажей, готовый проект дома, визуализация дома, газобетон, catalog-plans.ru"
"Проект дома №36-57 площадью 259,5 м² с планировками",https://raw.githubusercontent.com/nemchenik/test/fe937d328767d7f39f4856e3b3ba9c2fd0a2ffaf/pinterest/generated_batch_55_visual_plans_blueprint_static/36-57.jpg,Проекты частных домов,,"Проект дома №36-57: площадь 259,5 м², 2 этажа, габариты 16.81×17.82 м, материал стен — кирпич. На карточке показаны визуализация дома и планировки этажей. Сохраните идею и откройте проект, чтобы узнать подробности и актуальную стоимость.",https://catalog-plans.ru/catalog/36-57?utm_source=pinterest&utm_medium=organic&utm_campaign=generated_visual_plans_blueprint_static_batch_55&utm_content=pin_10427_36-57_plans&utm_term=proekty-domov-s-planirovkami,,"проект дома 36-57, проект дома 259,5 м², планировка дома, планы этажей, готовый проект дома, визуализация дома, кирпич, catalog-plans.ru"
"Проект дома №57-05CBAKL площадью 156,25 м² с планировками",https://raw.githubusercontent.com/nemchenik/test/fe937d328767d7f39f4856e3b3ba9c2fd0a2ffaf/pinterest/generated_batch_55_visual_plans_blueprint_static/57-05CBAKL.jpg,Проекты частных домов,,"Проект дома №57-05CBAKL: площадь 156,25 м², 2 этажа, габариты 10.88×10.88 м, материал стен — кирпич. На карточке показаны визуализация дома и планировки этажей. Сохраните идею и откройте проект, чтобы узнать подробности и актуальную стоимость.",https://catalog-plans.ru/catalog/57-05CBAKL?utm_source=pinterest&utm_medium=organic&utm_campaign=generated_visual_plans_blueprint_static_batch_55&utm_content=pin_10428_57-05CBAKL_plans&utm_term=proekty-domov-s-planirovkami,,"проект дома 57-05CBAKL, проект дома 156,25 м², планировка дома, планы этажей, готовый проект дома, визуализация дома, кирпич, catalog-plans.ru"
"Проект дома №40-05AB площадью 175,73 м² с планировками",https://raw.githubusercontent.com/nemchenik/test/fe937d328767d7f39f4856e3b3ba9c2fd0a2ffaf/pinterest/generated_batch_55_visual_plans_blueprint_static/40-05AB.jpg,Проекты частных домов,,"Проект дома №40-05AB: площадь 175,73 м², 2 этажа, габариты 10×13.9 м, материал стен — газобетон. На карточке показаны визуализация дома и планировки этажей. Сохраните идею и откройте проект, чтобы узнать подробности и актуальную стоимость.",https://catalog-plans.ru/catalog/40-05AB?utm_source=pinterest&utm_medium=organic&utm_campaign=generated_visual_plans_blueprint_static_batch_55&utm_content=pin_10429_40-05AB_plans&utm_term=proekty-domov-s-planirovkami,,"проект дома 40-05AB, проект дома 175,73 м², планировка дома, планы этажей, готовый проект дома, визуализация дома, газобетон, catalog-plans.ru"
"Проект дома №69-09 площадью 209,5 м² с планировками",https://raw.githubusercontent.com/nemchenik/test/fe937d328767d7f39f4856e3b3ba9c2fd0a2ffaf/pinterest/generated_batch_55_visual_plans_blueprint_static/69-09.jpg,Проекты частных домов,,"Проект дома №69-09: площадь 209,5 м², 1 этаж, габариты 13×18.3 м, материал стен — газобетон. На карточке показаны визуализация дома и планировки этажей. Сохраните идею и откройте проект, чтобы узнать подробности и актуальную стоимость.",https://catalog-plans.ru/catalog/69-09?utm_source=pinterest&utm_medium=organic&utm_campaign=generated_visual_plans_blueprint_static_batch_55&utm_content=pin_10430_69-09_plans&utm_term=proekty-domov-s-planirovkami,,"проект дома 69-09, проект дома 209,5 м², планировка дома, планы этажей, готовый проект дома, визуализация дома, газобетон, catalog-plans.ru"
"Проект дома №57-10L площадью 194,4 м² с планировками",https://raw.githubusercontent.com/nemchenik/test/fe937d328767d7f39f4856e3b3ba9c2fd0a2ffaf/pinterest/generated_batch_55_visual_plans_blueprint_static/57-10L.jpg,Проекты частных домов,,"Проект дома №57-10L: площадь 194,4 м², 2 этажа, габариты 10.3×19.55 м, материал стен — газобетон. На карточке показаны визуализация дома и планировки этажей. Сохраните идею и откройте проект, чтобы узнать подробности и актуальную стоимость.",https://catalog-plans.ru/catalog/57-10L?utm_source=pinterest&utm_medium=organic&utm_campaign=generated_visual_plans_blueprint_static_batch_55&utm_content=pin_10431_57-10L_plans&utm_term=proekty-domov-s-planirovkami,,"проект дома 57-10L, проект дома 194,4 м², планировка дома, планы этажей, готовый проект дома, визуализация дома, газобетон, catalog-plans.ru"
"Проект дома №61-23 площадью 100,8 м² с планировками",https://raw.githubusercontent.com/nemchenik/test/fe937d328767d7f39f4856e3b3ba9c2fd0a2ffaf/pinterest/generated_batch_55_visual_plans_blueprint_static/61-23.jpg,Проекты частных домов,,"Проект дома №61-23: площадь 100,8 м², 2 этажа, габариты 7×13.1 м, материал стен — газобетон. На карточке показаны визуализация дома и планировки этажей. Сохраните идею и откройте проект, чтобы узнать подробности и актуальную стоимость.",https://catalog-plans.ru/catalog/61-23?utm_source=pinterest&utm_medium=organic&utm_campaign=generated_visual_plans_blueprint_static_batch_55&utm_content=pin_10432_61-23_plans&utm_term=proekty-domov-s-planirovkami,,"проект дома 61-23, проект дома 100,8 м², планировка дома, планы этажей, готовый проект дома, визуализация дома, газобетон, catalog-plans.ru"
"Проект дома №64-48BG3 площадью 183,8 м² с планировками",https://raw.githubusercontent.com/nemchenik/test/fe937d328767d7f39f4856e3b3ba9c2fd0a2ffaf/pinterest/generated_batch_55_visual_plans_blueprint_static/64-48BG3.jpg,Проекты частных домов,,"Проект дома №64-48BG3: площадь 183,8 м², 1 этаж, габариты 16.1×16.15 м, материал стен — газобетон. На карточке показаны визуализация дома и планировки этажей. Сохраните идею и откройте проект, чтобы узнать подробности и актуальную стоимость.",https://catalog-plans.ru/catalog/64-48BG3?utm_source=pinterest&utm_medium=organic&utm_campaign=generated_visual_plans_blueprint_static_batch_55&utm_content=pin_10433_64-48BG3_plans&utm_term=proekty-domov-s-planirovkami,,"проект дома 64-48BG3, проект дома 183,8 м², планировка дома, планы этажей, готовый проект дома, визуализация дома, газобетон, catalog-plans.ru"
"Проект дома №57-26K1L площадью 164,55 м² с планировками",https://raw.githubusercontent.com/nemchenik/test/fe937d328767d7f39f4856e3b3ba9c2fd0a2ffaf/pinterest/generated_batch_55_visual_plans_blueprint_static/57-26K1L.jpg,Проекты частных домов,,"Проект дома №57-26K1L: площадь 164,55 м², 2 этажа, габариты 9.82×13.22 м, материал стен — кирпич. На карточке показаны визуализация дома и планировки этажей. Сохраните идею и откройте проект, чтобы узнать подробности и актуальную стоимость.",https://catalog-plans.ru/catalog/57-26K1L?utm_source=pinterest&utm_medium=organic&utm_campaign=generated_visual_plans_blueprint_static_batch_55&utm_content=pin_10434_57-26K1L_plans&utm_term=proekty-domov-s-planirovkami,,"проект дома 57-26K1L, проект дома 164,55 м², планировка дома, планы этажей, готовый проект дома, визуализация дома, кирпич, catalog-plans.ru"
"Проект дома №46-09DEAG3 площадью 166,71 м² с планировками",https://raw.githubusercontent.com/nemchenik/test/fe937d328767d7f39f4856e3b3ba9c2fd0a2ffaf/pinterest/generated_batch_55_visual_plans_blueprint_static/46-09DEAG3.jpg,Проекты частных домов,,"Проект дома №46-09DEAG3: площадь 166,71 м², 1 этаж, габариты 18.12×15.2 м, материал стен — монолитный каркас. На карточке показаны визуализация дома и планировки этажей. Сохраните идею и откройте проект, чтобы узнать подробности и актуальную стоимость.",https://catalog-plans.ru/catalog/46-09DEAG3?utm_source=pinterest&utm_medium=organic&utm_campaign=generated_visual_plans_blueprint_static_batch_55&utm_content=pin_10435_46-09DEAG3_plans&utm_term=proekty-domov-s-planirovkami,,"проект дома 46-09DEAG3, проект дома 166,71 м², планировка дома, планы этажей, готовый проект дома, визуализация дома, монолитный каркас, catalog-plans.ru"
"Проект дома №40-86DK2EL площадью 298,47 м² с планировками",https://raw.githubusercontent.com/nemchenik/test/fe937d328767d7f39f4856e3b3ba9c2fd0a2ffaf/pinterest/generated_batch_55_visual_plans_blueprint_static/40-86DK2EL.jpg,Проекты частных домов,,"Проект дома №40-86DK2EL: площадь 298,47 м², 2 этажа, габариты 10.7×24.7 м, материал стен — кирпич. На карточке показаны визуализация дома и планировки этажей. Сохраните идею и откройте проект, чтобы узнать подробности и актуальную стоимость.",https://catalog-plans.ru/catalog/40-86DK2EL?utm_source=pinterest&utm_medium=organic&utm_campaign=generated_visual_plans_blueprint_static_batch_55&utm_content=pin_10436_40-86DK2EL_plans&utm_term=proekty-domov-s-planirovkami,,"проект дома 40-86DK2EL, проект дома 298,47 м², планировка дома, планы этажей, готовый проект дома, визуализация дома, кирпич, catalog-plans.ru"
"Проект дома №59-30 площадью 170,09 м² с планировками",https://raw.githubusercontent.com/nemchenik/test/fe937d328767d7f39f4856e3b3ba9c2fd0a2ffaf/pinterest/generated_batch_55_visual_plans_blueprint_static/59-30.jpg,Проекты частных домов,,"Проект дома №59-30: площадь 170,09 м², 2 этажа, габариты 8.3×12.3 м, материал стен — газобетон. На карточке показаны визуализация дома и планировки этажей. Сохраните идею и откройте проект, чтобы узнать подробности и актуальную стоимость.",https://catalog-plans.ru/catalog/59-30?utm_source=pinterest&utm_medium=organic&utm_campaign=generated_visual_plans_blueprint_static_batch_55&utm_content=pin_10437_59-30_plans&utm_term=proekty-domov-s-planirovkami,,"проект дома 59-30, проект дома 170,09 м², планировка дома, планы этажей, готовый проект дома, визуализация дома, газобетон, catalog-plans.ru"
"Проект дома №58-41D площадью 167,79 м² с планировками",https://raw.githubusercontent.com/nemchenik/test/fe937d328767d7f39f4856e3b3ba9c2fd0a2ffaf/pinterest/generated_batch_55_visual_plans_blueprint_static/58-41D.jpg,Проекты частных домов,,"Проект дома №58-41D: площадь 167,79 м², 2 этажа, габариты 10.5×11 м, материал стен — газобетон. На карточке показаны визуализация дома и планировки этажей. Сохраните идею и откройте проект, чтобы узнать подробности и актуальную стоимость.",https://catalog-plans.ru/catalog/58-41D?utm_source=pinterest&utm_medium=organic&utm_campaign=generated_visual_plans_blueprint_static_batch_55&utm_content=pin_10438_58-41D_plans&utm_term=proekty-domov-s-planirovkami,,"проект дома 58-41D, проект дома 167,79 м², планировка дома, планы этажей, готовый проект дома, визуализация дома, газобетон, catalog-plans.ru"
"Проект дома №40-65GL площадью 286,67 м² с планировками",https://raw.githubusercontent.com/nemchenik/test/fe937d328767d7f39f4856e3b3ba9c2fd0a2ffaf/pinterest/generated_batch_55_visual_plans_blueprint_static/40-65GL.jpg,Проекты частных домов,,"Проект дома №40-65GL: площадь 286,67 м², 2 этажа, габариты 27.72×33.7 м, материал стен — газобетон. На карточке показаны визуализация дома и планировки этажей. Сохраните идею и откройте проект, чтобы узнать подробности и актуальную стоимость.",https://catalog-plans.ru/catalog/40-65GL?utm_source=pinterest&utm_medium=organic&utm_campaign=generated_visual_plans_blueprint_static_batch_55&utm_content=pin_10439_40-65GL_plans&utm_term=proekty-domov-s-planirovkami,,"проект дома 40-65GL, проект дома 286,67 м², планировка дома, планы этажей, готовый проект дома, визуализация дома, газобетон, catalog-plans.ru"
"Проект дома №56-99AL площадью 171,18 м² с планировками",https://raw.githubusercontent.com/nemchenik/test/fe937d328767d7f39f4856e3b3ba9c2fd0a2ffaf/pinterest/generated_batch_55_visual_plans_blueprint_static/56-99AL.jpg,Проекты частных домов,,"Проект дома №56-99AL: площадь 171,18 м², 2 этажа, габариты 10.1×12.3 м, материал стен — газобетон. На карточке показаны визуализация дома и планировки этажей. Сохраните идею и откройте проект, чтобы узнать подробности и актуальную стоимость.",https://catalog-plans.ru/catalog/56-99AL?utm_source=pinterest&utm_medium=organic&utm_campaign=generated_visual_plans_blueprint_static_batch_55&utm_content=pin_10440_56-99AL_plans&utm_term=proekty-domov-s-planirovkami,,"проект дома 56-99AL, проект дома 171,18 м², планировка дома, планы этажей, готовый проект дома, визуализация дома, газобетон, catalog-plans.ru"
"Проект дома №46-96AGL площадью 202,81 м² с планировками",https://raw.githubusercontent.com/nemchenik/test/fe937d328767d7f39f4856e3b3ba9c2fd0a2ffaf/pinterest/generated_batch_55_visual_plans_blueprint_static/46-96AGL.jpg,Проекты частных домов,,"Проект дома №46-96AGL: площадь 202,81 м², 2 этажа, габариты 11.4×14.86 м, материал стен — газобетон. На карточке показаны визуализация дома и планировки этажей. Сохраните идею и откройте проект, чтобы узнать подробности и актуальную стоимость.",https://catalog-plans.ru/catalog/46-96AGL?utm_source=pinterest&utm_medium=organic&utm_campaign=generated_visual_plans_blueprint_static_batch_55&utm_content=pin_10441_46-96AGL_plans&utm_term=proekty-domov-s-planirovkami,,"проект дома 46-96AGL, проект дома 202,81 м², планировка дома, планы этажей, готовый проект дома, визуализация дома, газобетон, catalog-plans.ru"
"Проект дома №57-83XL площадью 226,14 м² с планировками",https://raw.githubusercontent.com/nemchenik/test/fe937d328767d7f39f4856e3b3ba9c2fd0a2ffaf/pinterest/generated_batch_55_visual_plans_blueprint_static/57-83XL.jpg,Проекты частных домов,,"Проект дома №57-83XL: площадь 226,14 м², 2 этажа, габариты 13.5×14.6 м, материал стен — арболитовые блоки 400. На карточке показаны визуализация дома и планировки этажей. Сохраните идею и откройте проект, чтобы узнать подробности и актуальную стоимость.",https://catalog-plans.ru/catalog/57-83XL?utm_source=pinterest&utm_medium=organic&utm_campaign=generated_visual_plans_blueprint_static_batch_55&utm_content=pin_10442_57-83XL_plans&utm_term=proekty-domov-s-planirovkami,,"проект дома 57-83XL, проект дома 226,14 м², планировка дома, планы этажей, готовый проект дома, визуализация дома, арболитовые блоки 400, catalog-plans.ru"
"Проект дома №65-28 площадью 202,75 м² с планировками",https://raw.githubusercontent.com/nemchenik/test/fe937d328767d7f39f4856e3b3ba9c2fd0a2ffaf/pinterest/generated_batch_55_visual_plans_blueprint_static/65-28.jpg,Проекты частных домов,,"Проект дома №65-28: площадь 202,75 м², 2 этажа, габариты 10.8×14.5 м, материал стен — газобетон. На карточке показаны визуализация дома и планировки этажей. Сохраните идею и откройте проект, чтобы узнать подробности и актуальную стоимость.",https://catalog-plans.ru/catalog/65-28?utm_source=pinterest&utm_medium=organic&utm_campaign=generated_visual_plans_blueprint_static_batch_55&utm_content=pin_10443_65-28_plans&utm_term=proekty-domov-s-planirovkami,,"проект дома 65-28, проект дома 202,75 м², планировка дома, планы этажей, готовый проект дома, визуализация дома, газобетон, catalog-plans.ru"
"Проект дома №57-00FL площадью 187,94 м² с планировками",https://raw.githubusercontent.com/nemchenik/test/fe937d328767d7f39f4856e3b3ba9c2fd0a2ffaf/pinterest/generated_batch_55_visual_plans_blueprint_static/57-00FL.jpg,Проекты частных домов,,"Проект дома №57-00FL: площадь 187,94 м², 2 этажа, габариты 12.8×13.25 м, материал стен — газобетон. На карточке показаны визуализация дома и планировки этажей. Сохраните идею и откройте проект, чтобы узнать подробности и актуальную стоимость.",https://catalog-plans.ru/catalog/57-00FL?utm_source=pinterest&utm_medium=organic&utm_campaign=generated_visual_plans_blueprint_static_batch_55&utm_content=pin_10444_57-00FL_plans&utm_term=proekty-domov-s-planirovkami,,"проект дома 57-00FL, проект дома 187,94 м², планировка дома, планы этажей, готовый проект дома, визуализация дома, газобетон, catalog-plans.ru"
"Проект дома №57-10KBA площадью 197,17 м² с планировками",https://raw.githubusercontent.com/nemchenik/test/fe937d328767d7f39f4856e3b3ba9c2fd0a2ffaf/pinterest/generated_batch_55_visual_plans_blueprint_static/57-10KBA.jpg,Проекты частных домов,,"Проект дома №57-10KBA: площадь 197,17 м², 2 этажа, габариты 10.08×12.72 м, материал стен — керамзитобетон. На карточке показаны визуализация дома и планировки этажей. Сохраните идею и откройте проект, чтобы узнать подробности и актуальную стоимость.",https://catalog-plans.ru/catalog/57-10KBA?utm_source=pinterest&utm_medium=organic&utm_campaign=generated_visual_plans_blueprint_static_batch_55&utm_content=pin_10445_57-10KBA_plans&utm_term=proekty-domov-s-planirovkami,,"проект дома 57-10KBA, проект дома 197,17 м², планировка дома, планы этажей, готовый проект дома, визуализация дома, керамзитобетон, catalog-plans.ru"
"Проект дома №46-90L площадью 405,33 м² с планировками",https://raw.githubusercontent.com/nemchenik/test/fe937d328767d7f39f4856e3b3ba9c2fd0a2ffaf/pinterest/generated_batch_55_visual_plans_blueprint_static/46-90L.jpg,Проекты частных домов,,"Проект дома №46-90L: площадь 405,33 м², 2 этажа, габариты 17.46×28.2 м, материал стен — кирпич. На карточке показаны визуализация дома и планировки этажей. Сохраните идею и откройте проект, чтобы узнать подробности и актуальную стоимость.",https://catalog-plans.ru/catalog/46-90L?utm_source=pinterest&utm_medium=organic&utm_campaign=generated_visual_plans_blueprint_static_batch_55&utm_content=pin_10446_46-90L_plans&utm_term=proekty-domov-s-planirovkami,,"проект дома 46-90L, проект дома 405,33 м², планировка дома, планы этажей, готовый проект дома, визуализация дома, кирпич, catalog-plans.ru"
Проект дома №52-85 площадью 137 м² с планировками,https://raw.githubusercontent.com/nemchenik/test/fe937d328767d7f39f4856e3b3ba9c2fd0a2ffaf/pinterest/generated_batch_55_visual_plans_blueprint_static/52-85.jpg,Проекты частных домов,,"Проект дома №52-85: площадь 137 м², 2 этажа, габариты 9×9 м, материал стен — газобетон. На карточке показаны визуализация дома и планировки этажей. Сохраните идею и откройте проект, чтобы узнать подробности и актуальную стоимость.",https://catalog-plans.ru/catalog/52-85?utm_source=pinterest&utm_medium=organic&utm_campaign=generated_visual_plans_blueprint_static_batch_55&utm_content=pin_10447_52-85_plans&utm_term=proekty-domov-s-planirovkami,,"проект дома 52-85, проект дома 137 м², планировка дома, планы этажей, готовый проект дома, визуализация дома, газобетон, catalog-plans.ru"
"Проект дома №63-13BGL площадью 232,4 м² с планировками",https://raw.githubusercontent.com/nemchenik/test/fe937d328767d7f39f4856e3b3ba9c2fd0a2ffaf/pinterest/generated_batch_55_visual_plans_blueprint_static/63-13BGL.jpg,Проекты частных домов,,"Проект дома №63-13BGL: площадь 232,4 м², 2 этажа, габариты 13.3×12.7 м, материал стен — газобетон. На карточке показаны визуализация дома и планировки этажей. Сохраните идею и откройте проект, чтобы узнать подробности и актуальную стоимость.",https://catalog-plans.ru/catalog/63-13BGL?utm_source=pinterest&utm_medium=organic&utm_campaign=generated_visual_plans_blueprint_static_batch_55&utm_content=pin_10448_63-13BGL_plans&utm_term=proekty-domov-s-planirovkami,,"проект дома 63-13BGL, проект дома 232,4 м², планировка дома, планы этажей, готовый проект дома, визуализация дома, газобетон, catalog-plans.ru"
"Проект дома №57-69K площадью 313,02 м² с планировками",https://raw.githubusercontent.com/nemchenik/test/fe937d328767d7f39f4856e3b3ba9c2fd0a2ffaf/pinterest/generated_batch_55_visual_plans_blueprint_static/57-69K.jpg,Проекты частных домов,,"Проект дома №57-69K: площадь 313,02 м², 2 этажа, габариты 17.79×19.05 м, материал стен — кирпич. На карточке показаны визуализация дома и планировки этажей. Сохраните идею и откройте проект, чтобы узнать подробности и актуальную стоимость.",https://catalog-plans.ru/catalog/57-69K?utm_source=pinterest&utm_medium=organic&utm_campaign=generated_visual_plans_blueprint_static_batch_55&utm_content=pin_10449_57-69K_plans&utm_term=proekty-domov-s-planirovkami,,"проект дома 57-69K, проект дома 313,02 м², планировка дома, планы этажей, готовый проект дома, визуализация дома, кирпич, catalog-plans.ru"
"Проект дома №63-45D площадью 222,01 м² с планировками",https://raw.githubusercontent.com/nemchenik/test/fe937d328767d7f39f4856e3b3ba9c2fd0a2ffaf/pinterest/generated_batch_55_visual_plans_blueprint_static/63-45D.jpg,Проекты частных домов,,"Проект дома №63-45D: площадь 222,01 м², 3 этажа, габариты 10.2×18.36 м, материал стен — газобетон. На карточке показаны визуализация дома и планировки этажей. Сохраните идею и откройте проект, чтобы узнать подробности и актуальную стоимость.",https://catalog-plans.ru/catalog/63-45D?utm_source=pinterest&utm_medium=organic&utm_campaign=generated_visual_plans_blueprint_static_batch_55&utm_content=pin_10450_63-45D_plans&utm_term=proekty-domov-s-planirovkami,,"проект дома 63-45D, проект дома 222,01 м², планировка дома, планы этажей, готовый проект дома, визуализация дома, газобетон, catalog-plans.ru"
Проект дома №70-26 площадью 175 м² с планировками,https://raw.githubusercontent.com/nemchenik/test/fe937d328767d7f39f4856e3b3ba9c2fd0a2ffaf/pinterest/generated_batch_55_visual_plans_blueprint_static/70-26.jpg,Проекты частных домов,,"Проект дома №70-26: площадь 175 м², 2 этажа, габариты 10×15 м, материал стен — деревянный каркас. На карточке показаны визуализация дома и планировки этажей. Сохраните идею и откройте проект, чтобы узнать подробности и актуальную стоимость.",https://catalog-plans.ru/catalog/70-26?utm_source=pinterest&utm_medium=organic&utm_campaign=generated_visual_plans_blueprint_static_batch_55&utm_content=pin_10451_70-26_plans&utm_term=proekty-domov-s-planirovkami,,"проект дома 70-26, проект дома 175 м², планировка дома, планы этажей, готовый проект дома, визуализация дома, деревянный каркас, catalog-plans.ru"
"Проект дома №62-47AFD площадью 233,67 м² с планировками",https://raw.githubusercontent.com/nemchenik/test/fe937d328767d7f39f4856e3b3ba9c2fd0a2ffaf/pinterest/generated_batch_55_visual_plans_blueprint_static/62-47AFD.jpg,Проекты частных домов,,"Проект дома №62-47AFD: площадь 233,67 м², 2 этажа, габариты 14.365×18.075 м, материал стен — газобетон. На карточке показаны визуализация дома и планировки этажей. Сохраните идею и откройте проект, чтобы узнать подробности и актуальную стоимость.",https://catalog-plans.ru/catalog/62-47AFD?utm_source=pinterest&utm_medium=organic&utm_campaign=generated_visual_plans_blueprint_static_batch_55&utm_content=pin_10452_62-47AFD_plans&utm_term=proekty-domov-s-planirovkami,,"проект дома 62-47AFD, проект дома 233,67 м², планировка дома, планы этажей, готовый проект дома, визуализация дома, газобетон, catalog-plans.ru"
"Проект дома №58-45DK2 площадью 149,13 м² с планировками",https://raw.githubusercontent.com/nemchenik/test/fe937d328767d7f39f4856e3b3ba9c2fd0a2ffaf/pinterest/generated_batch_55_visual_plans_blueprint_static/58-45DK2.jpg,Проекты частных домов,,"Проект дома №58-45DK2: площадь 149,13 м², 2 этажа, габариты 9.88×12.58 м, материал стен — кирпич. На карточке показаны визуализация дома и планировки этажей. Сохраните идею и откройте проект, чтобы узнать подробности и актуальную стоимость.",https://catalog-plans.ru/catalog/58-45DK2?utm_source=pinterest&utm_medium=organic&utm_campaign=generated_visual_plans_blueprint_static_batch_55&utm_content=pin_10453_58-45DK2_plans&utm_term=proekty-domov-s-planirovkami,,"проект дома 58-45DK2, проект дома 149,13 м², планировка дома, планы этажей, готовый проект дома, визуализация дома, кирпич, catalog-plans.ru"
"Проект дома №64-23L площадью 242,11 м² с планировками",https://raw.githubusercontent.com/nemchenik/test/fe937d328767d7f39f4856e3b3ba9c2fd0a2ffaf/pinterest/generated_batch_55_visual_plans_blueprint_static/64-23L.jpg,Проекты частных домов,,"Проект дома №64-23L: площадь 242,11 м², 1 этаж, габариты 19×20.7 м, материал стен — монолитный каркас. На карточке показаны визуализация дома и планировки этажей. Сохраните идею и откройте проект, чтобы узнать подробности и актуальную стоимость.",https://catalog-plans.ru/catalog/64-23L?utm_source=pinterest&utm_medium=organic&utm_campaign=generated_visual_plans_blueprint_static_batch_55&utm_content=pin_10454_64-23L_plans&utm_term=proekty-domov-s-planirovkami,,"проект дома 64-23L, проект дома 242,11 м², планировка дома, планы этажей, готовый проект дома, визуализация дома, монолитный каркас, catalog-plans.ru"
"Проект дома №35-12 площадью 375,2 м² с планировками",https://raw.githubusercontent.com/nemchenik/test/fe937d328767d7f39f4856e3b3ba9c2fd0a2ffaf/pinterest/generated_batch_55_visual_plans_blueprint_static/35-12.jpg,Проекты частных домов,,"Проект дома №35-12: площадь 375,2 м², 3 этажа, габариты 18.6×20.1 м, материал стен — кирпич. На карточке показаны визуализация дома и планировки этажей. Сохраните идею и откройте проект, чтобы узнать подробности и актуальную стоимость.",https://catalog-plans.ru/catalog/35-12?utm_source=pinterest&utm_medium=organic&utm_campaign=generated_visual_plans_blueprint_static_batch_55&utm_content=pin_10455_35-12_plans&utm_term=proekty-domov-s-planirovkami,,"проект дома 35-12, проект дома 375,2 м², планировка дома, планы этажей, готовый проект дома, визуализация дома, кирпич, catalog-plans.ru"
"Проект дома №57-74MAL площадью 263,6 м² с планировками",https://raw.githubusercontent.com/nemchenik/test/fe937d328767d7f39f4856e3b3ba9c2fd0a2ffaf/pinterest/generated_batch_55_visual_plans_blueprint_static/57-74MAL.jpg,Проекты частных домов,,"Проект дома №57-74MAL: площадь 263,6 м², 2 этажа, габариты 14.15×15.56 м, материал стен — газобетон. На карточке показаны визуализация дома и планировки этажей. Сохраните идею и откройте проект, чтобы узнать подробности и актуальную стоимость.",https://catalog-plans.ru/catalog/57-74MAL?utm_source=pinterest&utm_medium=organic&utm_campaign=generated_visual_plans_blueprint_static_batch_55&utm_content=pin_10456_57-74MAL_plans&utm_term=proekty-domov-s-planirovkami,,"проект дома 57-74MAL, проект дома 263,6 м², планировка дома, планы этажей, готовый проект дома, визуализация дома, газобетон, catalog-plans.ru"
"Проект дома №58-03K площадью 256,86 м² с планировками",https://raw.githubusercontent.com/nemchenik/test/fe937d328767d7f39f4856e3b3ba9c2fd0a2ffaf/pinterest/generated_batch_55_visual_plans_blueprint_static/58-03K.jpg,Проекты частных домов,,"Проект дома №58-03K: площадь 256,86 м², 2 этажа, габариты 13.11×16.86 м, материал стен — кирпич. На карточке показаны визуализация дома и планировки этажей. Сохраните идею и откройте проект, чтобы узнать подробности и актуальную стоимость.",https://catalog-plans.ru/catalog/58-03K?utm_source=pinterest&utm_medium=organic&utm_campaign=generated_visual_plans_blueprint_static_batch_55&utm_content=pin_10457_58-03K_plans&utm_term=proekty-domov-s-planirovkami,,"проект дома 58-03K, проект дома 256,86 м², планировка дома, планы этажей, готовый проект дома, визуализация дома, кирпич, catalog-plans.ru"
"Проект дома №49-72 площадью 218,53 м² с планировками",https://raw.githubusercontent.com/nemchenik/test/fe937d328767d7f39f4856e3b3ba9c2fd0a2ffaf/pinterest/generated_batch_55_visual_plans_blueprint_static/49-72.jpg,Проекты частных домов,,"Проект дома №49-72: площадь 218,53 м², 2 этажа, габариты 11.5×13.11 м, материал стен — кирпич. На карточке показаны визуализация дома и планировки этажей. Сохраните идею и откройте проект, чтобы узнать подробности и актуальную стоимость.",https://catalog-plans.ru/catalog/49-72?utm_source=pinterest&utm_medium=organic&utm_campaign=generated_visual_plans_blueprint_static_batch_55&utm_content=pin_10458_49-72_plans&utm_term=proekty-domov-s-planirovkami,,"проект дома 49-72, проект дома 218,53 м², планировка дома, планы этажей, готовый проект дома, визуализация дома, кирпич, catalog-plans.ru"
"Проект дома №59-65 площадью 148,5 м² с планировками",https://raw.githubusercontent.com/nemchenik/test/fe937d328767d7f39f4856e3b3ba9c2fd0a2ffaf/pinterest/generated_batch_55_visual_plans_blueprint_static/59-65.jpg,Проекты частных домов,,"Проект дома №59-65: площадь 148,5 м², 2 этажа, габариты 11.46×13.34 м, материал стен — газобетон. На карточке показаны визуализация дома и планировки этажей. Сохраните идею и откройте проект, чтобы узнать подробности и актуальную стоимость.",https://catalog-plans.ru/catalog/59-65?utm_source=pinterest&utm_medium=organic&utm_campaign=generated_visual_plans_blueprint_static_batch_55&utm_content=pin_10459_59-65_plans&utm_term=proekty-domov-s-planirovkami,,"проект дома 59-65, проект дома 148,5 м², планировка дома, планы этажей, готовый проект дома, визуализация дома, газобетон, catalog-plans.ru"
"Проект дома №45-64YAGL площадью 358,24 м² с планировками",https://raw.githubusercontent.com/nemchenik/test/fe937d328767d7f39f4856e3b3ba9c2fd0a2ffaf/pinterest/generated_batch_55_visual_plans_blueprint_static/45-64YAGL.jpg,Проекты частных домов,,"Проект дома №45-64YAGL: площадь 358,24 м², 2 этажа, габариты 13.8×20.84 м, материал стен — газобетон. На карточке показаны визуализация дома и планировки этажей. Сохраните идею и откройте проект, чтобы узнать подробности и актуальную стоимость.",https://catalog-plans.ru/catalog/45-64YAGL?utm_source=pinterest&utm_medium=organic&utm_campaign=generated_visual_plans_blueprint_static_batch_55&utm_content=pin_10460_45-64YAGL_plans&utm_term=proekty-domov-s-planirovkami,,"проект дома 45-64YAGL, проект дома 358,24 м², планировка дома, планы этажей, готовый проект дома, визуализация дома, газобетон, catalog-plans.ru"
"Проект дома №65-47 площадью 277,62 м² с планировками",https://raw.githubusercontent.com/nemchenik/test/fe937d328767d7f39f4856e3b3ba9c2fd0a2ffaf/pinterest/generated_batch_55_visual_plans_blueprint_static/65-47.jpg,Проекты частных домов,,"Проект дома №65-47: площадь 277,62 м², 2 этажа, габариты 14.55×16.3 м, материал стен — газобетон. На карточке показаны визуализация дома и планировки этажей. Сохраните идею и откройте проект, чтобы узнать подробности и актуальную стоимость.",https://catalog-plans.ru/catalog/65-47?utm_source=pinterest&utm_medium=organic&utm_campaign=generated_visual_plans_blueprint_static_batch_55&utm_content=pin_10461_65-47_plans&utm_term=proekty-domov-s-planirovkami,,"проект дома 65-47, проект дома 277,62 м², планировка дома, планы этажей, готовый проект дома, визуализация дома, газобетон, catalog-plans.ru"
"Проект дома №57-39BAL площадью 208,14 м² с планировками",https://raw.githubusercontent.com/nemchenik/test/fe937d328767d7f39f4856e3b3ba9c2fd0a2ffaf/pinterest/generated_batch_55_visual_plans_blueprint_static/57-39BAL.jpg,Проекты частных домов,,"Проект дома №57-39BAL: площадь 208,14 м², 2 этажа, габариты 11.45×14.6 м, материал стен — газобетон. На карточке показаны визуализация дома и планировки этажей. Сохраните идею и откройте проект, чтобы узнать подробности и актуальную стоимость.",https://catalog-plans.ru/catalog/57-39BAL?utm_source=pinterest&utm_medium=organic&utm_campaign=generated_visual_plans_blueprint_static_batch_55&utm_content=pin_10462_57-39BAL_plans&utm_term=proekty-domov-s-planirovkami,,"проект дома 57-39BAL, проект дома 208,14 м², планировка дома, планы этажей, готовый проект дома, визуализация дома, газобетон, catalog-plans.ru"
"Проект дома №62-71BZMAL площадью 260,08 м² с планировками",https://raw.githubusercontent.com/nemchenik/test/fe937d328767d7f39f4856e3b3ba9c2fd0a2ffaf/pinterest/generated_batch_55_visual_plans_blueprint_static/62-71BZMAL.jpg,Проекты частных домов,,"Проект дома №62-71BZMAL: площадь 260,08 м², 3 этажа, габариты 10.96×10.96 м, материал стен — газобетон. На карточке показаны визуализация дома и планировки этажей. Сохраните идею и откройте проект, чтобы узнать подробности и актуальную стоимость.",https://catalog-plans.ru/catalog/62-71BZMAL?utm_source=pinterest&utm_medium=organic&utm_campaign=generated_visual_plans_blueprint_static_batch_55&utm_content=pin_10463_62-71BZMAL_plans&utm_term=proekty-domov-s-planirovkami,,"проект дома 62-71BZMAL, проект дома 260,08 м², планировка дома, планы этажей, готовый проект дома, визуализация дома, газобетон, catalog-plans.ru"
"Проект дома №59-93TCK2L площадью 273,94 м² с планировками",https://raw.githubusercontent.com/nemchenik/test/fe937d328767d7f39f4856e3b3ba9c2fd0a2ffaf/pinterest/generated_batch_55_visual_plans_blueprint_static/59-93TCK2L.jpg,Проекты частных домов,,"Проект дома №59-93TCK2L: площадь 273,94 м², 2 этажа, габариты 13.26×15.06 м, материал стен — кирпич. На карточке показаны визуализация дома и планировки этажей. Сохраните идею и откройте проект, чтобы узнать подробности и актуальную стоимость.",https://catalog-plans.ru/catalog/59-93TCK2L?utm_source=pinterest&utm_medium=organic&utm_campaign=generated_visual_plans_blueprint_static_batch_55&utm_content=pin_10464_59-93TCK2L_plans&utm_term=proekty-domov-s-planirovkami,,"проект дома 59-93TCK2L, проект дома 273,94 м², планировка дома, планы этажей, готовый проект дома, визуализация дома, кирпич, catalog-plans.ru"
"Проект дома №62-02 площадью 150,94 м² с планировками",https://raw.githubusercontent.com/nemchenik/test/fe937d328767d7f39f4856e3b3ba9c2fd0a2ffaf/pinterest/generated_batch_55_visual_plans_blueprint_static/62-02.jpg,Проекты частных домов,,"Проект дома №62-02: площадь 150,94 м², 2 этажа, габариты 9.3×12.5 м, материал стен — газобетон. На карточке показаны визуализация дома и планировки этажей. Сохраните идею и откройте проект, чтобы узнать подробности и актуальную стоимость.",https://catalog-plans.ru/catalog/62-02?utm_source=pinterest&utm_medium=organic&utm_campaign=generated_visual_plans_blueprint_static_batch_55&utm_content=pin_10465_62-02_plans&utm_term=proekty-domov-s-planirovkami,,"проект дома 62-02, проект дома 150,94 м², планировка дома, планы этажей, готовый проект дома, визуализация дома, газобетон, catalog-plans.ru"
Проект дома №58-21A площадью 161 м² с планировками,https://raw.githubusercontent.com/nemchenik/test/fe937d328767d7f39f4856e3b3ba9c2fd0a2ffaf/pinterest/generated_batch_55_visual_plans_blueprint_static/58-21A.jpg,Проекты частных домов,,"Проект дома №58-21A: площадь 161 м², 2 этажа, габариты 11.1×14.1 м, материал стен — газобетон. На карточке показаны визуализация дома и планировки этажей. Сохраните идею и откройте проект, чтобы узнать подробности и актуальную стоимость.",https://catalog-plans.ru/catalog/58-21A?utm_source=pinterest&utm_medium=organic&utm_campaign=generated_visual_plans_blueprint_static_batch_55&utm_content=pin_10466_58-21A_plans&utm_term=proekty-domov-s-planirovkami,,"проект дома 58-21A, проект дома 161 м², планировка дома, планы этажей, готовый проект дома, визуализация дома, газобетон, catalog-plans.ru"
"Проект дома №45-64NMFG площадью 195,85 м² с планировками",https://raw.githubusercontent.com/nemchenik/test/fe937d328767d7f39f4856e3b3ba9c2fd0a2ffaf/pinterest/generated_batch_55_visual_plans_blueprint_static/45-64NMFG.jpg,Проекты частных домов,,"Проект дома №45-64NMFG: площадь 195,85 м², 2 этажа, габариты 11.7×15.8 м, материал стен — газобетон. На карточке показаны визуализация дома и планировки этажей. Сохраните идею и откройте проект, чтобы узнать подробности и актуальную стоимость.",https://catalog-plans.ru/catalog/45-64NMFG?utm_source=pinterest&utm_medium=organic&utm_campaign=generated_visual_plans_blueprint_static_batch_55&utm_content=pin_10467_45-64NMFG_plans&utm_term=proekty-domov-s-planirovkami,,"проект дома 45-64NMFG, проект дома 195,85 м², планировка дома, планы этажей, готовый проект дома, визуализация дома, газобетон, catalog-plans.ru"
"Проект дома №59-92TL площадью 166,37 м² с планировками",https://raw.githubusercontent.com/nemchenik/test/fe937d328767d7f39f4856e3b3ba9c2fd0a2ffaf/pinterest/generated_batch_55_visual_plans_blueprint_static/59-92TL.jpg,Проекты частных домов,,"Проект дома №59-92TL: площадь 166,37 м², 2 этажа, габариты 12.9×10.6 м, материал стен — газобетон. На карточке показаны визуализация дома и планировки этажей. Сохраните идею и откройте проект, чтобы узнать подробности и актуальную стоимость.",https://catalog-plans.ru/catalog/59-92TL?utm_source=pinterest&utm_medium=organic&utm_campaign=generated_visual_plans_blueprint_static_batch_55&utm_content=pin_10468_59-92TL_plans&utm_term=proekty-domov-s-planirovkami,,"проект дома 59-92TL, проект дома 166,37 м², планировка дома, планы этажей, готовый проект дома, визуализация дома, газобетон, catalog-plans.ru"
"Проект дома №62-71EAC площадью 311,56 м² с планировками",https://raw.githubusercontent.com/nemchenik/test/fe937d328767d7f39f4856e3b3ba9c2fd0a2ffaf/pinterest/generated_batch_55_visual_plans_blueprint_static/62-71EAC.jpg,Проекты частных домов,,"Проект дома №62-71EAC: площадь 311,56 м², 3 этажа, габариты 15.41×15.06 м, материал стен — монолитный каркас. На карточке показаны визуализация дома и планировки этажей. Сохраните идею и откройте проект, чтобы узнать подробности и актуальную стоимость.",https://catalog-plans.ru/catalog/62-71EAC?utm_source=pinterest&utm_medium=organic&utm_campaign=generated_visual_plans_blueprint_static_batch_55&utm_content=pin_10469_62-71EAC_plans&utm_term=proekty-domov-s-planirovkami,,"проект дома 62-71EAC, проект дома 311,56 м², планировка дома, планы этажей, готовый проект дома, визуализация дома, монолитный каркас, catalog-plans.ru"
"Проект дома №40-54BAGW площадью 181,31 м² с планировками",https://raw.githubusercontent.com/nemchenik/test/fe937d328767d7f39f4856e3b3ba9c2fd0a2ffaf/pinterest/generated_batch_55_visual_plans_blueprint_static/40-54BAGW.jpg,Проекты частных домов,,"Проект дома №40-54BAGW: площадь 181,31 м², 2 этажа, габариты 10.45×12.08 м, материал стен — газобетон. На карточке показаны визуализация дома и планировки этажей. Сохраните идею и откройте проект, чтобы узнать подробности и актуальную стоимость.",https://catalog-plans.ru/catalog/40-54BAGW?utm_source=pinterest&utm_medium=organic&utm_campaign=generated_visual_plans_blueprint_static_batch_55&utm_content=pin_10470_40-54BAGW_plans&utm_term=proekty-domov-s-planirovkami,,"проект дома 40-54BAGW, проект дома 181,31 м², планировка дома, планы этажей, готовый проект дома, визуализация дома, газобетон, catalog-plans.ru"
"Проект дома №40-11FL площадью 413,32 м² с планировками",https://raw.githubusercontent.com/nemchenik/test/fe937d328767d7f39f4856e3b3ba9c2fd0a2ffaf/pinterest/generated_batch_55_visual_plans_blueprint_static/40-11FL.jpg,Проекты частных домов,,"Проект дома №40-11FL: площадь 413,32 м², 2 этажа, габариты 14.78×14.83 м, материал стен — газобетон. На карточке показаны визуализация дома и планировки этажей. Сохраните идею и откройте проект, чтобы узнать подробности и актуальную стоимость.",https://catalog-plans.ru/catalog/40-11FL?utm_source=pinterest&utm_medium=organic&utm_campaign=generated_visual_plans_blueprint_static_batch_55&utm_content=pin_10471_40-11FL_plans&utm_term=proekty-domov-s-planirovkami,,"проект дома 40-11FL, проект дома 413,32 м², планировка дома, планы этажей, готовый проект дома, визуализация дома, газобетон, catalog-plans.ru"
"Проект дома №40-11YAL площадью 328,2 м² с планировками",https://raw.githubusercontent.com/nemchenik/test/fe937d328767d7f39f4856e3b3ba9c2fd0a2ffaf/pinterest/generated_batch_55_visual_plans_blueprint_static/40-11YAL.jpg,Проекты частных домов,,"Проект дома №40-11YAL: площадь 328,2 м², 2 этажа, габариты 13.5×18.5 м, материал стен — кирпич. На карточке показаны визуализация дома и планировки этажей. Сохраните идею и откройте проект, чтобы узнать подробности и актуальную стоимость.",https://catalog-plans.ru/catalog/40-11YAL?utm_source=pinterest&utm_medium=organic&utm_campaign=generated_visual_plans_blueprint_static_batch_55&utm_content=pin_10472_40-11YAL_plans&utm_term=proekty-domov-s-planirovkami,,"проект дома 40-11YAL, проект дома 328,2 м², планировка дома, планы этажей, готовый проект дома, визуализация дома, кирпич, catalog-plans.ru"
"Проект дома №45-16 площадью 195,87 м² с планировками",https://raw.githubusercontent.com/nemchenik/test/fe937d328767d7f39f4856e3b3ba9c2fd0a2ffaf/pinterest/generated_batch_55_visual_plans_blueprint_static/45-16.jpg,Проекты частных домов,,"Проект дома №45-16: площадь 195,87 м², 2 этажа, габариты 11.61×17.11 м, материал стен — кирпич. На карточке показаны визуализация дома и планировки этажей. Сохраните идею и откройте проект, чтобы узнать подробности и актуальную стоимость.",https://catalog-plans.ru/catalog/45-16?utm_source=pinterest&utm_medium=organic&utm_campaign=generated_visual_plans_blueprint_static_batch_55&utm_content=pin_10473_45-16_plans&utm_term=proekty-domov-s-planirovkami,,"проект дома 45-16, проект дома 195,87 м², планировка дома, планы этажей, готовый проект дома, визуализация дома, кирпич, catalog-plans.ru"
"Проект дома №45-01AL площадью 230,32 м² с планировками",https://raw.githubusercontent.com/nemchenik/test/fe937d328767d7f39f4856e3b3ba9c2fd0a2ffaf/pinterest/generated_batch_55_visual_plans_blueprint_static/45-01AL.jpg,Проекты частных домов,,"Проект дома №45-01AL: площадь 230,32 м², 2 этажа, габариты 12.72×12.88 м, материал стен — кирпич. На карточке показаны визуализация дома и планировки этажей. Сохраните идею и откройте проект, чтобы узнать подробности и актуальную стоимость.",https://catalog-plans.ru/catalog/45-01AL?utm_source=pinterest&utm_medium=organic&utm_campaign=generated_visual_plans_blueprint_static_batch_55&utm_content=pin_10474_45-01AL_plans&utm_term=proekty-domov-s-planirovkami,,"проект дома 45-01AL, проект дома 230,32 м², планировка дома, планы этажей, готовый проект дома, визуализация дома, кирпич, catalog-plans.ru"
"Проект дома №40-47G площадью 130,43 м² с планировками",https://raw.githubusercontent.com/nemchenik/test/fe937d328767d7f39f4856e3b3ba9c2fd0a2ffaf/pinterest/generated_batch_55_visual_plans_blueprint_static/40-47G.jpg,Проекты частных домов,,"Проект дома №40-47G: площадь 130,43 м², 2 этажа, габариты 10.2×10.78 м, материал стен — газобетон. На карточке показаны визуализация дома и планировки этажей. Сохраните идею и откройте проект, чтобы узнать подробности и актуальную стоимость.",https://catalog-plans.ru/catalog/40-47G?utm_source=pinterest&utm_medium=organic&utm_campaign=generated_visual_plans_blueprint_static_batch_55&utm_content=pin_10475_40-47G_plans&utm_term=proekty-domov-s-planirovkami,,"проект дома 40-47G, проект дома 130,43 м², планировка дома, планы этажей, готовый проект дома, визуализация дома, газобетон, catalog-plans.ru"
"Проект дома №40-45BDK2L площадью 290,61 м² с планировками",https://raw.githubusercontent.com/nemchenik/test/fe937d328767d7f39f4856e3b3ba9c2fd0a2ffaf/pinterest/generated_batch_55_visual_plans_blueprint_static/40-45BDK2L.jpg,Проекты частных домов,,"Проект дома №40-45BDK2L: площадь 290,61 м², 2 этажа, габариты 12×17.64 м, материал стен — кирпич. На карточке показаны визуализация дома и планировки этажей. Сохраните идею и откройте проект, чтобы узнать подробности и актуальную стоимость.",https://catalog-plans.ru/catalog/40-45BDK2L?utm_source=pinterest&utm_medium=organic&utm_campaign=generated_visual_plans_blueprint_static_batch_55&utm_content=pin_10476_40-45BDK2L_plans&utm_term=proekty-domov-s-planirovkami,,"проект дома 40-45BDK2L, проект дома 290,61 м², планировка дома, планы этажей, готовый проект дома, визуализация дома, кирпич, catalog-plans.ru"
"Проект дома №62-65MKB площадью 207,36 м² с планировками",https://raw.githubusercontent.com/nemchenik/test/fe937d328767d7f39f4856e3b3ba9c2fd0a2ffaf/pinterest/generated_batch_55_visual_plans_blueprint_static/62-65MKB.jpg,Проекты частных домов,,"Проект дома №62-65MKB: площадь 207,36 м², 2 этажа, габариты 12.06×17.46 м, материал стен — монолитный каркас. На карточке показаны визуализация дома и планировки этажей. Сохраните идею и откройте проект, чтобы узнать подробности и актуальную стоимость.",https://catalog-plans.ru/catalog/62-65MKB?utm_source=pinterest&utm_medium=organic&utm_campaign=generated_visual_plans_blueprint_static_batch_55&utm_content=pin_10477_62-65MKB_plans&utm_term=proekty-domov-s-planirovkami,,"проект дома 62-65MKB, проект дома 207,36 м², планировка дома, планы этажей, готовый проект дома, визуализация дома, монолитный каркас, catalog-plans.ru"
"Проект дома №57-07B площадью 149,19 м² с планировками",https://raw.githubusercontent.com/nemchenik/test/fe937d328767d7f39f4856e3b3ba9c2fd0a2ffaf/pinterest/generated_batch_55_visual_plans_blueprint_static/57-07B.jpg,Проекты частных домов,,"Проект дома №57-07B: площадь 149,19 м², 2 этажа, габариты 10×11 м, материал стен — газобетон. На карточке показаны визуализация дома и планировки этажей. Сохраните идею и откройте проект, чтобы узнать подробности и актуальную стоимость.",https://catalog-plans.ru/catalog/57-07B?utm_source=pinterest&utm_medium=organic&utm_campaign=generated_visual_plans_blueprint_static_batch_55&utm_content=pin_10478_57-07B_plans&utm_term=proekty-domov-s-planirovkami,,"проект дома 57-07B, проект дома 149,19 м², планировка дома, планы этажей, готовый проект дома, визуализация дома, газобетон, catalog-plans.ru"
"Проект дома №64-68 площадью 190,14 м² с планировками",https://raw.githubusercontent.com/nemchenik/test/fe937d328767d7f39f4856e3b3ba9c2fd0a2ffaf/pinterest/generated_batch_55_visual_plans_blueprint_static/64-68.jpg,Проекты частных домов,,"Проект дома №64-68: площадь 190,14 м², 1 этаж, габариты 11.85×22.7 м, материал стен — монолитный каркас. На карточке показаны визуализация дома и планировки этажей. Сохраните идею и откройте проект, чтобы узнать подробности и актуальную стоимость.",https://catalog-plans.ru/catalog/64-68?utm_source=pinterest&utm_medium=organic&utm_campaign=generated_visual_plans_blueprint_static_batch_55&utm_content=pin_10479_64-68_plans&utm_term=proekty-domov-s-planirovkami,,"проект дома 64-68, проект дома 190,14 м², планировка дома, планы этажей, готовый проект дома, визуализация дома, монолитный каркас, catalog-plans.ru"
"Проект дома №48-24GHAB площадью 277,55 м² с планировками",https://raw.githubusercontent.com/nemchenik/test/fe937d328767d7f39f4856e3b3ba9c2fd0a2ffaf/pinterest/generated_batch_55_visual_plans_blueprint_static/48-24GHAB.jpg,Проекты частных домов,,"Проект дома №48-24GHAB: площадь 277,55 м², 2 этажа, габариты 15.14×16.04 м, материал стен — газобетон. На карточке показаны визуализация дома и планировки этажей. Сохраните идею и откройте проект, чтобы узнать подробности и актуальную стоимость.",https://catalog-plans.ru/catalog/48-24GHAB?utm_source=pinterest&utm_medium=organic&utm_campaign=generated_visual_plans_blueprint_static_batch_55&utm_content=pin_10480_48-24GHAB_plans&utm_term=proekty-domov-s-planirovkami,,"проект дома 48-24GHAB, проект дома 277,55 м², планировка дома, планы этажей, готовый проект дома, визуализация дома, газобетон, catalog-plans.ru"
"Проект дома №58-70HA площадью 133,84 м² с планировками",https://raw.githubusercontent.com/nemchenik/test/fe937d328767d7f39f4856e3b3ba9c2fd0a2ffaf/pinterest/generated_batch_55_visual_plans_blueprint_static/58-70HA.jpg,Проекты частных домов,,"Проект дома №58-70HA: площадь 133,84 м², 1 этаж, габариты 12.48×15.68 м, материал стен — газобетон. На карточке показаны визуализация дома и планировки этажей. Сохраните идею и откройте проект, чтобы узнать подробности и актуальную стоимость.",https://catalog-plans.ru/catalog/58-70HA?utm_source=pinterest&utm_medium=organic&utm_campaign=generated_visual_plans_blueprint_static_batch_55&utm_content=pin_10481_58-70HA_plans&utm_term=proekty-domov-s-planirovkami,,"проект дома 58-70HA, проект дома 133,84 м², планировка дома, планы этажей, готовый проект дома, визуализация дома, газобетон, catalog-plans.ru"
"Проект дома №62-71BSAF площадью 193,87 м² с планировками",https://raw.githubusercontent.com/nemchenik/test/fe937d328767d7f39f4856e3b3ba9c2fd0a2ffaf/pinterest/generated_batch_55_visual_plans_blueprint_static/62-71BSAF.jpg,Проекты частных домов,,"Проект дома №62-71BSAF: площадь 193,87 м², 2 этажа, габариты 11.14×13.35 м, материал стен — газобетон. На карточке показаны визуализация дома и планировки этажей. Сохраните идею и откройте проект, чтобы узнать подробности и актуальную стоимость.",https://catalog-plans.ru/catalog/62-71BSAF?utm_source=pinterest&utm_medium=organic&utm_campaign=generated_visual_plans_blueprint_static_batch_55&utm_content=pin_10482_62-71BSAF_plans&utm_term=proekty-domov-s-planirovkami,,"проект дома 62-71BSAF, проект дома 193,87 м², планировка дома, планы этажей, готовый проект дома, визуализация дома, газобетон, catalog-plans.ru"
"Проект дома №45-64NDAGL площадью 364,07 м² с планировками",https://raw.githubusercontent.com/nemchenik/test/fe937d328767d7f39f4856e3b3ba9c2fd0a2ffaf/pinterest/generated_batch_55_visual_plans_blueprint_static/45-64NDAGL.jpg,Проекты частных домов,,"Проект дома №45-64NDAGL: площадь 364,07 м², 2 этажа, габариты 13.65×13.7 м, материал стен — газобетон. На карточке показаны визуализация дома и планировки этажей. Сохраните идею и откройте проект, чтобы узнать подробности и актуальную стоимость.",https://catalog-plans.ru/catalog/45-64NDAGL?utm_source=pinterest&utm_medium=organic&utm_campaign=generated_visual_plans_blueprint_static_batch_55&utm_content=pin_10483_45-64NDAGL_plans&utm_term=proekty-domov-s-planirovkami,,"проект дома 45-64NDAGL, проект дома 364,07 м², планировка дома, планы этажей, готовый проект дома, визуализация дома, газобетон, catalog-plans.ru"
"Проект дома №57-84A площадью 168,4 м² с планировками",https://raw.githubusercontent.com/nemchenik/test/fe937d328767d7f39f4856e3b3ba9c2fd0a2ffaf/pinterest/generated_batch_55_visual_plans_blueprint_static/57-84A.jpg,Проекты частных домов,,"Проект дома №57-84A: площадь 168,4 м², 2 этажа, габариты 10×13.61 м, материал стен — газобетон. На карточке показаны визуализация дома и планировки этажей. Сохраните идею и откройте проект, чтобы узнать подробности и актуальную стоимость.",https://catalog-plans.ru/catalog/57-84A?utm_source=pinterest&utm_medium=organic&utm_campaign=generated_visual_plans_blueprint_static_batch_55&utm_content=pin_10484_57-84A_plans&utm_term=proekty-domov-s-planirovkami,,"проект дома 57-84A, проект дома 168,4 м², планировка дома, планы этажей, готовый проект дома, визуализация дома, газобетон, catalog-plans.ru"
Проект дома №56-21 площадью 300 м² с планировками,https://raw.githubusercontent.com/nemchenik/test/fe937d328767d7f39f4856e3b3ba9c2fd0a2ffaf/pinterest/generated_batch_55_visual_plans_blueprint_static/56-21.jpg,Проекты частных домов,,"Проект дома №56-21: площадь 300 м², 2 этажа, габариты 15.2×16 м, материал стен — газобетон. На карточке показаны визуализация дома и планировки этажей. Сохраните идею и откройте проект, чтобы узнать подробности и актуальную стоимость.",https://catalog-plans.ru/catalog/56-21?utm_source=pinterest&utm_medium=organic&utm_campaign=generated_visual_plans_blueprint_static_batch_55&utm_content=pin_10485_56-21_plans&utm_term=proekty-domov-s-planirovkami,,"проект дома 56-21, проект дома 300 м², планировка дома, планы этажей, готовый проект дома, визуализация дома, газобетон, catalog-plans.ru"
"Проект дома №58-02BL площадью 360,19 м² с планировками",https://raw.githubusercontent.com/nemchenik/test/fe937d328767d7f39f4856e3b3ba9c2fd0a2ffaf/pinterest/generated_batch_55_visual_plans_blueprint_static/58-02BL.jpg,Проекты частных домов,,"Проект дома №58-02BL: площадь 360,19 м², 2 этажа, габариты 15.05×23.16 м, материал стен — газобетон. На карточке показаны визуализация дома и планировки этажей. Сохраните идею и откройте проект, чтобы узнать подробности и актуальную стоимость.",https://catalog-plans.ru/catalog/58-02BL?utm_source=pinterest&utm_medium=organic&utm_campaign=generated_visual_plans_blueprint_static_batch_55&utm_content=pin_10486_58-02BL_plans&utm_term=proekty-domov-s-planirovkami,,"проект дома 58-02BL, проект дома 360,19 м², планировка дома, планы этажей, готовый проект дома, визуализация дома, газобетон, catalog-plans.ru"
"Проект дома №80-20 площадью 402,71 м² с планировками",https://raw.githubusercontent.com/nemchenik/test/fe937d328767d7f39f4856e3b3ba9c2fd0a2ffaf/pinterest/generated_batch_55_visual_plans_blueprint_static/80-20.jpg,Проекты частных домов,,"Проект дома №80-20: площадь 402,71 м², 2 этажа, габариты 12.5×14 м, материал стен — монолит. На карточке показаны визуализация дома и планировки этажей. Сохраните идею и откройте проект, чтобы узнать подробности и актуальную стоимость.",https://catalog-plans.ru/catalog/80-20?utm_source=pinterest&utm_medium=organic&utm_campaign=generated_visual_plans_blueprint_static_batch_55&utm_content=pin_10487_80-20_plans&utm_term=proekty-domov-s-planirovkami,,"проект дома 80-20, проект дома 402,71 м², планировка дома, планы этажей, готовый проект дома, визуализация дома, монолит, catalog-plans.ru"
"Проект дома №57-82ABK площадью 231,13 м² с планировками",https://raw.githubusercontent.com/nemchenik/test/fe937d328767d7f39f4856e3b3ba9c2fd0a2ffaf/pinterest/generated_batch_55_visual_plans_blueprint_static/57-82ABK.jpg,Проекты частных домов,,"Проект дома №57-82ABK: площадь 231,13 м², 2 этажа, габариты 13.46×14.69 м, материал стен — кирпич. На карточке показаны визуализация дома и планировки этажей. Сохраните идею и откройте проект, чтобы узнать подробности и актуальную стоимость.",https://catalog-plans.ru/catalog/57-82ABK?utm_source=pinterest&utm_medium=organic&utm_campaign=generated_visual_plans_blueprint_static_batch_55&utm_content=pin_10488_57-82ABK_plans&utm_term=proekty-domov-s-planirovkami,,"проект дома 57-82ABK, проект дома 231,13 м², планировка дома, планы этажей, готовый проект дома, визуализация дома, кирпич, catalog-plans.ru"
"Проект дома №58-41 площадью 216,67 м² с планировками",https://raw.githubusercontent.com/nemchenik/test/fe937d328767d7f39f4856e3b3ba9c2fd0a2ffaf/pinterest/generated_batch_55_visual_plans_blueprint_static/58-41.jpg,Проекты частных домов,,"Проект дома №58-41: площадь 216,67 м², 2 этажа, габариты 12×14 м, материал стен — газобетон. На карточке показаны визуализация дома и планировки этажей. Сохраните идею и откройте проект, чтобы узнать подробности и актуальную стоимость.",https://catalog-plans.ru/catalog/58-41?utm_source=pinterest&utm_medium=organic&utm_campaign=generated_visual_plans_blueprint_static_batch_55&utm_content=pin_10489_58-41_plans&utm_term=proekty-domov-s-planirovkami,,"проект дома 58-41, проект дома 216,67 м², планировка дома, планы этажей, готовый проект дома, визуализация дома, газобетон, catalog-plans.ru"
"Проект дома №60-89 площадью 101,08 м² с планировками",https://raw.githubusercontent.com/nemchenik/test/fe937d328767d7f39f4856e3b3ba9c2fd0a2ffaf/pinterest/generated_batch_55_visual_plans_blueprint_static/60-89.jpg,Проекты частных домов,,"Проект дома №60-89: площадь 101,08 м², 2 этажа, габариты 9.5×9.55 м, материал стен — газобетон. На карточке показаны визуализация дома и планировки этажей. Сохраните идею и откройте проект, чтобы узнать подробности и актуальную стоимость.",https://catalog-plans.ru/catalog/60-89?utm_source=pinterest&utm_medium=organic&utm_campaign=generated_visual_plans_blueprint_static_batch_55&utm_content=pin_10490_60-89_plans&utm_term=proekty-domov-s-planirovkami,,"проект дома 60-89, проект дома 101,08 м², планировка дома, планы этажей, готовый проект дома, визуализация дома, газобетон, catalog-plans.ru"
"Проект дома №57-22AL площадью 239,17 м² с планировками",https://raw.githubusercontent.com/nemchenik/test/fe937d328767d7f39f4856e3b3ba9c2fd0a2ffaf/pinterest/generated_batch_55_visual_plans_blueprint_static/57-22AL.jpg,Проекты частных домов,,"Проект дома №57-22AL: площадь 239,17 м², 2 этажа, габариты 12.3×14.46 м, материал стен — газобетон. На карточке показаны визуализация дома и планировки этажей. Сохраните идею и откройте проект, чтобы узнать подробности и актуальную стоимость.",https://catalog-plans.ru/catalog/57-22AL?utm_source=pinterest&utm_medium=organic&utm_campaign=generated_visual_plans_blueprint_static_batch_55&utm_content=pin_10491_57-22AL_plans&utm_term=proekty-domov-s-planirovkami,,"проект дома 57-22AL, проект дома 239,17 м², планировка дома, планы этажей, готовый проект дома, визуализация дома, газобетон, catalog-plans.ru"
"Проект дома №58-23E площадью 180,8 м² с планировками",https://raw.githubusercontent.com/nemchenik/test/fe937d328767d7f39f4856e3b3ba9c2fd0a2ffaf/pinterest/generated_batch_55_visual_plans_blueprint_static/58-23E.jpg,Проекты частных домов,,"Проект дома №58-23E: площадь 180,8 м², 2 этажа, габариты 13.1×11.2 м, материал стен — газобетон. На карточке показаны визуализация дома и планировки этажей. Сохраните идею и откройте проект, чтобы узнать подробности и актуальную стоимость.",https://catalog-plans.ru/catalog/58-23E?utm_source=pinterest&utm_medium=organic&utm_campaign=generated_visual_plans_blueprint_static_batch_55&utm_content=pin_10492_58-23E_plans&utm_term=proekty-domov-s-planirovkami,,"проект дома 58-23E, проект дома 180,8 м², планировка дома, планы этажей, готовый проект дома, визуализация дома, газобетон, catalog-plans.ru"
Проект дома №58-14KL площадью 214 м² с планировками,https://raw.githubusercontent.com/nemchenik/test/fe937d328767d7f39f4856e3b3ba9c2fd0a2ffaf/pinterest/generated_batch_55_visual_plans_blueprint_static/58-14KL.jpg,Проекты частных домов,,"Проект дома №58-14KL: площадь 214 м², 2 этажа, габариты 12.78×13.58 м, материал стен — кирпич. На карточке показаны визуализация дома и планировки этажей. Сохраните идею и откройте проект, чтобы узнать подробности и актуальную стоимость.",https://catalog-plans.ru/catalog/58-14KL?utm_source=pinterest&utm_medium=organic&utm_campaign=generated_visual_plans_blueprint_static_batch_55&utm_content=pin_10493_58-14KL_plans&utm_term=proekty-domov-s-planirovkami,,"проект дома 58-14KL, проект дома 214 м², планировка дома, планы этажей, готовый проект дома, визуализация дома, кирпич, catalog-plans.ru"
"Проект дома №40-83L площадью 302,37 м² с планировками",https://raw.githubusercontent.com/nemchenik/test/fe937d328767d7f39f4856e3b3ba9c2fd0a2ffaf/pinterest/generated_batch_55_visual_plans_blueprint_static/40-83L.jpg,Проекты частных домов,,"Проект дома №40-83L: площадь 302,37 м², 2 этажа, габариты 14.78×14.98 м, материал стен — кирпич. На карточке показаны визуализация дома и планировки этажей. Сохраните идею и откройте проект, чтобы узнать подробности и актуальную стоимость.",https://catalog-plans.ru/catalog/40-83L?utm_source=pinterest&utm_medium=organic&utm_campaign=generated_visual_plans_blueprint_static_batch_55&utm_content=pin_10494_40-83L_plans&utm_term=proekty-domov-s-planirovkami,,"проект дома 40-83L, проект дома 302,37 м², планировка дома, планы этажей, готовый проект дома, визуализация дома, кирпич, catalog-plans.ru"
"Проект дома №58-05A площадью 256,86 м² с планировками",https://raw.githubusercontent.com/nemchenik/test/fe937d328767d7f39f4856e3b3ba9c2fd0a2ffaf/pinterest/generated_batch_55_visual_plans_blueprint_static/58-05A.jpg,Проекты частных домов,,"Проект дома №58-05A: площадь 256,86 м², 2 этажа, габариты 12.4×20.35 м, материал стен — газобетон. На карточке показаны визуализация дома и планировки этажей. Сохраните идею и откройте проект, чтобы узнать подробности и актуальную стоимость.",https://catalog-plans.ru/catalog/58-05A?utm_source=pinterest&utm_medium=organic&utm_campaign=generated_visual_plans_blueprint_static_batch_55&utm_content=pin_10495_58-05A_plans&utm_term=proekty-domov-s-planirovkami,,"проект дома 58-05A, проект дома 256,86 м², планировка дома, планы этажей, готовый проект дома, визуализация дома, газобетон, catalog-plans.ru"
Проект дома №62-07N площадью 128 м² с планировками,https://raw.githubusercontent.com/nemchenik/test/fe937d328767d7f39f4856e3b3ba9c2fd0a2ffaf/pinterest/generated_batch_55_visual_plans_blueprint_static/62-07N.jpg,Проекты частных домов,,"Проект дома №62-07N: площадь 128 м², 2 этажа, габариты 11.05×13.05 м, материал стен — газобетон. На карточке показаны визуализация дома и планировки этажей. Сохраните идею и откройте проект, чтобы узнать подробности и актуальную стоимость.",https://catalog-plans.ru/catalog/62-07N?utm_source=pinterest&utm_medium=organic&utm_campaign=generated_visual_plans_blueprint_static_batch_55&utm_content=pin_10496_62-07N_plans&utm_term=proekty-domov-s-planirovkami,,"проект дома 62-07N, проект дома 128 м², планировка дома, планы этажей, готовый проект дома, визуализация дома, газобетон, catalog-plans.ru"
"Проект дома №63-41ABL площадью 151,42 м² с планировками",https://raw.githubusercontent.com/nemchenik/test/fe937d328767d7f39f4856e3b3ba9c2fd0a2ffaf/pinterest/generated_batch_55_visual_plans_blueprint_static/63-41ABL.jpg,Проекты частных домов,,"Проект дома №63-41ABL: площадь 151,42 м², 1 этаж, габариты 13.3×14.96 м, материал стен — газобетон. На карточке показаны визуализация дома и планировки этажей. Сохраните идею и откройте проект, чтобы узнать подробности и актуальную стоимость.",https://catalog-plans.ru/catalog/63-41ABL?utm_source=pinterest&utm_medium=organic&utm_campaign=generated_visual_plans_blueprint_static_batch_55&utm_content=pin_10497_63-41ABL_plans&utm_term=proekty-domov-s-planirovkami,,"проект дома 63-41ABL, проект дома 151,42 м², планировка дома, планы этажей, готовый проект дома, визуализация дома, газобетон, catalog-plans.ru"
"Проект дома №40-44L площадью 223,35 м² с планировками",https://raw.githubusercontent.com/nemchenik/test/fe937d328767d7f39f4856e3b3ba9c2fd0a2ffaf/pinterest/generated_batch_55_visual_plans_blueprint_static/40-44L.jpg,Проекты частных домов,,"Проект дома №40-44L: площадь 223,35 м², 2 этажа, габариты 14.16×16.54 м, материал стен — кирпич. На карточке показаны визуализация дома и планировки этажей. Сохраните идею и откройте проект, чтобы узнать подробности и актуальную стоимость.",https://catalog-plans.ru/catalog/40-44L?utm_source=pinterest&utm_medium=organic&utm_campaign=generated_visual_plans_blueprint_static_batch_55&utm_content=pin_10498_40-44L_plans&utm_term=proekty-domov-s-planirovkami,,"проект дома 40-44L, проект дома 223,35 м², планировка дома, планы этажей, готовый проект дома, визуализация дома, кирпич, catalog-plans.ru"
"Проект дома №63-83 площадью 216,4 м² с планировками",https://raw.githubusercontent.com/nemchenik/test/fe937d328767d7f39f4856e3b3ba9c2fd0a2ffaf/pinterest/generated_batch_55_visual_plans_blueprint_static/63-83.jpg,Проекты частных домов,,"Проект дома №63-83: площадь 216,4 м², 2 этажа, габариты 11.9×11.9 м, материал стен — газобетон. На карточке показаны визуализация дома и планировки этажей. Сохраните идею и откройте проект, чтобы узнать подробности и актуальную стоимость.",https://catalog-plans.ru/catalog/63-83?utm_source=pinterest&utm_medium=organic&utm_campaign=generated_visual_plans_blueprint_static_batch_55&utm_content=pin_10499_63-83_plans&utm_term=proekty-domov-s-planirovkami,,"проект дома 63-83, проект дома 216,4 м², планировка дома, планы этажей, готовый проект дома, визуализация дома, газобетон, catalog-plans.ru"
"Проект дома №48-67L площадью 349,03 м² с планировками",https://raw.githubusercontent.com/nemchenik/test/fe937d328767d7f39f4856e3b3ba9c2fd0a2ffaf/pinterest/generated_batch_55_visual_plans_blueprint_static/48-67L.jpg,Проекты частных домов,,"Проект дома №48-67L: площадь 349,03 м², 2 этажа, габариты 19.88×18.17 м, материал стен — кирпич. На карточке показаны визуализация дома и планировки этажей. Сохраните идею и откройте проект, чтобы узнать подробности и актуальную стоимость.",https://catalog-plans.ru/catalog/48-67L?utm_source=pinterest&utm_medium=organic&utm_campaign=generated_visual_plans_blueprint_static_batch_55&utm_content=pin_10500_48-67L_plans&utm_term=proekty-domov-s-planirovkami,,"проект дома 48-67L, проект дома 349,03 м², планировка дома, планы этажей, готовый проект дома, визуализация дома, кирпич, catalog-plans.ru"
"Проект дома №58-06D площадью 420,52 м² с планировками",https://raw.githubusercontent.com/nemchenik/test/fe937d328767d7f39f4856e3b3ba9c2fd0a2ffaf/pinterest/generated_batch_55_visual_plans_blueprint_static/58-06D.jpg,Проекты частных домов,,"Проект дома №58-06D: площадь 420,52 м², 2 этажа, габариты 17.57×20.74 м, материал стен — газобетон. На карточке показаны визуализация дома и планировки этажей. Сохраните идею и откройте проект, чтобы узнать подробности и актуальную стоимость.",https://catalog-plans.ru/catalog/58-06D?utm_source=pinterest&utm_medium=organic&utm_campaign=generated_visual_plans_blueprint_static_batch_55&utm_content=pin_10501_58-06D_plans&utm_term=proekty-domov-s-planirovkami,,"проект дома 58-06D, проект дома 420,52 м², планировка дома, планы этажей, готовый проект дома, визуализация дома, газобетон, catalog-plans.ru"
"Проект дома №57-07A площадью 233,74 м² с планировками",https://raw.githubusercontent.com/nemchenik/test/fe937d328767d7f39f4856e3b3ba9c2fd0a2ffaf/pinterest/generated_batch_55_visual_plans_blueprint_static/57-07A.jpg,Проекты частных домов,,"Проект дома №57-07A: площадь 233,74 м², 2 этажа, габариты 8.45×10.85 м, материал стен — газобетон. На карточке показаны визуализация дома и планировки этажей. Сохраните идею и откройте проект, чтобы узнать подробности и актуальную стоимость.",https://catalog-plans.ru/catalog/57-07A?utm_source=pinterest&utm_medium=organic&utm_campaign=generated_visual_plans_blueprint_static_batch_55&utm_content=pin_10502_57-07A_plans&utm_term=proekty-domov-s-planirovkami,,"проект дома 57-07A, проект дома 233,74 м², планировка дома, планы этажей, готовый проект дома, визуализация дома, газобетон, catalog-plans.ru"
"Проект дома №45-64NEG площадью 243,55 м² с планировками",https://raw.githubusercontent.com/nemchenik/test/fe937d328767d7f39f4856e3b3ba9c2fd0a2ffaf/pinterest/generated_batch_55_visual_plans_blueprint_static/45-64NEG.jpg,Проекты частных домов,,"Проект дома №45-64NEG: площадь 243,55 м², 2 этажа, габариты 14.23×12.4 м, материал стен — газобетон. На карточке показаны визуализация дома и планировки этажей. Сохраните идею и откройте проект, чтобы узнать подробности и актуальную стоимость.",https://catalog-plans.ru/catalog/45-64NEG?utm_source=pinterest&utm_medium=organic&utm_campaign=generated_visual_plans_blueprint_static_batch_55&utm_content=pin_10503_45-64NEG_plans&utm_term=proekty-domov-s-planirovkami,,"проект дома 45-64NEG, проект дома 243,55 м², планировка дома, планы этажей, готовый проект дома, визуализация дома, газобетон, catalog-plans.ru"
Проект дома №30-47 площадью 312 м² с планировками,https://raw.githubusercontent.com/nemchenik/test/fe937d328767d7f39f4856e3b3ba9c2fd0a2ffaf/pinterest/generated_batch_55_visual_plans_blueprint_static/30-47.jpg,Проекты частных домов,,"Проект дома №30-47: площадь 312 м², 3 этажа, габариты 11.2×12 м, материал стен — газобетон. На карточке показаны визуализация дома и планировки этажей. Сохраните идею и откройте проект, чтобы узнать подробности и актуальную стоимость.",https://catalog-plans.ru/catalog/30-47?utm_source=pinterest&utm_medium=organic&utm_campaign=generated_visual_plans_blueprint_static_batch_55&utm_content=pin_10504_30-47_plans&utm_term=proekty-domov-s-planirovkami,,"проект дома 30-47, проект дома 312 м², планировка дома, планы этажей, готовый проект дома, визуализация дома, газобетон, catalog-plans.ru"
"Проект дома №57-80K площадью 233,2 м² с планировками",https://raw.githubusercontent.com/nemchenik/test/fe937d328767d7f39f4856e3b3ba9c2fd0a2ffaf/pinterest/generated_batch_55_visual_plans_blueprint_static/57-80K.jpg,Проекты частных домов,,"Проект дома №57-80K: площадь 233,2 м², 2 этажа, габариты 9.9×15.4 м, материал стен — кирпич. На карточке показаны визуализация дома и планировки этажей. Сохраните идею и откройте проект, чтобы узнать подробности и актуальную стоимость.",https://catalog-plans.ru/catalog/57-80K?utm_source=pinterest&utm_medium=organic&utm_campaign=generated_visual_plans_blueprint_static_batch_55&utm_content=pin_10505_57-80K_plans&utm_term=proekty-domov-s-planirovkami,,"проект дома 57-80K, проект дома 233,2 м², планировка дома, планы этажей, готовый проект дома, визуализация дома, кирпич, catalog-plans.ru"
"Проект дома №49-52 площадью 158,4 м² с планировками",https://raw.githubusercontent.com/nemchenik/test/fe937d328767d7f39f4856e3b3ba9c2fd0a2ffaf/pinterest/generated_batch_55_visual_plans_blueprint_static/49-52.jpg,Проекты частных домов,,"Проект дома №49-52: площадь 158,4 м², 2 этажа, габариты 6.86×28.8 м, материал стен — кирпич. На карточке показаны визуализация дома и планировки этажей. Сохраните идею и откройте проект, чтобы узнать подробности и актуальную стоимость.",https://catalog-plans.ru/catalog/49-52?utm_source=pinterest&utm_medium=organic&utm_campaign=generated_visual_plans_blueprint_static_batch_55&utm_content=pin_10506_49-52_plans&utm_term=proekty-domov-s-planirovkami,,"проект дома 49-52, проект дома 158,4 м², планировка дома, планы этажей, готовый проект дома, визуализация дома, кирпич, catalog-plans.ru"
"Проект дома №58-20L площадью 175,44 м² с планировками",https://raw.githubusercontent.com/nemchenik/test/fe937d328767d7f39f4856e3b3ba9c2fd0a2ffaf/pinterest/generated_batch_55_visual_plans_blueprint_static/58-20L.jpg,Проекты частных домов,,"Проект дома №58-20L: площадь 175,44 м², 2 этажа, габариты 11.06×11.53 м, материал стен — газобетон. На карточке показаны визуализация дома и планировки этажей. Сохраните идею и откройте проект, чтобы узнать подробности и актуальную стоимость.",https://catalog-plans.ru/catalog/58-20L?utm_source=pinterest&utm_medium=organic&utm_campaign=generated_visual_plans_blueprint_static_batch_55&utm_content=pin_10507_58-20L_plans&utm_term=proekty-domov-s-planirovkami,,"проект дома 58-20L, проект дома 175,44 м², планировка дома, планы этажей, готовый проект дома, визуализация дома, газобетон, catalog-plans.ru"
"Проект дома №63-05ABL площадью 137,81 м² с планировками",https://raw.githubusercontent.com/nemchenik/test/fe937d328767d7f39f4856e3b3ba9c2fd0a2ffaf/pinterest/generated_batch_55_visual_plans_blueprint_static/63-05ABL.jpg,Проекты частных домов,,"Проект дома №63-05ABL: площадь 137,81 м², 2 этажа, габариты 8.56×10.34 м, материал стен — газобетон. На карточке показаны визуализация дома и планировки этажей. Сохраните идею и откройте проект, чтобы узнать подробности и актуальную стоимость.",https://catalog-plans.ru/catalog/63-05ABL?utm_source=pinterest&utm_medium=organic&utm_campaign=generated_visual_plans_blueprint_static_batch_55&utm_content=pin_10508_63-05ABL_plans&utm_term=proekty-domov-s-planirovkami,,"проект дома 63-05ABL, проект дома 137,81 м², планировка дома, планы этажей, готовый проект дома, визуализация дома, газобетон, catalog-plans.ru"
"Проект дома №40-30G площадью 349,95 м² с планировками",https://raw.githubusercontent.com/nemchenik/test/fe937d328767d7f39f4856e3b3ba9c2fd0a2ffaf/pinterest/generated_batch_55_visual_plans_blueprint_static/40-30G.jpg,Проекты частных домов,,"Проект дома №40-30G: площадь 349,95 м², 2 этажа, габариты 15.26×18.16 м, материал стен — газобетон. На карточке показаны визуализация дома и планировки этажей. Сохраните идею и откройте проект, чтобы узнать подробности и актуальную стоимость.",https://catalog-plans.ru/catalog/40-30G?utm_source=pinterest&utm_medium=organic&utm_campaign=generated_visual_plans_blueprint_static_batch_55&utm_content=pin_10509_40-30G_plans&utm_term=proekty-domov-s-planirovkami,,"проект дома 40-30G, проект дома 349,95 м², планировка дома, планы этажей, готовый проект дома, визуализация дома, газобетон, catalog-plans.ru"
"Проект дома №65-51DK2 площадью 171,63 м² с планировками",https://raw.githubusercontent.com/nemchenik/test/fe937d328767d7f39f4856e3b3ba9c2fd0a2ffaf/pinterest/generated_batch_55_visual_plans_blueprint_static/65-51DK2.jpg,Проекты частных домов,,"Проект дома №65-51DK2: площадь 171,63 м², 1 этаж, габариты 14.18×22.53 м, материал стен — кирпич. На карточке показаны визуализация дома и планировки этажей. Сохраните идею и откройте проект, чтобы узнать подробности и актуальную стоимость.",https://catalog-plans.ru/catalog/65-51DK2?utm_source=pinterest&utm_medium=organic&utm_campaign=generated_visual_plans_blueprint_static_batch_55&utm_content=pin_10510_65-51DK2_plans&utm_term=proekty-domov-s-planirovkami,,"проект дома 65-51DK2, проект дома 171,63 м², планировка дома, планы этажей, готовый проект дома, визуализация дома, кирпич, catalog-plans.ru"
"Проект дома №40-09EX площадью 253,55 м² с планировками",https://raw.githubusercontent.com/nemchenik/test/fe937d328767d7f39f4856e3b3ba9c2fd0a2ffaf/pinterest/generated_batch_55_visual_plans_blueprint_static/40-09EX.jpg,Проекты частных домов,,"Проект дома №40-09EX: площадь 253,55 м², 2 этажа, габариты 13.2×15.46 м, материал стен — монолитный каркас. На карточке показаны визуализация дома и планировки этажей. Сохраните идею и откройте проект, чтобы узнать подробности и актуальную стоимость.",https://catalog-plans.ru/catalog/40-09EX?utm_source=pinterest&utm_medium=organic&utm_campaign=generated_visual_plans_blueprint_static_batch_55&utm_content=pin_10511_40-09EX_plans&utm_term=proekty-domov-s-planirovkami,,"проект дома 40-09EX, проект дома 253,55 м², планировка дома, планы этажей, готовый проект дома, визуализация дома, монолитный каркас, catalog-plans.ru"
