Title,Media URL,Pinterest board,Thumbnail,Description,Link,Publish date,Keywords
"Проект дома №46-22AGLW площадью 121,7 м² с планировками",https://raw.githubusercontent.com/nemchenik/test/fe937d328767d7f39f4856e3b3ba9c2fd0a2ffaf/pinterest/generated_batch_54_visual_plans_editorial_static/46-22AGLW.jpg,Проекты частных домов,,"Проект дома №46-22AGLW: площадь 121,7 м², 1 этаж, габариты 11.52×14.02 м, материал стен — газобетон. На карточке показаны визуализация дома и планировки этажей. Сохраните идею и откройте проект, чтобы узнать подробности и актуальную стоимость.",https://catalog-plans.ru/catalog/46-22AGLW?utm_source=pinterest&utm_medium=organic&utm_campaign=generated_visual_plans_editorial_static_batch_54&utm_content=pin_10112_46-22AGLW_plans&utm_term=proekty-domov-s-planirovkami,,"проект дома 46-22AGLW, проект дома 121,7 м², планировка дома, планы этажей, готовый проект дома, визуализация дома, газобетон, catalog-plans.ru"
"Проект дома №57-66K площадью 273,85 м² с планировками",https://raw.githubusercontent.com/nemchenik/test/fe937d328767d7f39f4856e3b3ba9c2fd0a2ffaf/pinterest/generated_batch_54_visual_plans_editorial_static/57-66K.jpg,Проекты частных домов,,"Проект дома №57-66K: площадь 273,85 м², 2 этажа, габариты 10.78×12.5 м, материал стен — кирпич. На карточке показаны визуализация дома и планировки этажей. Сохраните идею и откройте проект, чтобы узнать подробности и актуальную стоимость.",https://catalog-plans.ru/catalog/57-66K?utm_source=pinterest&utm_medium=organic&utm_campaign=generated_visual_plans_editorial_static_batch_54&utm_content=pin_10113_57-66K_plans&utm_term=proekty-domov-s-planirovkami,,"проект дома 57-66K, проект дома 273,85 м², планировка дома, планы этажей, готовый проект дома, визуализация дома, кирпич, catalog-plans.ru"
"Проект дома №62-39D площадью 161,66 м² с планировками",https://raw.githubusercontent.com/nemchenik/test/fe937d328767d7f39f4856e3b3ba9c2fd0a2ffaf/pinterest/generated_batch_54_visual_plans_editorial_static/62-39D.jpg,Проекты частных домов,,"Проект дома №62-39D: площадь 161,66 м², 1 этаж, габариты 14.05×15.1 м, материал стен — газобетон. На карточке показаны визуализация дома и планировки этажей. Сохраните идею и откройте проект, чтобы узнать подробности и актуальную стоимость.",https://catalog-plans.ru/catalog/62-39D?utm_source=pinterest&utm_medium=organic&utm_campaign=generated_visual_plans_editorial_static_batch_54&utm_content=pin_10114_62-39D_plans&utm_term=proekty-domov-s-planirovkami,,"проект дома 62-39D, проект дома 161,66 м², планировка дома, планы этажей, готовый проект дома, визуализация дома, газобетон, catalog-plans.ru"
"Проект дома №46-08AHKL площадью 420,12 м² с планировками",https://raw.githubusercontent.com/nemchenik/test/fe937d328767d7f39f4856e3b3ba9c2fd0a2ffaf/pinterest/generated_batch_54_visual_plans_editorial_static/46-08AHKL.jpg,Проекты частных домов,,"Проект дома №46-08AHKL: площадь 420,12 м², 2 этажа, габариты 14.67×17.2 м, материал стен — кирпич. На карточке показаны визуализация дома и планировки этажей. Сохраните идею и откройте проект, чтобы узнать подробности и актуальную стоимость.",https://catalog-plans.ru/catalog/46-08AHKL?utm_source=pinterest&utm_medium=organic&utm_campaign=generated_visual_plans_editorial_static_batch_54&utm_content=pin_10115_46-08AHKL_plans&utm_term=proekty-domov-s-planirovkami,,"проект дома 46-08AHKL, проект дома 420,12 м², планировка дома, планы этажей, готовый проект дома, визуализация дома, кирпич, catalog-plans.ru"
"Проект дома №58-31L площадью 208,73 м² с планировками",https://raw.githubusercontent.com/nemchenik/test/fe937d328767d7f39f4856e3b3ba9c2fd0a2ffaf/pinterest/generated_batch_54_visual_plans_editorial_static/58-31L.jpg,Проекты частных домов,,"Проект дома №58-31L: площадь 208,73 м², 2 этажа, габариты 13.86×13.86 м, материал стен — газобетон. На карточке показаны визуализация дома и планировки этажей. Сохраните идею и откройте проект, чтобы узнать подробности и актуальную стоимость.",https://catalog-plans.ru/catalog/58-31L?utm_source=pinterest&utm_medium=organic&utm_campaign=generated_visual_plans_editorial_static_batch_54&utm_content=pin_10116_58-31L_plans&utm_term=proekty-domov-s-planirovkami,,"проект дома 58-31L, проект дома 208,73 м², планировка дома, планы этажей, готовый проект дома, визуализация дома, газобетон, catalog-plans.ru"
"Проект дома №68-89 площадью 135,24 м² с планировками",https://raw.githubusercontent.com/nemchenik/test/fe937d328767d7f39f4856e3b3ba9c2fd0a2ffaf/pinterest/generated_batch_54_visual_plans_editorial_static/68-89.jpg,Проекты частных домов,,"Проект дома №68-89: площадь 135,24 м², 1 этаж, габариты 11.4×17.62 м, материал стен — газобетон. На карточке показаны визуализация дома и планировки этажей. Сохраните идею и откройте проект, чтобы узнать подробности и актуальную стоимость.",https://catalog-plans.ru/catalog/68-89?utm_source=pinterest&utm_medium=organic&utm_campaign=generated_visual_plans_editorial_static_batch_54&utm_content=pin_10117_68-89_plans&utm_term=proekty-domov-s-planirovkami,,"проект дома 68-89, проект дома 135,24 м², планировка дома, планы этажей, готовый проект дома, визуализация дома, газобетон, catalog-plans.ru"
"Проект дома №48-24DEAGL площадью 336,8 м² с планировками",https://raw.githubusercontent.com/nemchenik/test/fe937d328767d7f39f4856e3b3ba9c2fd0a2ffaf/pinterest/generated_batch_54_visual_plans_editorial_static/48-24DEAGL.jpg,Проекты частных домов,,"Проект дома №48-24DEAGL: площадь 336,8 м², 2 этажа, габариты 15.74×21.02 м, материал стен — газобетон. На карточке показаны визуализация дома и планировки этажей. Сохраните идею и откройте проект, чтобы узнать подробности и актуальную стоимость.",https://catalog-plans.ru/catalog/48-24DEAGL?utm_source=pinterest&utm_medium=organic&utm_campaign=generated_visual_plans_editorial_static_batch_54&utm_content=pin_10118_48-24DEAGL_plans&utm_term=proekty-domov-s-planirovkami,,"проект дома 48-24DEAGL, проект дома 336,8 м², планировка дома, планы этажей, готовый проект дома, визуализация дома, газобетон, catalog-plans.ru"
"Проект дома №31-75 площадью 590,9 м² с планировками",https://raw.githubusercontent.com/nemchenik/test/fe937d328767d7f39f4856e3b3ba9c2fd0a2ffaf/pinterest/generated_batch_54_visual_plans_editorial_static/31-75.jpg,Проекты частных домов,,"Проект дома №31-75: площадь 590,9 м², 3 этажа, габариты 11.22×13.31 м, материал стен — кирпич. На карточке показаны визуализация дома и планировки этажей. Сохраните идею и откройте проект, чтобы узнать подробности и актуальную стоимость.",https://catalog-plans.ru/catalog/31-75?utm_source=pinterest&utm_medium=organic&utm_campaign=generated_visual_plans_editorial_static_batch_54&utm_content=pin_10119_31-75_plans&utm_term=proekty-domov-s-planirovkami,,"проект дома 31-75, проект дома 590,9 м², планировка дома, планы этажей, готовый проект дома, визуализация дома, кирпич, catalog-plans.ru"
"Проект дома №36-17 площадью 394,7 м² с планировками",https://raw.githubusercontent.com/nemchenik/test/fe937d328767d7f39f4856e3b3ba9c2fd0a2ffaf/pinterest/generated_batch_54_visual_plans_editorial_static/36-17.jpg,Проекты частных домов,,"Проект дома №36-17: площадь 394,7 м², 2 этажа, габариты 13.64×14.4 м, материал стен — кирпич. На карточке показаны визуализация дома и планировки этажей. Сохраните идею и откройте проект, чтобы узнать подробности и актуальную стоимость.",https://catalog-plans.ru/catalog/36-17?utm_source=pinterest&utm_medium=organic&utm_campaign=generated_visual_plans_editorial_static_batch_54&utm_content=pin_10120_36-17_plans&utm_term=proekty-domov-s-planirovkami,,"проект дома 36-17, проект дома 394,7 м², планировка дома, планы этажей, готовый проект дома, визуализация дома, кирпич, catalog-plans.ru"
"Проект дома №50-20 площадью 194,2 м² с планировками",https://raw.githubusercontent.com/nemchenik/test/fe937d328767d7f39f4856e3b3ba9c2fd0a2ffaf/pinterest/generated_batch_54_visual_plans_editorial_static/50-20.jpg,Проекты частных домов,,"Проект дома №50-20: площадь 194,2 м², 2 этажа, габариты 9.4×16.7 м, материал стен — газобетон. На карточке показаны визуализация дома и планировки этажей. Сохраните идею и откройте проект, чтобы узнать подробности и актуальную стоимость.",https://catalog-plans.ru/catalog/50-20?utm_source=pinterest&utm_medium=organic&utm_campaign=generated_visual_plans_editorial_static_batch_54&utm_content=pin_10121_50-20_plans&utm_term=proekty-domov-s-planirovkami,,"проект дома 50-20, проект дома 194,2 м², планировка дома, планы этажей, готовый проект дома, визуализация дома, газобетон, catalog-plans.ru"
"Проект дома №46-08NK1L площадью 327,45 м² с планировками",https://raw.githubusercontent.com/nemchenik/test/fe937d328767d7f39f4856e3b3ba9c2fd0a2ffaf/pinterest/generated_batch_54_visual_plans_editorial_static/46-08NK1L.jpg,Проекты частных домов,,"Проект дома №46-08NK1L: площадь 327,45 м², 2 этажа, габариты 14.16×21.96 м, материал стен — кирпич. На карточке показаны визуализация дома и планировки этажей. Сохраните идею и откройте проект, чтобы узнать подробности и актуальную стоимость.",https://catalog-plans.ru/catalog/46-08NK1L?utm_source=pinterest&utm_medium=organic&utm_campaign=generated_visual_plans_editorial_static_batch_54&utm_content=pin_10122_46-08NK1L_plans&utm_term=proekty-domov-s-planirovkami,,"проект дома 46-08NK1L, проект дома 327,45 м², планировка дома, планы этажей, готовый проект дома, визуализация дома, кирпич, catalog-plans.ru"
"Проект дома №57-07HA площадью 102,84 м² с планировками",https://raw.githubusercontent.com/nemchenik/test/fe937d328767d7f39f4856e3b3ba9c2fd0a2ffaf/pinterest/generated_batch_54_visual_plans_editorial_static/57-07HA.jpg,Проекты частных домов,,"Проект дома №57-07HA: площадь 102,84 м², 2 этажа, габариты 8×10 м, материал стен — газобетон. На карточке показаны визуализация дома и планировки этажей. Сохраните идею и откройте проект, чтобы узнать подробности и актуальную стоимость.",https://catalog-plans.ru/catalog/57-07HA?utm_source=pinterest&utm_medium=organic&utm_campaign=generated_visual_plans_editorial_static_batch_54&utm_content=pin_10123_57-07HA_plans&utm_term=proekty-domov-s-planirovkami,,"проект дома 57-07HA, проект дома 102,84 м², планировка дома, планы этажей, готовый проект дома, визуализация дома, газобетон, catalog-plans.ru"
Проект дома №75-14 площадью 155 м² с планировками,https://raw.githubusercontent.com/nemchenik/test/fe937d328767d7f39f4856e3b3ba9c2fd0a2ffaf/pinterest/generated_batch_54_visual_plans_editorial_static/75-14.jpg,Проекты частных домов,,"Проект дома №75-14: площадь 155 м², 2 этажа, габариты 9.7×14.5 м, материал стен — газобетон. На карточке показаны визуализация дома и планировки этажей. Сохраните идею и откройте проект, чтобы узнать подробности и актуальную стоимость.",https://catalog-plans.ru/catalog/75-14?utm_source=pinterest&utm_medium=organic&utm_campaign=generated_visual_plans_editorial_static_batch_54&utm_content=pin_10124_75-14_plans&utm_term=proekty-domov-s-planirovkami,,"проект дома 75-14, проект дома 155 м², планировка дома, планы этажей, готовый проект дома, визуализация дома, газобетон, catalog-plans.ru"
"Проект дома №31-63 площадью 274,8 м² с планировками",https://raw.githubusercontent.com/nemchenik/test/fe937d328767d7f39f4856e3b3ba9c2fd0a2ffaf/pinterest/generated_batch_54_visual_plans_editorial_static/31-63.jpg,Проекты частных домов,,"Проект дома №31-63: площадь 274,8 м², 2 этажа, габариты 14×16.45 м, материал стен — кирпич. На карточке показаны визуализация дома и планировки этажей. Сохраните идею и откройте проект, чтобы узнать подробности и актуальную стоимость.",https://catalog-plans.ru/catalog/31-63?utm_source=pinterest&utm_medium=organic&utm_campaign=generated_visual_plans_editorial_static_batch_54&utm_content=pin_10125_31-63_plans&utm_term=proekty-domov-s-planirovkami,,"проект дома 31-63, проект дома 274,8 м², планировка дома, планы этажей, готовый проект дома, визуализация дома, кирпич, catalog-plans.ru"
"Проект дома №48-29KL1 площадью 300,78 м² с планировками",https://raw.githubusercontent.com/nemchenik/test/fe937d328767d7f39f4856e3b3ba9c2fd0a2ffaf/pinterest/generated_batch_54_visual_plans_editorial_static/48-29KL1.jpg,Проекты частных домов,,"Проект дома №48-29KL1: площадь 300,78 м², 2 этажа, габариты 13.76×25 м, материал стен — кирпич. На карточке показаны визуализация дома и планировки этажей. Сохраните идею и откройте проект, чтобы узнать подробности и актуальную стоимость.",https://catalog-plans.ru/catalog/48-29KL1?utm_source=pinterest&utm_medium=organic&utm_campaign=generated_visual_plans_editorial_static_batch_54&utm_content=pin_10126_48-29KL1_plans&utm_term=proekty-domov-s-planirovkami,,"проект дома 48-29KL1, проект дома 300,78 м², планировка дома, планы этажей, готовый проект дома, визуализация дома, кирпич, catalog-plans.ru"
"Проект дома №46-40L площадью 121,18 м² с планировками",https://raw.githubusercontent.com/nemchenik/test/fe937d328767d7f39f4856e3b3ba9c2fd0a2ffaf/pinterest/generated_batch_54_visual_plans_editorial_static/46-40L.jpg,Проекты частных домов,,"Проект дома №46-40L: площадь 121,18 м², 1 этаж, габариты 12.08×16.37 м, материал стен — кирпич. На карточке показаны визуализация дома и планировки этажей. Сохраните идею и откройте проект, чтобы узнать подробности и актуальную стоимость.",https://catalog-plans.ru/catalog/46-40L?utm_source=pinterest&utm_medium=organic&utm_campaign=generated_visual_plans_editorial_static_batch_54&utm_content=pin_10127_46-40L_plans&utm_term=proekty-domov-s-planirovkami,,"проект дома 46-40L, проект дома 121,18 м², планировка дома, планы этажей, готовый проект дома, визуализация дома, кирпич, catalog-plans.ru"
"Проект дома №46-26L площадью 290,16 м² с планировками",https://raw.githubusercontent.com/nemchenik/test/fe937d328767d7f39f4856e3b3ba9c2fd0a2ffaf/pinterest/generated_batch_54_visual_plans_editorial_static/46-26L.jpg,Проекты частных домов,,"Проект дома №46-26L: площадь 290,16 м², 2 этажа, габариты 12.52×22.67 м, материал стен — кирпич. На карточке показаны визуализация дома и планировки этажей. Сохраните идею и откройте проект, чтобы узнать подробности и актуальную стоимость.",https://catalog-plans.ru/catalog/46-26L?utm_source=pinterest&utm_medium=organic&utm_campaign=generated_visual_plans_editorial_static_batch_54&utm_content=pin_10128_46-26L_plans&utm_term=proekty-domov-s-planirovkami,,"проект дома 46-26L, проект дома 290,16 м², планировка дома, планы этажей, готовый проект дома, визуализация дома, кирпич, catalog-plans.ru"
"Проект дома №57-20ML площадью 197,81 м² с планировками",https://raw.githubusercontent.com/nemchenik/test/fe937d328767d7f39f4856e3b3ba9c2fd0a2ffaf/pinterest/generated_batch_54_visual_plans_editorial_static/57-20ML.jpg,Проекты частных домов,,"Проект дома №57-20ML: площадь 197,81 м², 2 этажа, габариты 11.54×13.26 м, материал стен — газобетон. На карточке показаны визуализация дома и планировки этажей. Сохраните идею и откройте проект, чтобы узнать подробности и актуальную стоимость.",https://catalog-plans.ru/catalog/57-20ML?utm_source=pinterest&utm_medium=organic&utm_campaign=generated_visual_plans_editorial_static_batch_54&utm_content=pin_10129_57-20ML_plans&utm_term=proekty-domov-s-planirovkami,,"проект дома 57-20ML, проект дома 197,81 м², планировка дома, планы этажей, готовый проект дома, визуализация дома, газобетон, catalog-plans.ru"
"Проект дома №62-38I площадью 235,69 м² с планировками",https://raw.githubusercontent.com/nemchenik/test/fe937d328767d7f39f4856e3b3ba9c2fd0a2ffaf/pinterest/generated_batch_54_visual_plans_editorial_static/62-38I.jpg,Проекты частных домов,,"Проект дома №62-38I: площадь 235,69 м², 2 этажа, габариты 13.1×18.9 м, материал стен — газобетон. На карточке показаны визуализация дома и планировки этажей. Сохраните идею и откройте проект, чтобы узнать подробности и актуальную стоимость.",https://catalog-plans.ru/catalog/62-38I?utm_source=pinterest&utm_medium=organic&utm_campaign=generated_visual_plans_editorial_static_batch_54&utm_content=pin_10130_62-38I_plans&utm_term=proekty-domov-s-planirovkami,,"проект дома 62-38I, проект дома 235,69 м², планировка дома, планы этажей, готовый проект дома, визуализация дома, газобетон, catalog-plans.ru"
"Проект дома №72-21 площадью 130,6 м² с планировками",https://raw.githubusercontent.com/nemchenik/test/fe937d328767d7f39f4856e3b3ba9c2fd0a2ffaf/pinterest/generated_batch_54_visual_plans_editorial_static/72-21.jpg,Проекты частных домов,,"Проект дома №72-21: площадь 130,6 м², 2 этажа, габариты 10.02×11.2 м, материал стен — газобетон. На карточке показаны визуализация дома и планировки этажей. Сохраните идею и откройте проект, чтобы узнать подробности и актуальную стоимость.",https://catalog-plans.ru/catalog/72-21?utm_source=pinterest&utm_medium=organic&utm_campaign=generated_visual_plans_editorial_static_batch_54&utm_content=pin_10131_72-21_plans&utm_term=proekty-domov-s-planirovkami,,"проект дома 72-21, проект дома 130,6 м², планировка дома, планы этажей, готовый проект дома, визуализация дома, газобетон, catalog-plans.ru"
"Проект дома №58-70WEL площадью 158,7 м² с планировками",https://raw.githubusercontent.com/nemchenik/test/fe937d328767d7f39f4856e3b3ba9c2fd0a2ffaf/pinterest/generated_batch_54_visual_plans_editorial_static/58-70WEL.jpg,Проекты частных домов,,"Проект дома №58-70WEL: площадь 158,7 м², 2 этажа, габариты 12.5×13.35 м, материал стен — газобетон. На карточке показаны визуализация дома и планировки этажей. Сохраните идею и откройте проект, чтобы узнать подробности и актуальную стоимость.",https://catalog-plans.ru/catalog/58-70WEL?utm_source=pinterest&utm_medium=organic&utm_campaign=generated_visual_plans_editorial_static_batch_54&utm_content=pin_10132_58-70WEL_plans&utm_term=proekty-domov-s-planirovkami,,"проект дома 58-70WEL, проект дома 158,7 м², планировка дома, планы этажей, готовый проект дома, визуализация дома, газобетон, catalog-plans.ru"
"Проект дома №58-87FBKL площадью 351,89 м² с планировками",https://raw.githubusercontent.com/nemchenik/test/fe937d328767d7f39f4856e3b3ba9c2fd0a2ffaf/pinterest/generated_batch_54_visual_plans_editorial_static/58-87FBKL.jpg,Проекты частных домов,,"Проект дома №58-87FBKL: площадь 351,89 м², 2 этажа, габариты 11.98×13.79 м, материал стен — кирпич. На карточке показаны визуализация дома и планировки этажей. Сохраните идею и откройте проект, чтобы узнать подробности и актуальную стоимость.",https://catalog-plans.ru/catalog/58-87FBKL?utm_source=pinterest&utm_medium=organic&utm_campaign=generated_visual_plans_editorial_static_batch_54&utm_content=pin_10133_58-87FBKL_plans&utm_term=proekty-domov-s-planirovkami,,"проект дома 58-87FBKL, проект дома 351,89 м², планировка дома, планы этажей, готовый проект дома, визуализация дома, кирпич, catalog-plans.ru"
"Проект дома №50-10 площадью 228,9 м² с планировками",https://raw.githubusercontent.com/nemchenik/test/fe937d328767d7f39f4856e3b3ba9c2fd0a2ffaf/pinterest/generated_batch_54_visual_plans_editorial_static/50-10.jpg,Проекты частных домов,,"Проект дома №50-10: площадь 228,9 м², 2 этажа, габариты 9.5×15.4 м, материал стен — бетонные камни. На карточке показаны визуализация дома и планировки этажей. Сохраните идею и откройте проект, чтобы узнать подробности и актуальную стоимость.",https://catalog-plans.ru/catalog/50-10?utm_source=pinterest&utm_medium=organic&utm_campaign=generated_visual_plans_editorial_static_batch_54&utm_content=pin_10134_50-10_plans&utm_term=proekty-domov-s-planirovkami,,"проект дома 50-10, проект дома 228,9 м², планировка дома, планы этажей, готовый проект дома, визуализация дома, бетонные камни, catalog-plans.ru"
Проект дома №59-55 площадью 156 м² с планировками,https://raw.githubusercontent.com/nemchenik/test/fe937d328767d7f39f4856e3b3ba9c2fd0a2ffaf/pinterest/generated_batch_54_visual_plans_editorial_static/59-55.jpg,Проекты частных домов,,"Проект дома №59-55: площадь 156 м², 2 этажа, габариты 9.4×9.4 м, материал стен — газобетон. На карточке показаны визуализация дома и планировки этажей. Сохраните идею и откройте проект, чтобы узнать подробности и актуальную стоимость.",https://catalog-plans.ru/catalog/59-55?utm_source=pinterest&utm_medium=organic&utm_campaign=generated_visual_plans_editorial_static_batch_54&utm_content=pin_10135_59-55_plans&utm_term=proekty-domov-s-planirovkami,,"проект дома 59-55, проект дома 156 м², планировка дома, планы этажей, готовый проект дома, визуализация дома, газобетон, catalog-plans.ru"
"Проект дома №48-29CDGL площадью 468,58 м² с планировками",https://raw.githubusercontent.com/nemchenik/test/fe937d328767d7f39f4856e3b3ba9c2fd0a2ffaf/pinterest/generated_batch_54_visual_plans_editorial_static/48-29CDGL.jpg,Проекты частных домов,,"Проект дома №48-29CDGL: площадь 468,58 м², 2 этажа, габариты 14.04×24.6 м, материал стен — газобетон. На карточке показаны визуализация дома и планировки этажей. Сохраните идею и откройте проект, чтобы узнать подробности и актуальную стоимость.",https://catalog-plans.ru/catalog/48-29CDGL?utm_source=pinterest&utm_medium=organic&utm_campaign=generated_visual_plans_editorial_static_batch_54&utm_content=pin_10136_48-29CDGL_plans&utm_term=proekty-domov-s-planirovkami,,"проект дома 48-29CDGL, проект дома 468,58 м², планировка дома, планы этажей, готовый проект дома, визуализация дома, газобетон, catalog-plans.ru"
"Проект дома №49-59 площадью 171,2 м² с планировками",https://raw.githubusercontent.com/nemchenik/test/fe937d328767d7f39f4856e3b3ba9c2fd0a2ffaf/pinterest/generated_batch_54_visual_plans_editorial_static/49-59.jpg,Проекты частных домов,,"Проект дома №49-59: площадь 171,2 м², 2 этажа, габариты 11.84×11.94 м, материал стен — кирпич. На карточке показаны визуализация дома и планировки этажей. Сохраните идею и откройте проект, чтобы узнать подробности и актуальную стоимость.",https://catalog-plans.ru/catalog/49-59?utm_source=pinterest&utm_medium=organic&utm_campaign=generated_visual_plans_editorial_static_batch_54&utm_content=pin_10137_49-59_plans&utm_term=proekty-domov-s-planirovkami,,"проект дома 49-59, проект дома 171,2 м², планировка дома, планы этажей, готовый проект дома, визуализация дома, кирпич, catalog-plans.ru"
"Проект дома №33-17 площадью 131,4 м² с планировками",https://raw.githubusercontent.com/nemchenik/test/fe937d328767d7f39f4856e3b3ba9c2fd0a2ffaf/pinterest/generated_batch_54_visual_plans_editorial_static/33-17.jpg,Проекты частных домов,,"Проект дома №33-17: площадь 131,4 м², 2 этажа, габариты 8.4×11 м, материал стен — кирпич. На карточке показаны визуализация дома и планировки этажей. Сохраните идею и откройте проект, чтобы узнать подробности и актуальную стоимость.",https://catalog-plans.ru/catalog/33-17?utm_source=pinterest&utm_medium=organic&utm_campaign=generated_visual_plans_editorial_static_batch_54&utm_content=pin_10138_33-17_plans&utm_term=proekty-domov-s-planirovkami,,"проект дома 33-17, проект дома 131,4 м², планировка дома, планы этажей, готовый проект дома, визуализация дома, кирпич, catalog-plans.ru"
"Проект дома №33-44 площадью 414,8 м² с планировками",https://raw.githubusercontent.com/nemchenik/test/fe937d328767d7f39f4856e3b3ba9c2fd0a2ffaf/pinterest/generated_batch_54_visual_plans_editorial_static/33-44.jpg,Проекты частных домов,,"Проект дома №33-44: площадь 414,8 м², 2 этажа, габариты 14.6×20.88 м, материал стен — керамзитобетон. На карточке показаны визуализация дома и планировки этажей. Сохраните идею и откройте проект, чтобы узнать подробности и актуальную стоимость.",https://catalog-plans.ru/catalog/33-44?utm_source=pinterest&utm_medium=organic&utm_campaign=generated_visual_plans_editorial_static_batch_54&utm_content=pin_10139_33-44_plans&utm_term=proekty-domov-s-planirovkami,,"проект дома 33-44, проект дома 414,8 м², планировка дома, планы этажей, готовый проект дома, визуализация дома, керамзитобетон, catalog-plans.ru"
"Проект дома №59-93EDK3L площадью 184,25 м² с планировками",https://raw.githubusercontent.com/nemchenik/test/fe937d328767d7f39f4856e3b3ba9c2fd0a2ffaf/pinterest/generated_batch_54_visual_plans_editorial_static/59-93EDK3L.jpg,Проекты частных домов,,"Проект дома №59-93EDK3L: площадь 184,25 м², 2 этажа, габариты 10.75×13.16 м, материал стен — кирпич. На карточке показаны визуализация дома и планировки этажей. Сохраните идею и откройте проект, чтобы узнать подробности и актуальную стоимость.",https://catalog-plans.ru/catalog/59-93EDK3L?utm_source=pinterest&utm_medium=organic&utm_campaign=generated_visual_plans_editorial_static_batch_54&utm_content=pin_10140_59-93EDK3L_plans&utm_term=proekty-domov-s-planirovkami,,"проект дома 59-93EDK3L, проект дома 184,25 м², планировка дома, планы этажей, готовый проект дома, визуализация дома, кирпич, catalog-plans.ru"
"Проект дома №65-74 площадью 62,55 м² с планировками",https://raw.githubusercontent.com/nemchenik/test/fe937d328767d7f39f4856e3b3ba9c2fd0a2ffaf/pinterest/generated_batch_54_visual_plans_editorial_static/65-74.jpg,Проекты частных домов,,"Проект дома №65-74: площадь 62,55 м², 1 этаж, габариты 7.76×12.76 м, материал стен — газобетон. На карточке показаны визуализация дома и планировки этажей. Сохраните идею и откройте проект, чтобы узнать подробности и актуальную стоимость.",https://catalog-plans.ru/catalog/65-74?utm_source=pinterest&utm_medium=organic&utm_campaign=generated_visual_plans_editorial_static_batch_54&utm_content=pin_10141_65-74_plans&utm_term=proekty-domov-s-planirovkami,,"проект дома 65-74, проект дома 62,55 м², планировка дома, планы этажей, готовый проект дома, визуализация дома, газобетон, catalog-plans.ru"
"Проект дома №40-34K2L площадью 319,18 м² с планировками",https://raw.githubusercontent.com/nemchenik/test/fe937d328767d7f39f4856e3b3ba9c2fd0a2ffaf/pinterest/generated_batch_54_visual_plans_editorial_static/40-34K2L.jpg,Проекты частных домов,,"Проект дома №40-34K2L: площадь 319,18 м², 2 этажа, габариты 12.75×16.51 м, материал стен — кирпич. На карточке показаны визуализация дома и планировки этажей. Сохраните идею и откройте проект, чтобы узнать подробности и актуальную стоимость.",https://catalog-plans.ru/catalog/40-34K2L?utm_source=pinterest&utm_medium=organic&utm_campaign=generated_visual_plans_editorial_static_batch_54&utm_content=pin_10142_40-34K2L_plans&utm_term=proekty-domov-s-planirovkami,,"проект дома 40-34K2L, проект дома 319,18 м², планировка дома, планы этажей, готовый проект дома, визуализация дома, кирпич, catalog-plans.ru"
"Проект дома №48-09 площадью 218,7 м² с планировками",https://raw.githubusercontent.com/nemchenik/test/fe937d328767d7f39f4856e3b3ba9c2fd0a2ffaf/pinterest/generated_batch_54_visual_plans_editorial_static/48-09.jpg,Проекты частных домов,,"Проект дома №48-09: площадь 218,7 м², 2 этажа, габариты 11.4×14.58 м, материал стен — газобетон. На карточке показаны визуализация дома и планировки этажей. Сохраните идею и откройте проект, чтобы узнать подробности и актуальную стоимость.",https://catalog-plans.ru/catalog/48-09?utm_source=pinterest&utm_medium=organic&utm_campaign=generated_visual_plans_editorial_static_batch_54&utm_content=pin_10143_48-09_plans&utm_term=proekty-domov-s-planirovkami,,"проект дома 48-09, проект дома 218,7 м², планировка дома, планы этажей, готовый проект дома, визуализация дома, газобетон, catalog-plans.ru"
"Проект дома №60-43 площадью 204,1 м² с планировками",https://raw.githubusercontent.com/nemchenik/test/fe937d328767d7f39f4856e3b3ba9c2fd0a2ffaf/pinterest/generated_batch_54_visual_plans_editorial_static/60-43.jpg,Проекты частных домов,,"Проект дома №60-43: площадь 204,1 м², 2 этажа, габариты 11.4×15.6 м, материал стен — кирпич. На карточке показаны визуализация дома и планировки этажей. Сохраните идею и откройте проект, чтобы узнать подробности и актуальную стоимость.",https://catalog-plans.ru/catalog/60-43?utm_source=pinterest&utm_medium=organic&utm_campaign=generated_visual_plans_editorial_static_batch_54&utm_content=pin_10144_60-43_plans&utm_term=proekty-domov-s-planirovkami,,"проект дома 60-43, проект дома 204,1 м², планировка дома, планы этажей, готовый проект дома, визуализация дома, кирпич, catalog-plans.ru"
"Проект дома №60-52 площадью 199,3 м² с планировками",https://raw.githubusercontent.com/nemchenik/test/fe937d328767d7f39f4856e3b3ba9c2fd0a2ffaf/pinterest/generated_batch_54_visual_plans_editorial_static/60-52.jpg,Проекты частных домов,,"Проект дома №60-52: площадь 199,3 м², 2 этажа, габариты 13.24×13.48 м, материал стен — газобетон. На карточке показаны визуализация дома и планировки этажей. Сохраните идею и откройте проект, чтобы узнать подробности и актуальную стоимость.",https://catalog-plans.ru/catalog/60-52?utm_source=pinterest&utm_medium=organic&utm_campaign=generated_visual_plans_editorial_static_batch_54&utm_content=pin_10145_60-52_plans&utm_term=proekty-domov-s-planirovkami,,"проект дома 60-52, проект дома 199,3 м², планировка дома, планы этажей, готовый проект дома, визуализация дома, газобетон, catalog-plans.ru"
"Проект дома №40-11TK площадью 259,69 м² с планировками",https://raw.githubusercontent.com/nemchenik/test/fe937d328767d7f39f4856e3b3ba9c2fd0a2ffaf/pinterest/generated_batch_54_visual_plans_editorial_static/40-11TK.jpg,Проекты частных домов,,"Проект дома №40-11TK: площадь 259,69 м², 3 этажа, габариты 13.86×15.81 м, материал стен — керамзитобетон. На карточке показаны визуализация дома и планировки этажей. Сохраните идею и откройте проект, чтобы узнать подробности и актуальную стоимость.",https://catalog-plans.ru/catalog/40-11TK?utm_source=pinterest&utm_medium=organic&utm_campaign=generated_visual_plans_editorial_static_batch_54&utm_content=pin_10146_40-11TK_plans&utm_term=proekty-domov-s-planirovkami,,"проект дома 40-11TK, проект дома 259,69 м², планировка дома, планы этажей, готовый проект дома, визуализация дома, керамзитобетон, catalog-plans.ru"
"Проект дома №45-12 площадью 330,22 м² с планировками",https://raw.githubusercontent.com/nemchenik/test/fe937d328767d7f39f4856e3b3ba9c2fd0a2ffaf/pinterest/generated_batch_54_visual_plans_editorial_static/45-12.jpg,Проекты частных домов,,"Проект дома №45-12: площадь 330,22 м², 2 этажа, габариты 13.47×15.57 м, материал стен — кирпич. На карточке показаны визуализация дома и планировки этажей. Сохраните идею и откройте проект, чтобы узнать подробности и актуальную стоимость.",https://catalog-plans.ru/catalog/45-12?utm_source=pinterest&utm_medium=organic&utm_campaign=generated_visual_plans_editorial_static_batch_54&utm_content=pin_10147_45-12_plans&utm_term=proekty-domov-s-planirovkami,,"проект дома 45-12, проект дома 330,22 м², планировка дома, планы этажей, готовый проект дома, визуализация дома, кирпич, catalog-plans.ru"
"Проект дома №62-38WM площадью 242,44 м² с планировками",https://raw.githubusercontent.com/nemchenik/test/fe937d328767d7f39f4856e3b3ba9c2fd0a2ffaf/pinterest/generated_batch_54_visual_plans_editorial_static/62-38WM.jpg,Проекты частных домов,,"Проект дома №62-38WM: площадь 242,44 м², 2 этажа, габариты 12.66×18.58 м, материал стен — монолитный каркас. На карточке показаны визуализация дома и планировки этажей. Сохраните идею и откройте проект, чтобы узнать подробности и актуальную стоимость.",https://catalog-plans.ru/catalog/62-38WM?utm_source=pinterest&utm_medium=organic&utm_campaign=generated_visual_plans_editorial_static_batch_54&utm_content=pin_10148_62-38WM_plans&utm_term=proekty-domov-s-planirovkami,,"проект дома 62-38WM, проект дома 242,44 м², планировка дома, планы этажей, готовый проект дома, визуализация дома, монолитный каркас, catalog-plans.ru"
"Проект дома №91-15L площадью 64,34 м² с планировками",https://raw.githubusercontent.com/nemchenik/test/fe937d328767d7f39f4856e3b3ba9c2fd0a2ffaf/pinterest/generated_batch_54_visual_plans_editorial_static/91-15L.jpg,Проекты частных домов,,"Проект дома №91-15L: площадь 64,34 м², 1 этаж, габариты 7.78×11.78 м, материал стен — кирпич. На карточке показаны визуализация дома и планировки этажей. Сохраните идею и откройте проект, чтобы узнать подробности и актуальную стоимость.",https://catalog-plans.ru/catalog/91-15L?utm_source=pinterest&utm_medium=organic&utm_campaign=generated_visual_plans_editorial_static_batch_54&utm_content=pin_10149_91-15L_plans&utm_term=proekty-domov-s-planirovkami,,"проект дома 91-15L, проект дома 64,34 м², планировка дома, планы этажей, готовый проект дома, визуализация дома, кирпич, catalog-plans.ru"
"Проект дома №57-99 площадью 290,19 м² с планировками",https://raw.githubusercontent.com/nemchenik/test/fe937d328767d7f39f4856e3b3ba9c2fd0a2ffaf/pinterest/generated_batch_54_visual_plans_editorial_static/57-99.jpg,Проекты частных домов,,"Проект дома №57-99: площадь 290,19 м², 2 этажа, габариты 16.78×18.35 м, материал стен — газобетон. На карточке показаны визуализация дома и планировки этажей. Сохраните идею и откройте проект, чтобы узнать подробности и актуальную стоимость.",https://catalog-plans.ru/catalog/57-99?utm_source=pinterest&utm_medium=organic&utm_campaign=generated_visual_plans_editorial_static_batch_54&utm_content=pin_10150_57-99_plans&utm_term=proekty-domov-s-planirovkami,,"проект дома 57-99, проект дома 290,19 м², планировка дома, планы этажей, готовый проект дома, визуализация дома, газобетон, catalog-plans.ru"
"Проект дома №58-70FBK площадью 127,4 м² с планировками",https://raw.githubusercontent.com/nemchenik/test/fe937d328767d7f39f4856e3b3ba9c2fd0a2ffaf/pinterest/generated_batch_54_visual_plans_editorial_static/58-70FBK.jpg,Проекты частных домов,,"Проект дома №58-70FBK: площадь 127,4 м², 1 этаж, габариты 11.68×14.12 м, материал стен — кирпич. На карточке показаны визуализация дома и планировки этажей. Сохраните идею и откройте проект, чтобы узнать подробности и актуальную стоимость.",https://catalog-plans.ru/catalog/58-70FBK?utm_source=pinterest&utm_medium=organic&utm_campaign=generated_visual_plans_editorial_static_batch_54&utm_content=pin_10151_58-70FBK_plans&utm_term=proekty-domov-s-planirovkami,,"проект дома 58-70FBK, проект дома 127,4 м², планировка дома, планы этажей, готовый проект дома, визуализация дома, кирпич, catalog-plans.ru"
"Проект дома №49-31 площадью 179,7 м² с планировками",https://raw.githubusercontent.com/nemchenik/test/fe937d328767d7f39f4856e3b3ba9c2fd0a2ffaf/pinterest/generated_batch_54_visual_plans_editorial_static/49-31.jpg,Проекты частных домов,,"Проект дома №49-31: площадь 179,7 м², 2 этажа, габариты 9×15 м, материал стен — газобетон. На карточке показаны визуализация дома и планировки этажей. Сохраните идею и откройте проект, чтобы узнать подробности и актуальную стоимость.",https://catalog-plans.ru/catalog/49-31?utm_source=pinterest&utm_medium=organic&utm_campaign=generated_visual_plans_editorial_static_batch_54&utm_content=pin_10152_49-31_plans&utm_term=proekty-domov-s-planirovkami,,"проект дома 49-31, проект дома 179,7 м², планировка дома, планы этажей, готовый проект дома, визуализация дома, газобетон, catalog-plans.ru"
"Проект дома №40-36G площадью 275,29 м² с планировками",https://raw.githubusercontent.com/nemchenik/test/fe937d328767d7f39f4856e3b3ba9c2fd0a2ffaf/pinterest/generated_batch_54_visual_plans_editorial_static/40-36G.jpg,Проекты частных домов,,"Проект дома №40-36G: площадь 275,29 м², 2 этажа, габариты 13.9×16.1 м, материал стен — газобетон. На карточке показаны визуализация дома и планировки этажей. Сохраните идею и откройте проект, чтобы узнать подробности и актуальную стоимость.",https://catalog-plans.ru/catalog/40-36G?utm_source=pinterest&utm_medium=organic&utm_campaign=generated_visual_plans_editorial_static_batch_54&utm_content=pin_10153_40-36G_plans&utm_term=proekty-domov-s-planirovkami,,"проект дома 40-36G, проект дома 275,29 м², планировка дома, планы этажей, готовый проект дома, визуализация дома, газобетон, catalog-plans.ru"
"Проект дома №57-74NAGL площадью 307,06 м² с планировками",https://raw.githubusercontent.com/nemchenik/test/fe937d328767d7f39f4856e3b3ba9c2fd0a2ffaf/pinterest/generated_batch_54_visual_plans_editorial_static/57-74NAGL.jpg,Проекты частных домов,,"Проект дома №57-74NAGL: площадь 307,06 м², 2 этажа, габариты 16.25×19.56 м, материал стен — газобетон. На карточке показаны визуализация дома и планировки этажей. Сохраните идею и откройте проект, чтобы узнать подробности и актуальную стоимость.",https://catalog-plans.ru/catalog/57-74NAGL?utm_source=pinterest&utm_medium=organic&utm_campaign=generated_visual_plans_editorial_static_batch_54&utm_content=pin_10154_57-74NAGL_plans&utm_term=proekty-domov-s-planirovkami,,"проект дома 57-74NAGL, проект дома 307,06 м², планировка дома, планы этажей, готовый проект дома, визуализация дома, газобетон, catalog-plans.ru"
"Проект дома №63-61AKB площадью 234,44 м² с планировками",https://raw.githubusercontent.com/nemchenik/test/fe937d328767d7f39f4856e3b3ba9c2fd0a2ffaf/pinterest/generated_batch_54_visual_plans_editorial_static/63-61AKB.jpg,Проекты частных домов,,"Проект дома №63-61AKB: площадь 234,44 м², 2 этажа, габариты 12.48×16.95 м, материал стен — керамзитобетон. На карточке показаны визуализация дома и планировки этажей. Сохраните идею и откройте проект, чтобы узнать подробности и актуальную стоимость.",https://catalog-plans.ru/catalog/63-61AKB?utm_source=pinterest&utm_medium=organic&utm_campaign=generated_visual_plans_editorial_static_batch_54&utm_content=pin_10155_63-61AKB_plans&utm_term=proekty-domov-s-planirovkami,,"проект дома 63-61AKB, проект дома 234,44 м², планировка дома, планы этажей, готовый проект дома, визуализация дома, керамзитобетон, catalog-plans.ru"
"Проект дома №35-67 площадью 573,7 м² с планировками",https://raw.githubusercontent.com/nemchenik/test/fe937d328767d7f39f4856e3b3ba9c2fd0a2ffaf/pinterest/generated_batch_54_visual_plans_editorial_static/35-67.jpg,Проекты частных домов,,"Проект дома №35-67: площадь 573,7 м², 2 этажа, габариты 22.32×31.14 м, материал стен — кирпич. На карточке показаны визуализация дома и планировки этажей. Сохраните идею и откройте проект, чтобы узнать подробности и актуальную стоимость.",https://catalog-plans.ru/catalog/35-67?utm_source=pinterest&utm_medium=organic&utm_campaign=generated_visual_plans_editorial_static_batch_54&utm_content=pin_10156_35-67_plans&utm_term=proekty-domov-s-planirovkami,,"проект дома 35-67, проект дома 573,7 м², планировка дома, планы этажей, готовый проект дома, визуализация дома, кирпич, catalog-plans.ru"
"Проект дома №48-30A площадью 344,51 м² с планировками",https://raw.githubusercontent.com/nemchenik/test/fe937d328767d7f39f4856e3b3ba9c2fd0a2ffaf/pinterest/generated_batch_54_visual_plans_editorial_static/48-30A.jpg,Проекты частных домов,,"Проект дома №48-30A: площадь 344,51 м², 2 этажа, габариты 16.52×23.32 м, материал стен — кирпич. На карточке показаны визуализация дома и планировки этажей. Сохраните идею и откройте проект, чтобы узнать подробности и актуальную стоимость.",https://catalog-plans.ru/catalog/48-30A?utm_source=pinterest&utm_medium=organic&utm_campaign=generated_visual_plans_editorial_static_batch_54&utm_content=pin_10157_48-30A_plans&utm_term=proekty-domov-s-planirovkami,,"проект дома 48-30A, проект дома 344,51 м², планировка дома, планы этажей, готовый проект дома, визуализация дома, кирпич, catalog-plans.ru"
"Проект дома №47-12A площадью 256,4 м² с планировками",https://raw.githubusercontent.com/nemchenik/test/fe937d328767d7f39f4856e3b3ba9c2fd0a2ffaf/pinterest/generated_batch_54_visual_plans_editorial_static/47-12A.jpg,Проекты частных домов,,"Проект дома №47-12A: площадь 256,4 м², 2 этажа, габариты 16.55×18.6 м, материал стен — кирпич. На карточке показаны визуализация дома и планировки этажей. Сохраните идею и откройте проект, чтобы узнать подробности и актуальную стоимость.",https://catalog-plans.ru/catalog/47-12A?utm_source=pinterest&utm_medium=organic&utm_campaign=generated_visual_plans_editorial_static_batch_54&utm_content=pin_10158_47-12A_plans&utm_term=proekty-domov-s-planirovkami,,"проект дома 47-12A, проект дома 256,4 м², планировка дома, планы этажей, готовый проект дома, визуализация дома, кирпич, catalog-plans.ru"
"Проект дома №64-24BBAK площадью 264,07 м² с планировками",https://raw.githubusercontent.com/nemchenik/test/fe937d328767d7f39f4856e3b3ba9c2fd0a2ffaf/pinterest/generated_batch_54_visual_plans_editorial_static/64-24BBAK.jpg,Проекты частных домов,,"Проект дома №64-24BBAK: площадь 264,07 м², 3 этажа, габариты 15.02×16.67 м, материал стен — кирпич. На карточке показаны визуализация дома и планировки этажей. Сохраните идею и откройте проект, чтобы узнать подробности и актуальную стоимость.",https://catalog-plans.ru/catalog/64-24BBAK?utm_source=pinterest&utm_medium=organic&utm_campaign=generated_visual_plans_editorial_static_batch_54&utm_content=pin_10159_64-24BBAK_plans&utm_term=proekty-domov-s-planirovkami,,"проект дома 64-24BBAK, проект дома 264,07 м², планировка дома, планы этажей, готовый проект дома, визуализация дома, кирпич, catalog-plans.ru"
"Проект дома №45-64ZABGL площадью 268,5 м² с планировками",https://raw.githubusercontent.com/nemchenik/test/fe937d328767d7f39f4856e3b3ba9c2fd0a2ffaf/pinterest/generated_batch_54_visual_plans_editorial_static/45-64ZABGL.jpg,Проекты частных домов,,"Проект дома №45-64ZABGL: площадь 268,5 м², 2 этажа, габариты 11.69×17.8 м, материал стен — газобетон. На карточке показаны визуализация дома и планировки этажей. Сохраните идею и откройте проект, чтобы узнать подробности и актуальную стоимость.",https://catalog-plans.ru/catalog/45-64ZABGL?utm_source=pinterest&utm_medium=organic&utm_campaign=generated_visual_plans_editorial_static_batch_54&utm_content=pin_10160_45-64ZABGL_plans&utm_term=proekty-domov-s-planirovkami,,"проект дома 45-64ZABGL, проект дома 268,5 м², планировка дома, планы этажей, готовый проект дома, визуализация дома, газобетон, catalog-plans.ru"
"Проект дома №57-27EL площадью 226,64 м² с планировками",https://raw.githubusercontent.com/nemchenik/test/fe937d328767d7f39f4856e3b3ba9c2fd0a2ffaf/pinterest/generated_batch_54_visual_plans_editorial_static/57-27EL.jpg,Проекты частных домов,,"Проект дома №57-27EL: площадь 226,64 м², 2 этажа, габариты 12.3×17.5 м, материал стен — газобетон. На карточке показаны визуализация дома и планировки этажей. Сохраните идею и откройте проект, чтобы узнать подробности и актуальную стоимость.",https://catalog-plans.ru/catalog/57-27EL?utm_source=pinterest&utm_medium=organic&utm_campaign=generated_visual_plans_editorial_static_batch_54&utm_content=pin_10161_57-27EL_plans&utm_term=proekty-domov-s-planirovkami,,"проект дома 57-27EL, проект дома 226,64 м², планировка дома, планы этажей, готовый проект дома, визуализация дома, газобетон, catalog-plans.ru"
"Проект дома №47-79 площадью 256,6 м² с планировками",https://raw.githubusercontent.com/nemchenik/test/fe937d328767d7f39f4856e3b3ba9c2fd0a2ffaf/pinterest/generated_batch_54_visual_plans_editorial_static/47-79.jpg,Проекты частных домов,,"Проект дома №47-79: площадь 256,6 м², 2 этажа, габариты 23.7×28.8 м, материал стен — кирпича 1. На карточке показаны визуализация дома и планировки этажей. Сохраните идею и откройте проект, чтобы узнать подробности и актуальную стоимость.",https://catalog-plans.ru/catalog/47-79?utm_source=pinterest&utm_medium=organic&utm_campaign=generated_visual_plans_editorial_static_batch_54&utm_content=pin_10162_47-79_plans&utm_term=proekty-domov-s-planirovkami,,"проект дома 47-79, проект дома 256,6 м², планировка дома, планы этажей, готовый проект дома, визуализация дома, кирпича 1, catalog-plans.ru"
"Проект дома №54-87 площадью 216,2 м² с планировками",https://raw.githubusercontent.com/nemchenik/test/fe937d328767d7f39f4856e3b3ba9c2fd0a2ffaf/pinterest/generated_batch_54_visual_plans_editorial_static/54-87.jpg,Проекты частных домов,,"Проект дома №54-87: площадь 216,2 м², 2 этажа, габариты 12.9×15.2 м, материал стен — газобетон. На карточке показаны визуализация дома и планировки этажей. Сохраните идею и откройте проект, чтобы узнать подробности и актуальную стоимость.",https://catalog-plans.ru/catalog/54-87?utm_source=pinterest&utm_medium=organic&utm_campaign=generated_visual_plans_editorial_static_batch_54&utm_content=pin_10163_54-87_plans&utm_term=proekty-domov-s-planirovkami,,"проект дома 54-87, проект дома 216,2 м², планировка дома, планы этажей, готовый проект дома, визуализация дома, газобетон, catalog-plans.ru"
"Проект дома №47-46K площадью 265,3 м² с планировками",https://raw.githubusercontent.com/nemchenik/test/fe937d328767d7f39f4856e3b3ba9c2fd0a2ffaf/pinterest/generated_batch_54_visual_plans_editorial_static/47-46K.jpg,Проекты частных домов,,"Проект дома №47-46K: площадь 265,3 м², 3 этажа, габариты 14.38×16.28 м, материал стен — газобетон. На карточке показаны визуализация дома и планировки этажей. Сохраните идею и откройте проект, чтобы узнать подробности и актуальную стоимость.",https://catalog-plans.ru/catalog/47-46K?utm_source=pinterest&utm_medium=organic&utm_campaign=generated_visual_plans_editorial_static_batch_54&utm_content=pin_10164_47-46K_plans&utm_term=proekty-domov-s-planirovkami,,"проект дома 47-46K, проект дома 265,3 м², планировка дома, планы этажей, готовый проект дома, визуализация дома, газобетон, catalog-plans.ru"
"Проект дома №46-09EGL площадью 156,65 м² с планировками",https://raw.githubusercontent.com/nemchenik/test/fe937d328767d7f39f4856e3b3ba9c2fd0a2ffaf/pinterest/generated_batch_54_visual_plans_editorial_static/46-09EGL.jpg,Проекты частных домов,,"Проект дома №46-09EGL: площадь 156,65 м², 1 этаж, габариты 13.55×23.95 м, материал стен — газобетон. На карточке показаны визуализация дома и планировки этажей. Сохраните идею и откройте проект, чтобы узнать подробности и актуальную стоимость.",https://catalog-plans.ru/catalog/46-09EGL?utm_source=pinterest&utm_medium=organic&utm_campaign=generated_visual_plans_editorial_static_batch_54&utm_content=pin_10165_46-09EGL_plans&utm_term=proekty-domov-s-planirovkami,,"проект дома 46-09EGL, проект дома 156,65 м², планировка дома, планы этажей, готовый проект дома, визуализация дома, газобетон, catalog-plans.ru"
"Проект дома №33-45 площадью 362,93 м² с планировками",https://raw.githubusercontent.com/nemchenik/test/fe937d328767d7f39f4856e3b3ba9c2fd0a2ffaf/pinterest/generated_batch_54_visual_plans_editorial_static/33-45.jpg,Проекты частных домов,,"Проект дома №33-45: площадь 362,93 м², 2 этажа, габариты 16.87×20.89 м, материал стен — кирпич. На карточке показаны визуализация дома и планировки этажей. Сохраните идею и откройте проект, чтобы узнать подробности и актуальную стоимость.",https://catalog-plans.ru/catalog/33-45?utm_source=pinterest&utm_medium=organic&utm_campaign=generated_visual_plans_editorial_static_batch_54&utm_content=pin_10166_33-45_plans&utm_term=proekty-domov-s-planirovkami,,"проект дома 33-45, проект дома 362,93 м², планировка дома, планы этажей, готовый проект дома, визуализация дома, кирпич, catalog-plans.ru"
"Проект дома №49-53A площадью 243,13 м² с планировками",https://raw.githubusercontent.com/nemchenik/test/fe937d328767d7f39f4856e3b3ba9c2fd0a2ffaf/pinterest/generated_batch_54_visual_plans_editorial_static/49-53A.jpg,Проекты частных домов,,"Проект дома №49-53A: площадь 243,13 м², 3 этажа, габариты 12.7×12.7 м, материал стен — кирпич. На карточке показаны визуализация дома и планировки этажей. Сохраните идею и откройте проект, чтобы узнать подробности и актуальную стоимость.",https://catalog-plans.ru/catalog/49-53A?utm_source=pinterest&utm_medium=organic&utm_campaign=generated_visual_plans_editorial_static_batch_54&utm_content=pin_10167_49-53A_plans&utm_term=proekty-domov-s-planirovkami,,"проект дома 49-53A, проект дома 243,13 м², планировка дома, планы этажей, готовый проект дома, визуализация дома, кирпич, catalog-plans.ru"
"Проект дома №64-62 площадью 76,36 м² с планировками",https://raw.githubusercontent.com/nemchenik/test/fe937d328767d7f39f4856e3b3ba9c2fd0a2ffaf/pinterest/generated_batch_54_visual_plans_editorial_static/64-62.jpg,Проекты частных домов,,"Проект дома №64-62: площадь 76,36 м², 1 этаж, габариты 8.7×12 м, материал стен — газобетон. На карточке показаны визуализация дома и планировки этажей. Сохраните идею и откройте проект, чтобы узнать подробности и актуальную стоимость.",https://catalog-plans.ru/catalog/64-62?utm_source=pinterest&utm_medium=organic&utm_campaign=generated_visual_plans_editorial_static_batch_54&utm_content=pin_10168_64-62_plans&utm_term=proekty-domov-s-planirovkami,,"проект дома 64-62, проект дома 76,36 м², планировка дома, планы этажей, готовый проект дома, визуализация дома, газобетон, catalog-plans.ru"
"Проект дома №60-80 площадью 146,44 м² с планировками",https://raw.githubusercontent.com/nemchenik/test/fe937d328767d7f39f4856e3b3ba9c2fd0a2ffaf/pinterest/generated_batch_54_visual_plans_editorial_static/60-80.jpg,Проекты частных домов,,"Проект дома №60-80: площадь 146,44 м², 1 этаж, габариты 10×14 м, материал стен — газобетон. На карточке показаны визуализация дома и планировки этажей. Сохраните идею и откройте проект, чтобы узнать подробности и актуальную стоимость.",https://catalog-plans.ru/catalog/60-80?utm_source=pinterest&utm_medium=organic&utm_campaign=generated_visual_plans_editorial_static_batch_54&utm_content=pin_10169_60-80_plans&utm_term=proekty-domov-s-planirovkami,,"проект дома 60-80, проект дома 146,44 м², планировка дома, планы этажей, готовый проект дома, визуализация дома, газобетон, catalog-plans.ru"
"Проект дома №57-62B площадью 192,47 м² с планировками",https://raw.githubusercontent.com/nemchenik/test/fe937d328767d7f39f4856e3b3ba9c2fd0a2ffaf/pinterest/generated_batch_54_visual_plans_editorial_static/57-62B.jpg,Проекты частных домов,,"Проект дома №57-62B: площадь 192,47 м², 2 этажа, габариты 10.7×14.24 м, материал стен — газобетон. На карточке показаны визуализация дома и планировки этажей. Сохраните идею и откройте проект, чтобы узнать подробности и актуальную стоимость.",https://catalog-plans.ru/catalog/57-62B?utm_source=pinterest&utm_medium=organic&utm_campaign=generated_visual_plans_editorial_static_batch_54&utm_content=pin_10170_57-62B_plans&utm_term=proekty-domov-s-planirovkami,,"проект дома 57-62B, проект дома 192,47 м², планировка дома, планы этажей, готовый проект дома, визуализация дома, газобетон, catalog-plans.ru"
"Проект дома №57-53AKL площадью 244,78 м² с планировками",https://raw.githubusercontent.com/nemchenik/test/fe937d328767d7f39f4856e3b3ba9c2fd0a2ffaf/pinterest/generated_batch_54_visual_plans_editorial_static/57-53AKL.jpg,Проекты частных домов,,"Проект дома №57-53AKL: площадь 244,78 м², 2 этажа, габариты 13.89×15.02 м, материал стен — кирпич. На карточке показаны визуализация дома и планировки этажей. Сохраните идею и откройте проект, чтобы узнать подробности и актуальную стоимость.",https://catalog-plans.ru/catalog/57-53AKL?utm_source=pinterest&utm_medium=organic&utm_campaign=generated_visual_plans_editorial_static_batch_54&utm_content=pin_10171_57-53AKL_plans&utm_term=proekty-domov-s-planirovkami,,"проект дома 57-53AKL, проект дома 244,78 м², планировка дома, планы этажей, готовый проект дома, визуализация дома, кирпич, catalog-plans.ru"
"Проект дома №59-62A площадью 190,31 м² с планировками",https://raw.githubusercontent.com/nemchenik/test/fe937d328767d7f39f4856e3b3ba9c2fd0a2ffaf/pinterest/generated_batch_54_visual_plans_editorial_static/59-62A.jpg,Проекты частных домов,,"Проект дома №59-62A: площадь 190,31 м², 2 этажа, габариты 11.72×15.61 м, материал стен — газобетон. На карточке показаны визуализация дома и планировки этажей. Сохраните идею и откройте проект, чтобы узнать подробности и актуальную стоимость.",https://catalog-plans.ru/catalog/59-62A?utm_source=pinterest&utm_medium=organic&utm_campaign=generated_visual_plans_editorial_static_batch_54&utm_content=pin_10172_59-62A_plans&utm_term=proekty-domov-s-planirovkami,,"проект дома 59-62A, проект дома 190,31 м², планировка дома, планы этажей, готовый проект дома, визуализация дома, газобетон, catalog-plans.ru"
"Проект дома №36-03 площадью 302,3 м² с планировками",https://raw.githubusercontent.com/nemchenik/test/fe937d328767d7f39f4856e3b3ba9c2fd0a2ffaf/pinterest/generated_batch_54_visual_plans_editorial_static/36-03.jpg,Проекты частных домов,,"Проект дома №36-03: площадь 302,3 м², 2 этажа, габариты 14.9×19.85 м, материал стен — кирпич. На карточке показаны визуализация дома и планировки этажей. Сохраните идею и откройте проект, чтобы узнать подробности и актуальную стоимость.",https://catalog-plans.ru/catalog/36-03?utm_source=pinterest&utm_medium=organic&utm_campaign=generated_visual_plans_editorial_static_batch_54&utm_content=pin_10173_36-03_plans&utm_term=proekty-domov-s-planirovkami,,"проект дома 36-03, проект дома 302,3 м², планировка дома, планы этажей, готовый проект дома, визуализация дома, кирпич, catalog-plans.ru"
"Проект дома №57-65BKL площадью 220,12 м² с планировками",https://raw.githubusercontent.com/nemchenik/test/fe937d328767d7f39f4856e3b3ba9c2fd0a2ffaf/pinterest/generated_batch_54_visual_plans_editorial_static/57-65BKL.jpg,Проекты частных домов,,"Проект дома №57-65BKL: площадь 220,12 м², 3 этажа, габариты 10.38×10.38 м, материал стен — кирпич. На карточке показаны визуализация дома и планировки этажей. Сохраните идею и откройте проект, чтобы узнать подробности и актуальную стоимость.",https://catalog-plans.ru/catalog/57-65BKL?utm_source=pinterest&utm_medium=organic&utm_campaign=generated_visual_plans_editorial_static_batch_54&utm_content=pin_10174_57-65BKL_plans&utm_term=proekty-domov-s-planirovkami,,"проект дома 57-65BKL, проект дома 220,12 м², планировка дома, планы этажей, готовый проект дома, визуализация дома, кирпич, catalog-plans.ru"
"Проект дома №52-99 площадью 560,5 м² с планировками",https://raw.githubusercontent.com/nemchenik/test/fe937d328767d7f39f4856e3b3ba9c2fd0a2ffaf/pinterest/generated_batch_54_visual_plans_editorial_static/52-99.jpg,Проекты частных домов,,"Проект дома №52-99: площадь 560,5 м², 2 этажа, габариты 13.1×23.3 м, материал стен — газобетон. На карточке показаны визуализация дома и планировки этажей. Сохраните идею и откройте проект, чтобы узнать подробности и актуальную стоимость.",https://catalog-plans.ru/catalog/52-99?utm_source=pinterest&utm_medium=organic&utm_campaign=generated_visual_plans_editorial_static_batch_54&utm_content=pin_10175_52-99_plans&utm_term=proekty-domov-s-planirovkami,,"проект дома 52-99, проект дома 560,5 м², планировка дома, планы этажей, готовый проект дома, визуализация дома, газобетон, catalog-plans.ru"
"Проект дома №31-84 площадью 280,1 м² с планировками",https://raw.githubusercontent.com/nemchenik/test/fe937d328767d7f39f4856e3b3ba9c2fd0a2ffaf/pinterest/generated_batch_54_visual_plans_editorial_static/31-84.jpg,Проекты частных домов,,"Проект дома №31-84: площадь 280,1 м², 2 этажа, габариты 14×16.32 м, материал стен — кирпич. На карточке показаны визуализация дома и планировки этажей. Сохраните идею и откройте проект, чтобы узнать подробности и актуальную стоимость.",https://catalog-plans.ru/catalog/31-84?utm_source=pinterest&utm_medium=organic&utm_campaign=generated_visual_plans_editorial_static_batch_54&utm_content=pin_10176_31-84_plans&utm_term=proekty-domov-s-planirovkami,,"проект дома 31-84, проект дома 280,1 м², планировка дома, планы этажей, готовый проект дома, визуализация дома, кирпич, catalog-plans.ru"
"Проект дома №58-75ABDL площадью 177,39 м² с планировками",https://raw.githubusercontent.com/nemchenik/test/fe937d328767d7f39f4856e3b3ba9c2fd0a2ffaf/pinterest/generated_batch_54_visual_plans_editorial_static/58-75ABDL.jpg,Проекты частных домов,,"Проект дома №58-75ABDL: площадь 177,39 м², 2 этажа, габариты 9.4×9.4 м, материал стен — газобетон. На карточке показаны визуализация дома и планировки этажей. Сохраните идею и откройте проект, чтобы узнать подробности и актуальную стоимость.",https://catalog-plans.ru/catalog/58-75ABDL?utm_source=pinterest&utm_medium=organic&utm_campaign=generated_visual_plans_editorial_static_batch_54&utm_content=pin_10177_58-75ABDL_plans&utm_term=proekty-domov-s-planirovkami,,"проект дома 58-75ABDL, проект дома 177,39 м², планировка дома, планы этажей, готовый проект дома, визуализация дома, газобетон, catalog-plans.ru"
"Проект дома №64-43L площадью 182,13 м² с планировками",https://raw.githubusercontent.com/nemchenik/test/fe937d328767d7f39f4856e3b3ba9c2fd0a2ffaf/pinterest/generated_batch_54_visual_plans_editorial_static/64-43L.jpg,Проекты частных домов,,"Проект дома №64-43L: площадь 182,13 м², 2 этажа, габариты 8.6×16.8 м, материал стен — газобетон. На карточке показаны визуализация дома и планировки этажей. Сохраните идею и откройте проект, чтобы узнать подробности и актуальную стоимость.",https://catalog-plans.ru/catalog/64-43L?utm_source=pinterest&utm_medium=organic&utm_campaign=generated_visual_plans_editorial_static_batch_54&utm_content=pin_10178_64-43L_plans&utm_term=proekty-domov-s-planirovkami,,"проект дома 64-43L, проект дома 182,13 м², планировка дома, планы этажей, готовый проект дома, визуализация дома, газобетон, catalog-plans.ru"
"Проект дома №47-22 площадью 183,2 м² с планировками",https://raw.githubusercontent.com/nemchenik/test/fe937d328767d7f39f4856e3b3ba9c2fd0a2ffaf/pinterest/generated_batch_54_visual_plans_editorial_static/47-22.jpg,Проекты частных домов,,"Проект дома №47-22: площадь 183,2 м², 2 этажа, габариты 13.5×14.7 м, материал стен — газобетон. На карточке показаны визуализация дома и планировки этажей. Сохраните идею и откройте проект, чтобы узнать подробности и актуальную стоимость.",https://catalog-plans.ru/catalog/47-22?utm_source=pinterest&utm_medium=organic&utm_campaign=generated_visual_plans_editorial_static_batch_54&utm_content=pin_10179_47-22_plans&utm_term=proekty-domov-s-planirovkami,,"проект дома 47-22, проект дома 183,2 м², планировка дома, планы этажей, готовый проект дома, визуализация дома, газобетон, catalog-plans.ru"
"Проект дома №40-21G площадью 264,44 м² с планировками",https://raw.githubusercontent.com/nemchenik/test/fe937d328767d7f39f4856e3b3ba9c2fd0a2ffaf/pinterest/generated_batch_54_visual_plans_editorial_static/40-21G.jpg,Проекты частных домов,,"Проект дома №40-21G: площадь 264,44 м², 2 этажа, габариты 13.56×14.91 м, материал стен — газобетон. На карточке показаны визуализация дома и планировки этажей. Сохраните идею и откройте проект, чтобы узнать подробности и актуальную стоимость.",https://catalog-plans.ru/catalog/40-21G?utm_source=pinterest&utm_medium=organic&utm_campaign=generated_visual_plans_editorial_static_batch_54&utm_content=pin_10180_40-21G_plans&utm_term=proekty-domov-s-planirovkami,,"проект дома 40-21G, проект дома 264,44 м², планировка дома, планы этажей, готовый проект дома, визуализация дома, газобетон, catalog-plans.ru"
"Проект дома №45-64ZHABKL площадью 375,03 м² с планировками",https://raw.githubusercontent.com/nemchenik/test/fe937d328767d7f39f4856e3b3ba9c2fd0a2ffaf/pinterest/generated_batch_54_visual_plans_editorial_static/45-64ZHABKL.jpg,Проекты частных домов,,"Проект дома №45-64ZHABKL: площадь 375,03 м², 2 этажа, габариты 12.48×26.18 м, материал стен — кирпич. На карточке показаны визуализация дома и планировки этажей. Сохраните идею и откройте проект, чтобы узнать подробности и актуальную стоимость.",https://catalog-plans.ru/catalog/45-64ZHABKL?utm_source=pinterest&utm_medium=organic&utm_campaign=generated_visual_plans_editorial_static_batch_54&utm_content=pin_10181_45-64ZHABKL_plans&utm_term=proekty-domov-s-planirovkami,,"проект дома 45-64ZHABKL, проект дома 375,03 м², планировка дома, планы этажей, готовый проект дома, визуализация дома, кирпич, catalog-plans.ru"
"Проект дома №63-43M площадью 182,47 м² с планировками",https://raw.githubusercontent.com/nemchenik/test/fe937d328767d7f39f4856e3b3ba9c2fd0a2ffaf/pinterest/generated_batch_54_visual_plans_editorial_static/63-43M.jpg,Проекты частных домов,,"Проект дома №63-43M: площадь 182,47 м², 2 этажа, габариты 7.06×15.76 м, материал стен — газобетон. На карточке показаны визуализация дома и планировки этажей. Сохраните идею и откройте проект, чтобы узнать подробности и актуальную стоимость.",https://catalog-plans.ru/catalog/63-43M?utm_source=pinterest&utm_medium=organic&utm_campaign=generated_visual_plans_editorial_static_batch_54&utm_content=pin_10182_63-43M_plans&utm_term=proekty-domov-s-planirovkami,,"проект дома 63-43M, проект дома 182,47 м², планировка дома, планы этажей, готовый проект дома, визуализация дома, газобетон, catalog-plans.ru"
"Проект дома №47-85 площадью 377,9 м² с планировками",https://raw.githubusercontent.com/nemchenik/test/fe937d328767d7f39f4856e3b3ba9c2fd0a2ffaf/pinterest/generated_batch_54_visual_plans_editorial_static/47-85.jpg,Проекты частных домов,,"Проект дома №47-85: площадь 377,9 м², 3 этажа, габариты 23.78×32 м, материал стен — кирпича 1. На карточке показаны визуализация дома и планировки этажей. Сохраните идею и откройте проект, чтобы узнать подробности и актуальную стоимость.",https://catalog-plans.ru/catalog/47-85?utm_source=pinterest&utm_medium=organic&utm_campaign=generated_visual_plans_editorial_static_batch_54&utm_content=pin_10183_47-85_plans&utm_term=proekty-domov-s-planirovkami,,"проект дома 47-85, проект дома 377,9 м², планировка дома, планы этажей, готовый проект дома, визуализация дома, кирпича 1, catalog-plans.ru"
"Проект дома №57-54NL площадью 265,66 м² с планировками",https://raw.githubusercontent.com/nemchenik/test/fe937d328767d7f39f4856e3b3ba9c2fd0a2ffaf/pinterest/generated_batch_54_visual_plans_editorial_static/57-54NL.jpg,Проекты частных домов,,"Проект дома №57-54NL: площадь 265,66 м², 2 этажа, габариты 13.94×15.25 м, материал стен — газобетон. На карточке показаны визуализация дома и планировки этажей. Сохраните идею и откройте проект, чтобы узнать подробности и актуальную стоимость.",https://catalog-plans.ru/catalog/57-54NL?utm_source=pinterest&utm_medium=organic&utm_campaign=generated_visual_plans_editorial_static_batch_54&utm_content=pin_10184_57-54NL_plans&utm_term=proekty-domov-s-planirovkami,,"проект дома 57-54NL, проект дома 265,66 м², планировка дома, планы этажей, готовый проект дома, визуализация дома, газобетон, catalog-plans.ru"
"Проект дома №14-12 площадью 250,69 м² с планировками",https://raw.githubusercontent.com/nemchenik/test/fe937d328767d7f39f4856e3b3ba9c2fd0a2ffaf/pinterest/generated_batch_54_visual_plans_editorial_static/14-12.jpg,Проекты частных домов,,"Проект дома №14-12: площадь 250,69 м², 2 этажа, габариты 14.35×18.7 м, материал стен — дерево. На карточке показаны визуализация дома и планировки этажей. Сохраните идею и откройте проект, чтобы узнать подробности и актуальную стоимость.",https://catalog-plans.ru/catalog/14-12?utm_source=pinterest&utm_medium=organic&utm_campaign=generated_visual_plans_editorial_static_batch_54&utm_content=pin_10185_14-12_plans&utm_term=proekty-domov-s-planirovkami,,"проект дома 14-12, проект дома 250,69 м², планировка дома, планы этажей, готовый проект дома, визуализация дома, дерево, catalog-plans.ru"
"Проект дома №57-28K площадью 373,82 м² с планировками",https://raw.githubusercontent.com/nemchenik/test/fe937d328767d7f39f4856e3b3ba9c2fd0a2ffaf/pinterest/generated_batch_54_visual_plans_editorial_static/57-28K.jpg,Проекты частных домов,,"Проект дома №57-28K: площадь 373,82 м², 2 этажа, габариты 15.4×15.53 м, материал стен — кирпич. На карточке показаны визуализация дома и планировки этажей. Сохраните идею и откройте проект, чтобы узнать подробности и актуальную стоимость.",https://catalog-plans.ru/catalog/57-28K?utm_source=pinterest&utm_medium=organic&utm_campaign=generated_visual_plans_editorial_static_batch_54&utm_content=pin_10186_57-28K_plans&utm_term=proekty-domov-s-planirovkami,,"проект дома 57-28K, проект дома 373,82 м², планировка дома, планы этажей, готовый проект дома, визуализация дома, кирпич, catalog-plans.ru"
"Проект дома №48-21B площадью 210,99 м² с планировками",https://raw.githubusercontent.com/nemchenik/test/fe937d328767d7f39f4856e3b3ba9c2fd0a2ffaf/pinterest/generated_batch_54_visual_plans_editorial_static/48-21B.jpg,Проекты частных домов,,"Проект дома №48-21B: площадь 210,99 м², 2 этажа, габариты 13.33×13.74 м, материал стен — кирпич. На карточке показаны визуализация дома и планировки этажей. Сохраните идею и откройте проект, чтобы узнать подробности и актуальную стоимость.",https://catalog-plans.ru/catalog/48-21B?utm_source=pinterest&utm_medium=organic&utm_campaign=generated_visual_plans_editorial_static_batch_54&utm_content=pin_10187_48-21B_plans&utm_term=proekty-domov-s-planirovkami,,"проект дома 48-21B, проект дома 210,99 м², планировка дома, планы этажей, готовый проект дома, визуализация дома, кирпич, catalog-plans.ru"
"Проект дома №59-79XA площадью 142,73 м² с планировками",https://raw.githubusercontent.com/nemchenik/test/fe937d328767d7f39f4856e3b3ba9c2fd0a2ffaf/pinterest/generated_batch_54_visual_plans_editorial_static/59-79XA.jpg,Проекты частных домов,,"Проект дома №59-79XA: площадь 142,73 м², 2 этажа, габариты 10×10 м, материал стен — арболитовые блоки 400. На карточке показаны визуализация дома и планировки этажей. Сохраните идею и откройте проект, чтобы узнать подробности и актуальную стоимость.",https://catalog-plans.ru/catalog/59-79XA?utm_source=pinterest&utm_medium=organic&utm_campaign=generated_visual_plans_editorial_static_batch_54&utm_content=pin_10188_59-79XA_plans&utm_term=proekty-domov-s-planirovkami,,"проект дома 59-79XA, проект дома 142,73 м², планировка дома, планы этажей, готовый проект дома, визуализация дома, арболитовые блоки 400, catalog-plans.ru"
Проект дома №75-01 площадью 263 м² с планировками,https://raw.githubusercontent.com/nemchenik/test/fe937d328767d7f39f4856e3b3ba9c2fd0a2ffaf/pinterest/generated_batch_54_visual_plans_editorial_static/75-01.jpg,Проекты частных домов,,"Проект дома №75-01: площадь 263 м², 2 этажа, габариты 14.47×22.01 м, материал стен — газобетон. На карточке показаны визуализация дома и планировки этажей. Сохраните идею и откройте проект, чтобы узнать подробности и актуальную стоимость.",https://catalog-plans.ru/catalog/75-01?utm_source=pinterest&utm_medium=organic&utm_campaign=generated_visual_plans_editorial_static_batch_54&utm_content=pin_10189_75-01_plans&utm_term=proekty-domov-s-planirovkami,,"проект дома 75-01, проект дома 263 м², планировка дома, планы этажей, готовый проект дома, визуализация дома, газобетон, catalog-plans.ru"
"Проект дома №33-89 площадью 327,4 м² с планировками",https://raw.githubusercontent.com/nemchenik/test/fe937d328767d7f39f4856e3b3ba9c2fd0a2ffaf/pinterest/generated_batch_54_visual_plans_editorial_static/33-89.jpg,Проекты частных домов,,"Проект дома №33-89: площадь 327,4 м², 1 этаж, габариты 13.6×16.8 м, материал стен — кирпич. На карточке показаны визуализация дома и планировки этажей. Сохраните идею и откройте проект, чтобы узнать подробности и актуальную стоимость.",https://catalog-plans.ru/catalog/33-89?utm_source=pinterest&utm_medium=organic&utm_campaign=generated_visual_plans_editorial_static_batch_54&utm_content=pin_10190_33-89_plans&utm_term=proekty-domov-s-planirovkami,,"проект дома 33-89, проект дома 327,4 м², планировка дома, планы этажей, готовый проект дома, визуализация дома, кирпич, catalog-plans.ru"
"Проект дома №62-38AF площадью 247,51 м² с планировками",https://raw.githubusercontent.com/nemchenik/test/fe937d328767d7f39f4856e3b3ba9c2fd0a2ffaf/pinterest/generated_batch_54_visual_plans_editorial_static/62-38AF.jpg,Проекты частных домов,,"Проект дома №62-38AF: площадь 247,51 м², 2 этажа, габариты 13.08×18.6 м, материал стен — газобетон. На карточке показаны визуализация дома и планировки этажей. Сохраните идею и откройте проект, чтобы узнать подробности и актуальную стоимость.",https://catalog-plans.ru/catalog/62-38AF?utm_source=pinterest&utm_medium=organic&utm_campaign=generated_visual_plans_editorial_static_batch_54&utm_content=pin_10191_62-38AF_plans&utm_term=proekty-domov-s-planirovkami,,"проект дома 62-38AF, проект дома 247,51 м², планировка дома, планы этажей, готовый проект дома, визуализация дома, газобетон, catalog-plans.ru"
"Проект дома №72-10 площадью 152,1 м² с планировками",https://raw.githubusercontent.com/nemchenik/test/fe937d328767d7f39f4856e3b3ba9c2fd0a2ffaf/pinterest/generated_batch_54_visual_plans_editorial_static/72-10.jpg,Проекты частных домов,,"Проект дома №72-10: площадь 152,1 м², 1 этаж, габариты 11.7×14.7 м, материал стен — газобетон. На карточке показаны визуализация дома и планировки этажей. Сохраните идею и откройте проект, чтобы узнать подробности и актуальную стоимость.",https://catalog-plans.ru/catalog/72-10?utm_source=pinterest&utm_medium=organic&utm_campaign=generated_visual_plans_editorial_static_batch_54&utm_content=pin_10192_72-10_plans&utm_term=proekty-domov-s-planirovkami,,"проект дома 72-10, проект дома 152,1 м², планировка дома, планы этажей, готовый проект дома, визуализация дома, газобетон, catalog-plans.ru"
"Проект дома №62-90AB площадью 243,91 м² с планировками",https://raw.githubusercontent.com/nemchenik/test/fe937d328767d7f39f4856e3b3ba9c2fd0a2ffaf/pinterest/generated_batch_54_visual_plans_editorial_static/62-90AB.jpg,Проекты частных домов,,"Проект дома №62-90AB: площадь 243,91 м², 3 этажа, габариты 12.04×13.04 м, материал стен — монолитный каркас. На карточке показаны визуализация дома и планировки этажей. Сохраните идею и откройте проект, чтобы узнать подробности и актуальную стоимость.",https://catalog-plans.ru/catalog/62-90AB?utm_source=pinterest&utm_medium=organic&utm_campaign=generated_visual_plans_editorial_static_batch_54&utm_content=pin_10193_62-90AB_plans&utm_term=proekty-domov-s-planirovkami,,"проект дома 62-90AB, проект дома 243,91 м², планировка дома, планы этажей, готовый проект дома, визуализация дома, монолитный каркас, catalog-plans.ru"
"Проект дома №46-08TK2L площадью 283,43 м² с планировками",https://raw.githubusercontent.com/nemchenik/test/fe937d328767d7f39f4856e3b3ba9c2fd0a2ffaf/pinterest/generated_batch_54_visual_plans_editorial_static/46-08TK2L.jpg,Проекты частных домов,,"Проект дома №46-08TK2L: площадь 283,43 м², 2 этажа, габариты 15.66×26.65 м, материал стен — кирпич. На карточке показаны визуализация дома и планировки этажей. Сохраните идею и откройте проект, чтобы узнать подробности и актуальную стоимость.",https://catalog-plans.ru/catalog/46-08TK2L?utm_source=pinterest&utm_medium=organic&utm_campaign=generated_visual_plans_editorial_static_batch_54&utm_content=pin_10194_46-08TK2L_plans&utm_term=proekty-domov-s-planirovkami,,"проект дома 46-08TK2L, проект дома 283,43 м², планировка дома, планы этажей, готовый проект дома, визуализация дома, кирпич, catalog-plans.ru"
"Проект дома №62-38BAKL площадью 267,41 м² с планировками",https://raw.githubusercontent.com/nemchenik/test/fe937d328767d7f39f4856e3b3ba9c2fd0a2ffaf/pinterest/generated_batch_54_visual_plans_editorial_static/62-38BAKL.jpg,Проекты частных домов,,"Проект дома №62-38BAKL: площадь 267,41 м², 2 этажа, габариты 13.3×19.59 м, материал стен — кирпич. На карточке показаны визуализация дома и планировки этажей. Сохраните идею и откройте проект, чтобы узнать подробности и актуальную стоимость.",https://catalog-plans.ru/catalog/62-38BAKL?utm_source=pinterest&utm_medium=organic&utm_campaign=generated_visual_plans_editorial_static_batch_54&utm_content=pin_10195_62-38BAKL_plans&utm_term=proekty-domov-s-planirovkami,,"проект дома 62-38BAKL, проект дома 267,41 м², планировка дома, планы этажей, готовый проект дома, визуализация дома, кирпич, catalog-plans.ru"
"Проект дома №33-19 площадью 290,3 м² с планировками",https://raw.githubusercontent.com/nemchenik/test/fe937d328767d7f39f4856e3b3ba9c2fd0a2ffaf/pinterest/generated_batch_54_visual_plans_editorial_static/33-19.jpg,Проекты частных домов,,"Проект дома №33-19: площадь 290,3 м², 2 этажа, габариты 12.94×16.32 м, материал стен — кирпич. На карточке показаны визуализация дома и планировки этажей. Сохраните идею и откройте проект, чтобы узнать подробности и актуальную стоимость.",https://catalog-plans.ru/catalog/33-19?utm_source=pinterest&utm_medium=organic&utm_campaign=generated_visual_plans_editorial_static_batch_54&utm_content=pin_10196_33-19_plans&utm_term=proekty-domov-s-planirovkami,,"проект дома 33-19, проект дома 290,3 м², планировка дома, планы этажей, готовый проект дома, визуализация дома, кирпич, catalog-plans.ru"
Проект дома №51-34 площадью 317 м² с планировками,https://raw.githubusercontent.com/nemchenik/test/fe937d328767d7f39f4856e3b3ba9c2fd0a2ffaf/pinterest/generated_batch_54_visual_plans_editorial_static/51-34.jpg,Проекты частных домов,,"Проект дома №51-34: площадь 317 м², 3 этажа, габариты 9.6×10.7 м, материал стен — ячеистые бетонные блоки. На карточке показаны визуализация дома и планировки этажей. Сохраните идею и откройте проект, чтобы узнать подробности и актуальную стоимость.",https://catalog-plans.ru/catalog/51-34?utm_source=pinterest&utm_medium=organic&utm_campaign=generated_visual_plans_editorial_static_batch_54&utm_content=pin_10197_51-34_plans&utm_term=proekty-domov-s-planirovkami,,"проект дома 51-34, проект дома 317 м², планировка дома, планы этажей, готовый проект дома, визуализация дома, ячеистые бетонные блоки, catalog-plans.ru"
"Проект дома №33-36 площадью 126,3 м² с планировками",https://raw.githubusercontent.com/nemchenik/test/fe937d328767d7f39f4856e3b3ba9c2fd0a2ffaf/pinterest/generated_batch_54_visual_plans_editorial_static/33-36.jpg,Проекты частных домов,,"Проект дома №33-36: площадь 126,3 м², 2 этажа, габариты 9×9 м, материал стен — кирпич. На карточке показаны визуализация дома и планировки этажей. Сохраните идею и откройте проект, чтобы узнать подробности и актуальную стоимость.",https://catalog-plans.ru/catalog/33-36?utm_source=pinterest&utm_medium=organic&utm_campaign=generated_visual_plans_editorial_static_batch_54&utm_content=pin_10198_33-36_plans&utm_term=proekty-domov-s-planirovkami,,"проект дома 33-36, проект дома 126,3 м², планировка дома, планы этажей, готовый проект дома, визуализация дома, кирпич, catalog-plans.ru"
"Проект дома №59-94A площадью 125,78 м² с планировками",https://raw.githubusercontent.com/nemchenik/test/fe937d328767d7f39f4856e3b3ba9c2fd0a2ffaf/pinterest/generated_batch_54_visual_plans_editorial_static/59-94A.jpg,Проекты частных домов,,"Проект дома №59-94A: площадь 125,78 м², 2 этажа, габариты 9.8×11 м, материал стен — газобетон. На карточке показаны визуализация дома и планировки этажей. Сохраните идею и откройте проект, чтобы узнать подробности и актуальную стоимость.",https://catalog-plans.ru/catalog/59-94A?utm_source=pinterest&utm_medium=organic&utm_campaign=generated_visual_plans_editorial_static_batch_54&utm_content=pin_10199_59-94A_plans&utm_term=proekty-domov-s-planirovkami,,"проект дома 59-94A, проект дома 125,78 м², планировка дома, планы этажей, готовый проект дома, визуализация дома, газобетон, catalog-plans.ru"
"Проект дома №59-92DAE площадью 128,72 м² с планировками",https://raw.githubusercontent.com/nemchenik/test/fe937d328767d7f39f4856e3b3ba9c2fd0a2ffaf/pinterest/generated_batch_54_visual_plans_editorial_static/59-92DAE.jpg,Проекты частных домов,,"Проект дома №59-92DAE: площадь 128,72 м², 2 этажа, габариты 10.4×11.4 м, материал стен — газобетон. На карточке показаны визуализация дома и планировки этажей. Сохраните идею и откройте проект, чтобы узнать подробности и актуальную стоимость.",https://catalog-plans.ru/catalog/59-92DAE?utm_source=pinterest&utm_medium=organic&utm_campaign=generated_visual_plans_editorial_static_batch_54&utm_content=pin_10200_59-92DAE_plans&utm_term=proekty-domov-s-planirovkami,,"проект дома 59-92DAE, проект дома 128,72 м², планировка дома, планы этажей, готовый проект дома, визуализация дома, газобетон, catalog-plans.ru"
"Проект дома №63-95WA площадью 259,64 м² с планировками",https://raw.githubusercontent.com/nemchenik/test/fe937d328767d7f39f4856e3b3ba9c2fd0a2ffaf/pinterest/generated_batch_54_visual_plans_editorial_static/63-95WA.jpg,Проекты частных домов,,"Проект дома №63-95WA: площадь 259,64 м², 2 этажа, габариты 13.15×13.9 м, материал стен — газобетон. На карточке показаны визуализация дома и планировки этажей. Сохраните идею и откройте проект, чтобы узнать подробности и актуальную стоимость.",https://catalog-plans.ru/catalog/63-95WA?utm_source=pinterest&utm_medium=organic&utm_campaign=generated_visual_plans_editorial_static_batch_54&utm_content=pin_10201_63-95WA_plans&utm_term=proekty-domov-s-planirovkami,,"проект дома 63-95WA, проект дома 259,64 м², планировка дома, планы этажей, готовый проект дома, визуализация дома, газобетон, catalog-plans.ru"
"Проект дома №72-30 площадью 137,5 м² с планировками",https://raw.githubusercontent.com/nemchenik/test/fe937d328767d7f39f4856e3b3ba9c2fd0a2ffaf/pinterest/generated_batch_54_visual_plans_editorial_static/72-30.jpg,Проекты частных домов,,"Проект дома №72-30: площадь 137,5 м², 2 этажа, габариты 10.82×11.34 м, материал стен — газобетон. На карточке показаны визуализация дома и планировки этажей. Сохраните идею и откройте проект, чтобы узнать подробности и актуальную стоимость.",https://catalog-plans.ru/catalog/72-30?utm_source=pinterest&utm_medium=organic&utm_campaign=generated_visual_plans_editorial_static_batch_54&utm_content=pin_10202_72-30_plans&utm_term=proekty-domov-s-planirovkami,,"проект дома 72-30, проект дома 137,5 м², планировка дома, планы этажей, готовый проект дома, визуализация дома, газобетон, catalog-plans.ru"
"Проект дома №59-92PC площадью 162,48 м² с планировками",https://raw.githubusercontent.com/nemchenik/test/fe937d328767d7f39f4856e3b3ba9c2fd0a2ffaf/pinterest/generated_batch_54_visual_plans_editorial_static/59-92PC.jpg,Проекты частных домов,,"Проект дома №59-92PC: площадь 162,48 м², 2 этажа, габариты 12.6×10.2 м, материал стен — газобетон. На карточке показаны визуализация дома и планировки этажей. Сохраните идею и откройте проект, чтобы узнать подробности и актуальную стоимость.",https://catalog-plans.ru/catalog/59-92PC?utm_source=pinterest&utm_medium=organic&utm_campaign=generated_visual_plans_editorial_static_batch_54&utm_content=pin_10203_59-92PC_plans&utm_term=proekty-domov-s-planirovkami,,"проект дома 59-92PC, проект дома 162,48 м², планировка дома, планы этажей, готовый проект дома, визуализация дома, газобетон, catalog-plans.ru"
"Проект дома №58-87BA площадью 254,59 м² с планировками",https://raw.githubusercontent.com/nemchenik/test/fe937d328767d7f39f4856e3b3ba9c2fd0a2ffaf/pinterest/generated_batch_54_visual_plans_editorial_static/58-87BA.jpg,Проекты частных домов,,"Проект дома №58-87BA: площадь 254,59 м², 2 этажа, габариты 16.375×16.4 м, материал стен — газобетон. На карточке показаны визуализация дома и планировки этажей. Сохраните идею и откройте проект, чтобы узнать подробности и актуальную стоимость.",https://catalog-plans.ru/catalog/58-87BA?utm_source=pinterest&utm_medium=organic&utm_campaign=generated_visual_plans_editorial_static_batch_54&utm_content=pin_10204_58-87BA_plans&utm_term=proekty-domov-s-planirovkami,,"проект дома 58-87BA, проект дома 254,59 м², планировка дома, планы этажей, готовый проект дома, визуализация дома, газобетон, catalog-plans.ru"
"Проект дома №45-16CL площадью 288,32 м² с планировками",https://raw.githubusercontent.com/nemchenik/test/fe937d328767d7f39f4856e3b3ba9c2fd0a2ffaf/pinterest/generated_batch_54_visual_plans_editorial_static/45-16CL.jpg,Проекты частных домов,,"Проект дома №45-16CL: площадь 288,32 м², 2 этажа, габариты 11.87×18.15 м, материал стен — кирпич. На карточке показаны визуализация дома и планировки этажей. Сохраните идею и откройте проект, чтобы узнать подробности и актуальную стоимость.",https://catalog-plans.ru/catalog/45-16CL?utm_source=pinterest&utm_medium=organic&utm_campaign=generated_visual_plans_editorial_static_batch_54&utm_content=pin_10205_45-16CL_plans&utm_term=proekty-domov-s-planirovkami,,"проект дома 45-16CL, проект дома 288,32 м², планировка дома, планы этажей, готовый проект дома, визуализация дома, кирпич, catalog-plans.ru"
"Проект дома №45-64NFKL площадью 269,17 м² с планировками",https://raw.githubusercontent.com/nemchenik/test/fe937d328767d7f39f4856e3b3ba9c2fd0a2ffaf/pinterest/generated_batch_54_visual_plans_editorial_static/45-64NFKL.jpg,Проекты частных домов,,"Проект дома №45-64NFKL: площадь 269,17 м², 2 этажа, габариты 13.8×19.3 м, материал стен — кирпич. На карточке показаны визуализация дома и планировки этажей. Сохраните идею и откройте проект, чтобы узнать подробности и актуальную стоимость.",https://catalog-plans.ru/catalog/45-64NFKL?utm_source=pinterest&utm_medium=organic&utm_campaign=generated_visual_plans_editorial_static_batch_54&utm_content=pin_10206_45-64NFKL_plans&utm_term=proekty-domov-s-planirovkami,,"проект дома 45-64NFKL, проект дома 269,17 м², планировка дома, планы этажей, готовый проект дома, визуализация дома, кирпич, catalog-plans.ru"
"Проект дома №57-37BL площадью 133,22 м² с планировками",https://raw.githubusercontent.com/nemchenik/test/fe937d328767d7f39f4856e3b3ba9c2fd0a2ffaf/pinterest/generated_batch_54_visual_plans_editorial_static/57-37BL.jpg,Проекты частных домов,,"Проект дома №57-37BL: площадь 133,22 м², 1 этаж, габариты 9.16×10.66 м, материал стен — газобетон. На карточке показаны визуализация дома и планировки этажей. Сохраните идею и откройте проект, чтобы узнать подробности и актуальную стоимость.",https://catalog-plans.ru/catalog/57-37BL?utm_source=pinterest&utm_medium=organic&utm_campaign=generated_visual_plans_editorial_static_batch_54&utm_content=pin_10207_57-37BL_plans&utm_term=proekty-domov-s-planirovkami,,"проект дома 57-37BL, проект дома 133,22 м², планировка дома, планы этажей, готовый проект дома, визуализация дома, газобетон, catalog-plans.ru"
"Проект дома №57-62TABG3L площадью 215,01 м² с планировками",https://raw.githubusercontent.com/nemchenik/test/fe937d328767d7f39f4856e3b3ba9c2fd0a2ffaf/pinterest/generated_batch_54_visual_plans_editorial_static/57-62TABG3L.jpg,Проекты частных домов,,"Проект дома №57-62TABG3L: площадь 215,01 м², 2 этажа, габариты 12×14.85 м, материал стен — газобетон. На карточке показаны визуализация дома и планировки этажей. Сохраните идею и откройте проект, чтобы узнать подробности и актуальную стоимость.",https://catalog-plans.ru/catalog/57-62TABG3L?utm_source=pinterest&utm_medium=organic&utm_campaign=generated_visual_plans_editorial_static_batch_54&utm_content=pin_10208_57-62TABG3L_plans&utm_term=proekty-domov-s-planirovkami,,"проект дома 57-62TABG3L, проект дома 215,01 м², планировка дома, планы этажей, готовый проект дома, визуализация дома, газобетон, catalog-plans.ru"
"Проект дома №59-93WK3L площадью 329,18 м² с планировками",https://raw.githubusercontent.com/nemchenik/test/fe937d328767d7f39f4856e3b3ba9c2fd0a2ffaf/pinterest/generated_batch_54_visual_plans_editorial_static/59-93WK3L.jpg,Проекты частных домов,,"Проект дома №59-93WK3L: площадь 329,18 м², 2 этажа, габариты 13.73×15.65 м, материал стен — кирпич. На карточке показаны визуализация дома и планировки этажей. Сохраните идею и откройте проект, чтобы узнать подробности и актуальную стоимость.",https://catalog-plans.ru/catalog/59-93WK3L?utm_source=pinterest&utm_medium=organic&utm_campaign=generated_visual_plans_editorial_static_batch_54&utm_content=pin_10209_59-93WK3L_plans&utm_term=proekty-domov-s-planirovkami,,"проект дома 59-93WK3L, проект дома 329,18 м², планировка дома, планы этажей, готовый проект дома, визуализация дома, кирпич, catalog-plans.ru"
"Проект дома №63-82AL площадью 229,29 м² с планировками",https://raw.githubusercontent.com/nemchenik/test/fe937d328767d7f39f4856e3b3ba9c2fd0a2ffaf/pinterest/generated_batch_54_visual_plans_editorial_static/63-82AL.jpg,Проекты частных домов,,"Проект дома №63-82AL: площадь 229,29 м², 2 этажа, габариты 12.4×17 м, материал стен — газобетон. На карточке показаны визуализация дома и планировки этажей. Сохраните идею и откройте проект, чтобы узнать подробности и актуальную стоимость.",https://catalog-plans.ru/catalog/63-82AL?utm_source=pinterest&utm_medium=organic&utm_campaign=generated_visual_plans_editorial_static_batch_54&utm_content=pin_10210_63-82AL_plans&utm_term=proekty-domov-s-planirovkami,,"проект дома 63-82AL, проект дома 229,29 м², планировка дома, планы этажей, готовый проект дома, визуализация дома, газобетон, catalog-plans.ru"
"Проект дома №51-13 площадью 149,5 м² с планировками",https://raw.githubusercontent.com/nemchenik/test/fe937d328767d7f39f4856e3b3ba9c2fd0a2ffaf/pinterest/generated_batch_54_visual_plans_editorial_static/51-13.jpg,Проекты частных домов,,"Проект дома №51-13: площадь 149,5 м², 2 этажа, габариты 10.3×11.4 м, материал стен — газобетон. На карточке показаны визуализация дома и планировки этажей. Сохраните идею и откройте проект, чтобы узнать подробности и актуальную стоимость.",https://catalog-plans.ru/catalog/51-13?utm_source=pinterest&utm_medium=organic&utm_campaign=generated_visual_plans_editorial_static_batch_54&utm_content=pin_10211_51-13_plans&utm_term=proekty-domov-s-planirovkami,,"проект дома 51-13, проект дома 149,5 м², планировка дома, планы этажей, готовый проект дома, визуализация дома, газобетон, catalog-plans.ru"
"Проект дома №57-62TDAK1L площадью 307,38 м² с планировками",https://raw.githubusercontent.com/nemchenik/test/fe937d328767d7f39f4856e3b3ba9c2fd0a2ffaf/pinterest/generated_batch_54_visual_plans_editorial_static/57-62TDAK1L.jpg,Проекты частных домов,,"Проект дома №57-62TDAK1L: площадь 307,38 м², 2 этажа, габариты 14.96×20.04 м, материал стен — кирпич. На карточке показаны визуализация дома и планировки этажей. Сохраните идею и откройте проект, чтобы узнать подробности и актуальную стоимость.",https://catalog-plans.ru/catalog/57-62TDAK1L?utm_source=pinterest&utm_medium=organic&utm_campaign=generated_visual_plans_editorial_static_batch_54&utm_content=pin_10212_57-62TDAK1L_plans&utm_term=proekty-domov-s-planirovkami,,"проект дома 57-62TDAK1L, проект дома 307,38 м², планировка дома, планы этажей, готовый проект дома, визуализация дома, кирпич, catalog-plans.ru"
"Проект дома №59-84L площадью 183,23 м² с планировками",https://raw.githubusercontent.com/nemchenik/test/fe937d328767d7f39f4856e3b3ba9c2fd0a2ffaf/pinterest/generated_batch_54_visual_plans_editorial_static/59-84L.jpg,Проекты частных домов,,"Проект дома №59-84L: площадь 183,23 м², 2 этажа, габариты 11.2×13.1 м, материал стен — газобетон. На карточке показаны визуализация дома и планировки этажей. Сохраните идею и откройте проект, чтобы узнать подробности и актуальную стоимость.",https://catalog-plans.ru/catalog/59-84L?utm_source=pinterest&utm_medium=organic&utm_campaign=generated_visual_plans_editorial_static_batch_54&utm_content=pin_10213_59-84L_plans&utm_term=proekty-domov-s-planirovkami,,"проект дома 59-84L, проект дома 183,23 м², планировка дома, планы этажей, готовый проект дома, визуализация дома, газобетон, catalog-plans.ru"
"Проект дома №57-65K площадью 218,87 м² с планировками",https://raw.githubusercontent.com/nemchenik/test/fe937d328767d7f39f4856e3b3ba9c2fd0a2ffaf/pinterest/generated_batch_54_visual_plans_editorial_static/57-65K.jpg,Проекты частных домов,,"Проект дома №57-65K: площадь 218,87 м², 2 этажа, габариты 9.5×9.5 м, материал стен — кирпич. На карточке показаны визуализация дома и планировки этажей. Сохраните идею и откройте проект, чтобы узнать подробности и актуальную стоимость.",https://catalog-plans.ru/catalog/57-65K?utm_source=pinterest&utm_medium=organic&utm_campaign=generated_visual_plans_editorial_static_batch_54&utm_content=pin_10214_57-65K_plans&utm_term=proekty-domov-s-planirovkami,,"проект дома 57-65K, проект дома 218,87 м², планировка дома, планы этажей, готовый проект дома, визуализация дома, кирпич, catalog-plans.ru"
"Проект дома №61-23C площадью 146,51 м² с планировками",https://raw.githubusercontent.com/nemchenik/test/fe937d328767d7f39f4856e3b3ba9c2fd0a2ffaf/pinterest/generated_batch_54_visual_plans_editorial_static/61-23C.jpg,Проекты частных домов,,"Проект дома №61-23C: площадь 146,51 м², 2 этажа, габариты 8.4×10.4 м, материал стен — газобетон. На карточке показаны визуализация дома и планировки этажей. Сохраните идею и откройте проект, чтобы узнать подробности и актуальную стоимость.",https://catalog-plans.ru/catalog/61-23C?utm_source=pinterest&utm_medium=organic&utm_campaign=generated_visual_plans_editorial_static_batch_54&utm_content=pin_10215_61-23C_plans&utm_term=proekty-domov-s-planirovkami,,"проект дома 61-23C, проект дома 146,51 м², планировка дома, планы этажей, готовый проект дома, визуализация дома, газобетон, catalog-plans.ru"
"Проект дома №40-09B площадью 269,44 м² с планировками",https://raw.githubusercontent.com/nemchenik/test/fe937d328767d7f39f4856e3b3ba9c2fd0a2ffaf/pinterest/generated_batch_54_visual_plans_editorial_static/40-09B.jpg,Проекты частных домов,,"Проект дома №40-09B: площадь 269,44 м², 2 этажа, габариты 15.1×15.82 м, материал стен — кирпич. На карточке показаны визуализация дома и планировки этажей. Сохраните идею и откройте проект, чтобы узнать подробности и актуальную стоимость.",https://catalog-plans.ru/catalog/40-09B?utm_source=pinterest&utm_medium=organic&utm_campaign=generated_visual_plans_editorial_static_batch_54&utm_content=pin_10216_40-09B_plans&utm_term=proekty-domov-s-planirovkami,,"проект дома 40-09B, проект дома 269,44 м², планировка дома, планы этажей, готовый проект дома, визуализация дома, кирпич, catalog-plans.ru"
Проект дома №47-35 площадью 294 м² с планировками,https://raw.githubusercontent.com/nemchenik/test/fe937d328767d7f39f4856e3b3ba9c2fd0a2ffaf/pinterest/generated_batch_54_visual_plans_editorial_static/47-35.jpg,Проекты частных домов,,"Проект дома №47-35: площадь 294 м², 2 этажа, габариты 14.51×15.44 м, материал стен — кирпич. На карточке показаны визуализация дома и планировки этажей. Сохраните идею и откройте проект, чтобы узнать подробности и актуальную стоимость.",https://catalog-plans.ru/catalog/47-35?utm_source=pinterest&utm_medium=organic&utm_campaign=generated_visual_plans_editorial_static_batch_54&utm_content=pin_10217_47-35_plans&utm_term=proekty-domov-s-planirovkami,,"проект дома 47-35, проект дома 294 м², планировка дома, планы этажей, готовый проект дома, визуализация дома, кирпич, catalog-plans.ru"
"Проект дома №59-70 площадью 227,6 м² с планировками",https://raw.githubusercontent.com/nemchenik/test/fe937d328767d7f39f4856e3b3ba9c2fd0a2ffaf/pinterest/generated_batch_54_visual_plans_editorial_static/59-70.jpg,Проекты частных домов,,"Проект дома №59-70: площадь 227,6 м², 2 этажа, габариты 15.97×18.9 м, материал стен — натурального камня. На карточке показаны визуализация дома и планировки этажей. Сохраните идею и откройте проект, чтобы узнать подробности и актуальную стоимость.",https://catalog-plans.ru/catalog/59-70?utm_source=pinterest&utm_medium=organic&utm_campaign=generated_visual_plans_editorial_static_batch_54&utm_content=pin_10218_59-70_plans&utm_term=proekty-domov-s-planirovkami,,"проект дома 59-70, проект дома 227,6 м², планировка дома, планы этажей, готовый проект дома, визуализация дома, натурального камня, catalog-plans.ru"
"Проект дома №59-93DALW площадью 250,55 м² с планировками",https://raw.githubusercontent.com/nemchenik/test/fe937d328767d7f39f4856e3b3ba9c2fd0a2ffaf/pinterest/generated_batch_54_visual_plans_editorial_static/59-93DALW.jpg,Проекты частных домов,,"Проект дома №59-93DALW: площадь 250,55 м², 2 этажа, габариты 15.06×15.25 м, материал стен — газобетон. На карточке показаны визуализация дома и планировки этажей. Сохраните идею и откройте проект, чтобы узнать подробности и актуальную стоимость.",https://catalog-plans.ru/catalog/59-93DALW?utm_source=pinterest&utm_medium=organic&utm_campaign=generated_visual_plans_editorial_static_batch_54&utm_content=pin_10219_59-93DALW_plans&utm_term=proekty-domov-s-planirovkami,,"проект дома 59-93DALW, проект дома 250,55 м², планировка дома, планы этажей, готовый проект дома, визуализация дома, газобетон, catalog-plans.ru"
"Проект дома №55-91 площадью 108,9 м² с планировками",https://raw.githubusercontent.com/nemchenik/test/fe937d328767d7f39f4856e3b3ba9c2fd0a2ffaf/pinterest/generated_batch_54_visual_plans_editorial_static/55-91.jpg,Проекты частных домов,,"Проект дома №55-91: площадь 108,9 м², 2 этажа, габариты 8.7×8.7 м, материал стен — газобетон. На карточке показаны визуализация дома и планировки этажей. Сохраните идею и откройте проект, чтобы узнать подробности и актуальную стоимость.",https://catalog-plans.ru/catalog/55-91?utm_source=pinterest&utm_medium=organic&utm_campaign=generated_visual_plans_editorial_static_batch_54&utm_content=pin_10220_55-91_plans&utm_term=proekty-domov-s-planirovkami,,"проект дома 55-91, проект дома 108,9 м², планировка дома, планы этажей, готовый проект дома, визуализация дома, газобетон, catalog-plans.ru"
"Проект дома №45-45L площадью 230,5 м² с планировками",https://raw.githubusercontent.com/nemchenik/test/fe937d328767d7f39f4856e3b3ba9c2fd0a2ffaf/pinterest/generated_batch_54_visual_plans_editorial_static/45-45L.jpg,Проекты частных домов,,"Проект дома №45-45L: площадь 230,5 м², 2 этажа, габариты 13.34×15.44 м, материал стен — кирпич. На карточке показаны визуализация дома и планировки этажей. Сохраните идею и откройте проект, чтобы узнать подробности и актуальную стоимость.",https://catalog-plans.ru/catalog/45-45L?utm_source=pinterest&utm_medium=organic&utm_campaign=generated_visual_plans_editorial_static_batch_54&utm_content=pin_10221_45-45L_plans&utm_term=proekty-domov-s-planirovkami,,"проект дома 45-45L, проект дома 230,5 м², планировка дома, планы этажей, готовый проект дома, визуализация дома, кирпич, catalog-plans.ru"
"Проект дома №68-69L площадью 339,71 м² с планировками",https://raw.githubusercontent.com/nemchenik/test/fe937d328767d7f39f4856e3b3ba9c2fd0a2ffaf/pinterest/generated_batch_54_visual_plans_editorial_static/68-69L.jpg,Проекты частных домов,,"Проект дома №68-69L: площадь 339,71 м², 2 этажа, габариты 20×20.92 м, материал стен — газобетон. На карточке показаны визуализация дома и планировки этажей. Сохраните идею и откройте проект, чтобы узнать подробности и актуальную стоимость.",https://catalog-plans.ru/catalog/68-69L?utm_source=pinterest&utm_medium=organic&utm_campaign=generated_visual_plans_editorial_static_batch_54&utm_content=pin_10222_68-69L_plans&utm_term=proekty-domov-s-planirovkami,,"проект дома 68-69L, проект дома 339,71 м², планировка дома, планы этажей, готовый проект дома, визуализация дома, газобетон, catalog-plans.ru"
"Проект дома №57-27NM площадью 174,31 м² с планировками",https://raw.githubusercontent.com/nemchenik/test/fe937d328767d7f39f4856e3b3ba9c2fd0a2ffaf/pinterest/generated_batch_54_visual_plans_editorial_static/57-27NM.jpg,Проекты частных домов,,"Проект дома №57-27NM: площадь 174,31 м², 2 этажа, габариты 11.2×11.7 м, материал стен — монолитный каркас. На карточке показаны визуализация дома и планировки этажей. Сохраните идею и откройте проект, чтобы узнать подробности и актуальную стоимость.",https://catalog-plans.ru/catalog/57-27NM?utm_source=pinterest&utm_medium=organic&utm_campaign=generated_visual_plans_editorial_static_batch_54&utm_content=pin_10223_57-27NM_plans&utm_term=proekty-domov-s-planirovkami,,"проект дома 57-27NM, проект дома 174,31 м², планировка дома, планы этажей, готовый проект дома, визуализация дома, монолитный каркас, catalog-plans.ru"
"Проект дома №68-75 площадью 127,86 м² с планировками",https://raw.githubusercontent.com/nemchenik/test/fe937d328767d7f39f4856e3b3ba9c2fd0a2ffaf/pinterest/generated_batch_54_visual_plans_editorial_static/68-75.jpg,Проекты частных домов,,"Проект дома №68-75: площадь 127,86 м², 1 этаж, габариты 12.05×15.1 м, материал стен — газобетон. На карточке показаны визуализация дома и планировки этажей. Сохраните идею и откройте проект, чтобы узнать подробности и актуальную стоимость.",https://catalog-plans.ru/catalog/68-75?utm_source=pinterest&utm_medium=organic&utm_campaign=generated_visual_plans_editorial_static_batch_54&utm_content=pin_10224_68-75_plans&utm_term=proekty-domov-s-planirovkami,,"проект дома 68-75, проект дома 127,86 м², планировка дома, планы этажей, готовый проект дома, визуализация дома, газобетон, catalog-plans.ru"
"Проект дома №59-95AK площадью 208,65 м² с планировками",https://raw.githubusercontent.com/nemchenik/test/fe937d328767d7f39f4856e3b3ba9c2fd0a2ffaf/pinterest/generated_batch_54_visual_plans_editorial_static/59-95AK.jpg,Проекты частных домов,,"Проект дома №59-95AK: площадь 208,65 м², 2 этажа, габариты 12.1×13.6 м, материал стен — кирпич. На карточке показаны визуализация дома и планировки этажей. Сохраните идею и откройте проект, чтобы узнать подробности и актуальную стоимость.",https://catalog-plans.ru/catalog/59-95AK?utm_source=pinterest&utm_medium=organic&utm_campaign=generated_visual_plans_editorial_static_batch_54&utm_content=pin_10225_59-95AK_plans&utm_term=proekty-domov-s-planirovkami,,"проект дома 59-95AK, проект дома 208,65 м², планировка дома, планы этажей, готовый проект дома, визуализация дома, кирпич, catalog-plans.ru"
"Проект дома №49-70AG площадью 188,98 м² с планировками",https://raw.githubusercontent.com/nemchenik/test/fe937d328767d7f39f4856e3b3ba9c2fd0a2ffaf/pinterest/generated_batch_54_visual_plans_editorial_static/49-70AG.jpg,Проекты частных домов,,"Проект дома №49-70AG: площадь 188,98 м², 2 этажа, габариты 13.26×15.53 м, материал стен — газобетон. На карточке показаны визуализация дома и планировки этажей. Сохраните идею и откройте проект, чтобы узнать подробности и актуальную стоимость.",https://catalog-plans.ru/catalog/49-70AG?utm_source=pinterest&utm_medium=organic&utm_campaign=generated_visual_plans_editorial_static_batch_54&utm_content=pin_10226_49-70AG_plans&utm_term=proekty-domov-s-planirovkami,,"проект дома 49-70AG, проект дома 188,98 м², планировка дома, планы этажей, готовый проект дома, визуализация дома, газобетон, catalog-plans.ru"
"Проект дома №62-41BL площадью 151,07 м² с планировками",https://raw.githubusercontent.com/nemchenik/test/fe937d328767d7f39f4856e3b3ba9c2fd0a2ffaf/pinterest/generated_batch_54_visual_plans_editorial_static/62-41BL.jpg,Проекты частных домов,,"Проект дома №62-41BL: площадь 151,07 м², 2 этажа, габариты 10.92×13.05 м, материал стен — газобетон. На карточке показаны визуализация дома и планировки этажей. Сохраните идею и откройте проект, чтобы узнать подробности и актуальную стоимость.",https://catalog-plans.ru/catalog/62-41BL?utm_source=pinterest&utm_medium=organic&utm_campaign=generated_visual_plans_editorial_static_batch_54&utm_content=pin_10227_62-41BL_plans&utm_term=proekty-domov-s-planirovkami,,"проект дома 62-41BL, проект дома 151,07 м², планировка дома, планы этажей, готовый проект дома, визуализация дома, газобетон, catalog-plans.ru"
Проект дома №57-62CB площадью 202 м² с планировками,https://raw.githubusercontent.com/nemchenik/test/fe937d328767d7f39f4856e3b3ba9c2fd0a2ffaf/pinterest/generated_batch_54_visual_plans_editorial_static/57-62CB.jpg,Проекты частных домов,,"Проект дома №57-62CB: площадь 202 м², 2 этажа, габариты 13.04×10.24 м, материал стен — газобетон. На карточке показаны визуализация дома и планировки этажей. Сохраните идею и откройте проект, чтобы узнать подробности и актуальную стоимость.",https://catalog-plans.ru/catalog/57-62CB?utm_source=pinterest&utm_medium=organic&utm_campaign=generated_visual_plans_editorial_static_batch_54&utm_content=pin_10228_57-62CB_plans&utm_term=proekty-domov-s-planirovkami,,"проект дома 57-62CB, проект дома 202 м², планировка дома, планы этажей, готовый проект дома, визуализация дома, газобетон, catalog-plans.ru"
"Проект дома №40-70AGL площадью 180,37 м² с планировками",https://raw.githubusercontent.com/nemchenik/test/fe937d328767d7f39f4856e3b3ba9c2fd0a2ffaf/pinterest/generated_batch_54_visual_plans_editorial_static/40-70AGL.jpg,Проекты частных домов,,"Проект дома №40-70AGL: площадь 180,37 м², 2 этажа, габариты 9.16×17.71 м, материал стен — газобетон. На карточке показаны визуализация дома и планировки этажей. Сохраните идею и откройте проект, чтобы узнать подробности и актуальную стоимость.",https://catalog-plans.ru/catalog/40-70AGL?utm_source=pinterest&utm_medium=organic&utm_campaign=generated_visual_plans_editorial_static_batch_54&utm_content=pin_10229_40-70AGL_plans&utm_term=proekty-domov-s-planirovkami,,"проект дома 40-70AGL, проект дома 180,37 м², планировка дома, планы этажей, готовый проект дома, визуализация дома, газобетон, catalog-plans.ru"
"Проект дома №36-80 площадью 120,4 м² с планировками",https://raw.githubusercontent.com/nemchenik/test/fe937d328767d7f39f4856e3b3ba9c2fd0a2ffaf/pinterest/generated_batch_54_visual_plans_editorial_static/36-80.jpg,Проекты частных домов,,"Проект дома №36-80: площадь 120,4 м², 2 этажа, габариты 9.32×9.32 м, материал стен — газобетон. На карточке показаны визуализация дома и планировки этажей. Сохраните идею и откройте проект, чтобы узнать подробности и актуальную стоимость.",https://catalog-plans.ru/catalog/36-80?utm_source=pinterest&utm_medium=organic&utm_campaign=generated_visual_plans_editorial_static_batch_54&utm_content=pin_10230_36-80_plans&utm_term=proekty-domov-s-planirovkami,,"проект дома 36-80, проект дома 120,4 м², планировка дома, планы этажей, готовый проект дома, визуализация дома, газобетон, catalog-plans.ru"
"Проект дома №58-87K1L площадью 195,74 м² с планировками",https://raw.githubusercontent.com/nemchenik/test/fe937d328767d7f39f4856e3b3ba9c2fd0a2ffaf/pinterest/generated_batch_54_visual_plans_editorial_static/58-87K1L.jpg,Проекты частных домов,,"Проект дома №58-87K1L: площадь 195,74 м², 2 этажа, габариты 11.82×15.12 м, материал стен — кирпич. На карточке показаны визуализация дома и планировки этажей. Сохраните идею и откройте проект, чтобы узнать подробности и актуальную стоимость.",https://catalog-plans.ru/catalog/58-87K1L?utm_source=pinterest&utm_medium=organic&utm_campaign=generated_visual_plans_editorial_static_batch_54&utm_content=pin_10231_58-87K1L_plans&utm_term=proekty-domov-s-planirovkami,,"проект дома 58-87K1L, проект дома 195,74 м², планировка дома, планы этажей, готовый проект дома, визуализация дома, кирпич, catalog-plans.ru"
Проект дома №60-36 площадью 87 м² с планировками,https://raw.githubusercontent.com/nemchenik/test/fe937d328767d7f39f4856e3b3ba9c2fd0a2ffaf/pinterest/generated_batch_54_visual_plans_editorial_static/60-36.jpg,Проекты частных домов,,"Проект дома №60-36: площадь 87 м², 2 этажа, габариты 7.99×10.29 м, материал стен — газобетон. На карточке показаны визуализация дома и планировки этажей. Сохраните идею и откройте проект, чтобы узнать подробности и актуальную стоимость.",https://catalog-plans.ru/catalog/60-36?utm_source=pinterest&utm_medium=organic&utm_campaign=generated_visual_plans_editorial_static_batch_54&utm_content=pin_10232_60-36_plans&utm_term=proekty-domov-s-planirovkami,,"проект дома 60-36, проект дома 87 м², планировка дома, планы этажей, готовый проект дома, визуализация дома, газобетон, catalog-plans.ru"
"Проект дома №40-26G площадью 324,68 м² с планировками",https://raw.githubusercontent.com/nemchenik/test/fe937d328767d7f39f4856e3b3ba9c2fd0a2ffaf/pinterest/generated_batch_54_visual_plans_editorial_static/40-26G.jpg,Проекты частных домов,,"Проект дома №40-26G: площадь 324,68 м², 2 этажа, габариты 16.41×22.07 м, материал стен — газобетон. На карточке показаны визуализация дома и планировки этажей. Сохраните идею и откройте проект, чтобы узнать подробности и актуальную стоимость.",https://catalog-plans.ru/catalog/40-26G?utm_source=pinterest&utm_medium=organic&utm_campaign=generated_visual_plans_editorial_static_batch_54&utm_content=pin_10233_40-26G_plans&utm_term=proekty-domov-s-planirovkami,,"проект дома 40-26G, проект дома 324,68 м², планировка дома, планы этажей, готовый проект дома, визуализация дома, газобетон, catalog-plans.ru"
"Проект дома №40-76EL площадью 273,53 м² с планировками",https://raw.githubusercontent.com/nemchenik/test/fe937d328767d7f39f4856e3b3ba9c2fd0a2ffaf/pinterest/generated_batch_54_visual_plans_editorial_static/40-76EL.jpg,Проекты частных домов,,"Проект дома №40-76EL: площадь 273,53 м², 2 этажа, габариты 14.92×18.6 м, материал стен — кирпич. На карточке показаны визуализация дома и планировки этажей. Сохраните идею и откройте проект, чтобы узнать подробности и актуальную стоимость.",https://catalog-plans.ru/catalog/40-76EL?utm_source=pinterest&utm_medium=organic&utm_campaign=generated_visual_plans_editorial_static_batch_54&utm_content=pin_10234_40-76EL_plans&utm_term=proekty-domov-s-planirovkami,,"проект дома 40-76EL, проект дома 273,53 м², планировка дома, планы этажей, готовый проект дома, визуализация дома, кирпич, catalog-plans.ru"
"Проект дома №70-93G площадью 161,29 м² с планировками",https://raw.githubusercontent.com/nemchenik/test/fe937d328767d7f39f4856e3b3ba9c2fd0a2ffaf/pinterest/generated_batch_54_visual_plans_editorial_static/70-93G.jpg,Проекты частных домов,,"Проект дома №70-93G: площадь 161,29 м², 1 этаж, габариты 11.7×20.9 м, материал стен — газобетон. На карточке показаны визуализация дома и планировки этажей. Сохраните идею и откройте проект, чтобы узнать подробности и актуальную стоимость.",https://catalog-plans.ru/catalog/70-93G?utm_source=pinterest&utm_medium=organic&utm_campaign=generated_visual_plans_editorial_static_batch_54&utm_content=pin_10235_70-93G_plans&utm_term=proekty-domov-s-planirovkami,,"проект дома 70-93G, проект дома 161,29 м², планировка дома, планы этажей, готовый проект дома, визуализация дома, газобетон, catalog-plans.ru"
"Проект дома №60-73 площадью 198,1 м² с планировками",https://raw.githubusercontent.com/nemchenik/test/fe937d328767d7f39f4856e3b3ba9c2fd0a2ffaf/pinterest/generated_batch_54_visual_plans_editorial_static/60-73.jpg,Проекты частных домов,,"Проект дома №60-73: площадь 198,1 м², 2 этажа, габариты 12×18.4 м, материал стен — газобетон. На карточке показаны визуализация дома и планировки этажей. Сохраните идею и откройте проект, чтобы узнать подробности и актуальную стоимость.",https://catalog-plans.ru/catalog/60-73?utm_source=pinterest&utm_medium=organic&utm_campaign=generated_visual_plans_editorial_static_batch_54&utm_content=pin_10236_60-73_plans&utm_term=proekty-domov-s-planirovkami,,"проект дома 60-73, проект дома 198,1 м², планировка дома, планы этажей, готовый проект дома, визуализация дома, газобетон, catalog-plans.ru"
"Проект дома №57-39N площадью 308,63 м² с планировками",https://raw.githubusercontent.com/nemchenik/test/fe937d328767d7f39f4856e3b3ba9c2fd0a2ffaf/pinterest/generated_batch_54_visual_plans_editorial_static/57-39N.jpg,Проекты частных домов,,"Проект дома №57-39N: площадь 308,63 м², 2 этажа, габариты 11.2×14.4 м, материал стен — газобетон. На карточке показаны визуализация дома и планировки этажей. Сохраните идею и откройте проект, чтобы узнать подробности и актуальную стоимость.",https://catalog-plans.ru/catalog/57-39N?utm_source=pinterest&utm_medium=organic&utm_campaign=generated_visual_plans_editorial_static_batch_54&utm_content=pin_10237_57-39N_plans&utm_term=proekty-domov-s-planirovkami,,"проект дома 57-39N, проект дома 308,63 м², планировка дома, планы этажей, готовый проект дома, визуализация дома, газобетон, catalog-plans.ru"
"Проект дома №33-87 площадью 268,8 м² с планировками",https://raw.githubusercontent.com/nemchenik/test/fe937d328767d7f39f4856e3b3ba9c2fd0a2ffaf/pinterest/generated_batch_54_visual_plans_editorial_static/33-87.jpg,Проекты частных домов,,"Проект дома №33-87: площадь 268,8 м², 3 этажа, габариты 12.8×14.6 м, материал стен — кирпич. На карточке показаны визуализация дома и планировки этажей. Сохраните идею и откройте проект, чтобы узнать подробности и актуальную стоимость.",https://catalog-plans.ru/catalog/33-87?utm_source=pinterest&utm_medium=organic&utm_campaign=generated_visual_plans_editorial_static_batch_54&utm_content=pin_10238_33-87_plans&utm_term=proekty-domov-s-planirovkami,,"проект дома 33-87, проект дома 268,8 м², планировка дома, планы этажей, готовый проект дома, визуализация дома, кирпич, catalog-plans.ru"
"Проект дома №57-05XB площадью 170,9 м² с планировками",https://raw.githubusercontent.com/nemchenik/test/fe937d328767d7f39f4856e3b3ba9c2fd0a2ffaf/pinterest/generated_batch_54_visual_plans_editorial_static/57-05XB.jpg,Проекты частных домов,,"Проект дома №57-05XB: площадь 170,9 м², 2 этажа, габариты 10.88×10.88 м, материал стен — газобетон. На карточке показаны визуализация дома и планировки этажей. Сохраните идею и откройте проект, чтобы узнать подробности и актуальную стоимость.",https://catalog-plans.ru/catalog/57-05XB?utm_source=pinterest&utm_medium=organic&utm_campaign=generated_visual_plans_editorial_static_batch_54&utm_content=pin_10239_57-05XB_plans&utm_term=proekty-domov-s-planirovkami,,"проект дома 57-05XB, проект дома 170,9 м², планировка дома, планы этажей, готовый проект дома, визуализация дома, газобетон, catalog-plans.ru"
"Проект дома №48-11 площадью 212,6 м² с планировками",https://raw.githubusercontent.com/nemchenik/test/fe937d328767d7f39f4856e3b3ba9c2fd0a2ffaf/pinterest/generated_batch_54_visual_plans_editorial_static/48-11.jpg,Проекты частных домов,,"Проект дома №48-11: площадь 212,6 м², 2 этажа, габариты 11.2×13.8 м, материал стен — газобетон. На карточке показаны визуализация дома и планировки этажей. Сохраните идею и откройте проект, чтобы узнать подробности и актуальную стоимость.",https://catalog-plans.ru/catalog/48-11?utm_source=pinterest&utm_medium=organic&utm_campaign=generated_visual_plans_editorial_static_batch_54&utm_content=pin_10240_48-11_plans&utm_term=proekty-domov-s-planirovkami,,"проект дома 48-11, проект дома 212,6 м², планировка дома, планы этажей, готовый проект дома, визуализация дома, газобетон, catalog-plans.ru"
"Проект дома №58-66ML площадью 363,9 м² с планировками",https://raw.githubusercontent.com/nemchenik/test/fe937d328767d7f39f4856e3b3ba9c2fd0a2ffaf/pinterest/generated_batch_54_visual_plans_editorial_static/58-66ML.jpg,Проекты частных домов,,"Проект дома №58-66ML: площадь 363,9 м², 2 этажа, габариты 14.16×18.7 м, материал стен — газобетон. На карточке показаны визуализация дома и планировки этажей. Сохраните идею и откройте проект, чтобы узнать подробности и актуальную стоимость.",https://catalog-plans.ru/catalog/58-66ML?utm_source=pinterest&utm_medium=organic&utm_campaign=generated_visual_plans_editorial_static_batch_54&utm_content=pin_10241_58-66ML_plans&utm_term=proekty-domov-s-planirovkami,,"проект дома 58-66ML, проект дома 363,9 м², планировка дома, планы этажей, готовый проект дома, визуализация дома, газобетон, catalog-plans.ru"
"Проект дома №61-30L площадью 407,7 м² с планировками",https://raw.githubusercontent.com/nemchenik/test/fe937d328767d7f39f4856e3b3ba9c2fd0a2ffaf/pinterest/generated_batch_54_visual_plans_editorial_static/61-30L.jpg,Проекты частных домов,,"Проект дома №61-30L: площадь 407,7 м², 2 этажа, габариты 18.89×29.2 м, материал стен — газобетон. На карточке показаны визуализация дома и планировки этажей. Сохраните идею и откройте проект, чтобы узнать подробности и актуальную стоимость.",https://catalog-plans.ru/catalog/61-30L?utm_source=pinterest&utm_medium=organic&utm_campaign=generated_visual_plans_editorial_static_batch_54&utm_content=pin_10242_61-30L_plans&utm_term=proekty-domov-s-planirovkami,,"проект дома 61-30L, проект дома 407,7 м², планировка дома, планы этажей, готовый проект дома, визуализация дома, газобетон, catalog-plans.ru"
"Проект дома №57-53K площадью 240,69 м² с планировками",https://raw.githubusercontent.com/nemchenik/test/fe937d328767d7f39f4856e3b3ba9c2fd0a2ffaf/pinterest/generated_batch_54_visual_plans_editorial_static/57-53K.jpg,Проекты частных домов,,"Проект дома №57-53K: площадь 240,69 м², 2 этажа, габариты 12.8×14.13 м, материал стен — кирпич. На карточке показаны визуализация дома и планировки этажей. Сохраните идею и откройте проект, чтобы узнать подробности и актуальную стоимость.",https://catalog-plans.ru/catalog/57-53K?utm_source=pinterest&utm_medium=organic&utm_campaign=generated_visual_plans_editorial_static_batch_54&utm_content=pin_10243_57-53K_plans&utm_term=proekty-domov-s-planirovkami,,"проект дома 57-53K, проект дома 240,69 м², планировка дома, планы этажей, готовый проект дома, визуализация дома, кирпич, catalog-plans.ru"
Проект дома №32-89 площадью 167 м² с планировками,https://raw.githubusercontent.com/nemchenik/test/fe937d328767d7f39f4856e3b3ba9c2fd0a2ffaf/pinterest/generated_batch_54_visual_plans_editorial_static/32-89.jpg,Проекты частных домов,,"Проект дома №32-89: площадь 167 м², 2 этажа, габариты 9.3×12.3 м, материал стен — кирпич. На карточке показаны визуализация дома и планировки этажей. Сохраните идею и откройте проект, чтобы узнать подробности и актуальную стоимость.",https://catalog-plans.ru/catalog/32-89?utm_source=pinterest&utm_medium=organic&utm_campaign=generated_visual_plans_editorial_static_batch_54&utm_content=pin_10244_32-89_plans&utm_term=proekty-domov-s-planirovkami,,"проект дома 32-89, проект дома 167 м², планировка дома, планы этажей, готовый проект дома, визуализация дома, кирпич, catalog-plans.ru"
"Проект дома №39-38 площадью 235,2 м² с планировками",https://raw.githubusercontent.com/nemchenik/test/fe937d328767d7f39f4856e3b3ba9c2fd0a2ffaf/pinterest/generated_batch_54_visual_plans_editorial_static/39-38.jpg,Проекты частных домов,,"Проект дома №39-38: площадь 235,2 м², 2 этажа, габариты 17.8×24.4 м, материал стен — кирпич. На карточке показаны визуализация дома и планировки этажей. Сохраните идею и откройте проект, чтобы узнать подробности и актуальную стоимость.",https://catalog-plans.ru/catalog/39-38?utm_source=pinterest&utm_medium=organic&utm_campaign=generated_visual_plans_editorial_static_batch_54&utm_content=pin_10245_39-38_plans&utm_term=proekty-domov-s-planirovkami,,"проект дома 39-38, проект дома 235,2 м², планировка дома, планы этажей, готовый проект дома, визуализация дома, кирпич, catalog-plans.ru"
"Проект дома №57-29K площадью 168,57 м² с планировками",https://raw.githubusercontent.com/nemchenik/test/fe937d328767d7f39f4856e3b3ba9c2fd0a2ffaf/pinterest/generated_batch_54_visual_plans_editorial_static/57-29K.jpg,Проекты частных домов,,"Проект дома №57-29K: площадь 168,57 м², 2 этажа, габариты 10.9×16.3 м, материал стен — кирпич. На карточке показаны визуализация дома и планировки этажей. Сохраните идею и откройте проект, чтобы узнать подробности и актуальную стоимость.",https://catalog-plans.ru/catalog/57-29K?utm_source=pinterest&utm_medium=organic&utm_campaign=generated_visual_plans_editorial_static_batch_54&utm_content=pin_10246_57-29K_plans&utm_term=proekty-domov-s-planirovkami,,"проект дома 57-29K, проект дома 168,57 м², планировка дома, планы этажей, готовый проект дома, визуализация дома, кирпич, catalog-plans.ru"
"Проект дома №69-00 площадью 179,85 м² с планировками",https://raw.githubusercontent.com/nemchenik/test/fe937d328767d7f39f4856e3b3ba9c2fd0a2ffaf/pinterest/generated_batch_54_visual_plans_editorial_static/69-00.jpg,Проекты частных домов,,"Проект дома №69-00: площадь 179,85 м², 2 этажа, габариты 11.1×14.45 м, материал стен — газобетон. На карточке показаны визуализация дома и планировки этажей. Сохраните идею и откройте проект, чтобы узнать подробности и актуальную стоимость.",https://catalog-plans.ru/catalog/69-00?utm_source=pinterest&utm_medium=organic&utm_campaign=generated_visual_plans_editorial_static_batch_54&utm_content=pin_10247_69-00_plans&utm_term=proekty-domov-s-planirovkami,,"проект дома 69-00, проект дома 179,85 м², планировка дома, планы этажей, готовый проект дома, визуализация дома, газобетон, catalog-plans.ru"
Проект дома №57-28L площадью 390 м² с планировками,https://raw.githubusercontent.com/nemchenik/test/fe937d328767d7f39f4856e3b3ba9c2fd0a2ffaf/pinterest/generated_batch_54_visual_plans_editorial_static/57-28L.jpg,Проекты частных домов,,"Проект дома №57-28L: площадь 390 м², 2 этажа, габариты 15.4×15.53 м, материал стен — газобетон. На карточке показаны визуализация дома и планировки этажей. Сохраните идею и откройте проект, чтобы узнать подробности и актуальную стоимость.",https://catalog-plans.ru/catalog/57-28L?utm_source=pinterest&utm_medium=organic&utm_campaign=generated_visual_plans_editorial_static_batch_54&utm_content=pin_10248_57-28L_plans&utm_term=proekty-domov-s-planirovkami,,"проект дома 57-28L, проект дома 390 м², планировка дома, планы этажей, готовый проект дома, визуализация дома, газобетон, catalog-plans.ru"
"Проект дома №51-27 площадью 174,3 м² с планировками",https://raw.githubusercontent.com/nemchenik/test/fe937d328767d7f39f4856e3b3ba9c2fd0a2ffaf/pinterest/generated_batch_54_visual_plans_editorial_static/51-27.jpg,Проекты частных домов,,"Проект дома №51-27: площадь 174,3 м², 2 этажа, габариты 11.3×13.7 м, материал стен — газобетон. На карточке показаны визуализация дома и планировки этажей. Сохраните идею и откройте проект, чтобы узнать подробности и актуальную стоимость.",https://catalog-plans.ru/catalog/51-27?utm_source=pinterest&utm_medium=organic&utm_campaign=generated_visual_plans_editorial_static_batch_54&utm_content=pin_10249_51-27_plans&utm_term=proekty-domov-s-planirovkami,,"проект дома 51-27, проект дома 174,3 м², планировка дома, планы этажей, готовый проект дома, визуализация дома, газобетон, catalog-plans.ru"
"Проект дома №57-07DCEDRAL площадью 125,72 м² с планировками",https://raw.githubusercontent.com/nemchenik/test/fe937d328767d7f39f4856e3b3ba9c2fd0a2ffaf/pinterest/generated_batch_54_visual_plans_editorial_static/57-07DCEDRAL.jpg,Проекты частных домов,,"Проект дома №57-07DCEDRAL: площадь 125,72 м², 2 этажа, габариты 8.35×10.75 м, материал стен — газобетон. На карточке показаны визуализация дома и планировки этажей. Сохраните идею и откройте проект, чтобы узнать подробности и актуальную стоимость.",https://catalog-plans.ru/catalog/57-07DCEDRAL?utm_source=pinterest&utm_medium=organic&utm_campaign=generated_visual_plans_editorial_static_batch_54&utm_content=pin_10250_57-07DCEDRAL_plans&utm_term=proekty-domov-s-planirovkami,,"проект дома 57-07DCEDRAL, проект дома 125,72 м², планировка дома, планы этажей, готовый проект дома, визуализация дома, газобетон, catalog-plans.ru"
"Проект дома №33-06 площадью 123,7 м² с планировками",https://raw.githubusercontent.com/nemchenik/test/fe937d328767d7f39f4856e3b3ba9c2fd0a2ffaf/pinterest/generated_batch_54_visual_plans_editorial_static/33-06.jpg,Проекты частных домов,,"Проект дома №33-06: площадь 123,7 м², 2 этажа, габариты 8×10.2 м, материал стен — кирпич. На карточке показаны визуализация дома и планировки этажей. Сохраните идею и откройте проект, чтобы узнать подробности и актуальную стоимость.",https://catalog-plans.ru/catalog/33-06?utm_source=pinterest&utm_medium=organic&utm_campaign=generated_visual_plans_editorial_static_batch_54&utm_content=pin_10251_33-06_plans&utm_term=proekty-domov-s-planirovkami,,"проект дома 33-06, проект дома 123,7 м², планировка дома, планы этажей, готовый проект дома, визуализация дома, кирпич, catalog-plans.ru"
"Проект дома №63-33L площадью 144,02 м² с планировками",https://raw.githubusercontent.com/nemchenik/test/fe937d328767d7f39f4856e3b3ba9c2fd0a2ffaf/pinterest/generated_batch_54_visual_plans_editorial_static/63-33L.jpg,Проекты частных домов,,"Проект дома №63-33L: площадь 144,02 м², 2 этажа, габариты 9.55×16.43 м, материал стен — газобетон. На карточке показаны визуализация дома и планировки этажей. Сохраните идею и откройте проект, чтобы узнать подробности и актуальную стоимость.",https://catalog-plans.ru/catalog/63-33L?utm_source=pinterest&utm_medium=organic&utm_campaign=generated_visual_plans_editorial_static_batch_54&utm_content=pin_10252_63-33L_plans&utm_term=proekty-domov-s-planirovkami,,"проект дома 63-33L, проект дома 144,02 м², планировка дома, планы этажей, готовый проект дома, визуализация дома, газобетон, catalog-plans.ru"
"Проект дома №57-62BAK площадью 194,71 м² с планировками",https://raw.githubusercontent.com/nemchenik/test/fe937d328767d7f39f4856e3b3ba9c2fd0a2ffaf/pinterest/generated_batch_54_visual_plans_editorial_static/57-62BAK.jpg,Проекты частных домов,,"Проект дома №57-62BAK: площадь 194,71 м², 2 этажа, габариты 10.46×14 м, материал стен — кирпич. На карточке показаны визуализация дома и планировки этажей. Сохраните идею и откройте проект, чтобы узнать подробности и актуальную стоимость.",https://catalog-plans.ru/catalog/57-62BAK?utm_source=pinterest&utm_medium=organic&utm_campaign=generated_visual_plans_editorial_static_batch_54&utm_content=pin_10253_57-62BAK_plans&utm_term=proekty-domov-s-planirovkami,,"проект дома 57-62BAK, проект дома 194,71 м², планировка дома, планы этажей, готовый проект дома, визуализация дома, кирпич, catalog-plans.ru"
"Проект дома №45-01MAGL площадью 228,58 м² с планировками",https://raw.githubusercontent.com/nemchenik/test/fe937d328767d7f39f4856e3b3ba9c2fd0a2ffaf/pinterest/generated_batch_54_visual_plans_editorial_static/45-01MAGL.jpg,Проекты частных домов,,"Проект дома №45-01MAGL: площадь 228,58 м², 2 этажа, габариты 12.66×12.82 м, материал стен — газобетон. На карточке показаны визуализация дома и планировки этажей. Сохраните идею и откройте проект, чтобы узнать подробности и актуальную стоимость.",https://catalog-plans.ru/catalog/45-01MAGL?utm_source=pinterest&utm_medium=organic&utm_campaign=generated_visual_plans_editorial_static_batch_54&utm_content=pin_10254_45-01MAGL_plans&utm_term=proekty-domov-s-planirovkami,,"проект дома 45-01MAGL, проект дома 228,58 м², планировка дома, планы этажей, готовый проект дома, визуализация дома, газобетон, catalog-plans.ru"
"Проект дома №59-99L площадью 142,8 м² с планировками",https://raw.githubusercontent.com/nemchenik/test/fe937d328767d7f39f4856e3b3ba9c2fd0a2ffaf/pinterest/generated_batch_54_visual_plans_editorial_static/59-99L.jpg,Проекты частных домов,,"Проект дома №59-99L: площадь 142,8 м², 2 этажа, габариты 8.8×12.2 м, материал стен — газобетон. На карточке показаны визуализация дома и планировки этажей. Сохраните идею и откройте проект, чтобы узнать подробности и актуальную стоимость.",https://catalog-plans.ru/catalog/59-99L?utm_source=pinterest&utm_medium=organic&utm_campaign=generated_visual_plans_editorial_static_batch_54&utm_content=pin_10255_59-99L_plans&utm_term=proekty-domov-s-planirovkami,,"проект дома 59-99L, проект дома 142,8 м², планировка дома, планы этажей, готовый проект дома, визуализация дома, газобетон, catalog-plans.ru"
"Проект дома №64-05KBL площадью 220,88 м² с планировками",https://raw.githubusercontent.com/nemchenik/test/fe937d328767d7f39f4856e3b3ba9c2fd0a2ffaf/pinterest/generated_batch_54_visual_plans_editorial_static/64-05KBL.jpg,Проекты частных домов,,"Проект дома №64-05KBL: площадь 220,88 м², 2 этажа, габариты 14.7×18 м, материал стен — керамзитобетон. На карточке показаны визуализация дома и планировки этажей. Сохраните идею и откройте проект, чтобы узнать подробности и актуальную стоимость.",https://catalog-plans.ru/catalog/64-05KBL?utm_source=pinterest&utm_medium=organic&utm_campaign=generated_visual_plans_editorial_static_batch_54&utm_content=pin_10256_64-05KBL_plans&utm_term=proekty-domov-s-planirovkami,,"проект дома 64-05KBL, проект дома 220,88 м², планировка дома, планы этажей, готовый проект дома, визуализация дома, керамзитобетон, catalog-plans.ru"
"Проект дома №45-51AG площадью 190,86 м² с планировками",https://raw.githubusercontent.com/nemchenik/test/fe937d328767d7f39f4856e3b3ba9c2fd0a2ffaf/pinterest/generated_batch_54_visual_plans_editorial_static/45-51AG.jpg,Проекты частных домов,,"Проект дома №45-51AG: площадь 190,86 м², 2 этажа, габариты 11.65×15.52 м, материал стен — газобетон. На карточке показаны визуализация дома и планировки этажей. Сохраните идею и откройте проект, чтобы узнать подробности и актуальную стоимость.",https://catalog-plans.ru/catalog/45-51AG?utm_source=pinterest&utm_medium=organic&utm_campaign=generated_visual_plans_editorial_static_batch_54&utm_content=pin_10257_45-51AG_plans&utm_term=proekty-domov-s-planirovkami,,"проект дома 45-51AG, проект дома 190,86 м², планировка дома, планы этажей, готовый проект дома, визуализация дома, газобетон, catalog-plans.ru"
"Проект дома №65-61 площадью 123,07 м² с планировками",https://raw.githubusercontent.com/nemchenik/test/fe937d328767d7f39f4856e3b3ba9c2fd0a2ffaf/pinterest/generated_batch_54_visual_plans_editorial_static/65-61.jpg,Проекты частных домов,,"Проект дома №65-61: площадь 123,07 м², 2 этажа, габариты 12.71×15.05 м, материал стен — деревянный каркас. На карточке показаны визуализация дома и планировки этажей. Сохраните идею и откройте проект, чтобы узнать подробности и актуальную стоимость.",https://catalog-plans.ru/catalog/65-61?utm_source=pinterest&utm_medium=organic&utm_campaign=generated_visual_plans_editorial_static_batch_54&utm_content=pin_10258_65-61_plans&utm_term=proekty-domov-s-planirovkami,,"проект дома 65-61, проект дома 123,07 м², планировка дома, планы этажей, готовый проект дома, визуализация дома, деревянный каркас, catalog-plans.ru"
"Проект дома №65-83 площадью 207,74 м² с планировками",https://raw.githubusercontent.com/nemchenik/test/fe937d328767d7f39f4856e3b3ba9c2fd0a2ffaf/pinterest/generated_batch_54_visual_plans_editorial_static/65-83.jpg,Проекты частных домов,,"Проект дома №65-83: площадь 207,74 м², 2 этажа, габариты 14.2×14.4 м, материал стен — газобетон. На карточке показаны визуализация дома и планировки этажей. Сохраните идею и откройте проект, чтобы узнать подробности и актуальную стоимость.",https://catalog-plans.ru/catalog/65-83?utm_source=pinterest&utm_medium=organic&utm_campaign=generated_visual_plans_editorial_static_batch_54&utm_content=pin_10259_65-83_plans&utm_term=proekty-domov-s-planirovkami,,"проект дома 65-83, проект дома 207,74 м², планировка дома, планы этажей, готовый проект дома, визуализация дома, газобетон, catalog-plans.ru"
"Проект дома №52-17 площадью 262,8 м² с планировками",https://raw.githubusercontent.com/nemchenik/test/fe937d328767d7f39f4856e3b3ba9c2fd0a2ffaf/pinterest/generated_batch_54_visual_plans_editorial_static/52-17.jpg,Проекты частных домов,,"Проект дома №52-17: площадь 262,8 м², 2 этажа, габариты 9.7×13.4 м, материал стен — газобетон. На карточке показаны визуализация дома и планировки этажей. Сохраните идею и откройте проект, чтобы узнать подробности и актуальную стоимость.",https://catalog-plans.ru/catalog/52-17?utm_source=pinterest&utm_medium=organic&utm_campaign=generated_visual_plans_editorial_static_batch_54&utm_content=pin_10260_52-17_plans&utm_term=proekty-domov-s-planirovkami,,"проект дома 52-17, проект дома 262,8 м², планировка дома, планы этажей, готовый проект дома, визуализация дома, газобетон, catalog-plans.ru"
"Проект дома №40-11W площадью 264,05 м² с планировками",https://raw.githubusercontent.com/nemchenik/test/fe937d328767d7f39f4856e3b3ba9c2fd0a2ffaf/pinterest/generated_batch_54_visual_plans_editorial_static/40-11W.jpg,Проекты частных домов,,"Проект дома №40-11W: площадь 264,05 м², 2 этажа, габариты 13.8×14.8 м, материал стен — газобетон. На карточке показаны визуализация дома и планировки этажей. Сохраните идею и откройте проект, чтобы узнать подробности и актуальную стоимость.",https://catalog-plans.ru/catalog/40-11W?utm_source=pinterest&utm_medium=organic&utm_campaign=generated_visual_plans_editorial_static_batch_54&utm_content=pin_10261_40-11W_plans&utm_term=proekty-domov-s-planirovkami,,"проект дома 40-11W, проект дома 264,05 м², планировка дома, планы этажей, готовый проект дома, визуализация дома, газобетон, catalog-plans.ru"
"Проект дома №36-12 площадью 397,2 м² с планировками",https://raw.githubusercontent.com/nemchenik/test/fe937d328767d7f39f4856e3b3ba9c2fd0a2ffaf/pinterest/generated_batch_54_visual_plans_editorial_static/36-12.jpg,Проекты частных домов,,"Проект дома №36-12: площадь 397,2 м², 3 этажа, габариты 16.5×19.1 м, материал стен — кирпич. На карточке показаны визуализация дома и планировки этажей. Сохраните идею и откройте проект, чтобы узнать подробности и актуальную стоимость.",https://catalog-plans.ru/catalog/36-12?utm_source=pinterest&utm_medium=organic&utm_campaign=generated_visual_plans_editorial_static_batch_54&utm_content=pin_10262_36-12_plans&utm_term=proekty-domov-s-planirovkami,,"проект дома 36-12, проект дома 397,2 м², планировка дома, планы этажей, готовый проект дома, визуализация дома, кирпич, catalog-plans.ru"
"Проект дома №40-13AGM площадью 196,25 м² с планировками",https://raw.githubusercontent.com/nemchenik/test/fe937d328767d7f39f4856e3b3ba9c2fd0a2ffaf/pinterest/generated_batch_54_visual_plans_editorial_static/40-13AGM.jpg,Проекты частных домов,,"Проект дома №40-13AGM: площадь 196,25 м², 2 этажа, габариты 11.2×14.73 м, материал стен — монолитный каркас. На карточке показаны визуализация дома и планировки этажей. Сохраните идею и откройте проект, чтобы узнать подробности и актуальную стоимость.",https://catalog-plans.ru/catalog/40-13AGM?utm_source=pinterest&utm_medium=organic&utm_campaign=generated_visual_plans_editorial_static_batch_54&utm_content=pin_10263_40-13AGM_plans&utm_term=proekty-domov-s-planirovkami,,"проект дома 40-13AGM, проект дома 196,25 м², планировка дома, планы этажей, готовый проект дома, визуализация дома, монолитный каркас, catalog-plans.ru"
"Проект дома №52-60 площадью 319,5 м² с планировками",https://raw.githubusercontent.com/nemchenik/test/fe937d328767d7f39f4856e3b3ba9c2fd0a2ffaf/pinterest/generated_batch_54_visual_plans_editorial_static/52-60.jpg,Проекты частных домов,,"Проект дома №52-60: площадь 319,5 м², 2 этажа, габариты 11.3×14.65 м, материал стен — газобетон. На карточке показаны визуализация дома и планировки этажей. Сохраните идею и откройте проект, чтобы узнать подробности и актуальную стоимость.",https://catalog-plans.ru/catalog/52-60?utm_source=pinterest&utm_medium=organic&utm_campaign=generated_visual_plans_editorial_static_batch_54&utm_content=pin_10264_52-60_plans&utm_term=proekty-domov-s-planirovkami,,"проект дома 52-60, проект дома 319,5 м², планировка дома, планы этажей, готовый проект дома, визуализация дома, газобетон, catalog-plans.ru"
"Проект дома №31-15 площадью 382,6 м² с планировками",https://raw.githubusercontent.com/nemchenik/test/fe937d328767d7f39f4856e3b3ba9c2fd0a2ffaf/pinterest/generated_batch_54_visual_plans_editorial_static/31-15.jpg,Проекты частных домов,,"Проект дома №31-15: площадь 382,6 м², 2 этажа, габариты 15.9×16.71 м, материал стен — кирпич. На карточке показаны визуализация дома и планировки этажей. Сохраните идею и откройте проект, чтобы узнать подробности и актуальную стоимость.",https://catalog-plans.ru/catalog/31-15?utm_source=pinterest&utm_medium=organic&utm_campaign=generated_visual_plans_editorial_static_batch_54&utm_content=pin_10265_31-15_plans&utm_term=proekty-domov-s-planirovkami,,"проект дома 31-15, проект дома 382,6 м², планировка дома, планы этажей, готовый проект дома, визуализация дома, кирпич, catalog-plans.ru"
"Проект дома №58-10CKL площадью 348,58 м² с планировками",https://raw.githubusercontent.com/nemchenik/test/fe937d328767d7f39f4856e3b3ba9c2fd0a2ffaf/pinterest/generated_batch_54_visual_plans_editorial_static/58-10CKL.jpg,Проекты частных домов,,"Проект дома №58-10CKL: площадь 348,58 м², 2 этажа, габариты 14.2×17.8 м, материал стен — кирпич. На карточке показаны визуализация дома и планировки этажей. Сохраните идею и откройте проект, чтобы узнать подробности и актуальную стоимость.",https://catalog-plans.ru/catalog/58-10CKL?utm_source=pinterest&utm_medium=organic&utm_campaign=generated_visual_plans_editorial_static_batch_54&utm_content=pin_10266_58-10CKL_plans&utm_term=proekty-domov-s-planirovkami,,"проект дома 58-10CKL, проект дома 348,58 м², планировка дома, планы этажей, готовый проект дома, визуализация дома, кирпич, catalog-plans.ru"
"Проект дома №58-87Z площадью 204,35 м² с планировками",https://raw.githubusercontent.com/nemchenik/test/fe937d328767d7f39f4856e3b3ba9c2fd0a2ffaf/pinterest/generated_batch_54_visual_plans_editorial_static/58-87Z.jpg,Проекты частных домов,,"Проект дома №58-87Z: площадь 204,35 м², 2 этажа, габариты 11.8×15.4 м, материал стен — газобетон. На карточке показаны визуализация дома и планировки этажей. Сохраните идею и откройте проект, чтобы узнать подробности и актуальную стоимость.",https://catalog-plans.ru/catalog/58-87Z?utm_source=pinterest&utm_medium=organic&utm_campaign=generated_visual_plans_editorial_static_batch_54&utm_content=pin_10267_58-87Z_plans&utm_term=proekty-domov-s-planirovkami,,"проект дома 58-87Z, проект дома 204,35 м², планировка дома, планы этажей, готовый проект дома, визуализация дома, газобетон, catalog-plans.ru"
"Проект дома №65-86L площадью 216,55 м² с планировками",https://raw.githubusercontent.com/nemchenik/test/fe937d328767d7f39f4856e3b3ba9c2fd0a2ffaf/pinterest/generated_batch_54_visual_plans_editorial_static/65-86L.jpg,Проекты частных домов,,"Проект дома №65-86L: площадь 216,55 м², 2 этажа, габариты 9×12 м, материал стен — газобетон. На карточке показаны визуализация дома и планировки этажей. Сохраните идею и откройте проект, чтобы узнать подробности и актуальную стоимость.",https://catalog-plans.ru/catalog/65-86L?utm_source=pinterest&utm_medium=organic&utm_campaign=generated_visual_plans_editorial_static_batch_54&utm_content=pin_10268_65-86L_plans&utm_term=proekty-domov-s-planirovkami,,"проект дома 65-86L, проект дома 216,55 м², планировка дома, планы этажей, готовый проект дома, визуализация дома, газобетон, catalog-plans.ru"
"Проект дома №80-05 площадью 202,3 м² с планировками",https://raw.githubusercontent.com/nemchenik/test/fe937d328767d7f39f4856e3b3ba9c2fd0a2ffaf/pinterest/generated_batch_54_visual_plans_editorial_static/80-05.jpg,Проекты частных домов,,"Проект дома №80-05: площадь 202,3 м², 2 этажа, габариты 11.9×12.74 м, материал стен — газобетон. На карточке показаны визуализация дома и планировки этажей. Сохраните идею и откройте проект, чтобы узнать подробности и актуальную стоимость.",https://catalog-plans.ru/catalog/80-05?utm_source=pinterest&utm_medium=organic&utm_campaign=generated_visual_plans_editorial_static_batch_54&utm_content=pin_10269_80-05_plans&utm_term=proekty-domov-s-planirovkami,,"проект дома 80-05, проект дома 202,3 м², планировка дома, планы этажей, готовый проект дома, визуализация дома, газобетон, catalog-plans.ru"
"Проект дома №57-62Z площадью 193,26 м² с планировками",https://raw.githubusercontent.com/nemchenik/test/fe937d328767d7f39f4856e3b3ba9c2fd0a2ffaf/pinterest/generated_batch_54_visual_plans_editorial_static/57-62Z.jpg,Проекты частных домов,,"Проект дома №57-62Z: площадь 193,26 м², 2 этажа, габариты 13.98×10.44 м, материал стен — газобетон. На карточке показаны визуализация дома и планировки этажей. Сохраните идею и откройте проект, чтобы узнать подробности и актуальную стоимость.",https://catalog-plans.ru/catalog/57-62Z?utm_source=pinterest&utm_medium=organic&utm_campaign=generated_visual_plans_editorial_static_batch_54&utm_content=pin_10270_57-62Z_plans&utm_term=proekty-domov-s-planirovkami,,"проект дома 57-62Z, проект дома 193,26 м², планировка дома, планы этажей, готовый проект дома, визуализация дома, газобетон, catalog-plans.ru"
Проект дома №72-02 площадью 94 м² с планировками,https://raw.githubusercontent.com/nemchenik/test/fe937d328767d7f39f4856e3b3ba9c2fd0a2ffaf/pinterest/generated_batch_54_visual_plans_editorial_static/72-02.jpg,Проекты частных домов,,"Проект дома №72-02: площадь 94 м², 2 этажа, габариты 8.4×8.06 м, материал стен — газобетон. На карточке показаны визуализация дома и планировки этажей. Сохраните идею и откройте проект, чтобы узнать подробности и актуальную стоимость.",https://catalog-plans.ru/catalog/72-02?utm_source=pinterest&utm_medium=organic&utm_campaign=generated_visual_plans_editorial_static_batch_54&utm_content=pin_10271_72-02_plans&utm_term=proekty-domov-s-planirovkami,,"проект дома 72-02, проект дома 94 м², планировка дома, планы этажей, готовый проект дома, визуализация дома, газобетон, catalog-plans.ru"
"Проект дома №40-61FGL площадью 411,69 м² с планировками",https://raw.githubusercontent.com/nemchenik/test/fe937d328767d7f39f4856e3b3ba9c2fd0a2ffaf/pinterest/generated_batch_54_visual_plans_editorial_static/40-61FGL.jpg,Проекты частных домов,,"Проект дома №40-61FGL: площадь 411,69 м², 2 этажа, габариты 18.8×23.27 м, материал стен — газобетон. На карточке показаны визуализация дома и планировки этажей. Сохраните идею и откройте проект, чтобы узнать подробности и актуальную стоимость.",https://catalog-plans.ru/catalog/40-61FGL?utm_source=pinterest&utm_medium=organic&utm_campaign=generated_visual_plans_editorial_static_batch_54&utm_content=pin_10272_40-61FGL_plans&utm_term=proekty-domov-s-planirovkami,,"проект дома 40-61FGL, проект дома 411,69 м², планировка дома, планы этажей, готовый проект дома, визуализация дома, газобетон, catalog-plans.ru"
"Проект дома №70-87ABGL площадью 198,59 м² с планировками",https://raw.githubusercontent.com/nemchenik/test/fe937d328767d7f39f4856e3b3ba9c2fd0a2ffaf/pinterest/generated_batch_54_visual_plans_editorial_static/70-87ABGL.jpg,Проекты частных домов,,"Проект дома №70-87ABGL: площадь 198,59 м², 2 этажа, габариты 11.85×13.4 м, материал стен — газобетон. На карточке показаны визуализация дома и планировки этажей. Сохраните идею и откройте проект, чтобы узнать подробности и актуальную стоимость.",https://catalog-plans.ru/catalog/70-87ABGL?utm_source=pinterest&utm_medium=organic&utm_campaign=generated_visual_plans_editorial_static_batch_54&utm_content=pin_10273_70-87ABGL_plans&utm_term=proekty-domov-s-planirovkami,,"проект дома 70-87ABGL, проект дома 198,59 м², планировка дома, планы этажей, готовый проект дома, визуализация дома, газобетон, catalog-plans.ru"
"Проект дома №52-61WIKING площадью 69,73 м² с планировками",https://raw.githubusercontent.com/nemchenik/test/fe937d328767d7f39f4856e3b3ba9c2fd0a2ffaf/pinterest/generated_batch_54_visual_plans_editorial_static/52-61WIKING.jpg,Проекты частных домов,,"Проект дома №52-61WIKING: площадь 69,73 м², 1 этаж, габариты 6×13 м, материал стен — деревянный каркас. На карточке показаны визуализация дома и планировки этажей. Сохраните идею и откройте проект, чтобы узнать подробности и актуальную стоимость.",https://catalog-plans.ru/catalog/52-61WIKING?utm_source=pinterest&utm_medium=organic&utm_campaign=generated_visual_plans_editorial_static_batch_54&utm_content=pin_10274_52-61WIKING_plans&utm_term=proekty-domov-s-planirovkami,,"проект дома 52-61WIKING, проект дома 69,73 м², планировка дома, планы этажей, готовый проект дома, визуализация дома, деревянный каркас, catalog-plans.ru"
"Проект дома №40-31G площадью 182,9 м² с планировками",https://raw.githubusercontent.com/nemchenik/test/fe937d328767d7f39f4856e3b3ba9c2fd0a2ffaf/pinterest/generated_batch_54_visual_plans_editorial_static/40-31G.jpg,Проекты частных домов,,"Проект дома №40-31G: площадь 182,9 м², 2 этажа, габариты 11.46×12.3 м, материал стен — газобетон. На карточке показаны визуализация дома и планировки этажей. Сохраните идею и откройте проект, чтобы узнать подробности и актуальную стоимость.",https://catalog-plans.ru/catalog/40-31G?utm_source=pinterest&utm_medium=organic&utm_campaign=generated_visual_plans_editorial_static_batch_54&utm_content=pin_10275_40-31G_plans&utm_term=proekty-domov-s-planirovkami,,"проект дома 40-31G, проект дома 182,9 м², планировка дома, планы этажей, готовый проект дома, визуализация дома, газобетон, catalog-plans.ru"
"Проект дома №46-09MAGL площадью 182,63 м² с планировками",https://raw.githubusercontent.com/nemchenik/test/fe937d328767d7f39f4856e3b3ba9c2fd0a2ffaf/pinterest/generated_batch_54_visual_plans_editorial_static/46-09MAGL.jpg,Проекты частных домов,,"Проект дома №46-09MAGL: площадь 182,63 м², 1 этаж, габариты 12.8×19.24 м, материал стен — газобетон. На карточке показаны визуализация дома и планировки этажей. Сохраните идею и откройте проект, чтобы узнать подробности и актуальную стоимость.",https://catalog-plans.ru/catalog/46-09MAGL?utm_source=pinterest&utm_medium=organic&utm_campaign=generated_visual_plans_editorial_static_batch_54&utm_content=pin_10276_46-09MAGL_plans&utm_term=proekty-domov-s-planirovkami,,"проект дома 46-09MAGL, проект дома 182,63 м², планировка дома, планы этажей, готовый проект дома, визуализация дома, газобетон, catalog-plans.ru"
"Проект дома №45-64NRG площадью 243,01 м² с планировками",https://raw.githubusercontent.com/nemchenik/test/fe937d328767d7f39f4856e3b3ba9c2fd0a2ffaf/pinterest/generated_batch_54_visual_plans_editorial_static/45-64NRG.jpg,Проекты частных домов,,"Проект дома №45-64NRG: площадь 243,01 м², 2 этажа, габариты 12.5×14.3 м, материал стен — газобетон. На карточке показаны визуализация дома и планировки этажей. Сохраните идею и откройте проект, чтобы узнать подробности и актуальную стоимость.",https://catalog-plans.ru/catalog/45-64NRG?utm_source=pinterest&utm_medium=organic&utm_campaign=generated_visual_plans_editorial_static_batch_54&utm_content=pin_10277_45-64NRG_plans&utm_term=proekty-domov-s-planirovkami,,"проект дома 45-64NRG, проект дома 243,01 м², планировка дома, планы этажей, готовый проект дома, визуализация дома, газобетон, catalog-plans.ru"
"Проект дома №58-13A площадью 164,57 м² с планировками",https://raw.githubusercontent.com/nemchenik/test/fe937d328767d7f39f4856e3b3ba9c2fd0a2ffaf/pinterest/generated_batch_54_visual_plans_editorial_static/58-13A.jpg,Проекты частных домов,,"Проект дома №58-13A: площадь 164,57 м², 2 этажа, габариты 10.1×10.1 м, материал стен — газобетон. На карточке показаны визуализация дома и планировки этажей. Сохраните идею и откройте проект, чтобы узнать подробности и актуальную стоимость.",https://catalog-plans.ru/catalog/58-13A?utm_source=pinterest&utm_medium=organic&utm_campaign=generated_visual_plans_editorial_static_batch_54&utm_content=pin_10278_58-13A_plans&utm_term=proekty-domov-s-planirovkami,,"проект дома 58-13A, проект дома 164,57 м², планировка дома, планы этажей, готовый проект дома, визуализация дома, газобетон, catalog-plans.ru"
"Проект дома №58-97E площадью 150,29 м² с планировками",https://raw.githubusercontent.com/nemchenik/test/fe937d328767d7f39f4856e3b3ba9c2fd0a2ffaf/pinterest/generated_batch_54_visual_plans_editorial_static/58-97E.jpg,Проекты частных домов,,"Проект дома №58-97E: площадь 150,29 м², 1 этаж, габариты 15.26×14.54 м, материал стен — газобетон. На карточке показаны визуализация дома и планировки этажей. Сохраните идею и откройте проект, чтобы узнать подробности и актуальную стоимость.",https://catalog-plans.ru/catalog/58-97E?utm_source=pinterest&utm_medium=organic&utm_campaign=generated_visual_plans_editorial_static_batch_54&utm_content=pin_10279_58-97E_plans&utm_term=proekty-domov-s-planirovkami,,"проект дома 58-97E, проект дома 150,29 м², планировка дома, планы этажей, готовый проект дома, визуализация дома, газобетон, catalog-plans.ru"
"Проект дома №47-03 площадью 181,6 м² с планировками",https://raw.githubusercontent.com/nemchenik/test/fe937d328767d7f39f4856e3b3ba9c2fd0a2ffaf/pinterest/generated_batch_54_visual_plans_editorial_static/47-03.jpg,Проекты частных домов,,"Проект дома №47-03: площадь 181,6 м², 2 этажа, габариты 9.3×15.6 м, материал стен — газобетон. На карточке показаны визуализация дома и планировки этажей. Сохраните идею и откройте проект, чтобы узнать подробности и актуальную стоимость.",https://catalog-plans.ru/catalog/47-03?utm_source=pinterest&utm_medium=organic&utm_campaign=generated_visual_plans_editorial_static_batch_54&utm_content=pin_10280_47-03_plans&utm_term=proekty-domov-s-planirovkami,,"проект дома 47-03, проект дома 181,6 м², планировка дома, планы этажей, готовый проект дома, визуализация дома, газобетон, catalog-plans.ru"
"Проект дома №58-26FL площадью 267,21 м² с планировками",https://raw.githubusercontent.com/nemchenik/test/fe937d328767d7f39f4856e3b3ba9c2fd0a2ffaf/pinterest/generated_batch_54_visual_plans_editorial_static/58-26FL.jpg,Проекты частных домов,,"Проект дома №58-26FL: площадь 267,21 м², 2 этажа, габариты 13.3×15.5 м, материал стен — газобетон. На карточке показаны визуализация дома и планировки этажей. Сохраните идею и откройте проект, чтобы узнать подробности и актуальную стоимость.",https://catalog-plans.ru/catalog/58-26FL?utm_source=pinterest&utm_medium=organic&utm_campaign=generated_visual_plans_editorial_static_batch_54&utm_content=pin_10281_58-26FL_plans&utm_term=proekty-domov-s-planirovkami,,"проект дома 58-26FL, проект дома 267,21 м², планировка дома, планы этажей, готовый проект дома, визуализация дома, газобетон, catalog-plans.ru"
"Проект дома №45-64ZABG2 площадью 263,8 м² с планировками",https://raw.githubusercontent.com/nemchenik/test/fe937d328767d7f39f4856e3b3ba9c2fd0a2ffaf/pinterest/generated_batch_54_visual_plans_editorial_static/45-64ZABG2.jpg,Проекты частных домов,,"Проект дома №45-64ZABG2: площадь 263,8 м², 2 этажа, габариты 13.54×21.2 м, материал стен — газобетон. На карточке показаны визуализация дома и планировки этажей. Сохраните идею и откройте проект, чтобы узнать подробности и актуальную стоимость.",https://catalog-plans.ru/catalog/45-64ZABG2?utm_source=pinterest&utm_medium=organic&utm_campaign=generated_visual_plans_editorial_static_batch_54&utm_content=pin_10282_45-64ZABG2_plans&utm_term=proekty-domov-s-planirovkami,,"проект дома 45-64ZABG2, проект дома 263,8 м², планировка дома, планы этажей, готовый проект дома, визуализация дома, газобетон, catalog-plans.ru"
"Проект дома №32-56 площадью 418,5 м² с планировками",https://raw.githubusercontent.com/nemchenik/test/fe937d328767d7f39f4856e3b3ba9c2fd0a2ffaf/pinterest/generated_batch_54_visual_plans_editorial_static/32-56.jpg,Проекты частных домов,,"Проект дома №32-56: площадь 418,5 м², 2 этажа, габариты 16.8×22.2 м, материал стен — кирпич. На карточке показаны визуализация дома и планировки этажей. Сохраните идею и откройте проект, чтобы узнать подробности и актуальную стоимость.",https://catalog-plans.ru/catalog/32-56?utm_source=pinterest&utm_medium=organic&utm_campaign=generated_visual_plans_editorial_static_batch_54&utm_content=pin_10283_32-56_plans&utm_term=proekty-domov-s-planirovkami,,"проект дома 32-56, проект дома 418,5 м², планировка дома, планы этажей, готовый проект дома, визуализация дома, кирпич, catalog-plans.ru"
"Проект дома №45-01DCL площадью 297,18 м² с планировками",https://raw.githubusercontent.com/nemchenik/test/fe937d328767d7f39f4856e3b3ba9c2fd0a2ffaf/pinterest/generated_batch_54_visual_plans_editorial_static/45-01DCL.jpg,Проекты частных домов,,"Проект дома №45-01DCL: площадь 297,18 м², 2 этажа, габариты 12.6×12.76 м, материал стен — кирпич. На карточке показаны визуализация дома и планировки этажей. Сохраните идею и откройте проект, чтобы узнать подробности и актуальную стоимость.",https://catalog-plans.ru/catalog/45-01DCL?utm_source=pinterest&utm_medium=organic&utm_campaign=generated_visual_plans_editorial_static_batch_54&utm_content=pin_10284_45-01DCL_plans&utm_term=proekty-domov-s-planirovkami,,"проект дома 45-01DCL, проект дома 297,18 м², планировка дома, планы этажей, готовый проект дома, визуализация дома, кирпич, catalog-plans.ru"
"Проект дома №46-81AL площадью 252,15 м² с планировками",https://raw.githubusercontent.com/nemchenik/test/fe937d328767d7f39f4856e3b3ba9c2fd0a2ffaf/pinterest/generated_batch_54_visual_plans_editorial_static/46-81AL.jpg,Проекты частных домов,,"Проект дома №46-81AL: площадь 252,15 м², 2 этажа, габариты 12.86×13.5 м, материал стен — кирпич. На карточке показаны визуализация дома и планировки этажей. Сохраните идею и откройте проект, чтобы узнать подробности и актуальную стоимость.",https://catalog-plans.ru/catalog/46-81AL?utm_source=pinterest&utm_medium=organic&utm_campaign=generated_visual_plans_editorial_static_batch_54&utm_content=pin_10285_46-81AL_plans&utm_term=proekty-domov-s-planirovkami,,"проект дома 46-81AL, проект дома 252,15 м², планировка дома, планы этажей, готовый проект дома, визуализация дома, кирпич, catalog-plans.ru"
Проект дома №34-45 площадью 214 м² с планировками,https://raw.githubusercontent.com/nemchenik/test/fe937d328767d7f39f4856e3b3ba9c2fd0a2ffaf/pinterest/generated_batch_54_visual_plans_editorial_static/34-45.jpg,Проекты частных домов,,"Проект дома №34-45: площадь 214 м², 2 этажа, габариты 13.68×13.98 м, материал стен — кирпич. На карточке показаны визуализация дома и планировки этажей. Сохраните идею и откройте проект, чтобы узнать подробности и актуальную стоимость.",https://catalog-plans.ru/catalog/34-45?utm_source=pinterest&utm_medium=organic&utm_campaign=generated_visual_plans_editorial_static_batch_54&utm_content=pin_10286_34-45_plans&utm_term=proekty-domov-s-planirovkami,,"проект дома 34-45, проект дома 214 м², планировка дома, планы этажей, готовый проект дома, визуализация дома, кирпич, catalog-plans.ru"
"Проект дома №53-00WIKING площадью 55,54 м² с планировками",https://raw.githubusercontent.com/nemchenik/test/fe937d328767d7f39f4856e3b3ba9c2fd0a2ffaf/pinterest/generated_batch_54_visual_plans_editorial_static/53-00WIKING.jpg,Проекты частных домов,,"Проект дома №53-00WIKING: площадь 55,54 м², 1 этаж, габариты 7.35×9.5 м, материал стен — деревянный каркас. На карточке показаны визуализация дома и планировки этажей. Сохраните идею и откройте проект, чтобы узнать подробности и актуальную стоимость.",https://catalog-plans.ru/catalog/53-00WIKING?utm_source=pinterest&utm_medium=organic&utm_campaign=generated_visual_plans_editorial_static_batch_54&utm_content=pin_10287_53-00WIKING_plans&utm_term=proekty-domov-s-planirovkami,,"проект дома 53-00WIKING, проект дома 55,54 м², планировка дома, планы этажей, готовый проект дома, визуализация дома, деревянный каркас, catalog-plans.ru"
"Проект дома №45-16AK2L площадью 213,65 м² с планировками",https://raw.githubusercontent.com/nemchenik/test/fe937d328767d7f39f4856e3b3ba9c2fd0a2ffaf/pinterest/generated_batch_54_visual_plans_editorial_static/45-16AK2L.jpg,Проекты частных домов,,"Проект дома №45-16AK2L: площадь 213,65 м², 2 этажа, габариты 11.73×17.93 м, материал стен — кирпич. На карточке показаны визуализация дома и планировки этажей. Сохраните идею и откройте проект, чтобы узнать подробности и актуальную стоимость.",https://catalog-plans.ru/catalog/45-16AK2L?utm_source=pinterest&utm_medium=organic&utm_campaign=generated_visual_plans_editorial_static_batch_54&utm_content=pin_10288_45-16AK2L_plans&utm_term=proekty-domov-s-planirovkami,,"проект дома 45-16AK2L, проект дома 213,65 м², планировка дома, планы этажей, готовый проект дома, визуализация дома, кирпич, catalog-plans.ru"
Проект дома №30-56 площадью 473 м² с планировками,https://raw.githubusercontent.com/nemchenik/test/fe937d328767d7f39f4856e3b3ba9c2fd0a2ffaf/pinterest/generated_batch_54_visual_plans_editorial_static/30-56.jpg,Проекты частных домов,,"Проект дома №30-56: площадь 473 м², 2 этажа, габариты 13.2×16.2 м, материал стен — кирпич. На карточке показаны визуализация дома и планировки этажей. Сохраните идею и откройте проект, чтобы узнать подробности и актуальную стоимость.",https://catalog-plans.ru/catalog/30-56?utm_source=pinterest&utm_medium=organic&utm_campaign=generated_visual_plans_editorial_static_batch_54&utm_content=pin_10289_30-56_plans&utm_term=proekty-domov-s-planirovkami,,"проект дома 30-56, проект дома 473 м², планировка дома, планы этажей, готовый проект дома, визуализация дома, кирпич, catalog-plans.ru"
"Проект дома №63-39B площадью 165,59 м² с планировками",https://raw.githubusercontent.com/nemchenik/test/fe937d328767d7f39f4856e3b3ba9c2fd0a2ffaf/pinterest/generated_batch_54_visual_plans_editorial_static/63-39B.jpg,Проекты частных домов,,"Проект дома №63-39B: площадь 165,59 м², 2 этажа, габариты 11.15×12.8 м, материал стен — газобетон. На карточке показаны визуализация дома и планировки этажей. Сохраните идею и откройте проект, чтобы узнать подробности и актуальную стоимость.",https://catalog-plans.ru/catalog/63-39B?utm_source=pinterest&utm_medium=organic&utm_campaign=generated_visual_plans_editorial_static_batch_54&utm_content=pin_10290_63-39B_plans&utm_term=proekty-domov-s-planirovkami,,"проект дома 63-39B, проект дома 165,59 м², планировка дома, планы этажей, готовый проект дома, визуализация дома, газобетон, catalog-plans.ru"
"Проект дома №57-27BL площадью 207,7 м² с планировками",https://raw.githubusercontent.com/nemchenik/test/fe937d328767d7f39f4856e3b3ba9c2fd0a2ffaf/pinterest/generated_batch_54_visual_plans_editorial_static/57-27BL.jpg,Проекты частных домов,,"Проект дома №57-27BL: площадь 207,7 м², 2 этажа, габариты 12.03×19.8 м, материал стен — газобетон. На карточке показаны визуализация дома и планировки этажей. Сохраните идею и откройте проект, чтобы узнать подробности и актуальную стоимость.",https://catalog-plans.ru/catalog/57-27BL?utm_source=pinterest&utm_medium=organic&utm_campaign=generated_visual_plans_editorial_static_batch_54&utm_content=pin_10291_57-27BL_plans&utm_term=proekty-domov-s-planirovkami,,"проект дома 57-27BL, проект дома 207,7 м², планировка дома, планы этажей, готовый проект дома, визуализация дома, газобетон, catalog-plans.ru"
"Проект дома №59-22G площадью 258,97 м² с планировками",https://raw.githubusercontent.com/nemchenik/test/fe937d328767d7f39f4856e3b3ba9c2fd0a2ffaf/pinterest/generated_batch_54_visual_plans_editorial_static/59-22G.jpg,Проекты частных домов,,"Проект дома №59-22G: площадь 258,97 м², 2 этажа, габариты 13.71×24.34 м, материал стен — газобетон. На карточке показаны визуализация дома и планировки этажей. Сохраните идею и откройте проект, чтобы узнать подробности и актуальную стоимость.",https://catalog-plans.ru/catalog/59-22G?utm_source=pinterest&utm_medium=organic&utm_campaign=generated_visual_plans_editorial_static_batch_54&utm_content=pin_10292_59-22G_plans&utm_term=proekty-domov-s-planirovkami,,"проект дома 59-22G, проект дома 258,97 м², планировка дома, планы этажей, готовый проект дома, визуализация дома, газобетон, catalog-plans.ru"
"Проект дома №57-01AK площадью 214,54 м² с планировками",https://raw.githubusercontent.com/nemchenik/test/fe937d328767d7f39f4856e3b3ba9c2fd0a2ffaf/pinterest/generated_batch_54_visual_plans_editorial_static/57-01AK.jpg,Проекты частных домов,,"Проект дома №57-01AK: площадь 214,54 м², 2 этажа, габариты 12.3×20.31 м, материал стен — кирпич. На карточке показаны визуализация дома и планировки этажей. Сохраните идею и откройте проект, чтобы узнать подробности и актуальную стоимость.",https://catalog-plans.ru/catalog/57-01AK?utm_source=pinterest&utm_medium=organic&utm_campaign=generated_visual_plans_editorial_static_batch_54&utm_content=pin_10293_57-01AK_plans&utm_term=proekty-domov-s-planirovkami,,"проект дома 57-01AK, проект дома 214,54 м², планировка дома, планы этажей, готовый проект дома, визуализация дома, кирпич, catalog-plans.ru"
"Проект дома №37-58 площадью 225,7 м² с планировками",https://raw.githubusercontent.com/nemchenik/test/fe937d328767d7f39f4856e3b3ba9c2fd0a2ffaf/pinterest/generated_batch_54_visual_plans_editorial_static/37-58.jpg,Проекты частных домов,,"Проект дома №37-58: площадь 225,7 м², 2 этажа, габариты 8.7×11.84 м, материал стен — кирпич. На карточке показаны визуализация дома и планировки этажей. Сохраните идею и откройте проект, чтобы узнать подробности и актуальную стоимость.",https://catalog-plans.ru/catalog/37-58?utm_source=pinterest&utm_medium=organic&utm_campaign=generated_visual_plans_editorial_static_batch_54&utm_content=pin_10294_37-58_plans&utm_term=proekty-domov-s-planirovkami,,"проект дома 37-58, проект дома 225,7 м², планировка дома, планы этажей, готовый проект дома, визуализация дома, кирпич, catalog-plans.ru"
"Проект дома №61-19 площадью 479,1 м² с планировками",https://raw.githubusercontent.com/nemchenik/test/fe937d328767d7f39f4856e3b3ba9c2fd0a2ffaf/pinterest/generated_batch_54_visual_plans_editorial_static/61-19.jpg,Проекты частных домов,,"Проект дома №61-19: площадь 479,1 м², 3 этажа, габариты 13.06×23.77 м, материал стен — газобетон. На карточке показаны визуализация дома и планировки этажей. Сохраните идею и откройте проект, чтобы узнать подробности и актуальную стоимость.",https://catalog-plans.ru/catalog/61-19?utm_source=pinterest&utm_medium=organic&utm_campaign=generated_visual_plans_editorial_static_batch_54&utm_content=pin_10295_61-19_plans&utm_term=proekty-domov-s-planirovkami,,"проект дома 61-19, проект дома 479,1 м², планировка дома, планы этажей, готовый проект дома, визуализация дома, газобетон, catalog-plans.ru"
"Проект дома №68-11 площадью 159,68 м² с планировками",https://raw.githubusercontent.com/nemchenik/test/fe937d328767d7f39f4856e3b3ba9c2fd0a2ffaf/pinterest/generated_batch_54_visual_plans_editorial_static/68-11.jpg,Проекты частных домов,,"Проект дома №68-11: площадь 159,68 м², 1 этаж, габариты 13×18 м, материал стен — газобетон. На карточке показаны визуализация дома и планировки этажей. Сохраните идею и откройте проект, чтобы узнать подробности и актуальную стоимость.",https://catalog-plans.ru/catalog/68-11?utm_source=pinterest&utm_medium=organic&utm_campaign=generated_visual_plans_editorial_static_batch_54&utm_content=pin_10296_68-11_plans&utm_term=proekty-domov-s-planirovkami,,"проект дома 68-11, проект дома 159,68 м², планировка дома, планы этажей, готовый проект дома, визуализация дома, газобетон, catalog-plans.ru"
"Проект дома №34-18 площадью 792,3 м² с планировками",https://raw.githubusercontent.com/nemchenik/test/fe937d328767d7f39f4856e3b3ba9c2fd0a2ffaf/pinterest/generated_batch_54_visual_plans_editorial_static/34-18.jpg,Проекты частных домов,,"Проект дома №34-18: площадь 792,3 м², 3 этажа, габариты 18.3×20.1 м, материал стен — кирпич. На карточке показаны визуализация дома и планировки этажей. Сохраните идею и откройте проект, чтобы узнать подробности и актуальную стоимость.",https://catalog-plans.ru/catalog/34-18?utm_source=pinterest&utm_medium=organic&utm_campaign=generated_visual_plans_editorial_static_batch_54&utm_content=pin_10297_34-18_plans&utm_term=proekty-domov-s-planirovkami,,"проект дома 34-18, проект дома 792,3 м², планировка дома, планы этажей, готовый проект дома, визуализация дома, кирпич, catalog-plans.ru"
"Проект дома №36-20 площадью 883,2 м² с планировками",https://raw.githubusercontent.com/nemchenik/test/fe937d328767d7f39f4856e3b3ba9c2fd0a2ffaf/pinterest/generated_batch_54_visual_plans_editorial_static/36-20.jpg,Проекты частных домов,,"Проект дома №36-20: площадь 883,2 м², 3 этажа, габариты 19.2×22.2 м, материал стен — газобетон. На карточке показаны визуализация дома и планировки этажей. Сохраните идею и откройте проект, чтобы узнать подробности и актуальную стоимость.",https://catalog-plans.ru/catalog/36-20?utm_source=pinterest&utm_medium=organic&utm_campaign=generated_visual_plans_editorial_static_batch_54&utm_content=pin_10298_36-20_plans&utm_term=proekty-domov-s-planirovkami,,"проект дома 36-20, проект дома 883,2 м², планировка дома, планы этажей, готовый проект дома, визуализация дома, газобетон, catalog-plans.ru"
"Проект дома №57-15BK площадью 359,45 м² с планировками",https://raw.githubusercontent.com/nemchenik/test/fe937d328767d7f39f4856e3b3ba9c2fd0a2ffaf/pinterest/generated_batch_54_visual_plans_editorial_static/57-15BK.jpg,Проекты частных домов,,"Проект дома №57-15BK: площадь 359,45 м², 3 этажа, габариты 13.12×15.42 м, материал стен — кирпич. На карточке показаны визуализация дома и планировки этажей. Сохраните идею и откройте проект, чтобы узнать подробности и актуальную стоимость.",https://catalog-plans.ru/catalog/57-15BK?utm_source=pinterest&utm_medium=organic&utm_campaign=generated_visual_plans_editorial_static_batch_54&utm_content=pin_10299_57-15BK_plans&utm_term=proekty-domov-s-planirovkami,,"проект дома 57-15BK, проект дома 359,45 м², планировка дома, планы этажей, готовый проект дома, визуализация дома, кирпич, catalog-plans.ru"
Проект дома №62-38AE площадью 308 м² с планировками,https://raw.githubusercontent.com/nemchenik/test/fe937d328767d7f39f4856e3b3ba9c2fd0a2ffaf/pinterest/generated_batch_54_visual_plans_editorial_static/62-38AE.jpg,Проекты частных домов,,"Проект дома №62-38AE: площадь 308 м², 2 этажа, габариты 12.8×18.6 м, материал стен — газобетон. На карточке показаны визуализация дома и планировки этажей. Сохраните идею и откройте проект, чтобы узнать подробности и актуальную стоимость.",https://catalog-plans.ru/catalog/62-38AE?utm_source=pinterest&utm_medium=organic&utm_campaign=generated_visual_plans_editorial_static_batch_54&utm_content=pin_10300_62-38AE_plans&utm_term=proekty-domov-s-planirovkami,,"проект дома 62-38AE, проект дома 308 м², планировка дома, планы этажей, готовый проект дома, визуализация дома, газобетон, catalog-plans.ru"
"Проект дома №49-21 площадью 195,6 м² с планировками",https://raw.githubusercontent.com/nemchenik/test/fe937d328767d7f39f4856e3b3ba9c2fd0a2ffaf/pinterest/generated_batch_54_visual_plans_editorial_static/49-21.jpg,Проекты частных домов,,"Проект дома №49-21: площадь 195,6 м², 2 этажа, габариты 9.6×11.1 м, материал стен — газобетон. На карточке показаны визуализация дома и планировки этажей. Сохраните идею и откройте проект, чтобы узнать подробности и актуальную стоимость.",https://catalog-plans.ru/catalog/49-21?utm_source=pinterest&utm_medium=organic&utm_campaign=generated_visual_plans_editorial_static_batch_54&utm_content=pin_10301_49-21_plans&utm_term=proekty-domov-s-planirovkami,,"проект дома 49-21, проект дома 195,6 м², планировка дома, планы этажей, готовый проект дома, визуализация дома, газобетон, catalog-plans.ru"
"Проект дома №70-95 площадью 172,96 м² с планировками",https://raw.githubusercontent.com/nemchenik/test/fe937d328767d7f39f4856e3b3ba9c2fd0a2ffaf/pinterest/generated_batch_54_visual_plans_editorial_static/70-95.jpg,Проекты частных домов,,"Проект дома №70-95: площадь 172,96 м², 2 этажа, габариты 9.34×12.74 м, материал стен — деревянный каркас. На карточке показаны визуализация дома и планировки этажей. Сохраните идею и откройте проект, чтобы узнать подробности и актуальную стоимость.",https://catalog-plans.ru/catalog/70-95?utm_source=pinterest&utm_medium=organic&utm_campaign=generated_visual_plans_editorial_static_batch_54&utm_content=pin_10302_70-95_plans&utm_term=proekty-domov-s-planirovkami,,"проект дома 70-95, проект дома 172,96 м², планировка дома, планы этажей, готовый проект дома, визуализация дома, деревянный каркас, catalog-plans.ru"
"Проект дома №59-84 площадью 183,23 м² с планировками",https://raw.githubusercontent.com/nemchenik/test/fe937d328767d7f39f4856e3b3ba9c2fd0a2ffaf/pinterest/generated_batch_54_visual_plans_editorial_static/59-84.jpg,Проекты частных домов,,"Проект дома №59-84: площадь 183,23 м², 2 этажа, габариты 11.86×13.76 м, материал стен — газобетон. На карточке показаны визуализация дома и планировки этажей. Сохраните идею и откройте проект, чтобы узнать подробности и актуальную стоимость.",https://catalog-plans.ru/catalog/59-84?utm_source=pinterest&utm_medium=organic&utm_campaign=generated_visual_plans_editorial_static_batch_54&utm_content=pin_10303_59-84_plans&utm_term=proekty-domov-s-planirovkami,,"проект дома 59-84, проект дома 183,23 м², планировка дома, планы этажей, готовый проект дома, визуализация дома, газобетон, catalog-plans.ru"
"Проект дома №45-64NYKL площадью 247,66 м² с планировками",https://raw.githubusercontent.com/nemchenik/test/fe937d328767d7f39f4856e3b3ba9c2fd0a2ffaf/pinterest/generated_batch_54_visual_plans_editorial_static/45-64NYKL.jpg,Проекты частных домов,,"Проект дома №45-64NYKL: площадь 247,66 м², 2 этажа, габариты 12.74×19.98 м, материал стен — кирпич. На карточке показаны визуализация дома и планировки этажей. Сохраните идею и откройте проект, чтобы узнать подробности и актуальную стоимость.",https://catalog-plans.ru/catalog/45-64NYKL?utm_source=pinterest&utm_medium=organic&utm_campaign=generated_visual_plans_editorial_static_batch_54&utm_content=pin_10304_45-64NYKL_plans&utm_term=proekty-domov-s-planirovkami,,"проект дома 45-64NYKL, проект дома 247,66 м², планировка дома, планы этажей, готовый проект дома, визуализация дома, кирпич, catalog-plans.ru"
"Проект дома №45-64NZKL площадью 246,87 м² с планировками",https://raw.githubusercontent.com/nemchenik/test/fe937d328767d7f39f4856e3b3ba9c2fd0a2ffaf/pinterest/generated_batch_54_visual_plans_editorial_static/45-64NZKL.jpg,Проекты частных домов,,"Проект дома №45-64NZKL: площадь 246,87 м², 2 этажа, габариты 12.74×14.24 м, материал стен — кирпич. На карточке показаны визуализация дома и планировки этажей. Сохраните идею и откройте проект, чтобы узнать подробности и актуальную стоимость.",https://catalog-plans.ru/catalog/45-64NZKL?utm_source=pinterest&utm_medium=organic&utm_campaign=generated_visual_plans_editorial_static_batch_54&utm_content=pin_10305_45-64NZKL_plans&utm_term=proekty-domov-s-planirovkami,,"проект дома 45-64NZKL, проект дома 246,87 м², планировка дома, планы этажей, готовый проект дома, визуализация дома, кирпич, catalog-plans.ru"
"Проект дома №60-37 площадью 147,5 м² с планировками",https://raw.githubusercontent.com/nemchenik/test/fe937d328767d7f39f4856e3b3ba9c2fd0a2ffaf/pinterest/generated_batch_54_visual_plans_editorial_static/60-37.jpg,Проекты частных домов,,"Проект дома №60-37: площадь 147,5 м², 2 этажа, габариты 11.1×12.7 м, материал стен — газобетон. На карточке показаны визуализация дома и планировки этажей. Сохраните идею и откройте проект, чтобы узнать подробности и актуальную стоимость.",https://catalog-plans.ru/catalog/60-37?utm_source=pinterest&utm_medium=organic&utm_campaign=generated_visual_plans_editorial_static_batch_54&utm_content=pin_10306_60-37_plans&utm_term=proekty-domov-s-planirovkami,,"проект дома 60-37, проект дома 147,5 м², планировка дома, планы этажей, готовый проект дома, визуализация дома, газобетон, catalog-plans.ru"
"Проект дома №70-99WIKING площадью 74,56 м² с планировками",https://raw.githubusercontent.com/nemchenik/test/fe937d328767d7f39f4856e3b3ba9c2fd0a2ffaf/pinterest/generated_batch_54_visual_plans_editorial_static/70-99WIKING.jpg,Проекты частных домов,,"Проект дома №70-99WIKING: площадь 74,56 м², 2 этажа, габариты 7×10 м, материал стен — деревянный каркас. На карточке показаны визуализация дома и планировки этажей. Сохраните идею и откройте проект, чтобы узнать подробности и актуальную стоимость.",https://catalog-plans.ru/catalog/70-99WIKING?utm_source=pinterest&utm_medium=organic&utm_campaign=generated_visual_plans_editorial_static_batch_54&utm_content=pin_10307_70-99WIKING_plans&utm_term=proekty-domov-s-planirovkami,,"проект дома 70-99WIKING, проект дома 74,56 м², планировка дома, планы этажей, готовый проект дома, визуализация дома, деревянный каркас, catalog-plans.ru"
"Проект дома №45-08TBG площадью 234,87 м² с планировками",https://raw.githubusercontent.com/nemchenik/test/fe937d328767d7f39f4856e3b3ba9c2fd0a2ffaf/pinterest/generated_batch_54_visual_plans_editorial_static/45-08TBG.jpg,Проекты частных домов,,"Проект дома №45-08TBG: площадь 234,87 м², 1 этаж, габариты 16.1×24.3 м, материал стен — газобетон. На карточке показаны визуализация дома и планировки этажей. Сохраните идею и откройте проект, чтобы узнать подробности и актуальную стоимость.",https://catalog-plans.ru/catalog/45-08TBG?utm_source=pinterest&utm_medium=organic&utm_campaign=generated_visual_plans_editorial_static_batch_54&utm_content=pin_10308_45-08TBG_plans&utm_term=proekty-domov-s-planirovkami,,"проект дома 45-08TBG, проект дома 234,87 м², планировка дома, планы этажей, готовый проект дома, визуализация дома, газобетон, catalog-plans.ru"
"Проект дома №68-33L площадью 272,29 м² с планировками",https://raw.githubusercontent.com/nemchenik/test/fe937d328767d7f39f4856e3b3ba9c2fd0a2ffaf/pinterest/generated_batch_54_visual_plans_editorial_static/68-33L.jpg,Проекты частных домов,,"Проект дома №68-33L: площадь 272,29 м², 2 этажа, габариты 16.2×16.4 м, материал стен — газобетон. На карточке показаны визуализация дома и планировки этажей. Сохраните идею и откройте проект, чтобы узнать подробности и актуальную стоимость.",https://catalog-plans.ru/catalog/68-33L?utm_source=pinterest&utm_medium=organic&utm_campaign=generated_visual_plans_editorial_static_batch_54&utm_content=pin_10309_68-33L_plans&utm_term=proekty-domov-s-planirovkami,,"проект дома 68-33L, проект дома 272,29 м², планировка дома, планы этажей, готовый проект дома, визуализация дома, газобетон, catalog-plans.ru"
"Проект дома №36-10 площадью 245,6 м² с планировками",https://raw.githubusercontent.com/nemchenik/test/fe937d328767d7f39f4856e3b3ba9c2fd0a2ffaf/pinterest/generated_batch_54_visual_plans_editorial_static/36-10.jpg,Проекты частных домов,,"Проект дома №36-10: площадь 245,6 м², 3 этажа, габариты 26.18×40.37 м, материал стен — кирпича 1. На карточке показаны визуализация дома и планировки этажей. Сохраните идею и откройте проект, чтобы узнать подробности и актуальную стоимость.",https://catalog-plans.ru/catalog/36-10?utm_source=pinterest&utm_medium=organic&utm_campaign=generated_visual_plans_editorial_static_batch_54&utm_content=pin_10310_36-10_plans&utm_term=proekty-domov-s-planirovkami,,"проект дома 36-10, проект дома 245,6 м², планировка дома, планы этажей, готовый проект дома, визуализация дома, кирпича 1, catalog-plans.ru"
"Проект дома №50-08 площадью 201,4 м² с планировками",https://raw.githubusercontent.com/nemchenik/test/fe937d328767d7f39f4856e3b3ba9c2fd0a2ffaf/pinterest/generated_batch_54_visual_plans_editorial_static/50-08.jpg,Проекты частных домов,,"Проект дома №50-08: площадь 201,4 м², 2 этажа, габариты 12.2×15 м, материал стен — газобетон. На карточке показаны визуализация дома и планировки этажей. Сохраните идею и откройте проект, чтобы узнать подробности и актуальную стоимость.",https://catalog-plans.ru/catalog/50-08?utm_source=pinterest&utm_medium=organic&utm_campaign=generated_visual_plans_editorial_static_batch_54&utm_content=pin_10311_50-08_plans&utm_term=proekty-domov-s-planirovkami,,"проект дома 50-08, проект дома 201,4 м², планировка дома, планы этажей, готовый проект дома, визуализация дома, газобетон, catalog-plans.ru"
