Title,Media URL,Pinterest board,Thumbnail,Description,Link,Publish date,Keywords
"Проект дома №10-23: планы, фасады и размеры",https://raw.githubusercontent.com/nemchenik/test/catalog-plans-pinterest-assets/pinterest/generated_batch_28_no_button/10-23.jpg,Двухэтажные дома,,"Проект дома №10-23. На превью показана каноническая визуализация со страницы этого проекта на catalog-plans.ru. В карточке доступны планы этажей, фасады, размеры и характеристики. Параметры: 100 м²; 2 этажа; габариты 6×6 м; стены — газобетон; стиль — хай-тек; особенность — терраса. Откройте проект и сопоставьте планировку и габариты со своим участком до заказа.",https://catalog-plans.ru/catalog/10-23?utm_source=pinterest&utm_medium=organic&utm_campaign=generated_house_cards_no_button_batch_28&utm_content=pin_5112_10-23_plans&utm_term=dvuhetazhnye-doma,,"проект дома 10-23, проект №10-23, Двухэтажные дома, готовый проект дома, планировка дома, фасады дома, дом с размерами, визуализация дома, дом 100 м², дом газобетон, дом хай-тек, дом терраса, catalog-plans.ru"
Дом №12-18: проверить параметры проекта,https://raw.githubusercontent.com/nemchenik/test/catalog-plans-pinterest-assets/pinterest/generated_batch_28_no_button/12-18.jpg,Дома с террасой,,"Проект дома №12-18. На превью показана каноническая визуализация со страницы этого проекта на catalog-plans.ru. В карточке доступны планы этажей, фасады, размеры и характеристики. Параметры: 100 м²; 2 этажа; габариты 6×6 м; стены — газобетон; стиль — хай-тек; особенность — терраса. Откройте проект и сопоставьте планировку и габариты со своим участком до заказа.",https://catalog-plans.ru/catalog/12-18?utm_source=pinterest&utm_medium=organic&utm_campaign=generated_house_cards_no_button_batch_28&utm_content=pin_5113_12-18_compare&utm_term=doma-s-terrasoy,,"проект дома 12-18, проект №12-18, Дома с террасой, готовый проект дома, планировка дома, фасады дома, дом с размерами, визуализация дома, дом 100 м², дом газобетон, дом хай-тек, дом терраса, catalog-plans.ru"
Проект №12-42: габариты и планировка дома,https://raw.githubusercontent.com/nemchenik/test/catalog-plans-pinterest-assets/pinterest/generated_batch_28_no_button/12-42.jpg,Дома из газобетона,,"Проект дома №12-42. На превью показана каноническая визуализация со страницы этого проекта на catalog-plans.ru. В карточке доступны планы этажей, фасады, размеры и характеристики. Параметры: 100 м²; 2 этажа; габариты 6×6 м; стены — газобетон; стиль — хай-тек; особенность — терраса. Откройте проект и сопоставьте планировку и габариты со своим участком до заказа.",https://catalog-plans.ru/catalog/12-42?utm_source=pinterest&utm_medium=organic&utm_campaign=generated_house_cards_no_button_batch_28&utm_content=pin_5114_12-42_site&utm_term=doma-iz-gazobetona,,"проект дома 12-42, проект №12-42, Дома из газобетона, готовый проект дома, планировка дома, фасады дома, дом с размерами, визуализация дома, дом 100 м², дом газобетон, дом хай-тек, дом терраса, catalog-plans.ru"
Дом №13-02: посмотреть проект целиком,https://raw.githubusercontent.com/nemchenik/test/catalog-plans-pinterest-assets/pinterest/generated_batch_28_no_button/13-02.jpg,Дома с террасой,,"Проект дома №13-02. На превью показана каноническая визуализация со страницы этого проекта на catalog-plans.ru. В карточке доступны планы этажей, фасады, размеры и характеристики. Параметры: 100 м²; 2 этажа; габариты 6×6 м; стены — газобетон; стиль — хай-тек; особенность — терраса. Откройте проект и сопоставьте планировку и габариты со своим участком до заказа.",https://catalog-plans.ru/catalog/13-02?utm_source=pinterest&utm_medium=organic&utm_campaign=generated_house_cards_no_button_batch_28&utm_content=pin_5115_13-02_facades&utm_term=doma-s-terrasoy,,"проект дома 13-02, проект №13-02, Дома с террасой, готовый проект дома, планировка дома, фасады дома, дом с размерами, визуализация дома, дом 100 м², дом газобетон, дом хай-тек, дом терраса, catalog-plans.ru"
Проект дома №13-12: сравнить перед выбором,https://raw.githubusercontent.com/nemchenik/test/catalog-plans-pinterest-assets/pinterest/generated_batch_28_no_button/13-12.jpg,Дома в стиле хай-тек,,"Проект дома №13-12. На превью показана каноническая визуализация со страницы этого проекта на catalog-plans.ru. В карточке доступны планы этажей, фасады, размеры и характеристики. Параметры: 100 м²; 2 этажа; габариты 6×6 м; стены — газобетон; стиль — хай-тек; особенность — терраса. Откройте проект и сопоставьте планировку и габариты со своим участком до заказа.",https://catalog-plans.ru/catalog/13-12?utm_source=pinterest&utm_medium=organic&utm_campaign=generated_house_cards_no_button_batch_28&utm_content=pin_5116_13-12_estimate&utm_term=doma-v-stile-hay-tek,,"проект дома 13-12, проект №13-12, Дома в стиле хай-тек, готовый проект дома, планировка дома, фасады дома, дом с размерами, визуализация дома, дом 100 м², дом газобетон, дом хай-тек, дом терраса, catalog-plans.ru"
"Дом №13-39: фасады, этажи и характеристики",https://raw.githubusercontent.com/nemchenik/test/catalog-plans-pinterest-assets/pinterest/generated_batch_28_no_button/13-39.jpg,Дома в стиле хай-тек,,"Проект дома №13-39. На превью показана каноническая визуализация со страницы этого проекта на catalog-plans.ru. В карточке доступны планы этажей, фасады, размеры и характеристики. Параметры: 100 м²; 2 этажа; габариты 6×6 м; стены — газобетон; стиль — хай-тек; особенность — терраса. Откройте проект и сопоставьте планировку и габариты со своим участком до заказа.",https://catalog-plans.ru/catalog/13-39?utm_source=pinterest&utm_medium=organic&utm_campaign=generated_house_cards_no_button_batch_28&utm_content=pin_5117_13-39_changes&utm_term=doma-v-stile-hay-tek,,"проект дома 13-39, проект №13-39, Дома в стиле хай-тек, готовый проект дома, планировка дома, фасады дома, дом с размерами, визуализация дома, дом 100 м², дом газобетон, дом хай-тек, дом терраса, catalog-plans.ru"
"Проект дома №13-59D: планы, фасады и размеры",https://raw.githubusercontent.com/nemchenik/test/catalog-plans-pinterest-assets/pinterest/generated_batch_28_no_button/13-59D.jpg,Фасады домов,,"Проект дома №13-59D. На превью показана каноническая визуализация со страницы этого проекта на catalog-plans.ru. В карточке доступны планы этажей, фасады, размеры и характеристики. Параметры: 100 м²; 2 этажа; габариты 6×6 м; стены — газобетон; стиль — хай-тек; особенность — терраса. Откройте проект и сопоставьте планировку и габариты со своим участком до заказа.",https://catalog-plans.ru/catalog/13-59D?utm_source=pinterest&utm_medium=organic&utm_campaign=generated_house_cards_no_button_batch_28&utm_content=pin_5118_13-59d_plans&utm_term=fasady-domov,,"проект дома 13-59D, проект №13-59D, Фасады домов, готовый проект дома, планировка дома, фасады дома, дом с размерами, визуализация дома, дом 100 м², дом газобетон, дом хай-тек, дом терраса, catalog-plans.ru"
Дом №13-90: проверить параметры проекта,https://raw.githubusercontent.com/nemchenik/test/catalog-plans-pinterest-assets/pinterest/generated_batch_28_no_button/13-90.jpg,Дома из газобетона,,"Проект дома №13-90. На превью показана каноническая визуализация со страницы этого проекта на catalog-plans.ru. В карточке доступны планы этажей, фасады, размеры и характеристики. Параметры: 100 м²; 2 этажа; габариты 6×6 м; стены — газобетон; стиль — хай-тек; особенность — терраса. Откройте проект и сопоставьте планировку и габариты со своим участком до заказа.",https://catalog-plans.ru/catalog/13-90?utm_source=pinterest&utm_medium=organic&utm_campaign=generated_house_cards_no_button_batch_28&utm_content=pin_5119_13-90_compare&utm_term=doma-iz-gazobetona,,"проект дома 13-90, проект №13-90, Дома из газобетона, готовый проект дома, планировка дома, фасады дома, дом с размерами, визуализация дома, дом 100 м², дом газобетон, дом хай-тек, дом терраса, catalog-plans.ru"
Проект №14-03: габариты и планировка дома,https://raw.githubusercontent.com/nemchenik/test/catalog-plans-pinterest-assets/pinterest/generated_batch_28_no_button/14-03.jpg,Проекты домов с визуализациями,,"Проект дома №14-03. На превью показана каноническая визуализация со страницы этого проекта на catalog-plans.ru. В карточке доступны планы этажей, фасады, размеры и характеристики. Параметры: 100 м²; 2 этажа; габариты 6×6 м; стены — газобетон; стиль — хай-тек; особенность — терраса. Откройте проект и сопоставьте планировку и габариты со своим участком до заказа.",https://catalog-plans.ru/catalog/14-03?utm_source=pinterest&utm_medium=organic&utm_campaign=generated_house_cards_no_button_batch_28&utm_content=pin_5120_14-03_site&utm_term=proekty-domov-s-vizualizaciyami,,"проект дома 14-03, проект №14-03, Проекты домов с визуализациями, готовый проект дома, планировка дома, фасады дома, дом с размерами, визуализация дома, дом 100 м², дом газобетон, дом хай-тек, дом терраса, catalog-plans.ru"
Дом №14-11: посмотреть проект целиком,https://raw.githubusercontent.com/nemchenik/test/catalog-plans-pinterest-assets/pinterest/generated_batch_28_no_button/14-11.jpg,Готовые проекты домов,,"Проект дома №14-11. На превью показана каноническая визуализация со страницы этого проекта на catalog-plans.ru. В карточке доступны планы этажей, фасады, размеры и характеристики. Параметры: 100 м²; 2 этажа; габариты 6×6 м; стены — газобетон; стиль — хай-тек; особенность — терраса. Откройте проект и сопоставьте планировку и габариты со своим участком до заказа.",https://catalog-plans.ru/catalog/14-11?utm_source=pinterest&utm_medium=organic&utm_campaign=generated_house_cards_no_button_batch_28&utm_content=pin_5121_14-11_facades&utm_term=gotovye-proekty-domov,,"проект дома 14-11, проект №14-11, Готовые проекты домов, готовый проект дома, планировка дома, фасады дома, дом с размерами, визуализация дома, дом 100 м², дом газобетон, дом хай-тек, дом терраса, catalog-plans.ru"
Проект дома №15-15: сравнить перед выбором,https://raw.githubusercontent.com/nemchenik/test/catalog-plans-pinterest-assets/pinterest/generated_batch_28_no_button/15-15.jpg,Проекты домов с визуализациями,,"Проект дома №15-15. На превью показана каноническая визуализация со страницы этого проекта на catalog-plans.ru. В карточке доступны планы этажей, фасады, размеры и характеристики. Параметры: 100 м²; 1 этаж; габариты 6×6 м; стены — газобетон; стиль — хай-тек; особенность — терраса. Откройте проект и сопоставьте планировку и габариты со своим участком до заказа.",https://catalog-plans.ru/catalog/15-15?utm_source=pinterest&utm_medium=organic&utm_campaign=generated_house_cards_no_button_batch_28&utm_content=pin_5122_15-15_estimate&utm_term=proekty-domov-s-vizualizaciyami,,"проект дома 15-15, проект №15-15, Проекты домов с визуализациями, готовый проект дома, планировка дома, фасады дома, дом с размерами, визуализация дома, дом 100 м², дом газобетон, дом хай-тек, дом терраса, catalog-plans.ru"
"Дом №15-19: фасады, этажи и характеристики",https://raw.githubusercontent.com/nemchenik/test/catalog-plans-pinterest-assets/pinterest/generated_batch_28_no_button/15-19.jpg,Дома с террасой,,"Проект дома №15-19. На превью показана каноническая визуализация со страницы этого проекта на catalog-plans.ru. В карточке доступны планы этажей, фасады, размеры и характеристики. Параметры: 100 м²; 1 этаж; габариты 6×6 м; стены — газобетон; стиль — хай-тек; особенность — терраса. Откройте проект и сопоставьте планировку и габариты со своим участком до заказа.",https://catalog-plans.ru/catalog/15-19?utm_source=pinterest&utm_medium=organic&utm_campaign=generated_house_cards_no_button_batch_28&utm_content=pin_5123_15-19_changes&utm_term=doma-s-terrasoy,,"проект дома 15-19, проект №15-19, Дома с террасой, готовый проект дома, планировка дома, фасады дома, дом с размерами, визуализация дома, дом 100 м², дом газобетон, дом хай-тек, дом терраса, catalog-plans.ru"
"Проект дома №30-55: планы, фасады и размеры",https://raw.githubusercontent.com/nemchenik/test/catalog-plans-pinterest-assets/pinterest/generated_batch_28_no_button/30-55.jpg,Дома до 120 м²,,"Проект дома №30-55. На превью показана каноническая визуализация со страницы этого проекта на catalog-plans.ru. В карточке доступны планы этажей, фасады, размеры и характеристики. Параметры: 100 м²; 3 этажа; габариты 6×6 м; стены — газобетон; стиль — хай-тек; особенность — терраса. Откройте проект и сопоставьте планировку и габариты со своим участком до заказа.",https://catalog-plans.ru/catalog/30-55?utm_source=pinterest&utm_medium=organic&utm_campaign=generated_house_cards_no_button_batch_28&utm_content=pin_5124_30-55_plans&utm_term=doma-do-120-m,,"проект дома 30-55, проект №30-55, Дома до 120 м², готовый проект дома, планировка дома, фасады дома, дом с размерами, визуализация дома, дом 100 м², дом газобетон, дом хай-тек, дом терраса, catalog-plans.ru"
Дом №31-28: проверить параметры проекта,https://raw.githubusercontent.com/nemchenik/test/catalog-plans-pinterest-assets/pinterest/generated_batch_28_no_button/31-28.jpg,Дома до 120 м²,,"Проект дома №31-28. На превью показана каноническая визуализация со страницы этого проекта на catalog-plans.ru. В карточке доступны планы этажей, фасады, размеры и характеристики. Параметры: 100 м²; 3 этажа; габариты 6×6 м; стены — газобетон; стиль — хай-тек; особенность — терраса. Откройте проект и сопоставьте планировку и габариты со своим участком до заказа.",https://catalog-plans.ru/catalog/31-28?utm_source=pinterest&utm_medium=organic&utm_campaign=generated_house_cards_no_button_batch_28&utm_content=pin_5125_31-28_compare&utm_term=doma-do-120-m,,"проект дома 31-28, проект №31-28, Дома до 120 м², готовый проект дома, планировка дома, фасады дома, дом с размерами, визуализация дома, дом 100 м², дом газобетон, дом хай-тек, дом терраса, catalog-plans.ru"
Проект №31-69: габариты и планировка дома,https://raw.githubusercontent.com/nemchenik/test/catalog-plans-pinterest-assets/pinterest/generated_batch_28_no_button/31-69.jpg,Дома из газобетона,,"Проект дома №31-69. На превью показана каноническая визуализация со страницы этого проекта на catalog-plans.ru. В карточке доступны планы этажей, фасады, размеры и характеристики. Параметры: 100 м²; 2 этажа; габариты 6×6 м; стены — газобетон; стиль — хай-тек; особенность — терраса. Откройте проект и сопоставьте планировку и габариты со своим участком до заказа.",https://catalog-plans.ru/catalog/31-69?utm_source=pinterest&utm_medium=organic&utm_campaign=generated_house_cards_no_button_batch_28&utm_content=pin_5126_31-69_site&utm_term=doma-iz-gazobetona,,"проект дома 31-69, проект №31-69, Дома из газобетона, готовый проект дома, планировка дома, фасады дома, дом с размерами, визуализация дома, дом 100 м², дом газобетон, дом хай-тек, дом терраса, catalog-plans.ru"
Дом №32-36: посмотреть проект целиком,https://raw.githubusercontent.com/nemchenik/test/catalog-plans-pinterest-assets/pinterest/generated_batch_28_no_button/32-36.jpg,Готовые проекты домов,,"Проект дома №32-36. На превью показана каноническая визуализация со страницы этого проекта на catalog-plans.ru. В карточке доступны планы этажей, фасады, размеры и характеристики. Параметры: 100 м²; 2 этажа; габариты 6×6 м; стены — газобетон; стиль — хай-тек; особенность — терраса. Откройте проект и сопоставьте планировку и габариты со своим участком до заказа.",https://catalog-plans.ru/catalog/32-36?utm_source=pinterest&utm_medium=organic&utm_campaign=generated_house_cards_no_button_batch_28&utm_content=pin_5127_32-36_facades&utm_term=gotovye-proekty-domov,,"проект дома 32-36, проект №32-36, Готовые проекты домов, готовый проект дома, планировка дома, фасады дома, дом с размерами, визуализация дома, дом 100 м², дом газобетон, дом хай-тек, дом терраса, catalog-plans.ru"
Проект дома №32-73: сравнить перед выбором,https://raw.githubusercontent.com/nemchenik/test/catalog-plans-pinterest-assets/pinterest/generated_batch_28_no_button/32-73.jpg,Дома с террасой,,"Проект дома №32-73. На превью показана каноническая визуализация со страницы этого проекта на catalog-plans.ru. В карточке доступны планы этажей, фасады, размеры и характеристики. Параметры: 100 м²; 2 этажа; габариты 6×6 м; стены — газобетон; стиль — хай-тек; особенность — терраса. Откройте проект и сопоставьте планировку и габариты со своим участком до заказа.",https://catalog-plans.ru/catalog/32-73?utm_source=pinterest&utm_medium=organic&utm_campaign=generated_house_cards_no_button_batch_28&utm_content=pin_5128_32-73_estimate&utm_term=doma-s-terrasoy,,"проект дома 32-73, проект №32-73, Дома с террасой, готовый проект дома, планировка дома, фасады дома, дом с размерами, визуализация дома, дом 100 м², дом газобетон, дом хай-тек, дом терраса, catalog-plans.ru"
"Дом №32-74: фасады, этажи и характеристики",https://raw.githubusercontent.com/nemchenik/test/catalog-plans-pinterest-assets/pinterest/generated_batch_28_no_button/32-74.jpg,Фасады домов,,"Проект дома №32-74. На превью показана каноническая визуализация со страницы этого проекта на catalog-plans.ru. В карточке доступны планы этажей, фасады, размеры и характеристики. Параметры: 100 м²; 3 этажа; габариты 6×6 м; стены — газобетон; стиль — хай-тек; особенность — терраса. Откройте проект и сопоставьте планировку и габариты со своим участком до заказа.",https://catalog-plans.ru/catalog/32-74?utm_source=pinterest&utm_medium=organic&utm_campaign=generated_house_cards_no_button_batch_28&utm_content=pin_5129_32-74_changes&utm_term=fasady-domov,,"проект дома 32-74, проект №32-74, Фасады домов, готовый проект дома, планировка дома, фасады дома, дом с размерами, визуализация дома, дом 100 м², дом газобетон, дом хай-тек, дом терраса, catalog-plans.ru"
"Проект дома №32-75: планы, фасады и размеры",https://raw.githubusercontent.com/nemchenik/test/catalog-plans-pinterest-assets/pinterest/generated_batch_28_no_button/32-75.jpg,Готовые проекты домов,,"Проект дома №32-75. На превью показана каноническая визуализация со страницы этого проекта на catalog-plans.ru. В карточке доступны планы этажей, фасады, размеры и характеристики. Параметры: 100 м²; 2 этажа; габариты 6×6 м; стены — газобетон; стиль — хай-тек; особенность — терраса. Откройте проект и сопоставьте планировку и габариты со своим участком до заказа.",https://catalog-plans.ru/catalog/32-75?utm_source=pinterest&utm_medium=organic&utm_campaign=generated_house_cards_no_button_batch_28&utm_content=pin_5130_32-75_plans&utm_term=gotovye-proekty-domov,,"проект дома 32-75, проект №32-75, Готовые проекты домов, готовый проект дома, планировка дома, фасады дома, дом с размерами, визуализация дома, дом 100 м², дом газобетон, дом хай-тек, дом терраса, catalog-plans.ru"
Дом №32-90: проверить параметры проекта,https://raw.githubusercontent.com/nemchenik/test/catalog-plans-pinterest-assets/pinterest/generated_batch_28_no_button/32-90.jpg,Дома до 120 м²,,"Проект дома №32-90. На превью показана каноническая визуализация со страницы этого проекта на catalog-plans.ru. В карточке доступны планы этажей, фасады, размеры и характеристики. Параметры: 100 м²; 3 этажа; габариты 6×6 м; стены — газобетон; стиль — хай-тек; особенность — терраса. Откройте проект и сопоставьте планировку и габариты со своим участком до заказа.",https://catalog-plans.ru/catalog/32-90?utm_source=pinterest&utm_medium=organic&utm_campaign=generated_house_cards_no_button_batch_28&utm_content=pin_5131_32-90_compare&utm_term=doma-do-120-m,,"проект дома 32-90, проект №32-90, Дома до 120 м², готовый проект дома, планировка дома, фасады дома, дом с размерами, визуализация дома, дом 100 м², дом газобетон, дом хай-тек, дом терраса, catalog-plans.ru"
Проект №33-21: габариты и планировка дома,https://raw.githubusercontent.com/nemchenik/test/catalog-plans-pinterest-assets/pinterest/generated_batch_28_no_button/33-21.jpg,Дома в стиле хай-тек,,"Проект дома №33-21. На превью показана каноническая визуализация со страницы этого проекта на catalog-plans.ru. В карточке доступны планы этажей, фасады, размеры и характеристики. Параметры: 100 м²; 1 этаж; габариты 6×6 м; стены — газобетон; стиль — хай-тек; особенность — терраса. Откройте проект и сопоставьте планировку и габариты со своим участком до заказа.",https://catalog-plans.ru/catalog/33-21?utm_source=pinterest&utm_medium=organic&utm_campaign=generated_house_cards_no_button_batch_28&utm_content=pin_5132_33-21_site&utm_term=doma-v-stile-hay-tek,,"проект дома 33-21, проект №33-21, Дома в стиле хай-тек, готовый проект дома, планировка дома, фасады дома, дом с размерами, визуализация дома, дом 100 м², дом газобетон, дом хай-тек, дом терраса, catalog-plans.ru"
Дом №33-25: посмотреть проект целиком,https://raw.githubusercontent.com/nemchenik/test/catalog-plans-pinterest-assets/pinterest/generated_batch_28_no_button/33-25.jpg,Дома с террасой,,"Проект дома №33-25. На превью показана каноническая визуализация со страницы этого проекта на catalog-plans.ru. В карточке доступны планы этажей, фасады, размеры и характеристики. Параметры: 100 м²; 2 этажа; габариты 6×6 м; стены — газобетон; стиль — хай-тек; особенность — терраса. Откройте проект и сопоставьте планировку и габариты со своим участком до заказа.",https://catalog-plans.ru/catalog/33-25?utm_source=pinterest&utm_medium=organic&utm_campaign=generated_house_cards_no_button_batch_28&utm_content=pin_5133_33-25_facades&utm_term=doma-s-terrasoy,,"проект дома 33-25, проект №33-25, Дома с террасой, готовый проект дома, планировка дома, фасады дома, дом с размерами, визуализация дома, дом 100 м², дом газобетон, дом хай-тек, дом терраса, catalog-plans.ru"
Проект дома №33-40: сравнить перед выбором,https://raw.githubusercontent.com/nemchenik/test/catalog-plans-pinterest-assets/pinterest/generated_batch_28_no_button/33-40.jpg,Дома в стиле хай-тек,,"Проект дома №33-40. На превью показана каноническая визуализация со страницы этого проекта на catalog-plans.ru. В карточке доступны планы этажей, фасады, размеры и характеристики. Параметры: 100 м²; 2 этажа; габариты 6×6 м; стены — газобетон; стиль — хай-тек; особенность — терраса. Откройте проект и сопоставьте планировку и габариты со своим участком до заказа.",https://catalog-plans.ru/catalog/33-40?utm_source=pinterest&utm_medium=organic&utm_campaign=generated_house_cards_no_button_batch_28&utm_content=pin_5134_33-40_estimate&utm_term=doma-v-stile-hay-tek,,"проект дома 33-40, проект №33-40, Дома в стиле хай-тек, готовый проект дома, планировка дома, фасады дома, дом с размерами, визуализация дома, дом 100 м², дом газобетон, дом хай-тек, дом терраса, catalog-plans.ru"
"Дом №34-08: фасады, этажи и характеристики",https://raw.githubusercontent.com/nemchenik/test/catalog-plans-pinterest-assets/pinterest/generated_batch_28_no_button/34-08.jpg,Готовые проекты домов,,"Проект дома №34-08. На превью показана каноническая визуализация со страницы этого проекта на catalog-plans.ru. В карточке доступны планы этажей, фасады, размеры и характеристики. Параметры: 100 м²; 3 этажа; габариты 6×6 м; стены — газобетон; стиль — хай-тек; особенность — терраса. Откройте проект и сопоставьте планировку и габариты со своим участком до заказа.",https://catalog-plans.ru/catalog/34-08?utm_source=pinterest&utm_medium=organic&utm_campaign=generated_house_cards_no_button_batch_28&utm_content=pin_5135_34-08_changes&utm_term=gotovye-proekty-domov,,"проект дома 34-08, проект №34-08, Готовые проекты домов, готовый проект дома, планировка дома, фасады дома, дом с размерами, визуализация дома, дом 100 м², дом газобетон, дом хай-тек, дом терраса, catalog-plans.ru"
"Проект дома №34-50: планы, фасады и размеры",https://raw.githubusercontent.com/nemchenik/test/catalog-plans-pinterest-assets/pinterest/generated_batch_28_no_button/34-50.jpg,Дома в стиле хай-тек,,"Проект дома №34-50. На превью показана каноническая визуализация со страницы этого проекта на catalog-plans.ru. В карточке доступны планы этажей, фасады, размеры и характеристики. Параметры: 100 м²; 3 этажа; габариты 6×6 м; стены — газобетон; стиль — хай-тек; особенность — терраса. Откройте проект и сопоставьте планировку и габариты со своим участком до заказа.",https://catalog-plans.ru/catalog/34-50?utm_source=pinterest&utm_medium=organic&utm_campaign=generated_house_cards_no_button_batch_28&utm_content=pin_5136_34-50_plans&utm_term=doma-v-stile-hay-tek,,"проект дома 34-50, проект №34-50, Дома в стиле хай-тек, готовый проект дома, планировка дома, фасады дома, дом с размерами, визуализация дома, дом 100 м², дом газобетон, дом хай-тек, дом терраса, catalog-plans.ru"
Дом №34-53: проверить параметры проекта,https://raw.githubusercontent.com/nemchenik/test/catalog-plans-pinterest-assets/pinterest/generated_batch_28_no_button/34-53.jpg,Фасады домов,,"Проект дома №34-53. На превью показана каноническая визуализация со страницы этого проекта на catalog-plans.ru. В карточке доступны планы этажей, фасады, размеры и характеристики. Параметры: 100 м²; 2 этажа; габариты 6×6 м; стены — газобетон; стиль — хай-тек; особенность — терраса. Откройте проект и сопоставьте планировку и габариты со своим участком до заказа.",https://catalog-plans.ru/catalog/34-53?utm_source=pinterest&utm_medium=organic&utm_campaign=generated_house_cards_no_button_batch_28&utm_content=pin_5137_34-53_compare&utm_term=fasady-domov,,"проект дома 34-53, проект №34-53, Фасады домов, готовый проект дома, планировка дома, фасады дома, дом с размерами, визуализация дома, дом 100 м², дом газобетон, дом хай-тек, дом терраса, catalog-plans.ru"
Проект №34-83: габариты и планировка дома,https://raw.githubusercontent.com/nemchenik/test/catalog-plans-pinterest-assets/pinterest/generated_batch_28_no_button/34-83.jpg,Готовые проекты домов,,"Проект дома №34-83. На превью показана каноническая визуализация со страницы этого проекта на catalog-plans.ru. В карточке доступны планы этажей, фасады, размеры и характеристики. Параметры: 100 м²; 2 этажа; габариты 6×6 м; стены — газобетон; стиль — хай-тек; особенность — терраса. Откройте проект и сопоставьте планировку и габариты со своим участком до заказа.",https://catalog-plans.ru/catalog/34-83?utm_source=pinterest&utm_medium=organic&utm_campaign=generated_house_cards_no_button_batch_28&utm_content=pin_5138_34-83_site&utm_term=gotovye-proekty-domov,,"проект дома 34-83, проект №34-83, Готовые проекты домов, готовый проект дома, планировка дома, фасады дома, дом с размерами, визуализация дома, дом 100 м², дом газобетон, дом хай-тек, дом терраса, catalog-plans.ru"
Дом №35-31: посмотреть проект целиком,https://raw.githubusercontent.com/nemchenik/test/catalog-plans-pinterest-assets/pinterest/generated_batch_28_no_button/35-31.jpg,Готовые проекты домов,,"Проект дома №35-31. На превью показана каноническая визуализация со страницы этого проекта на catalog-plans.ru. В карточке доступны планы этажей, фасады, размеры и характеристики. Параметры: 100 м²; 2 этажа; габариты 6×6 м; стены — газобетон; стиль — хай-тек; особенность — терраса. Откройте проект и сопоставьте планировку и габариты со своим участком до заказа.",https://catalog-plans.ru/catalog/35-31?utm_source=pinterest&utm_medium=organic&utm_campaign=generated_house_cards_no_button_batch_28&utm_content=pin_5139_35-31_facades&utm_term=gotovye-proekty-domov,,"проект дома 35-31, проект №35-31, Готовые проекты домов, готовый проект дома, планировка дома, фасады дома, дом с размерами, визуализация дома, дом 100 м², дом газобетон, дом хай-тек, дом терраса, catalog-plans.ru"
Проект дома №35-85: сравнить перед выбором,https://raw.githubusercontent.com/nemchenik/test/catalog-plans-pinterest-assets/pinterest/generated_batch_28_no_button/35-85.jpg,Дома из газобетона,,"Проект дома №35-85. На превью показана каноническая визуализация со страницы этого проекта на catalog-plans.ru. В карточке доступны планы этажей, фасады, размеры и характеристики. Параметры: 100 м²; 2 этажа; габариты 6×6 м; стены — газобетон; стиль — хай-тек; особенность — терраса. Откройте проект и сопоставьте планировку и габариты со своим участком до заказа.",https://catalog-plans.ru/catalog/35-85?utm_source=pinterest&utm_medium=organic&utm_campaign=generated_house_cards_no_button_batch_28&utm_content=pin_5140_35-85_estimate&utm_term=doma-iz-gazobetona,,"проект дома 35-85, проект №35-85, Дома из газобетона, готовый проект дома, планировка дома, фасады дома, дом с размерами, визуализация дома, дом 100 м², дом газобетон, дом хай-тек, дом терраса, catalog-plans.ru"
"Дом №36-35: фасады, этажи и характеристики",https://raw.githubusercontent.com/nemchenik/test/catalog-plans-pinterest-assets/pinterest/generated_batch_28_no_button/36-35.jpg,Дома в стиле хай-тек,,"Проект дома №36-35. На превью показана каноническая визуализация со страницы этого проекта на catalog-plans.ru. В карточке доступны планы этажей, фасады, размеры и характеристики. Параметры: 100 м²; 2 этажа; габариты 6×6 м; стены — газобетон; стиль — хай-тек; особенность — терраса. Откройте проект и сопоставьте планировку и габариты со своим участком до заказа.",https://catalog-plans.ru/catalog/36-35?utm_source=pinterest&utm_medium=organic&utm_campaign=generated_house_cards_no_button_batch_28&utm_content=pin_5141_36-35_changes&utm_term=doma-v-stile-hay-tek,,"проект дома 36-35, проект №36-35, Дома в стиле хай-тек, готовый проект дома, планировка дома, фасады дома, дом с размерами, визуализация дома, дом 100 м², дом газобетон, дом хай-тек, дом терраса, catalog-plans.ru"
"Проект дома №36-39: планы, фасады и размеры",https://raw.githubusercontent.com/nemchenik/test/catalog-plans-pinterest-assets/pinterest/generated_batch_28_no_button/36-39.jpg,Дома с террасой,,"Проект дома №36-39. На превью показана каноническая визуализация со страницы этого проекта на catalog-plans.ru. В карточке доступны планы этажей, фасады, размеры и характеристики. Параметры: 100 м²; 2 этажа; габариты 6×6 м; стены — газобетон; стиль — хай-тек; особенность — терраса. Откройте проект и сопоставьте планировку и габариты со своим участком до заказа.",https://catalog-plans.ru/catalog/36-39?utm_source=pinterest&utm_medium=organic&utm_campaign=generated_house_cards_no_button_batch_28&utm_content=pin_5142_36-39_plans&utm_term=doma-s-terrasoy,,"проект дома 36-39, проект №36-39, Дома с террасой, готовый проект дома, планировка дома, фасады дома, дом с размерами, визуализация дома, дом 100 м², дом газобетон, дом хай-тек, дом терраса, catalog-plans.ru"
Дом №37-07: проверить параметры проекта,https://raw.githubusercontent.com/nemchenik/test/catalog-plans-pinterest-assets/pinterest/generated_batch_28_no_button/37-07.jpg,Готовые проекты домов,,"Проект дома №37-07. На превью показана каноническая визуализация со страницы этого проекта на catalog-plans.ru. В карточке доступны планы этажей, фасады, размеры и характеристики. Параметры: 100 м²; 2 этажа; габариты 6×6 м; стены — газобетон; стиль — хай-тек; особенность — терраса. Откройте проект и сопоставьте планировку и габариты со своим участком до заказа.",https://catalog-plans.ru/catalog/37-07?utm_source=pinterest&utm_medium=organic&utm_campaign=generated_house_cards_no_button_batch_28&utm_content=pin_5143_37-07_compare&utm_term=gotovye-proekty-domov,,"проект дома 37-07, проект №37-07, Готовые проекты домов, готовый проект дома, планировка дома, фасады дома, дом с размерами, визуализация дома, дом 100 м², дом газобетон, дом хай-тек, дом терраса, catalog-plans.ru"
Проект №40-04BEAWL: габариты и планировка дома,https://raw.githubusercontent.com/nemchenik/test/catalog-plans-pinterest-assets/pinterest/generated_batch_28_no_button/40-04BEAWL.jpg,Фасады домов,,"Проект дома №40-04BEAWL. На превью показана каноническая визуализация со страницы этого проекта на catalog-plans.ru. В карточке доступны планы этажей, фасады, размеры и характеристики. Параметры: 100 м²; 2 этажа; габариты 6×6 м; стены — газобетон; стиль — хай-тек; особенность — терраса. Откройте проект и сопоставьте планировку и габариты со своим участком до заказа.",https://catalog-plans.ru/catalog/40-04BEAWL?utm_source=pinterest&utm_medium=organic&utm_campaign=generated_house_cards_no_button_batch_28&utm_content=pin_5144_40-04beawl_site&utm_term=fasady-domov,,"проект дома 40-04BEAWL, проект №40-04BEAWL, Фасады домов, готовый проект дома, планировка дома, фасады дома, дом с размерами, визуализация дома, дом 100 м², дом газобетон, дом хай-тек, дом терраса, catalog-plans.ru"
Дом №40-04MAGL: посмотреть проект целиком,https://raw.githubusercontent.com/nemchenik/test/catalog-plans-pinterest-assets/pinterest/generated_batch_28_no_button/40-04MAGL.jpg,Двухэтажные дома,,"Проект дома №40-04MAGL. На превью показана каноническая визуализация со страницы этого проекта на catalog-plans.ru. В карточке доступны планы этажей, фасады, размеры и характеристики. Параметры: 100 м²; 2 этажа; габариты 6×6 м; стены — газобетон; стиль — хай-тек; особенность — терраса. Откройте проект и сопоставьте планировку и габариты со своим участком до заказа.",https://catalog-plans.ru/catalog/40-04MAGL?utm_source=pinterest&utm_medium=organic&utm_campaign=generated_house_cards_no_button_batch_28&utm_content=pin_5145_40-04magl_facades&utm_term=dvuhetazhnye-doma,,"проект дома 40-04MAGL, проект №40-04MAGL, Двухэтажные дома, готовый проект дома, планировка дома, фасады дома, дом с размерами, визуализация дома, дом 100 м², дом газобетон, дом хай-тек, дом терраса, catalog-plans.ru"
Проект дома №40-11CWK1L: сравнить перед выбором,https://raw.githubusercontent.com/nemchenik/test/catalog-plans-pinterest-assets/pinterest/generated_batch_28_no_button/40-11CWK1L.jpg,Фасады домов,,"Проект дома №40-11CWK1L. На превью показана каноническая визуализация со страницы этого проекта на catalog-plans.ru. В карточке доступны планы этажей, фасады, размеры и характеристики. Параметры: 100 м²; 3 этажа; габариты 6×6 м; стены — газобетон; стиль — хай-тек; особенность — терраса. Откройте проект и сопоставьте планировку и габариты со своим участком до заказа.",https://catalog-plans.ru/catalog/40-11CWK1L?utm_source=pinterest&utm_medium=organic&utm_campaign=generated_house_cards_no_button_batch_28&utm_content=pin_5146_40-11cwk1l_estimate&utm_term=fasady-domov,,"проект дома 40-11CWK1L, проект №40-11CWK1L, Фасады домов, готовый проект дома, планировка дома, фасады дома, дом с размерами, визуализация дома, дом 100 м², дом газобетон, дом хай-тек, дом терраса, catalog-plans.ru"
"Дом №40-11VKL: фасады, этажи и характеристики",https://raw.githubusercontent.com/nemchenik/test/catalog-plans-pinterest-assets/pinterest/generated_batch_28_no_button/40-11VKL.jpg,Дома с террасой,,"Проект дома №40-11VKL. На превью показана каноническая визуализация со страницы этого проекта на catalog-plans.ru. В карточке доступны планы этажей, фасады, размеры и характеристики. Параметры: 100 м²; 2 этажа; габариты 6×6 м; стены — газобетон; стиль — хай-тек; особенность — терраса. Откройте проект и сопоставьте планировку и габариты со своим участком до заказа.",https://catalog-plans.ru/catalog/40-11VKL?utm_source=pinterest&utm_medium=organic&utm_campaign=generated_house_cards_no_button_batch_28&utm_content=pin_5147_40-11vkl_changes&utm_term=doma-s-terrasoy,,"проект дома 40-11VKL, проект №40-11VKL, Дома с террасой, готовый проект дома, планировка дома, фасады дома, дом с размерами, визуализация дома, дом 100 м², дом газобетон, дом хай-тек, дом терраса, catalog-plans.ru"
"Проект дома №40-11Z: планы, фасады и размеры",https://raw.githubusercontent.com/nemchenik/test/catalog-plans-pinterest-assets/pinterest/generated_batch_28_no_button/40-11Z.jpg,Дома из газобетона,,"Проект дома №40-11Z. На превью показана каноническая визуализация со страницы этого проекта на catalog-plans.ru. В карточке доступны планы этажей, фасады, размеры и характеристики. Параметры: 100 м²; 3 этажа; габариты 6×6 м; стены — газобетон; стиль — хай-тек; особенность — терраса. Откройте проект и сопоставьте планировку и габариты со своим участком до заказа.",https://catalog-plans.ru/catalog/40-11Z?utm_source=pinterest&utm_medium=organic&utm_campaign=generated_house_cards_no_button_batch_28&utm_content=pin_5148_40-11z_plans&utm_term=doma-iz-gazobetona,,"проект дома 40-11Z, проект №40-11Z, Дома из газобетона, готовый проект дома, планировка дома, фасады дома, дом с размерами, визуализация дома, дом 100 м², дом газобетон, дом хай-тек, дом терраса, catalog-plans.ru"
Дом №40-12CKL: проверить параметры проекта,https://raw.githubusercontent.com/nemchenik/test/catalog-plans-pinterest-assets/pinterest/generated_batch_28_no_button/40-12CKL.jpg,Дома из газобетона,,"Проект дома №40-12CKL. На превью показана каноническая визуализация со страницы этого проекта на catalog-plans.ru. В карточке доступны планы этажей, фасады, размеры и характеристики. Параметры: 100 м²; 2 этажа; габариты 6×6 м; стены — газобетон; стиль — хай-тек; особенность — терраса. Откройте проект и сопоставьте планировку и габариты со своим участком до заказа.",https://catalog-plans.ru/catalog/40-12CKL?utm_source=pinterest&utm_medium=organic&utm_campaign=generated_house_cards_no_button_batch_28&utm_content=pin_5149_40-12ckl_compare&utm_term=doma-iz-gazobetona,,"проект дома 40-12CKL, проект №40-12CKL, Дома из газобетона, готовый проект дома, планировка дома, фасады дома, дом с размерами, визуализация дома, дом 100 м², дом газобетон, дом хай-тек, дом терраса, catalog-plans.ru"
Проект №40-17FW: габариты и планировка дома,https://raw.githubusercontent.com/nemchenik/test/catalog-plans-pinterest-assets/pinterest/generated_batch_28_no_button/40-17FW.jpg,Фасады домов,,"Проект дома №40-17FW. На превью показана каноническая визуализация со страницы этого проекта на catalog-plans.ru. В карточке доступны планы этажей, фасады, размеры и характеристики. Параметры: 100 м²; 2 этажа; габариты 6×6 м; стены — газобетон; стиль — хай-тек; особенность — терраса. Откройте проект и сопоставьте планировку и габариты со своим участком до заказа.",https://catalog-plans.ru/catalog/40-17FW?utm_source=pinterest&utm_medium=organic&utm_campaign=generated_house_cards_no_button_batch_28&utm_content=pin_5150_40-17fw_site&utm_term=fasady-domov,,"проект дома 40-17FW, проект №40-17FW, Фасады домов, готовый проект дома, планировка дома, фасады дома, дом с размерами, визуализация дома, дом 100 м², дом газобетон, дом хай-тек, дом терраса, catalog-plans.ru"
Дом №40-21: посмотреть проект целиком,https://raw.githubusercontent.com/nemchenik/test/catalog-plans-pinterest-assets/pinterest/generated_batch_28_no_button/40-21.jpg,Дома до 120 м²,,"Проект дома №40-21. На превью показана каноническая визуализация со страницы этого проекта на catalog-plans.ru. В карточке доступны планы этажей, фасады, размеры и характеристики. Параметры: 100 м²; 2 этажа; габариты 6×6 м; стены — газобетон; стиль — хай-тек; особенность — терраса. Откройте проект и сопоставьте планировку и габариты со своим участком до заказа.",https://catalog-plans.ru/catalog/40-21?utm_source=pinterest&utm_medium=organic&utm_campaign=generated_house_cards_no_button_batch_28&utm_content=pin_5151_40-21_facades&utm_term=doma-do-120-m,,"проект дома 40-21, проект №40-21, Дома до 120 м², готовый проект дома, планировка дома, фасады дома, дом с размерами, визуализация дома, дом 100 м², дом газобетон, дом хай-тек, дом терраса, catalog-plans.ru"
Проект дома №40-25ABKL: сравнить перед выбором,https://raw.githubusercontent.com/nemchenik/test/catalog-plans-pinterest-assets/pinterest/generated_batch_28_no_button/40-25ABKL.jpg,Проекты домов с визуализациями,,"Проект дома №40-25ABKL. На превью показана каноническая визуализация со страницы этого проекта на catalog-plans.ru. В карточке доступны планы этажей, фасады, размеры и характеристики. Параметры: 100 м²; 3 этажа; габариты 6×6 м; стены — газобетон; стиль — хай-тек; особенность — терраса. Откройте проект и сопоставьте планировку и габариты со своим участком до заказа.",https://catalog-plans.ru/catalog/40-25ABKL?utm_source=pinterest&utm_medium=organic&utm_campaign=generated_house_cards_no_button_batch_28&utm_content=pin_5152_40-25abkl_estimate&utm_term=proekty-domov-s-vizualizaciyami,,"проект дома 40-25ABKL, проект №40-25ABKL, Проекты домов с визуализациями, готовый проект дома, планировка дома, фасады дома, дом с размерами, визуализация дома, дом 100 м², дом газобетон, дом хай-тек, дом терраса, catalog-plans.ru"
"Дом №40-36AEL: фасады, этажи и характеристики",https://raw.githubusercontent.com/nemchenik/test/catalog-plans-pinterest-assets/pinterest/generated_batch_28_no_button/40-36AEL.jpg,Фасады домов,,"Проект дома №40-36AEL. На превью показана каноническая визуализация со страницы этого проекта на catalog-plans.ru. В карточке доступны планы этажей, фасады, размеры и характеристики. Параметры: 100 м²; 2 этажа; габариты 6×6 м; стены — газобетон; стиль — хай-тек; особенность — терраса. Откройте проект и сопоставьте планировку и габариты со своим участком до заказа.",https://catalog-plans.ru/catalog/40-36AEL?utm_source=pinterest&utm_medium=organic&utm_campaign=generated_house_cards_no_button_batch_28&utm_content=pin_5153_40-36ael_changes&utm_term=fasady-domov,,"проект дома 40-36AEL, проект №40-36AEL, Фасады домов, готовый проект дома, планировка дома, фасады дома, дом с размерами, визуализация дома, дом 100 м², дом газобетон, дом хай-тек, дом терраса, catalog-plans.ru"
"Проект дома №40-45L: планы, фасады и размеры",https://raw.githubusercontent.com/nemchenik/test/catalog-plans-pinterest-assets/pinterest/generated_batch_28_no_button/40-45L.jpg,Готовые проекты домов,,"Проект дома №40-45L. На превью показана каноническая визуализация со страницы этого проекта на catalog-plans.ru. В карточке доступны планы этажей, фасады, размеры и характеристики. Параметры: 100 м²; 2 этажа; габариты 6×6 м; стены — газобетон; стиль — хай-тек; особенность — терраса. Откройте проект и сопоставьте планировку и габариты со своим участком до заказа.",https://catalog-plans.ru/catalog/40-45L?utm_source=pinterest&utm_medium=organic&utm_campaign=generated_house_cards_no_button_batch_28&utm_content=pin_5154_40-45l_plans&utm_term=gotovye-proekty-domov,,"проект дома 40-45L, проект №40-45L, Готовые проекты домов, готовый проект дома, планировка дома, фасады дома, дом с размерами, визуализация дома, дом 100 м², дом газобетон, дом хай-тек, дом терраса, catalog-plans.ru"
Дом №40-54DAL: проверить параметры проекта,https://raw.githubusercontent.com/nemchenik/test/catalog-plans-pinterest-assets/pinterest/generated_batch_28_no_button/40-54DAL.jpg,Дома в стиле хай-тек,,"Проект дома №40-54DAL. На превью показана каноническая визуализация со страницы этого проекта на catalog-plans.ru. В карточке доступны планы этажей, фасады, размеры и характеристики. Параметры: 100 м²; 3 этажа; габариты 6×6 м; стены — газобетон; стиль — хай-тек; особенность — терраса. Откройте проект и сопоставьте планировку и габариты со своим участком до заказа.",https://catalog-plans.ru/catalog/40-54DAL?utm_source=pinterest&utm_medium=organic&utm_campaign=generated_house_cards_no_button_batch_28&utm_content=pin_5155_40-54dal_compare&utm_term=doma-v-stile-hay-tek,,"проект дома 40-54DAL, проект №40-54DAL, Дома в стиле хай-тек, готовый проект дома, планировка дома, фасады дома, дом с размерами, визуализация дома, дом 100 м², дом газобетон, дом хай-тек, дом терраса, catalog-plans.ru"
Проект №40-56BK2L: габариты и планировка дома,https://raw.githubusercontent.com/nemchenik/test/catalog-plans-pinterest-assets/pinterest/generated_batch_28_no_button/40-56BK2L.jpg,Фасады домов,,"Проект дома №40-56BK2L. На превью показана каноническая визуализация со страницы этого проекта на catalog-plans.ru. В карточке доступны планы этажей, фасады, размеры и характеристики. Параметры: 100 м²; 2 этажа; габариты 6×6 м; стены — газобетон; стиль — хай-тек; особенность — терраса. Откройте проект и сопоставьте планировку и габариты со своим участком до заказа.",https://catalog-plans.ru/catalog/40-56BK2L?utm_source=pinterest&utm_medium=organic&utm_campaign=generated_house_cards_no_button_batch_28&utm_content=pin_5156_40-56bk2l_site&utm_term=fasady-domov,,"проект дома 40-56BK2L, проект №40-56BK2L, Фасады домов, готовый проект дома, планировка дома, фасады дома, дом с размерами, визуализация дома, дом 100 м², дом газобетон, дом хай-тек, дом терраса, catalog-plans.ru"
Дом №40-56DEAG2L: посмотреть проект целиком,https://raw.githubusercontent.com/nemchenik/test/catalog-plans-pinterest-assets/pinterest/generated_batch_28_no_button/40-56DEAG2L.jpg,Дома с террасой,,"Проект дома №40-56DEAG2L. На превью показана каноническая визуализация со страницы этого проекта на catalog-plans.ru. В карточке доступны планы этажей, фасады, размеры и характеристики. Параметры: 100 м²; 2 этажа; габариты 6×6 м; стены — газобетон; стиль — хай-тек; особенность — терраса. Откройте проект и сопоставьте планировку и габариты со своим участком до заказа.",https://catalog-plans.ru/catalog/40-56DEAG2L?utm_source=pinterest&utm_medium=organic&utm_campaign=generated_house_cards_no_button_batch_28&utm_content=pin_5157_40-56deag2l_facades&utm_term=doma-s-terrasoy,,"проект дома 40-56DEAG2L, проект №40-56DEAG2L, Дома с террасой, готовый проект дома, планировка дома, фасады дома, дом с размерами, визуализация дома, дом 100 м², дом газобетон, дом хай-тек, дом терраса, catalog-plans.ru"
Проект дома №40-61: сравнить перед выбором,https://raw.githubusercontent.com/nemchenik/test/catalog-plans-pinterest-assets/pinterest/generated_batch_28_no_button/40-61.jpg,Фасады домов,,"Проект дома №40-61. На превью показана каноническая визуализация со страницы этого проекта на catalog-plans.ru. В карточке доступны планы этажей, фасады, размеры и характеристики. Параметры: 100 м²; 2 этажа; габариты 6×6 м; стены — газобетон; стиль — хай-тек; особенность — терраса. Откройте проект и сопоставьте планировку и габариты со своим участком до заказа.",https://catalog-plans.ru/catalog/40-61?utm_source=pinterest&utm_medium=organic&utm_campaign=generated_house_cards_no_button_batch_28&utm_content=pin_5158_40-61_estimate&utm_term=fasady-domov,,"проект дома 40-61, проект №40-61, Фасады домов, готовый проект дома, планировка дома, фасады дома, дом с размерами, визуализация дома, дом 100 м², дом газобетон, дом хай-тек, дом терраса, catalog-plans.ru"
"Дом №40-71L: фасады, этажи и характеристики",https://raw.githubusercontent.com/nemchenik/test/catalog-plans-pinterest-assets/pinterest/generated_batch_28_no_button/40-71L.jpg,Дома до 120 м²,,"Проект дома №40-71L. На превью показана каноническая визуализация со страницы этого проекта на catalog-plans.ru. В карточке доступны планы этажей, фасады, размеры и характеристики. Параметры: 100 м²; 2 этажа; габариты 6×6 м; стены — газобетон; стиль — хай-тек; особенность — терраса. Откройте проект и сопоставьте планировку и габариты со своим участком до заказа.",https://catalog-plans.ru/catalog/40-71L?utm_source=pinterest&utm_medium=organic&utm_campaign=generated_house_cards_no_button_batch_28&utm_content=pin_5159_40-71l_changes&utm_term=doma-do-120-m,,"проект дома 40-71L, проект №40-71L, Дома до 120 м², готовый проект дома, планировка дома, фасады дома, дом с размерами, визуализация дома, дом 100 м², дом газобетон, дом хай-тек, дом терраса, catalog-plans.ru"
"Проект дома №40-73: планы, фасады и размеры",https://raw.githubusercontent.com/nemchenik/test/catalog-plans-pinterest-assets/pinterest/generated_batch_28_no_button/40-73.jpg,Дома из газобетона,,"Проект дома №40-73. На превью показана каноническая визуализация со страницы этого проекта на catalog-plans.ru. В карточке доступны планы этажей, фасады, размеры и характеристики. Параметры: 100 м²; 2 этажа; габариты 6×6 м; стены — газобетон; стиль — хай-тек; особенность — терраса. Откройте проект и сопоставьте планировку и габариты со своим участком до заказа.",https://catalog-plans.ru/catalog/40-73?utm_source=pinterest&utm_medium=organic&utm_campaign=generated_house_cards_no_button_batch_28&utm_content=pin_5160_40-73_plans&utm_term=doma-iz-gazobetona,,"проект дома 40-73, проект №40-73, Дома из газобетона, готовый проект дома, планировка дома, фасады дома, дом с размерами, визуализация дома, дом 100 м², дом газобетон, дом хай-тек, дом терраса, catalog-plans.ru"
Дом №40-76DL: проверить параметры проекта,https://raw.githubusercontent.com/nemchenik/test/catalog-plans-pinterest-assets/pinterest/generated_batch_28_no_button/40-76DL.jpg,Дома до 120 м²,,"Проект дома №40-76DL. На превью показана каноническая визуализация со страницы этого проекта на catalog-plans.ru. В карточке доступны планы этажей, фасады, размеры и характеристики. Параметры: 100 м²; 2 этажа; габариты 6×6 м; стены — газобетон; стиль — хай-тек; особенность — терраса. Откройте проект и сопоставьте планировку и габариты со своим участком до заказа.",https://catalog-plans.ru/catalog/40-76DL?utm_source=pinterest&utm_medium=organic&utm_campaign=generated_house_cards_no_button_batch_28&utm_content=pin_5161_40-76dl_compare&utm_term=doma-do-120-m,,"проект дома 40-76DL, проект №40-76DL, Дома до 120 м², готовый проект дома, планировка дома, фасады дома, дом с размерами, визуализация дома, дом 100 м², дом газобетон, дом хай-тек, дом терраса, catalog-plans.ru"
Проект №40-80AK1L: габариты и планировка дома,https://raw.githubusercontent.com/nemchenik/test/catalog-plans-pinterest-assets/pinterest/generated_batch_28_no_button/40-80AK1L.jpg,Дома до 120 м²,,"Проект дома №40-80AK1L. На превью показана каноническая визуализация со страницы этого проекта на catalog-plans.ru. В карточке доступны планы этажей, фасады, размеры и характеристики. Параметры: 100 м²; 1 этаж; габариты 6×6 м; стены — газобетон; стиль — хай-тек; особенность — терраса. Откройте проект и сопоставьте планировку и габариты со своим участком до заказа.",https://catalog-plans.ru/catalog/40-80AK1L?utm_source=pinterest&utm_medium=organic&utm_campaign=generated_house_cards_no_button_batch_28&utm_content=pin_5162_40-80ak1l_site&utm_term=doma-do-120-m,,"проект дома 40-80AK1L, проект №40-80AK1L, Дома до 120 м², готовый проект дома, планировка дома, фасады дома, дом с размерами, визуализация дома, дом 100 м², дом газобетон, дом хай-тек, дом терраса, catalog-plans.ru"
Дом №40-86DAL: посмотреть проект целиком,https://raw.githubusercontent.com/nemchenik/test/catalog-plans-pinterest-assets/pinterest/generated_batch_28_no_button/40-86DAL.jpg,Фасады домов,,"Проект дома №40-86DAL. На превью показана каноническая визуализация со страницы этого проекта на catalog-plans.ru. В карточке доступны планы этажей, фасады, размеры и характеристики. Параметры: 100 м²; 2 этажа; габариты 6×6 м; стены — газобетон; стиль — хай-тек; особенность — терраса. Откройте проект и сопоставьте планировку и габариты со своим участком до заказа.",https://catalog-plans.ru/catalog/40-86DAL?utm_source=pinterest&utm_medium=organic&utm_campaign=generated_house_cards_no_button_batch_28&utm_content=pin_5163_40-86dal_facades&utm_term=fasady-domov,,"проект дома 40-86DAL, проект №40-86DAL, Фасады домов, готовый проект дома, планировка дома, фасады дома, дом с размерами, визуализация дома, дом 100 м², дом газобетон, дом хай-тек, дом терраса, catalog-plans.ru"
Проект дома №40-87: сравнить перед выбором,https://raw.githubusercontent.com/nemchenik/test/catalog-plans-pinterest-assets/pinterest/generated_batch_28_no_button/40-87.jpg,Двухэтажные дома,,"Проект дома №40-87. На превью показана каноническая визуализация со страницы этого проекта на catalog-plans.ru. В карточке доступны планы этажей, фасады, размеры и характеристики. Параметры: 100 м²; 2 этажа; габариты 6×6 м; стены — газобетон; стиль — хай-тек; особенность — терраса. Откройте проект и сопоставьте планировку и габариты со своим участком до заказа.",https://catalog-plans.ru/catalog/40-87?utm_source=pinterest&utm_medium=organic&utm_campaign=generated_house_cards_no_button_batch_28&utm_content=pin_5164_40-87_estimate&utm_term=dvuhetazhnye-doma,,"проект дома 40-87, проект №40-87, Двухэтажные дома, готовый проект дома, планировка дома, фасады дома, дом с размерами, визуализация дома, дом 100 м², дом газобетон, дом хай-тек, дом терраса, catalog-plans.ru"
"Дом №40-89A: фасады, этажи и характеристики",https://raw.githubusercontent.com/nemchenik/test/catalog-plans-pinterest-assets/pinterest/generated_batch_28_no_button/40-89A.jpg,Проекты домов с визуализациями,,"Проект дома №40-89A. На превью показана каноническая визуализация со страницы этого проекта на catalog-plans.ru. В карточке доступны планы этажей, фасады, размеры и характеристики. Параметры: 100 м²; 3 этажа; габариты 6×6 м; стены — газобетон; стиль — хай-тек; особенность — терраса. Откройте проект и сопоставьте планировку и габариты со своим участком до заказа.",https://catalog-plans.ru/catalog/40-89A?utm_source=pinterest&utm_medium=organic&utm_campaign=generated_house_cards_no_button_batch_28&utm_content=pin_5165_40-89a_changes&utm_term=proekty-domov-s-vizualizaciyami,,"проект дома 40-89A, проект №40-89A, Проекты домов с визуализациями, готовый проект дома, планировка дома, фасады дома, дом с размерами, визуализация дома, дом 100 м², дом газобетон, дом хай-тек, дом терраса, catalog-plans.ru"
"Проект дома №40-89FG: планы, фасады и размеры",https://raw.githubusercontent.com/nemchenik/test/catalog-plans-pinterest-assets/pinterest/generated_batch_28_no_button/40-89FG.jpg,Готовые проекты домов,,"Проект дома №40-89FG. На превью показана каноническая визуализация со страницы этого проекта на catalog-plans.ru. В карточке доступны планы этажей, фасады, размеры и характеристики. Параметры: 100 м²; 3 этажа; габариты 6×6 м; стены — газобетон; стиль — хай-тек; особенность — терраса. Откройте проект и сопоставьте планировку и габариты со своим участком до заказа.",https://catalog-plans.ru/catalog/40-89FG?utm_source=pinterest&utm_medium=organic&utm_campaign=generated_house_cards_no_button_batch_28&utm_content=pin_5166_40-89fg_plans&utm_term=gotovye-proekty-domov,,"проект дома 40-89FG, проект №40-89FG, Готовые проекты домов, готовый проект дома, планировка дома, фасады дома, дом с размерами, визуализация дома, дом 100 м², дом газобетон, дом хай-тек, дом терраса, catalog-plans.ru"
Дом №40-90AL: проверить параметры проекта,https://raw.githubusercontent.com/nemchenik/test/catalog-plans-pinterest-assets/pinterest/generated_batch_28_no_button/40-90AL.jpg,Дома из газобетона,,"Проект дома №40-90AL. На превью показана каноническая визуализация со страницы этого проекта на catalog-plans.ru. В карточке доступны планы этажей, фасады, размеры и характеристики. Параметры: 100 м²; 2 этажа; габариты 6×6 м; стены — газобетон; стиль — хай-тек; особенность — терраса. Откройте проект и сопоставьте планировку и габариты со своим участком до заказа.",https://catalog-plans.ru/catalog/40-90AL?utm_source=pinterest&utm_medium=organic&utm_campaign=generated_house_cards_no_button_batch_28&utm_content=pin_5167_40-90al_compare&utm_term=doma-iz-gazobetona,,"проект дома 40-90AL, проект №40-90AL, Дома из газобетона, готовый проект дома, планировка дома, фасады дома, дом с размерами, визуализация дома, дом 100 м², дом газобетон, дом хай-тек, дом терраса, catalog-plans.ru"
Проект №40-94AK1L: габариты и планировка дома,https://raw.githubusercontent.com/nemchenik/test/catalog-plans-pinterest-assets/pinterest/generated_batch_28_no_button/40-94AK1L.jpg,Двухэтажные дома,,"Проект дома №40-94AK1L. На превью показана каноническая визуализация со страницы этого проекта на catalog-plans.ru. В карточке доступны планы этажей, фасады, размеры и характеристики. Параметры: 100 м²; 2 этажа; габариты 6×6 м; стены — газобетон; стиль — хай-тек; особенность — терраса. Откройте проект и сопоставьте планировку и габариты со своим участком до заказа.",https://catalog-plans.ru/catalog/40-94AK1L?utm_source=pinterest&utm_medium=organic&utm_campaign=generated_house_cards_no_button_batch_28&utm_content=pin_5168_40-94ak1l_site&utm_term=dvuhetazhnye-doma,,"проект дома 40-94AK1L, проект №40-94AK1L, Двухэтажные дома, готовый проект дома, планировка дома, фасады дома, дом с размерами, визуализация дома, дом 100 м², дом газобетон, дом хай-тек, дом терраса, catalog-plans.ru"
Дом №40-94BXAG: посмотреть проект целиком,https://raw.githubusercontent.com/nemchenik/test/catalog-plans-pinterest-assets/pinterest/generated_batch_28_no_button/40-94BXAG.jpg,Дома с террасой,,"Проект дома №40-94BXAG. На превью показана каноническая визуализация со страницы этого проекта на catalog-plans.ru. В карточке доступны планы этажей, фасады, размеры и характеристики. Параметры: 100 м²; 3 этажа; габариты 6×6 м; стены — газобетон; стиль — хай-тек; особенность — терраса. Откройте проект и сопоставьте планировку и габариты со своим участком до заказа.",https://catalog-plans.ru/catalog/40-94BXAG?utm_source=pinterest&utm_medium=organic&utm_campaign=generated_house_cards_no_button_batch_28&utm_content=pin_5169_40-94bxag_facades&utm_term=doma-s-terrasoy,,"проект дома 40-94BXAG, проект №40-94BXAG, Дома с террасой, готовый проект дома, планировка дома, фасады дома, дом с размерами, визуализация дома, дом 100 м², дом газобетон, дом хай-тек, дом терраса, catalog-plans.ru"
Проект дома №45-05L: сравнить перед выбором,https://raw.githubusercontent.com/nemchenik/test/catalog-plans-pinterest-assets/pinterest/generated_batch_28_no_button/45-05L.jpg,Дома до 120 м²,,"Проект дома №45-05L. На превью показана каноническая визуализация со страницы этого проекта на catalog-plans.ru. В карточке доступны планы этажей, фасады, размеры и характеристики. Параметры: 100 м²; 2 этажа; габариты 6×6 м; стены — газобетон; стиль — хай-тек; особенность — терраса. Откройте проект и сопоставьте планировку и габариты со своим участком до заказа.",https://catalog-plans.ru/catalog/45-05L?utm_source=pinterest&utm_medium=organic&utm_campaign=generated_house_cards_no_button_batch_28&utm_content=pin_5170_45-05l_estimate&utm_term=doma-do-120-m,,"проект дома 45-05L, проект №45-05L, Дома до 120 м², готовый проект дома, планировка дома, фасады дома, дом с размерами, визуализация дома, дом 100 м², дом газобетон, дом хай-тек, дом терраса, catalog-plans.ru"
"Дом №45-07L: фасады, этажи и характеристики",https://raw.githubusercontent.com/nemchenik/test/catalog-plans-pinterest-assets/pinterest/generated_batch_28_no_button/45-07L.jpg,Дома до 120 м²,,"Проект дома №45-07L. На превью показана каноническая визуализация со страницы этого проекта на catalog-plans.ru. В карточке доступны планы этажей, фасады, размеры и характеристики. Параметры: 100 м²; 3 этажа; габариты 6×6 м; стены — газобетон; стиль — хай-тек; особенность — терраса. Откройте проект и сопоставьте планировку и габариты со своим участком до заказа.",https://catalog-plans.ru/catalog/45-07L?utm_source=pinterest&utm_medium=organic&utm_campaign=generated_house_cards_no_button_batch_28&utm_content=pin_5171_45-07l_changes&utm_term=doma-do-120-m,,"проект дома 45-07L, проект №45-07L, Дома до 120 м², готовый проект дома, планировка дома, фасады дома, дом с размерами, визуализация дома, дом 100 м², дом газобетон, дом хай-тек, дом терраса, catalog-plans.ru"
"Проект дома №45-08TX: планы, фасады и размеры",https://raw.githubusercontent.com/nemchenik/test/catalog-plans-pinterest-assets/pinterest/generated_batch_28_no_button/45-08TX.jpg,Дома до 120 м²,,"Проект дома №45-08TX. На превью показана каноническая визуализация со страницы этого проекта на catalog-plans.ru. В карточке доступны планы этажей, фасады, размеры и характеристики. Параметры: 100 м²; 1 этаж; габариты 6×6 м; стены — газобетон; стиль — хай-тек; особенность — терраса. Откройте проект и сопоставьте планировку и габариты со своим участком до заказа.",https://catalog-plans.ru/catalog/45-08TX?utm_source=pinterest&utm_medium=organic&utm_campaign=generated_house_cards_no_button_batch_28&utm_content=pin_5172_45-08tx_plans&utm_term=doma-do-120-m,,"проект дома 45-08TX, проект №45-08TX, Дома до 120 м², готовый проект дома, планировка дома, фасады дома, дом с размерами, визуализация дома, дом 100 м², дом газобетон, дом хай-тек, дом терраса, catalog-plans.ru"
Дом №45-10AG: проверить параметры проекта,https://raw.githubusercontent.com/nemchenik/test/catalog-plans-pinterest-assets/pinterest/generated_batch_28_no_button/45-10AG.jpg,Дома до 120 м²,,"Проект дома №45-10AG. На превью показана каноническая визуализация со страницы этого проекта на catalog-plans.ru. В карточке доступны планы этажей, фасады, размеры и характеристики. Параметры: 100 м²; 2 этажа; габариты 6×6 м; стены — газобетон; стиль — хай-тек; особенность — терраса. Откройте проект и сопоставьте планировку и габариты со своим участком до заказа.",https://catalog-plans.ru/catalog/45-10AG?utm_source=pinterest&utm_medium=organic&utm_campaign=generated_house_cards_no_button_batch_28&utm_content=pin_5173_45-10ag_compare&utm_term=doma-do-120-m,,"проект дома 45-10AG, проект №45-10AG, Дома до 120 м², готовый проект дома, планировка дома, фасады дома, дом с размерами, визуализация дома, дом 100 м², дом газобетон, дом хай-тек, дом терраса, catalog-plans.ru"
Проект №45-14: габариты и планировка дома,https://raw.githubusercontent.com/nemchenik/test/catalog-plans-pinterest-assets/pinterest/generated_batch_28_no_button/45-14.jpg,Готовые проекты домов,,"Проект дома №45-14. На превью показана каноническая визуализация со страницы этого проекта на catalog-plans.ru. В карточке доступны планы этажей, фасады, размеры и характеристики. Параметры: 100 м²; 2 этажа; габариты 6×6 м; стены — газобетон; стиль — хай-тек; особенность — терраса. Откройте проект и сопоставьте планировку и габариты со своим участком до заказа.",https://catalog-plans.ru/catalog/45-14?utm_source=pinterest&utm_medium=organic&utm_campaign=generated_house_cards_no_button_batch_28&utm_content=pin_5174_45-14_site&utm_term=gotovye-proekty-domov,,"проект дома 45-14, проект №45-14, Готовые проекты домов, готовый проект дома, планировка дома, фасады дома, дом с размерами, визуализация дома, дом 100 м², дом газобетон, дом хай-тек, дом терраса, catalog-plans.ru"
Дом №45-18AGL: посмотреть проект целиком,https://raw.githubusercontent.com/nemchenik/test/catalog-plans-pinterest-assets/pinterest/generated_batch_28_no_button/45-18AGL.jpg,Проекты домов с визуализациями,,"Проект дома №45-18AGL. На превью показана каноническая визуализация со страницы этого проекта на catalog-plans.ru. В карточке доступны планы этажей, фасады, размеры и характеристики. Параметры: 100 м²; 1 этаж; габариты 6×6 м; стены — газобетон; стиль — хай-тек; особенность — терраса. Откройте проект и сопоставьте планировку и габариты со своим участком до заказа.",https://catalog-plans.ru/catalog/45-18AGL?utm_source=pinterest&utm_medium=organic&utm_campaign=generated_house_cards_no_button_batch_28&utm_content=pin_5175_45-18agl_facades&utm_term=proekty-domov-s-vizualizaciyami,,"проект дома 45-18AGL, проект №45-18AGL, Проекты домов с визуализациями, готовый проект дома, планировка дома, фасады дома, дом с размерами, визуализация дома, дом 100 м², дом газобетон, дом хай-тек, дом терраса, catalog-plans.ru"
Проект дома №45-29L: сравнить перед выбором,https://raw.githubusercontent.com/nemchenik/test/catalog-plans-pinterest-assets/pinterest/generated_batch_28_no_button/45-29L.jpg,Дома до 120 м²,,"Проект дома №45-29L. На превью показана каноническая визуализация со страницы этого проекта на catalog-plans.ru. В карточке доступны планы этажей, фасады, размеры и характеристики. Параметры: 100 м²; 3 этажа; габариты 6×6 м; стены — газобетон; стиль — хай-тек; особенность — терраса. Откройте проект и сопоставьте планировку и габариты со своим участком до заказа.",https://catalog-plans.ru/catalog/45-29L?utm_source=pinterest&utm_medium=organic&utm_campaign=generated_house_cards_no_button_batch_28&utm_content=pin_5176_45-29l_estimate&utm_term=doma-do-120-m,,"проект дома 45-29L, проект №45-29L, Дома до 120 м², готовый проект дома, планировка дома, фасады дома, дом с размерами, визуализация дома, дом 100 м², дом газобетон, дом хай-тек, дом терраса, catalog-plans.ru"
"Дом №45-34: фасады, этажи и характеристики",https://raw.githubusercontent.com/nemchenik/test/catalog-plans-pinterest-assets/pinterest/generated_batch_28_no_button/45-34.jpg,Готовые проекты домов,,"Проект дома №45-34. На превью показана каноническая визуализация со страницы этого проекта на catalog-plans.ru. В карточке доступны планы этажей, фасады, размеры и характеристики. Параметры: 100 м²; 2 этажа; габариты 6×6 м; стены — газобетон; стиль — хай-тек; особенность — терраса. Откройте проект и сопоставьте планировку и габариты со своим участком до заказа.",https://catalog-plans.ru/catalog/45-34?utm_source=pinterest&utm_medium=organic&utm_campaign=generated_house_cards_no_button_batch_28&utm_content=pin_5177_45-34_changes&utm_term=gotovye-proekty-domov,,"проект дома 45-34, проект №45-34, Готовые проекты домов, готовый проект дома, планировка дома, фасады дома, дом с размерами, визуализация дома, дом 100 м², дом газобетон, дом хай-тек, дом терраса, catalog-plans.ru"
"Проект дома №45-37L: планы, фасады и размеры",https://raw.githubusercontent.com/nemchenik/test/catalog-plans-pinterest-assets/pinterest/generated_batch_28_no_button/45-37L.jpg,Дома с террасой,,"Проект дома №45-37L. На превью показана каноническая визуализация со страницы этого проекта на catalog-plans.ru. В карточке доступны планы этажей, фасады, размеры и характеристики. Параметры: 100 м²; 1 этаж; габариты 6×6 м; стены — газобетон; стиль — хай-тек; особенность — терраса. Откройте проект и сопоставьте планировку и габариты со своим участком до заказа.",https://catalog-plans.ru/catalog/45-37L?utm_source=pinterest&utm_medium=organic&utm_campaign=generated_house_cards_no_button_batch_28&utm_content=pin_5178_45-37l_plans&utm_term=doma-s-terrasoy,,"проект дома 45-37L, проект №45-37L, Дома с террасой, готовый проект дома, планировка дома, фасады дома, дом с размерами, визуализация дома, дом 100 м², дом газобетон, дом хай-тек, дом терраса, catalog-plans.ru"
Дом №45-39A: проверить параметры проекта,https://raw.githubusercontent.com/nemchenik/test/catalog-plans-pinterest-assets/pinterest/generated_batch_28_no_button/45-39A.jpg,Дома с террасой,,"Проект дома №45-39A. На превью показана каноническая визуализация со страницы этого проекта на catalog-plans.ru. В карточке доступны планы этажей, фасады, размеры и характеристики. Параметры: 100 м²; 2 этажа; габариты 6×6 м; стены — газобетон; стиль — хай-тек; особенность — терраса. Откройте проект и сопоставьте планировку и габариты со своим участком до заказа.",https://catalog-plans.ru/catalog/45-39A?utm_source=pinterest&utm_medium=organic&utm_campaign=generated_house_cards_no_button_batch_28&utm_content=pin_5179_45-39a_compare&utm_term=doma-s-terrasoy,,"проект дома 45-39A, проект №45-39A, Дома с террасой, готовый проект дома, планировка дома, фасады дома, дом с размерами, визуализация дома, дом 100 м², дом газобетон, дом хай-тек, дом терраса, catalog-plans.ru"
Проект №45-64EDG: габариты и планировка дома,https://raw.githubusercontent.com/nemchenik/test/catalog-plans-pinterest-assets/pinterest/generated_batch_28_no_button/45-64EDG.jpg,Дома до 120 м²,,"Проект дома №45-64EDG. На превью показана каноническая визуализация со страницы этого проекта на catalog-plans.ru. В карточке доступны планы этажей, фасады, размеры и характеристики. Параметры: 100 м²; 2 этажа; габариты 6×6 м; стены — газобетон; стиль — хай-тек; особенность — терраса. Откройте проект и сопоставьте планировку и габариты со своим участком до заказа.",https://catalog-plans.ru/catalog/45-64EDG?utm_source=pinterest&utm_medium=organic&utm_campaign=generated_house_cards_no_button_batch_28&utm_content=pin_5180_45-64edg_site&utm_term=doma-do-120-m,,"проект дома 45-64EDG, проект №45-64EDG, Дома до 120 м², готовый проект дома, планировка дома, фасады дома, дом с размерами, визуализация дома, дом 100 м², дом газобетон, дом хай-тек, дом терраса, catalog-plans.ru"
Дом №45-64MBG: посмотреть проект целиком,https://raw.githubusercontent.com/nemchenik/test/catalog-plans-pinterest-assets/pinterest/generated_batch_28_no_button/45-64MBG.jpg,Фасады домов,,"Проект дома №45-64MBG. На превью показана каноническая визуализация со страницы этого проекта на catalog-plans.ru. В карточке доступны планы этажей, фасады, размеры и характеристики. Параметры: 100 м²; 2 этажа; габариты 6×6 м; стены — газобетон; стиль — хай-тек; особенность — терраса. Откройте проект и сопоставьте планировку и габариты со своим участком до заказа.",https://catalog-plans.ru/catalog/45-64MBG?utm_source=pinterest&utm_medium=organic&utm_campaign=generated_house_cards_no_button_batch_28&utm_content=pin_5181_45-64mbg_facades&utm_term=fasady-domov,,"проект дома 45-64MBG, проект №45-64MBG, Фасады домов, готовый проект дома, планировка дома, фасады дома, дом с размерами, визуализация дома, дом 100 м², дом газобетон, дом хай-тек, дом терраса, catalog-plans.ru"
Проект дома №45-64NHGL: сравнить перед выбором,https://raw.githubusercontent.com/nemchenik/test/catalog-plans-pinterest-assets/pinterest/generated_batch_28_no_button/45-64NHGL.jpg,Дома из газобетона,,"Проект дома №45-64NHGL. На превью показана каноническая визуализация со страницы этого проекта на catalog-plans.ru. В карточке доступны планы этажей, фасады, размеры и характеристики. Параметры: 100 м²; 2 этажа; габариты 6×6 м; стены — газобетон; стиль — хай-тек; особенность — терраса. Откройте проект и сопоставьте планировку и габариты со своим участком до заказа.",https://catalog-plans.ru/catalog/45-64NHGL?utm_source=pinterest&utm_medium=organic&utm_campaign=generated_house_cards_no_button_batch_28&utm_content=pin_5182_45-64nhgl_estimate&utm_term=doma-iz-gazobetona,,"проект дома 45-64NHGL, проект №45-64NHGL, Дома из газобетона, готовый проект дома, планировка дома, фасады дома, дом с размерами, визуализация дома, дом 100 м², дом газобетон, дом хай-тек, дом терраса, catalog-plans.ru"
"Дом №45-64NMBAKL: фасады, этажи и характеристики",https://raw.githubusercontent.com/nemchenik/test/catalog-plans-pinterest-assets/pinterest/generated_batch_28_no_button/45-64NMBAKL.jpg,Фасады домов,,"Проект дома №45-64NMBAKL. На превью показана каноническая визуализация со страницы этого проекта на catalog-plans.ru. В карточке доступны планы этажей, фасады, размеры и характеристики. Параметры: 100 м²; 2 этажа; габариты 6×6 м; стены — газобетон; стиль — хай-тек; особенность — терраса. Откройте проект и сопоставьте планировку и габариты со своим участком до заказа.",https://catalog-plans.ru/catalog/45-64NMBAKL?utm_source=pinterest&utm_medium=organic&utm_campaign=generated_house_cards_no_button_batch_28&utm_content=pin_5183_45-64nmbakl_changes&utm_term=fasady-domov,,"проект дома 45-64NMBAKL, проект №45-64NMBAKL, Фасады домов, готовый проект дома, планировка дома, фасады дома, дом с размерами, визуализация дома, дом 100 м², дом газобетон, дом хай-тек, дом терраса, catalog-plans.ru"
"Проект дома №45-64QKL: планы, фасады и размеры",https://raw.githubusercontent.com/nemchenik/test/catalog-plans-pinterest-assets/pinterest/generated_batch_28_no_button/45-64QKL.jpg,Фасады домов,,"Проект дома №45-64QKL. На превью показана каноническая визуализация со страницы этого проекта на catalog-plans.ru. В карточке доступны планы этажей, фасады, размеры и характеристики. Параметры: 100 м²; 2 этажа; габариты 6×6 м; стены — газобетон; стиль — хай-тек; особенность — терраса. Откройте проект и сопоставьте планировку и габариты со своим участком до заказа.",https://catalog-plans.ru/catalog/45-64QKL?utm_source=pinterest&utm_medium=organic&utm_campaign=generated_house_cards_no_button_batch_28&utm_content=pin_5184_45-64qkl_plans&utm_term=fasady-domov,,"проект дома 45-64QKL, проект №45-64QKL, Фасады домов, готовый проект дома, планировка дома, фасады дома, дом с размерами, визуализация дома, дом 100 м², дом газобетон, дом хай-тек, дом терраса, catalog-plans.ru"
Дом №45-77ABG2: проверить параметры проекта,https://raw.githubusercontent.com/nemchenik/test/catalog-plans-pinterest-assets/pinterest/generated_batch_28_no_button/45-77ABG2.jpg,Дома до 120 м²,,"Проект дома №45-77ABG2. На превью показана каноническая визуализация со страницы этого проекта на catalog-plans.ru. В карточке доступны планы этажей, фасады, размеры и характеристики. Параметры: 100 м²; 2 этажа; габариты 6×6 м; стены — газобетон; стиль — хай-тек; особенность — терраса. Откройте проект и сопоставьте планировку и габариты со своим участком до заказа.",https://catalog-plans.ru/catalog/45-77ABG2?utm_source=pinterest&utm_medium=organic&utm_campaign=generated_house_cards_no_button_batch_28&utm_content=pin_5185_45-77abg2_compare&utm_term=doma-do-120-m,,"проект дома 45-77ABG2, проект №45-77ABG2, Дома до 120 м², готовый проект дома, планировка дома, фасады дома, дом с размерами, визуализация дома, дом 100 м², дом газобетон, дом хай-тек, дом терраса, catalog-plans.ru"
Проект №45-78AG: габариты и планировка дома,https://raw.githubusercontent.com/nemchenik/test/catalog-plans-pinterest-assets/pinterest/generated_batch_28_no_button/45-78AG.jpg,Двухэтажные дома,,"Проект дома №45-78AG. На превью показана каноническая визуализация со страницы этого проекта на catalog-plans.ru. В карточке доступны планы этажей, фасады, размеры и характеристики. Параметры: 100 м²; 2 этажа; габариты 6×6 м; стены — газобетон; стиль — хай-тек; особенность — терраса. Откройте проект и сопоставьте планировку и габариты со своим участком до заказа.",https://catalog-plans.ru/catalog/45-78AG?utm_source=pinterest&utm_medium=organic&utm_campaign=generated_house_cards_no_button_batch_28&utm_content=pin_5186_45-78ag_site&utm_term=dvuhetazhnye-doma,,"проект дома 45-78AG, проект №45-78AG, Двухэтажные дома, готовый проект дома, планировка дома, фасады дома, дом с размерами, визуализация дома, дом 100 м², дом газобетон, дом хай-тек, дом терраса, catalog-plans.ru"
Дом №45-90L: посмотреть проект целиком,https://raw.githubusercontent.com/nemchenik/test/catalog-plans-pinterest-assets/pinterest/generated_batch_28_no_button/45-90L.jpg,Дома с террасой,,"Проект дома №45-90L. На превью показана каноническая визуализация со страницы этого проекта на catalog-plans.ru. В карточке доступны планы этажей, фасады, размеры и характеристики. Параметры: 100 м²; 2 этажа; габариты 6×6 м; стены — газобетон; стиль — хай-тек; особенность — терраса. Откройте проект и сопоставьте планировку и габариты со своим участком до заказа.",https://catalog-plans.ru/catalog/45-90L?utm_source=pinterest&utm_medium=organic&utm_campaign=generated_house_cards_no_button_batch_28&utm_content=pin_5187_45-90l_facades&utm_term=doma-s-terrasoy,,"проект дома 45-90L, проект №45-90L, Дома с террасой, готовый проект дома, планировка дома, фасады дома, дом с размерами, визуализация дома, дом 100 м², дом газобетон, дом хай-тек, дом терраса, catalog-plans.ru"
Проект дома №46-04K1L: сравнить перед выбором,https://raw.githubusercontent.com/nemchenik/test/catalog-plans-pinterest-assets/pinterest/generated_batch_28_no_button/46-04K1L.jpg,Фасады домов,,"Проект дома №46-04K1L. На превью показана каноническая визуализация со страницы этого проекта на catalog-plans.ru. В карточке доступны планы этажей, фасады, размеры и характеристики. Параметры: 100 м²; 2 этажа; габариты 6×6 м; стены — газобетон; стиль — хай-тек; особенность — терраса. Откройте проект и сопоставьте планировку и габариты со своим участком до заказа.",https://catalog-plans.ru/catalog/46-04K1L?utm_source=pinterest&utm_medium=organic&utm_campaign=generated_house_cards_no_button_batch_28&utm_content=pin_5188_46-04k1l_estimate&utm_term=fasady-domov,,"проект дома 46-04K1L, проект №46-04K1L, Фасады домов, готовый проект дома, планировка дома, фасады дома, дом с размерами, визуализация дома, дом 100 м², дом газобетон, дом хай-тек, дом терраса, catalog-plans.ru"
"Дом №46-09AFGL: фасады, этажи и характеристики",https://raw.githubusercontent.com/nemchenik/test/catalog-plans-pinterest-assets/pinterest/generated_batch_28_no_button/46-09AFGL.jpg,Готовые проекты домов,,"Проект дома №46-09AFGL. На превью показана каноническая визуализация со страницы этого проекта на catalog-plans.ru. В карточке доступны планы этажей, фасады, размеры и характеристики. Параметры: 100 м²; 2 этажа; габариты 6×6 м; стены — газобетон; стиль — хай-тек; особенность — терраса. Откройте проект и сопоставьте планировку и габариты со своим участком до заказа.",https://catalog-plans.ru/catalog/46-09AFGL?utm_source=pinterest&utm_medium=organic&utm_campaign=generated_house_cards_no_button_batch_28&utm_content=pin_5189_46-09afgl_changes&utm_term=gotovye-proekty-domov,,"проект дома 46-09AFGL, проект №46-09AFGL, Готовые проекты домов, готовый проект дома, планировка дома, фасады дома, дом с размерами, визуализация дома, дом 100 м², дом газобетон, дом хай-тек, дом терраса, catalog-plans.ru"
"Проект дома №46-13K1L: планы, фасады и размеры",https://raw.githubusercontent.com/nemchenik/test/catalog-plans-pinterest-assets/pinterest/generated_batch_28_no_button/46-13K1L.jpg,Дома из газобетона,,"Проект дома №46-13K1L. На превью показана каноническая визуализация со страницы этого проекта на catalog-plans.ru. В карточке доступны планы этажей, фасады, размеры и характеристики. Параметры: 100 м²; 2 этажа; габариты 6×6 м; стены — газобетон; стиль — хай-тек; особенность — терраса. Откройте проект и сопоставьте планировку и габариты со своим участком до заказа.",https://catalog-plans.ru/catalog/46-13K1L?utm_source=pinterest&utm_medium=organic&utm_campaign=generated_house_cards_no_button_batch_28&utm_content=pin_5190_46-13k1l_plans&utm_term=doma-iz-gazobetona,,"проект дома 46-13K1L, проект №46-13K1L, Дома из газобетона, готовый проект дома, планировка дома, фасады дома, дом с размерами, визуализация дома, дом 100 м², дом газобетон, дом хай-тек, дом терраса, catalog-plans.ru"
Дом №46-18CG2: проверить параметры проекта,https://raw.githubusercontent.com/nemchenik/test/catalog-plans-pinterest-assets/pinterest/generated_batch_28_no_button/46-18CG2.jpg,Проекты домов с визуализациями,,"Проект дома №46-18CG2. На превью показана каноническая визуализация со страницы этого проекта на catalog-plans.ru. В карточке доступны планы этажей, фасады, размеры и характеристики. Параметры: 100 м²; 2 этажа; габариты 6×6 м; стены — газобетон; стиль — хай-тек; особенность — терраса. Откройте проект и сопоставьте планировку и габариты со своим участком до заказа.",https://catalog-plans.ru/catalog/46-18CG2?utm_source=pinterest&utm_medium=organic&utm_campaign=generated_house_cards_no_button_batch_28&utm_content=pin_5191_46-18cg2_compare&utm_term=proekty-domov-s-vizualizaciyami,,"проект дома 46-18CG2, проект №46-18CG2, Проекты домов с визуализациями, готовый проект дома, планировка дома, фасады дома, дом с размерами, визуализация дома, дом 100 м², дом газобетон, дом хай-тек, дом терраса, catalog-plans.ru"
Проект №46-36DG: габариты и планировка дома,https://raw.githubusercontent.com/nemchenik/test/catalog-plans-pinterest-assets/pinterest/generated_batch_28_no_button/46-36DG.jpg,Готовые проекты домов,,"Проект дома №46-36DG. На превью показана каноническая визуализация со страницы этого проекта на catalog-plans.ru. В карточке доступны планы этажей, фасады, размеры и характеристики. Параметры: 100 м²; 2 этажа; габариты 6×6 м; стены — газобетон; стиль — хай-тек; особенность — терраса. Откройте проект и сопоставьте планировку и габариты со своим участком до заказа.",https://catalog-plans.ru/catalog/46-36DG?utm_source=pinterest&utm_medium=organic&utm_campaign=generated_house_cards_no_button_batch_28&utm_content=pin_5192_46-36dg_site&utm_term=gotovye-proekty-domov,,"проект дома 46-36DG, проект №46-36DG, Готовые проекты домов, готовый проект дома, планировка дома, фасады дома, дом с размерами, визуализация дома, дом 100 м², дом газобетон, дом хай-тек, дом терраса, catalog-plans.ru"
Дом №46-56AG: посмотреть проект целиком,https://raw.githubusercontent.com/nemchenik/test/catalog-plans-pinterest-assets/pinterest/generated_batch_28_no_button/46-56AG.jpg,Фасады домов,,"Проект дома №46-56AG. На превью показана каноническая визуализация со страницы этого проекта на catalog-plans.ru. В карточке доступны планы этажей, фасады, размеры и характеристики. Параметры: 100 м²; 1 этаж; габариты 6×6 м; стены — газобетон; стиль — хай-тек; особенность — терраса. Откройте проект и сопоставьте планировку и габариты со своим участком до заказа.",https://catalog-plans.ru/catalog/46-56AG?utm_source=pinterest&utm_medium=organic&utm_campaign=generated_house_cards_no_button_batch_28&utm_content=pin_5193_46-56ag_facades&utm_term=fasady-domov,,"проект дома 46-56AG, проект №46-56AG, Фасады домов, готовый проект дома, планировка дома, фасады дома, дом с размерами, визуализация дома, дом 100 м², дом газобетон, дом хай-тек, дом терраса, catalog-plans.ru"
Проект дома №46-77: сравнить перед выбором,https://raw.githubusercontent.com/nemchenik/test/catalog-plans-pinterest-assets/pinterest/generated_batch_28_no_button/46-77.jpg,Дома с террасой,,"Проект дома №46-77. На превью показана каноническая визуализация со страницы этого проекта на catalog-plans.ru. В карточке доступны планы этажей, фасады, размеры и характеристики. Параметры: 100 м²; 4 этажа; габариты 6×6 м; стены — газобетон; стиль — хай-тек; особенность — терраса. Откройте проект и сопоставьте планировку и габариты со своим участком до заказа.",https://catalog-plans.ru/catalog/46-77?utm_source=pinterest&utm_medium=organic&utm_campaign=generated_house_cards_no_button_batch_28&utm_content=pin_5194_46-77_estimate&utm_term=doma-s-terrasoy,,"проект дома 46-77, проект №46-77, Дома с террасой, готовый проект дома, планировка дома, фасады дома, дом с размерами, визуализация дома, дом 100 м², дом газобетон, дом хай-тек, дом терраса, catalog-plans.ru"
"Дом №47-04: фасады, этажи и характеристики",https://raw.githubusercontent.com/nemchenik/test/catalog-plans-pinterest-assets/pinterest/generated_batch_28_no_button/47-04.jpg,Дома с террасой,,"Проект дома №47-04. На превью показана каноническая визуализация со страницы этого проекта на catalog-plans.ru. В карточке доступны планы этажей, фасады, размеры и характеристики. Параметры: 100 м²; 2 этажа; габариты 6×6 м; стены — газобетон; стиль — хай-тек; особенность — терраса. Откройте проект и сопоставьте планировку и габариты со своим участком до заказа.",https://catalog-plans.ru/catalog/47-04?utm_source=pinterest&utm_medium=organic&utm_campaign=generated_house_cards_no_button_batch_28&utm_content=pin_5195_47-04_changes&utm_term=doma-s-terrasoy,,"проект дома 47-04, проект №47-04, Дома с террасой, готовый проект дома, планировка дома, фасады дома, дом с размерами, визуализация дома, дом 100 м², дом газобетон, дом хай-тек, дом терраса, catalog-plans.ru"
"Проект дома №47-49: планы, фасады и размеры",https://raw.githubusercontent.com/nemchenik/test/catalog-plans-pinterest-assets/pinterest/generated_batch_28_no_button/47-49.jpg,Фасады домов,,"Проект дома №47-49. На превью показана каноническая визуализация со страницы этого проекта на catalog-plans.ru. В карточке доступны планы этажей, фасады, размеры и характеристики. Параметры: 100 м²; 3 этажа; габариты 6×6 м; стены — газобетон; стиль — хай-тек; особенность — терраса. Откройте проект и сопоставьте планировку и габариты со своим участком до заказа.",https://catalog-plans.ru/catalog/47-49?utm_source=pinterest&utm_medium=organic&utm_campaign=generated_house_cards_no_button_batch_28&utm_content=pin_5196_47-49_plans&utm_term=fasady-domov,,"проект дома 47-49, проект №47-49, Фасады домов, готовый проект дома, планировка дома, фасады дома, дом с размерами, визуализация дома, дом 100 м², дом газобетон, дом хай-тек, дом терраса, catalog-plans.ru"
Дом №47-57: проверить параметры проекта,https://raw.githubusercontent.com/nemchenik/test/catalog-plans-pinterest-assets/pinterest/generated_batch_28_no_button/47-57.jpg,Фасады домов,,"Проект дома №47-57. На превью показана каноническая визуализация со страницы этого проекта на catalog-plans.ru. В карточке доступны планы этажей, фасады, размеры и характеристики. Параметры: 100 м²; 2 этажа; габариты 6×6 м; стены — газобетон; стиль — хай-тек; особенность — терраса. Откройте проект и сопоставьте планировку и габариты со своим участком до заказа.",https://catalog-plans.ru/catalog/47-57?utm_source=pinterest&utm_medium=organic&utm_campaign=generated_house_cards_no_button_batch_28&utm_content=pin_5197_47-57_compare&utm_term=fasady-domov,,"проект дома 47-57, проект №47-57, Фасады домов, готовый проект дома, планировка дома, фасады дома, дом с размерами, визуализация дома, дом 100 м², дом газобетон, дом хай-тек, дом терраса, catalog-plans.ru"
Проект №47-89: габариты и планировка дома,https://raw.githubusercontent.com/nemchenik/test/catalog-plans-pinterest-assets/pinterest/generated_batch_28_no_button/47-89.jpg,Дома из газобетона,,"Проект дома №47-89. На превью показана каноническая визуализация со страницы этого проекта на catalog-plans.ru. В карточке доступны планы этажей, фасады, размеры и характеристики. Параметры: 100 м²; 2 этажа; габариты 6×6 м; стены — газобетон; стиль — хай-тек; особенность — терраса. Откройте проект и сопоставьте планировку и габариты со своим участком до заказа.",https://catalog-plans.ru/catalog/47-89?utm_source=pinterest&utm_medium=organic&utm_campaign=generated_house_cards_no_button_batch_28&utm_content=pin_5198_47-89_site&utm_term=doma-iz-gazobetona,,"проект дома 47-89, проект №47-89, Дома из газобетона, готовый проект дома, планировка дома, фасады дома, дом с размерами, визуализация дома, дом 100 м², дом газобетон, дом хай-тек, дом терраса, catalog-plans.ru"
Дом №48-20DAG: посмотреть проект целиком,https://raw.githubusercontent.com/nemchenik/test/catalog-plans-pinterest-assets/pinterest/generated_batch_28_no_button/48-20DAG.jpg,Дома с террасой,,"Проект дома №48-20DAG. На превью показана каноническая визуализация со страницы этого проекта на catalog-plans.ru. В карточке доступны планы этажей, фасады, размеры и характеристики. Параметры: 100 м²; 2 этажа; габариты 6×6 м; стены — газобетон; стиль — хай-тек; особенность — терраса. Откройте проект и сопоставьте планировку и габариты со своим участком до заказа.",https://catalog-plans.ru/catalog/48-20DAG?utm_source=pinterest&utm_medium=organic&utm_campaign=generated_house_cards_no_button_batch_28&utm_content=pin_5199_48-20dag_facades&utm_term=doma-s-terrasoy,,"проект дома 48-20DAG, проект №48-20DAG, Дома с террасой, готовый проект дома, планировка дома, фасады дома, дом с размерами, визуализация дома, дом 100 м², дом газобетон, дом хай-тек, дом терраса, catalog-plans.ru"
Проект дома №48-24CK: сравнить перед выбором,https://raw.githubusercontent.com/nemchenik/test/catalog-plans-pinterest-assets/pinterest/generated_batch_28_no_button/48-24CK.jpg,Дома с террасой,,"Проект дома №48-24CK. На превью показана каноническая визуализация со страницы этого проекта на catalog-plans.ru. В карточке доступны планы этажей, фасады, размеры и характеристики. Параметры: 100 м²; 2 этажа; габариты 6×6 м; стены — газобетон; стиль — хай-тек; особенность — терраса. Откройте проект и сопоставьте планировку и габариты со своим участком до заказа.",https://catalog-plans.ru/catalog/48-24CK?utm_source=pinterest&utm_medium=organic&utm_campaign=generated_house_cards_no_button_batch_28&utm_content=pin_5200_48-24ck_estimate&utm_term=doma-s-terrasoy,,"проект дома 48-24CK, проект №48-24CK, Дома с террасой, готовый проект дома, планировка дома, фасады дома, дом с размерами, визуализация дома, дом 100 м², дом газобетон, дом хай-тек, дом терраса, catalog-plans.ru"
"Дом №48-28CGL: фасады, этажи и характеристики",https://raw.githubusercontent.com/nemchenik/test/catalog-plans-pinterest-assets/pinterest/generated_batch_28_no_button/48-28CGL.jpg,Двухэтажные дома,,"Проект дома №48-28CGL. На превью показана каноническая визуализация со страницы этого проекта на catalog-plans.ru. В карточке доступны планы этажей, фасады, размеры и характеристики. Параметры: 100 м²; 2 этажа; габариты 6×6 м; стены — газобетон; стиль — хай-тек; особенность — терраса. Откройте проект и сопоставьте планировку и габариты со своим участком до заказа.",https://catalog-plans.ru/catalog/48-28CGL?utm_source=pinterest&utm_medium=organic&utm_campaign=generated_house_cards_no_button_batch_28&utm_content=pin_5201_48-28cgl_changes&utm_term=dvuhetazhnye-doma,,"проект дома 48-28CGL, проект №48-28CGL, Двухэтажные дома, готовый проект дома, планировка дома, фасады дома, дом с размерами, визуализация дома, дом 100 м², дом газобетон, дом хай-тек, дом терраса, catalog-plans.ru"
"Проект дома №48-29CABG: планы, фасады и размеры",https://raw.githubusercontent.com/nemchenik/test/catalog-plans-pinterest-assets/pinterest/generated_batch_28_no_button/48-29CABG.jpg,Готовые проекты домов,,"Проект дома №48-29CABG. На превью показана каноническая визуализация со страницы этого проекта на catalog-plans.ru. В карточке доступны планы этажей, фасады, размеры и характеристики. Параметры: 100 м²; 2 этажа; габариты 6×6 м; стены — газобетон; стиль — хай-тек; особенность — терраса. Откройте проект и сопоставьте планировку и габариты со своим участком до заказа.",https://catalog-plans.ru/catalog/48-29CABG?utm_source=pinterest&utm_medium=organic&utm_campaign=generated_house_cards_no_button_batch_28&utm_content=pin_5202_48-29cabg_plans&utm_term=gotovye-proekty-domov,,"проект дома 48-29CABG, проект №48-29CABG, Готовые проекты домов, готовый проект дома, планировка дома, фасады дома, дом с размерами, визуализация дома, дом 100 м², дом газобетон, дом хай-тек, дом терраса, catalog-plans.ru"
Дом №48-33: проверить параметры проекта,https://raw.githubusercontent.com/nemchenik/test/catalog-plans-pinterest-assets/pinterest/generated_batch_28_no_button/48-33.jpg,Двухэтажные дома,,"Проект дома №48-33. На превью показана каноническая визуализация со страницы этого проекта на catalog-plans.ru. В карточке доступны планы этажей, фасады, размеры и характеристики. Параметры: 100 м²; 2 этажа; габариты 6×6 м; стены — газобетон; стиль — хай-тек; особенность — терраса. Откройте проект и сопоставьте планировку и габариты со своим участком до заказа.",https://catalog-plans.ru/catalog/48-33?utm_source=pinterest&utm_medium=organic&utm_campaign=generated_house_cards_no_button_batch_28&utm_content=pin_5203_48-33_compare&utm_term=dvuhetazhnye-doma,,"проект дома 48-33, проект №48-33, Двухэтажные дома, готовый проект дома, планировка дома, фасады дома, дом с размерами, визуализация дома, дом 100 м², дом газобетон, дом хай-тек, дом терраса, catalog-plans.ru"
Проект №48-62M: габариты и планировка дома,https://raw.githubusercontent.com/nemchenik/test/catalog-plans-pinterest-assets/pinterest/generated_batch_28_no_button/48-62M.jpg,Дома с террасой,,"Проект дома №48-62M. На превью показана каноническая визуализация со страницы этого проекта на catalog-plans.ru. В карточке доступны планы этажей, фасады, размеры и характеристики. Параметры: 100 м²; 1 этаж; габариты 6×6 м; стены — газобетон; стиль — хай-тек; особенность — терраса. Откройте проект и сопоставьте планировку и габариты со своим участком до заказа.",https://catalog-plans.ru/catalog/48-62M?utm_source=pinterest&utm_medium=organic&utm_campaign=generated_house_cards_no_button_batch_28&utm_content=pin_5204_48-62m_site&utm_term=doma-s-terrasoy,,"проект дома 48-62M, проект №48-62M, Дома с террасой, готовый проект дома, планировка дома, фасады дома, дом с размерами, визуализация дома, дом 100 м², дом газобетон, дом хай-тек, дом терраса, catalog-plans.ru"
Дом №49-29: посмотреть проект целиком,https://raw.githubusercontent.com/nemchenik/test/catalog-plans-pinterest-assets/pinterest/generated_batch_28_no_button/49-29.jpg,Дома до 120 м²,,"Проект дома №49-29. На превью показана каноническая визуализация со страницы этого проекта на catalog-plans.ru. В карточке доступны планы этажей, фасады, размеры и характеристики. Параметры: 100 м²; 2 этажа; габариты 6×6 м; стены — газобетон; стиль — хай-тек; особенность — терраса. Откройте проект и сопоставьте планировку и габариты со своим участком до заказа.",https://catalog-plans.ru/catalog/49-29?utm_source=pinterest&utm_medium=organic&utm_campaign=generated_house_cards_no_button_batch_28&utm_content=pin_5205_49-29_facades&utm_term=doma-do-120-m,,"проект дома 49-29, проект №49-29, Дома до 120 м², готовый проект дома, планировка дома, фасады дома, дом с размерами, визуализация дома, дом 100 м², дом газобетон, дом хай-тек, дом терраса, catalog-plans.ru"
Проект дома №49-79: сравнить перед выбором,https://raw.githubusercontent.com/nemchenik/test/catalog-plans-pinterest-assets/pinterest/generated_batch_28_no_button/49-79.jpg,Готовые проекты домов,,"Проект дома №49-79. На превью показана каноническая визуализация со страницы этого проекта на catalog-plans.ru. В карточке доступны планы этажей, фасады, размеры и характеристики. Параметры: 100 м²; 2 этажа; габариты 6×6 м; стены — газобетон; стиль — хай-тек; особенность — терраса. Откройте проект и сопоставьте планировку и габариты со своим участком до заказа.",https://catalog-plans.ru/catalog/49-79?utm_source=pinterest&utm_medium=organic&utm_campaign=generated_house_cards_no_button_batch_28&utm_content=pin_5206_49-79_estimate&utm_term=gotovye-proekty-domov,,"проект дома 49-79, проект №49-79, Готовые проекты домов, готовый проект дома, планировка дома, фасады дома, дом с размерами, визуализация дома, дом 100 м², дом газобетон, дом хай-тек, дом терраса, catalog-plans.ru"
"Дом №49-83: фасады, этажи и характеристики",https://raw.githubusercontent.com/nemchenik/test/catalog-plans-pinterest-assets/pinterest/generated_batch_28_no_button/49-83.jpg,Дома из газобетона,,"Проект дома №49-83. На превью показана каноническая визуализация со страницы этого проекта на catalog-plans.ru. В карточке доступны планы этажей, фасады, размеры и характеристики. Параметры: 100 м²; 3 этажа; габариты 6×6 м; стены — газобетон; стиль — хай-тек; особенность — терраса. Откройте проект и сопоставьте планировку и габариты со своим участком до заказа.",https://catalog-plans.ru/catalog/49-83?utm_source=pinterest&utm_medium=organic&utm_campaign=generated_house_cards_no_button_batch_28&utm_content=pin_5207_49-83_changes&utm_term=doma-iz-gazobetona,,"проект дома 49-83, проект №49-83, Дома из газобетона, готовый проект дома, планировка дома, фасады дома, дом с размерами, визуализация дома, дом 100 м², дом газобетон, дом хай-тек, дом терраса, catalog-plans.ru"
"Проект дома №49-83A: планы, фасады и размеры",https://raw.githubusercontent.com/nemchenik/test/catalog-plans-pinterest-assets/pinterest/generated_batch_28_no_button/49-83A.jpg,Дома в стиле хай-тек,,"Проект дома №49-83A. На превью показана каноническая визуализация со страницы этого проекта на catalog-plans.ru. В карточке доступны планы этажей, фасады, размеры и характеристики. Параметры: 100 м²; 3 этажа; габариты 6×6 м; стены — газобетон; стиль — хай-тек; особенность — терраса. Откройте проект и сопоставьте планировку и габариты со своим участком до заказа.",https://catalog-plans.ru/catalog/49-83A?utm_source=pinterest&utm_medium=organic&utm_campaign=generated_house_cards_no_button_batch_28&utm_content=pin_5208_49-83a_plans&utm_term=doma-v-stile-hay-tek,,"проект дома 49-83A, проект №49-83A, Дома в стиле хай-тек, готовый проект дома, планировка дома, фасады дома, дом с размерами, визуализация дома, дом 100 м², дом газобетон, дом хай-тек, дом терраса, catalog-plans.ru"
Дом №49-86: проверить параметры проекта,https://raw.githubusercontent.com/nemchenik/test/catalog-plans-pinterest-assets/pinterest/generated_batch_28_no_button/49-86.jpg,Дома до 120 м²,,"Проект дома №49-86. На превью показана каноническая визуализация со страницы этого проекта на catalog-plans.ru. В карточке доступны планы этажей, фасады, размеры и характеристики. Параметры: 100 м²; 2 этажа; габариты 6×6 м; стены — газобетон; стиль — хай-тек; особенность — терраса. Откройте проект и сопоставьте планировку и габариты со своим участком до заказа.",https://catalog-plans.ru/catalog/49-86?utm_source=pinterest&utm_medium=organic&utm_campaign=generated_house_cards_no_button_batch_28&utm_content=pin_5209_49-86_compare&utm_term=doma-do-120-m,,"проект дома 49-86, проект №49-86, Дома до 120 м², готовый проект дома, планировка дома, фасады дома, дом с размерами, визуализация дома, дом 100 м², дом газобетон, дом хай-тек, дом терраса, catalog-plans.ru"
Проект №49-88: габариты и планировка дома,https://raw.githubusercontent.com/nemchenik/test/catalog-plans-pinterest-assets/pinterest/generated_batch_28_no_button/49-88.jpg,Дома с террасой,,"Проект дома №49-88. На превью показана каноническая визуализация со страницы этого проекта на catalog-plans.ru. В карточке доступны планы этажей, фасады, размеры и характеристики. Параметры: 100 м²; 3 этажа; габариты 6×6 м; стены — газобетон; стиль — хай-тек; особенность — терраса. Откройте проект и сопоставьте планировку и габариты со своим участком до заказа.",https://catalog-plans.ru/catalog/49-88?utm_source=pinterest&utm_medium=organic&utm_campaign=generated_house_cards_no_button_batch_28&utm_content=pin_5210_49-88_site&utm_term=doma-s-terrasoy,,"проект дома 49-88, проект №49-88, Дома с террасой, готовый проект дома, планировка дома, фасады дома, дом с размерами, визуализация дома, дом 100 м², дом газобетон, дом хай-тек, дом терраса, catalog-plans.ru"
Дом №49-88B: посмотреть проект целиком,https://raw.githubusercontent.com/nemchenik/test/catalog-plans-pinterest-assets/pinterest/generated_batch_28_no_button/49-88B.jpg,Дома с террасой,,"Проект дома №49-88B. На превью показана каноническая визуализация со страницы этого проекта на catalog-plans.ru. В карточке доступны планы этажей, фасады, размеры и характеристики. Параметры: 100 м²; 3 этажа; габариты 6×6 м; стены — газобетон; стиль — хай-тек; особенность — терраса. Откройте проект и сопоставьте планировку и габариты со своим участком до заказа.",https://catalog-plans.ru/catalog/49-88B?utm_source=pinterest&utm_medium=organic&utm_campaign=generated_house_cards_no_button_batch_28&utm_content=pin_5211_49-88b_facades&utm_term=doma-s-terrasoy,,"проект дома 49-88B, проект №49-88B, Дома с террасой, готовый проект дома, планировка дома, фасады дома, дом с размерами, визуализация дома, дом 100 м², дом газобетон, дом хай-тек, дом терраса, catalog-plans.ru"
Проект дома №49-92: сравнить перед выбором,https://raw.githubusercontent.com/nemchenik/test/catalog-plans-pinterest-assets/pinterest/generated_batch_28_no_button/49-92.jpg,Дома до 120 м²,,"Проект дома №49-92. На превью показана каноническая визуализация со страницы этого проекта на catalog-plans.ru. В карточке доступны планы этажей, фасады, размеры и характеристики. Параметры: 100 м²; 2 этажа; габариты 6×6 м; стены — газобетон; стиль — хай-тек; особенность — терраса. Откройте проект и сопоставьте планировку и габариты со своим участком до заказа.",https://catalog-plans.ru/catalog/49-92?utm_source=pinterest&utm_medium=organic&utm_campaign=generated_house_cards_no_button_batch_28&utm_content=pin_5212_49-92_estimate&utm_term=doma-do-120-m,,"проект дома 49-92, проект №49-92, Дома до 120 м², готовый проект дома, планировка дома, фасады дома, дом с размерами, визуализация дома, дом 100 м², дом газобетон, дом хай-тек, дом терраса, catalog-plans.ru"
"Дом №50-06: фасады, этажи и характеристики",https://raw.githubusercontent.com/nemchenik/test/catalog-plans-pinterest-assets/pinterest/generated_batch_28_no_button/50-06.jpg,Готовые проекты домов,,"Проект дома №50-06. На превью показана каноническая визуализация со страницы этого проекта на catalog-plans.ru. В карточке доступны планы этажей, фасады, размеры и характеристики. Параметры: 100 м²; 2 этажа; габариты 6×6 м; стены — газобетон; стиль — хай-тек; особенность — терраса. Откройте проект и сопоставьте планировку и габариты со своим участком до заказа.",https://catalog-plans.ru/catalog/50-06?utm_source=pinterest&utm_medium=organic&utm_campaign=generated_house_cards_no_button_batch_28&utm_content=pin_5213_50-06_changes&utm_term=gotovye-proekty-domov,,"проект дома 50-06, проект №50-06, Готовые проекты домов, готовый проект дома, планировка дома, фасады дома, дом с размерами, визуализация дома, дом 100 м², дом газобетон, дом хай-тек, дом терраса, catalog-plans.ru"
"Проект дома №51-04: планы, фасады и размеры",https://raw.githubusercontent.com/nemchenik/test/catalog-plans-pinterest-assets/pinterest/generated_batch_28_no_button/51-04.jpg,Фасады домов,,"Проект дома №51-04. На превью показана каноническая визуализация со страницы этого проекта на catalog-plans.ru. В карточке доступны планы этажей, фасады, размеры и характеристики. Параметры: 100 м²; 2 этажа; габариты 6×6 м; стены — газобетон; стиль — хай-тек; особенность — терраса. Откройте проект и сопоставьте планировку и габариты со своим участком до заказа.",https://catalog-plans.ru/catalog/51-04?utm_source=pinterest&utm_medium=organic&utm_campaign=generated_house_cards_no_button_batch_28&utm_content=pin_5214_51-04_plans&utm_term=fasady-domov,,"проект дома 51-04, проект №51-04, Фасады домов, готовый проект дома, планировка дома, фасады дома, дом с размерами, визуализация дома, дом 100 м², дом газобетон, дом хай-тек, дом терраса, catalog-plans.ru"
Дом №51-25: проверить параметры проекта,https://raw.githubusercontent.com/nemchenik/test/catalog-plans-pinterest-assets/pinterest/generated_batch_28_no_button/51-25.jpg,Двухэтажные дома,,"Проект дома №51-25. На превью показана каноническая визуализация со страницы этого проекта на catalog-plans.ru. В карточке доступны планы этажей, фасады, размеры и характеристики. Параметры: 100 м²; 2 этажа; габариты 6×6 м; стены — газобетон; стиль — хай-тек; особенность — терраса. Откройте проект и сопоставьте планировку и габариты со своим участком до заказа.",https://catalog-plans.ru/catalog/51-25?utm_source=pinterest&utm_medium=organic&utm_campaign=generated_house_cards_no_button_batch_28&utm_content=pin_5215_51-25_compare&utm_term=dvuhetazhnye-doma,,"проект дома 51-25, проект №51-25, Двухэтажные дома, готовый проект дома, планировка дома, фасады дома, дом с размерами, визуализация дома, дом 100 м², дом газобетон, дом хай-тек, дом терраса, catalog-plans.ru"
Проект №52-26: габариты и планировка дома,https://raw.githubusercontent.com/nemchenik/test/catalog-plans-pinterest-assets/pinterest/generated_batch_28_no_button/52-26.jpg,Дома в стиле хай-тек,,"Проект дома №52-26. На превью показана каноническая визуализация со страницы этого проекта на catalog-plans.ru. В карточке доступны планы этажей, фасады, размеры и характеристики. Параметры: 100 м²; 2 этажа; габариты 6×6 м; стены — газобетон; стиль — хай-тек; особенность — терраса. Откройте проект и сопоставьте планировку и габариты со своим участком до заказа.",https://catalog-plans.ru/catalog/52-26?utm_source=pinterest&utm_medium=organic&utm_campaign=generated_house_cards_no_button_batch_28&utm_content=pin_5216_52-26_site&utm_term=doma-v-stile-hay-tek,,"проект дома 52-26, проект №52-26, Дома в стиле хай-тек, готовый проект дома, планировка дома, фасады дома, дом с размерами, визуализация дома, дом 100 м², дом газобетон, дом хай-тек, дом терраса, catalog-plans.ru"
Дом №52-53: посмотреть проект целиком,https://raw.githubusercontent.com/nemchenik/test/catalog-plans-pinterest-assets/pinterest/generated_batch_28_no_button/52-53.jpg,Проекты домов с визуализациями,,"Проект дома №52-53. На превью показана каноническая визуализация со страницы этого проекта на catalog-plans.ru. В карточке доступны планы этажей, фасады, размеры и характеристики. Параметры: 100 м²; 2 этажа; габариты 6×6 м; стены — газобетон; стиль — хай-тек; особенность — терраса. Откройте проект и сопоставьте планировку и габариты со своим участком до заказа.",https://catalog-plans.ru/catalog/52-53?utm_source=pinterest&utm_medium=organic&utm_campaign=generated_house_cards_no_button_batch_28&utm_content=pin_5217_52-53_facades&utm_term=proekty-domov-s-vizualizaciyami,,"проект дома 52-53, проект №52-53, Проекты домов с визуализациями, готовый проект дома, планировка дома, фасады дома, дом с размерами, визуализация дома, дом 100 м², дом газобетон, дом хай-тек, дом терраса, catalog-plans.ru"
Проект дома №52-62: сравнить перед выбором,https://raw.githubusercontent.com/nemchenik/test/catalog-plans-pinterest-assets/pinterest/generated_batch_28_no_button/52-62.jpg,Дома в стиле хай-тек,,"Проект дома №52-62. На превью показана каноническая визуализация со страницы этого проекта на catalog-plans.ru. В карточке доступны планы этажей, фасады, размеры и характеристики. Параметры: 100 м²; 2 этажа; габариты 6×6 м; стены — газобетон; стиль — хай-тек; особенность — терраса. Откройте проект и сопоставьте планировку и габариты со своим участком до заказа.",https://catalog-plans.ru/catalog/52-62?utm_source=pinterest&utm_medium=organic&utm_campaign=generated_house_cards_no_button_batch_28&utm_content=pin_5218_52-62_estimate&utm_term=doma-v-stile-hay-tek,,"проект дома 52-62, проект №52-62, Дома в стиле хай-тек, готовый проект дома, планировка дома, фасады дома, дом с размерами, визуализация дома, дом 100 м², дом газобетон, дом хай-тек, дом терраса, catalog-plans.ru"
"Дом №53-55: фасады, этажи и характеристики",https://raw.githubusercontent.com/nemchenik/test/catalog-plans-pinterest-assets/pinterest/generated_batch_28_no_button/53-55.jpg,Двухэтажные дома,,"Проект дома №53-55. На превью показана каноническая визуализация со страницы этого проекта на catalog-plans.ru. В карточке доступны планы этажей, фасады, размеры и характеристики. Параметры: 100 м²; 2 этажа; габариты 6×6 м; стены — газобетон; стиль — хай-тек; особенность — терраса. Откройте проект и сопоставьте планировку и габариты со своим участком до заказа.",https://catalog-plans.ru/catalog/53-55?utm_source=pinterest&utm_medium=organic&utm_campaign=generated_house_cards_no_button_batch_28&utm_content=pin_5219_53-55_changes&utm_term=dvuhetazhnye-doma,,"проект дома 53-55, проект №53-55, Двухэтажные дома, готовый проект дома, планировка дома, фасады дома, дом с размерами, визуализация дома, дом 100 м², дом газобетон, дом хай-тек, дом терраса, catalog-plans.ru"
"Проект дома №53-97: планы, фасады и размеры",https://raw.githubusercontent.com/nemchenik/test/catalog-plans-pinterest-assets/pinterest/generated_batch_28_no_button/53-97.jpg,Дома до 120 м²,,"Проект дома №53-97. На превью показана каноническая визуализация со страницы этого проекта на catalog-plans.ru. В карточке доступны планы этажей, фасады, размеры и характеристики. Параметры: 100 м²; 2 этажа; габариты 6×6 м; стены — газобетон; стиль — хай-тек; особенность — терраса. Откройте проект и сопоставьте планировку и габариты со своим участком до заказа.",https://catalog-plans.ru/catalog/53-97?utm_source=pinterest&utm_medium=organic&utm_campaign=generated_house_cards_no_button_batch_28&utm_content=pin_5220_53-97_plans&utm_term=doma-do-120-m,,"проект дома 53-97, проект №53-97, Дома до 120 м², готовый проект дома, планировка дома, фасады дома, дом с размерами, визуализация дома, дом 100 м², дом газобетон, дом хай-тек, дом терраса, catalog-plans.ru"
Дом №57-00FA: проверить параметры проекта,https://raw.githubusercontent.com/nemchenik/test/catalog-plans-pinterest-assets/pinterest/generated_batch_28_no_button/57-00FA.jpg,Дома в стиле хай-тек,,"Проект дома №57-00FA. На превью показана каноническая визуализация со страницы этого проекта на catalog-plans.ru. В карточке доступны планы этажей, фасады, размеры и характеристики. Параметры: 100 м²; 2 этажа; габариты 6×6 м; стены — газобетон; стиль — хай-тек; особенность — терраса. Откройте проект и сопоставьте планировку и габариты со своим участком до заказа.",https://catalog-plans.ru/catalog/57-00FA?utm_source=pinterest&utm_medium=organic&utm_campaign=generated_house_cards_no_button_batch_28&utm_content=pin_5221_57-00fa_compare&utm_term=doma-v-stile-hay-tek,,"проект дома 57-00FA, проект №57-00FA, Дома в стиле хай-тек, готовый проект дома, планировка дома, фасады дома, дом с размерами, визуализация дома, дом 100 м², дом газобетон, дом хай-тек, дом терраса, catalog-plans.ru"
Проект №57-00FB: габариты и планировка дома,https://raw.githubusercontent.com/nemchenik/test/catalog-plans-pinterest-assets/pinterest/generated_batch_28_no_button/57-00FB.jpg,Проекты домов с визуализациями,,"Проект дома №57-00FB. На превью показана каноническая визуализация со страницы этого проекта на catalog-plans.ru. В карточке доступны планы этажей, фасады, размеры и характеристики. Параметры: 100 м²; 2 этажа; габариты 6×6 м; стены — газобетон; стиль — хай-тек; особенность — терраса. Откройте проект и сопоставьте планировку и габариты со своим участком до заказа.",https://catalog-plans.ru/catalog/57-00FB?utm_source=pinterest&utm_medium=organic&utm_campaign=generated_house_cards_no_button_batch_28&utm_content=pin_5222_57-00fb_site&utm_term=proekty-domov-s-vizualizaciyami,,"проект дома 57-00FB, проект №57-00FB, Проекты домов с визуализациями, готовый проект дома, планировка дома, фасады дома, дом с размерами, визуализация дома, дом 100 м², дом газобетон, дом хай-тек, дом терраса, catalog-plans.ru"
Дом №57-00WB: посмотреть проект целиком,https://raw.githubusercontent.com/nemchenik/test/catalog-plans-pinterest-assets/pinterest/generated_batch_28_no_button/57-00WB.jpg,Дома с террасой,,"Проект дома №57-00WB. На превью показана каноническая визуализация со страницы этого проекта на catalog-plans.ru. В карточке доступны планы этажей, фасады, размеры и характеристики. Параметры: 100 м²; 2 этажа; габариты 6×6 м; стены — газобетон; стиль — хай-тек; особенность — терраса. Откройте проект и сопоставьте планировку и габариты со своим участком до заказа.",https://catalog-plans.ru/catalog/57-00WB?utm_source=pinterest&utm_medium=organic&utm_campaign=generated_house_cards_no_button_batch_28&utm_content=pin_5223_57-00wb_facades&utm_term=doma-s-terrasoy,,"проект дома 57-00WB, проект №57-00WB, Дома с террасой, готовый проект дома, планировка дома, фасады дома, дом с размерами, визуализация дома, дом 100 м², дом газобетон, дом хай-тек, дом терраса, catalog-plans.ru"
Проект дома №57-05KRL: сравнить перед выбором,https://raw.githubusercontent.com/nemchenik/test/catalog-plans-pinterest-assets/pinterest/generated_batch_28_no_button/57-05KRL.jpg,Двухэтажные дома,,"Проект дома №57-05KRL. На превью показана каноническая визуализация со страницы этого проекта на catalog-plans.ru. В карточке доступны планы этажей, фасады, размеры и характеристики. Параметры: 100 м²; 2 этажа; габариты 6×6 м; стены — газобетон; стиль — хай-тек; особенность — терраса. Откройте проект и сопоставьте планировку и габариты со своим участком до заказа.",https://catalog-plans.ru/catalog/57-05KRL?utm_source=pinterest&utm_medium=organic&utm_campaign=generated_house_cards_no_button_batch_28&utm_content=pin_5224_57-05krl_estimate&utm_term=dvuhetazhnye-doma,,"проект дома 57-05KRL, проект №57-05KRL, Двухэтажные дома, готовый проект дома, планировка дома, фасады дома, дом с размерами, визуализация дома, дом 100 м², дом газобетон, дом хай-тек, дом терраса, catalog-plans.ru"
"Дом №57-05T: фасады, этажи и характеристики",https://raw.githubusercontent.com/nemchenik/test/catalog-plans-pinterest-assets/pinterest/generated_batch_28_no_button/57-05T.jpg,Дома до 120 м²,,"Проект дома №57-05T. На превью показана каноническая визуализация со страницы этого проекта на catalog-plans.ru. В карточке доступны планы этажей, фасады, размеры и характеристики. Параметры: 100 м²; 2 этажа; габариты 6×6 м; стены — газобетон; стиль — хай-тек; особенность — терраса. Откройте проект и сопоставьте планировку и габариты со своим участком до заказа.",https://catalog-plans.ru/catalog/57-05T?utm_source=pinterest&utm_medium=organic&utm_campaign=generated_house_cards_no_button_batch_28&utm_content=pin_5225_57-05t_changes&utm_term=doma-do-120-m,,"проект дома 57-05T, проект №57-05T, Дома до 120 м², готовый проект дома, планировка дома, фасады дома, дом с размерами, визуализация дома, дом 100 м², дом газобетон, дом хай-тек, дом терраса, catalog-plans.ru"
"Проект дома №57-14BK1: планы, фасады и размеры",https://raw.githubusercontent.com/nemchenik/test/catalog-plans-pinterest-assets/pinterest/generated_batch_28_no_button/57-14BK1.jpg,Дома с террасой,,"Проект дома №57-14BK1. На превью показана каноническая визуализация со страницы этого проекта на catalog-plans.ru. В карточке доступны планы этажей, фасады, размеры и характеристики. Параметры: 100 м²; 3 этажа; габариты 6×6 м; стены — газобетон; стиль — хай-тек; особенность — терраса. Откройте проект и сопоставьте планировку и габариты со своим участком до заказа.",https://catalog-plans.ru/catalog/57-14BK1?utm_source=pinterest&utm_medium=organic&utm_campaign=generated_house_cards_no_button_batch_28&utm_content=pin_5226_57-14bk1_plans&utm_term=doma-s-terrasoy,,"проект дома 57-14BK1, проект №57-14BK1, Дома с террасой, готовый проект дома, планировка дома, фасады дома, дом с размерами, визуализация дома, дом 100 м², дом газобетон, дом хай-тек, дом терраса, catalog-plans.ru"
Дом №57-17E: проверить параметры проекта,https://raw.githubusercontent.com/nemchenik/test/catalog-plans-pinterest-assets/pinterest/generated_batch_28_no_button/57-17E.jpg,Дома с террасой,,"Проект дома №57-17E. На превью показана каноническая визуализация со страницы этого проекта на catalog-plans.ru. В карточке доступны планы этажей, фасады, размеры и характеристики. Параметры: 100 м²; 2 этажа; габариты 6×6 м; стены — газобетон; стиль — хай-тек; особенность — терраса. Откройте проект и сопоставьте планировку и габариты со своим участком до заказа.",https://catalog-plans.ru/catalog/57-17E?utm_source=pinterest&utm_medium=organic&utm_campaign=generated_house_cards_no_button_batch_28&utm_content=pin_5227_57-17e_compare&utm_term=doma-s-terrasoy,,"проект дома 57-17E, проект №57-17E, Дома с террасой, готовый проект дома, планировка дома, фасады дома, дом с размерами, визуализация дома, дом 100 м², дом газобетон, дом хай-тек, дом терраса, catalog-plans.ru"
Проект №57-23BW: габариты и планировка дома,https://raw.githubusercontent.com/nemchenik/test/catalog-plans-pinterest-assets/pinterest/generated_batch_28_no_button/57-23BW.jpg,Дома в стиле хай-тек,,"Проект дома №57-23BW. На превью показана каноническая визуализация со страницы этого проекта на catalog-plans.ru. В карточке доступны планы этажей, фасады, размеры и характеристики. Параметры: 100 м²; 2 этажа; габариты 6×6 м; стены — газобетон; стиль — хай-тек; особенность — терраса. Откройте проект и сопоставьте планировку и габариты со своим участком до заказа.",https://catalog-plans.ru/catalog/57-23BW?utm_source=pinterest&utm_medium=organic&utm_campaign=generated_house_cards_no_button_batch_28&utm_content=pin_5228_57-23bw_site&utm_term=doma-v-stile-hay-tek,,"проект дома 57-23BW, проект №57-23BW, Дома в стиле хай-тек, готовый проект дома, планировка дома, фасады дома, дом с размерами, визуализация дома, дом 100 м², дом газобетон, дом хай-тек, дом терраса, catalog-plans.ru"
Дом №57-24: посмотреть проект целиком,https://raw.githubusercontent.com/nemchenik/test/catalog-plans-pinterest-assets/pinterest/generated_batch_28_no_button/57-24.jpg,Проекты домов с визуализациями,,"Проект дома №57-24. На превью показана каноническая визуализация со страницы этого проекта на catalog-plans.ru. В карточке доступны планы этажей, фасады, размеры и характеристики. Параметры: 100 м²; 1 этаж; габариты 6×6 м; стены — газобетон; стиль — хай-тек; особенность — терраса. Откройте проект и сопоставьте планировку и габариты со своим участком до заказа.",https://catalog-plans.ru/catalog/57-24?utm_source=pinterest&utm_medium=organic&utm_campaign=generated_house_cards_no_button_batch_28&utm_content=pin_5229_57-24_facades&utm_term=proekty-domov-s-vizualizaciyami,,"проект дома 57-24, проект №57-24, Проекты домов с визуализациями, готовый проект дома, планировка дома, фасады дома, дом с размерами, визуализация дома, дом 100 м², дом газобетон, дом хай-тек, дом терраса, catalog-plans.ru"
Проект дома №57-25B: сравнить перед выбором,https://raw.githubusercontent.com/nemchenik/test/catalog-plans-pinterest-assets/pinterest/generated_batch_28_no_button/57-25B.jpg,Дома с террасой,,"Проект дома №57-25B. На превью показана каноническая визуализация со страницы этого проекта на catalog-plans.ru. В карточке доступны планы этажей, фасады, размеры и характеристики. Параметры: 100 м²; 2 этажа; габариты 6×6 м; стены — газобетон; стиль — хай-тек; особенность — терраса. Откройте проект и сопоставьте планировку и габариты со своим участком до заказа.",https://catalog-plans.ru/catalog/57-25B?utm_source=pinterest&utm_medium=organic&utm_campaign=generated_house_cards_no_button_batch_28&utm_content=pin_5230_57-25b_estimate&utm_term=doma-s-terrasoy,,"проект дома 57-25B, проект №57-25B, Дома с террасой, готовый проект дома, планировка дома, фасады дома, дом с размерами, визуализация дома, дом 100 м², дом газобетон, дом хай-тек, дом терраса, catalog-plans.ru"
"Дом №57-29F: фасады, этажи и характеристики",https://raw.githubusercontent.com/nemchenik/test/catalog-plans-pinterest-assets/pinterest/generated_batch_28_no_button/57-29F.jpg,Фасады домов,,"Проект дома №57-29F. На превью показана каноническая визуализация со страницы этого проекта на catalog-plans.ru. В карточке доступны планы этажей, фасады, размеры и характеристики. Параметры: 100 м²; 2 этажа; габариты 6×6 м; стены — газобетон; стиль — хай-тек; особенность — терраса. Откройте проект и сопоставьте планировку и габариты со своим участком до заказа.",https://catalog-plans.ru/catalog/57-29F?utm_source=pinterest&utm_medium=organic&utm_campaign=generated_house_cards_no_button_batch_28&utm_content=pin_5231_57-29f_changes&utm_term=fasady-domov,,"проект дома 57-29F, проект №57-29F, Фасады домов, готовый проект дома, планировка дома, фасады дома, дом с размерами, визуализация дома, дом 100 м², дом газобетон, дом хай-тек, дом терраса, catalog-plans.ru"
"Проект дома №57-30F: планы, фасады и размеры",https://raw.githubusercontent.com/nemchenik/test/catalog-plans-pinterest-assets/pinterest/generated_batch_28_no_button/57-30F.jpg,Готовые проекты домов,,"Проект дома №57-30F. На превью показана каноническая визуализация со страницы этого проекта на catalog-plans.ru. В карточке доступны планы этажей, фасады, размеры и характеристики. Параметры: 100 м²; 2 этажа; габариты 6×6 м; стены — газобетон; стиль — хай-тек; особенность — терраса. Откройте проект и сопоставьте планировку и габариты со своим участком до заказа.",https://catalog-plans.ru/catalog/57-30F?utm_source=pinterest&utm_medium=organic&utm_campaign=generated_house_cards_no_button_batch_28&utm_content=pin_5232_57-30f_plans&utm_term=gotovye-proekty-domov,,"проект дома 57-30F, проект №57-30F, Готовые проекты домов, готовый проект дома, планировка дома, фасады дома, дом с размерами, визуализация дома, дом 100 м², дом газобетон, дом хай-тек, дом терраса, catalog-plans.ru"
Дом №57-39K1: проверить параметры проекта,https://raw.githubusercontent.com/nemchenik/test/catalog-plans-pinterest-assets/pinterest/generated_batch_28_no_button/57-39K1.jpg,Дома с террасой,,"Проект дома №57-39K1. На превью показана каноническая визуализация со страницы этого проекта на catalog-plans.ru. В карточке доступны планы этажей, фасады, размеры и характеристики. Параметры: 100 м²; 2 этажа; габариты 6×6 м; стены — газобетон; стиль — хай-тек; особенность — терраса. Откройте проект и сопоставьте планировку и габариты со своим участком до заказа.",https://catalog-plans.ru/catalog/57-39K1?utm_source=pinterest&utm_medium=organic&utm_campaign=generated_house_cards_no_button_batch_28&utm_content=pin_5233_57-39k1_compare&utm_term=doma-s-terrasoy,,"проект дома 57-39K1, проект №57-39K1, Дома с террасой, готовый проект дома, планировка дома, фасады дома, дом с размерами, визуализация дома, дом 100 м², дом газобетон, дом хай-тек, дом терраса, catalog-plans.ru"
Проект №57-39K1M: габариты и планировка дома,https://raw.githubusercontent.com/nemchenik/test/catalog-plans-pinterest-assets/pinterest/generated_batch_28_no_button/57-39K1M.jpg,Дома с террасой,,"Проект дома №57-39K1M. На превью показана каноническая визуализация со страницы этого проекта на catalog-plans.ru. В карточке доступны планы этажей, фасады, размеры и характеристики. Параметры: 100 м²; 2 этажа; габариты 6×6 м; стены — газобетон; стиль — хай-тек; особенность — терраса. Откройте проект и сопоставьте планировку и габариты со своим участком до заказа.",https://catalog-plans.ru/catalog/57-39K1M?utm_source=pinterest&utm_medium=organic&utm_campaign=generated_house_cards_no_button_batch_28&utm_content=pin_5234_57-39k1m_site&utm_term=doma-s-terrasoy,,"проект дома 57-39K1M, проект №57-39K1M, Дома с террасой, готовый проект дома, планировка дома, фасады дома, дом с размерами, визуализация дома, дом 100 м², дом газобетон, дом хай-тек, дом терраса, catalog-plans.ru"
Дом №57-39NAKL: посмотреть проект целиком,https://raw.githubusercontent.com/nemchenik/test/catalog-plans-pinterest-assets/pinterest/generated_batch_28_no_button/57-39NAKL.jpg,Фасады домов,,"Проект дома №57-39NAKL. На превью показана каноническая визуализация со страницы этого проекта на catalog-plans.ru. В карточке доступны планы этажей, фасады, размеры и характеристики. Параметры: 100 м²; 2 этажа; габариты 6×6 м; стены — газобетон; стиль — хай-тек; особенность — терраса. Откройте проект и сопоставьте планировку и габариты со своим участком до заказа.",https://catalog-plans.ru/catalog/57-39NAKL?utm_source=pinterest&utm_medium=organic&utm_campaign=generated_house_cards_no_button_batch_28&utm_content=pin_5235_57-39nakl_facades&utm_term=fasady-domov,,"проект дома 57-39NAKL, проект №57-39NAKL, Фасады домов, готовый проект дома, планировка дома, фасады дома, дом с размерами, визуализация дома, дом 100 м², дом газобетон, дом хай-тек, дом терраса, catalog-plans.ru"
Проект дома №57-43AG: сравнить перед выбором,https://raw.githubusercontent.com/nemchenik/test/catalog-plans-pinterest-assets/pinterest/generated_batch_28_no_button/57-43AG.jpg,Готовые проекты домов,,"Проект дома №57-43AG. На превью показана каноническая визуализация со страницы этого проекта на catalog-plans.ru. В карточке доступны планы этажей, фасады, размеры и характеристики. Параметры: 100 м²; 2 этажа; габариты 6×6 м; стены — газобетон; стиль — хай-тек; особенность — терраса. Откройте проект и сопоставьте планировку и габариты со своим участком до заказа.",https://catalog-plans.ru/catalog/57-43AG?utm_source=pinterest&utm_medium=organic&utm_campaign=generated_house_cards_no_button_batch_28&utm_content=pin_5236_57-43ag_estimate&utm_term=gotovye-proekty-domov,,"проект дома 57-43AG, проект №57-43AG, Готовые проекты домов, готовый проект дома, планировка дома, фасады дома, дом с размерами, визуализация дома, дом 100 м², дом газобетон, дом хай-тек, дом терраса, catalog-plans.ru"
"Дом №57-46BCL: фасады, этажи и характеристики",https://raw.githubusercontent.com/nemchenik/test/catalog-plans-pinterest-assets/pinterest/generated_batch_28_no_button/57-46BCL.jpg,Двухэтажные дома,,"Проект дома №57-46BCL. На превью показана каноническая визуализация со страницы этого проекта на catalog-plans.ru. В карточке доступны планы этажей, фасады, размеры и характеристики. Параметры: 100 м²; 2 этажа; габариты 6×6 м; стены — газобетон; стиль — хай-тек; особенность — терраса. Откройте проект и сопоставьте планировку и габариты со своим участком до заказа.",https://catalog-plans.ru/catalog/57-46BCL?utm_source=pinterest&utm_medium=organic&utm_campaign=generated_house_cards_no_button_batch_28&utm_content=pin_5237_57-46bcl_changes&utm_term=dvuhetazhnye-doma,,"проект дома 57-46BCL, проект №57-46BCL, Двухэтажные дома, готовый проект дома, планировка дома, фасады дома, дом с размерами, визуализация дома, дом 100 м², дом газобетон, дом хай-тек, дом терраса, catalog-plans.ru"
"Проект дома №57-47C: планы, фасады и размеры",https://raw.githubusercontent.com/nemchenik/test/catalog-plans-pinterest-assets/pinterest/generated_batch_28_no_button/57-47C.jpg,Дома с террасой,,"Проект дома №57-47C. На превью показана каноническая визуализация со страницы этого проекта на catalog-plans.ru. В карточке доступны планы этажей, фасады, размеры и характеристики. Параметры: 100 м²; 2 этажа; габариты 6×6 м; стены — газобетон; стиль — хай-тек; особенность — терраса. Откройте проект и сопоставьте планировку и габариты со своим участком до заказа.",https://catalog-plans.ru/catalog/57-47C?utm_source=pinterest&utm_medium=organic&utm_campaign=generated_house_cards_no_button_batch_28&utm_content=pin_5238_57-47c_plans&utm_term=doma-s-terrasoy,,"проект дома 57-47C, проект №57-47C, Дома с террасой, готовый проект дома, планировка дома, фасады дома, дом с размерами, визуализация дома, дом 100 м², дом газобетон, дом хай-тек, дом терраса, catalog-plans.ru"
Дом №57-49DK: проверить параметры проекта,https://raw.githubusercontent.com/nemchenik/test/catalog-plans-pinterest-assets/pinterest/generated_batch_28_no_button/57-49DK.jpg,Двухэтажные дома,,"Проект дома №57-49DK. На превью показана каноническая визуализация со страницы этого проекта на catalog-plans.ru. В карточке доступны планы этажей, фасады, размеры и характеристики. Параметры: 100 м²; 2 этажа; габариты 6×6 м; стены — газобетон; стиль — хай-тек; особенность — терраса. Откройте проект и сопоставьте планировку и габариты со своим участком до заказа.",https://catalog-plans.ru/catalog/57-49DK?utm_source=pinterest&utm_medium=organic&utm_campaign=generated_house_cards_no_button_batch_28&utm_content=pin_5239_57-49dk_compare&utm_term=dvuhetazhnye-doma,,"проект дома 57-49DK, проект №57-49DK, Двухэтажные дома, готовый проект дома, планировка дома, фасады дома, дом с размерами, визуализация дома, дом 100 м², дом газобетон, дом хай-тек, дом терраса, catalog-plans.ru"
Проект №57-62A: габариты и планировка дома,https://raw.githubusercontent.com/nemchenik/test/catalog-plans-pinterest-assets/pinterest/generated_batch_28_no_button/57-62A.jpg,Фасады домов,,"Проект дома №57-62A. На превью показана каноническая визуализация со страницы этого проекта на catalog-plans.ru. В карточке доступны планы этажей, фасады, размеры и характеристики. Параметры: 100 м²; 2 этажа; габариты 6×6 м; стены — газобетон; стиль — хай-тек; особенность — терраса. Откройте проект и сопоставьте планировку и габариты со своим участком до заказа.",https://catalog-plans.ru/catalog/57-62A?utm_source=pinterest&utm_medium=organic&utm_campaign=generated_house_cards_no_button_batch_28&utm_content=pin_5240_57-62a_site&utm_term=fasady-domov,,"проект дома 57-62A, проект №57-62A, Фасады домов, готовый проект дома, планировка дома, фасады дома, дом с размерами, визуализация дома, дом 100 м², дом газобетон, дом хай-тек, дом терраса, catalog-plans.ru"
Дом №57-63FEDG: посмотреть проект целиком,https://raw.githubusercontent.com/nemchenik/test/catalog-plans-pinterest-assets/pinterest/generated_batch_28_no_button/57-63FEDG.jpg,Двухэтажные дома,,"Проект дома №57-63FEDG. На превью показана каноническая визуализация со страницы этого проекта на catalog-plans.ru. В карточке доступны планы этажей, фасады, размеры и характеристики. Параметры: 100 м²; 2 этажа; габариты 6×6 м; стены — газобетон; стиль — хай-тек; особенность — терраса. Откройте проект и сопоставьте планировку и габариты со своим участком до заказа.",https://catalog-plans.ru/catalog/57-63FEDG?utm_source=pinterest&utm_medium=organic&utm_campaign=generated_house_cards_no_button_batch_28&utm_content=pin_5241_57-63fedg_facades&utm_term=dvuhetazhnye-doma,,"проект дома 57-63FEDG, проект №57-63FEDG, Двухэтажные дома, готовый проект дома, планировка дома, фасады дома, дом с размерами, визуализация дома, дом 100 м², дом газобетон, дом хай-тек, дом терраса, catalog-plans.ru"
Проект дома №57-63FEKL: сравнить перед выбором,https://raw.githubusercontent.com/nemchenik/test/catalog-plans-pinterest-assets/pinterest/generated_batch_28_no_button/57-63FEKL.jpg,Дома с террасой,,"Проект дома №57-63FEKL. На превью показана каноническая визуализация со страницы этого проекта на catalog-plans.ru. В карточке доступны планы этажей, фасады, размеры и характеристики. Параметры: 100 м²; 2 этажа; габариты 6×6 м; стены — газобетон; стиль — хай-тек; особенность — терраса. Откройте проект и сопоставьте планировку и габариты со своим участком до заказа.",https://catalog-plans.ru/catalog/57-63FEKL?utm_source=pinterest&utm_medium=organic&utm_campaign=generated_house_cards_no_button_batch_28&utm_content=pin_5242_57-63fekl_estimate&utm_term=doma-s-terrasoy,,"проект дома 57-63FEKL, проект №57-63FEKL, Дома с террасой, готовый проект дома, планировка дома, фасады дома, дом с размерами, визуализация дома, дом 100 м², дом газобетон, дом хай-тек, дом терраса, catalog-plans.ru"
"Дом №57-75: фасады, этажи и характеристики",https://raw.githubusercontent.com/nemchenik/test/catalog-plans-pinterest-assets/pinterest/generated_batch_28_no_button/57-75.jpg,Двухэтажные дома,,"Проект дома №57-75. На превью показана каноническая визуализация со страницы этого проекта на catalog-plans.ru. В карточке доступны планы этажей, фасады, размеры и характеристики. Параметры: 100 м²; 2 этажа; габариты 6×6 м; стены — газобетон; стиль — хай-тек; особенность — терраса. Откройте проект и сопоставьте планировку и габариты со своим участком до заказа.",https://catalog-plans.ru/catalog/57-75?utm_source=pinterest&utm_medium=organic&utm_campaign=generated_house_cards_no_button_batch_28&utm_content=pin_5243_57-75_changes&utm_term=dvuhetazhnye-doma,,"проект дома 57-75, проект №57-75, Двухэтажные дома, готовый проект дома, планировка дома, фасады дома, дом с размерами, визуализация дома, дом 100 м², дом газобетон, дом хай-тек, дом терраса, catalog-plans.ru"
"Проект дома №57-84EK: планы, фасады и размеры",https://raw.githubusercontent.com/nemchenik/test/catalog-plans-pinterest-assets/pinterest/generated_batch_28_no_button/57-84EK.jpg,Дома из газобетона,,"Проект дома №57-84EK. На превью показана каноническая визуализация со страницы этого проекта на catalog-plans.ru. В карточке доступны планы этажей, фасады, размеры и характеристики. Параметры: 100 м²; 2 этажа; габариты 6×6 м; стены — газобетон; стиль — хай-тек; особенность — терраса. Откройте проект и сопоставьте планировку и габариты со своим участком до заказа.",https://catalog-plans.ru/catalog/57-84EK?utm_source=pinterest&utm_medium=organic&utm_campaign=generated_house_cards_no_button_batch_28&utm_content=pin_5244_57-84ek_plans&utm_term=doma-iz-gazobetona,,"проект дома 57-84EK, проект №57-84EK, Дома из газобетона, готовый проект дома, планировка дома, фасады дома, дом с размерами, визуализация дома, дом 100 м², дом газобетон, дом хай-тек, дом терраса, catalog-plans.ru"
Дом №57-91BA: проверить параметры проекта,https://raw.githubusercontent.com/nemchenik/test/catalog-plans-pinterest-assets/pinterest/generated_batch_28_no_button/57-91BA.jpg,Готовые проекты домов,,"Проект дома №57-91BA. На превью показана каноническая визуализация со страницы этого проекта на catalog-plans.ru. В карточке доступны планы этажей, фасады, размеры и характеристики. Параметры: 100 м²; 2 этажа; габариты 6×6 м; стены — газобетон; стиль — хай-тек; особенность — терраса. Откройте проект и сопоставьте планировку и габариты со своим участком до заказа.",https://catalog-plans.ru/catalog/57-91BA?utm_source=pinterest&utm_medium=organic&utm_campaign=generated_house_cards_no_button_batch_28&utm_content=pin_5245_57-91ba_compare&utm_term=gotovye-proekty-domov,,"проект дома 57-91BA, проект №57-91BA, Готовые проекты домов, готовый проект дома, планировка дома, фасады дома, дом с размерами, визуализация дома, дом 100 м², дом газобетон, дом хай-тек, дом терраса, catalog-plans.ru"
Проект №57-94: габариты и планировка дома,https://raw.githubusercontent.com/nemchenik/test/catalog-plans-pinterest-assets/pinterest/generated_batch_28_no_button/57-94.jpg,Двухэтажные дома,,"Проект дома №57-94. На превью показана каноническая визуализация со страницы этого проекта на catalog-plans.ru. В карточке доступны планы этажей, фасады, размеры и характеристики. Параметры: 100 м²; 2 этажа; габариты 6×6 м; стены — газобетон; стиль — хай-тек; особенность — терраса. Откройте проект и сопоставьте планировку и габариты со своим участком до заказа.",https://catalog-plans.ru/catalog/57-94?utm_source=pinterest&utm_medium=organic&utm_campaign=generated_house_cards_no_button_batch_28&utm_content=pin_5246_57-94_site&utm_term=dvuhetazhnye-doma,,"проект дома 57-94, проект №57-94, Двухэтажные дома, готовый проект дома, планировка дома, фасады дома, дом с размерами, визуализация дома, дом 100 м², дом газобетон, дом хай-тек, дом терраса, catalog-plans.ru"
Дом №58-02A: посмотреть проект целиком,https://raw.githubusercontent.com/nemchenik/test/catalog-plans-pinterest-assets/pinterest/generated_batch_28_no_button/58-02A.jpg,Фасады домов,,"Проект дома №58-02A. На превью показана каноническая визуализация со страницы этого проекта на catalog-plans.ru. В карточке доступны планы этажей, фасады, размеры и характеристики. Параметры: 100 м²; 2 этажа; габариты 6×6 м; стены — газобетон; стиль — хай-тек; особенность — терраса. Откройте проект и сопоставьте планировку и габариты со своим участком до заказа.",https://catalog-plans.ru/catalog/58-02A?utm_source=pinterest&utm_medium=organic&utm_campaign=generated_house_cards_no_button_batch_28&utm_content=pin_5247_58-02a_facades&utm_term=fasady-domov,,"проект дома 58-02A, проект №58-02A, Фасады домов, готовый проект дома, планировка дома, фасады дома, дом с размерами, визуализация дома, дом 100 м², дом газобетон, дом хай-тек, дом терраса, catalog-plans.ru"
Проект дома №58-07K: сравнить перед выбором,https://raw.githubusercontent.com/nemchenik/test/catalog-plans-pinterest-assets/pinterest/generated_batch_28_no_button/58-07K.jpg,Фасады домов,,"Проект дома №58-07K. На превью показана каноническая визуализация со страницы этого проекта на catalog-plans.ru. В карточке доступны планы этажей, фасады, размеры и характеристики. Параметры: 100 м²; 2 этажа; габариты 6×6 м; стены — газобетон; стиль — хай-тек; особенность — терраса. Откройте проект и сопоставьте планировку и габариты со своим участком до заказа.",https://catalog-plans.ru/catalog/58-07K?utm_source=pinterest&utm_medium=organic&utm_campaign=generated_house_cards_no_button_batch_28&utm_content=pin_5248_58-07k_estimate&utm_term=fasady-domov,,"проект дома 58-07K, проект №58-07K, Фасады домов, готовый проект дома, планировка дома, фасады дома, дом с размерами, визуализация дома, дом 100 м², дом газобетон, дом хай-тек, дом терраса, catalog-plans.ru"
"Дом №58-09TK1L: фасады, этажи и характеристики",https://raw.githubusercontent.com/nemchenik/test/catalog-plans-pinterest-assets/pinterest/generated_batch_28_no_button/58-09TK1L.jpg,Дома с террасой,,"Проект дома №58-09TK1L. На превью показана каноническая визуализация со страницы этого проекта на catalog-plans.ru. В карточке доступны планы этажей, фасады, размеры и характеристики. Параметры: 100 м²; 4 этажа; габариты 6×6 м; стены — газобетон; стиль — хай-тек; особенность — терраса. Откройте проект и сопоставьте планировку и габариты со своим участком до заказа.",https://catalog-plans.ru/catalog/58-09TK1L?utm_source=pinterest&utm_medium=organic&utm_campaign=generated_house_cards_no_button_batch_28&utm_content=pin_5249_58-09tk1l_changes&utm_term=doma-s-terrasoy,,"проект дома 58-09TK1L, проект №58-09TK1L, Дома с террасой, готовый проект дома, планировка дома, фасады дома, дом с размерами, визуализация дома, дом 100 м², дом газобетон, дом хай-тек, дом терраса, catalog-plans.ru"
"Проект дома №58-10KL: планы, фасады и размеры",https://raw.githubusercontent.com/nemchenik/test/catalog-plans-pinterest-assets/pinterest/generated_batch_28_no_button/58-10KL.jpg,Дома с террасой,,"Проект дома №58-10KL. На превью показана каноническая визуализация со страницы этого проекта на catalog-plans.ru. В карточке доступны планы этажей, фасады, размеры и характеристики. Параметры: 100 м²; 2 этажа; габариты 6×6 м; стены — газобетон; стиль — хай-тек; особенность — терраса. Откройте проект и сопоставьте планировку и габариты со своим участком до заказа.",https://catalog-plans.ru/catalog/58-10KL?utm_source=pinterest&utm_medium=organic&utm_campaign=generated_house_cards_no_button_batch_28&utm_content=pin_5250_58-10kl_plans&utm_term=doma-s-terrasoy,,"проект дома 58-10KL, проект №58-10KL, Дома с террасой, готовый проект дома, планировка дома, фасады дома, дом с размерами, визуализация дома, дом 100 м², дом газобетон, дом хай-тек, дом терраса, catalog-plans.ru"
Дом №58-21AK: проверить параметры проекта,https://raw.githubusercontent.com/nemchenik/test/catalog-plans-pinterest-assets/pinterest/generated_batch_28_no_button/58-21AK.jpg,Двухэтажные дома,,"Проект дома №58-21AK. На превью показана каноническая визуализация со страницы этого проекта на catalog-plans.ru. В карточке доступны планы этажей, фасады, размеры и характеристики. Параметры: 100 м²; 2 этажа; габариты 6×6 м; стены — газобетон; стиль — хай-тек; особенность — терраса. Откройте проект и сопоставьте планировку и габариты со своим участком до заказа.",https://catalog-plans.ru/catalog/58-21AK?utm_source=pinterest&utm_medium=organic&utm_campaign=generated_house_cards_no_button_batch_28&utm_content=pin_5251_58-21ak_compare&utm_term=dvuhetazhnye-doma,,"проект дома 58-21AK, проект №58-21AK, Двухэтажные дома, готовый проект дома, планировка дома, фасады дома, дом с размерами, визуализация дома, дом 100 м², дом газобетон, дом хай-тек, дом терраса, catalog-plans.ru"
Проект №58-24ABKL: габариты и планировка дома,https://raw.githubusercontent.com/nemchenik/test/catalog-plans-pinterest-assets/pinterest/generated_batch_28_no_button/58-24ABKL.jpg,Дома до 120 м²,,"Проект дома №58-24ABKL. На превью показана каноническая визуализация со страницы этого проекта на catalog-plans.ru. В карточке доступны планы этажей, фасады, размеры и характеристики. Параметры: 100 м²; 3 этажа; габариты 6×6 м; стены — газобетон; стиль — хай-тек; особенность — терраса. Откройте проект и сопоставьте планировку и габариты со своим участком до заказа.",https://catalog-plans.ru/catalog/58-24ABKL?utm_source=pinterest&utm_medium=organic&utm_campaign=generated_house_cards_no_button_batch_28&utm_content=pin_5252_58-24abkl_site&utm_term=doma-do-120-m,,"проект дома 58-24ABKL, проект №58-24ABKL, Дома до 120 м², готовый проект дома, планировка дома, фасады дома, дом с размерами, визуализация дома, дом 100 м², дом газобетон, дом хай-тек, дом терраса, catalog-plans.ru"
Дом №58-60: посмотреть проект целиком,https://raw.githubusercontent.com/nemchenik/test/catalog-plans-pinterest-assets/pinterest/generated_batch_28_no_button/58-60.jpg,Дома с террасой,,"Проект дома №58-60. На превью показана каноническая визуализация со страницы этого проекта на catalog-plans.ru. В карточке доступны планы этажей, фасады, размеры и характеристики. Параметры: 100 м²; 2 этажа; габариты 6×6 м; стены — газобетон; стиль — хай-тек; особенность — терраса. Откройте проект и сопоставьте планировку и габариты со своим участком до заказа.",https://catalog-plans.ru/catalog/58-60?utm_source=pinterest&utm_medium=organic&utm_campaign=generated_house_cards_no_button_batch_28&utm_content=pin_5253_58-60_facades&utm_term=doma-s-terrasoy,,"проект дома 58-60, проект №58-60, Дома с террасой, готовый проект дома, планировка дома, фасады дома, дом с размерами, визуализация дома, дом 100 м², дом газобетон, дом хай-тек, дом терраса, catalog-plans.ru"
Проект дома №58-63A: сравнить перед выбором,https://raw.githubusercontent.com/nemchenik/test/catalog-plans-pinterest-assets/pinterest/generated_batch_28_no_button/58-63A.jpg,Фасады домов,,"Проект дома №58-63A. На превью показана каноническая визуализация со страницы этого проекта на catalog-plans.ru. В карточке доступны планы этажей, фасады, размеры и характеристики. Параметры: 100 м²; 2 этажа; габариты 6×6 м; стены — газобетон; стиль — хай-тек; особенность — терраса. Откройте проект и сопоставьте планировку и габариты со своим участком до заказа.",https://catalog-plans.ru/catalog/58-63A?utm_source=pinterest&utm_medium=organic&utm_campaign=generated_house_cards_no_button_batch_28&utm_content=pin_5254_58-63a_estimate&utm_term=fasady-domov,,"проект дома 58-63A, проект №58-63A, Фасады домов, готовый проект дома, планировка дома, фасады дома, дом с размерами, визуализация дома, дом 100 м², дом газобетон, дом хай-тек, дом терраса, catalog-plans.ru"
"Дом №58-66FADL: фасады, этажи и характеристики",https://raw.githubusercontent.com/nemchenik/test/catalog-plans-pinterest-assets/pinterest/generated_batch_28_no_button/58-66FADL.jpg,Дома в стиле хай-тек,,"Проект дома №58-66FADL. На превью показана каноническая визуализация со страницы этого проекта на catalog-plans.ru. В карточке доступны планы этажей, фасады, размеры и характеристики. Параметры: 100 м²; 2 этажа; габариты 6×6 м; стены — газобетон; стиль — хай-тек; особенность — терраса. Откройте проект и сопоставьте планировку и габариты со своим участком до заказа.",https://catalog-plans.ru/catalog/58-66FADL?utm_source=pinterest&utm_medium=organic&utm_campaign=generated_house_cards_no_button_batch_28&utm_content=pin_5255_58-66fadl_changes&utm_term=doma-v-stile-hay-tek,,"проект дома 58-66FADL, проект №58-66FADL, Дома в стиле хай-тек, готовый проект дома, планировка дома, фасады дома, дом с размерами, визуализация дома, дом 100 м², дом газобетон, дом хай-тек, дом терраса, catalog-plans.ru"
"Проект дома №58-66FEK1L: планы, фасады и размеры",https://raw.githubusercontent.com/nemchenik/test/catalog-plans-pinterest-assets/pinterest/generated_batch_28_no_button/58-66FEK1L.jpg,Дома из газобетона,,"Проект дома №58-66FEK1L. На превью показана каноническая визуализация со страницы этого проекта на catalog-plans.ru. В карточке доступны планы этажей, фасады, размеры и характеристики. Параметры: 100 м²; 2 этажа; габариты 6×6 м; стены — газобетон; стиль — хай-тек; особенность — терраса. Откройте проект и сопоставьте планировку и габариты со своим участком до заказа.",https://catalog-plans.ru/catalog/58-66FEK1L?utm_source=pinterest&utm_medium=organic&utm_campaign=generated_house_cards_no_button_batch_28&utm_content=pin_5256_58-66fek1l_plans&utm_term=doma-iz-gazobetona,,"проект дома 58-66FEK1L, проект №58-66FEK1L, Дома из газобетона, готовый проект дома, планировка дома, фасады дома, дом с размерами, визуализация дома, дом 100 м², дом газобетон, дом хай-тек, дом терраса, catalog-plans.ru"
Дом №58-76B: проверить параметры проекта,https://raw.githubusercontent.com/nemchenik/test/catalog-plans-pinterest-assets/pinterest/generated_batch_28_no_button/58-76B.jpg,Дома с террасой,,"Проект дома №58-76B. На превью показана каноническая визуализация со страницы этого проекта на catalog-plans.ru. В карточке доступны планы этажей, фасады, размеры и характеристики. Параметры: 100 м²; 2 этажа; габариты 6×6 м; стены — газобетон; стиль — хай-тек; особенность — терраса. Откройте проект и сопоставьте планировку и габариты со своим участком до заказа.",https://catalog-plans.ru/catalog/58-76B?utm_source=pinterest&utm_medium=organic&utm_campaign=generated_house_cards_no_button_batch_28&utm_content=pin_5257_58-76b_compare&utm_term=doma-s-terrasoy,,"проект дома 58-76B, проект №58-76B, Дома с террасой, готовый проект дома, планировка дома, фасады дома, дом с размерами, визуализация дома, дом 100 м², дом газобетон, дом хай-тек, дом терраса, catalog-plans.ru"
Проект №58-79ADK1: габариты и планировка дома,https://raw.githubusercontent.com/nemchenik/test/catalog-plans-pinterest-assets/pinterest/generated_batch_28_no_button/58-79ADK1.jpg,Фасады домов,,"Проект дома №58-79ADK1. На превью показана каноническая визуализация со страницы этого проекта на catalog-plans.ru. В карточке доступны планы этажей, фасады, размеры и характеристики. Параметры: 100 м²; 2 этажа; габариты 6×6 м; стены — газобетон; стиль — хай-тек; особенность — терраса. Откройте проект и сопоставьте планировку и габариты со своим участком до заказа.",https://catalog-plans.ru/catalog/58-79ADK1?utm_source=pinterest&utm_medium=organic&utm_campaign=generated_house_cards_no_button_batch_28&utm_content=pin_5258_58-79adk1_site&utm_term=fasady-domov,,"проект дома 58-79ADK1, проект №58-79ADK1, Фасады домов, готовый проект дома, планировка дома, фасады дома, дом с размерами, визуализация дома, дом 100 м², дом газобетон, дом хай-тек, дом терраса, catalog-plans.ru"
Дом №58-82BL: посмотреть проект целиком,https://raw.githubusercontent.com/nemchenik/test/catalog-plans-pinterest-assets/pinterest/generated_batch_28_no_button/58-82BL.jpg,Проекты домов с визуализациями,,"Проект дома №58-82BL. На превью показана каноническая визуализация со страницы этого проекта на catalog-plans.ru. В карточке доступны планы этажей, фасады, размеры и характеристики. Параметры: 100 м²; 3 этажа; габариты 6×6 м; стены — газобетон; стиль — хай-тек; особенность — терраса. Откройте проект и сопоставьте планировку и габариты со своим участком до заказа.",https://catalog-plans.ru/catalog/58-82BL?utm_source=pinterest&utm_medium=organic&utm_campaign=generated_house_cards_no_button_batch_28&utm_content=pin_5259_58-82bl_facades&utm_term=proekty-domov-s-vizualizaciyami,,"проект дома 58-82BL, проект №58-82BL, Проекты домов с визуализациями, готовый проект дома, планировка дома, фасады дома, дом с размерами, визуализация дома, дом 100 м², дом газобетон, дом хай-тек, дом терраса, catalog-plans.ru"
Проект дома №58-90: сравнить перед выбором,https://raw.githubusercontent.com/nemchenik/test/catalog-plans-pinterest-assets/pinterest/generated_batch_28_no_button/58-90.jpg,Проекты домов с визуализациями,,"Проект дома №58-90. На превью показана каноническая визуализация со страницы этого проекта на catalog-plans.ru. В карточке доступны планы этажей, фасады, размеры и характеристики. Параметры: 100 м²; 3 этажа; габариты 6×6 м; стены — газобетон; стиль — хай-тек; особенность — терраса. Откройте проект и сопоставьте планировку и габариты со своим участком до заказа.",https://catalog-plans.ru/catalog/58-90?utm_source=pinterest&utm_medium=organic&utm_campaign=generated_house_cards_no_button_batch_28&utm_content=pin_5260_58-90_estimate&utm_term=proekty-domov-s-vizualizaciyami,,"проект дома 58-90, проект №58-90, Проекты домов с визуализациями, готовый проект дома, планировка дома, фасады дома, дом с размерами, визуализация дома, дом 100 м², дом газобетон, дом хай-тек, дом терраса, catalog-plans.ru"
"Дом №58-93L: фасады, этажи и характеристики",https://raw.githubusercontent.com/nemchenik/test/catalog-plans-pinterest-assets/pinterest/generated_batch_28_no_button/58-93L.jpg,Двухэтажные дома,,"Проект дома №58-93L. На превью показана каноническая визуализация со страницы этого проекта на catalog-plans.ru. В карточке доступны планы этажей, фасады, размеры и характеристики. Параметры: 100 м²; 2 этажа; габариты 6×6 м; стены — газобетон; стиль — хай-тек; особенность — терраса. Откройте проект и сопоставьте планировку и габариты со своим участком до заказа.",https://catalog-plans.ru/catalog/58-93L?utm_source=pinterest&utm_medium=organic&utm_campaign=generated_house_cards_no_button_batch_28&utm_content=pin_5261_58-93l_changes&utm_term=dvuhetazhnye-doma,,"проект дома 58-93L, проект №58-93L, Двухэтажные дома, готовый проект дома, планировка дома, фасады дома, дом с размерами, визуализация дома, дом 100 м², дом газобетон, дом хай-тек, дом терраса, catalog-plans.ru"
"Проект дома №59-22B: планы, фасады и размеры",https://raw.githubusercontent.com/nemchenik/test/catalog-plans-pinterest-assets/pinterest/generated_batch_28_no_button/59-22B.jpg,Готовые проекты домов,,"Проект дома №59-22B. На превью показана каноническая визуализация со страницы этого проекта на catalog-plans.ru. В карточке доступны планы этажей, фасады, размеры и характеристики. Параметры: 100 м²; 2 этажа; габариты 6×6 м; стены — газобетон; стиль — хай-тек; особенность — терраса. Откройте проект и сопоставьте планировку и габариты со своим участком до заказа.",https://catalog-plans.ru/catalog/59-22B?utm_source=pinterest&utm_medium=organic&utm_campaign=generated_house_cards_no_button_batch_28&utm_content=pin_5262_59-22b_plans&utm_term=gotovye-proekty-domov,,"проект дома 59-22B, проект №59-22B, Готовые проекты домов, готовый проект дома, планировка дома, фасады дома, дом с размерами, визуализация дома, дом 100 м², дом газобетон, дом хай-тек, дом терраса, catalog-plans.ru"
Дом №59-79AL: проверить параметры проекта,https://raw.githubusercontent.com/nemchenik/test/catalog-plans-pinterest-assets/pinterest/generated_batch_28_no_button/59-79AL.jpg,Готовые проекты домов,,"Проект дома №59-79AL. На превью показана каноническая визуализация со страницы этого проекта на catalog-plans.ru. В карточке доступны планы этажей, фасады, размеры и характеристики. Параметры: 100 м²; 2 этажа; габариты 6×6 м; стены — газобетон; стиль — хай-тек; особенность — терраса. Откройте проект и сопоставьте планировку и габариты со своим участком до заказа.",https://catalog-plans.ru/catalog/59-79AL?utm_source=pinterest&utm_medium=organic&utm_campaign=generated_house_cards_no_button_batch_28&utm_content=pin_5263_59-79al_compare&utm_term=gotovye-proekty-domov,,"проект дома 59-79AL, проект №59-79AL, Готовые проекты домов, готовый проект дома, планировка дома, фасады дома, дом с размерами, визуализация дома, дом 100 м², дом газобетон, дом хай-тек, дом терраса, catalog-plans.ru"
Проект №59-91K: габариты и планировка дома,https://raw.githubusercontent.com/nemchenik/test/catalog-plans-pinterest-assets/pinterest/generated_batch_28_no_button/59-91K.jpg,Готовые проекты домов,,"Проект дома №59-91K. На превью показана каноническая визуализация со страницы этого проекта на catalog-plans.ru. В карточке доступны планы этажей, фасады, размеры и характеристики. Параметры: 100 м²; 2 этажа; габариты 6×6 м; стены — газобетон; стиль — хай-тек; особенность — терраса. Откройте проект и сопоставьте планировку и габариты со своим участком до заказа.",https://catalog-plans.ru/catalog/59-91K?utm_source=pinterest&utm_medium=organic&utm_campaign=generated_house_cards_no_button_batch_28&utm_content=pin_5264_59-91k_site&utm_term=gotovye-proekty-domov,,"проект дома 59-91K, проект №59-91K, Готовые проекты домов, готовый проект дома, планировка дома, фасады дома, дом с размерами, визуализация дома, дом 100 м², дом газобетон, дом хай-тек, дом терраса, catalog-plans.ru"
Дом №59-92E: посмотреть проект целиком,https://raw.githubusercontent.com/nemchenik/test/catalog-plans-pinterest-assets/pinterest/generated_batch_28_no_button/59-92E.jpg,Готовые проекты домов,,"Проект дома №59-92E. На превью показана каноническая визуализация со страницы этого проекта на catalog-plans.ru. В карточке доступны планы этажей, фасады, размеры и характеристики. Параметры: 100 м²; 2 этажа; габариты 6×6 м; стены — газобетон; стиль — хай-тек; особенность — терраса. Откройте проект и сопоставьте планировку и габариты со своим участком до заказа.",https://catalog-plans.ru/catalog/59-92E?utm_source=pinterest&utm_medium=organic&utm_campaign=generated_house_cards_no_button_batch_28&utm_content=pin_5265_59-92e_facades&utm_term=gotovye-proekty-domov,,"проект дома 59-92E, проект №59-92E, Готовые проекты домов, готовый проект дома, планировка дома, фасады дома, дом с размерами, визуализация дома, дом 100 м², дом газобетон, дом хай-тек, дом терраса, catalog-plans.ru"
Проект дома №59-93HL: сравнить перед выбором,https://raw.githubusercontent.com/nemchenik/test/catalog-plans-pinterest-assets/pinterest/generated_batch_28_no_button/59-93HL.jpg,Фасады домов,,"Проект дома №59-93HL. На превью показана каноническая визуализация со страницы этого проекта на catalog-plans.ru. В карточке доступны планы этажей, фасады, размеры и характеристики. Параметры: 100 м²; 2 этажа; габариты 6×6 м; стены — газобетон; стиль — хай-тек; особенность — терраса. Откройте проект и сопоставьте планировку и габариты со своим участком до заказа.",https://catalog-plans.ru/catalog/59-93HL?utm_source=pinterest&utm_medium=organic&utm_campaign=generated_house_cards_no_button_batch_28&utm_content=pin_5266_59-93hl_estimate&utm_term=fasady-domov,,"проект дома 59-93HL, проект №59-93HL, Фасады домов, готовый проект дома, планировка дома, фасады дома, дом с размерами, визуализация дома, дом 100 м², дом газобетон, дом хай-тек, дом терраса, catalog-plans.ru"
"Дом №59-98AK: фасады, этажи и характеристики",https://raw.githubusercontent.com/nemchenik/test/catalog-plans-pinterest-assets/pinterest/generated_batch_28_no_button/59-98AK.jpg,Дома до 120 м²,,"Проект дома №59-98AK. На превью показана каноническая визуализация со страницы этого проекта на catalog-plans.ru. В карточке доступны планы этажей, фасады, размеры и характеристики. Параметры: 100 м²; 2 этажа; габариты 6×6 м; стены — газобетон; стиль — хай-тек; особенность — терраса. Откройте проект и сопоставьте планировку и габариты со своим участком до заказа.",https://catalog-plans.ru/catalog/59-98AK?utm_source=pinterest&utm_medium=organic&utm_campaign=generated_house_cards_no_button_batch_28&utm_content=pin_5267_59-98ak_changes&utm_term=doma-do-120-m,,"проект дома 59-98AK, проект №59-98AK, Дома до 120 м², готовый проект дома, планировка дома, фасады дома, дом с размерами, визуализация дома, дом 100 м², дом газобетон, дом хай-тек, дом терраса, catalog-plans.ru"
"Проект дома №60-13: планы, фасады и размеры",https://raw.githubusercontent.com/nemchenik/test/catalog-plans-pinterest-assets/pinterest/generated_batch_28_no_button/60-13.jpg,Дома в стиле хай-тек,,"Проект дома №60-13. На превью показана каноническая визуализация со страницы этого проекта на catalog-plans.ru. В карточке доступны планы этажей, фасады, размеры и характеристики. Параметры: 100 м²; 2 этажа; габариты 6×6 м; стены — газобетон; стиль — хай-тек; особенность — терраса. Откройте проект и сопоставьте планировку и габариты со своим участком до заказа.",https://catalog-plans.ru/catalog/60-13?utm_source=pinterest&utm_medium=organic&utm_campaign=generated_house_cards_no_button_batch_28&utm_content=pin_5268_60-13_plans&utm_term=doma-v-stile-hay-tek,,"проект дома 60-13, проект №60-13, Дома в стиле хай-тек, готовый проект дома, планировка дома, фасады дома, дом с размерами, визуализация дома, дом 100 м², дом газобетон, дом хай-тек, дом терраса, catalog-plans.ru"
Дом №60-42: проверить параметры проекта,https://raw.githubusercontent.com/nemchenik/test/catalog-plans-pinterest-assets/pinterest/generated_batch_28_no_button/60-42.jpg,Дома в стиле хай-тек,,"Проект дома №60-42. На превью показана каноническая визуализация со страницы этого проекта на catalog-plans.ru. В карточке доступны планы этажей, фасады, размеры и характеристики. Параметры: 100 м²; 2 этажа; габариты 6×6 м; стены — газобетон; стиль — хай-тек; особенность — терраса. Откройте проект и сопоставьте планировку и габариты со своим участком до заказа.",https://catalog-plans.ru/catalog/60-42?utm_source=pinterest&utm_medium=organic&utm_campaign=generated_house_cards_no_button_batch_28&utm_content=pin_5269_60-42_compare&utm_term=doma-v-stile-hay-tek,,"проект дома 60-42, проект №60-42, Дома в стиле хай-тек, готовый проект дома, планировка дома, фасады дома, дом с размерами, визуализация дома, дом 100 м², дом газобетон, дом хай-тек, дом терраса, catalog-plans.ru"
Проект №60-55: габариты и планировка дома,https://raw.githubusercontent.com/nemchenik/test/catalog-plans-pinterest-assets/pinterest/generated_batch_28_no_button/60-55.jpg,Дома в стиле хай-тек,,"Проект дома №60-55. На превью показана каноническая визуализация со страницы этого проекта на catalog-plans.ru. В карточке доступны планы этажей, фасады, размеры и характеристики. Параметры: 100 м²; 2 этажа; габариты 6×6 м; стены — газобетон; стиль — хай-тек; особенность — терраса. Откройте проект и сопоставьте планировку и габариты со своим участком до заказа.",https://catalog-plans.ru/catalog/60-55?utm_source=pinterest&utm_medium=organic&utm_campaign=generated_house_cards_no_button_batch_28&utm_content=pin_5270_60-55_site&utm_term=doma-v-stile-hay-tek,,"проект дома 60-55, проект №60-55, Дома в стиле хай-тек, готовый проект дома, планировка дома, фасады дома, дом с размерами, визуализация дома, дом 100 м², дом газобетон, дом хай-тек, дом терраса, catalog-plans.ru"
Дом №60-63A: посмотреть проект целиком,https://raw.githubusercontent.com/nemchenik/test/catalog-plans-pinterest-assets/pinterest/generated_batch_28_no_button/60-63A.jpg,Проекты домов с визуализациями,,"Проект дома №60-63A. На превью показана каноническая визуализация со страницы этого проекта на catalog-plans.ru. В карточке доступны планы этажей, фасады, размеры и характеристики. Параметры: 100 м²; 2 этажа; габариты 6×6 м; стены — газобетон; стиль — хай-тек; особенность — терраса. Откройте проект и сопоставьте планировку и габариты со своим участком до заказа.",https://catalog-plans.ru/catalog/60-63A?utm_source=pinterest&utm_medium=organic&utm_campaign=generated_house_cards_no_button_batch_28&utm_content=pin_5271_60-63a_facades&utm_term=proekty-domov-s-vizualizaciyami,,"проект дома 60-63A, проект №60-63A, Проекты домов с визуализациями, готовый проект дома, планировка дома, фасады дома, дом с размерами, визуализация дома, дом 100 м², дом газобетон, дом хай-тек, дом терраса, catalog-plans.ru"
Проект дома №61-23D: сравнить перед выбором,https://raw.githubusercontent.com/nemchenik/test/catalog-plans-pinterest-assets/pinterest/generated_batch_28_no_button/61-23D.jpg,Дома до 120 м²,,"Проект дома №61-23D. На превью показана каноническая визуализация со страницы этого проекта на catalog-plans.ru. В карточке доступны планы этажей, фасады, размеры и характеристики. Параметры: 100 м²; 2 этажа; габариты 6×6 м; стены — газобетон; стиль — хай-тек; особенность — терраса. Откройте проект и сопоставьте планировку и габариты со своим участком до заказа.",https://catalog-plans.ru/catalog/61-23D?utm_source=pinterest&utm_medium=organic&utm_campaign=generated_house_cards_no_button_batch_28&utm_content=pin_5272_61-23d_estimate&utm_term=doma-do-120-m,,"проект дома 61-23D, проект №61-23D, Дома до 120 м², готовый проект дома, планировка дома, фасады дома, дом с размерами, визуализация дома, дом 100 м², дом газобетон, дом хай-тек, дом терраса, catalog-plans.ru"
"Дом №61-24: фасады, этажи и характеристики",https://raw.githubusercontent.com/nemchenik/test/catalog-plans-pinterest-assets/pinterest/generated_batch_28_no_button/61-24.jpg,Проекты домов с визуализациями,,"Проект дома №61-24. На превью показана каноническая визуализация со страницы этого проекта на catalog-plans.ru. В карточке доступны планы этажей, фасады, размеры и характеристики. Параметры: 100 м²; 2 этажа; габариты 6×6 м; стены — газобетон; стиль — хай-тек; особенность — терраса. Откройте проект и сопоставьте планировку и габариты со своим участком до заказа.",https://catalog-plans.ru/catalog/61-24?utm_source=pinterest&utm_medium=organic&utm_campaign=generated_house_cards_no_button_batch_28&utm_content=pin_5273_61-24_changes&utm_term=proekty-domov-s-vizualizaciyami,,"проект дома 61-24, проект №61-24, Проекты домов с визуализациями, готовый проект дома, планировка дома, фасады дома, дом с размерами, визуализация дома, дом 100 м², дом газобетон, дом хай-тек, дом терраса, catalog-plans.ru"
"Проект дома №61-37: планы, фасады и размеры",https://raw.githubusercontent.com/nemchenik/test/catalog-plans-pinterest-assets/pinterest/generated_batch_28_no_button/61-37.jpg,Проекты домов с визуализациями,,"Проект дома №61-37. На превью показана каноническая визуализация со страницы этого проекта на catalog-plans.ru. В карточке доступны планы этажей, фасады, размеры и характеристики. Параметры: 100 м²; 1 этаж; габариты 6×6 м; стены — газобетон; стиль — хай-тек; особенность — терраса. Откройте проект и сопоставьте планировку и габариты со своим участком до заказа.",https://catalog-plans.ru/catalog/61-37?utm_source=pinterest&utm_medium=organic&utm_campaign=generated_house_cards_no_button_batch_28&utm_content=pin_5274_61-37_plans&utm_term=proekty-domov-s-vizualizaciyami,,"проект дома 61-37, проект №61-37, Проекты домов с визуализациями, готовый проект дома, планировка дома, фасады дома, дом с размерами, визуализация дома, дом 100 м², дом газобетон, дом хай-тек, дом терраса, catalog-plans.ru"
Дом №62-04: проверить параметры проекта,https://raw.githubusercontent.com/nemchenik/test/catalog-plans-pinterest-assets/pinterest/generated_batch_28_no_button/62-04.jpg,Дома из газобетона,,"Проект дома №62-04. На превью показана каноническая визуализация со страницы этого проекта на catalog-plans.ru. В карточке доступны планы этажей, фасады, размеры и характеристики. Параметры: 100 м²; 1 этаж; габариты 6×6 м; стены — газобетон; стиль — хай-тек; особенность — терраса. Откройте проект и сопоставьте планировку и габариты со своим участком до заказа.",https://catalog-plans.ru/catalog/62-04?utm_source=pinterest&utm_medium=organic&utm_campaign=generated_house_cards_no_button_batch_28&utm_content=pin_5275_62-04_compare&utm_term=doma-iz-gazobetona,,"проект дома 62-04, проект №62-04, Дома из газобетона, готовый проект дома, планировка дома, фасады дома, дом с размерами, визуализация дома, дом 100 м², дом газобетон, дом хай-тек, дом терраса, catalog-plans.ru"
Проект №62-07ABE: габариты и планировка дома,https://raw.githubusercontent.com/nemchenik/test/catalog-plans-pinterest-assets/pinterest/generated_batch_28_no_button/62-07ABE.jpg,Дома из газобетона,,"Проект дома №62-07ABE. На превью показана каноническая визуализация со страницы этого проекта на catalog-plans.ru. В карточке доступны планы этажей, фасады, размеры и характеристики. Параметры: 100 м²; 2 этажа; габариты 6×6 м; стены — газобетон; стиль — хай-тек; особенность — терраса. Откройте проект и сопоставьте планировку и габариты со своим участком до заказа.",https://catalog-plans.ru/catalog/62-07ABE?utm_source=pinterest&utm_medium=organic&utm_campaign=generated_house_cards_no_button_batch_28&utm_content=pin_5276_62-07abe_site&utm_term=doma-iz-gazobetona,,"проект дома 62-07ABE, проект №62-07ABE, Дома из газобетона, готовый проект дома, планировка дома, фасады дома, дом с размерами, визуализация дома, дом 100 м², дом газобетон, дом хай-тек, дом терраса, catalog-plans.ru"
Дом №62-20B: посмотреть проект целиком,https://raw.githubusercontent.com/nemchenik/test/catalog-plans-pinterest-assets/pinterest/generated_batch_28_no_button/62-20B.jpg,Проекты домов с визуализациями,,"Проект дома №62-20B. На превью показана каноническая визуализация со страницы этого проекта на catalog-plans.ru. В карточке доступны планы этажей, фасады, размеры и характеристики. Параметры: 100 м²; 2 этажа; габариты 6×6 м; стены — газобетон; стиль — хай-тек; особенность — терраса. Откройте проект и сопоставьте планировку и габариты со своим участком до заказа.",https://catalog-plans.ru/catalog/62-20B?utm_source=pinterest&utm_medium=organic&utm_campaign=generated_house_cards_no_button_batch_28&utm_content=pin_5277_62-20b_facades&utm_term=proekty-domov-s-vizualizaciyami,,"проект дома 62-20B, проект №62-20B, Проекты домов с визуализациями, готовый проект дома, планировка дома, фасады дома, дом с размерами, визуализация дома, дом 100 м², дом газобетон, дом хай-тек, дом терраса, catalog-plans.ru"
Проект дома №62-36L: сравнить перед выбором,https://raw.githubusercontent.com/nemchenik/test/catalog-plans-pinterest-assets/pinterest/generated_batch_28_no_button/62-36L.jpg,Дома до 120 м²,,"Проект дома №62-36L. На превью показана каноническая визуализация со страницы этого проекта на catalog-plans.ru. В карточке доступны планы этажей, фасады, размеры и характеристики. Параметры: 100 м²; 3 этажа; габариты 6×6 м; стены — газобетон; стиль — хай-тек; особенность — терраса. Откройте проект и сопоставьте планировку и габариты со своим участком до заказа.",https://catalog-plans.ru/catalog/62-36L?utm_source=pinterest&utm_medium=organic&utm_campaign=generated_house_cards_no_button_batch_28&utm_content=pin_5278_62-36l_estimate&utm_term=doma-do-120-m,,"проект дома 62-36L, проект №62-36L, Дома до 120 м², готовый проект дома, планировка дома, фасады дома, дом с размерами, визуализация дома, дом 100 м², дом газобетон, дом хай-тек, дом терраса, catalog-plans.ru"
"Дом №62-65: фасады, этажи и характеристики",https://raw.githubusercontent.com/nemchenik/test/catalog-plans-pinterest-assets/pinterest/generated_batch_28_no_button/62-65.jpg,Дома в стиле хай-тек,,"Проект дома №62-65. На превью показана каноническая визуализация со страницы этого проекта на catalog-plans.ru. В карточке доступны планы этажей, фасады, размеры и характеристики. Параметры: 100 м²; 2 этажа; габариты 6×6 м; стены — газобетон; стиль — хай-тек; особенность — терраса. Откройте проект и сопоставьте планировку и габариты со своим участком до заказа.",https://catalog-plans.ru/catalog/62-65?utm_source=pinterest&utm_medium=organic&utm_campaign=generated_house_cards_no_button_batch_28&utm_content=pin_5279_62-65_changes&utm_term=doma-v-stile-hay-tek,,"проект дома 62-65, проект №62-65, Дома в стиле хай-тек, готовый проект дома, планировка дома, фасады дома, дом с размерами, визуализация дома, дом 100 м², дом газобетон, дом хай-тек, дом терраса, catalog-plans.ru"
"Проект дома №62-71D: планы, фасады и размеры",https://raw.githubusercontent.com/nemchenik/test/catalog-plans-pinterest-assets/pinterest/generated_batch_28_no_button/62-71D.jpg,Фасады домов,,"Проект дома №62-71D. На превью показана каноническая визуализация со страницы этого проекта на catalog-plans.ru. В карточке доступны планы этажей, фасады, размеры и характеристики. Параметры: 100 м²; 2 этажа; габариты 6×6 м; стены — газобетон; стиль — хай-тек; особенность — терраса. Откройте проект и сопоставьте планировку и габариты со своим участком до заказа.",https://catalog-plans.ru/catalog/62-71D?utm_source=pinterest&utm_medium=organic&utm_campaign=generated_house_cards_no_button_batch_28&utm_content=pin_5280_62-71d_plans&utm_term=fasady-domov,,"проект дома 62-71D, проект №62-71D, Фасады домов, готовый проект дома, планировка дома, фасады дома, дом с размерами, визуализация дома, дом 100 м², дом газобетон, дом хай-тек, дом терраса, catalog-plans.ru"
Дом №63-05AFEK1L: проверить параметры проекта,https://raw.githubusercontent.com/nemchenik/test/catalog-plans-pinterest-assets/pinterest/generated_batch_28_no_button/63-05AFEK1L.jpg,Дома в стиле хай-тек,,"Проект дома №63-05AFEK1L. На превью показана каноническая визуализация со страницы этого проекта на catalog-plans.ru. В карточке доступны планы этажей, фасады, размеры и характеристики. Параметры: 100 м²; 2 этажа; габариты 6×6 м; стены — газобетон; стиль — хай-тек; особенность — терраса. Откройте проект и сопоставьте планировку и габариты со своим участком до заказа.",https://catalog-plans.ru/catalog/63-05AFEK1L?utm_source=pinterest&utm_medium=organic&utm_campaign=generated_house_cards_no_button_batch_28&utm_content=pin_5281_63-05afek1l_compare&utm_term=doma-v-stile-hay-tek,,"проект дома 63-05AFEK1L, проект №63-05AFEK1L, Дома в стиле хай-тек, готовый проект дома, планировка дома, фасады дома, дом с размерами, визуализация дома, дом 100 м², дом газобетон, дом хай-тек, дом терраса, catalog-plans.ru"
Проект №63-14A: габариты и планировка дома,https://raw.githubusercontent.com/nemchenik/test/catalog-plans-pinterest-assets/pinterest/generated_batch_28_no_button/63-14A.jpg,Дома с террасой,,"Проект дома №63-14A. На превью показана каноническая визуализация со страницы этого проекта на catalog-plans.ru. В карточке доступны планы этажей, фасады, размеры и характеристики. Параметры: 100 м²; 2 этажа; габариты 6×6 м; стены — газобетон; стиль — хай-тек; особенность — терраса. Откройте проект и сопоставьте планировку и габариты со своим участком до заказа.",https://catalog-plans.ru/catalog/63-14A?utm_source=pinterest&utm_medium=organic&utm_campaign=generated_house_cards_no_button_batch_28&utm_content=pin_5282_63-14a_site&utm_term=doma-s-terrasoy,,"проект дома 63-14A, проект №63-14A, Дома с террасой, готовый проект дома, планировка дома, фасады дома, дом с размерами, визуализация дома, дом 100 м², дом газобетон, дом хай-тек, дом терраса, catalog-plans.ru"
Дом №63-23: посмотреть проект целиком,https://raw.githubusercontent.com/nemchenik/test/catalog-plans-pinterest-assets/pinterest/generated_batch_28_no_button/63-23.jpg,Фасады домов,,"Проект дома №63-23. На превью показана каноническая визуализация со страницы этого проекта на catalog-plans.ru. В карточке доступны планы этажей, фасады, размеры и характеристики. Параметры: 100 м²; 2 этажа; габариты 6×6 м; стены — газобетон; стиль — хай-тек; особенность — терраса. Откройте проект и сопоставьте планировку и габариты со своим участком до заказа.",https://catalog-plans.ru/catalog/63-23?utm_source=pinterest&utm_medium=organic&utm_campaign=generated_house_cards_no_button_batch_28&utm_content=pin_5283_63-23_facades&utm_term=fasady-domov,,"проект дома 63-23, проект №63-23, Фасады домов, готовый проект дома, планировка дома, фасады дома, дом с размерами, визуализация дома, дом 100 м², дом газобетон, дом хай-тек, дом терраса, catalog-plans.ru"
Проект дома №63-44A: сравнить перед выбором,https://raw.githubusercontent.com/nemchenik/test/catalog-plans-pinterest-assets/pinterest/generated_batch_28_no_button/63-44A.jpg,Фасады домов,,"Проект дома №63-44A. На превью показана каноническая визуализация со страницы этого проекта на catalog-plans.ru. В карточке доступны планы этажей, фасады, размеры и характеристики. Параметры: 100 м²; 2 этажа; габариты 6×6 м; стены — газобетон; стиль — хай-тек; особенность — терраса. Откройте проект и сопоставьте планировку и габариты со своим участком до заказа.",https://catalog-plans.ru/catalog/63-44A?utm_source=pinterest&utm_medium=organic&utm_campaign=generated_house_cards_no_button_batch_28&utm_content=pin_5284_63-44a_estimate&utm_term=fasady-domov,,"проект дома 63-44A, проект №63-44A, Фасады домов, готовый проект дома, планировка дома, фасады дома, дом с размерами, визуализация дома, дом 100 м², дом газобетон, дом хай-тек, дом терраса, catalog-plans.ru"
"Дом №63-47AM: фасады, этажи и характеристики",https://raw.githubusercontent.com/nemchenik/test/catalog-plans-pinterest-assets/pinterest/generated_batch_28_no_button/63-47AM.jpg,Дома до 120 м²,,"Проект дома №63-47AM. На превью показана каноническая визуализация со страницы этого проекта на catalog-plans.ru. В карточке доступны планы этажей, фасады, размеры и характеристики. Параметры: 100 м²; 2 этажа; габариты 6×6 м; стены — газобетон; стиль — хай-тек; особенность — терраса. Откройте проект и сопоставьте планировку и габариты со своим участком до заказа.",https://catalog-plans.ru/catalog/63-47AM?utm_source=pinterest&utm_medium=organic&utm_campaign=generated_house_cards_no_button_batch_28&utm_content=pin_5285_63-47am_changes&utm_term=doma-do-120-m,,"проект дома 63-47AM, проект №63-47AM, Дома до 120 м², готовый проект дома, планировка дома, фасады дома, дом с размерами, визуализация дома, дом 100 м², дом газобетон, дом хай-тек, дом терраса, catalog-plans.ru"
"Проект дома №63-85: планы, фасады и размеры",https://raw.githubusercontent.com/nemchenik/test/catalog-plans-pinterest-assets/pinterest/generated_batch_28_no_button/63-85.jpg,Дома до 120 м²,,"Проект дома №63-85. На превью показана каноническая визуализация со страницы этого проекта на catalog-plans.ru. В карточке доступны планы этажей, фасады, размеры и характеристики. Параметры: 100 м²; 2 этажа; габариты 6×6 м; стены — газобетон; стиль — хай-тек; особенность — терраса. Откройте проект и сопоставьте планировку и габариты со своим участком до заказа.",https://catalog-plans.ru/catalog/63-85?utm_source=pinterest&utm_medium=organic&utm_campaign=generated_house_cards_no_button_batch_28&utm_content=pin_5286_63-85_plans&utm_term=doma-do-120-m,,"проект дома 63-85, проект №63-85, Дома до 120 м², готовый проект дома, планировка дома, фасады дома, дом с размерами, визуализация дома, дом 100 м², дом газобетон, дом хай-тек, дом терраса, catalog-plans.ru"
Дом №63-91: проверить параметры проекта,https://raw.githubusercontent.com/nemchenik/test/catalog-plans-pinterest-assets/pinterest/generated_batch_28_no_button/63-91.jpg,Дома в стиле хай-тек,,"Проект дома №63-91. На превью показана каноническая визуализация со страницы этого проекта на catalog-plans.ru. В карточке доступны планы этажей, фасады, размеры и характеристики. Параметры: 100 м²; 2 этажа; габариты 6×6 м; стены — газобетон; стиль — хай-тек; особенность — терраса. Откройте проект и сопоставьте планировку и габариты со своим участком до заказа.",https://catalog-plans.ru/catalog/63-91?utm_source=pinterest&utm_medium=organic&utm_campaign=generated_house_cards_no_button_batch_28&utm_content=pin_5287_63-91_compare&utm_term=doma-v-stile-hay-tek,,"проект дома 63-91, проект №63-91, Дома в стиле хай-тек, готовый проект дома, планировка дома, фасады дома, дом с размерами, визуализация дома, дом 100 м², дом газобетон, дом хай-тек, дом терраса, catalog-plans.ru"
Проект №64-01L: габариты и планировка дома,https://raw.githubusercontent.com/nemchenik/test/catalog-plans-pinterest-assets/pinterest/generated_batch_28_no_button/64-01L.jpg,Дома из газобетона,,"Проект дома №64-01L. На превью показана каноническая визуализация со страницы этого проекта на catalog-plans.ru. В карточке доступны планы этажей, фасады, размеры и характеристики. Параметры: 100 м²; 1 этаж; габариты 6×6 м; стены — газобетон; стиль — хай-тек; особенность — терраса. Откройте проект и сопоставьте планировку и габариты со своим участком до заказа.",https://catalog-plans.ru/catalog/64-01L?utm_source=pinterest&utm_medium=organic&utm_campaign=generated_house_cards_no_button_batch_28&utm_content=pin_5288_64-01l_site&utm_term=doma-iz-gazobetona,,"проект дома 64-01L, проект №64-01L, Дома из газобетона, готовый проект дома, планировка дома, фасады дома, дом с размерами, визуализация дома, дом 100 м², дом газобетон, дом хай-тек, дом терраса, catalog-plans.ru"
Дом №64-06: посмотреть проект целиком,https://raw.githubusercontent.com/nemchenik/test/catalog-plans-pinterest-assets/pinterest/generated_batch_28_no_button/64-06.jpg,Двухэтажные дома,,"Проект дома №64-06. На превью показана каноническая визуализация со страницы этого проекта на catalog-plans.ru. В карточке доступны планы этажей, фасады, размеры и характеристики. Параметры: 100 м²; 2 этажа; габариты 6×6 м; стены — газобетон; стиль — хай-тек; особенность — терраса. Откройте проект и сопоставьте планировку и габариты со своим участком до заказа.",https://catalog-plans.ru/catalog/64-06?utm_source=pinterest&utm_medium=organic&utm_campaign=generated_house_cards_no_button_batch_28&utm_content=pin_5289_64-06_facades&utm_term=dvuhetazhnye-doma,,"проект дома 64-06, проект №64-06, Двухэтажные дома, готовый проект дома, планировка дома, фасады дома, дом с размерами, визуализация дома, дом 100 м², дом газобетон, дом хай-тек, дом терраса, catalog-plans.ru"
Проект дома №64-12M: сравнить перед выбором,https://raw.githubusercontent.com/nemchenik/test/catalog-plans-pinterest-assets/pinterest/generated_batch_28_no_button/64-12M.jpg,Проекты домов с визуализациями,,"Проект дома №64-12M. На превью показана каноническая визуализация со страницы этого проекта на catalog-plans.ru. В карточке доступны планы этажей, фасады, размеры и характеристики. Параметры: 100 м²; 2 этажа; габариты 6×6 м; стены — газобетон; стиль — хай-тек; особенность — терраса. Откройте проект и сопоставьте планировку и габариты со своим участком до заказа.",https://catalog-plans.ru/catalog/64-12M?utm_source=pinterest&utm_medium=organic&utm_campaign=generated_house_cards_no_button_batch_28&utm_content=pin_5290_64-12m_estimate&utm_term=proekty-domov-s-vizualizaciyami,,"проект дома 64-12M, проект №64-12M, Проекты домов с визуализациями, готовый проект дома, планировка дома, фасады дома, дом с размерами, визуализация дома, дом 100 м², дом газобетон, дом хай-тек, дом терраса, catalog-plans.ru"
"Дом №64-21L: фасады, этажи и характеристики",https://raw.githubusercontent.com/nemchenik/test/catalog-plans-pinterest-assets/pinterest/generated_batch_28_no_button/64-21L.jpg,Проекты домов с визуализациями,,"Проект дома №64-21L. На превью показана каноническая визуализация со страницы этого проекта на catalog-plans.ru. В карточке доступны планы этажей, фасады, размеры и характеристики. Параметры: 100 м²; 2 этажа; габариты 6×6 м; стены — газобетон; стиль — хай-тек; особенность — терраса. Откройте проект и сопоставьте планировку и габариты со своим участком до заказа.",https://catalog-plans.ru/catalog/64-21L?utm_source=pinterest&utm_medium=organic&utm_campaign=generated_house_cards_no_button_batch_28&utm_content=pin_5291_64-21l_changes&utm_term=proekty-domov-s-vizualizaciyami,,"проект дома 64-21L, проект №64-21L, Проекты домов с визуализациями, готовый проект дома, планировка дома, фасады дома, дом с размерами, визуализация дома, дом 100 м², дом газобетон, дом хай-тек, дом терраса, catalog-plans.ru"
"Проект дома №64-22: планы, фасады и размеры",https://raw.githubusercontent.com/nemchenik/test/catalog-plans-pinterest-assets/pinterest/generated_batch_28_no_button/64-22.jpg,Дома с террасой,,"Проект дома №64-22. На превью показана каноническая визуализация со страницы этого проекта на catalog-plans.ru. В карточке доступны планы этажей, фасады, размеры и характеристики. Параметры: 100 м²; 2 этажа; габариты 6×6 м; стены — газобетон; стиль — хай-тек; особенность — терраса. Откройте проект и сопоставьте планировку и габариты со своим участком до заказа.",https://catalog-plans.ru/catalog/64-22?utm_source=pinterest&utm_medium=organic&utm_campaign=generated_house_cards_no_button_batch_28&utm_content=pin_5292_64-22_plans&utm_term=doma-s-terrasoy,,"проект дома 64-22, проект №64-22, Дома с террасой, готовый проект дома, планировка дома, фасады дома, дом с размерами, визуализация дома, дом 100 м², дом газобетон, дом хай-тек, дом терраса, catalog-plans.ru"
Дом №64-26A: проверить параметры проекта,https://raw.githubusercontent.com/nemchenik/test/catalog-plans-pinterest-assets/pinterest/generated_batch_28_no_button/64-26A.jpg,Одноэтажные дома,,"Проект дома №64-26A. На превью показана каноническая визуализация со страницы этого проекта на catalog-plans.ru. В карточке доступны планы этажей, фасады, размеры и характеристики. Параметры: 100 м²; 1 этаж; габариты 6×6 м; стены — газобетон; стиль — хай-тек; особенность — терраса. Откройте проект и сопоставьте планировку и габариты со своим участком до заказа.",https://catalog-plans.ru/catalog/64-26A?utm_source=pinterest&utm_medium=organic&utm_campaign=generated_house_cards_no_button_batch_28&utm_content=pin_5293_64-26a_compare&utm_term=odnoetazhnye-doma,,"проект дома 64-26A, проект №64-26A, Одноэтажные дома, готовый проект дома, планировка дома, фасады дома, дом с размерами, визуализация дома, дом 100 м², дом газобетон, дом хай-тек, дом терраса, catalog-plans.ru"
Проект №64-82A: габариты и планировка дома,https://raw.githubusercontent.com/nemchenik/test/catalog-plans-pinterest-assets/pinterest/generated_batch_28_no_button/64-82A.jpg,Готовые проекты домов,,"Проект дома №64-82A. На превью показана каноническая визуализация со страницы этого проекта на catalog-plans.ru. В карточке доступны планы этажей, фасады, размеры и характеристики. Параметры: 100 м²; 2 этажа; габариты 6×6 м; стены — газобетон; стиль — хай-тек; особенность — терраса. Откройте проект и сопоставьте планировку и габариты со своим участком до заказа.",https://catalog-plans.ru/catalog/64-82A?utm_source=pinterest&utm_medium=organic&utm_campaign=generated_house_cards_no_button_batch_28&utm_content=pin_5294_64-82a_site&utm_term=gotovye-proekty-domov,,"проект дома 64-82A, проект №64-82A, Готовые проекты домов, готовый проект дома, планировка дома, фасады дома, дом с размерами, визуализация дома, дом 100 м², дом газобетон, дом хай-тек, дом терраса, catalog-plans.ru"
Дом №65-05: посмотреть проект целиком,https://raw.githubusercontent.com/nemchenik/test/catalog-plans-pinterest-assets/pinterest/generated_batch_28_no_button/65-05.jpg,Фасады домов,,"Проект дома №65-05. На превью показана каноническая визуализация со страницы этого проекта на catalog-plans.ru. В карточке доступны планы этажей, фасады, размеры и характеристики. Параметры: 100 м²; 2 этажа; габариты 6×6 м; стены — газобетон; стиль — хай-тек; особенность — терраса. Откройте проект и сопоставьте планировку и габариты со своим участком до заказа.",https://catalog-plans.ru/catalog/65-05?utm_source=pinterest&utm_medium=organic&utm_campaign=generated_house_cards_no_button_batch_28&utm_content=pin_5295_65-05_facades&utm_term=fasady-domov,,"проект дома 65-05, проект №65-05, Фасады домов, готовый проект дома, планировка дома, фасады дома, дом с размерами, визуализация дома, дом 100 м², дом газобетон, дом хай-тек, дом терраса, catalog-plans.ru"
Проект дома №65-16: сравнить перед выбором,https://raw.githubusercontent.com/nemchenik/test/catalog-plans-pinterest-assets/pinterest/generated_batch_28_no_button/65-16.jpg,Одноэтажные дома,,"Проект дома №65-16. На превью показана каноническая визуализация со страницы этого проекта на catalog-plans.ru. В карточке доступны планы этажей, фасады, размеры и характеристики. Параметры: 100 м²; 1 этаж; габариты 6×6 м; стены — газобетон; стиль — хай-тек; особенность — терраса. Откройте проект и сопоставьте планировку и габариты со своим участком до заказа.",https://catalog-plans.ru/catalog/65-16?utm_source=pinterest&utm_medium=organic&utm_campaign=generated_house_cards_no_button_batch_28&utm_content=pin_5296_65-16_estimate&utm_term=odnoetazhnye-doma,,"проект дома 65-16, проект №65-16, Одноэтажные дома, готовый проект дома, планировка дома, фасады дома, дом с размерами, визуализация дома, дом 100 м², дом газобетон, дом хай-тек, дом терраса, catalog-plans.ru"
"Дом №65-24: фасады, этажи и характеристики",https://raw.githubusercontent.com/nemchenik/test/catalog-plans-pinterest-assets/pinterest/generated_batch_28_no_button/65-24.jpg,Дома с террасой,,"Проект дома №65-24. На превью показана каноническая визуализация со страницы этого проекта на catalog-plans.ru. В карточке доступны планы этажей, фасады, размеры и характеристики. Параметры: 100 м²; 1 этаж; габариты 6×6 м; стены — газобетон; стиль — хай-тек; особенность — терраса. Откройте проект и сопоставьте планировку и габариты со своим участком до заказа.",https://catalog-plans.ru/catalog/65-24?utm_source=pinterest&utm_medium=organic&utm_campaign=generated_house_cards_no_button_batch_28&utm_content=pin_5297_65-24_changes&utm_term=doma-s-terrasoy,,"проект дома 65-24, проект №65-24, Дома с террасой, готовый проект дома, планировка дома, фасады дома, дом с размерами, визуализация дома, дом 100 м², дом газобетон, дом хай-тек, дом терраса, catalog-plans.ru"
"Проект дома №65-66: планы, фасады и размеры",https://raw.githubusercontent.com/nemchenik/test/catalog-plans-pinterest-assets/pinterest/generated_batch_28_no_button/65-66.jpg,Дома в стиле хай-тек,,"Проект дома №65-66. На превью показана каноническая визуализация со страницы этого проекта на catalog-plans.ru. В карточке доступны планы этажей, фасады, размеры и характеристики. Параметры: 100 м²; 2 этажа; габариты 6×6 м; стены — газобетон; стиль — хай-тек; особенность — терраса. Откройте проект и сопоставьте планировку и габариты со своим участком до заказа.",https://catalog-plans.ru/catalog/65-66?utm_source=pinterest&utm_medium=organic&utm_campaign=generated_house_cards_no_button_batch_28&utm_content=pin_5298_65-66_plans&utm_term=doma-v-stile-hay-tek,,"проект дома 65-66, проект №65-66, Дома в стиле хай-тек, готовый проект дома, планировка дома, фасады дома, дом с размерами, визуализация дома, дом 100 м², дом газобетон, дом хай-тек, дом терраса, catalog-plans.ru"
Дом №66-03: проверить параметры проекта,https://raw.githubusercontent.com/nemchenik/test/catalog-plans-pinterest-assets/pinterest/generated_batch_28_no_button/66-03.jpg,Готовые проекты домов,,"Проект дома №66-03. На превью показана каноническая визуализация со страницы этого проекта на catalog-plans.ru. В карточке доступны планы этажей, фасады, размеры и характеристики. Параметры: 100 м²; 2 этажа; габариты 6×6 м; стены — газобетон; стиль — хай-тек; особенность — терраса. Откройте проект и сопоставьте планировку и габариты со своим участком до заказа.",https://catalog-plans.ru/catalog/66-03?utm_source=pinterest&utm_medium=organic&utm_campaign=generated_house_cards_no_button_batch_28&utm_content=pin_5299_66-03_compare&utm_term=gotovye-proekty-domov,,"проект дома 66-03, проект №66-03, Готовые проекты домов, готовый проект дома, планировка дома, фасады дома, дом с размерами, визуализация дома, дом 100 м², дом газобетон, дом хай-тек, дом терраса, catalog-plans.ru"
Проект №67-04: габариты и планировка дома,https://raw.githubusercontent.com/nemchenik/test/catalog-plans-pinterest-assets/pinterest/generated_batch_28_no_button/67-04.jpg,Фасады домов,,"Проект дома №67-04. На превью показана каноническая визуализация со страницы этого проекта на catalog-plans.ru. В карточке доступны планы этажей, фасады, размеры и характеристики. Параметры: 100 м²; 2 этажа; габариты 6×6 м; стены — газобетон; стиль — хай-тек; особенность — терраса. Откройте проект и сопоставьте планировку и габариты со своим участком до заказа.",https://catalog-plans.ru/catalog/67-04?utm_source=pinterest&utm_medium=organic&utm_campaign=generated_house_cards_no_button_batch_28&utm_content=pin_5300_67-04_site&utm_term=fasady-domov,,"проект дома 67-04, проект №67-04, Фасады домов, готовый проект дома, планировка дома, фасады дома, дом с размерами, визуализация дома, дом 100 м², дом газобетон, дом хай-тек, дом терраса, catalog-plans.ru"
Дом №68-01: посмотреть проект целиком,https://raw.githubusercontent.com/nemchenik/test/catalog-plans-pinterest-assets/pinterest/generated_batch_28_no_button/68-01.jpg,Фасады домов,,"Проект дома №68-01. На превью показана каноническая визуализация со страницы этого проекта на catalog-plans.ru. В карточке доступны планы этажей, фасады, размеры и характеристики. Параметры: 100 м²; 1 этаж; габариты 6×6 м; стены — газобетон; стиль — хай-тек; особенность — терраса. Откройте проект и сопоставьте планировку и габариты со своим участком до заказа.",https://catalog-plans.ru/catalog/68-01?utm_source=pinterest&utm_medium=organic&utm_campaign=generated_house_cards_no_button_batch_28&utm_content=pin_5301_68-01_facades&utm_term=fasady-domov,,"проект дома 68-01, проект №68-01, Фасады домов, готовый проект дома, планировка дома, фасады дома, дом с размерами, визуализация дома, дом 100 м², дом газобетон, дом хай-тек, дом терраса, catalog-plans.ru"
Проект дома №68-64: сравнить перед выбором,https://raw.githubusercontent.com/nemchenik/test/catalog-plans-pinterest-assets/pinterest/generated_batch_28_no_button/68-64.jpg,Готовые проекты домов,,"Проект дома №68-64. На превью показана каноническая визуализация со страницы этого проекта на catalog-plans.ru. В карточке доступны планы этажей, фасады, размеры и характеристики. Параметры: 100 м²; 1 этаж; габариты 6×6 м; стены — газобетон; стиль — хай-тек; особенность — терраса. Откройте проект и сопоставьте планировку и габариты со своим участком до заказа.",https://catalog-plans.ru/catalog/68-64?utm_source=pinterest&utm_medium=organic&utm_campaign=generated_house_cards_no_button_batch_28&utm_content=pin_5302_68-64_estimate&utm_term=gotovye-proekty-domov,,"проект дома 68-64, проект №68-64, Готовые проекты домов, готовый проект дома, планировка дома, фасады дома, дом с размерами, визуализация дома, дом 100 м², дом газобетон, дом хай-тек, дом терраса, catalog-plans.ru"
"Дом №68-67: фасады, этажи и характеристики",https://raw.githubusercontent.com/nemchenik/test/catalog-plans-pinterest-assets/pinterest/generated_batch_28_no_button/68-67.jpg,Дома с террасой,,"Проект дома №68-67. На превью показана каноническая визуализация со страницы этого проекта на catalog-plans.ru. В карточке доступны планы этажей, фасады, размеры и характеристики. Параметры: 100 м²; 3 этажа; габариты 6×6 м; стены — газобетон; стиль — хай-тек; особенность — терраса. Откройте проект и сопоставьте планировку и габариты со своим участком до заказа.",https://catalog-plans.ru/catalog/68-67?utm_source=pinterest&utm_medium=organic&utm_campaign=generated_house_cards_no_button_batch_28&utm_content=pin_5303_68-67_changes&utm_term=doma-s-terrasoy,,"проект дома 68-67, проект №68-67, Дома с террасой, готовый проект дома, планировка дома, фасады дома, дом с размерами, визуализация дома, дом 100 м², дом газобетон, дом хай-тек, дом терраса, catalog-plans.ru"
"Проект дома №68-73: планы, фасады и размеры",https://raw.githubusercontent.com/nemchenik/test/catalog-plans-pinterest-assets/pinterest/generated_batch_28_no_button/68-73.jpg,Дома в стиле хай-тек,,"Проект дома №68-73. На превью показана каноническая визуализация со страницы этого проекта на catalog-plans.ru. В карточке доступны планы этажей, фасады, размеры и характеристики. Параметры: 100 м²; 2 этажа; габариты 6×6 м; стены — газобетон; стиль — хай-тек; особенность — терраса. Откройте проект и сопоставьте планировку и габариты со своим участком до заказа.",https://catalog-plans.ru/catalog/68-73?utm_source=pinterest&utm_medium=organic&utm_campaign=generated_house_cards_no_button_batch_28&utm_content=pin_5304_68-73_plans&utm_term=doma-v-stile-hay-tek,,"проект дома 68-73, проект №68-73, Дома в стиле хай-тек, готовый проект дома, планировка дома, фасады дома, дом с размерами, визуализация дома, дом 100 м², дом газобетон, дом хай-тек, дом терраса, catalog-plans.ru"
Дом №68-76: проверить параметры проекта,https://raw.githubusercontent.com/nemchenik/test/catalog-plans-pinterest-assets/pinterest/generated_batch_28_no_button/68-76.jpg,Готовые проекты домов,,"Проект дома №68-76. На превью показана каноническая визуализация со страницы этого проекта на catalog-plans.ru. В карточке доступны планы этажей, фасады, размеры и характеристики. Параметры: 100 м²; 1 этаж; габариты 6×6 м; стены — газобетон; стиль — хай-тек; особенность — терраса. Откройте проект и сопоставьте планировку и габариты со своим участком до заказа.",https://catalog-plans.ru/catalog/68-76?utm_source=pinterest&utm_medium=organic&utm_campaign=generated_house_cards_no_button_batch_28&utm_content=pin_5305_68-76_compare&utm_term=gotovye-proekty-domov,,"проект дома 68-76, проект №68-76, Готовые проекты домов, готовый проект дома, планировка дома, фасады дома, дом с размерами, визуализация дома, дом 100 м², дом газобетон, дом хай-тек, дом терраса, catalog-plans.ru"
Проект №69-13L: габариты и планировка дома,https://raw.githubusercontent.com/nemchenik/test/catalog-plans-pinterest-assets/pinterest/generated_batch_28_no_button/69-13L.jpg,Дома из газобетона,,"Проект дома №69-13L. На превью показана каноническая визуализация со страницы этого проекта на catalog-plans.ru. В карточке доступны планы этажей, фасады, размеры и характеристики. Параметры: 100 м²; 2 этажа; габариты 6×6 м; стены — газобетон; стиль — хай-тек; особенность — терраса. Откройте проект и сопоставьте планировку и габариты со своим участком до заказа.",https://catalog-plans.ru/catalog/69-13L?utm_source=pinterest&utm_medium=organic&utm_campaign=generated_house_cards_no_button_batch_28&utm_content=pin_5306_69-13l_site&utm_term=doma-iz-gazobetona,,"проект дома 69-13L, проект №69-13L, Дома из газобетона, готовый проект дома, планировка дома, фасады дома, дом с размерами, визуализация дома, дом 100 м², дом газобетон, дом хай-тек, дом терраса, catalog-plans.ru"
Дом №70-17: посмотреть проект целиком,https://raw.githubusercontent.com/nemchenik/test/catalog-plans-pinterest-assets/pinterest/generated_batch_28_no_button/70-17.jpg,Дома с террасой,,"Проект дома №70-17. На превью показана каноническая визуализация со страницы этого проекта на catalog-plans.ru. В карточке доступны планы этажей, фасады, размеры и характеристики. Параметры: 100 м²; 2 этажа; габариты 6×6 м; стены — газобетон; стиль — хай-тек; особенность — терраса. Откройте проект и сопоставьте планировку и габариты со своим участком до заказа.",https://catalog-plans.ru/catalog/70-17?utm_source=pinterest&utm_medium=organic&utm_campaign=generated_house_cards_no_button_batch_28&utm_content=pin_5307_70-17_facades&utm_term=doma-s-terrasoy,,"проект дома 70-17, проект №70-17, Дома с террасой, готовый проект дома, планировка дома, фасады дома, дом с размерами, визуализация дома, дом 100 м², дом газобетон, дом хай-тек, дом терраса, catalog-plans.ru"
Проект дома №70-85A: сравнить перед выбором,https://raw.githubusercontent.com/nemchenik/test/catalog-plans-pinterest-assets/pinterest/generated_batch_28_no_button/70-85A.jpg,Одноэтажные дома,,"Проект дома №70-85A. На превью показана каноническая визуализация со страницы этого проекта на catalog-plans.ru. В карточке доступны планы этажей, фасады, размеры и характеристики. Параметры: 100 м²; 1 этаж; габариты 6×6 м; стены — газобетон; стиль — хай-тек; особенность — терраса. Откройте проект и сопоставьте планировку и габариты со своим участком до заказа.",https://catalog-plans.ru/catalog/70-85A?utm_source=pinterest&utm_medium=organic&utm_campaign=generated_house_cards_no_button_batch_28&utm_content=pin_5308_70-85a_estimate&utm_term=odnoetazhnye-doma,,"проект дома 70-85A, проект №70-85A, Одноэтажные дома, готовый проект дома, планировка дома, фасады дома, дом с размерами, визуализация дома, дом 100 м², дом газобетон, дом хай-тек, дом терраса, catalog-plans.ru"
"Дом №80-04: фасады, этажи и характеристики",https://raw.githubusercontent.com/nemchenik/test/catalog-plans-pinterest-assets/pinterest/generated_batch_28_no_button/80-04.jpg,Дома в стиле хай-тек,,"Проект дома №80-04. На превью показана каноническая визуализация со страницы этого проекта на catalog-plans.ru. В карточке доступны планы этажей, фасады, размеры и характеристики. Параметры: 100 м²; 2 этажа; габариты 6×6 м; стены — газобетон; стиль — хай-тек; особенность — терраса. Откройте проект и сопоставьте планировку и габариты со своим участком до заказа.",https://catalog-plans.ru/catalog/80-04?utm_source=pinterest&utm_medium=organic&utm_campaign=generated_house_cards_no_button_batch_28&utm_content=pin_5309_80-04_changes&utm_term=doma-v-stile-hay-tek,,"проект дома 80-04, проект №80-04, Дома в стиле хай-тек, готовый проект дома, планировка дома, фасады дома, дом с размерами, визуализация дома, дом 100 м², дом газобетон, дом хай-тек, дом терраса, catalog-plans.ru"
"Проект дома №90-70: планы, фасады и размеры",https://raw.githubusercontent.com/nemchenik/test/catalog-plans-pinterest-assets/pinterest/generated_batch_28_no_button/90-70.jpg,Фасады домов,,"Проект дома №90-70. На превью показана каноническая визуализация со страницы этого проекта на catalog-plans.ru. В карточке доступны планы этажей, фасады, размеры и характеристики. Параметры: 100 м²; 2 этажа; габариты 6×6 м; стены — газобетон; стиль — хай-тек; особенность — терраса. Откройте проект и сопоставьте планировку и габариты со своим участком до заказа.",https://catalog-plans.ru/catalog/90-70?utm_source=pinterest&utm_medium=organic&utm_campaign=generated_house_cards_no_button_batch_28&utm_content=pin_5310_90-70_plans&utm_term=fasady-domov,,"проект дома 90-70, проект №90-70, Фасады домов, готовый проект дома, планировка дома, фасады дома, дом с размерами, визуализация дома, дом 100 м², дом газобетон, дом хай-тек, дом терраса, catalog-plans.ru"
Дом №92-30L: проверить параметры проекта,https://raw.githubusercontent.com/nemchenik/test/catalog-plans-pinterest-assets/pinterest/generated_batch_28_no_button/92-30L.jpg,Дома из газобетона,,"Проект дома №92-30L. На превью показана каноническая визуализация со страницы этого проекта на catalog-plans.ru. В карточке доступны планы этажей, фасады, размеры и характеристики. Параметры: 100 м²; 1 этаж; габариты 6×6 м; стены — газобетон; стиль — хай-тек; особенность — терраса. Откройте проект и сопоставьте планировку и габариты со своим участком до заказа.",https://catalog-plans.ru/catalog/92-30L?utm_source=pinterest&utm_medium=organic&utm_campaign=generated_house_cards_no_button_batch_28&utm_content=pin_5311_92-30l_compare&utm_term=doma-iz-gazobetona,,"проект дома 92-30L, проект №92-30L, Дома из газобетона, готовый проект дома, планировка дома, фасады дома, дом с размерами, визуализация дома, дом 100 м², дом газобетон, дом хай-тек, дом терраса, catalog-plans.ru"
