Title,Media URL,Pinterest board,Thumbnail,Description,Link,Publish date,Keywords
"Проект дома №46-59KB площадью 240,09 м² с планировками",https://raw.githubusercontent.com/nemchenik/test/0d914bce6920c8382fb3a50f11ae3de3cb6574e0/pinterest/generated_batch_59_floor_plans_desert_rose_static/46-59KB.jpg,Планировки частных домов,,"Проект дома №46-59KB: площадь 240,09 м², 2 этажа, габариты 9.74×21.57 м, материал стен — монолитный каркас. На карточке показаны оригинальные планировки этажей. Сохраните планы дома и откройте проект, чтобы узнать подробности и актуальную стоимость.",https://catalog-plans.ru/catalog/46-59KB?utm_source=pinterest&utm_medium=organic&utm_campaign=generated_floor_plans_desert_rose_static_batch_59&utm_content=pin_11112_46-59KB_plans&utm_term=proekty-domov-s-planirovkami,,"проект дома 46-59KB, проект дома 240,09 м², планировка дома, планы этажей, готовый проект дома, оригинальная планировка, монолитный каркас, catalog-plans.ru"
"Проект дома №45-95G площадью 117,33 м² с планировками",https://raw.githubusercontent.com/nemchenik/test/0d914bce6920c8382fb3a50f11ae3de3cb6574e0/pinterest/generated_batch_59_floor_plans_desert_rose_static/45-95G.jpg,Планировки частных домов,,"Проект дома №45-95G: площадь 117,33 м², 1 этаж, габариты 14.22×15.12 м, материал стен — кирпич. На карточке показаны оригинальные планировки этажей. Сохраните планы дома и откройте проект, чтобы узнать подробности и актуальную стоимость.",https://catalog-plans.ru/catalog/45-95G?utm_source=pinterest&utm_medium=organic&utm_campaign=generated_floor_plans_desert_rose_static_batch_59&utm_content=pin_11113_45-95G_plans&utm_term=proekty-domov-s-planirovkami,,"проект дома 45-95G, проект дома 117,33 м², планировка дома, планы этажей, готовый проект дома, оригинальная планировка, кирпич, catalog-plans.ru"
"Проект дома №58-87L площадью 198,51 м² с планировками",https://raw.githubusercontent.com/nemchenik/test/0d914bce6920c8382fb3a50f11ae3de3cb6574e0/pinterest/generated_batch_59_floor_plans_desert_rose_static/58-87L.jpg,Планировки частных домов,,"Проект дома №58-87L: площадь 198,51 м², 2 этажа, габариты 12.08×15.38 м, материал стен — газобетон. На карточке показаны оригинальные планировки этажей. Сохраните планы дома и откройте проект, чтобы узнать подробности и актуальную стоимость.",https://catalog-plans.ru/catalog/58-87L?utm_source=pinterest&utm_medium=organic&utm_campaign=generated_floor_plans_desert_rose_static_batch_59&utm_content=pin_11114_58-87L_plans&utm_term=proekty-domov-s-planirovkami,,"проект дома 58-87L, проект дома 198,51 м², планировка дома, планы этажей, готовый проект дома, оригинальная планировка, газобетон, catalog-plans.ru"
"Проект дома №51-06 площадью 305,7 м² с планировками",https://raw.githubusercontent.com/nemchenik/test/0d914bce6920c8382fb3a50f11ae3de3cb6574e0/pinterest/generated_batch_59_floor_plans_desert_rose_static/51-06.jpg,Планировки частных домов,,"Проект дома №51-06: площадь 305,7 м², 3 этажа, габариты 9.8×16.2 м, материал стен — ячеистые бетонные блоки. На карточке показаны оригинальные планировки этажей. Сохраните планы дома и откройте проект, чтобы узнать подробности и актуальную стоимость.",https://catalog-plans.ru/catalog/51-06?utm_source=pinterest&utm_medium=organic&utm_campaign=generated_floor_plans_desert_rose_static_batch_59&utm_content=pin_11115_51-06_plans&utm_term=proekty-domov-s-planirovkami,,"проект дома 51-06, проект дома 305,7 м², планировка дома, планы этажей, готовый проект дома, оригинальная планировка, ячеистые бетонные блоки, catalog-plans.ru"
"Проект дома №64-46 площадью 174,92 м² с планировками",https://raw.githubusercontent.com/nemchenik/test/0d914bce6920c8382fb3a50f11ae3de3cb6574e0/pinterest/generated_batch_59_floor_plans_desert_rose_static/64-46.jpg,Планировки частных домов,,"Проект дома №64-46: площадь 174,92 м², 2 этажа, габариты 12.76×13.52 м, материал стен — газобетон. На карточке показаны оригинальные планировки этажей. Сохраните планы дома и откройте проект, чтобы узнать подробности и актуальную стоимость.",https://catalog-plans.ru/catalog/64-46?utm_source=pinterest&utm_medium=organic&utm_campaign=generated_floor_plans_desert_rose_static_batch_59&utm_content=pin_11116_64-46_plans&utm_term=proekty-domov-s-planirovkami,,"проект дома 64-46, проект дома 174,92 м², планировка дома, планы этажей, готовый проект дома, оригинальная планировка, газобетон, catalog-plans.ru"
"Проект дома №66-20 площадью 173,3 м² с планировками",https://raw.githubusercontent.com/nemchenik/test/0d914bce6920c8382fb3a50f11ae3de3cb6574e0/pinterest/generated_batch_59_floor_plans_desert_rose_static/66-20.jpg,Планировки частных домов,,"Проект дома №66-20: площадь 173,3 м², 2 этажа, габариты 9.06×13.56 м, материал стен — газобетон. На карточке показаны оригинальные планировки этажей. Сохраните планы дома и откройте проект, чтобы узнать подробности и актуальную стоимость.",https://catalog-plans.ru/catalog/66-20?utm_source=pinterest&utm_medium=organic&utm_campaign=generated_floor_plans_desert_rose_static_batch_59&utm_content=pin_11117_66-20_plans&utm_term=proekty-domov-s-planirovkami,,"проект дома 66-20, проект дома 173,3 м², планировка дома, планы этажей, готовый проект дома, оригинальная планировка, газобетон, catalog-plans.ru"
"Проект дома №58-66P площадью 239,05 м² с планировками",https://raw.githubusercontent.com/nemchenik/test/0d914bce6920c8382fb3a50f11ae3de3cb6574e0/pinterest/generated_batch_59_floor_plans_desert_rose_static/58-66P.jpg,Планировки частных домов,,"Проект дома №58-66P: площадь 239,05 м², 2 этажа, габариты 12.26×21.44 м, материал стен — газобетон. На карточке показаны оригинальные планировки этажей. Сохраните планы дома и откройте проект, чтобы узнать подробности и актуальную стоимость.",https://catalog-plans.ru/catalog/58-66P?utm_source=pinterest&utm_medium=organic&utm_campaign=generated_floor_plans_desert_rose_static_batch_59&utm_content=pin_11118_58-66P_plans&utm_term=proekty-domov-s-planirovkami,,"проект дома 58-66P, проект дома 239,05 м², планировка дома, планы этажей, готовый проект дома, оригинальная планировка, газобетон, catalog-plans.ru"
"Проект дома №57-33K площадью 243,29 м² с планировками",https://raw.githubusercontent.com/nemchenik/test/0d914bce6920c8382fb3a50f11ae3de3cb6574e0/pinterest/generated_batch_59_floor_plans_desert_rose_static/57-33K.jpg,Планировки частных домов,,"Проект дома №57-33K: площадь 243,29 м², 2 этажа, габариты 13.9×14.6 м, материал стен — кирпич. На карточке показаны оригинальные планировки этажей. Сохраните планы дома и откройте проект, чтобы узнать подробности и актуальную стоимость.",https://catalog-plans.ru/catalog/57-33K?utm_source=pinterest&utm_medium=organic&utm_campaign=generated_floor_plans_desert_rose_static_batch_59&utm_content=pin_11119_57-33K_plans&utm_term=proekty-domov-s-planirovkami,,"проект дома 57-33K, проект дома 243,29 м², планировка дома, планы этажей, готовый проект дома, оригинальная планировка, кирпич, catalog-plans.ru"
"Проект дома №58-32L площадью 490,93 м² с планировками",https://raw.githubusercontent.com/nemchenik/test/0d914bce6920c8382fb3a50f11ae3de3cb6574e0/pinterest/generated_batch_59_floor_plans_desert_rose_static/58-32L.jpg,Планировки частных домов,,"Проект дома №58-32L: площадь 490,93 м², 3 этажа, габариты 21.58×27.15 м, материал стен — газобетон. На карточке показаны оригинальные планировки этажей. Сохраните планы дома и откройте проект, чтобы узнать подробности и актуальную стоимость.",https://catalog-plans.ru/catalog/58-32L?utm_source=pinterest&utm_medium=organic&utm_campaign=generated_floor_plans_desert_rose_static_batch_59&utm_content=pin_11120_58-32L_plans&utm_term=proekty-domov-s-planirovkami,,"проект дома 58-32L, проект дома 490,93 м², планировка дома, планы этажей, готовый проект дома, оригинальная планировка, газобетон, catalog-plans.ru"
"Проект дома №50-04 площадью 291,1 м² с планировками",https://raw.githubusercontent.com/nemchenik/test/0d914bce6920c8382fb3a50f11ae3de3cb6574e0/pinterest/generated_batch_59_floor_plans_desert_rose_static/50-04.jpg,Планировки частных домов,,"Проект дома №50-04: площадь 291,1 м², 2 этажа, габариты 9.8×12.6 м, материал стен — бетонные камни 390мм. На карточке показаны оригинальные планировки этажей. Сохраните планы дома и откройте проект, чтобы узнать подробности и актуальную стоимость.",https://catalog-plans.ru/catalog/50-04?utm_source=pinterest&utm_medium=organic&utm_campaign=generated_floor_plans_desert_rose_static_batch_59&utm_content=pin_11121_50-04_plans&utm_term=proekty-domov-s-planirovkami,,"проект дома 50-04, проект дома 291,1 м², планировка дома, планы этажей, готовый проект дома, оригинальная планировка, бетонные камни 390мм, catalog-plans.ru"
"Проект дома №57-07U площадью 155,01 м² с планировками",https://raw.githubusercontent.com/nemchenik/test/0d914bce6920c8382fb3a50f11ae3de3cb6574e0/pinterest/generated_batch_59_floor_plans_desert_rose_static/57-07U.jpg,Планировки частных домов,,"Проект дома №57-07U: площадь 155,01 м², 2 этажа, габариты 12.2×12.2 м, материал стен — газобетон. На карточке показаны оригинальные планировки этажей. Сохраните планы дома и откройте проект, чтобы узнать подробности и актуальную стоимость.",https://catalog-plans.ru/catalog/57-07U?utm_source=pinterest&utm_medium=organic&utm_campaign=generated_floor_plans_desert_rose_static_batch_59&utm_content=pin_11122_57-07U_plans&utm_term=proekty-domov-s-planirovkami,,"проект дома 57-07U, проект дома 155,01 м², планировка дома, планы этажей, готовый проект дома, оригинальная планировка, газобетон, catalog-plans.ru"
"Проект дома №72-32 площадью 804,6 м² с планировками",https://raw.githubusercontent.com/nemchenik/test/0d914bce6920c8382fb3a50f11ae3de3cb6574e0/pinterest/generated_batch_59_floor_plans_desert_rose_static/72-32.jpg,Планировки частных домов,,"Проект дома №72-32: площадь 804,6 м², 2 этажа, габариты 18.82×21.45 м, материал стен — газобетон. На карточке показаны оригинальные планировки этажей. Сохраните планы дома и откройте проект, чтобы узнать подробности и актуальную стоимость.",https://catalog-plans.ru/catalog/72-32?utm_source=pinterest&utm_medium=organic&utm_campaign=generated_floor_plans_desert_rose_static_batch_59&utm_content=pin_11123_72-32_plans&utm_term=proekty-domov-s-planirovkami,,"проект дома 72-32, проект дома 804,6 м², планировка дома, планы этажей, готовый проект дома, оригинальная планировка, газобетон, catalog-plans.ru"
"Проект дома №57-59 площадью 289,3 м² с планировками",https://raw.githubusercontent.com/nemchenik/test/0d914bce6920c8382fb3a50f11ae3de3cb6574e0/pinterest/generated_batch_59_floor_plans_desert_rose_static/57-59.jpg,Планировки частных домов,,"Проект дома №57-59: площадь 289,3 м², 2 этажа, габариты 16.7×19.2 м, материал стен — газобетон. На карточке показаны оригинальные планировки этажей. Сохраните планы дома и откройте проект, чтобы узнать подробности и актуальную стоимость.",https://catalog-plans.ru/catalog/57-59?utm_source=pinterest&utm_medium=organic&utm_campaign=generated_floor_plans_desert_rose_static_batch_59&utm_content=pin_11124_57-59_plans&utm_term=proekty-domov-s-planirovkami,,"проект дома 57-59, проект дома 289,3 м², планировка дома, планы этажей, готовый проект дома, оригинальная планировка, газобетон, catalog-plans.ru"
Проект дома №61-44 площадью 189 м² с планировками,https://raw.githubusercontent.com/nemchenik/test/0d914bce6920c8382fb3a50f11ae3de3cb6574e0/pinterest/generated_batch_59_floor_plans_desert_rose_static/61-44.jpg,Планировки частных домов,,"Проект дома №61-44: площадь 189 м², 2 этажа, габариты 11×12.55 м, материал стен — газобетон. На карточке показаны оригинальные планировки этажей. Сохраните планы дома и откройте проект, чтобы узнать подробности и актуальную стоимость.",https://catalog-plans.ru/catalog/61-44?utm_source=pinterest&utm_medium=organic&utm_campaign=generated_floor_plans_desert_rose_static_batch_59&utm_content=pin_11125_61-44_plans&utm_term=proekty-domov-s-planirovkami,,"проект дома 61-44, проект дома 189 м², планировка дома, планы этажей, готовый проект дома, оригинальная планировка, газобетон, catalog-plans.ru"
"Проект дома №57-05XAG площадью 255,81 м² с планировками",https://raw.githubusercontent.com/nemchenik/test/0d914bce6920c8382fb3a50f11ae3de3cb6574e0/pinterest/generated_batch_59_floor_plans_desert_rose_static/57-05XAG.jpg,Планировки частных домов,,"Проект дома №57-05XAG: площадь 255,81 м², 3 этажа, габариты 10.84×10.84 м, материал стен — газобетон. На карточке показаны оригинальные планировки этажей. Сохраните планы дома и откройте проект, чтобы узнать подробности и актуальную стоимость.",https://catalog-plans.ru/catalog/57-05XAG?utm_source=pinterest&utm_medium=organic&utm_campaign=generated_floor_plans_desert_rose_static_batch_59&utm_content=pin_11126_57-05XAG_plans&utm_term=proekty-domov-s-planirovkami,,"проект дома 57-05XAG, проект дома 255,81 м², планировка дома, планы этажей, готовый проект дома, оригинальная планировка, газобетон, catalog-plans.ru"
"Проект дома №49-36 площадью 183,1 м² с планировками",https://raw.githubusercontent.com/nemchenik/test/0d914bce6920c8382fb3a50f11ae3de3cb6574e0/pinterest/generated_batch_59_floor_plans_desert_rose_static/49-36.jpg,Планировки частных домов,,"Проект дома №49-36: площадь 183,1 м², 2 этажа, габариты 14.1×14.4 м, материал стен — газобетон. На карточке показаны оригинальные планировки этажей. Сохраните планы дома и откройте проект, чтобы узнать подробности и актуальную стоимость.",https://catalog-plans.ru/catalog/49-36?utm_source=pinterest&utm_medium=organic&utm_campaign=generated_floor_plans_desert_rose_static_batch_59&utm_content=pin_11127_49-36_plans&utm_term=proekty-domov-s-planirovkami,,"проект дома 49-36, проект дома 183,1 м², планировка дома, планы этажей, готовый проект дома, оригинальная планировка, газобетон, catalog-plans.ru"
"Проект дома №40-70CL площадью 270,65 м² с планировками",https://raw.githubusercontent.com/nemchenik/test/0d914bce6920c8382fb3a50f11ae3de3cb6574e0/pinterest/generated_batch_59_floor_plans_desert_rose_static/40-70CL.jpg,Планировки частных домов,,"Проект дома №40-70CL: площадь 270,65 м², 2 этажа, габариты 12.38×15.73 м, материал стен — кирпич. На карточке показаны оригинальные планировки этажей. Сохраните планы дома и откройте проект, чтобы узнать подробности и актуальную стоимость.",https://catalog-plans.ru/catalog/40-70CL?utm_source=pinterest&utm_medium=organic&utm_campaign=generated_floor_plans_desert_rose_static_batch_59&utm_content=pin_11128_40-70CL_plans&utm_term=proekty-domov-s-planirovkami,,"проект дома 40-70CL, проект дома 270,65 м², планировка дома, планы этажей, готовый проект дома, оригинальная планировка, кирпич, catalog-plans.ru"
"Проект дома №57-41AK площадью 157,1 м² с планировками",https://raw.githubusercontent.com/nemchenik/test/0d914bce6920c8382fb3a50f11ae3de3cb6574e0/pinterest/generated_batch_59_floor_plans_desert_rose_static/57-41AK.jpg,Планировки частных домов,,"Проект дома №57-41AK: площадь 157,1 м², 2 этажа, габариты 11.88×12.78 м, материал стен — кирпич. На карточке показаны оригинальные планировки этажей. Сохраните планы дома и откройте проект, чтобы узнать подробности и актуальную стоимость.",https://catalog-plans.ru/catalog/57-41AK?utm_source=pinterest&utm_medium=organic&utm_campaign=generated_floor_plans_desert_rose_static_batch_59&utm_content=pin_11129_57-41AK_plans&utm_term=proekty-domov-s-planirovkami,,"проект дома 57-41AK, проект дома 157,1 м², планировка дома, планы этажей, готовый проект дома, оригинальная планировка, кирпич, catalog-plans.ru"
"Проект дома №62-44 площадью 157,94 м² с планировками",https://raw.githubusercontent.com/nemchenik/test/0d914bce6920c8382fb3a50f11ae3de3cb6574e0/pinterest/generated_batch_59_floor_plans_desert_rose_static/62-44.jpg,Планировки частных домов,,"Проект дома №62-44: площадь 157,94 м², 2 этажа, габариты 11×12.4 м, материал стен — газобетон. На карточке показаны оригинальные планировки этажей. Сохраните планы дома и откройте проект, чтобы узнать подробности и актуальную стоимость.",https://catalog-plans.ru/catalog/62-44?utm_source=pinterest&utm_medium=organic&utm_campaign=generated_floor_plans_desert_rose_static_batch_59&utm_content=pin_11130_62-44_plans&utm_term=proekty-domov-s-planirovkami,,"проект дома 62-44, проект дома 157,94 м², планировка дома, планы этажей, готовый проект дома, оригинальная планировка, газобетон, catalog-plans.ru"
"Проект дома №47-91 площадью 327,9 м² с планировками",https://raw.githubusercontent.com/nemchenik/test/0d914bce6920c8382fb3a50f11ae3de3cb6574e0/pinterest/generated_batch_59_floor_plans_desert_rose_static/47-91.jpg,Планировки частных домов,,"Проект дома №47-91: площадь 327,9 м², 3 этажа, габариты 12.3×14.4 м, материал стен — кирпич. На карточке показаны оригинальные планировки этажей. Сохраните планы дома и откройте проект, чтобы узнать подробности и актуальную стоимость.",https://catalog-plans.ru/catalog/47-91?utm_source=pinterest&utm_medium=organic&utm_campaign=generated_floor_plans_desert_rose_static_batch_59&utm_content=pin_11131_47-91_plans&utm_term=proekty-domov-s-planirovkami,,"проект дома 47-91, проект дома 327,9 м², планировка дома, планы этажей, готовый проект дома, оригинальная планировка, кирпич, catalog-plans.ru"
"Проект дома №40-04FD площадью 173,37 м² с планировками",https://raw.githubusercontent.com/nemchenik/test/0d914bce6920c8382fb3a50f11ae3de3cb6574e0/pinterest/generated_batch_59_floor_plans_desert_rose_static/40-04FD.jpg,Планировки частных домов,,"Проект дома №40-04FD: площадь 173,37 м², 2 этажа, габариты 9.5×15 м, материал стен — газобетон. На карточке показаны оригинальные планировки этажей. Сохраните планы дома и откройте проект, чтобы узнать подробности и актуальную стоимость.",https://catalog-plans.ru/catalog/40-04FD?utm_source=pinterest&utm_medium=organic&utm_campaign=generated_floor_plans_desert_rose_static_batch_59&utm_content=pin_11132_40-04FD_plans&utm_term=proekty-domov-s-planirovkami,,"проект дома 40-04FD, проект дома 173,37 м², планировка дома, планы этажей, готовый проект дома, оригинальная планировка, газобетон, catalog-plans.ru"
"Проект дома №60-77 площадью 187,2 м² с планировками",https://raw.githubusercontent.com/nemchenik/test/0d914bce6920c8382fb3a50f11ae3de3cb6574e0/pinterest/generated_batch_59_floor_plans_desert_rose_static/60-77.jpg,Планировки частных домов,,"Проект дома №60-77: площадь 187,2 м², 2 этажа, габариты 12.61×13.81 м, материал стен — газобетон. На карточке показаны оригинальные планировки этажей. Сохраните планы дома и откройте проект, чтобы узнать подробности и актуальную стоимость.",https://catalog-plans.ru/catalog/60-77?utm_source=pinterest&utm_medium=organic&utm_campaign=generated_floor_plans_desert_rose_static_batch_59&utm_content=pin_11133_60-77_plans&utm_term=proekty-domov-s-planirovkami,,"проект дома 60-77, проект дома 187,2 м², планировка дома, планы этажей, готовый проект дома, оригинальная планировка, газобетон, catalog-plans.ru"
"Проект дома №46-11C площадью 345,85 м² с планировками",https://raw.githubusercontent.com/nemchenik/test/0d914bce6920c8382fb3a50f11ae3de3cb6574e0/pinterest/generated_batch_59_floor_plans_desert_rose_static/46-11C.jpg,Планировки частных домов,,"Проект дома №46-11C: площадь 345,85 м², 2 этажа, габариты 12.79×15.21 м, материал стен — кирпич. На карточке показаны оригинальные планировки этажей. Сохраните планы дома и откройте проект, чтобы узнать подробности и актуальную стоимость.",https://catalog-plans.ru/catalog/46-11C?utm_source=pinterest&utm_medium=organic&utm_campaign=generated_floor_plans_desert_rose_static_batch_59&utm_content=pin_11134_46-11C_plans&utm_term=proekty-domov-s-planirovkami,,"проект дома 46-11C, проект дома 345,85 м², планировка дома, планы этажей, готовый проект дома, оригинальная планировка, кирпич, catalog-plans.ru"
"Проект дома №63-48AL площадью 211,08 м² с планировками",https://raw.githubusercontent.com/nemchenik/test/0d914bce6920c8382fb3a50f11ae3de3cb6574e0/pinterest/generated_batch_59_floor_plans_desert_rose_static/63-48AL.jpg,Планировки частных домов,,"Проект дома №63-48AL: площадь 211,08 м², 2 этажа, габариты 13.78×16.22 м, материал стен — газобетон. На карточке показаны оригинальные планировки этажей. Сохраните планы дома и откройте проект, чтобы узнать подробности и актуальную стоимость.",https://catalog-plans.ru/catalog/63-48AL?utm_source=pinterest&utm_medium=organic&utm_campaign=generated_floor_plans_desert_rose_static_batch_59&utm_content=pin_11135_63-48AL_plans&utm_term=proekty-domov-s-planirovkami,,"проект дома 63-48AL, проект дома 211,08 м², планировка дома, планы этажей, готовый проект дома, оригинальная планировка, газобетон, catalog-plans.ru"
"Проект дома №13-97 площадью 189,5 м² с планировками",https://raw.githubusercontent.com/nemchenik/test/0d914bce6920c8382fb3a50f11ae3de3cb6574e0/pinterest/generated_batch_59_floor_plans_desert_rose_static/13-97.jpg,Планировки частных домов,,"Проект дома №13-97: площадь 189,5 м², 2 этажа, габариты 11.8×14.4 м, материал стен — дерево. На карточке показаны оригинальные планировки этажей. Сохраните планы дома и откройте проект, чтобы узнать подробности и актуальную стоимость.",https://catalog-plans.ru/catalog/13-97?utm_source=pinterest&utm_medium=organic&utm_campaign=generated_floor_plans_desert_rose_static_batch_59&utm_content=pin_11136_13-97_plans&utm_term=proekty-domov-s-planirovkami,,"проект дома 13-97, проект дома 189,5 м², планировка дома, планы этажей, готовый проект дома, оригинальная планировка, дерево, catalog-plans.ru"
"Проект дома №62-47AB площадью 241,22 м² с планировками",https://raw.githubusercontent.com/nemchenik/test/0d914bce6920c8382fb3a50f11ae3de3cb6574e0/pinterest/generated_batch_59_floor_plans_desert_rose_static/62-47AB.jpg,Планировки частных домов,,"Проект дома №62-47AB: площадь 241,22 м², 2 этажа, габариты 16.185×12.965 м, материал стен — газобетон. На карточке показаны оригинальные планировки этажей. Сохраните планы дома и откройте проект, чтобы узнать подробности и актуальную стоимость.",https://catalog-plans.ru/catalog/62-47AB?utm_source=pinterest&utm_medium=organic&utm_campaign=generated_floor_plans_desert_rose_static_batch_59&utm_content=pin_11137_62-47AB_plans&utm_term=proekty-domov-s-planirovkami,,"проект дома 62-47AB, проект дома 241,22 м², планировка дома, планы этажей, готовый проект дома, оригинальная планировка, газобетон, catalog-plans.ru"
"Проект дома №46-09EAMGL площадью 187,54 м² с планировками",https://raw.githubusercontent.com/nemchenik/test/0d914bce6920c8382fb3a50f11ae3de3cb6574e0/pinterest/generated_batch_59_floor_plans_desert_rose_static/46-09EAMGL.jpg,Планировки частных домов,,"Проект дома №46-09EAMGL: площадь 187,54 м², 1 этаж, габариты 13.43×18.155 м, материал стен — монолитный каркас. На карточке показаны оригинальные планировки этажей. Сохраните планы дома и откройте проект, чтобы узнать подробности и актуальную стоимость.",https://catalog-plans.ru/catalog/46-09EAMGL?utm_source=pinterest&utm_medium=organic&utm_campaign=generated_floor_plans_desert_rose_static_batch_59&utm_content=pin_11138_46-09EAMGL_plans&utm_term=proekty-domov-s-planirovkami,,"проект дома 46-09EAMGL, проект дома 187,54 м², планировка дома, планы этажей, готовый проект дома, оригинальная планировка, монолитный каркас, catalog-plans.ru"
"Проект дома №58-62K площадью 328,77 м² с планировками",https://raw.githubusercontent.com/nemchenik/test/0d914bce6920c8382fb3a50f11ae3de3cb6574e0/pinterest/generated_batch_59_floor_plans_desert_rose_static/58-62K.jpg,Планировки частных домов,,"Проект дома №58-62K: площадь 328,77 м², 2 этажа, габариты 16.56×18.67 м, материал стен — кирпич. На карточке показаны оригинальные планировки этажей. Сохраните планы дома и откройте проект, чтобы узнать подробности и актуальную стоимость.",https://catalog-plans.ru/catalog/58-62K?utm_source=pinterest&utm_medium=organic&utm_campaign=generated_floor_plans_desert_rose_static_batch_59&utm_content=pin_11139_58-62K_plans&utm_term=proekty-domov-s-planirovkami,,"проект дома 58-62K, проект дома 328,77 м², планировка дома, планы этажей, готовый проект дома, оригинальная планировка, кирпич, catalog-plans.ru"
"Проект дома №40-18CEDRAL площадью 294,56 м² с планировками",https://raw.githubusercontent.com/nemchenik/test/0d914bce6920c8382fb3a50f11ae3de3cb6574e0/pinterest/generated_batch_59_floor_plans_desert_rose_static/40-18CEDRAL.jpg,Планировки частных домов,,"Проект дома №40-18CEDRAL: площадь 294,56 м², 2 этажа, габариты 15.88×15.96 м, материал стен — кирпич. На карточке показаны оригинальные планировки этажей. Сохраните планы дома и откройте проект, чтобы узнать подробности и актуальную стоимость.",https://catalog-plans.ru/catalog/40-18CEDRAL?utm_source=pinterest&utm_medium=organic&utm_campaign=generated_floor_plans_desert_rose_static_batch_59&utm_content=pin_11140_40-18CEDRAL_plans&utm_term=proekty-domov-s-planirovkami,,"проект дома 40-18CEDRAL, проект дома 294,56 м², планировка дома, планы этажей, готовый проект дома, оригинальная планировка, кирпич, catalog-plans.ru"
"Проект дома №40-04HD площадью 131,99 м² с планировками",https://raw.githubusercontent.com/nemchenik/test/0d914bce6920c8382fb3a50f11ae3de3cb6574e0/pinterest/generated_batch_59_floor_plans_desert_rose_static/40-04HD.jpg,Планировки частных домов,,"Проект дома №40-04HD: площадь 131,99 м², 2 этажа, габариты 10×9.5 м, материал стен — газобетон. На карточке показаны оригинальные планировки этажей. Сохраните планы дома и откройте проект, чтобы узнать подробности и актуальную стоимость.",https://catalog-plans.ru/catalog/40-04HD?utm_source=pinterest&utm_medium=organic&utm_campaign=generated_floor_plans_desert_rose_static_batch_59&utm_content=pin_11141_40-04HD_plans&utm_term=proekty-domov-s-planirovkami,,"проект дома 40-04HD, проект дома 131,99 м², планировка дома, планы этажей, готовый проект дома, оригинальная планировка, газобетон, catalog-plans.ru"
"Проект дома №45-64NTKL площадью 304,91 м² с планировками",https://raw.githubusercontent.com/nemchenik/test/0d914bce6920c8382fb3a50f11ae3de3cb6574e0/pinterest/generated_batch_59_floor_plans_desert_rose_static/45-64NTKL.jpg,Планировки частных домов,,"Проект дома №45-64NTKL: площадь 304,91 м², 2 этажа, габариты 19.25×19.63 м, материал стен — кирпич. На карточке показаны оригинальные планировки этажей. Сохраните планы дома и откройте проект, чтобы узнать подробности и актуальную стоимость.",https://catalog-plans.ru/catalog/45-64NTKL?utm_source=pinterest&utm_medium=organic&utm_campaign=generated_floor_plans_desert_rose_static_batch_59&utm_content=pin_11142_45-64NTKL_plans&utm_term=proekty-domov-s-planirovkami,,"проект дома 45-64NTKL, проект дома 304,91 м², планировка дома, планы этажей, готовый проект дома, оригинальная планировка, кирпич, catalog-plans.ru"
Проект дома №75-07 площадью 211 м² с планировками,https://raw.githubusercontent.com/nemchenik/test/0d914bce6920c8382fb3a50f11ae3de3cb6574e0/pinterest/generated_batch_59_floor_plans_desert_rose_static/75-07.jpg,Планировки частных домов,,"Проект дома №75-07: площадь 211 м², 2 этажа, габариты 13.6×15 м, материал стен — газобетон. На карточке показаны оригинальные планировки этажей. Сохраните планы дома и откройте проект, чтобы узнать подробности и актуальную стоимость.",https://catalog-plans.ru/catalog/75-07?utm_source=pinterest&utm_medium=organic&utm_campaign=generated_floor_plans_desert_rose_static_batch_59&utm_content=pin_11143_75-07_plans&utm_term=proekty-domov-s-planirovkami,,"проект дома 75-07, проект дома 211 м², планировка дома, планы этажей, готовый проект дома, оригинальная планировка, газобетон, catalog-plans.ru"
"Проект дома №57-01K площадью 173,39 м² с планировками",https://raw.githubusercontent.com/nemchenik/test/0d914bce6920c8382fb3a50f11ae3de3cb6574e0/pinterest/generated_batch_59_floor_plans_desert_rose_static/57-01K.jpg,Планировки частных домов,,"Проект дома №57-01K: площадь 173,39 м², 2 этажа, габариты 12.8×13.3 м, материал стен — кирпич. На карточке показаны оригинальные планировки этажей. Сохраните планы дома и откройте проект, чтобы узнать подробности и актуальную стоимость.",https://catalog-plans.ru/catalog/57-01K?utm_source=pinterest&utm_medium=organic&utm_campaign=generated_floor_plans_desert_rose_static_batch_59&utm_content=pin_11144_57-01K_plans&utm_term=proekty-domov-s-planirovkami,,"проект дома 57-01K, проект дома 173,39 м², планировка дома, планы этажей, готовый проект дома, оригинальная планировка, кирпич, catalog-plans.ru"
"Проект дома №45-47GL площадью 245,41 м² с планировками",https://raw.githubusercontent.com/nemchenik/test/0d914bce6920c8382fb3a50f11ae3de3cb6574e0/pinterest/generated_batch_59_floor_plans_desert_rose_static/45-47GL.jpg,Планировки частных домов,,"Проект дома №45-47GL: площадь 245,41 м², 2 этажа, габариты 14.4×17.04 м, материал стен — газобетон. На карточке показаны оригинальные планировки этажей. Сохраните планы дома и откройте проект, чтобы узнать подробности и актуальную стоимость.",https://catalog-plans.ru/catalog/45-47GL?utm_source=pinterest&utm_medium=organic&utm_campaign=generated_floor_plans_desert_rose_static_batch_59&utm_content=pin_11145_45-47GL_plans&utm_term=proekty-domov-s-planirovkami,,"проект дома 45-47GL, проект дома 245,41 м², планировка дома, планы этажей, готовый проект дома, оригинальная планировка, газобетон, catalog-plans.ru"
"Проект дома №59-90CEDRAL площадью 162,03 м² с планировками",https://raw.githubusercontent.com/nemchenik/test/0d914bce6920c8382fb3a50f11ae3de3cb6574e0/pinterest/generated_batch_59_floor_plans_desert_rose_static/59-90CEDRAL.jpg,Планировки частных домов,,"Проект дома №59-90CEDRAL: площадь 162,03 м², 2 этажа, габариты 9.26×14.36 м, материал стен — газобетон. На карточке показаны оригинальные планировки этажей. Сохраните планы дома и откройте проект, чтобы узнать подробности и актуальную стоимость.",https://catalog-plans.ru/catalog/59-90CEDRAL?utm_source=pinterest&utm_medium=organic&utm_campaign=generated_floor_plans_desert_rose_static_batch_59&utm_content=pin_11146_59-90CEDRAL_plans&utm_term=proekty-domov-s-planirovkami,,"проект дома 59-90CEDRAL, проект дома 162,03 м², планировка дома, планы этажей, готовый проект дома, оригинальная планировка, газобетон, catalog-plans.ru"
"Проект дома №65-14ML площадью 275,12 м² с планировками",https://raw.githubusercontent.com/nemchenik/test/0d914bce6920c8382fb3a50f11ae3de3cb6574e0/pinterest/generated_batch_59_floor_plans_desert_rose_static/65-14ML.jpg,Планировки частных домов,,"Проект дома №65-14ML: площадь 275,12 м², 1 этаж, габариты 21×24 м, материал стен — газобетон. На карточке показаны оригинальные планировки этажей. Сохраните планы дома и откройте проект, чтобы узнать подробности и актуальную стоимость.",https://catalog-plans.ru/catalog/65-14ML?utm_source=pinterest&utm_medium=organic&utm_campaign=generated_floor_plans_desert_rose_static_batch_59&utm_content=pin_11147_65-14ML_plans&utm_term=proekty-domov-s-planirovkami,,"проект дома 65-14ML, проект дома 275,12 м², планировка дома, планы этажей, готовый проект дома, оригинальная планировка, газобетон, catalog-plans.ru"
"Проект дома №31-03 площадью 268,3 м² с планировками",https://raw.githubusercontent.com/nemchenik/test/0d914bce6920c8382fb3a50f11ae3de3cb6574e0/pinterest/generated_batch_59_floor_plans_desert_rose_static/31-03.jpg,Планировки частных домов,,"Проект дома №31-03: площадь 268,3 м², 3 этажа, габариты 9.1×12.56 м, материал стен — кирпич. На карточке показаны оригинальные планировки этажей. Сохраните планы дома и откройте проект, чтобы узнать подробности и актуальную стоимость.",https://catalog-plans.ru/catalog/31-03?utm_source=pinterest&utm_medium=organic&utm_campaign=generated_floor_plans_desert_rose_static_batch_59&utm_content=pin_11148_31-03_plans&utm_term=proekty-domov-s-planirovkami,,"проект дома 31-03, проект дома 268,3 м², планировка дома, планы этажей, готовый проект дома, оригинальная планировка, кирпич, catalog-plans.ru"
"Проект дома №40-67F площадью 654,12 м² с планировками",https://raw.githubusercontent.com/nemchenik/test/0d914bce6920c8382fb3a50f11ae3de3cb6574e0/pinterest/generated_batch_59_floor_plans_desert_rose_static/40-67F.jpg,Планировки частных домов,,"Проект дома №40-67F: площадь 654,12 м², 3 этажа, габариты 14.82×21.57 м, материал стен — кирпич. На карточке показаны оригинальные планировки этажей. Сохраните планы дома и откройте проект, чтобы узнать подробности и актуальную стоимость.",https://catalog-plans.ru/catalog/40-67F?utm_source=pinterest&utm_medium=organic&utm_campaign=generated_floor_plans_desert_rose_static_batch_59&utm_content=pin_11149_40-67F_plans&utm_term=proekty-domov-s-planirovkami,,"проект дома 40-67F, проект дома 654,12 м², планировка дома, планы этажей, готовый проект дома, оригинальная планировка, кирпич, catalog-plans.ru"
"Проект дома №36-28 площадью 351,8 м² с планировками",https://raw.githubusercontent.com/nemchenik/test/0d914bce6920c8382fb3a50f11ae3de3cb6574e0/pinterest/generated_batch_59_floor_plans_desert_rose_static/36-28.jpg,Планировки частных домов,,"Проект дома №36-28: площадь 351,8 м², 2 этажа, габариты 12.9×25.42 м, материал стен — кирпич. На карточке показаны оригинальные планировки этажей. Сохраните планы дома и откройте проект, чтобы узнать подробности и актуальную стоимость.",https://catalog-plans.ru/catalog/36-28?utm_source=pinterest&utm_medium=organic&utm_campaign=generated_floor_plans_desert_rose_static_batch_59&utm_content=pin_11150_36-28_plans&utm_term=proekty-domov-s-planirovkami,,"проект дома 36-28, проект дома 351,8 м², планировка дома, планы этажей, готовый проект дома, оригинальная планировка, кирпич, catalog-plans.ru"
"Проект дома №58-80A площадью 190,93 м² с планировками",https://raw.githubusercontent.com/nemchenik/test/0d914bce6920c8382fb3a50f11ae3de3cb6574e0/pinterest/generated_batch_59_floor_plans_desert_rose_static/58-80A.jpg,Планировки частных домов,,"Проект дома №58-80A: площадь 190,93 м², 2 этажа, габариты 9×10 м, материал стен — газобетон. На карточке показаны оригинальные планировки этажей. Сохраните планы дома и откройте проект, чтобы узнать подробности и актуальную стоимость.",https://catalog-plans.ru/catalog/58-80A?utm_source=pinterest&utm_medium=organic&utm_campaign=generated_floor_plans_desert_rose_static_batch_59&utm_content=pin_11151_58-80A_plans&utm_term=proekty-domov-s-planirovkami,,"проект дома 58-80A, проект дома 190,93 м², планировка дома, планы этажей, готовый проект дома, оригинальная планировка, газобетон, catalog-plans.ru"
"Проект дома №60-94 площадью 142,52 м² с планировками",https://raw.githubusercontent.com/nemchenik/test/0d914bce6920c8382fb3a50f11ae3de3cb6574e0/pinterest/generated_batch_59_floor_plans_desert_rose_static/60-94.jpg,Планировки частных домов,,"Проект дома №60-94: площадь 142,52 м², 2 этажа, габариты 11.6×11.6 м, материал стен — газобетон. На карточке показаны оригинальные планировки этажей. Сохраните планы дома и откройте проект, чтобы узнать подробности и актуальную стоимость.",https://catalog-plans.ru/catalog/60-94?utm_source=pinterest&utm_medium=organic&utm_campaign=generated_floor_plans_desert_rose_static_batch_59&utm_content=pin_11152_60-94_plans&utm_term=proekty-domov-s-planirovkami,,"проект дома 60-94, проект дома 142,52 м², планировка дома, планы этажей, готовый проект дома, оригинальная планировка, газобетон, catalog-plans.ru"
"Проект дома №49-60K площадью 160,3 м² с планировками",https://raw.githubusercontent.com/nemchenik/test/0d914bce6920c8382fb3a50f11ae3de3cb6574e0/pinterest/generated_batch_59_floor_plans_desert_rose_static/49-60K.jpg,Планировки частных домов,,"Проект дома №49-60K: площадь 160,3 м², 2 этажа, габариты 10.1×13.8 м, материал стен — кирпич. На карточке показаны оригинальные планировки этажей. Сохраните планы дома и откройте проект, чтобы узнать подробности и актуальную стоимость.",https://catalog-plans.ru/catalog/49-60K?utm_source=pinterest&utm_medium=organic&utm_campaign=generated_floor_plans_desert_rose_static_batch_59&utm_content=pin_11153_49-60K_plans&utm_term=proekty-domov-s-planirovkami,,"проект дома 49-60K, проект дома 160,3 м², планировка дома, планы этажей, готовый проект дома, оригинальная планировка, кирпич, catalog-plans.ru"
"Проект дома №58-87YL площадью 195,39 м² с планировками",https://raw.githubusercontent.com/nemchenik/test/0d914bce6920c8382fb3a50f11ae3de3cb6574e0/pinterest/generated_batch_59_floor_plans_desert_rose_static/58-87YL.jpg,Планировки частных домов,,"Проект дома №58-87YL: площадь 195,39 м², 2 этажа, габариты 10.95×20.2 м, материал стен — газобетон. На карточке показаны оригинальные планировки этажей. Сохраните планы дома и откройте проект, чтобы узнать подробности и актуальную стоимость.",https://catalog-plans.ru/catalog/58-87YL?utm_source=pinterest&utm_medium=organic&utm_campaign=generated_floor_plans_desert_rose_static_batch_59&utm_content=pin_11154_58-87YL_plans&utm_term=proekty-domov-s-planirovkami,,"проект дома 58-87YL, проект дома 195,39 м², планировка дома, планы этажей, готовый проект дома, оригинальная планировка, газобетон, catalog-plans.ru"
"Проект дома №45-64HDG площадью 197,28 м² с планировками",https://raw.githubusercontent.com/nemchenik/test/0d914bce6920c8382fb3a50f11ae3de3cb6574e0/pinterest/generated_batch_59_floor_plans_desert_rose_static/45-64HDG.jpg,Планировки частных домов,,"Проект дома №45-64HDG: площадь 197,28 м², 2 этажа, габариты 10.4×13.4 м, материал стен — газобетон. На карточке показаны оригинальные планировки этажей. Сохраните планы дома и откройте проект, чтобы узнать подробности и актуальную стоимость.",https://catalog-plans.ru/catalog/45-64HDG?utm_source=pinterest&utm_medium=organic&utm_campaign=generated_floor_plans_desert_rose_static_batch_59&utm_content=pin_11155_45-64HDG_plans&utm_term=proekty-domov-s-planirovkami,,"проект дома 45-64HDG, проект дома 197,28 м², планировка дома, планы этажей, готовый проект дома, оригинальная планировка, газобетон, catalog-plans.ru"
"Проект дома №72-03 площадью 227,46 м² с планировками",https://raw.githubusercontent.com/nemchenik/test/0d914bce6920c8382fb3a50f11ae3de3cb6574e0/pinterest/generated_batch_59_floor_plans_desert_rose_static/72-03.jpg,Планировки частных домов,,"Проект дома №72-03: площадь 227,46 м², 2 этажа, габариты 16.95×18.56 м, материал стен — газобетон. На карточке показаны оригинальные планировки этажей. Сохраните планы дома и откройте проект, чтобы узнать подробности и актуальную стоимость.",https://catalog-plans.ru/catalog/72-03?utm_source=pinterest&utm_medium=organic&utm_campaign=generated_floor_plans_desert_rose_static_batch_59&utm_content=pin_11156_72-03_plans&utm_term=proekty-domov-s-planirovkami,,"проект дома 72-03, проект дома 227,46 м², планировка дома, планы этажей, готовый проект дома, оригинальная планировка, газобетон, catalog-plans.ru"
"Проект дома №59-76 площадью 328,3 м² с планировками",https://raw.githubusercontent.com/nemchenik/test/0d914bce6920c8382fb3a50f11ae3de3cb6574e0/pinterest/generated_batch_59_floor_plans_desert_rose_static/59-76.jpg,Планировки частных домов,,"Проект дома №59-76: площадь 328,3 м², 2 этажа, габариты 15.38×16.92 м, материал стен — газобетон. На карточке показаны оригинальные планировки этажей. Сохраните планы дома и откройте проект, чтобы узнать подробности и актуальную стоимость.",https://catalog-plans.ru/catalog/59-76?utm_source=pinterest&utm_medium=organic&utm_campaign=generated_floor_plans_desert_rose_static_batch_59&utm_content=pin_11157_59-76_plans&utm_term=proekty-domov-s-planirovkami,,"проект дома 59-76, проект дома 328,3 м², планировка дома, планы этажей, готовый проект дома, оригинальная планировка, газобетон, catalog-plans.ru"
"Проект дома №59-97A площадью 150,56 м² с планировками",https://raw.githubusercontent.com/nemchenik/test/0d914bce6920c8382fb3a50f11ae3de3cb6574e0/pinterest/generated_batch_59_floor_plans_desert_rose_static/59-97A.jpg,Планировки частных домов,,"Проект дома №59-97A: площадь 150,56 м², 2 этажа, габариты 10.4×11.5 м, материал стен — газобетон. На карточке показаны оригинальные планировки этажей. Сохраните планы дома и откройте проект, чтобы узнать подробности и актуальную стоимость.",https://catalog-plans.ru/catalog/59-97A?utm_source=pinterest&utm_medium=organic&utm_campaign=generated_floor_plans_desert_rose_static_batch_59&utm_content=pin_11158_59-97A_plans&utm_term=proekty-domov-s-planirovkami,,"проект дома 59-97A, проект дома 150,56 м², планировка дома, планы этажей, готовый проект дома, оригинальная планировка, газобетон, catalog-plans.ru"
"Проект дома №57-10B площадью 195,55 м² с планировками",https://raw.githubusercontent.com/nemchenik/test/0d914bce6920c8382fb3a50f11ae3de3cb6574e0/pinterest/generated_batch_59_floor_plans_desert_rose_static/57-10B.jpg,Планировки частных домов,,"Проект дома №57-10B: площадь 195,55 м², 2 этажа, габариты 10.2×12.85 м, материал стен — газобетон. На карточке показаны оригинальные планировки этажей. Сохраните планы дома и откройте проект, чтобы узнать подробности и актуальную стоимость.",https://catalog-plans.ru/catalog/57-10B?utm_source=pinterest&utm_medium=organic&utm_campaign=generated_floor_plans_desert_rose_static_batch_59&utm_content=pin_11159_57-10B_plans&utm_term=proekty-domov-s-planirovkami,,"проект дома 57-10B, проект дома 195,55 м², планировка дома, планы этажей, готовый проект дома, оригинальная планировка, газобетон, catalog-plans.ru"
"Проект дома №62-71BDB площадью 142,1 м² с планировками",https://raw.githubusercontent.com/nemchenik/test/0d914bce6920c8382fb3a50f11ae3de3cb6574e0/pinterest/generated_batch_59_floor_plans_desert_rose_static/62-71BDB.jpg,Планировки частных домов,,"Проект дома №62-71BDB: площадь 142,1 м², 2 этажа, габариты 10×10 м, материал стен — газобетон. На карточке показаны оригинальные планировки этажей. Сохраните планы дома и откройте проект, чтобы узнать подробности и актуальную стоимость.",https://catalog-plans.ru/catalog/62-71BDB?utm_source=pinterest&utm_medium=organic&utm_campaign=generated_floor_plans_desert_rose_static_batch_59&utm_content=pin_11160_62-71BDB_plans&utm_term=proekty-domov-s-planirovkami,,"проект дома 62-71BDB, проект дома 142,1 м², планировка дома, планы этажей, готовый проект дома, оригинальная планировка, газобетон, catalog-plans.ru"
"Проект дома №45-08F площадью 296,79 м² с планировками",https://raw.githubusercontent.com/nemchenik/test/0d914bce6920c8382fb3a50f11ae3de3cb6574e0/pinterest/generated_batch_59_floor_plans_desert_rose_static/45-08F.jpg,Планировки частных домов,,"Проект дома №45-08F: площадь 296,79 м², 1 этаж, габариты 18.32×25.98 м, материал стен — кирпич. На карточке показаны оригинальные планировки этажей. Сохраните планы дома и откройте проект, чтобы узнать подробности и актуальную стоимость.",https://catalog-plans.ru/catalog/45-08F?utm_source=pinterest&utm_medium=organic&utm_campaign=generated_floor_plans_desert_rose_static_batch_59&utm_content=pin_11161_45-08F_plans&utm_term=proekty-domov-s-planirovkami,,"проект дома 45-08F, проект дома 296,79 м², планировка дома, планы этажей, готовый проект дома, оригинальная планировка, кирпич, catalog-plans.ru"
"Проект дома №57-62ABL площадью 193,1 м² с планировками",https://raw.githubusercontent.com/nemchenik/test/0d914bce6920c8382fb3a50f11ae3de3cb6574e0/pinterest/generated_batch_59_floor_plans_desert_rose_static/57-62ABL.jpg,Планировки частных домов,,"Проект дома №57-62ABL: площадь 193,1 м², 2 этажа, габариты 10.72×14.26 м, материал стен — газобетон. На карточке показаны оригинальные планировки этажей. Сохраните планы дома и откройте проект, чтобы узнать подробности и актуальную стоимость.",https://catalog-plans.ru/catalog/57-62ABL?utm_source=pinterest&utm_medium=organic&utm_campaign=generated_floor_plans_desert_rose_static_batch_59&utm_content=pin_11162_57-62ABL_plans&utm_term=proekty-domov-s-planirovkami,,"проект дома 57-62ABL, проект дома 193,1 м², планировка дома, планы этажей, готовый проект дома, оригинальная планировка, газобетон, catalog-plans.ru"
"Проект дома №45-35C площадью 644,05 м² с планировками",https://raw.githubusercontent.com/nemchenik/test/0d914bce6920c8382fb3a50f11ae3de3cb6574e0/pinterest/generated_batch_59_floor_plans_desert_rose_static/45-35C.jpg,Планировки частных домов,,"Проект дома №45-35C: площадь 644,05 м², 2 этажа, габариты 20.48×30.91 м, материал стен — кирпич. На карточке показаны оригинальные планировки этажей. Сохраните планы дома и откройте проект, чтобы узнать подробности и актуальную стоимость.",https://catalog-plans.ru/catalog/45-35C?utm_source=pinterest&utm_medium=organic&utm_campaign=generated_floor_plans_desert_rose_static_batch_59&utm_content=pin_11163_45-35C_plans&utm_term=proekty-domov-s-planirovkami,,"проект дома 45-35C, проект дома 644,05 м², планировка дома, планы этажей, готовый проект дома, оригинальная планировка, кирпич, catalog-plans.ru"
"Проект дома №63-05ABK1L площадью 112,75 м² с планировками",https://raw.githubusercontent.com/nemchenik/test/0d914bce6920c8382fb3a50f11ae3de3cb6574e0/pinterest/generated_batch_59_floor_plans_desert_rose_static/63-05ABK1L.jpg,Планировки частных домов,,"Проект дома №63-05ABK1L: площадь 112,75 м², 2 этажа, габариты 10.3×8.52 м, материал стен — кирпич. На карточке показаны оригинальные планировки этажей. Сохраните планы дома и откройте проект, чтобы узнать подробности и актуальную стоимость.",https://catalog-plans.ru/catalog/63-05ABK1L?utm_source=pinterest&utm_medium=organic&utm_campaign=generated_floor_plans_desert_rose_static_batch_59&utm_content=pin_11164_63-05ABK1L_plans&utm_term=proekty-domov-s-planirovkami,,"проект дома 63-05ABK1L, проект дома 112,75 м², планировка дома, планы этажей, готовый проект дома, оригинальная планировка, кирпич, catalog-plans.ru"
"Проект дома №64-53 площадью 238,97 м² с планировками",https://raw.githubusercontent.com/nemchenik/test/0d914bce6920c8382fb3a50f11ae3de3cb6574e0/pinterest/generated_batch_59_floor_plans_desert_rose_static/64-53.jpg,Планировки частных домов,,"Проект дома №64-53: площадь 238,97 м², 2 этажа, габариты 19.5×13.4 м, материал стен — газобетон. На карточке показаны оригинальные планировки этажей. Сохраните планы дома и откройте проект, чтобы узнать подробности и актуальную стоимость.",https://catalog-plans.ru/catalog/64-53?utm_source=pinterest&utm_medium=organic&utm_campaign=generated_floor_plans_desert_rose_static_batch_59&utm_content=pin_11165_64-53_plans&utm_term=proekty-domov-s-planirovkami,,"проект дома 64-53, проект дома 238,97 м², планировка дома, планы этажей, готовый проект дома, оригинальная планировка, газобетон, catalog-plans.ru"
"Проект дома №64-53A площадью 150,31 м² с планировками",https://raw.githubusercontent.com/nemchenik/test/0d914bce6920c8382fb3a50f11ae3de3cb6574e0/pinterest/generated_batch_59_floor_plans_desert_rose_static/64-53A.jpg,Планировки частных домов,,"Проект дома №64-53A: площадь 150,31 м², 1 этаж, габариты 13.4×14.75 м, материал стен — газобетон. На карточке показаны оригинальные планировки этажей. Сохраните планы дома и откройте проект, чтобы узнать подробности и актуальную стоимость.",https://catalog-plans.ru/catalog/64-53A?utm_source=pinterest&utm_medium=organic&utm_campaign=generated_floor_plans_desert_rose_static_batch_59&utm_content=pin_11166_64-53A_plans&utm_term=proekty-domov-s-planirovkami,,"проект дома 64-53A, проект дома 150,31 м², планировка дома, планы этажей, готовый проект дома, оригинальная планировка, газобетон, catalog-plans.ru"
Проект дома №45-70K1L площадью 94 м² с планировками,https://raw.githubusercontent.com/nemchenik/test/0d914bce6920c8382fb3a50f11ae3de3cb6574e0/pinterest/generated_batch_59_floor_plans_desert_rose_static/45-70K1L.jpg,Планировки частных домов,,"Проект дома №45-70K1L: площадь 94 м², 1 этаж, габариты 10.08×12.08 м, материал стен — керамзитобетон. На карточке показаны оригинальные планировки этажей. Сохраните планы дома и откройте проект, чтобы узнать подробности и актуальную стоимость.",https://catalog-plans.ru/catalog/45-70K1L?utm_source=pinterest&utm_medium=organic&utm_campaign=generated_floor_plans_desert_rose_static_batch_59&utm_content=pin_11167_45-70K1L_plans&utm_term=proekty-domov-s-planirovkami,,"проект дома 45-70K1L, проект дома 94 м², планировка дома, планы этажей, готовый проект дома, оригинальная планировка, керамзитобетон, catalog-plans.ru"
"Проект дома №59-90AB площадью 247,93 м² с планировками",https://raw.githubusercontent.com/nemchenik/test/0d914bce6920c8382fb3a50f11ae3de3cb6574e0/pinterest/generated_batch_59_floor_plans_desert_rose_static/59-90AB.jpg,Планировки частных домов,,"Проект дома №59-90AB: площадь 247,93 м², 2 этажа, габариты 9.1×14.2 м, материал стен — газобетон. На карточке показаны оригинальные планировки этажей. Сохраните планы дома и откройте проект, чтобы узнать подробности и актуальную стоимость.",https://catalog-plans.ru/catalog/59-90AB?utm_source=pinterest&utm_medium=organic&utm_campaign=generated_floor_plans_desert_rose_static_batch_59&utm_content=pin_11168_59-90AB_plans&utm_term=proekty-domov-s-planirovkami,,"проект дома 59-90AB, проект дома 247,93 м², планировка дома, планы этажей, готовый проект дома, оригинальная планировка, газобетон, catalog-plans.ru"
"Проект дома №58-66FABBKL площадью 308,71 м² с планировками",https://raw.githubusercontent.com/nemchenik/test/0d914bce6920c8382fb3a50f11ae3de3cb6574e0/pinterest/generated_batch_59_floor_plans_desert_rose_static/58-66FABBKL.jpg,Планировки частных домов,,"Проект дома №58-66FABBKL: площадь 308,71 м², 2 этажа, габариты 11.98×22.43 м, материал стен — кирпич. На карточке показаны оригинальные планировки этажей. Сохраните планы дома и откройте проект, чтобы узнать подробности и актуальную стоимость.",https://catalog-plans.ru/catalog/58-66FABBKL?utm_source=pinterest&utm_medium=organic&utm_campaign=generated_floor_plans_desert_rose_static_batch_59&utm_content=pin_11169_58-66FABBKL_plans&utm_term=proekty-domov-s-planirovkami,,"проект дома 58-66FABBKL, проект дома 308,71 м², планировка дома, планы этажей, готовый проект дома, оригинальная планировка, кирпич, catalog-plans.ru"
"Проект дома №34-59 площадью 140,6 м² с планировками",https://raw.githubusercontent.com/nemchenik/test/0d914bce6920c8382fb3a50f11ae3de3cb6574e0/pinterest/generated_batch_59_floor_plans_desert_rose_static/34-59.jpg,Планировки частных домов,,"Проект дома №34-59: площадь 140,6 м², 2 этажа, габариты 8.4×10.2 м, материал стен — кирпич. На карточке показаны оригинальные планировки этажей. Сохраните планы дома и откройте проект, чтобы узнать подробности и актуальную стоимость.",https://catalog-plans.ru/catalog/34-59?utm_source=pinterest&utm_medium=organic&utm_campaign=generated_floor_plans_desert_rose_static_batch_59&utm_content=pin_11170_34-59_plans&utm_term=proekty-domov-s-planirovkami,,"проект дома 34-59, проект дома 140,6 м², планировка дома, планы этажей, готовый проект дома, оригинальная планировка, кирпич, catalog-plans.ru"
Проект дома №55-03 площадью 214 м² с планировками,https://raw.githubusercontent.com/nemchenik/test/0d914bce6920c8382fb3a50f11ae3de3cb6574e0/pinterest/generated_batch_59_floor_plans_desert_rose_static/55-03.jpg,Планировки частных домов,,"Проект дома №55-03: площадь 214 м², 2 этажа, габариты 9.6×13.5 м, материал стен — газобетон. На карточке показаны оригинальные планировки этажей. Сохраните планы дома и откройте проект, чтобы узнать подробности и актуальную стоимость.",https://catalog-plans.ru/catalog/55-03?utm_source=pinterest&utm_medium=organic&utm_campaign=generated_floor_plans_desert_rose_static_batch_59&utm_content=pin_11171_55-03_plans&utm_term=proekty-domov-s-planirovkami,,"проект дома 55-03, проект дома 214 м², планировка дома, планы этажей, готовый проект дома, оригинальная планировка, газобетон, catalog-plans.ru"
"Проект дома №63-08A площадью 521,92 м² с планировками",https://raw.githubusercontent.com/nemchenik/test/0d914bce6920c8382fb3a50f11ae3de3cb6574e0/pinterest/generated_batch_59_floor_plans_desert_rose_static/63-08A.jpg,Планировки частных домов,,"Проект дома №63-08A: площадь 521,92 м², 1 этаж, габариты 20.4×28.5 м, материал стен — газобетон. На карточке показаны оригинальные планировки этажей. Сохраните планы дома и откройте проект, чтобы узнать подробности и актуальную стоимость.",https://catalog-plans.ru/catalog/63-08A?utm_source=pinterest&utm_medium=organic&utm_campaign=generated_floor_plans_desert_rose_static_batch_59&utm_content=pin_11172_63-08A_plans&utm_term=proekty-domov-s-planirovkami,,"проект дома 63-08A, проект дома 521,92 м², планировка дома, планы этажей, готовый проект дома, оригинальная планировка, газобетон, catalog-plans.ru"
"Проект дома №40-17BGL площадью 150,36 м² с планировками",https://raw.githubusercontent.com/nemchenik/test/0d914bce6920c8382fb3a50f11ae3de3cb6574e0/pinterest/generated_batch_59_floor_plans_desert_rose_static/40-17BGL.jpg,Планировки частных домов,,"Проект дома №40-17BGL: площадь 150,36 м², 2 этажа, габариты 8.96×11.96 м, материал стен — газобетон. На карточке показаны оригинальные планировки этажей. Сохраните планы дома и откройте проект, чтобы узнать подробности и актуальную стоимость.",https://catalog-plans.ru/catalog/40-17BGL?utm_source=pinterest&utm_medium=organic&utm_campaign=generated_floor_plans_desert_rose_static_batch_59&utm_content=pin_11173_40-17BGL_plans&utm_term=proekty-domov-s-planirovkami,,"проект дома 40-17BGL, проект дома 150,36 м², планировка дома, планы этажей, готовый проект дома, оригинальная планировка, газобетон, catalog-plans.ru"
"Проект дома №58-42K площадью 151,99 м² с планировками",https://raw.githubusercontent.com/nemchenik/test/0d914bce6920c8382fb3a50f11ae3de3cb6574e0/pinterest/generated_batch_59_floor_plans_desert_rose_static/58-42K.jpg,Планировки частных домов,,"Проект дома №58-42K: площадь 151,99 м², 2 этажа, габариты 10.3×14.76 м, материал стен — кирпич. На карточке показаны оригинальные планировки этажей. Сохраните планы дома и откройте проект, чтобы узнать подробности и актуальную стоимость.",https://catalog-plans.ru/catalog/58-42K?utm_source=pinterest&utm_medium=organic&utm_campaign=generated_floor_plans_desert_rose_static_batch_59&utm_content=pin_11174_58-42K_plans&utm_term=proekty-domov-s-planirovkami,,"проект дома 58-42K, проект дома 151,99 м², планировка дома, планы этажей, готовый проект дома, оригинальная планировка, кирпич, catalog-plans.ru"
"Проект дома №58-70WB площадью 117,77 м² с планировками",https://raw.githubusercontent.com/nemchenik/test/0d914bce6920c8382fb3a50f11ae3de3cb6574e0/pinterest/generated_batch_59_floor_plans_desert_rose_static/58-70WB.jpg,Планировки частных домов,,"Проект дома №58-70WB: площадь 117,77 м², 1 этаж, габариты 11.9×13.9 м, материал стен — газобетон. На карточке показаны оригинальные планировки этажей. Сохраните планы дома и откройте проект, чтобы узнать подробности и актуальную стоимость.",https://catalog-plans.ru/catalog/58-70WB?utm_source=pinterest&utm_medium=organic&utm_campaign=generated_floor_plans_desert_rose_static_batch_59&utm_content=pin_11175_58-70WB_plans&utm_term=proekty-domov-s-planirovkami,,"проект дома 58-70WB, проект дома 117,77 м², планировка дома, планы этажей, готовый проект дома, оригинальная планировка, газобетон, catalog-plans.ru"
"Проект дома №45-64FAKL площадью 358,08 м² с планировками",https://raw.githubusercontent.com/nemchenik/test/0d914bce6920c8382fb3a50f11ae3de3cb6574e0/pinterest/generated_batch_59_floor_plans_desert_rose_static/45-64FAKL.jpg,Планировки частных домов,,"Проект дома №45-64FAKL: площадь 358,08 м², 2 этажа, габариты 11.32×25.93 м, материал стен — кирпич. На карточке показаны оригинальные планировки этажей. Сохраните планы дома и откройте проект, чтобы узнать подробности и актуальную стоимость.",https://catalog-plans.ru/catalog/45-64FAKL?utm_source=pinterest&utm_medium=organic&utm_campaign=generated_floor_plans_desert_rose_static_batch_59&utm_content=pin_11176_45-64FAKL_plans&utm_term=proekty-domov-s-planirovkami,,"проект дома 45-64FAKL, проект дома 358,08 м², планировка дома, планы этажей, готовый проект дома, оригинальная планировка, кирпич, catalog-plans.ru"
"Проект дома №58-84DA площадью 299,13 м² с планировками",https://raw.githubusercontent.com/nemchenik/test/0d914bce6920c8382fb3a50f11ae3de3cb6574e0/pinterest/generated_batch_59_floor_plans_desert_rose_static/58-84DA.jpg,Планировки частных домов,,"Проект дома №58-84DA: площадь 299,13 м², 2 этажа, габариты 12×13 м, материал стен — газобетон. На карточке показаны оригинальные планировки этажей. Сохраните планы дома и откройте проект, чтобы узнать подробности и актуальную стоимость.",https://catalog-plans.ru/catalog/58-84DA?utm_source=pinterest&utm_medium=organic&utm_campaign=generated_floor_plans_desert_rose_static_batch_59&utm_content=pin_11177_58-84DA_plans&utm_term=proekty-domov-s-planirovkami,,"проект дома 58-84DA, проект дома 299,13 м², планировка дома, планы этажей, готовый проект дома, оригинальная планировка, газобетон, catalog-plans.ru"
"Проект дома №63-93 площадью 297,59 м² с планировками",https://raw.githubusercontent.com/nemchenik/test/0d914bce6920c8382fb3a50f11ae3de3cb6574e0/pinterest/generated_batch_59_floor_plans_desert_rose_static/63-93.jpg,Планировки частных домов,,"Проект дома №63-93: площадь 297,59 м², 2 этажа, габариты 13.74×17.24 м, материал стен — монолитный каркас. На карточке показаны оригинальные планировки этажей. Сохраните планы дома и откройте проект, чтобы узнать подробности и актуальную стоимость.",https://catalog-plans.ru/catalog/63-93?utm_source=pinterest&utm_medium=organic&utm_campaign=generated_floor_plans_desert_rose_static_batch_59&utm_content=pin_11178_63-93_plans&utm_term=proekty-domov-s-planirovkami,,"проект дома 63-93, проект дома 297,59 м², планировка дома, планы этажей, готовый проект дома, оригинальная планировка, монолитный каркас, catalog-plans.ru"
"Проект дома №34-70 площадью 495,3 м² с планировками",https://raw.githubusercontent.com/nemchenik/test/0d914bce6920c8382fb3a50f11ae3de3cb6574e0/pinterest/generated_batch_59_floor_plans_desert_rose_static/34-70.jpg,Планировки частных домов,,"Проект дома №34-70: площадь 495,3 м², 2 этажа, габариты 16.98×30.04 м, материал стен — кирпич. На карточке показаны оригинальные планировки этажей. Сохраните планы дома и откройте проект, чтобы узнать подробности и актуальную стоимость.",https://catalog-plans.ru/catalog/34-70?utm_source=pinterest&utm_medium=organic&utm_campaign=generated_floor_plans_desert_rose_static_batch_59&utm_content=pin_11179_34-70_plans&utm_term=proekty-domov-s-planirovkami,,"проект дома 34-70, проект дома 495,3 м², планировка дома, планы этажей, готовый проект дома, оригинальная планировка, кирпич, catalog-plans.ru"
"Проект дома №53-73 площадью 269,8 м² с планировками",https://raw.githubusercontent.com/nemchenik/test/0d914bce6920c8382fb3a50f11ae3de3cb6574e0/pinterest/generated_batch_59_floor_plans_desert_rose_static/53-73.jpg,Планировки частных домов,,"Проект дома №53-73: площадь 269,8 м², 2 этажа, габариты 9.7×13.4 м, материал стен — газобетон. На карточке показаны оригинальные планировки этажей. Сохраните планы дома и откройте проект, чтобы узнать подробности и актуальную стоимость.",https://catalog-plans.ru/catalog/53-73?utm_source=pinterest&utm_medium=organic&utm_campaign=generated_floor_plans_desert_rose_static_batch_59&utm_content=pin_11180_53-73_plans&utm_term=proekty-domov-s-planirovkami,,"проект дома 53-73, проект дома 269,8 м², планировка дома, планы этажей, готовый проект дома, оригинальная планировка, газобетон, catalog-plans.ru"
"Проект дома №51-26 площадью 168,2 м² с планировками",https://raw.githubusercontent.com/nemchenik/test/0d914bce6920c8382fb3a50f11ae3de3cb6574e0/pinterest/generated_batch_59_floor_plans_desert_rose_static/51-26.jpg,Планировки частных домов,,"Проект дома №51-26: площадь 168,2 м², 2 этажа, габариты 11×14.9 м, материал стен — газобетон. На карточке показаны оригинальные планировки этажей. Сохраните планы дома и откройте проект, чтобы узнать подробности и актуальную стоимость.",https://catalog-plans.ru/catalog/51-26?utm_source=pinterest&utm_medium=organic&utm_campaign=generated_floor_plans_desert_rose_static_batch_59&utm_content=pin_11181_51-26_plans&utm_term=proekty-domov-s-planirovkami,,"проект дома 51-26, проект дома 168,2 м², планировка дома, планы этажей, готовый проект дома, оригинальная планировка, газобетон, catalog-plans.ru"
"Проект дома №57-02CEDRAL площадью 147,25 м² с планировками",https://raw.githubusercontent.com/nemchenik/test/0d914bce6920c8382fb3a50f11ae3de3cb6574e0/pinterest/generated_batch_59_floor_plans_desert_rose_static/57-02CEDRAL.jpg,Планировки частных домов,,"Проект дома №57-02CEDRAL: площадь 147,25 м², 2 этажа, габариты 10×12.25 м, материал стен — газобетон. На карточке показаны оригинальные планировки этажей. Сохраните планы дома и откройте проект, чтобы узнать подробности и актуальную стоимость.",https://catalog-plans.ru/catalog/57-02CEDRAL?utm_source=pinterest&utm_medium=organic&utm_campaign=generated_floor_plans_desert_rose_static_batch_59&utm_content=pin_11182_57-02CEDRAL_plans&utm_term=proekty-domov-s-planirovkami,,"проект дома 57-02CEDRAL, проект дома 147,25 м², планировка дома, планы этажей, готовый проект дома, оригинальная планировка, газобетон, catalog-plans.ru"
"Проект дома №72-23 площадью 171,9 м² с планировками",https://raw.githubusercontent.com/nemchenik/test/0d914bce6920c8382fb3a50f11ae3de3cb6574e0/pinterest/generated_batch_59_floor_plans_desert_rose_static/72-23.jpg,Планировки частных домов,,"Проект дома №72-23: площадь 171,9 м², 1 этаж, габариты 9.7×15.76 м, материал стен — газобетон. На карточке показаны оригинальные планировки этажей. Сохраните планы дома и откройте проект, чтобы узнать подробности и актуальную стоимость.",https://catalog-plans.ru/catalog/72-23?utm_source=pinterest&utm_medium=organic&utm_campaign=generated_floor_plans_desert_rose_static_batch_59&utm_content=pin_11183_72-23_plans&utm_term=proekty-domov-s-planirovkami,,"проект дома 72-23, проект дома 171,9 м², планировка дома, планы этажей, готовый проект дома, оригинальная планировка, газобетон, catalog-plans.ru"
"Проект дома №40-35G площадью 270,52 м² с планировками",https://raw.githubusercontent.com/nemchenik/test/0d914bce6920c8382fb3a50f11ae3de3cb6574e0/pinterest/generated_batch_59_floor_plans_desert_rose_static/40-35G.jpg,Планировки частных домов,,"Проект дома №40-35G: площадь 270,52 м², 2 этажа, габариты 15.95×16.13 м, материал стен — газобетон. На карточке показаны оригинальные планировки этажей. Сохраните планы дома и откройте проект, чтобы узнать подробности и актуальную стоимость.",https://catalog-plans.ru/catalog/40-35G?utm_source=pinterest&utm_medium=organic&utm_campaign=generated_floor_plans_desert_rose_static_batch_59&utm_content=pin_11184_40-35G_plans&utm_term=proekty-domov-s-planirovkami,,"проект дома 40-35G, проект дома 270,52 м², планировка дома, планы этажей, готовый проект дома, оригинальная планировка, газобетон, catalog-plans.ru"
"Проект дома №60-97 площадью 218,44 м² с планировками",https://raw.githubusercontent.com/nemchenik/test/0d914bce6920c8382fb3a50f11ae3de3cb6574e0/pinterest/generated_batch_59_floor_plans_desert_rose_static/60-97.jpg,Планировки частных домов,,"Проект дома №60-97: площадь 218,44 м², 2 этажа, габариты 13.32×13.82 м, материал стен — газобетон. На карточке показаны оригинальные планировки этажей. Сохраните планы дома и откройте проект, чтобы узнать подробности и актуальную стоимость.",https://catalog-plans.ru/catalog/60-97?utm_source=pinterest&utm_medium=organic&utm_campaign=generated_floor_plans_desert_rose_static_batch_59&utm_content=pin_11185_60-97_plans&utm_term=proekty-domov-s-planirovkami,,"проект дома 60-97, проект дома 218,44 м², планировка дома, планы этажей, готовый проект дома, оригинальная планировка, газобетон, catalog-plans.ru"
"Проект дома №57-82K площадью 282,09 м² с планировками",https://raw.githubusercontent.com/nemchenik/test/0d914bce6920c8382fb3a50f11ae3de3cb6574e0/pinterest/generated_batch_59_floor_plans_desert_rose_static/57-82K.jpg,Планировки частных домов,,"Проект дома №57-82K: площадь 282,09 м², 2 этажа, габариты 15.82×16.27 м, материал стен — кирпич. На карточке показаны оригинальные планировки этажей. Сохраните планы дома и откройте проект, чтобы узнать подробности и актуальную стоимость.",https://catalog-plans.ru/catalog/57-82K?utm_source=pinterest&utm_medium=organic&utm_campaign=generated_floor_plans_desert_rose_static_batch_59&utm_content=pin_11186_57-82K_plans&utm_term=proekty-domov-s-planirovkami,,"проект дома 57-82K, проект дома 282,09 м², планировка дома, планы этажей, готовый проект дома, оригинальная планировка, кирпич, catalog-plans.ru"
"Проект дома №40-84FGML площадью 354,25 м² с планировками",https://raw.githubusercontent.com/nemchenik/test/0d914bce6920c8382fb3a50f11ae3de3cb6574e0/pinterest/generated_batch_59_floor_plans_desert_rose_static/40-84FGML.jpg,Планировки частных домов,,"Проект дома №40-84FGML: площадь 354,25 м², 2 этажа, габариты 14.7×27.1 м, материал стен — монолитный каркас. На карточке показаны оригинальные планировки этажей. Сохраните планы дома и откройте проект, чтобы узнать подробности и актуальную стоимость.",https://catalog-plans.ru/catalog/40-84FGML?utm_source=pinterest&utm_medium=organic&utm_campaign=generated_floor_plans_desert_rose_static_batch_59&utm_content=pin_11187_40-84FGML_plans&utm_term=proekty-domov-s-planirovkami,,"проект дома 40-84FGML, проект дома 354,25 м², планировка дома, планы этажей, готовый проект дома, оригинальная планировка, монолитный каркас, catalog-plans.ru"
"Проект дома №40-26L площадью 324,68 м² с планировками",https://raw.githubusercontent.com/nemchenik/test/0d914bce6920c8382fb3a50f11ae3de3cb6574e0/pinterest/generated_batch_59_floor_plans_desert_rose_static/40-26L.jpg,Планировки частных домов,,"Проект дома №40-26L: площадь 324,68 м², 2 этажа, габариты 17.51×23.07 м, материал стен — кирпич. На карточке показаны оригинальные планировки этажей. Сохраните планы дома и откройте проект, чтобы узнать подробности и актуальную стоимость.",https://catalog-plans.ru/catalog/40-26L?utm_source=pinterest&utm_medium=organic&utm_campaign=generated_floor_plans_desert_rose_static_batch_59&utm_content=pin_11188_40-26L_plans&utm_term=proekty-domov-s-planirovkami,,"проект дома 40-26L, проект дома 324,68 м², планировка дома, планы этажей, готовый проект дома, оригинальная планировка, кирпич, catalog-plans.ru"
"Проект дома №49-12 площадью 133,4 м² с планировками",https://raw.githubusercontent.com/nemchenik/test/0d914bce6920c8382fb3a50f11ae3de3cb6574e0/pinterest/generated_batch_59_floor_plans_desert_rose_static/49-12.jpg,Планировки частных домов,,"Проект дома №49-12: площадь 133,4 м², 2 этажа, габариты 12.3×13.8 м, материал стен — газобетон. На карточке показаны оригинальные планировки этажей. Сохраните планы дома и откройте проект, чтобы узнать подробности и актуальную стоимость.",https://catalog-plans.ru/catalog/49-12?utm_source=pinterest&utm_medium=organic&utm_campaign=generated_floor_plans_desert_rose_static_batch_59&utm_content=pin_11189_49-12_plans&utm_term=proekty-domov-s-planirovkami,,"проект дома 49-12, проект дома 133,4 м², планировка дома, планы этажей, готовый проект дома, оригинальная планировка, газобетон, catalog-plans.ru"
Проект дома №51-95 площадью 250 м² с планировками,https://raw.githubusercontent.com/nemchenik/test/0d914bce6920c8382fb3a50f11ae3de3cb6574e0/pinterest/generated_batch_59_floor_plans_desert_rose_static/51-95.jpg,Планировки частных домов,,"Проект дома №51-95: площадь 250 м², 3 этажа, габариты 11.6×13.8 м, материал стен — газобетон. На карточке показаны оригинальные планировки этажей. Сохраните планы дома и откройте проект, чтобы узнать подробности и актуальную стоимость.",https://catalog-plans.ru/catalog/51-95?utm_source=pinterest&utm_medium=organic&utm_campaign=generated_floor_plans_desert_rose_static_batch_59&utm_content=pin_11190_51-95_plans&utm_term=proekty-domov-s-planirovkami,,"проект дома 51-95, проект дома 250 м², планировка дома, планы этажей, готовый проект дома, оригинальная планировка, газобетон, catalog-plans.ru"
"Проект дома №58-47AL площадью 168,74 м² с планировками",https://raw.githubusercontent.com/nemchenik/test/0d914bce6920c8382fb3a50f11ae3de3cb6574e0/pinterest/generated_batch_59_floor_plans_desert_rose_static/58-47AL.jpg,Планировки частных домов,,"Проект дома №58-47AL: площадь 168,74 м², 2 этажа, габариты 10.4×13.2 м, материал стен — газобетон. На карточке показаны оригинальные планировки этажей. Сохраните планы дома и откройте проект, чтобы узнать подробности и актуальную стоимость.",https://catalog-plans.ru/catalog/58-47AL?utm_source=pinterest&utm_medium=organic&utm_campaign=generated_floor_plans_desert_rose_static_batch_59&utm_content=pin_11191_58-47AL_plans&utm_term=proekty-domov-s-planirovkami,,"проект дома 58-47AL, проект дома 168,74 м², планировка дома, планы этажей, готовый проект дома, оригинальная планировка, газобетон, catalog-plans.ru"
"Проект дома №62-05EAW площадью 130,41 м² с планировками",https://raw.githubusercontent.com/nemchenik/test/0d914bce6920c8382fb3a50f11ae3de3cb6574e0/pinterest/generated_batch_59_floor_plans_desert_rose_static/62-05EAW.jpg,Планировки частных домов,,"Проект дома №62-05EAW: площадь 130,41 м², 1 этаж, габариты 14.7×15.65 м, материал стен — газобетон. На карточке показаны оригинальные планировки этажей. Сохраните планы дома и откройте проект, чтобы узнать подробности и актуальную стоимость.",https://catalog-plans.ru/catalog/62-05EAW?utm_source=pinterest&utm_medium=organic&utm_campaign=generated_floor_plans_desert_rose_static_batch_59&utm_content=pin_11192_62-05EAW_plans&utm_term=proekty-domov-s-planirovkami,,"проект дома 62-05EAW, проект дома 130,41 м², планировка дома, планы этажей, готовый проект дома, оригинальная планировка, газобетон, catalog-plans.ru"
"Проект дома №14-07 площадью 136,7 м² с планировками",https://raw.githubusercontent.com/nemchenik/test/0d914bce6920c8382fb3a50f11ae3de3cb6574e0/pinterest/generated_batch_59_floor_plans_desert_rose_static/14-07.jpg,Планировки частных домов,,"Проект дома №14-07: площадь 136,7 м², 2 этажа, габариты 8.4×9.2 м, материал стен — дерево. На карточке показаны оригинальные планировки этажей. Сохраните планы дома и откройте проект, чтобы узнать подробности и актуальную стоимость.",https://catalog-plans.ru/catalog/14-07?utm_source=pinterest&utm_medium=organic&utm_campaign=generated_floor_plans_desert_rose_static_batch_59&utm_content=pin_11193_14-07_plans&utm_term=proekty-domov-s-planirovkami,,"проект дома 14-07, проект дома 136,7 м², планировка дома, планы этажей, готовый проект дома, оригинальная планировка, дерево, catalog-plans.ru"
"Проект дома №62-78E площадью 178,41 м² с планировками",https://raw.githubusercontent.com/nemchenik/test/0d914bce6920c8382fb3a50f11ae3de3cb6574e0/pinterest/generated_batch_59_floor_plans_desert_rose_static/62-78E.jpg,Планировки частных домов,,"Проект дома №62-78E: площадь 178,41 м², 1 этаж, габариты 18.24×21.62 м, материал стен — газобетон. На карточке показаны оригинальные планировки этажей. Сохраните планы дома и откройте проект, чтобы узнать подробности и актуальную стоимость.",https://catalog-plans.ru/catalog/62-78E?utm_source=pinterest&utm_medium=organic&utm_campaign=generated_floor_plans_desert_rose_static_batch_59&utm_content=pin_11194_62-78E_plans&utm_term=proekty-domov-s-planirovkami,,"проект дома 62-78E, проект дома 178,41 м², планировка дома, планы этажей, готовый проект дома, оригинальная планировка, газобетон, catalog-plans.ru"
"Проект дома №68-86 площадью 238,54 м² с планировками",https://raw.githubusercontent.com/nemchenik/test/0d914bce6920c8382fb3a50f11ae3de3cb6574e0/pinterest/generated_batch_59_floor_plans_desert_rose_static/68-86.jpg,Планировки частных домов,,"Проект дома №68-86: площадь 238,54 м², 2 этажа, габариты 13.35×21.25 м, материал стен — газобетон. На карточке показаны оригинальные планировки этажей. Сохраните планы дома и откройте проект, чтобы узнать подробности и актуальную стоимость.",https://catalog-plans.ru/catalog/68-86?utm_source=pinterest&utm_medium=organic&utm_campaign=generated_floor_plans_desert_rose_static_batch_59&utm_content=pin_11195_68-86_plans&utm_term=proekty-domov-s-planirovkami,,"проект дома 68-86, проект дома 238,54 м², планировка дома, планы этажей, готовый проект дома, оригинальная планировка, газобетон, catalog-plans.ru"
"Проект дома №48-29BAK1 площадью 316,26 м² с планировками",https://raw.githubusercontent.com/nemchenik/test/0d914bce6920c8382fb3a50f11ae3de3cb6574e0/pinterest/generated_batch_59_floor_plans_desert_rose_static/48-29BAK1.jpg,Планировки частных домов,,"Проект дома №48-29BAK1: площадь 316,26 м², 2 этажа, габариты 13.5×20.72 м, материал стен — кирпич. На карточке показаны оригинальные планировки этажей. Сохраните планы дома и откройте проект, чтобы узнать подробности и актуальную стоимость.",https://catalog-plans.ru/catalog/48-29BAK1?utm_source=pinterest&utm_medium=organic&utm_campaign=generated_floor_plans_desert_rose_static_batch_59&utm_content=pin_11196_48-29BAK1_plans&utm_term=proekty-domov-s-planirovkami,,"проект дома 48-29BAK1, проект дома 316,26 м², планировка дома, планы этажей, готовый проект дома, оригинальная планировка, кирпич, catalog-plans.ru"
"Проект дома №33-16 площадью 270,3 м² с планировками",https://raw.githubusercontent.com/nemchenik/test/0d914bce6920c8382fb3a50f11ae3de3cb6574e0/pinterest/generated_batch_59_floor_plans_desert_rose_static/33-16.jpg,Планировки частных домов,,"Проект дома №33-16: площадь 270,3 м², 2 этажа, габариты 11.48×18 м, материал стен — кирпич. На карточке показаны оригинальные планировки этажей. Сохраните планы дома и откройте проект, чтобы узнать подробности и актуальную стоимость.",https://catalog-plans.ru/catalog/33-16?utm_source=pinterest&utm_medium=organic&utm_campaign=generated_floor_plans_desert_rose_static_batch_59&utm_content=pin_11197_33-16_plans&utm_term=proekty-domov-s-planirovkami,,"проект дома 33-16, проект дома 270,3 м², планировка дома, планы этажей, готовый проект дома, оригинальная планировка, кирпич, catalog-plans.ru"
"Проект дома №62-30F площадью 181,97 м² с планировками",https://raw.githubusercontent.com/nemchenik/test/0d914bce6920c8382fb3a50f11ae3de3cb6574e0/pinterest/generated_batch_59_floor_plans_desert_rose_static/62-30F.jpg,Планировки частных домов,,"Проект дома №62-30F: площадь 181,97 м², 1 этаж, габариты 18×16 м, материал стен — газобетон. На карточке показаны оригинальные планировки этажей. Сохраните планы дома и откройте проект, чтобы узнать подробности и актуальную стоимость.",https://catalog-plans.ru/catalog/62-30F?utm_source=pinterest&utm_medium=organic&utm_campaign=generated_floor_plans_desert_rose_static_batch_59&utm_content=pin_11198_62-30F_plans&utm_term=proekty-domov-s-planirovkami,,"проект дома 62-30F, проект дома 181,97 м², планировка дома, планы этажей, готовый проект дома, оригинальная планировка, газобетон, catalog-plans.ru"
"Проект дома №70-05 площадью 54,23 м² с планировками",https://raw.githubusercontent.com/nemchenik/test/0d914bce6920c8382fb3a50f11ae3de3cb6574e0/pinterest/generated_batch_59_floor_plans_desert_rose_static/70-05.jpg,Планировки частных домов,,"Проект дома №70-05: площадь 54,23 м², 1 этаж, габариты 6.2×9.4 м, материал стен — дерево. На карточке показаны оригинальные планировки этажей. Сохраните планы дома и откройте проект, чтобы узнать подробности и актуальную стоимость.",https://catalog-plans.ru/catalog/70-05?utm_source=pinterest&utm_medium=organic&utm_campaign=generated_floor_plans_desert_rose_static_batch_59&utm_content=pin_11199_70-05_plans&utm_term=proekty-domov-s-planirovkami,,"проект дома 70-05, проект дома 54,23 м², планировка дома, планы этажей, готовый проект дома, оригинальная планировка, дерево, catalog-plans.ru"
Проект дома №72-18 площадью 190 м² с планировками,https://raw.githubusercontent.com/nemchenik/test/0d914bce6920c8382fb3a50f11ae3de3cb6574e0/pinterest/generated_batch_59_floor_plans_desert_rose_static/72-18.jpg,Планировки частных домов,,"Проект дома №72-18: площадь 190 м², 2 этажа, габариты 11.42×15.26 м, материал стен — газобетон. На карточке показаны оригинальные планировки этажей. Сохраните планы дома и откройте проект, чтобы узнать подробности и актуальную стоимость.",https://catalog-plans.ru/catalog/72-18?utm_source=pinterest&utm_medium=organic&utm_campaign=generated_floor_plans_desert_rose_static_batch_59&utm_content=pin_11200_72-18_plans&utm_term=proekty-domov-s-planirovkami,,"проект дома 72-18, проект дома 190 м², планировка дома, планы этажей, готовый проект дома, оригинальная планировка, газобетон, catalog-plans.ru"
"Проект дома №58-87RACL площадью 423,98 м² с планировками",https://raw.githubusercontent.com/nemchenik/test/0d914bce6920c8382fb3a50f11ae3de3cb6574e0/pinterest/generated_batch_59_floor_plans_desert_rose_static/58-87RACL.jpg,Планировки частных домов,,"Проект дома №58-87RACL: площадь 423,98 м², 2 этажа, габариты 14.1×18.1 м, материал стен — газобетон. На карточке показаны оригинальные планировки этажей. Сохраните планы дома и откройте проект, чтобы узнать подробности и актуальную стоимость.",https://catalog-plans.ru/catalog/58-87RACL?utm_source=pinterest&utm_medium=organic&utm_campaign=generated_floor_plans_desert_rose_static_batch_59&utm_content=pin_11201_58-87RACL_plans&utm_term=proekty-domov-s-planirovkami,,"проект дома 58-87RACL, проект дома 423,98 м², планировка дома, планы этажей, готовый проект дома, оригинальная планировка, газобетон, catalog-plans.ru"
"Проект дома №70-88 площадью 238,84 м² с планировками",https://raw.githubusercontent.com/nemchenik/test/0d914bce6920c8382fb3a50f11ae3de3cb6574e0/pinterest/generated_batch_59_floor_plans_desert_rose_static/70-88.jpg,Планировки частных домов,,"Проект дома №70-88: площадь 238,84 м², 2 этажа, габариты 12×12.44 м, материал стен — деревянный каркас. На карточке показаны оригинальные планировки этажей. Сохраните планы дома и откройте проект, чтобы узнать подробности и актуальную стоимость.",https://catalog-plans.ru/catalog/70-88?utm_source=pinterest&utm_medium=organic&utm_campaign=generated_floor_plans_desert_rose_static_batch_59&utm_content=pin_11202_70-88_plans&utm_term=proekty-domov-s-planirovkami,,"проект дома 70-88, проект дома 238,84 м², планировка дома, планы этажей, готовый проект дома, оригинальная планировка, деревянный каркас, catalog-plans.ru"
"Проект дома №57-20DL площадью 183,25 м² с планировками",https://raw.githubusercontent.com/nemchenik/test/0d914bce6920c8382fb3a50f11ae3de3cb6574e0/pinterest/generated_batch_59_floor_plans_desert_rose_static/57-20DL.jpg,Планировки частных домов,,"Проект дома №57-20DL: площадь 183,25 м², 2 этажа, габариты 11.68×13.4 м, материал стен — газобетон. На карточке показаны оригинальные планировки этажей. Сохраните планы дома и откройте проект, чтобы узнать подробности и актуальную стоимость.",https://catalog-plans.ru/catalog/57-20DL?utm_source=pinterest&utm_medium=organic&utm_campaign=generated_floor_plans_desert_rose_static_batch_59&utm_content=pin_11203_57-20DL_plans&utm_term=proekty-domov-s-planirovkami,,"проект дома 57-20DL, проект дома 183,25 м², планировка дома, планы этажей, готовый проект дома, оригинальная планировка, газобетон, catalog-plans.ru"
"Проект дома №66-01WIKING площадью 92,96 м² с планировками",https://raw.githubusercontent.com/nemchenik/test/0d914bce6920c8382fb3a50f11ae3de3cb6574e0/pinterest/generated_batch_59_floor_plans_desert_rose_static/66-01WIKING.jpg,Планировки частных домов,,"Проект дома №66-01WIKING: площадь 92,96 м², 2 этажа, габариты 8.5×9.5 м, материал стен — деревянный каркас. На карточке показаны оригинальные планировки этажей. Сохраните планы дома и откройте проект, чтобы узнать подробности и актуальную стоимость.",https://catalog-plans.ru/catalog/66-01WIKING?utm_source=pinterest&utm_medium=organic&utm_campaign=generated_floor_plans_desert_rose_static_batch_59&utm_content=pin_11204_66-01WIKING_plans&utm_term=proekty-domov-s-planirovkami,,"проект дома 66-01WIKING, проект дома 92,96 м², планировка дома, планы этажей, готовый проект дома, оригинальная планировка, деревянный каркас, catalog-plans.ru"
"Проект дома №57-17B площадью 108,27 м² с планировками",https://raw.githubusercontent.com/nemchenik/test/0d914bce6920c8382fb3a50f11ae3de3cb6574e0/pinterest/generated_batch_59_floor_plans_desert_rose_static/57-17B.jpg,Планировки частных домов,,"Проект дома №57-17B: площадь 108,27 м², 2 этажа, габариты 8.9×8.9 м, материал стен — газобетон. На карточке показаны оригинальные планировки этажей. Сохраните планы дома и откройте проект, чтобы узнать подробности и актуальную стоимость.",https://catalog-plans.ru/catalog/57-17B?utm_source=pinterest&utm_medium=organic&utm_campaign=generated_floor_plans_desert_rose_static_batch_59&utm_content=pin_11205_57-17B_plans&utm_term=proekty-domov-s-planirovkami,,"проект дома 57-17B, проект дома 108,27 м², планировка дома, планы этажей, готовый проект дома, оригинальная планировка, газобетон, catalog-plans.ru"
"Проект дома №40-84FK2L площадью 396,82 м² с планировками",https://raw.githubusercontent.com/nemchenik/test/0d914bce6920c8382fb3a50f11ae3de3cb6574e0/pinterest/generated_batch_59_floor_plans_desert_rose_static/40-84FK2L.jpg,Планировки частных домов,,"Проект дома №40-84FK2L: площадь 396,82 м², 2 этажа, габариты 25.38×28.46 м, материал стен — монолитный каркас. На карточке показаны оригинальные планировки этажей. Сохраните планы дома и откройте проект, чтобы узнать подробности и актуальную стоимость.",https://catalog-plans.ru/catalog/40-84FK2L?utm_source=pinterest&utm_medium=organic&utm_campaign=generated_floor_plans_desert_rose_static_batch_59&utm_content=pin_11206_40-84FK2L_plans&utm_term=proekty-domov-s-planirovkami,,"проект дома 40-84FK2L, проект дома 396,82 м², планировка дома, планы этажей, готовый проект дома, оригинальная планировка, монолитный каркас, catalog-plans.ru"
"Проект дома №15-18 площадью 218,4 м² с планировками",https://raw.githubusercontent.com/nemchenik/test/0d914bce6920c8382fb3a50f11ae3de3cb6574e0/pinterest/generated_batch_59_floor_plans_desert_rose_static/15-18.jpg,Планировки частных домов,,"Проект дома №15-18: площадь 218,4 м², 2 этажа, габариты 14.19×14.5 м, материал стен — дерево. На карточке показаны оригинальные планировки этажей. Сохраните планы дома и откройте проект, чтобы узнать подробности и актуальную стоимость.",https://catalog-plans.ru/catalog/15-18?utm_source=pinterest&utm_medium=organic&utm_campaign=generated_floor_plans_desert_rose_static_batch_59&utm_content=pin_11207_15-18_plans&utm_term=proekty-domov-s-planirovkami,,"проект дома 15-18, проект дома 218,4 м², планировка дома, планы этажей, готовый проект дома, оригинальная планировка, дерево, catalog-plans.ru"
"Проект дома №40-30C площадью 473,66 м² с планировками",https://raw.githubusercontent.com/nemchenik/test/0d914bce6920c8382fb3a50f11ae3de3cb6574e0/pinterest/generated_batch_59_floor_plans_desert_rose_static/40-30C.jpg,Планировки частных домов,,"Проект дома №40-30C: площадь 473,66 м², 2 этажа, габариты 12.76×18.16 м, материал стен — кирпич. На карточке показаны оригинальные планировки этажей. Сохраните планы дома и откройте проект, чтобы узнать подробности и актуальную стоимость.",https://catalog-plans.ru/catalog/40-30C?utm_source=pinterest&utm_medium=organic&utm_campaign=generated_floor_plans_desert_rose_static_batch_59&utm_content=pin_11208_40-30C_plans&utm_term=proekty-domov-s-planirovkami,,"проект дома 40-30C, проект дома 473,66 м², планировка дома, планы этажей, готовый проект дома, оригинальная планировка, кирпич, catalog-plans.ru"
"Проект дома №45-64ZHAK1L площадью 275,03 м² с планировками",https://raw.githubusercontent.com/nemchenik/test/0d914bce6920c8382fb3a50f11ae3de3cb6574e0/pinterest/generated_batch_59_floor_plans_desert_rose_static/45-64ZHAK1L.jpg,Планировки частных домов,,"Проект дома №45-64ZHAK1L: площадь 275,03 м², 2 этажа, габариты 12.87×31.38 м, материал стен — кирпич. На карточке показаны оригинальные планировки этажей. Сохраните планы дома и откройте проект, чтобы узнать подробности и актуальную стоимость.",https://catalog-plans.ru/catalog/45-64ZHAK1L?utm_source=pinterest&utm_medium=organic&utm_campaign=generated_floor_plans_desert_rose_static_batch_59&utm_content=pin_11209_45-64ZHAK1L_plans&utm_term=proekty-domov-s-planirovkami,,"проект дома 45-64ZHAK1L, проект дома 275,03 м², планировка дома, планы этажей, готовый проект дома, оригинальная планировка, кирпич, catalog-plans.ru"
"Проект дома №48-30DL площадью 526,39 м² с планировками",https://raw.githubusercontent.com/nemchenik/test/0d914bce6920c8382fb3a50f11ae3de3cb6574e0/pinterest/generated_batch_59_floor_plans_desert_rose_static/48-30DL.jpg,Планировки частных домов,,"Проект дома №48-30DL: площадь 526,39 м², 2 этажа, габариты 18.43×27.25 м, материал стен — кирпич. На карточке показаны оригинальные планировки этажей. Сохраните планы дома и откройте проект, чтобы узнать подробности и актуальную стоимость.",https://catalog-plans.ru/catalog/48-30DL?utm_source=pinterest&utm_medium=organic&utm_campaign=generated_floor_plans_desert_rose_static_batch_59&utm_content=pin_11210_48-30DL_plans&utm_term=proekty-domov-s-planirovkami,,"проект дома 48-30DL, проект дома 526,39 м², планировка дома, планы этажей, готовый проект дома, оригинальная планировка, кирпич, catalog-plans.ru"
"Проект дома №63-97M площадью 296,73 м² с планировками",https://raw.githubusercontent.com/nemchenik/test/0d914bce6920c8382fb3a50f11ae3de3cb6574e0/pinterest/generated_batch_59_floor_plans_desert_rose_static/63-97M.jpg,Планировки частных домов,,"Проект дома №63-97M: площадь 296,73 м², 1 этаж, габариты 14.55×25.95 м, материал стен — монолитный каркас. На карточке показаны оригинальные планировки этажей. Сохраните планы дома и откройте проект, чтобы узнать подробности и актуальную стоимость.",https://catalog-plans.ru/catalog/63-97M?utm_source=pinterest&utm_medium=organic&utm_campaign=generated_floor_plans_desert_rose_static_batch_59&utm_content=pin_11211_63-97M_plans&utm_term=proekty-domov-s-planirovkami,,"проект дома 63-97M, проект дома 296,73 м², планировка дома, планы этажей, готовый проект дома, оригинальная планировка, монолитный каркас, catalog-plans.ru"
"Проект дома №46-76KBL площадью 391,59 м² с планировками",https://raw.githubusercontent.com/nemchenik/test/0d914bce6920c8382fb3a50f11ae3de3cb6574e0/pinterest/generated_batch_59_floor_plans_desert_rose_static/46-76KBL.jpg,Планировки частных домов,,"Проект дома №46-76KBL: площадь 391,59 м², 2 этажа, габариты 15.06×18.36 м, материал стен — монолитный каркас. На карточке показаны оригинальные планировки этажей. Сохраните планы дома и откройте проект, чтобы узнать подробности и актуальную стоимость.",https://catalog-plans.ru/catalog/46-76KBL?utm_source=pinterest&utm_medium=organic&utm_campaign=generated_floor_plans_desert_rose_static_batch_59&utm_content=pin_11212_46-76KBL_plans&utm_term=proekty-domov-s-planirovkami,,"проект дома 46-76KBL, проект дома 391,59 м², планировка дома, планы этажей, готовый проект дома, оригинальная планировка, монолитный каркас, catalog-plans.ru"
Проект дома №33-71 площадью 48 м² с планировками,https://raw.githubusercontent.com/nemchenik/test/0d914bce6920c8382fb3a50f11ae3de3cb6574e0/pinterest/generated_batch_59_floor_plans_desert_rose_static/33-71.jpg,Планировки частных домов,,"Проект дома №33-71: площадь 48 м², 1 этаж, габариты 6.8×9.2 м, материал стен — кирпич. На карточке показаны оригинальные планировки этажей. Сохраните планы дома и откройте проект, чтобы узнать подробности и актуальную стоимость.",https://catalog-plans.ru/catalog/33-71?utm_source=pinterest&utm_medium=organic&utm_campaign=generated_floor_plans_desert_rose_static_batch_59&utm_content=pin_11213_33-71_plans&utm_term=proekty-domov-s-planirovkami,,"проект дома 33-71, проект дома 48 м², планировка дома, планы этажей, готовый проект дома, оригинальная планировка, кирпич, catalog-plans.ru"
Проект дома №57-63FDK1 площадью 277 м² с планировками,https://raw.githubusercontent.com/nemchenik/test/0d914bce6920c8382fb3a50f11ae3de3cb6574e0/pinterest/generated_batch_59_floor_plans_desert_rose_static/57-63FDK1.jpg,Планировки частных домов,,"Проект дома №57-63FDK1: площадь 277 м², 2 этажа, габариты 13.66×16.19 м, материал стен — газобетон. На карточке показаны оригинальные планировки этажей. Сохраните планы дома и откройте проект, чтобы узнать подробности и актуальную стоимость.",https://catalog-plans.ru/catalog/57-63FDK1?utm_source=pinterest&utm_medium=organic&utm_campaign=generated_floor_plans_desert_rose_static_batch_59&utm_content=pin_11214_57-63FDK1_plans&utm_term=proekty-domov-s-planirovkami,,"проект дома 57-63FDK1, проект дома 277 м², планировка дома, планы этажей, готовый проект дома, оригинальная планировка, газобетон, catalog-plans.ru"
"Проект дома №31-79 площадью 299,7 м² с планировками",https://raw.githubusercontent.com/nemchenik/test/0d914bce6920c8382fb3a50f11ae3de3cb6574e0/pinterest/generated_batch_59_floor_plans_desert_rose_static/31-79.jpg,Планировки частных домов,,"Проект дома №31-79: площадь 299,7 м², 2 этажа, габариты 15.01×15.83 м, материал стен — кирпич. На карточке показаны оригинальные планировки этажей. Сохраните планы дома и откройте проект, чтобы узнать подробности и актуальную стоимость.",https://catalog-plans.ru/catalog/31-79?utm_source=pinterest&utm_medium=organic&utm_campaign=generated_floor_plans_desert_rose_static_batch_59&utm_content=pin_11215_31-79_plans&utm_term=proekty-domov-s-planirovkami,,"проект дома 31-79, проект дома 299,7 м², планировка дома, планы этажей, готовый проект дома, оригинальная планировка, кирпич, catalog-plans.ru"
Проект дома №55-50 площадью 171 м² с планировками,https://raw.githubusercontent.com/nemchenik/test/0d914bce6920c8382fb3a50f11ae3de3cb6574e0/pinterest/generated_batch_59_floor_plans_desert_rose_static/55-50.jpg,Планировки частных домов,,"Проект дома №55-50: площадь 171 м², 2 этажа, габариты 9.3×11.2 м, материал стен — газобетон. На карточке показаны оригинальные планировки этажей. Сохраните планы дома и откройте проект, чтобы узнать подробности и актуальную стоимость.",https://catalog-plans.ru/catalog/55-50?utm_source=pinterest&utm_medium=organic&utm_campaign=generated_floor_plans_desert_rose_static_batch_59&utm_content=pin_11216_55-50_plans&utm_term=proekty-domov-s-planirovkami,,"проект дома 55-50, проект дома 171 м², планировка дома, планы этажей, готовый проект дома, оригинальная планировка, газобетон, catalog-plans.ru"
"Проект дома №40-58L площадью 198,1 м² с планировками",https://raw.githubusercontent.com/nemchenik/test/0d914bce6920c8382fb3a50f11ae3de3cb6574e0/pinterest/generated_batch_59_floor_plans_desert_rose_static/40-58L.jpg,Планировки частных домов,,"Проект дома №40-58L: площадь 198,1 м², 2 этажа, габариты 10.26×16.78 м, материал стен — кирпич. На карточке показаны оригинальные планировки этажей. Сохраните планы дома и откройте проект, чтобы узнать подробности и актуальную стоимость.",https://catalog-plans.ru/catalog/40-58L?utm_source=pinterest&utm_medium=organic&utm_campaign=generated_floor_plans_desert_rose_static_batch_59&utm_content=pin_11217_40-58L_plans&utm_term=proekty-domov-s-planirovkami,,"проект дома 40-58L, проект дома 198,1 м², планировка дома, планы этажей, готовый проект дома, оригинальная планировка, кирпич, catalog-plans.ru"
"Проект дома №57-26NL площадью 188,38 м² с планировками",https://raw.githubusercontent.com/nemchenik/test/0d914bce6920c8382fb3a50f11ae3de3cb6574e0/pinterest/generated_batch_59_floor_plans_desert_rose_static/57-26NL.jpg,Планировки частных домов,,"Проект дома №57-26NL: площадь 188,38 м², 2 этажа, габариты 10.4×13.3 м, материал стен — газобетон. На карточке показаны оригинальные планировки этажей. Сохраните планы дома и откройте проект, чтобы узнать подробности и актуальную стоимость.",https://catalog-plans.ru/catalog/57-26NL?utm_source=pinterest&utm_medium=organic&utm_campaign=generated_floor_plans_desert_rose_static_batch_59&utm_content=pin_11218_57-26NL_plans&utm_term=proekty-domov-s-planirovkami,,"проект дома 57-26NL, проект дома 188,38 м², планировка дома, планы этажей, готовый проект дома, оригинальная планировка, газобетон, catalog-plans.ru"
"Проект дома №63-02EL площадью 459,03 м² с планировками",https://raw.githubusercontent.com/nemchenik/test/0d914bce6920c8382fb3a50f11ae3de3cb6574e0/pinterest/generated_batch_59_floor_plans_desert_rose_static/63-02EL.jpg,Планировки частных домов,,"Проект дома №63-02EL: площадь 459,03 м², 2 этажа, габариты 15×19.54 м, материал стен — монолитный каркас. На карточке показаны оригинальные планировки этажей. Сохраните планы дома и откройте проект, чтобы узнать подробности и актуальную стоимость.",https://catalog-plans.ru/catalog/63-02EL?utm_source=pinterest&utm_medium=organic&utm_campaign=generated_floor_plans_desert_rose_static_batch_59&utm_content=pin_11219_63-02EL_plans&utm_term=proekty-domov-s-planirovkami,,"проект дома 63-02EL, проект дома 459,03 м², планировка дома, планы этажей, готовый проект дома, оригинальная планировка, монолитный каркас, catalog-plans.ru"
"Проект дома №72-00 площадью 241,25 м² с планировками",https://raw.githubusercontent.com/nemchenik/test/0d914bce6920c8382fb3a50f11ae3de3cb6574e0/pinterest/generated_batch_59_floor_plans_desert_rose_static/72-00.jpg,Планировки частных домов,,"Проект дома №72-00: площадь 241,25 м², 2 этажа, габариты 15.5×17.71 м, материал стен — газобетон. На карточке показаны оригинальные планировки этажей. Сохраните планы дома и откройте проект, чтобы узнать подробности и актуальную стоимость.",https://catalog-plans.ru/catalog/72-00?utm_source=pinterest&utm_medium=organic&utm_campaign=generated_floor_plans_desert_rose_static_batch_59&utm_content=pin_11220_72-00_plans&utm_term=proekty-domov-s-planirovkami,,"проект дома 72-00, проект дома 241,25 м², планировка дома, планы этажей, готовый проект дома, оригинальная планировка, газобетон, catalog-plans.ru"
Проект дома №75-05 площадью 150 м² с планировками,https://raw.githubusercontent.com/nemchenik/test/0d914bce6920c8382fb3a50f11ae3de3cb6574e0/pinterest/generated_batch_59_floor_plans_desert_rose_static/75-05.jpg,Планировки частных домов,,"Проект дома №75-05: площадь 150 м², 2 этажа, габариты 9.4×11.9 м, материал стен — кирпич. На карточке показаны оригинальные планировки этажей. Сохраните планы дома и откройте проект, чтобы узнать подробности и актуальную стоимость.",https://catalog-plans.ru/catalog/75-05?utm_source=pinterest&utm_medium=organic&utm_campaign=generated_floor_plans_desert_rose_static_batch_59&utm_content=pin_11221_75-05_plans&utm_term=proekty-domov-s-planirovkami,,"проект дома 75-05, проект дома 150 м², планировка дома, планы этажей, готовый проект дома, оригинальная планировка, кирпич, catalog-plans.ru"
"Проект дома №48-82K2L площадью 392,3 м² с планировками",https://raw.githubusercontent.com/nemchenik/test/0d914bce6920c8382fb3a50f11ae3de3cb6574e0/pinterest/generated_batch_59_floor_plans_desert_rose_static/48-82K2L.jpg,Планировки частных домов,,"Проект дома №48-82K2L: площадь 392,3 м², 2 этажа, габариты 13.86×14.38 м, материал стен — кирпич. На карточке показаны оригинальные планировки этажей. Сохраните планы дома и откройте проект, чтобы узнать подробности и актуальную стоимость.",https://catalog-plans.ru/catalog/48-82K2L?utm_source=pinterest&utm_medium=organic&utm_campaign=generated_floor_plans_desert_rose_static_batch_59&utm_content=pin_11222_48-82K2L_plans&utm_term=proekty-domov-s-planirovkami,,"проект дома 48-82K2L, проект дома 392,3 м², планировка дома, планы этажей, готовый проект дома, оригинальная планировка, кирпич, catalog-plans.ru"
"Проект дома №40-05CG площадью 263,98 м² с планировками",https://raw.githubusercontent.com/nemchenik/test/0d914bce6920c8382fb3a50f11ae3de3cb6574e0/pinterest/generated_batch_59_floor_plans_desert_rose_static/40-05CG.jpg,Планировки частных домов,,"Проект дома №40-05CG: площадь 263,98 м², 2 этажа, габариты 12.36×15.08 м, материал стен — газобетон. На карточке показаны оригинальные планировки этажей. Сохраните планы дома и откройте проект, чтобы узнать подробности и актуальную стоимость.",https://catalog-plans.ru/catalog/40-05CG?utm_source=pinterest&utm_medium=organic&utm_campaign=generated_floor_plans_desert_rose_static_batch_59&utm_content=pin_11223_40-05CG_plans&utm_term=proekty-domov-s-planirovkami,,"проект дома 40-05CG, проект дома 263,98 м², планировка дома, планы этажей, готовый проект дома, оригинальная планировка, газобетон, catalog-plans.ru"
"Проект дома №92-07 площадью 42,69 м² с планировками",https://raw.githubusercontent.com/nemchenik/test/0d914bce6920c8382fb3a50f11ae3de3cb6574e0/pinterest/generated_batch_59_floor_plans_desert_rose_static/92-07.jpg,Планировки частных домов,,"Проект дома №92-07: площадь 42,69 м², 1 этаж, габариты 7.01×8 м, материал стен — кирпич. На карточке показаны оригинальные планировки этажей. Сохраните планы дома и откройте проект, чтобы узнать подробности и актуальную стоимость.",https://catalog-plans.ru/catalog/92-07?utm_source=pinterest&utm_medium=organic&utm_campaign=generated_floor_plans_desert_rose_static_batch_59&utm_content=pin_11224_92-07_plans&utm_term=proekty-domov-s-planirovkami,,"проект дома 92-07, проект дома 42,69 м², планировка дома, планы этажей, готовый проект дома, оригинальная планировка, кирпич, catalog-plans.ru"
"Проект дома №57-23 площадью 194,95 м² с планировками",https://raw.githubusercontent.com/nemchenik/test/0d914bce6920c8382fb3a50f11ae3de3cb6574e0/pinterest/generated_batch_59_floor_plans_desert_rose_static/57-23.jpg,Планировки частных домов,,"Проект дома №57-23: площадь 194,95 м², 2 этажа, габариты 11×13.64 м, материал стен — газобетон. На карточке показаны оригинальные планировки этажей. Сохраните планы дома и откройте проект, чтобы узнать подробности и актуальную стоимость.",https://catalog-plans.ru/catalog/57-23?utm_source=pinterest&utm_medium=organic&utm_campaign=generated_floor_plans_desert_rose_static_batch_59&utm_content=pin_11225_57-23_plans&utm_term=proekty-domov-s-planirovkami,,"проект дома 57-23, проект дома 194,95 м², планировка дома, планы этажей, готовый проект дома, оригинальная планировка, газобетон, catalog-plans.ru"
"Проект дома №62-38AHL площадью 249,61 м² с планировками",https://raw.githubusercontent.com/nemchenik/test/0d914bce6920c8382fb3a50f11ae3de3cb6574e0/pinterest/generated_batch_59_floor_plans_desert_rose_static/62-38AHL.jpg,Планировки частных домов,,"Проект дома №62-38AHL: площадь 249,61 м², 2 этажа, габариты 13.06×18.86 м, материал стен — газобетон. На карточке показаны оригинальные планировки этажей. Сохраните планы дома и откройте проект, чтобы узнать подробности и актуальную стоимость.",https://catalog-plans.ru/catalog/62-38AHL?utm_source=pinterest&utm_medium=organic&utm_campaign=generated_floor_plans_desert_rose_static_batch_59&utm_content=pin_11226_62-38AHL_plans&utm_term=proekty-domov-s-planirovkami,,"проект дома 62-38AHL, проект дома 249,61 м², планировка дома, планы этажей, готовый проект дома, оригинальная планировка, газобетон, catalog-plans.ru"
"Проект дома №57-00Y площадью 159,21 м² с планировками",https://raw.githubusercontent.com/nemchenik/test/0d914bce6920c8382fb3a50f11ae3de3cb6574e0/pinterest/generated_batch_59_floor_plans_desert_rose_static/57-00Y.jpg,Планировки частных домов,,"Проект дома №57-00Y: площадь 159,21 м², 2 этажа, габариты 10.4×10.85 м, материал стен — газобетон. На карточке показаны оригинальные планировки этажей. Сохраните планы дома и откройте проект, чтобы узнать подробности и актуальную стоимость.",https://catalog-plans.ru/catalog/57-00Y?utm_source=pinterest&utm_medium=organic&utm_campaign=generated_floor_plans_desert_rose_static_batch_59&utm_content=pin_11227_57-00Y_plans&utm_term=proekty-domov-s-planirovkami,,"проект дома 57-00Y, проект дома 159,21 м², планировка дома, планы этажей, готовый проект дома, оригинальная планировка, газобетон, catalog-plans.ru"
"Проект дома №58-66N площадью 173,57 м² с планировками",https://raw.githubusercontent.com/nemchenik/test/0d914bce6920c8382fb3a50f11ae3de3cb6574e0/pinterest/generated_batch_59_floor_plans_desert_rose_static/58-66N.jpg,Планировки частных домов,,"Проект дома №58-66N: площадь 173,57 м², 2 этажа, габариты 11.4×15.24 м, материал стен — кирпич. На карточке показаны оригинальные планировки этажей. Сохраните планы дома и откройте проект, чтобы узнать подробности и актуальную стоимость.",https://catalog-plans.ru/catalog/58-66N?utm_source=pinterest&utm_medium=organic&utm_campaign=generated_floor_plans_desert_rose_static_batch_59&utm_content=pin_11228_58-66N_plans&utm_term=proekty-domov-s-planirovkami,,"проект дома 58-66N, проект дома 173,57 м², планировка дома, планы этажей, готовый проект дома, оригинальная планировка, кирпич, catalog-plans.ru"
"Проект дома №69-18L площадью 131,22 м² с планировками",https://raw.githubusercontent.com/nemchenik/test/0d914bce6920c8382fb3a50f11ae3de3cb6574e0/pinterest/generated_batch_59_floor_plans_desert_rose_static/69-18L.jpg,Планировки частных домов,,"Проект дома №69-18L: площадь 131,22 м², 1 этаж, габариты 13.4×13.5 м, материал стен — газобетон. На карточке показаны оригинальные планировки этажей. Сохраните планы дома и откройте проект, чтобы узнать подробности и актуальную стоимость.",https://catalog-plans.ru/catalog/69-18L?utm_source=pinterest&utm_medium=organic&utm_campaign=generated_floor_plans_desert_rose_static_batch_59&utm_content=pin_11229_69-18L_plans&utm_term=proekty-domov-s-planirovkami,,"проект дома 69-18L, проект дома 131,22 м², планировка дома, планы этажей, готовый проект дома, оригинальная планировка, газобетон, catalog-plans.ru"
"Проект дома №46-09DEAGX площадью 168,22 м² с планировками",https://raw.githubusercontent.com/nemchenik/test/0d914bce6920c8382fb3a50f11ae3de3cb6574e0/pinterest/generated_batch_59_floor_plans_desert_rose_static/46-09DEAGX.jpg,Планировки частных домов,,"Проект дома №46-09DEAGX: площадь 168,22 м², 1 этаж, габариты 14.85×17.7 м, материал стен — деревянный каркас. На карточке показаны оригинальные планировки этажей. Сохраните планы дома и откройте проект, чтобы узнать подробности и актуальную стоимость.",https://catalog-plans.ru/catalog/46-09DEAGX?utm_source=pinterest&utm_medium=organic&utm_campaign=generated_floor_plans_desert_rose_static_batch_59&utm_content=pin_11230_46-09DEAGX_plans&utm_term=proekty-domov-s-planirovkami,,"проект дома 46-09DEAGX, проект дома 168,22 м², планировка дома, планы этажей, готовый проект дома, оригинальная планировка, деревянный каркас, catalog-plans.ru"
"Проект дома №57-31K площадью 224,16 м² с планировками",https://raw.githubusercontent.com/nemchenik/test/0d914bce6920c8382fb3a50f11ae3de3cb6574e0/pinterest/generated_batch_59_floor_plans_desert_rose_static/57-31K.jpg,Планировки частных домов,,"Проект дома №57-31K: площадь 224,16 м², 2 этажа, габариты 10.22×12.47 м, материал стен — кирпич. На карточке показаны оригинальные планировки этажей. Сохраните планы дома и откройте проект, чтобы узнать подробности и актуальную стоимость.",https://catalog-plans.ru/catalog/57-31K?utm_source=pinterest&utm_medium=organic&utm_campaign=generated_floor_plans_desert_rose_static_batch_59&utm_content=pin_11231_57-31K_plans&utm_term=proekty-domov-s-planirovkami,,"проект дома 57-31K, проект дома 224,16 м², планировка дома, планы этажей, готовый проект дома, оригинальная планировка, кирпич, catalog-plans.ru"
"Проект дома №57-62 площадью 189,44 м² с планировками",https://raw.githubusercontent.com/nemchenik/test/0d914bce6920c8382fb3a50f11ae3de3cb6574e0/pinterest/generated_batch_59_floor_plans_desert_rose_static/57-62.jpg,Планировки частных домов,,"Проект дома №57-62: площадь 189,44 м², 2 этажа, габариты 10.7×14.24 м, материал стен — газобетон. На карточке показаны оригинальные планировки этажей. Сохраните планы дома и откройте проект, чтобы узнать подробности и актуальную стоимость.",https://catalog-plans.ru/catalog/57-62?utm_source=pinterest&utm_medium=organic&utm_campaign=generated_floor_plans_desert_rose_static_batch_59&utm_content=pin_11232_57-62_plans&utm_term=proekty-domov-s-planirovkami,,"проект дома 57-62, проект дома 189,44 м², планировка дома, планы этажей, готовый проект дома, оригинальная планировка, газобетон, catalog-plans.ru"
"Проект дома №40-05HAGL площадью 203,81 м² с планировками",https://raw.githubusercontent.com/nemchenik/test/0d914bce6920c8382fb3a50f11ae3de3cb6574e0/pinterest/generated_batch_59_floor_plans_desert_rose_static/40-05HAGL.jpg,Планировки частных домов,,"Проект дома №40-05HAGL: площадь 203,81 м², 2 этажа, габариты 13.05×17.34 м, материал стен — газобетон. На карточке показаны оригинальные планировки этажей. Сохраните планы дома и откройте проект, чтобы узнать подробности и актуальную стоимость.",https://catalog-plans.ru/catalog/40-05HAGL?utm_source=pinterest&utm_medium=organic&utm_campaign=generated_floor_plans_desert_rose_static_batch_59&utm_content=pin_11233_40-05HAGL_plans&utm_term=proekty-domov-s-planirovkami,,"проект дома 40-05HAGL, проект дома 203,81 м², планировка дома, планы этажей, готовый проект дома, оригинальная планировка, газобетон, catalog-plans.ru"
"Проект дома №57-00AL площадью 195,03 м² с планировками",https://raw.githubusercontent.com/nemchenik/test/0d914bce6920c8382fb3a50f11ae3de3cb6574e0/pinterest/generated_batch_59_floor_plans_desert_rose_static/57-00AL.jpg,Планировки частных домов,,"Проект дома №57-00AL: площадь 195,03 м², 2 этажа, габариты 13.52×15.85 м, материал стен — газобетон. На карточке показаны оригинальные планировки этажей. Сохраните планы дома и откройте проект, чтобы узнать подробности и актуальную стоимость.",https://catalog-plans.ru/catalog/57-00AL?utm_source=pinterest&utm_medium=organic&utm_campaign=generated_floor_plans_desert_rose_static_batch_59&utm_content=pin_11234_57-00AL_plans&utm_term=proekty-domov-s-planirovkami,,"проект дома 57-00AL, проект дома 195,03 м², планировка дома, планы этажей, готовый проект дома, оригинальная планировка, газобетон, catalog-plans.ru"
"Проект дома №40-04EGL площадью 141,47 м² с планировками",https://raw.githubusercontent.com/nemchenik/test/0d914bce6920c8382fb3a50f11ae3de3cb6574e0/pinterest/generated_batch_59_floor_plans_desert_rose_static/40-04EGL.jpg,Планировки частных домов,,"Проект дома №40-04EGL: площадь 141,47 м², 2 этажа, габариты 10.06×10.06 м, материал стен — газобетон. На карточке показаны оригинальные планировки этажей. Сохраните планы дома и откройте проект, чтобы узнать подробности и актуальную стоимость.",https://catalog-plans.ru/catalog/40-04EGL?utm_source=pinterest&utm_medium=organic&utm_campaign=generated_floor_plans_desert_rose_static_batch_59&utm_content=pin_11235_40-04EGL_plans&utm_term=proekty-domov-s-planirovkami,,"проект дома 40-04EGL, проект дома 141,47 м², планировка дома, планы этажей, готовый проект дома, оригинальная планировка, газобетон, catalog-plans.ru"
"Проект дома №59-96 площадью 246,26 м² с планировками",https://raw.githubusercontent.com/nemchenik/test/0d914bce6920c8382fb3a50f11ae3de3cb6574e0/pinterest/generated_batch_59_floor_plans_desert_rose_static/59-96.jpg,Планировки частных домов,,"Проект дома №59-96: площадь 246,26 м², 2 этажа, габариты 12.46×17.86 м, материал стен — газобетон. На карточке показаны оригинальные планировки этажей. Сохраните планы дома и откройте проект, чтобы узнать подробности и актуальную стоимость.",https://catalog-plans.ru/catalog/59-96?utm_source=pinterest&utm_medium=organic&utm_campaign=generated_floor_plans_desert_rose_static_batch_59&utm_content=pin_11236_59-96_plans&utm_term=proekty-domov-s-planirovkami,,"проект дома 59-96, проект дома 246,26 м², планировка дома, планы этажей, готовый проект дома, оригинальная планировка, газобетон, catalog-plans.ru"
"Проект дома №40-25G площадью 361,74 м² с планировками",https://raw.githubusercontent.com/nemchenik/test/0d914bce6920c8382fb3a50f11ae3de3cb6574e0/pinterest/generated_batch_59_floor_plans_desert_rose_static/40-25G.jpg,Планировки частных домов,,"Проект дома №40-25G: площадь 361,74 м², 3 этажа, габариты 11.64×14.7 м, материал стен — газобетон. На карточке показаны оригинальные планировки этажей. Сохраните планы дома и откройте проект, чтобы узнать подробности и актуальную стоимость.",https://catalog-plans.ru/catalog/40-25G?utm_source=pinterest&utm_medium=organic&utm_campaign=generated_floor_plans_desert_rose_static_batch_59&utm_content=pin_11237_40-25G_plans&utm_term=proekty-domov-s-planirovkami,,"проект дома 40-25G, проект дома 361,74 м², планировка дома, планы этажей, готовый проект дома, оригинальная планировка, газобетон, catalog-plans.ru"
"Проект дома №62-05PL площадью 128,21 м² с планировками",https://raw.githubusercontent.com/nemchenik/test/0d914bce6920c8382fb3a50f11ae3de3cb6574e0/pinterest/generated_batch_59_floor_plans_desert_rose_static/62-05PL.jpg,Планировки частных домов,,"Проект дома №62-05PL: площадь 128,21 м², 1 этаж, габариты 12.83×13.67 м, материал стен — керамзитобетон. На карточке показаны оригинальные планировки этажей. Сохраните планы дома и откройте проект, чтобы узнать подробности и актуальную стоимость.",https://catalog-plans.ru/catalog/62-05PL?utm_source=pinterest&utm_medium=organic&utm_campaign=generated_floor_plans_desert_rose_static_batch_59&utm_content=pin_11238_62-05PL_plans&utm_term=proekty-domov-s-planirovkami,,"проект дома 62-05PL, проект дома 128,21 м², планировка дома, планы этажей, готовый проект дома, оригинальная планировка, керамзитобетон, catalog-plans.ru"
"Проект дома №58-38K площадью 164,45 м² с планировками",https://raw.githubusercontent.com/nemchenik/test/0d914bce6920c8382fb3a50f11ae3de3cb6574e0/pinterest/generated_batch_59_floor_plans_desert_rose_static/58-38K.jpg,Планировки частных домов,,"Проект дома №58-38K: площадь 164,45 м², 2 этажа, габариты 10.16×13.31 м, материал стен — кирпич. На карточке показаны оригинальные планировки этажей. Сохраните планы дома и откройте проект, чтобы узнать подробности и актуальную стоимость.",https://catalog-plans.ru/catalog/58-38K?utm_source=pinterest&utm_medium=organic&utm_campaign=generated_floor_plans_desert_rose_static_batch_59&utm_content=pin_11239_58-38K_plans&utm_term=proekty-domov-s-planirovkami,,"проект дома 58-38K, проект дома 164,45 м², планировка дома, планы этажей, готовый проект дома, оригинальная планировка, кирпич, catalog-plans.ru"
"Проект дома №59-25A площадью 232,27 м² с планировками",https://raw.githubusercontent.com/nemchenik/test/0d914bce6920c8382fb3a50f11ae3de3cb6574e0/pinterest/generated_batch_59_floor_plans_desert_rose_static/59-25A.jpg,Планировки частных домов,,"Проект дома №59-25A: площадь 232,27 м², 2 этажа, габариты 12.32×24.55 м, материал стен — газобетон. На карточке показаны оригинальные планировки этажей. Сохраните планы дома и откройте проект, чтобы узнать подробности и актуальную стоимость.",https://catalog-plans.ru/catalog/59-25A?utm_source=pinterest&utm_medium=organic&utm_campaign=generated_floor_plans_desert_rose_static_batch_59&utm_content=pin_11240_59-25A_plans&utm_term=proekty-domov-s-planirovkami,,"проект дома 59-25A, проект дома 232,27 м², планировка дома, планы этажей, готовый проект дома, оригинальная планировка, газобетон, catalog-plans.ru"
"Проект дома №40-11EFL площадью 317,34 м² с планировками",https://raw.githubusercontent.com/nemchenik/test/0d914bce6920c8382fb3a50f11ae3de3cb6574e0/pinterest/generated_batch_59_floor_plans_desert_rose_static/40-11EFL.jpg,Планировки частных домов,,"Проект дома №40-11EFL: площадь 317,34 м², 3 этажа, габариты 14.38×15.12 м, материал стен — кирпич. На карточке показаны оригинальные планировки этажей. Сохраните планы дома и откройте проект, чтобы узнать подробности и актуальную стоимость.",https://catalog-plans.ru/catalog/40-11EFL?utm_source=pinterest&utm_medium=organic&utm_campaign=generated_floor_plans_desert_rose_static_batch_59&utm_content=pin_11241_40-11EFL_plans&utm_term=proekty-domov-s-planirovkami,,"проект дома 40-11EFL, проект дома 317,34 м², планировка дома, планы этажей, готовый проект дома, оригинальная планировка, кирпич, catalog-plans.ru"
"Проект дома №45-76PG площадью 187,46 м² с планировками",https://raw.githubusercontent.com/nemchenik/test/0d914bce6920c8382fb3a50f11ae3de3cb6574e0/pinterest/generated_batch_59_floor_plans_desert_rose_static/45-76PG.jpg,Планировки частных домов,,"Проект дома №45-76PG: площадь 187,46 м², 2 этажа, габариты 16.17×10.52 м, материал стен — газобетон. На карточке показаны оригинальные планировки этажей. Сохраните планы дома и откройте проект, чтобы узнать подробности и актуальную стоимость.",https://catalog-plans.ru/catalog/45-76PG?utm_source=pinterest&utm_medium=organic&utm_campaign=generated_floor_plans_desert_rose_static_batch_59&utm_content=pin_11242_45-76PG_plans&utm_term=proekty-domov-s-planirovkami,,"проект дома 45-76PG, проект дома 187,46 м², планировка дома, планы этажей, готовый проект дома, оригинальная планировка, газобетон, catalog-plans.ru"
"Проект дома №40-53G площадью 323,25 м² с планировками",https://raw.githubusercontent.com/nemchenik/test/0d914bce6920c8382fb3a50f11ae3de3cb6574e0/pinterest/generated_batch_59_floor_plans_desert_rose_static/40-53G.jpg,Планировки частных домов,,"Проект дома №40-53G: площадь 323,25 м², 3 этажа, габариты 13.94×15 м, материал стен — газобетон. На карточке показаны оригинальные планировки этажей. Сохраните планы дома и откройте проект, чтобы узнать подробности и актуальную стоимость.",https://catalog-plans.ru/catalog/40-53G?utm_source=pinterest&utm_medium=organic&utm_campaign=generated_floor_plans_desert_rose_static_batch_59&utm_content=pin_11243_40-53G_plans&utm_term=proekty-domov-s-planirovkami,,"проект дома 40-53G, проект дома 323,25 м², планировка дома, планы этажей, готовый проект дома, оригинальная планировка, газобетон, catalog-plans.ru"
"Проект дома №57-43 площадью 173,57 м² с планировками",https://raw.githubusercontent.com/nemchenik/test/0d914bce6920c8382fb3a50f11ae3de3cb6574e0/pinterest/generated_batch_59_floor_plans_desert_rose_static/57-43.jpg,Планировки частных домов,,"Проект дома №57-43: площадь 173,57 м², 2 этажа, габариты 10.64×13.01 м, материал стен — газобетон. На карточке показаны оригинальные планировки этажей. Сохраните планы дома и откройте проект, чтобы узнать подробности и актуальную стоимость.",https://catalog-plans.ru/catalog/57-43?utm_source=pinterest&utm_medium=organic&utm_campaign=generated_floor_plans_desert_rose_static_batch_59&utm_content=pin_11244_57-43_plans&utm_term=proekty-domov-s-planirovkami,,"проект дома 57-43, проект дома 173,57 м², планировка дома, планы этажей, готовый проект дома, оригинальная планировка, газобетон, catalog-plans.ru"
"Проект дома №48-24B площадью 264,53 м² с планировками",https://raw.githubusercontent.com/nemchenik/test/0d914bce6920c8382fb3a50f11ae3de3cb6574e0/pinterest/generated_batch_59_floor_plans_desert_rose_static/48-24B.jpg,Планировки частных домов,,"Проект дома №48-24B: площадь 264,53 м², 2 этажа, габариты 13.06×15.72 м, материал стен — кирпич. На карточке показаны оригинальные планировки этажей. Сохраните планы дома и откройте проект, чтобы узнать подробности и актуальную стоимость.",https://catalog-plans.ru/catalog/48-24B?utm_source=pinterest&utm_medium=organic&utm_campaign=generated_floor_plans_desert_rose_static_batch_59&utm_content=pin_11245_48-24B_plans&utm_term=proekty-domov-s-planirovkami,,"проект дома 48-24B, проект дома 264,53 м², планировка дома, планы этажей, готовый проект дома, оригинальная планировка, кирпич, catalog-plans.ru"
"Проект дома №48-03 площадью 143,4 м² с планировками",https://raw.githubusercontent.com/nemchenik/test/0d914bce6920c8382fb3a50f11ae3de3cb6574e0/pinterest/generated_batch_59_floor_plans_desert_rose_static/48-03.jpg,Планировки частных домов,,"Проект дома №48-03: площадь 143,4 м², 2 этажа, габариты 10.2×11.1 м, материал стен — газобетон. На карточке показаны оригинальные планировки этажей. Сохраните планы дома и откройте проект, чтобы узнать подробности и актуальную стоимость.",https://catalog-plans.ru/catalog/48-03?utm_source=pinterest&utm_medium=organic&utm_campaign=generated_floor_plans_desert_rose_static_batch_59&utm_content=pin_11246_48-03_plans&utm_term=proekty-domov-s-planirovkami,,"проект дома 48-03, проект дома 143,4 м², планировка дома, планы этажей, готовый проект дома, оригинальная планировка, газобетон, catalog-plans.ru"
"Проект дома №45-64ZAMGL площадью 251,03 м² с планировками",https://raw.githubusercontent.com/nemchenik/test/0d914bce6920c8382fb3a50f11ae3de3cb6574e0/pinterest/generated_batch_59_floor_plans_desert_rose_static/45-64ZAMGL.jpg,Планировки частных домов,,"Проект дома №45-64ZAMGL: площадь 251,03 м², 2 этажа, габариты 11.89×18.1 м, материал стен — газобетон. На карточке показаны оригинальные планировки этажей. Сохраните планы дома и откройте проект, чтобы узнать подробности и актуальную стоимость.",https://catalog-plans.ru/catalog/45-64ZAMGL?utm_source=pinterest&utm_medium=organic&utm_campaign=generated_floor_plans_desert_rose_static_batch_59&utm_content=pin_11247_45-64ZAMGL_plans&utm_term=proekty-domov-s-planirovkami,,"проект дома 45-64ZAMGL, проект дома 251,03 м², планировка дома, планы этажей, готовый проект дома, оригинальная планировка, газобетон, catalog-plans.ru"
"Проект дома №68-43L площадью 181,61 м² с планировками",https://raw.githubusercontent.com/nemchenik/test/0d914bce6920c8382fb3a50f11ae3de3cb6574e0/pinterest/generated_batch_59_floor_plans_desert_rose_static/68-43L.jpg,Планировки частных домов,,"Проект дома №68-43L: площадь 181,61 м², 2 этажа, габариты 10.9×11.9 м, материал стен — газобетон. На карточке показаны оригинальные планировки этажей. Сохраните планы дома и откройте проект, чтобы узнать подробности и актуальную стоимость.",https://catalog-plans.ru/catalog/68-43L?utm_source=pinterest&utm_medium=organic&utm_campaign=generated_floor_plans_desert_rose_static_batch_59&utm_content=pin_11248_68-43L_plans&utm_term=proekty-domov-s-planirovkami,,"проект дома 68-43L, проект дома 181,61 м², планировка дома, планы этажей, готовый проект дома, оригинальная планировка, газобетон, catalog-plans.ru"
"Проект дома №64-36L площадью 195,87 м² с планировками",https://raw.githubusercontent.com/nemchenik/test/0d914bce6920c8382fb3a50f11ae3de3cb6574e0/pinterest/generated_batch_59_floor_plans_desert_rose_static/64-36L.jpg,Планировки частных домов,,"Проект дома №64-36L: площадь 195,87 м², 2 этажа, габариты 10.1×13.6 м, материал стен — газобетон. На карточке показаны оригинальные планировки этажей. Сохраните планы дома и откройте проект, чтобы узнать подробности и актуальную стоимость.",https://catalog-plans.ru/catalog/64-36L?utm_source=pinterest&utm_medium=organic&utm_campaign=generated_floor_plans_desert_rose_static_batch_59&utm_content=pin_11249_64-36L_plans&utm_term=proekty-domov-s-planirovkami,,"проект дома 64-36L, проект дома 195,87 м², планировка дома, планы этажей, готовый проект дома, оригинальная планировка, газобетон, catalog-plans.ru"
"Проект дома №70-45 площадью 127,32 м² с планировками",https://raw.githubusercontent.com/nemchenik/test/0d914bce6920c8382fb3a50f11ae3de3cb6574e0/pinterest/generated_batch_59_floor_plans_desert_rose_static/70-45.jpg,Планировки частных домов,,"Проект дома №70-45: площадь 127,32 м², 2 этажа, габариты 8×10 м, материал стен — деревянный каркас. На карточке показаны оригинальные планировки этажей. Сохраните планы дома и откройте проект, чтобы узнать подробности и актуальную стоимость.",https://catalog-plans.ru/catalog/70-45?utm_source=pinterest&utm_medium=organic&utm_campaign=generated_floor_plans_desert_rose_static_batch_59&utm_content=pin_11250_70-45_plans&utm_term=proekty-domov-s-planirovkami,,"проект дома 70-45, проект дома 127,32 м², планировка дома, планы этажей, готовый проект дома, оригинальная планировка, деревянный каркас, catalog-plans.ru"
"Проект дома №58-70FABGL площадью 140,68 м² с планировками",https://raw.githubusercontent.com/nemchenik/test/0d914bce6920c8382fb3a50f11ae3de3cb6574e0/pinterest/generated_batch_59_floor_plans_desert_rose_static/58-70FABGL.jpg,Планировки частных домов,,"Проект дома №58-70FABGL: площадь 140,68 м², 1 этаж, габариты 12.91×14.2 м, материал стен — газобетон. На карточке показаны оригинальные планировки этажей. Сохраните планы дома и откройте проект, чтобы узнать подробности и актуальную стоимость.",https://catalog-plans.ru/catalog/58-70FABGL?utm_source=pinterest&utm_medium=organic&utm_campaign=generated_floor_plans_desert_rose_static_batch_59&utm_content=pin_11251_58-70FABGL_plans&utm_term=proekty-domov-s-planirovkami,,"проект дома 58-70FABGL, проект дома 140,68 м², планировка дома, планы этажей, готовый проект дома, оригинальная планировка, газобетон, catalog-plans.ru"
"Проект дома №57-41BL площадью 181,67 м² с планировками",https://raw.githubusercontent.com/nemchenik/test/0d914bce6920c8382fb3a50f11ae3de3cb6574e0/pinterest/generated_batch_59_floor_plans_desert_rose_static/57-41BL.jpg,Планировки частных домов,,"Проект дома №57-41BL: площадь 181,67 м², 2 этажа, габариты 12.7×12.8 м, материал стен — газобетон. На карточке показаны оригинальные планировки этажей. Сохраните планы дома и откройте проект, чтобы узнать подробности и актуальную стоимость.",https://catalog-plans.ru/catalog/57-41BL?utm_source=pinterest&utm_medium=organic&utm_campaign=generated_floor_plans_desert_rose_static_batch_59&utm_content=pin_11252_57-41BL_plans&utm_term=proekty-domov-s-planirovkami,,"проект дома 57-41BL, проект дома 181,67 м², планировка дома, планы этажей, готовый проект дома, оригинальная планировка, газобетон, catalog-plans.ru"
"Проект дома №40-56DK1L площадью 196,91 м² с планировками",https://raw.githubusercontent.com/nemchenik/test/0d914bce6920c8382fb3a50f11ae3de3cb6574e0/pinterest/generated_batch_59_floor_plans_desert_rose_static/40-56DK1L.jpg,Планировки частных домов,,"Проект дома №40-56DK1L: площадь 196,91 м², 2 этажа, габариты 12.26×13.58 м, материал стен — кирпич. На карточке показаны оригинальные планировки этажей. Сохраните планы дома и откройте проект, чтобы узнать подробности и актуальную стоимость.",https://catalog-plans.ru/catalog/40-56DK1L?utm_source=pinterest&utm_medium=organic&utm_campaign=generated_floor_plans_desert_rose_static_batch_59&utm_content=pin_11253_40-56DK1L_plans&utm_term=proekty-domov-s-planirovkami,,"проект дома 40-56DK1L, проект дома 196,91 м², планировка дома, планы этажей, готовый проект дома, оригинальная планировка, кирпич, catalog-plans.ru"
"Проект дома №48-31AL площадью 399,59 м² с планировками",https://raw.githubusercontent.com/nemchenik/test/0d914bce6920c8382fb3a50f11ae3de3cb6574e0/pinterest/generated_batch_59_floor_plans_desert_rose_static/48-31AL.jpg,Планировки частных домов,,"Проект дома №48-31AL: площадь 399,59 м², 3 этажа, габариты 14.96×16.4 м, материал стен — кирпич. На карточке показаны оригинальные планировки этажей. Сохраните планы дома и откройте проект, чтобы узнать подробности и актуальную стоимость.",https://catalog-plans.ru/catalog/48-31AL?utm_source=pinterest&utm_medium=organic&utm_campaign=generated_floor_plans_desert_rose_static_batch_59&utm_content=pin_11254_48-31AL_plans&utm_term=proekty-domov-s-planirovkami,,"проект дома 48-31AL, проект дома 399,59 м², планировка дома, планы этажей, готовый проект дома, оригинальная планировка, кирпич, catalog-plans.ru"
"Проект дома №59-62KL площадью 163,59 м² с планировками",https://raw.githubusercontent.com/nemchenik/test/0d914bce6920c8382fb3a50f11ae3de3cb6574e0/pinterest/generated_batch_59_floor_plans_desert_rose_static/59-62KL.jpg,Планировки частных домов,,"Проект дома №59-62KL: площадь 163,59 м², 2 этажа, габариты 10.96×11.56 м, материал стен — кирпич. На карточке показаны оригинальные планировки этажей. Сохраните планы дома и откройте проект, чтобы узнать подробности и актуальную стоимость.",https://catalog-plans.ru/catalog/59-62KL?utm_source=pinterest&utm_medium=organic&utm_campaign=generated_floor_plans_desert_rose_static_batch_59&utm_content=pin_11255_59-62KL_plans&utm_term=proekty-domov-s-planirovkami,,"проект дома 59-62KL, проект дома 163,59 м², планировка дома, планы этажей, готовый проект дома, оригинальная планировка, кирпич, catalog-plans.ru"
"Проект дома №59-24C площадью 219,3 м² с планировками",https://raw.githubusercontent.com/nemchenik/test/0d914bce6920c8382fb3a50f11ae3de3cb6574e0/pinterest/generated_batch_59_floor_plans_desert_rose_static/59-24C.jpg,Планировки частных домов,,"Проект дома №59-24C: площадь 219,3 м², 2 этажа, габариты 13.31×13.66 м, материал стен — газобетон. На карточке показаны оригинальные планировки этажей. Сохраните планы дома и откройте проект, чтобы узнать подробности и актуальную стоимость.",https://catalog-plans.ru/catalog/59-24C?utm_source=pinterest&utm_medium=organic&utm_campaign=generated_floor_plans_desert_rose_static_batch_59&utm_content=pin_11256_59-24C_plans&utm_term=proekty-domov-s-planirovkami,,"проект дома 59-24C, проект дома 219,3 м², планировка дома, планы этажей, готовый проект дома, оригинальная планировка, газобетон, catalog-plans.ru"
"Проект дома №57-63KL площадью 149,91 м² с планировками",https://raw.githubusercontent.com/nemchenik/test/0d914bce6920c8382fb3a50f11ae3de3cb6574e0/pinterest/generated_batch_59_floor_plans_desert_rose_static/57-63KL.jpg,Планировки частных домов,,"Проект дома №57-63KL: площадь 149,91 м², 2 этажа, габариты 10.08×12.7 м, материал стен — кирпич. На карточке показаны оригинальные планировки этажей. Сохраните планы дома и откройте проект, чтобы узнать подробности и актуальную стоимость.",https://catalog-plans.ru/catalog/57-63KL?utm_source=pinterest&utm_medium=organic&utm_campaign=generated_floor_plans_desert_rose_static_batch_59&utm_content=pin_11257_57-63KL_plans&utm_term=proekty-domov-s-planirovkami,,"проект дома 57-63KL, проект дома 149,91 м², планировка дома, планы этажей, готовый проект дома, оригинальная планировка, кирпич, catalog-plans.ru"
"Проект дома №58-23BK площадью 170,9 м² с планировками",https://raw.githubusercontent.com/nemchenik/test/0d914bce6920c8382fb3a50f11ae3de3cb6574e0/pinterest/generated_batch_59_floor_plans_desert_rose_static/58-23BK.jpg,Планировки частных домов,,"Проект дома №58-23BK: площадь 170,9 м², 2 этажа, габариты 11.36×13.26 м, материал стен — кирпич. На карточке показаны оригинальные планировки этажей. Сохраните планы дома и откройте проект, чтобы узнать подробности и актуальную стоимость.",https://catalog-plans.ru/catalog/58-23BK?utm_source=pinterest&utm_medium=organic&utm_campaign=generated_floor_plans_desert_rose_static_batch_59&utm_content=pin_11258_58-23BK_plans&utm_term=proekty-domov-s-planirovkami,,"проект дома 58-23BK, проект дома 170,9 м², планировка дома, планы этажей, готовый проект дома, оригинальная планировка, кирпич, catalog-plans.ru"
"Проект дома №58-05K площадью 218,64 м² с планировками",https://raw.githubusercontent.com/nemchenik/test/0d914bce6920c8382fb3a50f11ae3de3cb6574e0/pinterest/generated_batch_59_floor_plans_desert_rose_static/58-05K.jpg,Планировки частных домов,,"Проект дома №58-05K: площадь 218,64 м², 2 этажа, габариты 11.9×15.95 м, материал стен — кирпич. На карточке показаны оригинальные планировки этажей. Сохраните планы дома и откройте проект, чтобы узнать подробности и актуальную стоимость.",https://catalog-plans.ru/catalog/58-05K?utm_source=pinterest&utm_medium=organic&utm_campaign=generated_floor_plans_desert_rose_static_batch_59&utm_content=pin_11259_58-05K_plans&utm_term=proekty-domov-s-planirovkami,,"проект дома 58-05K, проект дома 218,64 м², планировка дома, планы этажей, готовый проект дома, оригинальная планировка, кирпич, catalog-plans.ru"
"Проект дома №72-17 площадью 204,2 м² с планировками",https://raw.githubusercontent.com/nemchenik/test/0d914bce6920c8382fb3a50f11ae3de3cb6574e0/pinterest/generated_batch_59_floor_plans_desert_rose_static/72-17.jpg,Планировки частных домов,,"Проект дома №72-17: площадь 204,2 м², 2 этажа, габариты 11.42×15.16 м, материал стен — газобетон. На карточке показаны оригинальные планировки этажей. Сохраните планы дома и откройте проект, чтобы узнать подробности и актуальную стоимость.",https://catalog-plans.ru/catalog/72-17?utm_source=pinterest&utm_medium=organic&utm_campaign=generated_floor_plans_desert_rose_static_batch_59&utm_content=pin_11260_72-17_plans&utm_term=proekty-domov-s-planirovkami,,"проект дома 72-17, проект дома 204,2 м², планировка дома, планы этажей, готовый проект дома, оригинальная планировка, газобетон, catalog-plans.ru"
"Проект дома №58-13B площадью 143,27 м² с планировками",https://raw.githubusercontent.com/nemchenik/test/0d914bce6920c8382fb3a50f11ae3de3cb6574e0/pinterest/generated_batch_59_floor_plans_desert_rose_static/58-13B.jpg,Планировки частных домов,,"Проект дома №58-13B: площадь 143,27 м², 2 этажа, габариты 10.1×10.1 м, материал стен — газобетон. На карточке показаны оригинальные планировки этажей. Сохраните планы дома и откройте проект, чтобы узнать подробности и актуальную стоимость.",https://catalog-plans.ru/catalog/58-13B?utm_source=pinterest&utm_medium=organic&utm_campaign=generated_floor_plans_desert_rose_static_batch_59&utm_content=pin_11261_58-13B_plans&utm_term=proekty-domov-s-planirovkami,,"проект дома 58-13B, проект дома 143,27 м², планировка дома, планы этажей, готовый проект дома, оригинальная планировка, газобетон, catalog-plans.ru"
"Проект дома №57-00AKL площадью 195,03 м² с планировками",https://raw.githubusercontent.com/nemchenik/test/0d914bce6920c8382fb3a50f11ae3de3cb6574e0/pinterest/generated_batch_59_floor_plans_desert_rose_static/57-00AKL.jpg,Планировки частных домов,,"Проект дома №57-00AKL: площадь 195,03 м², 2 этажа, габариты 13.52×15.85 м, материал стен — кирпич. На карточке показаны оригинальные планировки этажей. Сохраните планы дома и откройте проект, чтобы узнать подробности и актуальную стоимость.",https://catalog-plans.ru/catalog/57-00AKL?utm_source=pinterest&utm_medium=organic&utm_campaign=generated_floor_plans_desert_rose_static_batch_59&utm_content=pin_11262_57-00AKL_plans&utm_term=proekty-domov-s-planirovkami,,"проект дома 57-00AKL, проект дома 195,03 м², планировка дома, планы этажей, готовый проект дома, оригинальная планировка, кирпич, catalog-plans.ru"
Проект дома №54-95 площадью 123 м² с планировками,https://raw.githubusercontent.com/nemchenik/test/0d914bce6920c8382fb3a50f11ae3de3cb6574e0/pinterest/generated_batch_59_floor_plans_desert_rose_static/54-95.jpg,Планировки частных домов,,"Проект дома №54-95: площадь 123 м², 2 этажа, габариты 9.2×10 м, материал стен — газобетон. На карточке показаны оригинальные планировки этажей. Сохраните планы дома и откройте проект, чтобы узнать подробности и актуальную стоимость.",https://catalog-plans.ru/catalog/54-95?utm_source=pinterest&utm_medium=organic&utm_campaign=generated_floor_plans_desert_rose_static_batch_59&utm_content=pin_11263_54-95_plans&utm_term=proekty-domov-s-planirovkami,,"проект дома 54-95, проект дома 123 м², планировка дома, планы этажей, готовый проект дома, оригинальная планировка, газобетон, catalog-plans.ru"
"Проект дома №65-17 площадью 160,68 м² с планировками",https://raw.githubusercontent.com/nemchenik/test/0d914bce6920c8382fb3a50f11ae3de3cb6574e0/pinterest/generated_batch_59_floor_plans_desert_rose_static/65-17.jpg,Планировки частных домов,,"Проект дома №65-17: площадь 160,68 м², 1 этаж, габариты 12.1×16.5 м, материал стен — газобетон. На карточке показаны оригинальные планировки этажей. Сохраните планы дома и откройте проект, чтобы узнать подробности и актуальную стоимость.",https://catalog-plans.ru/catalog/65-17?utm_source=pinterest&utm_medium=organic&utm_campaign=generated_floor_plans_desert_rose_static_batch_59&utm_content=pin_11264_65-17_plans&utm_term=proekty-domov-s-planirovkami,,"проект дома 65-17, проект дома 160,68 м², планировка дома, планы этажей, готовый проект дома, оригинальная планировка, газобетон, catalog-plans.ru"
"Проект дома №46-22DGL площадью 100,56 м² с планировками",https://raw.githubusercontent.com/nemchenik/test/0d914bce6920c8382fb3a50f11ae3de3cb6574e0/pinterest/generated_batch_59_floor_plans_desert_rose_static/46-22DGL.jpg,Планировки частных домов,,"Проект дома №46-22DGL: площадь 100,56 м², 1 этаж, габариты 11.5×12 м, материал стен — газобетон. На карточке показаны оригинальные планировки этажей. Сохраните планы дома и откройте проект, чтобы узнать подробности и актуальную стоимость.",https://catalog-plans.ru/catalog/46-22DGL?utm_source=pinterest&utm_medium=organic&utm_campaign=generated_floor_plans_desert_rose_static_batch_59&utm_content=pin_11265_46-22DGL_plans&utm_term=proekty-domov-s-planirovkami,,"проект дома 46-22DGL, проект дома 100,56 м², планировка дома, планы этажей, готовый проект дома, оригинальная планировка, газобетон, catalog-plans.ru"
"Проект дома №40-12MBGL площадью 259,82 м² с планировками",https://raw.githubusercontent.com/nemchenik/test/0d914bce6920c8382fb3a50f11ae3de3cb6574e0/pinterest/generated_batch_59_floor_plans_desert_rose_static/40-12MBGL.jpg,Планировки частных домов,,"Проект дома №40-12MBGL: площадь 259,82 м², 2 этажа, габариты 11.7×12.32 м, материал стен — монолитный каркас. На карточке показаны оригинальные планировки этажей. Сохраните планы дома и откройте проект, чтобы узнать подробности и актуальную стоимость.",https://catalog-plans.ru/catalog/40-12MBGL?utm_source=pinterest&utm_medium=organic&utm_campaign=generated_floor_plans_desert_rose_static_batch_59&utm_content=pin_11266_40-12MBGL_plans&utm_term=proekty-domov-s-planirovkami,,"проект дома 40-12MBGL, проект дома 259,82 м², планировка дома, планы этажей, готовый проект дома, оригинальная планировка, монолитный каркас, catalog-plans.ru"
"Проект дома №11-28 площадью 171,6 м² с планировками",https://raw.githubusercontent.com/nemchenik/test/0d914bce6920c8382fb3a50f11ae3de3cb6574e0/pinterest/generated_batch_59_floor_plans_desert_rose_static/11-28.jpg,Планировки частных домов,,"Проект дома №11-28: площадь 171,6 м², 2 этажа, габариты 6.3×12.42 м, материал стен — дерево. На карточке показаны оригинальные планировки этажей. Сохраните планы дома и откройте проект, чтобы узнать подробности и актуальную стоимость.",https://catalog-plans.ru/catalog/11-28?utm_source=pinterest&utm_medium=organic&utm_campaign=generated_floor_plans_desert_rose_static_batch_59&utm_content=pin_11267_11-28_plans&utm_term=proekty-domov-s-planirovkami,,"проект дома 11-28, проект дома 171,6 м², планировка дома, планы этажей, готовый проект дома, оригинальная планировка, дерево, catalog-plans.ru"
"Проект дома №68-79 площадью 64,89 м² с планировками",https://raw.githubusercontent.com/nemchenik/test/0d914bce6920c8382fb3a50f11ae3de3cb6574e0/pinterest/generated_batch_59_floor_plans_desert_rose_static/68-79.jpg,Планировки частных домов,,"Проект дома №68-79: площадь 64,89 м², 1 этаж, габариты 8×13 м, материал стен — газобетон. На карточке показаны оригинальные планировки этажей. Сохраните планы дома и откройте проект, чтобы узнать подробности и актуальную стоимость.",https://catalog-plans.ru/catalog/68-79?utm_source=pinterest&utm_medium=organic&utm_campaign=generated_floor_plans_desert_rose_static_batch_59&utm_content=pin_11268_68-79_plans&utm_term=proekty-domov-s-planirovkami,,"проект дома 68-79, проект дома 64,89 м², планировка дома, планы этажей, готовый проект дома, оригинальная планировка, газобетон, catalog-plans.ru"
"Проект дома №57-25NL площадью 250,67 м² с планировками",https://raw.githubusercontent.com/nemchenik/test/0d914bce6920c8382fb3a50f11ae3de3cb6574e0/pinterest/generated_batch_59_floor_plans_desert_rose_static/57-25NL.jpg,Планировки частных домов,,"Проект дома №57-25NL: площадь 250,67 м², 2 этажа, габариты 12.28×17 м, материал стен — газобетон. На карточке показаны оригинальные планировки этажей. Сохраните планы дома и откройте проект, чтобы узнать подробности и актуальную стоимость.",https://catalog-plans.ru/catalog/57-25NL?utm_source=pinterest&utm_medium=organic&utm_campaign=generated_floor_plans_desert_rose_static_batch_59&utm_content=pin_11269_57-25NL_plans&utm_term=proekty-domov-s-planirovkami,,"проект дома 57-25NL, проект дома 250,67 м², планировка дома, планы этажей, готовый проект дома, оригинальная планировка, газобетон, catalog-plans.ru"
"Проект дома №58-28L площадью 162,08 м² с планировками",https://raw.githubusercontent.com/nemchenik/test/0d914bce6920c8382fb3a50f11ae3de3cb6574e0/pinterest/generated_batch_59_floor_plans_desert_rose_static/58-28L.jpg,Планировки частных домов,,"Проект дома №58-28L: площадь 162,08 м², 2 этажа, габариты 10.86×13 м, материал стен — газобетон. На карточке показаны оригинальные планировки этажей. Сохраните планы дома и откройте проект, чтобы узнать подробности и актуальную стоимость.",https://catalog-plans.ru/catalog/58-28L?utm_source=pinterest&utm_medium=organic&utm_campaign=generated_floor_plans_desert_rose_static_batch_59&utm_content=pin_11270_58-28L_plans&utm_term=proekty-domov-s-planirovkami,,"проект дома 58-28L, проект дома 162,08 м², планировка дома, планы этажей, готовый проект дома, оригинальная планировка, газобетон, catalog-plans.ru"
"Проект дома №57-26K площадью 163,26 м² с планировками",https://raw.githubusercontent.com/nemchenik/test/0d914bce6920c8382fb3a50f11ae3de3cb6574e0/pinterest/generated_batch_59_floor_plans_desert_rose_static/57-26K.jpg,Планировки частных домов,,"Проект дома №57-26K: площадь 163,26 м², 2 этажа, габариты 9.82×13.22 м, материал стен — кирпич. На карточке показаны оригинальные планировки этажей. Сохраните планы дома и откройте проект, чтобы узнать подробности и актуальную стоимость.",https://catalog-plans.ru/catalog/57-26K?utm_source=pinterest&utm_medium=organic&utm_campaign=generated_floor_plans_desert_rose_static_batch_59&utm_content=pin_11271_57-26K_plans&utm_term=proekty-domov-s-planirovkami,,"проект дома 57-26K, проект дома 163,26 м², планировка дома, планы этажей, готовый проект дома, оригинальная планировка, кирпич, catalog-plans.ru"
"Проект дома №40-30 площадью 349,95 м² с планировками",https://raw.githubusercontent.com/nemchenik/test/0d914bce6920c8382fb3a50f11ae3de3cb6574e0/pinterest/generated_batch_59_floor_plans_desert_rose_static/40-30.jpg,Планировки частных домов,,"Проект дома №40-30: площадь 349,95 м², 2 этажа, габариты 15.26×18.16 м, материал стен — кирпич. На карточке показаны оригинальные планировки этажей. Сохраните планы дома и откройте проект, чтобы узнать подробности и актуальную стоимость.",https://catalog-plans.ru/catalog/40-30?utm_source=pinterest&utm_medium=organic&utm_campaign=generated_floor_plans_desert_rose_static_batch_59&utm_content=pin_11272_40-30_plans&utm_term=proekty-domov-s-planirovkami,,"проект дома 40-30, проект дома 349,95 м², планировка дома, планы этажей, готовый проект дома, оригинальная планировка, кирпич, catalog-plans.ru"
"Проект дома №57-87K площадью 271,3 м² с планировками",https://raw.githubusercontent.com/nemchenik/test/0d914bce6920c8382fb3a50f11ae3de3cb6574e0/pinterest/generated_batch_59_floor_plans_desert_rose_static/57-87K.jpg,Планировки частных домов,,"Проект дома №57-87K: площадь 271,3 м², 2 этажа, габариты 15.2×15.7 м, материал стен — кирпич. На карточке показаны оригинальные планировки этажей. Сохраните планы дома и откройте проект, чтобы узнать подробности и актуальную стоимость.",https://catalog-plans.ru/catalog/57-87K?utm_source=pinterest&utm_medium=organic&utm_campaign=generated_floor_plans_desert_rose_static_batch_59&utm_content=pin_11273_57-87K_plans&utm_term=proekty-domov-s-planirovkami,,"проект дома 57-87K, проект дома 271,3 м², планировка дома, планы этажей, готовый проект дома, оригинальная планировка, кирпич, catalog-plans.ru"
"Проект дома №72-19 площадью 231,1 м² с планировками",https://raw.githubusercontent.com/nemchenik/test/0d914bce6920c8382fb3a50f11ae3de3cb6574e0/pinterest/generated_batch_59_floor_plans_desert_rose_static/72-19.jpg,Планировки частных домов,,"Проект дома №72-19: площадь 231,1 м², 2 этажа, габариты 18×18.25 м, материал стен — газобетон. На карточке показаны оригинальные планировки этажей. Сохраните планы дома и откройте проект, чтобы узнать подробности и актуальную стоимость.",https://catalog-plans.ru/catalog/72-19?utm_source=pinterest&utm_medium=organic&utm_campaign=generated_floor_plans_desert_rose_static_batch_59&utm_content=pin_11274_72-19_plans&utm_term=proekty-domov-s-planirovkami,,"проект дома 72-19, проект дома 231,1 м², планировка дома, планы этажей, готовый проект дома, оригинальная планировка, газобетон, catalog-plans.ru"
"Проект дома №57-21B площадью 285,4 м² с планировками",https://raw.githubusercontent.com/nemchenik/test/0d914bce6920c8382fb3a50f11ae3de3cb6574e0/pinterest/generated_batch_59_floor_plans_desert_rose_static/57-21B.jpg,Планировки частных домов,,"Проект дома №57-21B: площадь 285,4 м², 2 этажа, габариты 16.4×19.65 м, материал стен — газобетон. На карточке показаны оригинальные планировки этажей. Сохраните планы дома и откройте проект, чтобы узнать подробности и актуальную стоимость.",https://catalog-plans.ru/catalog/57-21B?utm_source=pinterest&utm_medium=organic&utm_campaign=generated_floor_plans_desert_rose_static_batch_59&utm_content=pin_11275_57-21B_plans&utm_term=proekty-domov-s-planirovkami,,"проект дома 57-21B, проект дома 285,4 м², планировка дома, планы этажей, готовый проект дома, оригинальная планировка, газобетон, catalog-plans.ru"
"Проект дома №46-09AFK1L площадью 161,56 м² с планировками",https://raw.githubusercontent.com/nemchenik/test/0d914bce6920c8382fb3a50f11ae3de3cb6574e0/pinterest/generated_batch_59_floor_plans_desert_rose_static/46-09AFK1L.jpg,Планировки частных домов,,"Проект дома №46-09AFK1L: площадь 161,56 м², 1 этаж, габариты 14.55×18.48 м, материал стен — кирпич. На карточке показаны оригинальные планировки этажей. Сохраните планы дома и откройте проект, чтобы узнать подробности и актуальную стоимость.",https://catalog-plans.ru/catalog/46-09AFK1L?utm_source=pinterest&utm_medium=organic&utm_campaign=generated_floor_plans_desert_rose_static_batch_59&utm_content=pin_11276_46-09AFK1L_plans&utm_term=proekty-domov-s-planirovkami,,"проект дома 46-09AFK1L, проект дома 161,56 м², планировка дома, планы этажей, готовый проект дома, оригинальная планировка, кирпич, catalog-plans.ru"
"Проект дома №59-95AEKL площадью 250,38 м² с планировками",https://raw.githubusercontent.com/nemchenik/test/0d914bce6920c8382fb3a50f11ae3de3cb6574e0/pinterest/generated_batch_59_floor_plans_desert_rose_static/59-95AEKL.jpg,Планировки частных домов,,"Проект дома №59-95AEKL: площадь 250,38 м², 2 этажа, габариты 12.86×14.36 м, материал стен — кирпич. На карточке показаны оригинальные планировки этажей. Сохраните планы дома и откройте проект, чтобы узнать подробности и актуальную стоимость.",https://catalog-plans.ru/catalog/59-95AEKL?utm_source=pinterest&utm_medium=organic&utm_campaign=generated_floor_plans_desert_rose_static_batch_59&utm_content=pin_11277_59-95AEKL_plans&utm_term=proekty-domov-s-planirovkami,,"проект дома 59-95AEKL, проект дома 250,38 м², планировка дома, планы этажей, готовый проект дома, оригинальная планировка, кирпич, catalog-plans.ru"
"Проект дома №49-76 площадью 300,07 м² с планировками",https://raw.githubusercontent.com/nemchenik/test/0d914bce6920c8382fb3a50f11ae3de3cb6574e0/pinterest/generated_batch_59_floor_plans_desert_rose_static/49-76.jpg,Планировки частных домов,,"Проект дома №49-76: площадь 300,07 м², 2 этажа, габариты 12.7×17.48 м, материал стен — кирпич. На карточке показаны оригинальные планировки этажей. Сохраните планы дома и откройте проект, чтобы узнать подробности и актуальную стоимость.",https://catalog-plans.ru/catalog/49-76?utm_source=pinterest&utm_medium=organic&utm_campaign=generated_floor_plans_desert_rose_static_batch_59&utm_content=pin_11278_49-76_plans&utm_term=proekty-domov-s-planirovkami,,"проект дома 49-76, проект дома 300,07 м², планировка дома, планы этажей, готовый проект дома, оригинальная планировка, кирпич, catalog-plans.ru"
"Проект дома №46-23D площадью 328,79 м² с планировками",https://raw.githubusercontent.com/nemchenik/test/0d914bce6920c8382fb3a50f11ae3de3cb6574e0/pinterest/generated_batch_59_floor_plans_desert_rose_static/46-23D.jpg,Планировки частных домов,,"Проект дома №46-23D: площадь 328,79 м², 2 этажа, габариты 14.32×19.83 м, материал стен — кирпич. На карточке показаны оригинальные планировки этажей. Сохраните планы дома и откройте проект, чтобы узнать подробности и актуальную стоимость.",https://catalog-plans.ru/catalog/46-23D?utm_source=pinterest&utm_medium=organic&utm_campaign=generated_floor_plans_desert_rose_static_batch_59&utm_content=pin_11279_46-23D_plans&utm_term=proekty-domov-s-planirovkami,,"проект дома 46-23D, проект дома 328,79 м², планировка дома, планы этажей, готовый проект дома, оригинальная планировка, кирпич, catalog-plans.ru"
"Проект дома №70-89 площадью 342,14 м² с планировками",https://raw.githubusercontent.com/nemchenik/test/0d914bce6920c8382fb3a50f11ae3de3cb6574e0/pinterest/generated_batch_59_floor_plans_desert_rose_static/70-89.jpg,Планировки частных домов,,"Проект дома №70-89: площадь 342,14 м², 3 этажа, габариты 14.56×15.28 м, материал стен — деревянный каркас. На карточке показаны оригинальные планировки этажей. Сохраните планы дома и откройте проект, чтобы узнать подробности и актуальную стоимость.",https://catalog-plans.ru/catalog/70-89?utm_source=pinterest&utm_medium=organic&utm_campaign=generated_floor_plans_desert_rose_static_batch_59&utm_content=pin_11280_70-89_plans&utm_term=proekty-domov-s-planirovkami,,"проект дома 70-89, проект дома 342,14 м², планировка дома, планы этажей, готовый проект дома, оригинальная планировка, деревянный каркас, catalog-plans.ru"
Проект дома №75-02 площадью 270 м² с планировками,https://raw.githubusercontent.com/nemchenik/test/0d914bce6920c8382fb3a50f11ae3de3cb6574e0/pinterest/generated_batch_59_floor_plans_desert_rose_static/75-02.jpg,Планировки частных домов,,"Проект дома №75-02: площадь 270 м², 2 этажа, габариты 14.9×17.45 м, материал стен — газобетон. На карточке показаны оригинальные планировки этажей. Сохраните планы дома и откройте проект, чтобы узнать подробности и актуальную стоимость.",https://catalog-plans.ru/catalog/75-02?utm_source=pinterest&utm_medium=organic&utm_campaign=generated_floor_plans_desert_rose_static_batch_59&utm_content=pin_11281_75-02_plans&utm_term=proekty-domov-s-planirovkami,,"проект дома 75-02, проект дома 270 м², планировка дома, планы этажей, готовый проект дома, оригинальная планировка, газобетон, catalog-plans.ru"
"Проект дома №40-34 площадью 257,91 м² с планировками",https://raw.githubusercontent.com/nemchenik/test/0d914bce6920c8382fb3a50f11ae3de3cb6574e0/pinterest/generated_batch_59_floor_plans_desert_rose_static/40-34.jpg,Планировки частных домов,,"Проект дома №40-34: площадь 257,91 м², 2 этажа, габариты 12.71×16.48 м, материал стен — кирпич. На карточке показаны оригинальные планировки этажей. Сохраните планы дома и откройте проект, чтобы узнать подробности и актуальную стоимость.",https://catalog-plans.ru/catalog/40-34?utm_source=pinterest&utm_medium=organic&utm_campaign=generated_floor_plans_desert_rose_static_batch_59&utm_content=pin_11282_40-34_plans&utm_term=proekty-domov-s-planirovkami,,"проект дома 40-34, проект дома 257,91 м², планировка дома, планы этажей, готовый проект дома, оригинальная планировка, кирпич, catalog-plans.ru"
"Проект дома №60-60 площадью 148,5 м² с планировками",https://raw.githubusercontent.com/nemchenik/test/0d914bce6920c8382fb3a50f11ae3de3cb6574e0/pinterest/generated_batch_59_floor_plans_desert_rose_static/60-60.jpg,Планировки частных домов,,"Проект дома №60-60: площадь 148,5 м², 2 этажа, габариты 11.5×15.2 м, материал стен — газобетон. На карточке показаны оригинальные планировки этажей. Сохраните планы дома и откройте проект, чтобы узнать подробности и актуальную стоимость.",https://catalog-plans.ru/catalog/60-60?utm_source=pinterest&utm_medium=organic&utm_campaign=generated_floor_plans_desert_rose_static_batch_59&utm_content=pin_11283_60-60_plans&utm_term=proekty-domov-s-planirovkami,,"проект дома 60-60, проект дома 148,5 м², планировка дома, планы этажей, готовый проект дома, оригинальная планировка, газобетон, catalog-plans.ru"
"Проект дома №35-24 площадью 852,3 м² с планировками",https://raw.githubusercontent.com/nemchenik/test/0d914bce6920c8382fb3a50f11ae3de3cb6574e0/pinterest/generated_batch_59_floor_plans_desert_rose_static/35-24.jpg,Планировки частных домов,,"Проект дома №35-24: площадь 852,3 м², 3 этажа, габариты 23.22×28.94 м, материал стен — кирпич. На карточке показаны оригинальные планировки этажей. Сохраните планы дома и откройте проект, чтобы узнать подробности и актуальную стоимость.",https://catalog-plans.ru/catalog/35-24?utm_source=pinterest&utm_medium=organic&utm_campaign=generated_floor_plans_desert_rose_static_batch_59&utm_content=pin_11284_35-24_plans&utm_term=proekty-domov-s-planirovkami,,"проект дома 35-24, проект дома 852,3 м², планировка дома, планы этажей, готовый проект дома, оригинальная планировка, кирпич, catalog-plans.ru"
"Проект дома №48-29N площадью 299,54 м² с планировками",https://raw.githubusercontent.com/nemchenik/test/0d914bce6920c8382fb3a50f11ae3de3cb6574e0/pinterest/generated_batch_59_floor_plans_desert_rose_static/48-29N.jpg,Планировки частных домов,,"Проект дома №48-29N: площадь 299,54 м², 2 этажа, габариты 13.76×25 м, материал стен — кирпич. На карточке показаны оригинальные планировки этажей. Сохраните планы дома и откройте проект, чтобы узнать подробности и актуальную стоимость.",https://catalog-plans.ru/catalog/48-29N?utm_source=pinterest&utm_medium=organic&utm_campaign=generated_floor_plans_desert_rose_static_batch_59&utm_content=pin_11285_48-29N_plans&utm_term=proekty-domov-s-planirovkami,,"проект дома 48-29N, проект дома 299,54 м², планировка дома, планы этажей, готовый проект дома, оригинальная планировка, кирпич, catalog-plans.ru"
"Проект дома №62-09AB площадью 137,65 м² с планировками",https://raw.githubusercontent.com/nemchenik/test/0d914bce6920c8382fb3a50f11ae3de3cb6574e0/pinterest/generated_batch_59_floor_plans_desert_rose_static/62-09AB.jpg,Планировки частных домов,,"Проект дома №62-09AB: площадь 137,65 м², 1 этаж, габариты 13.8×16.1 м, материал стен — газобетон. На карточке показаны оригинальные планировки этажей. Сохраните планы дома и откройте проект, чтобы узнать подробности и актуальную стоимость.",https://catalog-plans.ru/catalog/62-09AB?utm_source=pinterest&utm_medium=organic&utm_campaign=generated_floor_plans_desert_rose_static_batch_59&utm_content=pin_11286_62-09AB_plans&utm_term=proekty-domov-s-planirovkami,,"проект дома 62-09AB, проект дома 137,65 м², планировка дома, планы этажей, готовый проект дома, оригинальная планировка, газобетон, catalog-plans.ru"
"Проект дома №48-24GFA площадью 436,77 м² с планировками",https://raw.githubusercontent.com/nemchenik/test/0d914bce6920c8382fb3a50f11ae3de3cb6574e0/pinterest/generated_batch_59_floor_plans_desert_rose_static/48-24GFA.jpg,Планировки частных домов,,"Проект дома №48-24GFA: площадь 436,77 м², 2 этажа, габариты 19.18×20.85 м, материал стен — газобетон. На карточке показаны оригинальные планировки этажей. Сохраните планы дома и откройте проект, чтобы узнать подробности и актуальную стоимость.",https://catalog-plans.ru/catalog/48-24GFA?utm_source=pinterest&utm_medium=organic&utm_campaign=generated_floor_plans_desert_rose_static_batch_59&utm_content=pin_11287_48-24GFA_plans&utm_term=proekty-domov-s-planirovkami,,"проект дома 48-24GFA, проект дома 436,77 м², планировка дома, планы этажей, готовый проект дома, оригинальная планировка, газобетон, catalog-plans.ru"
"Проект дома №47-90 площадью 624,7 м² с планировками",https://raw.githubusercontent.com/nemchenik/test/0d914bce6920c8382fb3a50f11ae3de3cb6574e0/pinterest/generated_batch_59_floor_plans_desert_rose_static/47-90.jpg,Планировки частных домов,,"Проект дома №47-90: площадь 624,7 м², 2 этажа, габариты 15.4×35.02 м, материал стен — кирпич. На карточке показаны оригинальные планировки этажей. Сохраните планы дома и откройте проект, чтобы узнать подробности и актуальную стоимость.",https://catalog-plans.ru/catalog/47-90?utm_source=pinterest&utm_medium=organic&utm_campaign=generated_floor_plans_desert_rose_static_batch_59&utm_content=pin_11288_47-90_plans&utm_term=proekty-domov-s-planirovkami,,"проект дома 47-90, проект дома 624,7 м², планировка дома, планы этажей, готовый проект дома, оригинальная планировка, кирпич, catalog-plans.ru"
"Проект дома №63-47AC площадью 113,91 м² с планировками",https://raw.githubusercontent.com/nemchenik/test/0d914bce6920c8382fb3a50f11ae3de3cb6574e0/pinterest/generated_batch_59_floor_plans_desert_rose_static/63-47AC.jpg,Планировки частных домов,,"Проект дома №63-47AC: площадь 113,91 м², 2 этажа, габариты 5.7×14.59 м, материал стен — газобетон. На карточке показаны оригинальные планировки этажей. Сохраните планы дома и откройте проект, чтобы узнать подробности и актуальную стоимость.",https://catalog-plans.ru/catalog/63-47AC?utm_source=pinterest&utm_medium=organic&utm_campaign=generated_floor_plans_desert_rose_static_batch_59&utm_content=pin_11289_63-47AC_plans&utm_term=proekty-domov-s-planirovkami,,"проект дома 63-47AC, проект дома 113,91 м², планировка дома, планы этажей, готовый проект дома, оригинальная планировка, газобетон, catalog-plans.ru"
"Проект дома №62-15EAK площадью 350,86 м² с планировками",https://raw.githubusercontent.com/nemchenik/test/0d914bce6920c8382fb3a50f11ae3de3cb6574e0/pinterest/generated_batch_59_floor_plans_desert_rose_static/62-15EAK.jpg,Планировки частных домов,,"Проект дома №62-15EAK: площадь 350,86 м², 2 этажа, габариты 14.38×24.08 м, материал стен — кирпич. На карточке показаны оригинальные планировки этажей. Сохраните планы дома и откройте проект, чтобы узнать подробности и актуальную стоимость.",https://catalog-plans.ru/catalog/62-15EAK?utm_source=pinterest&utm_medium=organic&utm_campaign=generated_floor_plans_desert_rose_static_batch_59&utm_content=pin_11290_62-15EAK_plans&utm_term=proekty-domov-s-planirovkami,,"проект дома 62-15EAK, проект дома 350,86 м², планировка дома, планы этажей, готовый проект дома, оригинальная планировка, кирпич, catalog-plans.ru"
"Проект дома №46-08RK1L площадью 325,96 м² с планировками",https://raw.githubusercontent.com/nemchenik/test/0d914bce6920c8382fb3a50f11ae3de3cb6574e0/pinterest/generated_batch_59_floor_plans_desert_rose_static/46-08RK1L.jpg,Планировки частных домов,,"Проект дома №46-08RK1L: площадь 325,96 м², 2 этажа, габариты 14.53×21.82 м, материал стен — кирпич. На карточке показаны оригинальные планировки этажей. Сохраните планы дома и откройте проект, чтобы узнать подробности и актуальную стоимость.",https://catalog-plans.ru/catalog/46-08RK1L?utm_source=pinterest&utm_medium=organic&utm_campaign=generated_floor_plans_desert_rose_static_batch_59&utm_content=pin_11291_46-08RK1L_plans&utm_term=proekty-domov-s-planirovkami,,"проект дома 46-08RK1L, проект дома 325,96 м², планировка дома, планы этажей, готовый проект дома, оригинальная планировка, кирпич, catalog-plans.ru"
"Проект дома №64-08AWAK площадью 345,98 м² с планировками",https://raw.githubusercontent.com/nemchenik/test/0d914bce6920c8382fb3a50f11ae3de3cb6574e0/pinterest/generated_batch_59_floor_plans_desert_rose_static/64-08AWAK.jpg,Планировки частных домов,,"Проект дома №64-08AWAK: площадь 345,98 м², 2 этажа, габариты 16.32×18.42 м, материал стен — кирпич. На карточке показаны оригинальные планировки этажей. Сохраните планы дома и откройте проект, чтобы узнать подробности и актуальную стоимость.",https://catalog-plans.ru/catalog/64-08AWAK?utm_source=pinterest&utm_medium=organic&utm_campaign=generated_floor_plans_desert_rose_static_batch_59&utm_content=pin_11292_64-08AWAK_plans&utm_term=proekty-domov-s-planirovkami,,"проект дома 64-08AWAK, проект дома 345,98 м², планировка дома, планы этажей, готовый проект дома, оригинальная планировка, кирпич, catalog-plans.ru"
"Проект дома №52-23 площадью 232,2 м² с планировками",https://raw.githubusercontent.com/nemchenik/test/0d914bce6920c8382fb3a50f11ae3de3cb6574e0/pinterest/generated_batch_59_floor_plans_desert_rose_static/52-23.jpg,Планировки частных домов,,"Проект дома №52-23: площадь 232,2 м², 2 этажа, габариты 13.5×15 м, материал стен — газобетон. На карточке показаны оригинальные планировки этажей. Сохраните планы дома и откройте проект, чтобы узнать подробности и актуальную стоимость.",https://catalog-plans.ru/catalog/52-23?utm_source=pinterest&utm_medium=organic&utm_campaign=generated_floor_plans_desert_rose_static_batch_59&utm_content=pin_11293_52-23_plans&utm_term=proekty-domov-s-planirovkami,,"проект дома 52-23, проект дома 232,2 м², планировка дома, планы этажей, готовый проект дома, оригинальная планировка, газобетон, catalog-plans.ru"
"Проект дома №58-44E площадью 277,93 м² с планировками",https://raw.githubusercontent.com/nemchenik/test/0d914bce6920c8382fb3a50f11ae3de3cb6574e0/pinterest/generated_batch_59_floor_plans_desert_rose_static/58-44E.jpg,Планировки частных домов,,"Проект дома №58-44E: площадь 277,93 м², 2 этажа, габариты 14.4×16.2 м, материал стен — газобетон. На карточке показаны оригинальные планировки этажей. Сохраните планы дома и откройте проект, чтобы узнать подробности и актуальную стоимость.",https://catalog-plans.ru/catalog/58-44E?utm_source=pinterest&utm_medium=organic&utm_campaign=generated_floor_plans_desert_rose_static_batch_59&utm_content=pin_11294_58-44E_plans&utm_term=proekty-domov-s-planirovkami,,"проект дома 58-44E, проект дома 277,93 м², планировка дома, планы этажей, готовый проект дома, оригинальная планировка, газобетон, catalog-plans.ru"
"Проект дома №40-39AGL площадью 302,03 м² с планировками",https://raw.githubusercontent.com/nemchenik/test/0d914bce6920c8382fb3a50f11ae3de3cb6574e0/pinterest/generated_batch_59_floor_plans_desert_rose_static/40-39AGL.jpg,Планировки частных домов,,"Проект дома №40-39AGL: площадь 302,03 м², 2 этажа, габариты 16.22×16.98 м, материал стен — газобетон. На карточке показаны оригинальные планировки этажей. Сохраните планы дома и откройте проект, чтобы узнать подробности и актуальную стоимость.",https://catalog-plans.ru/catalog/40-39AGL?utm_source=pinterest&utm_medium=organic&utm_campaign=generated_floor_plans_desert_rose_static_batch_59&utm_content=pin_11295_40-39AGL_plans&utm_term=proekty-domov-s-planirovkami,,"проект дома 40-39AGL, проект дома 302,03 м², планировка дома, планы этажей, готовый проект дома, оригинальная планировка, газобетон, catalog-plans.ru"
"Проект дома №58-92BD площадью 161,54 м² с планировками",https://raw.githubusercontent.com/nemchenik/test/0d914bce6920c8382fb3a50f11ae3de3cb6574e0/pinterest/generated_batch_59_floor_plans_desert_rose_static/58-92BD.jpg,Планировки частных домов,,"Проект дома №58-92BD: площадь 161,54 м², 2 этажа, габариты 10.03×12.6 м, материал стен — газобетон. На карточке показаны оригинальные планировки этажей. Сохраните планы дома и откройте проект, чтобы узнать подробности и актуальную стоимость.",https://catalog-plans.ru/catalog/58-92BD?utm_source=pinterest&utm_medium=organic&utm_campaign=generated_floor_plans_desert_rose_static_batch_59&utm_content=pin_11296_58-92BD_plans&utm_term=proekty-domov-s-planirovkami,,"проект дома 58-92BD, проект дома 161,54 м², планировка дома, планы этажей, готовый проект дома, оригинальная планировка, газобетон, catalog-plans.ru"
"Проект дома №47-36 площадью 391,27 м² с планировками",https://raw.githubusercontent.com/nemchenik/test/0d914bce6920c8382fb3a50f11ae3de3cb6574e0/pinterest/generated_batch_59_floor_plans_desert_rose_static/47-36.jpg,Планировки частных домов,,"Проект дома №47-36: площадь 391,27 м², 2 этажа, габариты 17.42×18.4 м, материал стен — кирпич. На карточке показаны оригинальные планировки этажей. Сохраните планы дома и откройте проект, чтобы узнать подробности и актуальную стоимость.",https://catalog-plans.ru/catalog/47-36?utm_source=pinterest&utm_medium=organic&utm_campaign=generated_floor_plans_desert_rose_static_batch_59&utm_content=pin_11297_47-36_plans&utm_term=proekty-domov-s-planirovkami,,"проект дома 47-36, проект дома 391,27 м², планировка дома, планы этажей, готовый проект дома, оригинальная планировка, кирпич, catalog-plans.ru"
"Проект дома №35-73 площадью 210,1 м² с планировками",https://raw.githubusercontent.com/nemchenik/test/0d914bce6920c8382fb3a50f11ae3de3cb6574e0/pinterest/generated_batch_59_floor_plans_desert_rose_static/35-73.jpg,Планировки частных домов,,"Проект дома №35-73: площадь 210,1 м², 2 этажа, габариты 11×17.1 м, материал стен — кирпич. На карточке показаны оригинальные планировки этажей. Сохраните планы дома и откройте проект, чтобы узнать подробности и актуальную стоимость.",https://catalog-plans.ru/catalog/35-73?utm_source=pinterest&utm_medium=organic&utm_campaign=generated_floor_plans_desert_rose_static_batch_59&utm_content=pin_11298_35-73_plans&utm_term=proekty-domov-s-planirovkami,,"проект дома 35-73, проект дома 210,1 м², планировка дома, планы этажей, готовый проект дома, оригинальная планировка, кирпич, catalog-plans.ru"
"Проект дома №65-22B площадью 216,31 м² с планировками",https://raw.githubusercontent.com/nemchenik/test/0d914bce6920c8382fb3a50f11ae3de3cb6574e0/pinterest/generated_batch_59_floor_plans_desert_rose_static/65-22B.jpg,Планировки частных домов,,"Проект дома №65-22B: площадь 216,31 м², 2 этажа, габариты 9.8×14.98 м, материал стен — газобетон. На карточке показаны оригинальные планировки этажей. Сохраните планы дома и откройте проект, чтобы узнать подробности и актуальную стоимость.",https://catalog-plans.ru/catalog/65-22B?utm_source=pinterest&utm_medium=organic&utm_campaign=generated_floor_plans_desert_rose_static_batch_59&utm_content=pin_11299_65-22B_plans&utm_term=proekty-domov-s-planirovkami,,"проект дома 65-22B, проект дома 216,31 м², планировка дома, планы этажей, готовый проект дома, оригинальная планировка, газобетон, catalog-plans.ru"
"Проект дома №64-76 площадью 163,95 м² с планировками",https://raw.githubusercontent.com/nemchenik/test/0d914bce6920c8382fb3a50f11ae3de3cb6574e0/pinterest/generated_batch_59_floor_plans_desert_rose_static/64-76.jpg,Планировки частных домов,,"Проект дома №64-76: площадь 163,95 м², 2 этажа, габариты 10.7×16.7 м, материал стен — газобетон. На карточке показаны оригинальные планировки этажей. Сохраните планы дома и откройте проект, чтобы узнать подробности и актуальную стоимость.",https://catalog-plans.ru/catalog/64-76?utm_source=pinterest&utm_medium=organic&utm_campaign=generated_floor_plans_desert_rose_static_batch_59&utm_content=pin_11300_64-76_plans&utm_term=proekty-domov-s-planirovkami,,"проект дома 64-76, проект дома 163,95 м², планировка дома, планы этажей, готовый проект дома, оригинальная планировка, газобетон, catalog-plans.ru"
"Проект дома №64-08BG площадью 309,4 м² с планировками",https://raw.githubusercontent.com/nemchenik/test/0d914bce6920c8382fb3a50f11ae3de3cb6574e0/pinterest/generated_batch_59_floor_plans_desert_rose_static/64-08BG.jpg,Планировки частных домов,,"Проект дома №64-08BG: площадь 309,4 м², 2 этажа, габариты 16.2×16.8 м, материал стен — газобетон. На карточке показаны оригинальные планировки этажей. Сохраните планы дома и откройте проект, чтобы узнать подробности и актуальную стоимость.",https://catalog-plans.ru/catalog/64-08BG?utm_source=pinterest&utm_medium=organic&utm_campaign=generated_floor_plans_desert_rose_static_batch_59&utm_content=pin_11301_64-08BG_plans&utm_term=proekty-domov-s-planirovkami,,"проект дома 64-08BG, проект дома 309,4 м², планировка дома, планы этажей, готовый проект дома, оригинальная планировка, газобетон, catalog-plans.ru"
"Проект дома №45-54AL площадью 218,01 м² с планировками",https://raw.githubusercontent.com/nemchenik/test/0d914bce6920c8382fb3a50f11ae3de3cb6574e0/pinterest/generated_batch_59_floor_plans_desert_rose_static/45-54AL.jpg,Планировки частных домов,,"Проект дома №45-54AL: площадь 218,01 м², 2 этажа, габариты 14.66×17.29 м, материал стен — кирпич. На карточке показаны оригинальные планировки этажей. Сохраните планы дома и откройте проект, чтобы узнать подробности и актуальную стоимость.",https://catalog-plans.ru/catalog/45-54AL?utm_source=pinterest&utm_medium=organic&utm_campaign=generated_floor_plans_desert_rose_static_batch_59&utm_content=pin_11302_45-54AL_plans&utm_term=proekty-domov-s-planirovkami,,"проект дома 45-54AL, проект дома 218,01 м², планировка дома, планы этажей, готовый проект дома, оригинальная планировка, кирпич, catalog-plans.ru"
"Проект дома №58-19AKL1 площадью 234,83 м² с планировками",https://raw.githubusercontent.com/nemchenik/test/0d914bce6920c8382fb3a50f11ae3de3cb6574e0/pinterest/generated_batch_59_floor_plans_desert_rose_static/58-19AKL1.jpg,Планировки частных домов,,"Проект дома №58-19AKL1: площадь 234,83 м², 2 этажа, габариты 13.08×13.08 м, материал стен — кирпич. На карточке показаны оригинальные планировки этажей. Сохраните планы дома и откройте проект, чтобы узнать подробности и актуальную стоимость.",https://catalog-plans.ru/catalog/58-19AKL1?utm_source=pinterest&utm_medium=organic&utm_campaign=generated_floor_plans_desert_rose_static_batch_59&utm_content=pin_11303_58-19AKL1_plans&utm_term=proekty-domov-s-planirovkami,,"проект дома 58-19AKL1, проект дома 234,83 м², планировка дома, планы этажей, готовый проект дома, оригинальная планировка, кирпич, catalog-plans.ru"
"Проект дома №33-51 площадью 270,7 м² с планировками",https://raw.githubusercontent.com/nemchenik/test/0d914bce6920c8382fb3a50f11ae3de3cb6574e0/pinterest/generated_batch_59_floor_plans_desert_rose_static/33-51.jpg,Планировки частных домов,,"Проект дома №33-51: площадь 270,7 м², 3 этажа, габариты 15.33×15.52 м, материал стен — кирпич. На карточке показаны оригинальные планировки этажей. Сохраните планы дома и откройте проект, чтобы узнать подробности и актуальную стоимость.",https://catalog-plans.ru/catalog/33-51?utm_source=pinterest&utm_medium=organic&utm_campaign=generated_floor_plans_desert_rose_static_batch_59&utm_content=pin_11304_33-51_plans&utm_term=proekty-domov-s-planirovkami,,"проект дома 33-51, проект дома 270,7 м², планировка дома, планы этажей, готовый проект дома, оригинальная планировка, кирпич, catalog-plans.ru"
"Проект дома №48-29CBGL площадью 269,51 м² с планировками",https://raw.githubusercontent.com/nemchenik/test/0d914bce6920c8382fb3a50f11ae3de3cb6574e0/pinterest/generated_batch_59_floor_plans_desert_rose_static/48-29CBGL.jpg,Планировки частных домов,,"Проект дома №48-29CBGL: площадь 269,51 м², 2 этажа, габариты 13.02×23.42 м, материал стен — газобетон. На карточке показаны оригинальные планировки этажей. Сохраните планы дома и откройте проект, чтобы узнать подробности и актуальную стоимость.",https://catalog-plans.ru/catalog/48-29CBGL?utm_source=pinterest&utm_medium=organic&utm_campaign=generated_floor_plans_desert_rose_static_batch_59&utm_content=pin_11305_48-29CBGL_plans&utm_term=proekty-domov-s-planirovkami,,"проект дома 48-29CBGL, проект дома 269,51 м², планировка дома, планы этажей, готовый проект дома, оригинальная планировка, газобетон, catalog-plans.ru"
"Проект дома №70-72 площадью 159,6 м² с планировками",https://raw.githubusercontent.com/nemchenik/test/0d914bce6920c8382fb3a50f11ae3de3cb6574e0/pinterest/generated_batch_59_floor_plans_desert_rose_static/70-72.jpg,Планировки частных домов,,"Проект дома №70-72: площадь 159,6 м², 1 этаж, габариты 11.56×31 м, материал стен — газобетон. На карточке показаны оригинальные планировки этажей. Сохраните планы дома и откройте проект, чтобы узнать подробности и актуальную стоимость.",https://catalog-plans.ru/catalog/70-72?utm_source=pinterest&utm_medium=organic&utm_campaign=generated_floor_plans_desert_rose_static_batch_59&utm_content=pin_11306_70-72_plans&utm_term=proekty-domov-s-planirovkami,,"проект дома 70-72, проект дома 159,6 м², планировка дома, планы этажей, готовый проект дома, оригинальная планировка, газобетон, catalog-plans.ru"
"Проект дома №59-25EK площадью 358,72 м² с планировками",https://raw.githubusercontent.com/nemchenik/test/0d914bce6920c8382fb3a50f11ae3de3cb6574e0/pinterest/generated_batch_59_floor_plans_desert_rose_static/59-25EK.jpg,Планировки частных домов,,"Проект дома №59-25EK: площадь 358,72 м², 2 этажа, габариты 12.42×15.72 м, материал стен — кирпич. На карточке показаны оригинальные планировки этажей. Сохраните планы дома и откройте проект, чтобы узнать подробности и актуальную стоимость.",https://catalog-plans.ru/catalog/59-25EK?utm_source=pinterest&utm_medium=organic&utm_campaign=generated_floor_plans_desert_rose_static_batch_59&utm_content=pin_11307_59-25EK_plans&utm_term=proekty-domov-s-planirovkami,,"проект дома 59-25EK, проект дома 358,72 м², планировка дома, планы этажей, готовый проект дома, оригинальная планировка, кирпич, catalog-plans.ru"
"Проект дома №46-43 площадью 321,81 м² с планировками",https://raw.githubusercontent.com/nemchenik/test/0d914bce6920c8382fb3a50f11ae3de3cb6574e0/pinterest/generated_batch_59_floor_plans_desert_rose_static/46-43.jpg,Планировки частных домов,,"Проект дома №46-43: площадь 321,81 м², 2 этажа, габариты 16.45×19.49 м, материал стен — кирпич. На карточке показаны оригинальные планировки этажей. Сохраните планы дома и откройте проект, чтобы узнать подробности и актуальную стоимость.",https://catalog-plans.ru/catalog/46-43?utm_source=pinterest&utm_medium=organic&utm_campaign=generated_floor_plans_desert_rose_static_batch_59&utm_content=pin_11308_46-43_plans&utm_term=proekty-domov-s-planirovkami,,"проект дома 46-43, проект дома 321,81 м², планировка дома, планы этажей, готовый проект дома, оригинальная планировка, кирпич, catalog-plans.ru"
"Проект дома №57-62YL площадью 193,73 м² с планировками",https://raw.githubusercontent.com/nemchenik/test/0d914bce6920c8382fb3a50f11ae3de3cb6574e0/pinterest/generated_batch_59_floor_plans_desert_rose_static/57-62YL.jpg,Планировки частных домов,,"Проект дома №57-62YL: площадь 193,73 м², 2 этажа, габариты 10.64×14.18 м, материал стен — газобетон. На карточке показаны оригинальные планировки этажей. Сохраните планы дома и откройте проект, чтобы узнать подробности и актуальную стоимость.",https://catalog-plans.ru/catalog/57-62YL?utm_source=pinterest&utm_medium=organic&utm_campaign=generated_floor_plans_desert_rose_static_batch_59&utm_content=pin_11309_57-62YL_plans&utm_term=proekty-domov-s-planirovkami,,"проект дома 57-62YL, проект дома 193,73 м², планировка дома, планы этажей, готовый проект дома, оригинальная планировка, газобетон, catalog-plans.ru"
"Проект дома №62-03 площадью 149,28 м² с планировками",https://raw.githubusercontent.com/nemchenik/test/0d914bce6920c8382fb3a50f11ae3de3cb6574e0/pinterest/generated_batch_59_floor_plans_desert_rose_static/62-03.jpg,Планировки частных домов,,"Проект дома №62-03: площадь 149,28 м², 1 этаж, габариты 15.01×15.98 м, материал стен — газобетон. На карточке показаны оригинальные планировки этажей. Сохраните планы дома и откройте проект, чтобы узнать подробности и актуальную стоимость.",https://catalog-plans.ru/catalog/62-03?utm_source=pinterest&utm_medium=organic&utm_campaign=generated_floor_plans_desert_rose_static_batch_59&utm_content=pin_11310_62-03_plans&utm_term=proekty-domov-s-planirovkami,,"проект дома 62-03, проект дома 149,28 м², планировка дома, планы этажей, готовый проект дома, оригинальная планировка, газобетон, catalog-plans.ru"
"Проект дома №57-45K площадью 170,46 м² с планировками",https://raw.githubusercontent.com/nemchenik/test/0d914bce6920c8382fb3a50f11ae3de3cb6574e0/pinterest/generated_batch_59_floor_plans_desert_rose_static/57-45K.jpg,Планировки частных домов,,"Проект дома №57-45K: площадь 170,46 м², 2 этажа, габариты 9.5×12.25 м, материал стен — кирпич. На карточке показаны оригинальные планировки этажей. Сохраните планы дома и откройте проект, чтобы узнать подробности и актуальную стоимость.",https://catalog-plans.ru/catalog/57-45K?utm_source=pinterest&utm_medium=organic&utm_campaign=generated_floor_plans_desert_rose_static_batch_59&utm_content=pin_11311_57-45K_plans&utm_term=proekty-domov-s-planirovkami,,"проект дома 57-45K, проект дома 170,46 м², планировка дома, планы этажей, готовый проект дома, оригинальная планировка, кирпич, catalog-plans.ru"
