Title,Media URL,Pinterest board,Thumbnail,Description,Link,Publish date,Keywords
Проект дома №10-99 площадью 200 м² с планировками,https://raw.githubusercontent.com/nemchenik/test/ecae1a10015457ee79f8a377cb28a7df81c945f7/pinterest/generated_batch_57_floor_plans_ocean_static/10-99.jpg,Планировки домов,,"Проект дома №10-99: площадь 200 м², 2 этажа, габариты 12×14.4 м, материал стен — дерево. На карточке показаны оригинальные планировки этажей. Сохраните планы дома и откройте проект, чтобы узнать подробности и актуальную стоимость.",https://catalog-plans.ru/catalog/10-99?utm_source=pinterest&utm_medium=organic&utm_campaign=generated_floor_plans_ocean_static_batch_57&utm_content=pin_10712_10-99_plans&utm_term=proekty-domov-s-planirovkami,,"проект дома 10-99, проект дома 200 м², планировка дома, планы этажей, готовый проект дома, оригинальная планировка, дерево, catalog-plans.ru"
"Проект дома №13-84 площадью 136,8 м² с планировками",https://raw.githubusercontent.com/nemchenik/test/ecae1a10015457ee79f8a377cb28a7df81c945f7/pinterest/generated_batch_57_floor_plans_ocean_static/13-84.jpg,Планировки домов,,"Проект дома №13-84: площадь 136,8 м², 2 этажа, габариты 12.8×16.6 м, материал стен — дерево. На карточке показаны оригинальные планировки этажей. Сохраните планы дома и откройте проект, чтобы узнать подробности и актуальную стоимость.",https://catalog-plans.ru/catalog/13-84?utm_source=pinterest&utm_medium=organic&utm_campaign=generated_floor_plans_ocean_static_batch_57&utm_content=pin_10713_13-84_plans&utm_term=proekty-domov-s-planirovkami,,"проект дома 13-84, проект дома 136,8 м², планировка дома, планы этажей, готовый проект дома, оригинальная планировка, дерево, catalog-plans.ru"
"Проект дома №13-99 площадью 142,42 м² с планировками",https://raw.githubusercontent.com/nemchenik/test/ecae1a10015457ee79f8a377cb28a7df81c945f7/pinterest/generated_batch_57_floor_plans_ocean_static/13-99.jpg,Планировки домов,,"Проект дома №13-99: площадь 142,42 м², 2 этажа, габариты 8×12 м, материал стен — дерево. На карточке показаны оригинальные планировки этажей. Сохраните планы дома и откройте проект, чтобы узнать подробности и актуальную стоимость.",https://catalog-plans.ru/catalog/13-99?utm_source=pinterest&utm_medium=organic&utm_campaign=generated_floor_plans_ocean_static_batch_57&utm_content=pin_10714_13-99_plans&utm_term=proekty-domov-s-planirovkami,,"проект дома 13-99, проект дома 142,42 м², планировка дома, планы этажей, готовый проект дома, оригинальная планировка, дерево, catalog-plans.ru"
Проект дома №15-07 площадью 171 м² с планировками,https://raw.githubusercontent.com/nemchenik/test/ecae1a10015457ee79f8a377cb28a7df81c945f7/pinterest/generated_batch_57_floor_plans_ocean_static/15-07.jpg,Планировки домов,,"Проект дома №15-07: площадь 171 м², 2 этажа, габариты 9.6×11 м, материал стен — дерево. На карточке показаны оригинальные планировки этажей. Сохраните планы дома и откройте проект, чтобы узнать подробности и актуальную стоимость.",https://catalog-plans.ru/catalog/15-07?utm_source=pinterest&utm_medium=organic&utm_campaign=generated_floor_plans_ocean_static_batch_57&utm_content=pin_10715_15-07_plans&utm_term=proekty-domov-s-planirovkami,,"проект дома 15-07, проект дома 171 м², планировка дома, планы этажей, готовый проект дома, оригинальная планировка, дерево, catalog-plans.ru"
"Проект дома №15-32 площадью 227,8 м² с планировками",https://raw.githubusercontent.com/nemchenik/test/ecae1a10015457ee79f8a377cb28a7df81c945f7/pinterest/generated_batch_57_floor_plans_ocean_static/15-32.jpg,Планировки домов,,"Проект дома №15-32: площадь 227,8 м², 2 этажа, габариты 14.19×15.58 м, материал стен — газобетон. На карточке показаны оригинальные планировки этажей. Сохраните планы дома и откройте проект, чтобы узнать подробности и актуальную стоимость.",https://catalog-plans.ru/catalog/15-32?utm_source=pinterest&utm_medium=organic&utm_campaign=generated_floor_plans_ocean_static_batch_57&utm_content=pin_10716_15-32_plans&utm_term=proekty-domov-s-planirovkami,,"проект дома 15-32, проект дома 227,8 м², планировка дома, планы этажей, готовый проект дома, оригинальная планировка, газобетон, catalog-plans.ru"
"Проект дома №30-94 площадью 355,8 м² с планировками",https://raw.githubusercontent.com/nemchenik/test/ecae1a10015457ee79f8a377cb28a7df81c945f7/pinterest/generated_batch_57_floor_plans_ocean_static/30-94.jpg,Планировки домов,,"Проект дома №30-94: площадь 355,8 м², 2 этажа, габариты 13.8×13.8 м, материал стен — кирпич. На карточке показаны оригинальные планировки этажей. Сохраните планы дома и откройте проект, чтобы узнать подробности и актуальную стоимость.",https://catalog-plans.ru/catalog/30-94?utm_source=pinterest&utm_medium=organic&utm_campaign=generated_floor_plans_ocean_static_batch_57&utm_content=pin_10717_30-94_plans&utm_term=proekty-domov-s-planirovkami,,"проект дома 30-94, проект дома 355,8 м², планировка дома, планы этажей, готовый проект дома, оригинальная планировка, кирпич, catalog-plans.ru"
"Проект дома №31-81 площадью 294,8 м² с планировками",https://raw.githubusercontent.com/nemchenik/test/ecae1a10015457ee79f8a377cb28a7df81c945f7/pinterest/generated_batch_57_floor_plans_ocean_static/31-81.jpg,Планировки домов,,"Проект дома №31-81: площадь 294,8 м², 2 этажа, габариты 13.14×13.8 м, материал стен — кирпич. На карточке показаны оригинальные планировки этажей. Сохраните планы дома и откройте проект, чтобы узнать подробности и актуальную стоимость.",https://catalog-plans.ru/catalog/31-81?utm_source=pinterest&utm_medium=organic&utm_campaign=generated_floor_plans_ocean_static_batch_57&utm_content=pin_10718_31-81_plans&utm_term=proekty-domov-s-planirovkami,,"проект дома 31-81, проект дома 294,8 м², планировка дома, планы этажей, готовый проект дома, оригинальная планировка, кирпич, catalog-plans.ru"
"Проект дома №31-97 площадью 590,9 м² с планировками",https://raw.githubusercontent.com/nemchenik/test/ecae1a10015457ee79f8a377cb28a7df81c945f7/pinterest/generated_batch_57_floor_plans_ocean_static/31-97.jpg,Планировки домов,,"Проект дома №31-97: площадь 590,9 м², 2 этажа, габариты 12.6×12.6 м, материал стен — кирпич. На карточке показаны оригинальные планировки этажей. Сохраните планы дома и откройте проект, чтобы узнать подробности и актуальную стоимость.",https://catalog-plans.ru/catalog/31-97?utm_source=pinterest&utm_medium=organic&utm_campaign=generated_floor_plans_ocean_static_batch_57&utm_content=pin_10719_31-97_plans&utm_term=proekty-domov-s-planirovkami,,"проект дома 31-97, проект дома 590,9 м², планировка дома, планы этажей, готовый проект дома, оригинальная планировка, кирпич, catalog-plans.ru"
"Проект дома №32-24 площадью 346,1 м² с планировками",https://raw.githubusercontent.com/nemchenik/test/ecae1a10015457ee79f8a377cb28a7df81c945f7/pinterest/generated_batch_57_floor_plans_ocean_static/32-24.jpg,Планировки домов,,"Проект дома №32-24: площадь 346,1 м², 2 этажа, габариты 14×19.04 м, материал стен — кирпич. На карточке показаны оригинальные планировки этажей. Сохраните планы дома и откройте проект, чтобы узнать подробности и актуальную стоимость.",https://catalog-plans.ru/catalog/32-24?utm_source=pinterest&utm_medium=organic&utm_campaign=generated_floor_plans_ocean_static_batch_57&utm_content=pin_10720_32-24_plans&utm_term=proekty-domov-s-planirovkami,,"проект дома 32-24, проект дома 346,1 м², планировка дома, планы этажей, готовый проект дома, оригинальная планировка, кирпич, catalog-plans.ru"
"Проект дома №32-37 площадью 169,2 м² с планировками",https://raw.githubusercontent.com/nemchenik/test/ecae1a10015457ee79f8a377cb28a7df81c945f7/pinterest/generated_batch_57_floor_plans_ocean_static/32-37.jpg,Планировки домов,,"Проект дома №32-37: площадь 169,2 м², 2 этажа, габариты 9.3×9.7 м, материал стен — кирпич. На карточке показаны оригинальные планировки этажей. Сохраните планы дома и откройте проект, чтобы узнать подробности и актуальную стоимость.",https://catalog-plans.ru/catalog/32-37?utm_source=pinterest&utm_medium=organic&utm_campaign=generated_floor_plans_ocean_static_batch_57&utm_content=pin_10721_32-37_plans&utm_term=proekty-domov-s-planirovkami,,"проект дома 32-37, проект дома 169,2 м², планировка дома, планы этажей, готовый проект дома, оригинальная планировка, кирпич, catalog-plans.ru"
"Проект дома №32-76 площадью 555,5 м² с планировками",https://raw.githubusercontent.com/nemchenik/test/ecae1a10015457ee79f8a377cb28a7df81c945f7/pinterest/generated_batch_57_floor_plans_ocean_static/32-76.jpg,Планировки домов,,"Проект дома №32-76: площадь 555,5 м², 3 этажа, габариты 18.52×21.22 м, материал стен — кирпич. На карточке показаны оригинальные планировки этажей. Сохраните планы дома и откройте проект, чтобы узнать подробности и актуальную стоимость.",https://catalog-plans.ru/catalog/32-76?utm_source=pinterest&utm_medium=organic&utm_campaign=generated_floor_plans_ocean_static_batch_57&utm_content=pin_10722_32-76_plans&utm_term=proekty-domov-s-planirovkami,,"проект дома 32-76, проект дома 555,5 м², планировка дома, планы этажей, готовый проект дома, оригинальная планировка, кирпич, catalog-plans.ru"
"Проект дома №33-22 площадью 181,8 м² с планировками",https://raw.githubusercontent.com/nemchenik/test/ecae1a10015457ee79f8a377cb28a7df81c945f7/pinterest/generated_batch_57_floor_plans_ocean_static/33-22.jpg,Планировки домов,,"Проект дома №33-22: площадь 181,8 м², 2 этажа, габариты 8.7×15 м, материал стен — кирпич. На карточке показаны оригинальные планировки этажей. Сохраните планы дома и откройте проект, чтобы узнать подробности и актуальную стоимость.",https://catalog-plans.ru/catalog/33-22?utm_source=pinterest&utm_medium=organic&utm_campaign=generated_floor_plans_ocean_static_batch_57&utm_content=pin_10723_33-22_plans&utm_term=proekty-domov-s-planirovkami,,"проект дома 33-22, проект дома 181,8 м², планировка дома, планы этажей, готовый проект дома, оригинальная планировка, кирпич, catalog-plans.ru"
"Проект дома №33-69 площадью 81,6 м² с планировками",https://raw.githubusercontent.com/nemchenik/test/ecae1a10015457ee79f8a377cb28a7df81c945f7/pinterest/generated_batch_57_floor_plans_ocean_static/33-69.jpg,Планировки домов,,"Проект дома №33-69: площадь 81,6 м², 1 этаж, габариты 9.6×10.3 м, материал стен — кирпич. На карточке показаны оригинальные планировки этажей. Сохраните планы дома и откройте проект, чтобы узнать подробности и актуальную стоимость.",https://catalog-plans.ru/catalog/33-69?utm_source=pinterest&utm_medium=organic&utm_campaign=generated_floor_plans_ocean_static_batch_57&utm_content=pin_10724_33-69_plans&utm_term=proekty-domov-s-planirovkami,,"проект дома 33-69, проект дома 81,6 м², планировка дома, планы этажей, готовый проект дома, оригинальная планировка, кирпич, catalog-plans.ru"
"Проект дома №34-90 площадью 420,3 м² с планировками",https://raw.githubusercontent.com/nemchenik/test/ecae1a10015457ee79f8a377cb28a7df81c945f7/pinterest/generated_batch_57_floor_plans_ocean_static/34-90.jpg,Планировки домов,,"Проект дома №34-90: площадь 420,3 м², 2 этажа, габариты 14.5×15 м, материал стен — кирпич. На карточке показаны оригинальные планировки этажей. Сохраните планы дома и откройте проект, чтобы узнать подробности и актуальную стоимость.",https://catalog-plans.ru/catalog/34-90?utm_source=pinterest&utm_medium=organic&utm_campaign=generated_floor_plans_ocean_static_batch_57&utm_content=pin_10725_34-90_plans&utm_term=proekty-domov-s-planirovkami,,"проект дома 34-90, проект дома 420,3 м², планировка дома, планы этажей, готовый проект дома, оригинальная планировка, кирпич, catalog-plans.ru"
"Проект дома №34-93 площадью 168,6 м² с планировками",https://raw.githubusercontent.com/nemchenik/test/ecae1a10015457ee79f8a377cb28a7df81c945f7/pinterest/generated_batch_57_floor_plans_ocean_static/34-93.jpg,Планировки домов,,"Проект дома №34-93: площадь 168,6 м², 2 этажа, габариты 9.6×12 м, материал стен — кирпич. На карточке показаны оригинальные планировки этажей. Сохраните планы дома и откройте проект, чтобы узнать подробности и актуальную стоимость.",https://catalog-plans.ru/catalog/34-93?utm_source=pinterest&utm_medium=organic&utm_campaign=generated_floor_plans_ocean_static_batch_57&utm_content=pin_10726_34-93_plans&utm_term=proekty-domov-s-planirovkami,,"проект дома 34-93, проект дома 168,6 м², планировка дома, планы этажей, готовый проект дома, оригинальная планировка, кирпич, catalog-plans.ru"
"Проект дома №35-17 площадью 571,2 м² с планировками",https://raw.githubusercontent.com/nemchenik/test/ecae1a10015457ee79f8a377cb28a7df81c945f7/pinterest/generated_batch_57_floor_plans_ocean_static/35-17.jpg,Планировки домов,,"Проект дома №35-17: площадь 571,2 м², 3 этажа, габариты 20.28×28.25 м, материал стен — кирпич. На карточке показаны оригинальные планировки этажей. Сохраните планы дома и откройте проект, чтобы узнать подробности и актуальную стоимость.",https://catalog-plans.ru/catalog/35-17?utm_source=pinterest&utm_medium=organic&utm_campaign=generated_floor_plans_ocean_static_batch_57&utm_content=pin_10727_35-17_plans&utm_term=proekty-domov-s-planirovkami,,"проект дома 35-17, проект дома 571,2 м², планировка дома, планы этажей, готовый проект дома, оригинальная планировка, кирпич, catalog-plans.ru"
"Проект дома №35-69 площадью 256,7 м² с планировками",https://raw.githubusercontent.com/nemchenik/test/ecae1a10015457ee79f8a377cb28a7df81c945f7/pinterest/generated_batch_57_floor_plans_ocean_static/35-69.jpg,Планировки домов,,"Проект дома №35-69: площадь 256,7 м², 2 этажа, габариты 14.8×15.7 м, материал стен — газобетон. На карточке показаны оригинальные планировки этажей. Сохраните планы дома и откройте проект, чтобы узнать подробности и актуальную стоимость.",https://catalog-plans.ru/catalog/35-69?utm_source=pinterest&utm_medium=organic&utm_campaign=generated_floor_plans_ocean_static_batch_57&utm_content=pin_10728_35-69_plans&utm_term=proekty-domov-s-planirovkami,,"проект дома 35-69, проект дома 256,7 м², планировка дома, планы этажей, готовый проект дома, оригинальная планировка, газобетон, catalog-plans.ru"
"Проект дома №36-19 площадью 443,4 м² с планировками",https://raw.githubusercontent.com/nemchenik/test/ecae1a10015457ee79f8a377cb28a7df81c945f7/pinterest/generated_batch_57_floor_plans_ocean_static/36-19.jpg,Планировки домов,,"Проект дома №36-19: площадь 443,4 м², 2 этажа, габариты 18×18.88 м, материал стен — кирпич. На карточке показаны оригинальные планировки этажей. Сохраните планы дома и откройте проект, чтобы узнать подробности и актуальную стоимость.",https://catalog-plans.ru/catalog/36-19?utm_source=pinterest&utm_medium=organic&utm_campaign=generated_floor_plans_ocean_static_batch_57&utm_content=pin_10729_36-19_plans&utm_term=proekty-domov-s-planirovkami,,"проект дома 36-19, проект дома 443,4 м², планировка дома, планы этажей, готовый проект дома, оригинальная планировка, кирпич, catalog-plans.ru"
"Проект дома №37-68 площадью 227,8 м² с планировками",https://raw.githubusercontent.com/nemchenik/test/ecae1a10015457ee79f8a377cb28a7df81c945f7/pinterest/generated_batch_57_floor_plans_ocean_static/37-68.jpg,Планировки домов,,"Проект дома №37-68: площадь 227,8 м², 2 этажа, габариты 10.8×14.4 м, материал стен — газобетон. На карточке показаны оригинальные планировки этажей. Сохраните планы дома и откройте проект, чтобы узнать подробности и актуальную стоимость.",https://catalog-plans.ru/catalog/37-68?utm_source=pinterest&utm_medium=organic&utm_campaign=generated_floor_plans_ocean_static_batch_57&utm_content=pin_10730_37-68_plans&utm_term=proekty-domov-s-planirovkami,,"проект дома 37-68, проект дома 227,8 м², планировка дома, планы этажей, готовый проект дома, оригинальная планировка, газобетон, catalog-plans.ru"
"Проект дома №37-78 площадью 209,1 м² с планировками",https://raw.githubusercontent.com/nemchenik/test/ecae1a10015457ee79f8a377cb28a7df81c945f7/pinterest/generated_batch_57_floor_plans_ocean_static/37-78.jpg,Планировки домов,,"Проект дома №37-78: площадь 209,1 м², 2 этажа, габариты 9.27×16.2 м, материал стен — газобетон. На карточке показаны оригинальные планировки этажей. Сохраните планы дома и откройте проект, чтобы узнать подробности и актуальную стоимость.",https://catalog-plans.ru/catalog/37-78?utm_source=pinterest&utm_medium=organic&utm_campaign=generated_floor_plans_ocean_static_batch_57&utm_content=pin_10731_37-78_plans&utm_term=proekty-domov-s-planirovkami,,"проект дома 37-78, проект дома 209,1 м², планировка дома, планы этажей, готовый проект дома, оригинальная планировка, газобетон, catalog-plans.ru"
Проект дома №39-23 площадью 973 м² с планировками,https://raw.githubusercontent.com/nemchenik/test/ecae1a10015457ee79f8a377cb28a7df81c945f7/pinterest/generated_batch_57_floor_plans_ocean_static/39-23.jpg,Планировки домов,,"Проект дома №39-23: площадь 973 м², 3 этажа, габариты 6×6 м, материал стен — кирпича 1. На карточке показаны оригинальные планировки этажей. Сохраните планы дома и откройте проект, чтобы узнать подробности и актуальную стоимость.",https://catalog-plans.ru/catalog/39-23?utm_source=pinterest&utm_medium=organic&utm_campaign=generated_floor_plans_ocean_static_batch_57&utm_content=pin_10732_39-23_plans&utm_term=proekty-domov-s-planirovkami,,"проект дома 39-23, проект дома 973 м², планировка дома, планы этажей, готовый проект дома, оригинальная планировка, кирпича 1, catalog-plans.ru"
"Проект дома №40-04BDK1 площадью 202,68 м² с планировками",https://raw.githubusercontent.com/nemchenik/test/ecae1a10015457ee79f8a377cb28a7df81c945f7/pinterest/generated_batch_57_floor_plans_ocean_static/40-04BDK1.jpg,Планировки домов,,"Проект дома №40-04BDK1: площадь 202,68 м², 3 этажа, габариты 9.5×10 м, материал стен — кирпич. На карточке показаны оригинальные планировки этажей. Сохраните планы дома и откройте проект, чтобы узнать подробности и актуальную стоимость.",https://catalog-plans.ru/catalog/40-04BDK1?utm_source=pinterest&utm_medium=organic&utm_campaign=generated_floor_plans_ocean_static_batch_57&utm_content=pin_10733_40-04BDK1_plans&utm_term=proekty-domov-s-planirovkami,,"проект дома 40-04BDK1, проект дома 202,68 м², планировка дома, планы этажей, готовый проект дома, оригинальная планировка, кирпич, catalog-plans.ru"
"Проект дома №40-04BDK1L площадью 202,68 м² с планировками",https://raw.githubusercontent.com/nemchenik/test/ecae1a10015457ee79f8a377cb28a7df81c945f7/pinterest/generated_batch_57_floor_plans_ocean_static/40-04BDK1L.jpg,Планировки домов,,"Проект дома №40-04BDK1L: площадь 202,68 м², 3 этажа, габариты 9.5×10 м, материал стен — кирпич. На карточке показаны оригинальные планировки этажей. Сохраните планы дома и откройте проект, чтобы узнать подробности и актуальную стоимость.",https://catalog-plans.ru/catalog/40-04BDK1L?utm_source=pinterest&utm_medium=organic&utm_campaign=generated_floor_plans_ocean_static_batch_57&utm_content=pin_10734_40-04BDK1L_plans&utm_term=proekty-domov-s-planirovkami,,"проект дома 40-04BDK1L, проект дома 202,68 м², планировка дома, планы этажей, готовый проект дома, оригинальная планировка, кирпич, catalog-plans.ru"
"Проект дома №40-04BT площадью 156,51 м² с планировками",https://raw.githubusercontent.com/nemchenik/test/ecae1a10015457ee79f8a377cb28a7df81c945f7/pinterest/generated_batch_57_floor_plans_ocean_static/40-04BT.jpg,Планировки домов,,"Проект дома №40-04BT: площадь 156,51 м², 2 этажа, габариты 10.4×10.4 м, материал стен — газобетон. На карточке показаны оригинальные планировки этажей. Сохраните планы дома и откройте проект, чтобы узнать подробности и актуальную стоимость.",https://catalog-plans.ru/catalog/40-04BT?utm_source=pinterest&utm_medium=organic&utm_campaign=generated_floor_plans_ocean_static_batch_57&utm_content=pin_10735_40-04BT_plans&utm_term=proekty-domov-s-planirovkami,,"проект дома 40-04BT, проект дома 156,51 м², планировка дома, планы этажей, готовый проект дома, оригинальная планировка, газобетон, catalog-plans.ru"
"Проект дома №40-04ZDG2 площадью 132,89 м² с планировками",https://raw.githubusercontent.com/nemchenik/test/ecae1a10015457ee79f8a377cb28a7df81c945f7/pinterest/generated_batch_57_floor_plans_ocean_static/40-04ZDG2.jpg,Планировки домов,,"Проект дома №40-04ZDG2: площадь 132,89 м², 2 этажа, габариты 9.6×10.1 м, материал стен — газобетон. На карточке показаны оригинальные планировки этажей. Сохраните планы дома и откройте проект, чтобы узнать подробности и актуальную стоимость.",https://catalog-plans.ru/catalog/40-04ZDG2?utm_source=pinterest&utm_medium=organic&utm_campaign=generated_floor_plans_ocean_static_batch_57&utm_content=pin_10736_40-04ZDG2_plans&utm_term=proekty-domov-s-planirovkami,,"проект дома 40-04ZDG2, проект дома 132,89 м², планировка дома, планы этажей, готовый проект дома, оригинальная планировка, газобетон, catalog-plans.ru"
"Проект дома №40-04ZSL площадью 132,44 м² с планировками",https://raw.githubusercontent.com/nemchenik/test/ecae1a10015457ee79f8a377cb28a7df81c945f7/pinterest/generated_batch_57_floor_plans_ocean_static/40-04ZSL.jpg,Планировки домов,,"Проект дома №40-04ZSL: площадь 132,44 м², 2 этажа, габариты 9.66×10.16 м, материал стен — газобетон. На карточке показаны оригинальные планировки этажей. Сохраните планы дома и откройте проект, чтобы узнать подробности и актуальную стоимость.",https://catalog-plans.ru/catalog/40-04ZSL?utm_source=pinterest&utm_medium=organic&utm_campaign=generated_floor_plans_ocean_static_batch_57&utm_content=pin_10737_40-04ZSL_plans&utm_term=proekty-domov-s-planirovkami,,"проект дома 40-04ZSL, проект дома 132,44 м², планировка дома, планы этажей, готовый проект дома, оригинальная планировка, газобетон, catalog-plans.ru"
"Проект дома №40-05DG площадью 180,97 м² с планировками",https://raw.githubusercontent.com/nemchenik/test/ecae1a10015457ee79f8a377cb28a7df81c945f7/pinterest/generated_batch_57_floor_plans_ocean_static/40-05DG.jpg,Планировки домов,,"Проект дома №40-05DG: площадь 180,97 м², 2 этажа, габариты 11.85×11.92 м, материал стен — газобетон. На карточке показаны оригинальные планировки этажей. Сохраните планы дома и откройте проект, чтобы узнать подробности и актуальную стоимость.",https://catalog-plans.ru/catalog/40-05DG?utm_source=pinterest&utm_medium=organic&utm_campaign=generated_floor_plans_ocean_static_batch_57&utm_content=pin_10738_40-05DG_plans&utm_term=proekty-domov-s-planirovkami,,"проект дома 40-05DG, проект дома 180,97 м², планировка дома, планы этажей, готовый проект дома, оригинальная планировка, газобетон, catalog-plans.ru"
"Проект дома №40-11EAKL площадью 313,66 м² с планировками",https://raw.githubusercontent.com/nemchenik/test/ecae1a10015457ee79f8a377cb28a7df81c945f7/pinterest/generated_batch_57_floor_plans_ocean_static/40-11EAKL.jpg,Планировки домов,,"Проект дома №40-11EAKL: площадь 313,66 м², 2 этажа, габариты 13.04×13.28 м, материал стен — кирпич. На карточке показаны оригинальные планировки этажей. Сохраните планы дома и откройте проект, чтобы узнать подробности и актуальную стоимость.",https://catalog-plans.ru/catalog/40-11EAKL?utm_source=pinterest&utm_medium=organic&utm_campaign=generated_floor_plans_ocean_static_batch_57&utm_content=pin_10739_40-11EAKL_plans&utm_term=proekty-domov-s-planirovkami,,"проект дома 40-11EAKL, проект дома 313,66 м², планировка дома, планы этажей, готовый проект дома, оригинальная планировка, кирпич, catalog-plans.ru"
"Проект дома №40-17F площадью 198,16 м² с планировками",https://raw.githubusercontent.com/nemchenik/test/ecae1a10015457ee79f8a377cb28a7df81c945f7/pinterest/generated_batch_57_floor_plans_ocean_static/40-17F.jpg,Планировки домов,,"Проект дома №40-17F: площадь 198,16 м², 2 этажа, габариты 11.7×12.9 м, материал стен — кирпич. На карточке показаны оригинальные планировки этажей. Сохраните планы дома и откройте проект, чтобы узнать подробности и актуальную стоимость.",https://catalog-plans.ru/catalog/40-17F?utm_source=pinterest&utm_medium=organic&utm_campaign=generated_floor_plans_ocean_static_batch_57&utm_content=pin_10740_40-17F_plans&utm_term=proekty-domov-s-planirovkami,,"проект дома 40-17F, проект дома 198,16 м², планировка дома, планы этажей, готовый проект дома, оригинальная планировка, кирпич, catalog-plans.ru"
"Проект дома №40-19G площадью 260,09 м² с планировками",https://raw.githubusercontent.com/nemchenik/test/ecae1a10015457ee79f8a377cb28a7df81c945f7/pinterest/generated_batch_57_floor_plans_ocean_static/40-19G.jpg,Планировки домов,,"Проект дома №40-19G: площадь 260,09 м², 2 этажа, габариты 14.06×14.13 м, материал стен — газобетон. На карточке показаны оригинальные планировки этажей. Сохраните планы дома и откройте проект, чтобы узнать подробности и актуальную стоимость.",https://catalog-plans.ru/catalog/40-19G?utm_source=pinterest&utm_medium=organic&utm_campaign=generated_floor_plans_ocean_static_batch_57&utm_content=pin_10741_40-19G_plans&utm_term=proekty-domov-s-planirovkami,,"проект дома 40-19G, проект дома 260,09 м², планировка дома, планы этажей, готовый проект дома, оригинальная планировка, газобетон, catalog-plans.ru"
"Проект дома №40-30AG площадью 517,92 м² с планировками",https://raw.githubusercontent.com/nemchenik/test/ecae1a10015457ee79f8a377cb28a7df81c945f7/pinterest/generated_batch_57_floor_plans_ocean_static/40-30AG.jpg,Планировки домов,,"Проект дома №40-30AG: площадь 517,92 м², 3 этажа, габариты 14.1×17.26 м, материал стен — газобетон. На карточке показаны оригинальные планировки этажей. Сохраните планы дома и откройте проект, чтобы узнать подробности и актуальную стоимость.",https://catalog-plans.ru/catalog/40-30AG?utm_source=pinterest&utm_medium=organic&utm_campaign=generated_floor_plans_ocean_static_batch_57&utm_content=pin_10742_40-30AG_plans&utm_term=proekty-domov-s-planirovkami,,"проект дома 40-30AG, проект дома 517,92 м², планировка дома, планы этажей, готовый проект дома, оригинальная планировка, газобетон, catalog-plans.ru"
"Проект дома №40-38BL площадью 394,21 м² с планировками",https://raw.githubusercontent.com/nemchenik/test/ecae1a10015457ee79f8a377cb28a7df81c945f7/pinterest/generated_batch_57_floor_plans_ocean_static/40-38BL.jpg,Планировки домов,,"Проект дома №40-38BL: площадь 394,21 м², 2 этажа, габариты 21.2×36.54 м, материал стен — кирпич. На карточке показаны оригинальные планировки этажей. Сохраните планы дома и откройте проект, чтобы узнать подробности и актуальную стоимость.",https://catalog-plans.ru/catalog/40-38BL?utm_source=pinterest&utm_medium=organic&utm_campaign=generated_floor_plans_ocean_static_batch_57&utm_content=pin_10743_40-38BL_plans&utm_term=proekty-domov-s-planirovkami,,"проект дома 40-38BL, проект дома 394,21 м², планировка дома, планы этажей, готовый проект дома, оригинальная планировка, кирпич, catalog-plans.ru"
"Проект дома №40-39L площадью 302,08 м² с планировками",https://raw.githubusercontent.com/nemchenik/test/ecae1a10015457ee79f8a377cb28a7df81c945f7/pinterest/generated_batch_57_floor_plans_ocean_static/40-39L.jpg,Планировки домов,,"Проект дома №40-39L: площадь 302,08 м², 2 этажа, габариты 16.28×17.04 м, материал стен — кирпич. На карточке показаны оригинальные планировки этажей. Сохраните планы дома и откройте проект, чтобы узнать подробности и актуальную стоимость.",https://catalog-plans.ru/catalog/40-39L?utm_source=pinterest&utm_medium=organic&utm_campaign=generated_floor_plans_ocean_static_batch_57&utm_content=pin_10744_40-39L_plans&utm_term=proekty-domov-s-planirovkami,,"проект дома 40-39L, проект дома 302,08 м², планировка дома, планы этажей, готовый проект дома, оригинальная планировка, кирпич, catalog-plans.ru"
"Проект дома №40-43GL площадью 252,68 м² с планировками",https://raw.githubusercontent.com/nemchenik/test/ecae1a10015457ee79f8a377cb28a7df81c945f7/pinterest/generated_batch_57_floor_plans_ocean_static/40-43GL.jpg,Планировки домов,,"Проект дома №40-43GL: площадь 252,68 м², 2 этажа, габариты 14.44×17.32 м, материал стен — газобетон. На карточке показаны оригинальные планировки этажей. Сохраните планы дома и откройте проект, чтобы узнать подробности и актуальную стоимость.",https://catalog-plans.ru/catalog/40-43GL?utm_source=pinterest&utm_medium=organic&utm_campaign=generated_floor_plans_ocean_static_batch_57&utm_content=pin_10745_40-43GL_plans&utm_term=proekty-domov-s-planirovkami,,"проект дома 40-43GL, проект дома 252,68 м², планировка дома, планы этажей, готовый проект дома, оригинальная планировка, газобетон, catalog-plans.ru"
"Проект дома №40-45FL площадью 499,7 м² с планировками",https://raw.githubusercontent.com/nemchenik/test/ecae1a10015457ee79f8a377cb28a7df81c945f7/pinterest/generated_batch_57_floor_plans_ocean_static/40-45FL.jpg,Планировки домов,,"Проект дома №40-45FL: площадь 499,7 м², 2 этажа, габариты 12×19.53 м, материал стен — кирпич. На карточке показаны оригинальные планировки этажей. Сохраните планы дома и откройте проект, чтобы узнать подробности и актуальную стоимость.",https://catalog-plans.ru/catalog/40-45FL?utm_source=pinterest&utm_medium=organic&utm_campaign=generated_floor_plans_ocean_static_batch_57&utm_content=pin_10746_40-45FL_plans&utm_term=proekty-domov-s-planirovkami,,"проект дома 40-45FL, проект дома 499,7 м², планировка дома, планы этажей, готовый проект дома, оригинальная планировка, кирпич, catalog-plans.ru"
"Проект дома №40-46BL площадью 149,47 м² с планировками",https://raw.githubusercontent.com/nemchenik/test/ecae1a10015457ee79f8a377cb28a7df81c945f7/pinterest/generated_batch_57_floor_plans_ocean_static/40-46BL.jpg,Планировки домов,,"Проект дома №40-46BL: площадь 149,47 м², 2 этажа, габариты 12.28×13.03 м, материал стен — кирпич. На карточке показаны оригинальные планировки этажей. Сохраните планы дома и откройте проект, чтобы узнать подробности и актуальную стоимость.",https://catalog-plans.ru/catalog/40-46BL?utm_source=pinterest&utm_medium=organic&utm_campaign=generated_floor_plans_ocean_static_batch_57&utm_content=pin_10747_40-46BL_plans&utm_term=proekty-domov-s-planirovkami,,"проект дома 40-46BL, проект дома 149,47 м², планировка дома, планы этажей, готовый проект дома, оригинальная планировка, кирпич, catalog-plans.ru"
Проект дома №40-48 площадью 238 м² с планировками,https://raw.githubusercontent.com/nemchenik/test/ecae1a10015457ee79f8a377cb28a7df81c945f7/pinterest/generated_batch_57_floor_plans_ocean_static/40-48.jpg,Планировки домов,,"Проект дома №40-48: площадь 238 м², 2 этажа, габариты 13.57×15.72 м, материал стен — кирпич. На карточке показаны оригинальные планировки этажей. Сохраните планы дома и откройте проект, чтобы узнать подробности и актуальную стоимость.",https://catalog-plans.ru/catalog/40-48?utm_source=pinterest&utm_medium=organic&utm_campaign=generated_floor_plans_ocean_static_batch_57&utm_content=pin_10748_40-48_plans&utm_term=proekty-domov-s-planirovkami,,"проект дома 40-48, проект дома 238 м², планировка дома, планы этажей, готовый проект дома, оригинальная планировка, кирпич, catalog-plans.ru"
"Проект дома №40-55DAGL площадью 200,25 м² с планировками",https://raw.githubusercontent.com/nemchenik/test/ecae1a10015457ee79f8a377cb28a7df81c945f7/pinterest/generated_batch_57_floor_plans_ocean_static/40-55DAGL.jpg,Планировки домов,,"Проект дома №40-55DAGL: площадь 200,25 м², 2 этажа, габариты 12.85×14.4 м, материал стен — газобетон. На карточке показаны оригинальные планировки этажей. Сохраните планы дома и откройте проект, чтобы узнать подробности и актуальную стоимость.",https://catalog-plans.ru/catalog/40-55DAGL?utm_source=pinterest&utm_medium=organic&utm_campaign=generated_floor_plans_ocean_static_batch_57&utm_content=pin_10749_40-55DAGL_plans&utm_term=proekty-domov-s-planirovkami,,"проект дома 40-55DAGL, проект дома 200,25 м², планировка дома, планы этажей, готовый проект дома, оригинальная планировка, газобетон, catalog-plans.ru"
"Проект дома №40-60 площадью 248,35 м² с планировками",https://raw.githubusercontent.com/nemchenik/test/ecae1a10015457ee79f8a377cb28a7df81c945f7/pinterest/generated_batch_57_floor_plans_ocean_static/40-60.jpg,Планировки домов,,"Проект дома №40-60: площадь 248,35 м², 2 этажа, габариты 11.96×18.59 м, материал стен — кирпич. На карточке показаны оригинальные планировки этажей. Сохраните планы дома и откройте проект, чтобы узнать подробности и актуальную стоимость.",https://catalog-plans.ru/catalog/40-60?utm_source=pinterest&utm_medium=organic&utm_campaign=generated_floor_plans_ocean_static_batch_57&utm_content=pin_10750_40-60_plans&utm_term=proekty-domov-s-planirovkami,,"проект дома 40-60, проект дома 248,35 м², планировка дома, планы этажей, готовый проект дома, оригинальная планировка, кирпич, catalog-plans.ru"
"Проект дома №40-68G площадью 307,96 м² с планировками",https://raw.githubusercontent.com/nemchenik/test/ecae1a10015457ee79f8a377cb28a7df81c945f7/pinterest/generated_batch_57_floor_plans_ocean_static/40-68G.jpg,Планировки домов,,"Проект дома №40-68G: площадь 307,96 м², 2 этажа, габариты 13.91×20.32 м, материал стен — газобетон. На карточке показаны оригинальные планировки этажей. Сохраните планы дома и откройте проект, чтобы узнать подробности и актуальную стоимость.",https://catalog-plans.ru/catalog/40-68G?utm_source=pinterest&utm_medium=organic&utm_campaign=generated_floor_plans_ocean_static_batch_57&utm_content=pin_10751_40-68G_plans&utm_term=proekty-domov-s-planirovkami,,"проект дома 40-68G, проект дома 307,96 м², планировка дома, планы этажей, готовый проект дома, оригинальная планировка, газобетон, catalog-plans.ru"
"Проект дома №40-78 площадью 233,08 м² с планировками",https://raw.githubusercontent.com/nemchenik/test/ecae1a10015457ee79f8a377cb28a7df81c945f7/pinterest/generated_batch_57_floor_plans_ocean_static/40-78.jpg,Планировки домов,,"Проект дома №40-78: площадь 233,08 м², 2 этажа, габариты 15.62×17.59 м, материал стен — кирпич. На карточке показаны оригинальные планировки этажей. Сохраните планы дома и откройте проект, чтобы узнать подробности и актуальную стоимость.",https://catalog-plans.ru/catalog/40-78?utm_source=pinterest&utm_medium=organic&utm_campaign=generated_floor_plans_ocean_static_batch_57&utm_content=pin_10752_40-78_plans&utm_term=proekty-domov-s-planirovkami,,"проект дома 40-78, проект дома 233,08 м², планировка дома, планы этажей, готовый проект дома, оригинальная планировка, кирпич, catalog-plans.ru"
"Проект дома №40-84KBL площадью 463,02 м² с планировками",https://raw.githubusercontent.com/nemchenik/test/ecae1a10015457ee79f8a377cb28a7df81c945f7/pinterest/generated_batch_57_floor_plans_ocean_static/40-84KBL.jpg,Планировки домов,,"Проект дома №40-84KBL: площадь 463,02 м², 2 этажа, габариты 20.97×40.36 м, материал стен — монолитный каркас. На карточке показаны оригинальные планировки этажей. Сохраните планы дома и откройте проект, чтобы узнать подробности и актуальную стоимость.",https://catalog-plans.ru/catalog/40-84KBL?utm_source=pinterest&utm_medium=organic&utm_campaign=generated_floor_plans_ocean_static_batch_57&utm_content=pin_10753_40-84KBL_plans&utm_term=proekty-domov-s-planirovkami,,"проект дома 40-84KBL, проект дома 463,02 м², планировка дома, планы этажей, готовый проект дома, оригинальная планировка, монолитный каркас, catalog-plans.ru"
"Проект дома №40-92 площадью 267,2 м² с планировками",https://raw.githubusercontent.com/nemchenik/test/ecae1a10015457ee79f8a377cb28a7df81c945f7/pinterest/generated_batch_57_floor_plans_ocean_static/40-92.jpg,Планировки домов,,"Проект дома №40-92: площадь 267,2 м², 2 этажа, габариты 15.09×15.84 м, материал стен — кирпич. На карточке показаны оригинальные планировки этажей. Сохраните планы дома и откройте проект, чтобы узнать подробности и актуальную стоимость.",https://catalog-plans.ru/catalog/40-92?utm_source=pinterest&utm_medium=organic&utm_campaign=generated_floor_plans_ocean_static_batch_57&utm_content=pin_10754_40-92_plans&utm_term=proekty-domov-s-planirovkami,,"проект дома 40-92, проект дома 267,2 м², планировка дома, планы этажей, готовый проект дома, оригинальная планировка, кирпич, catalog-plans.ru"
"Проект дома №40-94FG площадью 384,17 м² с планировками",https://raw.githubusercontent.com/nemchenik/test/ecae1a10015457ee79f8a377cb28a7df81c945f7/pinterest/generated_batch_57_floor_plans_ocean_static/40-94FG.jpg,Планировки домов,,"Проект дома №40-94FG: площадь 384,17 м², 2 этажа, габариты 14.98×15.8 м, материал стен — монолитный каркас. На карточке показаны оригинальные планировки этажей. Сохраните планы дома и откройте проект, чтобы узнать подробности и актуальную стоимость.",https://catalog-plans.ru/catalog/40-94FG?utm_source=pinterest&utm_medium=organic&utm_campaign=generated_floor_plans_ocean_static_batch_57&utm_content=pin_10755_40-94FG_plans&utm_term=proekty-domov-s-planirovkami,,"проект дома 40-94FG, проект дома 384,17 м², планировка дома, планы этажей, готовый проект дома, оригинальная планировка, монолитный каркас, catalog-plans.ru"
"Проект дома №45-01NK3L площадью 230,66 м² с планировками",https://raw.githubusercontent.com/nemchenik/test/ecae1a10015457ee79f8a377cb28a7df81c945f7/pinterest/generated_batch_57_floor_plans_ocean_static/45-01NK3L.jpg,Планировки домов,,"Проект дома №45-01NK3L: площадь 230,66 м², 2 этажа, габариты 12.56×12.72 м, материал стен — кирпич. На карточке показаны оригинальные планировки этажей. Сохраните планы дома и откройте проект, чтобы узнать подробности и актуальную стоимость.",https://catalog-plans.ru/catalog/45-01NK3L?utm_source=pinterest&utm_medium=organic&utm_campaign=generated_floor_plans_ocean_static_batch_57&utm_content=pin_10756_45-01NK3L_plans&utm_term=proekty-domov-s-planirovkami,,"проект дома 45-01NK3L, проект дома 230,66 м², планировка дома, планы этажей, готовый проект дома, оригинальная планировка, кирпич, catalog-plans.ru"
"Проект дома №45-08ZL площадью 159,34 м² с планировками",https://raw.githubusercontent.com/nemchenik/test/ecae1a10015457ee79f8a377cb28a7df81c945f7/pinterest/generated_batch_57_floor_plans_ocean_static/45-08ZL.jpg,Планировки домов,,"Проект дома №45-08ZL: площадь 159,34 м², 1 этаж, габариты 13.5×19.5 м, материал стен — кирпич. На карточке показаны оригинальные планировки этажей. Сохраните планы дома и откройте проект, чтобы узнать подробности и актуальную стоимость.",https://catalog-plans.ru/catalog/45-08ZL?utm_source=pinterest&utm_medium=organic&utm_campaign=generated_floor_plans_ocean_static_batch_57&utm_content=pin_10757_45-08ZL_plans&utm_term=proekty-domov-s-planirovkami,,"проект дома 45-08ZL, проект дома 159,34 м², планировка дома, планы этажей, готовый проект дома, оригинальная планировка, кирпич, catalog-plans.ru"
"Проект дома №45-09GL площадью 152,99 м² с планировками",https://raw.githubusercontent.com/nemchenik/test/ecae1a10015457ee79f8a377cb28a7df81c945f7/pinterest/generated_batch_57_floor_plans_ocean_static/45-09GL.jpg,Планировки домов,,"Проект дома №45-09GL: площадь 152,99 м², 2 этажа, габариты 11.81×12.7 м, материал стен — газобетон. На карточке показаны оригинальные планировки этажей. Сохраните планы дома и откройте проект, чтобы узнать подробности и актуальную стоимость.",https://catalog-plans.ru/catalog/45-09GL?utm_source=pinterest&utm_medium=organic&utm_campaign=generated_floor_plans_ocean_static_batch_57&utm_content=pin_10758_45-09GL_plans&utm_term=proekty-domov-s-planirovkami,,"проект дома 45-09GL, проект дома 152,99 м², планировка дома, планы этажей, готовый проект дома, оригинальная планировка, газобетон, catalog-plans.ru"
"Проект дома №45-40L площадью 375,11 м² с планировками",https://raw.githubusercontent.com/nemchenik/test/ecae1a10015457ee79f8a377cb28a7df81c945f7/pinterest/generated_batch_57_floor_plans_ocean_static/45-40L.jpg,Планировки домов,,"Проект дома №45-40L: площадь 375,11 м², 2 этажа, габариты 14.28×32.1 м, материал стен — кирпич. На карточке показаны оригинальные планировки этажей. Сохраните планы дома и откройте проект, чтобы узнать подробности и актуальную стоимость.",https://catalog-plans.ru/catalog/45-40L?utm_source=pinterest&utm_medium=organic&utm_campaign=generated_floor_plans_ocean_static_batch_57&utm_content=pin_10759_45-40L_plans&utm_term=proekty-domov-s-planirovkami,,"проект дома 45-40L, проект дома 375,11 м², планировка дома, планы этажей, готовый проект дома, оригинальная планировка, кирпич, catalog-plans.ru"
"Проект дома №45-64ABG площадью 389,91 м² с планировками",https://raw.githubusercontent.com/nemchenik/test/ecae1a10015457ee79f8a377cb28a7df81c945f7/pinterest/generated_batch_57_floor_plans_ocean_static/45-64ABG.jpg,Планировки домов,,"Проект дома №45-64ABG: площадь 389,91 м², 2 этажа, габариты 13.91×20.63 м, материал стен — газобетон. На карточке показаны оригинальные планировки этажей. Сохраните планы дома и откройте проект, чтобы узнать подробности и актуальную стоимость.",https://catalog-plans.ru/catalog/45-64ABG?utm_source=pinterest&utm_medium=organic&utm_campaign=generated_floor_plans_ocean_static_batch_57&utm_content=pin_10760_45-64ABG_plans&utm_term=proekty-domov-s-planirovkami,,"проект дома 45-64ABG, проект дома 389,91 м², планировка дома, планы этажей, готовый проект дома, оригинальная планировка, газобетон, catalog-plans.ru"
"Проект дома №45-64MCGL площадью 794,55 м² с планировками",https://raw.githubusercontent.com/nemchenik/test/ecae1a10015457ee79f8a377cb28a7df81c945f7/pinterest/generated_batch_57_floor_plans_ocean_static/45-64MCGL.jpg,Планировки домов,,"Проект дома №45-64MCGL: площадь 794,55 м², 2 этажа, габариты 14.09×30.35 м, материал стен — газобетон. На карточке показаны оригинальные планировки этажей. Сохраните планы дома и откройте проект, чтобы узнать подробности и актуальную стоимость.",https://catalog-plans.ru/catalog/45-64MCGL?utm_source=pinterest&utm_medium=organic&utm_campaign=generated_floor_plans_ocean_static_batch_57&utm_content=pin_10761_45-64MCGL_plans&utm_term=proekty-domov-s-planirovkami,,"проект дома 45-64MCGL, проект дома 794,55 м², планировка дома, планы этажей, готовый проект дома, оригинальная планировка, газобетон, catalog-plans.ru"
"Проект дома №45-64NZBAK2 площадью 303,65 м² с планировками",https://raw.githubusercontent.com/nemchenik/test/ecae1a10015457ee79f8a377cb28a7df81c945f7/pinterest/generated_batch_57_floor_plans_ocean_static/45-64NZBAK2.jpg,Планировки домов,,"Проект дома №45-64NZBAK2: площадь 303,65 м², 2 этажа, габариты 14.98×15.98 м, материал стен — кирпич. На карточке показаны оригинальные планировки этажей. Сохраните планы дома и откройте проект, чтобы узнать подробности и актуальную стоимость.",https://catalog-plans.ru/catalog/45-64NZBAK2?utm_source=pinterest&utm_medium=organic&utm_campaign=generated_floor_plans_ocean_static_batch_57&utm_content=pin_10762_45-64NZBAK2_plans&utm_term=proekty-domov-s-planirovkami,,"проект дома 45-64NZBAK2, проект дома 303,65 м², планировка дома, планы этажей, готовый проект дома, оригинальная планировка, кирпич, catalog-plans.ru"
"Проект дома №45-64ZHABMG площадью 377,12 м² с планировками",https://raw.githubusercontent.com/nemchenik/test/ecae1a10015457ee79f8a377cb28a7df81c945f7/pinterest/generated_batch_57_floor_plans_ocean_static/45-64ZHABMG.jpg,Планировки домов,,"Проект дома №45-64ZHABMG: площадь 377,12 м², 2 этажа, габариты 12.12×25.82 м, материал стен — монолитный каркас. На карточке показаны оригинальные планировки этажей. Сохраните планы дома и откройте проект, чтобы узнать подробности и актуальную стоимость.",https://catalog-plans.ru/catalog/45-64ZHABMG?utm_source=pinterest&utm_medium=organic&utm_campaign=generated_floor_plans_ocean_static_batch_57&utm_content=pin_10763_45-64ZHABMG_plans&utm_term=proekty-domov-s-planirovkami,,"проект дома 45-64ZHABMG, проект дома 377,12 м², планировка дома, планы этажей, готовый проект дома, оригинальная планировка, монолитный каркас, catalog-plans.ru"
"Проект дома №45-76FK1L площадью 189,55 м² с планировками",https://raw.githubusercontent.com/nemchenik/test/ecae1a10015457ee79f8a377cb28a7df81c945f7/pinterest/generated_batch_57_floor_plans_ocean_static/45-76FK1L.jpg,Планировки домов,,"Проект дома №45-76FK1L: площадь 189,55 м², 2 этажа, габариты 10.88×16.32 м, материал стен — кирпич. На карточке показаны оригинальные планировки этажей. Сохраните планы дома и откройте проект, чтобы узнать подробности и актуальную стоимость.",https://catalog-plans.ru/catalog/45-76FK1L?utm_source=pinterest&utm_medium=organic&utm_campaign=generated_floor_plans_ocean_static_batch_57&utm_content=pin_10764_45-76FK1L_plans&utm_term=proekty-domov-s-planirovkami,,"проект дома 45-76FK1L, проект дома 189,55 м², планировка дома, планы этажей, готовый проект дома, оригинальная планировка, кирпич, catalog-plans.ru"
"Проект дома №45-77AEK1L площадью 187,43 м² с планировками",https://raw.githubusercontent.com/nemchenik/test/ecae1a10015457ee79f8a377cb28a7df81c945f7/pinterest/generated_batch_57_floor_plans_ocean_static/45-77AEK1L.jpg,Планировки домов,,"Проект дома №45-77AEK1L: площадь 187,43 м², 2 этажа, габариты 11.44×11.94 м, материал стен — кирпич. На карточке показаны оригинальные планировки этажей. Сохраните планы дома и откройте проект, чтобы узнать подробности и актуальную стоимость.",https://catalog-plans.ru/catalog/45-77AEK1L?utm_source=pinterest&utm_medium=organic&utm_campaign=generated_floor_plans_ocean_static_batch_57&utm_content=pin_10765_45-77AEK1L_plans&utm_term=proekty-domov-s-planirovkami,,"проект дома 45-77AEK1L, проект дома 187,43 м², планировка дома, планы этажей, готовый проект дома, оригинальная планировка, кирпич, catalog-plans.ru"
"Проект дома №45-77AWGL площадью 349,68 м² с планировками",https://raw.githubusercontent.com/nemchenik/test/ecae1a10015457ee79f8a377cb28a7df81c945f7/pinterest/generated_batch_57_floor_plans_ocean_static/45-77AWGL.jpg,Планировки домов,,"Проект дома №45-77AWGL: площадь 349,68 м², 2 этажа, габариты 12.04×22.3 м, материал стен — газобетон. На карточке показаны оригинальные планировки этажей. Сохраните планы дома и откройте проект, чтобы узнать подробности и актуальную стоимость.",https://catalog-plans.ru/catalog/45-77AWGL?utm_source=pinterest&utm_medium=organic&utm_campaign=generated_floor_plans_ocean_static_batch_57&utm_content=pin_10766_45-77AWGL_plans&utm_term=proekty-domov-s-planirovkami,,"проект дома 45-77AWGL, проект дома 349,68 м², планировка дома, планы этажей, готовый проект дома, оригинальная планировка, газобетон, catalog-plans.ru"
"Проект дома №46-08AEG площадью 334,3 м² с планировками",https://raw.githubusercontent.com/nemchenik/test/ecae1a10015457ee79f8a377cb28a7df81c945f7/pinterest/generated_batch_57_floor_plans_ocean_static/46-08AEG.jpg,Планировки домов,,"Проект дома №46-08AEG: площадь 334,3 м², 2 этажа, габариты 14.2×16.86 м, материал стен — газобетон. На карточке показаны оригинальные планировки этажей. Сохраните планы дома и откройте проект, чтобы узнать подробности и актуальную стоимость.",https://catalog-plans.ru/catalog/46-08AEG?utm_source=pinterest&utm_medium=organic&utm_campaign=generated_floor_plans_ocean_static_batch_57&utm_content=pin_10767_46-08AEG_plans&utm_term=proekty-domov-s-planirovkami,,"проект дома 46-08AEG, проект дома 334,3 м², планировка дома, планы этажей, готовый проект дома, оригинальная планировка, газобетон, catalog-plans.ru"
"Проект дома №46-17AK1L площадью 219,48 м² с планировками",https://raw.githubusercontent.com/nemchenik/test/ecae1a10015457ee79f8a377cb28a7df81c945f7/pinterest/generated_batch_57_floor_plans_ocean_static/46-17AK1L.jpg,Планировки домов,,"Проект дома №46-17AK1L: площадь 219,48 м², 2 этажа, габариты 14.82×18.08 м, материал стен — кирпич. На карточке показаны оригинальные планировки этажей. Сохраните планы дома и откройте проект, чтобы узнать подробности и актуальную стоимость.",https://catalog-plans.ru/catalog/46-17AK1L?utm_source=pinterest&utm_medium=organic&utm_campaign=generated_floor_plans_ocean_static_batch_57&utm_content=pin_10768_46-17AK1L_plans&utm_term=proekty-domov-s-planirovkami,,"проект дома 46-17AK1L, проект дома 219,48 м², планировка дома, планы этажей, готовый проект дома, оригинальная планировка, кирпич, catalog-plans.ru"
"Проект дома №46-17BAGL площадью 310,13 м² с планировками",https://raw.githubusercontent.com/nemchenik/test/ecae1a10015457ee79f8a377cb28a7df81c945f7/pinterest/generated_batch_57_floor_plans_ocean_static/46-17BAGL.jpg,Планировки домов,,"Проект дома №46-17BAGL: площадь 310,13 м², 2 этажа, габариты 15.28×17.08 м, материал стен — газобетон. На карточке показаны оригинальные планировки этажей. Сохраните планы дома и откройте проект, чтобы узнать подробности и актуальную стоимость.",https://catalog-plans.ru/catalog/46-17BAGL?utm_source=pinterest&utm_medium=organic&utm_campaign=generated_floor_plans_ocean_static_batch_57&utm_content=pin_10769_46-17BAGL_plans&utm_term=proekty-domov-s-planirovkami,,"проект дома 46-17BAGL, проект дома 310,13 м², планировка дома, планы этажей, готовый проект дома, оригинальная планировка, газобетон, catalog-plans.ru"
"Проект дома №46-35 площадью 382,73 м² с планировками",https://raw.githubusercontent.com/nemchenik/test/ecae1a10015457ee79f8a377cb28a7df81c945f7/pinterest/generated_batch_57_floor_plans_ocean_static/46-35.jpg,Планировки домов,,"Проект дома №46-35: площадь 382,73 м², 2 этажа, габариты 14.32×20.58 м, материал стен — кирпич. На карточке показаны оригинальные планировки этажей. Сохраните планы дома и откройте проект, чтобы узнать подробности и актуальную стоимость.",https://catalog-plans.ru/catalog/46-35?utm_source=pinterest&utm_medium=organic&utm_campaign=generated_floor_plans_ocean_static_batch_57&utm_content=pin_10770_46-35_plans&utm_term=proekty-domov-s-planirovkami,,"проект дома 46-35, проект дома 382,73 м², планировка дома, планы этажей, готовый проект дома, оригинальная планировка, кирпич, catalog-plans.ru"
"Проект дома №46-51AG площадью 244,95 м² с планировками",https://raw.githubusercontent.com/nemchenik/test/ecae1a10015457ee79f8a377cb28a7df81c945f7/pinterest/generated_batch_57_floor_plans_ocean_static/46-51AG.jpg,Планировки домов,,"Проект дома №46-51AG: площадь 244,95 м², 2 этажа, габариты 10.9×10.9 м, материал стен — монолитный каркас. На карточке показаны оригинальные планировки этажей. Сохраните планы дома и откройте проект, чтобы узнать подробности и актуальную стоимость.",https://catalog-plans.ru/catalog/46-51AG?utm_source=pinterest&utm_medium=organic&utm_campaign=generated_floor_plans_ocean_static_batch_57&utm_content=pin_10771_46-51AG_plans&utm_term=proekty-domov-s-planirovkami,,"проект дома 46-51AG, проект дома 244,95 м², планировка дома, планы этажей, готовый проект дома, оригинальная планировка, монолитный каркас, catalog-plans.ru"
"Проект дома №46-69 площадью 354,32 м² с планировками",https://raw.githubusercontent.com/nemchenik/test/ecae1a10015457ee79f8a377cb28a7df81c945f7/pinterest/generated_batch_57_floor_plans_ocean_static/46-69.jpg,Планировки домов,,"Проект дома №46-69: площадь 354,32 м², 2 этажа, габариты 14.95×17.15 м, материал стен — монолитный каркас. На карточке показаны оригинальные планировки этажей. Сохраните планы дома и откройте проект, чтобы узнать подробности и актуальную стоимость.",https://catalog-plans.ru/catalog/46-69?utm_source=pinterest&utm_medium=organic&utm_campaign=generated_floor_plans_ocean_static_batch_57&utm_content=pin_10772_46-69_plans&utm_term=proekty-domov-s-planirovkami,,"проект дома 46-69, проект дома 354,32 м², планировка дома, планы этажей, готовый проект дома, оригинальная планировка, монолитный каркас, catalog-plans.ru"
"Проект дома №47-06 площадью 192,8 м² с планировками",https://raw.githubusercontent.com/nemchenik/test/ecae1a10015457ee79f8a377cb28a7df81c945f7/pinterest/generated_batch_57_floor_plans_ocean_static/47-06.jpg,Планировки домов,,"Проект дома №47-06: площадь 192,8 м², 2 этажа, габариты 12.6×12.9 м, материал стен — газобетон. На карточке показаны оригинальные планировки этажей. Сохраните планы дома и откройте проект, чтобы узнать подробности и актуальную стоимость.",https://catalog-plans.ru/catalog/47-06?utm_source=pinterest&utm_medium=organic&utm_campaign=generated_floor_plans_ocean_static_batch_57&utm_content=pin_10773_47-06_plans&utm_term=proekty-domov-s-planirovkami,,"проект дома 47-06, проект дома 192,8 м², планировка дома, планы этажей, готовый проект дома, оригинальная планировка, газобетон, catalog-plans.ru"
Проект дома №47-96 площадью 280 м² с планировками,https://raw.githubusercontent.com/nemchenik/test/ecae1a10015457ee79f8a377cb28a7df81c945f7/pinterest/generated_batch_57_floor_plans_ocean_static/47-96.jpg,Планировки домов,,"Проект дома №47-96: площадь 280 м², 2 этажа, габариты 12.72×17.62 м, материал стен — кирпич. На карточке показаны оригинальные планировки этажей. Сохраните планы дома и откройте проект, чтобы узнать подробности и актуальную стоимость.",https://catalog-plans.ru/catalog/47-96?utm_source=pinterest&utm_medium=organic&utm_campaign=generated_floor_plans_ocean_static_batch_57&utm_content=pin_10774_47-96_plans&utm_term=proekty-domov-s-planirovkami,,"проект дома 47-96, проект дома 280 м², планировка дома, планы этажей, готовый проект дома, оригинальная планировка, кирпич, catalog-plans.ru"
"Проект дома №48-24GHL площадью 278,22 м² с планировками",https://raw.githubusercontent.com/nemchenik/test/ecae1a10015457ee79f8a377cb28a7df81c945f7/pinterest/generated_batch_57_floor_plans_ocean_static/48-24GHL.jpg,Планировки домов,,"Проект дома №48-24GHL: площадь 278,22 м², 2 этажа, габариты 15.6×16.24 м, материал стен — газобетон. На карточке показаны оригинальные планировки этажей. Сохраните планы дома и откройте проект, чтобы узнать подробности и актуальную стоимость.",https://catalog-plans.ru/catalog/48-24GHL?utm_source=pinterest&utm_medium=organic&utm_campaign=generated_floor_plans_ocean_static_batch_57&utm_content=pin_10775_48-24GHL_plans&utm_term=proekty-domov-s-planirovkami,,"проект дома 48-24GHL, проект дома 278,22 м², планировка дома, планы этажей, готовый проект дома, оригинальная планировка, газобетон, catalog-plans.ru"
"Проект дома №48-29FL площадью 352,84 м² с планировками",https://raw.githubusercontent.com/nemchenik/test/ecae1a10015457ee79f8a377cb28a7df81c945f7/pinterest/generated_batch_57_floor_plans_ocean_static/48-29FL.jpg,Планировки домов,,"Проект дома №48-29FL: площадь 352,84 м², 2 этажа, габариты 12.92×23.24 м, материал стен — газобетон. На карточке показаны оригинальные планировки этажей. Сохраните планы дома и откройте проект, чтобы узнать подробности и актуальную стоимость.",https://catalog-plans.ru/catalog/48-29FL?utm_source=pinterest&utm_medium=organic&utm_campaign=generated_floor_plans_ocean_static_batch_57&utm_content=pin_10776_48-29FL_plans&utm_term=proekty-domov-s-planirovkami,,"проект дома 48-29FL, проект дома 352,84 м², планировка дома, планы этажей, готовый проект дома, оригинальная планировка, газобетон, catalog-plans.ru"
"Проект дома №48-30AW площадью 344,51 м² с планировками",https://raw.githubusercontent.com/nemchenik/test/ecae1a10015457ee79f8a377cb28a7df81c945f7/pinterest/generated_batch_57_floor_plans_ocean_static/48-30AW.jpg,Планировки домов,,"Проект дома №48-30AW: площадь 344,51 м², 2 этажа, габариты 15.62×26.32 м, материал стен — газобетон. На карточке показаны оригинальные планировки этажей. Сохраните планы дома и откройте проект, чтобы узнать подробности и актуальную стоимость.",https://catalog-plans.ru/catalog/48-30AW?utm_source=pinterest&utm_medium=organic&utm_campaign=generated_floor_plans_ocean_static_batch_57&utm_content=pin_10777_48-30AW_plans&utm_term=proekty-domov-s-planirovkami,,"проект дома 48-30AW, проект дома 344,51 м², планировка дома, планы этажей, готовый проект дома, оригинальная планировка, газобетон, catalog-plans.ru"
"Проект дома №48-31EG площадью 348,59 м² с планировками",https://raw.githubusercontent.com/nemchenik/test/ecae1a10015457ee79f8a377cb28a7df81c945f7/pinterest/generated_batch_57_floor_plans_ocean_static/48-31EG.jpg,Планировки домов,,"Проект дома №48-31EG: площадь 348,59 м², 3 этажа, габариты 14.58×16.14 м, материал стен — газобетон. На карточке показаны оригинальные планировки этажей. Сохраните планы дома и откройте проект, чтобы узнать подробности и актуальную стоимость.",https://catalog-plans.ru/catalog/48-31EG?utm_source=pinterest&utm_medium=organic&utm_campaign=generated_floor_plans_ocean_static_batch_57&utm_content=pin_10778_48-31EG_plans&utm_term=proekty-domov-s-planirovkami,,"проект дома 48-31EG, проект дома 348,59 м², планировка дома, планы этажей, готовый проект дома, оригинальная планировка, газобетон, catalog-plans.ru"
"Проект дома №48-51 площадью 347,51 м² с планировками",https://raw.githubusercontent.com/nemchenik/test/ecae1a10015457ee79f8a377cb28a7df81c945f7/pinterest/generated_batch_57_floor_plans_ocean_static/48-51.jpg,Планировки домов,,"Проект дома №48-51: площадь 347,51 м², 2 этажа, габариты 13×15.4 м, материал стен — кирпич. На карточке показаны оригинальные планировки этажей. Сохраните планы дома и откройте проект, чтобы узнать подробности и актуальную стоимость.",https://catalog-plans.ru/catalog/48-51?utm_source=pinterest&utm_medium=organic&utm_campaign=generated_floor_plans_ocean_static_batch_57&utm_content=pin_10779_48-51_plans&utm_term=proekty-domov-s-planirovkami,,"проект дома 48-51, проект дома 347,51 м², планировка дома, планы этажей, готовый проект дома, оригинальная планировка, кирпич, catalog-plans.ru"
"Проект дома №48-54L площадью 231,3 м² с планировками",https://raw.githubusercontent.com/nemchenik/test/ecae1a10015457ee79f8a377cb28a7df81c945f7/pinterest/generated_batch_57_floor_plans_ocean_static/48-54L.jpg,Планировки домов,,"Проект дома №48-54L: площадь 231,3 м², 2 этажа, габариты 10.64×10.64 м, материал стен — монолитный каркас. На карточке показаны оригинальные планировки этажей. Сохраните планы дома и откройте проект, чтобы узнать подробности и актуальную стоимость.",https://catalog-plans.ru/catalog/48-54L?utm_source=pinterest&utm_medium=organic&utm_campaign=generated_floor_plans_ocean_static_batch_57&utm_content=pin_10780_48-54L_plans&utm_term=proekty-domov-s-planirovkami,,"проект дома 48-54L, проект дома 231,3 м², планировка дома, планы этажей, готовый проект дома, оригинальная планировка, монолитный каркас, catalog-plans.ru"
"Проект дома №49-90 площадью 307,77 м² с планировками",https://raw.githubusercontent.com/nemchenik/test/ecae1a10015457ee79f8a377cb28a7df81c945f7/pinterest/generated_batch_57_floor_plans_ocean_static/49-90.jpg,Планировки домов,,"Проект дома №49-90: площадь 307,77 м², 2 этажа, габариты 13.51×17 м, материал стен — кирпич. На карточке показаны оригинальные планировки этажей. Сохраните планы дома и откройте проект, чтобы узнать подробности и актуальную стоимость.",https://catalog-plans.ru/catalog/49-90?utm_source=pinterest&utm_medium=organic&utm_campaign=generated_floor_plans_ocean_static_batch_57&utm_content=pin_10781_49-90_plans&utm_term=proekty-domov-s-planirovkami,,"проект дома 49-90, проект дома 307,77 м², планировка дома, планы этажей, готовый проект дома, оригинальная планировка, кирпич, catalog-plans.ru"
"Проект дома №49-93 площадью 222,13 м² с планировками",https://raw.githubusercontent.com/nemchenik/test/ecae1a10015457ee79f8a377cb28a7df81c945f7/pinterest/generated_batch_57_floor_plans_ocean_static/49-93.jpg,Планировки домов,,"Проект дома №49-93: площадь 222,13 м², 2 этажа, габариты 14.18×14.38 м, материал стен — натурального камня. На карточке показаны оригинальные планировки этажей. Сохраните планы дома и откройте проект, чтобы узнать подробности и актуальную стоимость.",https://catalog-plans.ru/catalog/49-93?utm_source=pinterest&utm_medium=organic&utm_campaign=generated_floor_plans_ocean_static_batch_57&utm_content=pin_10782_49-93_plans&utm_term=proekty-domov-s-planirovkami,,"проект дома 49-93, проект дома 222,13 м², планировка дома, планы этажей, готовый проект дома, оригинальная планировка, натурального камня, catalog-plans.ru"
Проект дома №51-14 площадью 225 м² с планировками,https://raw.githubusercontent.com/nemchenik/test/ecae1a10015457ee79f8a377cb28a7df81c945f7/pinterest/generated_batch_57_floor_plans_ocean_static/51-14.jpg,Планировки домов,,"Проект дома №51-14: площадь 225 м², 2 этажа, габариты 12.34×13.5 м, материал стен — газобетон. На карточке показаны оригинальные планировки этажей. Сохраните планы дома и откройте проект, чтобы узнать подробности и актуальную стоимость.",https://catalog-plans.ru/catalog/51-14?utm_source=pinterest&utm_medium=organic&utm_campaign=generated_floor_plans_ocean_static_batch_57&utm_content=pin_10783_51-14_plans&utm_term=proekty-domov-s-planirovkami,,"проект дома 51-14, проект дома 225 м², планировка дома, планы этажей, готовый проект дома, оригинальная планировка, газобетон, catalog-plans.ru"
"Проект дома №52-21 площадью 221,1 м² с планировками",https://raw.githubusercontent.com/nemchenik/test/ecae1a10015457ee79f8a377cb28a7df81c945f7/pinterest/generated_batch_57_floor_plans_ocean_static/52-21.jpg,Планировки домов,,"Проект дома №52-21: площадь 221,1 м², 2 этажа, габариты 13.1×16.3 м, материал стен — газобетон. На карточке показаны оригинальные планировки этажей. Сохраните планы дома и откройте проект, чтобы узнать подробности и актуальную стоимость.",https://catalog-plans.ru/catalog/52-21?utm_source=pinterest&utm_medium=organic&utm_campaign=generated_floor_plans_ocean_static_batch_57&utm_content=pin_10784_52-21_plans&utm_term=proekty-domov-s-planirovkami,,"проект дома 52-21, проект дома 221,1 м², планировка дома, планы этажей, готовый проект дома, оригинальная планировка, газобетон, catalog-plans.ru"
"Проект дома №52-22 площадью 273,9 м² с планировками",https://raw.githubusercontent.com/nemchenik/test/ecae1a10015457ee79f8a377cb28a7df81c945f7/pinterest/generated_batch_57_floor_plans_ocean_static/52-22.jpg,Планировки домов,,"Проект дома №52-22: площадь 273,9 м², 2 этажа, габариты 11.5×11.7 м, материал стен — газобетон. На карточке показаны оригинальные планировки этажей. Сохраните планы дома и откройте проект, чтобы узнать подробности и актуальную стоимость.",https://catalog-plans.ru/catalog/52-22?utm_source=pinterest&utm_medium=organic&utm_campaign=generated_floor_plans_ocean_static_batch_57&utm_content=pin_10785_52-22_plans&utm_term=proekty-domov-s-planirovkami,,"проект дома 52-22, проект дома 273,9 м², планировка дома, планы этажей, готовый проект дома, оригинальная планировка, газобетон, catalog-plans.ru"
"Проект дома №52-56 площадью 134,75 м² с планировками",https://raw.githubusercontent.com/nemchenik/test/ecae1a10015457ee79f8a377cb28a7df81c945f7/pinterest/generated_batch_57_floor_plans_ocean_static/52-56.jpg,Планировки домов,,"Проект дома №52-56: площадь 134,75 м², 2 этажа, габариты 12.8×13.2 м, материал стен — ячеистые бетонные блоки. На карточке показаны оригинальные планировки этажей. Сохраните планы дома и откройте проект, чтобы узнать подробности и актуальную стоимость.",https://catalog-plans.ru/catalog/52-56?utm_source=pinterest&utm_medium=organic&utm_campaign=generated_floor_plans_ocean_static_batch_57&utm_content=pin_10786_52-56_plans&utm_term=proekty-domov-s-planirovkami,,"проект дома 52-56, проект дома 134,75 м², планировка дома, планы этажей, готовый проект дома, оригинальная планировка, ячеистые бетонные блоки, catalog-plans.ru"
"Проект дома №52-79WIKING площадью 52,53 м² с планировками",https://raw.githubusercontent.com/nemchenik/test/ecae1a10015457ee79f8a377cb28a7df81c945f7/pinterest/generated_batch_57_floor_plans_ocean_static/52-79WIKING.jpg,Планировки домов,,"Проект дома №52-79WIKING: площадь 52,53 м², 1 этаж, габариты 6×10 м, материал стен — деревянный каркас. На карточке показаны оригинальные планировки этажей. Сохраните планы дома и откройте проект, чтобы узнать подробности и актуальную стоимость.",https://catalog-plans.ru/catalog/52-79WIKING?utm_source=pinterest&utm_medium=organic&utm_campaign=generated_floor_plans_ocean_static_batch_57&utm_content=pin_10787_52-79WIKING_plans&utm_term=proekty-domov-s-planirovkami,,"проект дома 52-79WIKING, проект дома 52,53 м², планировка дома, планы этажей, готовый проект дома, оригинальная планировка, деревянный каркас, catalog-plans.ru"
"Проект дома №52-96 площадью 278,1 м² с планировками",https://raw.githubusercontent.com/nemchenik/test/ecae1a10015457ee79f8a377cb28a7df81c945f7/pinterest/generated_batch_57_floor_plans_ocean_static/52-96.jpg,Планировки домов,,"Проект дома №52-96: площадь 278,1 м², 3 этажа, габариты 12.9×14.4 м, материал стен — газобетон. На карточке показаны оригинальные планировки этажей. Сохраните планы дома и откройте проект, чтобы узнать подробности и актуальную стоимость.",https://catalog-plans.ru/catalog/52-96?utm_source=pinterest&utm_medium=organic&utm_campaign=generated_floor_plans_ocean_static_batch_57&utm_content=pin_10788_52-96_plans&utm_term=proekty-domov-s-planirovkami,,"проект дома 52-96, проект дома 278,1 м², планировка дома, планы этажей, готовый проект дома, оригинальная планировка, газобетон, catalog-plans.ru"
"Проект дома №53-74 площадью 306,5 м² с планировками",https://raw.githubusercontent.com/nemchenik/test/ecae1a10015457ee79f8a377cb28a7df81c945f7/pinterest/generated_batch_57_floor_plans_ocean_static/53-74.jpg,Планировки домов,,"Проект дома №53-74: площадь 306,5 м², 3 этажа, габариты 11.8×15.7 м, материал стен — газобетон. На карточке показаны оригинальные планировки этажей. Сохраните планы дома и откройте проект, чтобы узнать подробности и актуальную стоимость.",https://catalog-plans.ru/catalog/53-74?utm_source=pinterest&utm_medium=organic&utm_campaign=generated_floor_plans_ocean_static_batch_57&utm_content=pin_10789_53-74_plans&utm_term=proekty-domov-s-planirovkami,,"проект дома 53-74, проект дома 306,5 м², планировка дома, планы этажей, готовый проект дома, оригинальная планировка, газобетон, catalog-plans.ru"
"Проект дома №54-11 площадью 235,5 м² с планировками",https://raw.githubusercontent.com/nemchenik/test/ecae1a10015457ee79f8a377cb28a7df81c945f7/pinterest/generated_batch_57_floor_plans_ocean_static/54-11.jpg,Планировки домов,,"Проект дома №54-11: площадь 235,5 м², 2 этажа, габариты 11.1×16.5 м, материал стен — газобетон. На карточке показаны оригинальные планировки этажей. Сохраните планы дома и откройте проект, чтобы узнать подробности и актуальную стоимость.",https://catalog-plans.ru/catalog/54-11?utm_source=pinterest&utm_medium=organic&utm_campaign=generated_floor_plans_ocean_static_batch_57&utm_content=pin_10790_54-11_plans&utm_term=proekty-domov-s-planirovkami,,"проект дома 54-11, проект дома 235,5 м², планировка дома, планы этажей, готовый проект дома, оригинальная планировка, газобетон, catalog-plans.ru"
"Проект дома №54-30 площадью 99,7 м² с планировками",https://raw.githubusercontent.com/nemchenik/test/ecae1a10015457ee79f8a377cb28a7df81c945f7/pinterest/generated_batch_57_floor_plans_ocean_static/54-30.jpg,Планировки домов,,"Проект дома №54-30: площадь 99,7 м², 2 этажа, габариты 8×9.5 м, материал стен — газобетон. На карточке показаны оригинальные планировки этажей. Сохраните планы дома и откройте проект, чтобы узнать подробности и актуальную стоимость.",https://catalog-plans.ru/catalog/54-30?utm_source=pinterest&utm_medium=organic&utm_campaign=generated_floor_plans_ocean_static_batch_57&utm_content=pin_10791_54-30_plans&utm_term=proekty-domov-s-planirovkami,,"проект дома 54-30, проект дома 99,7 м², планировка дома, планы этажей, готовый проект дома, оригинальная планировка, газобетон, catalog-plans.ru"
"Проект дома №54-80 площадью 122,5 м² с планировками",https://raw.githubusercontent.com/nemchenik/test/ecae1a10015457ee79f8a377cb28a7df81c945f7/pinterest/generated_batch_57_floor_plans_ocean_static/54-80.jpg,Планировки домов,,"Проект дома №54-80: площадь 122,5 м², 2 этажа, габариты 8.4×10.8 м, материал стен — газобетон. На карточке показаны оригинальные планировки этажей. Сохраните планы дома и откройте проект, чтобы узнать подробности и актуальную стоимость.",https://catalog-plans.ru/catalog/54-80?utm_source=pinterest&utm_medium=organic&utm_campaign=generated_floor_plans_ocean_static_batch_57&utm_content=pin_10792_54-80_plans&utm_term=proekty-domov-s-planirovkami,,"проект дома 54-80, проект дома 122,5 м², планировка дома, планы этажей, готовый проект дома, оригинальная планировка, газобетон, catalog-plans.ru"
"Проект дома №54-92 площадью 290,5 м² с планировками",https://raw.githubusercontent.com/nemchenik/test/ecae1a10015457ee79f8a377cb28a7df81c945f7/pinterest/generated_batch_57_floor_plans_ocean_static/54-92.jpg,Планировки домов,,"Проект дома №54-92: площадь 290,5 м², 2 этажа, габариты 12.3×14.1 м, материал стен — газобетон. На карточке показаны оригинальные планировки этажей. Сохраните планы дома и откройте проект, чтобы узнать подробности и актуальную стоимость.",https://catalog-plans.ru/catalog/54-92?utm_source=pinterest&utm_medium=organic&utm_campaign=generated_floor_plans_ocean_static_batch_57&utm_content=pin_10793_54-92_plans&utm_term=proekty-domov-s-planirovkami,,"проект дома 54-92, проект дома 290,5 м², планировка дома, планы этажей, готовый проект дома, оригинальная планировка, газобетон, catalog-plans.ru"
Проект дома №55-16 площадью 183 м² с планировками,https://raw.githubusercontent.com/nemchenik/test/ecae1a10015457ee79f8a377cb28a7df81c945f7/pinterest/generated_batch_57_floor_plans_ocean_static/55-16.jpg,Планировки домов,,"Проект дома №55-16: площадь 183 м², 2 этажа, габариты 12.2×13.42 м, материал стен — газобетон. На карточке показаны оригинальные планировки этажей. Сохраните планы дома и откройте проект, чтобы узнать подробности и актуальную стоимость.",https://catalog-plans.ru/catalog/55-16?utm_source=pinterest&utm_medium=organic&utm_campaign=generated_floor_plans_ocean_static_batch_57&utm_content=pin_10794_55-16_plans&utm_term=proekty-domov-s-planirovkami,,"проект дома 55-16, проект дома 183 м², планировка дома, планы этажей, готовый проект дома, оригинальная планировка, газобетон, catalog-plans.ru"
"Проект дома №57-00AK площадью 195,03 м² с планировками",https://raw.githubusercontent.com/nemchenik/test/ecae1a10015457ee79f8a377cb28a7df81c945f7/pinterest/generated_batch_57_floor_plans_ocean_static/57-00AK.jpg,Планировки домов,,"Проект дома №57-00AK: площадь 195,03 м², 2 этажа, габариты 12.8×15.15 м, материал стен — кирпич. На карточке показаны оригинальные планировки этажей. Сохраните планы дома и откройте проект, чтобы узнать подробности и актуальную стоимость.",https://catalog-plans.ru/catalog/57-00AK?utm_source=pinterest&utm_medium=organic&utm_campaign=generated_floor_plans_ocean_static_batch_57&utm_content=pin_10795_57-00AK_plans&utm_term=proekty-domov-s-planirovkami,,"проект дома 57-00AK, проект дома 195,03 м², планировка дома, планы этажей, готовый проект дома, оригинальная планировка, кирпич, catalog-plans.ru"
"Проект дома №57-01DL площадью 169,03 м² с планировками",https://raw.githubusercontent.com/nemchenik/test/ecae1a10015457ee79f8a377cb28a7df81c945f7/pinterest/generated_batch_57_floor_plans_ocean_static/57-01DL.jpg,Планировки домов,,"Проект дома №57-01DL: площадь 169,03 м², 2 этажа, габариты 10.4×12.9 м, материал стен — кирпич. На карточке показаны оригинальные планировки этажей. Сохраните планы дома и откройте проект, чтобы узнать подробности и актуальную стоимость.",https://catalog-plans.ru/catalog/57-01DL?utm_source=pinterest&utm_medium=organic&utm_campaign=generated_floor_plans_ocean_static_batch_57&utm_content=pin_10796_57-01DL_plans&utm_term=proekty-domov-s-planirovkami,,"проект дома 57-01DL, проект дома 169,03 м², планировка дома, планы этажей, готовый проект дома, оригинальная планировка, кирпич, catalog-plans.ru"
"Проект дома №57-05HAL площадью 157,77 м² с планировками",https://raw.githubusercontent.com/nemchenik/test/ecae1a10015457ee79f8a377cb28a7df81c945f7/pinterest/generated_batch_57_floor_plans_ocean_static/57-05HAL.jpg,Планировки домов,,"Проект дома №57-05HAL: площадь 157,77 м², 2 этажа, габариты 10.88×10.88 м, материал стен — кирпич. На карточке показаны оригинальные планировки этажей. Сохраните планы дома и откройте проект, чтобы узнать подробности и актуальную стоимость.",https://catalog-plans.ru/catalog/57-05HAL?utm_source=pinterest&utm_medium=organic&utm_campaign=generated_floor_plans_ocean_static_batch_57&utm_content=pin_10797_57-05HAL_plans&utm_term=proekty-domov-s-planirovkami,,"проект дома 57-05HAL, проект дома 157,77 м², планировка дома, планы этажей, готовый проект дома, оригинальная планировка, кирпич, catalog-plans.ru"
"Проект дома №57-07KB площадью 115,97 м² с планировками",https://raw.githubusercontent.com/nemchenik/test/ecae1a10015457ee79f8a377cb28a7df81c945f7/pinterest/generated_batch_57_floor_plans_ocean_static/57-07KB.jpg,Планировки домов,,"Проект дома №57-07KB: площадь 115,97 м², 2 этажа, габариты 8.35×10.75 м, материал стен — керамзитобетон. На карточке показаны оригинальные планировки этажей. Сохраните планы дома и откройте проект, чтобы узнать подробности и актуальную стоимость.",https://catalog-plans.ru/catalog/57-07KB?utm_source=pinterest&utm_medium=organic&utm_campaign=generated_floor_plans_ocean_static_batch_57&utm_content=pin_10798_57-07KB_plans&utm_term=proekty-domov-s-planirovkami,,"проект дома 57-07KB, проект дома 115,97 м², планировка дома, планы этажей, готовый проект дома, оригинальная планировка, керамзитобетон, catalog-plans.ru"
"Проект дома №57-07QG3 площадью 120,65 м² с планировками",https://raw.githubusercontent.com/nemchenik/test/ecae1a10015457ee79f8a377cb28a7df81c945f7/pinterest/generated_batch_57_floor_plans_ocean_static/57-07QG3.jpg,Планировки домов,,"Проект дома №57-07QG3: площадь 120,65 м², 2 этажа, габариты 8.25×10.65 м, материал стен — газобетон. На карточке показаны оригинальные планировки этажей. Сохраните планы дома и откройте проект, чтобы узнать подробности и актуальную стоимость.",https://catalog-plans.ru/catalog/57-07QG3?utm_source=pinterest&utm_medium=organic&utm_campaign=generated_floor_plans_ocean_static_batch_57&utm_content=pin_10799_57-07QG3_plans&utm_term=proekty-domov-s-planirovkami,,"проект дома 57-07QG3, проект дома 120,65 м², планировка дома, планы этажей, готовый проект дома, оригинальная планировка, газобетон, catalog-plans.ru"
"Проект дома №57-10AKL площадью 194,4 м² с планировками",https://raw.githubusercontent.com/nemchenik/test/ecae1a10015457ee79f8a377cb28a7df81c945f7/pinterest/generated_batch_57_floor_plans_ocean_static/57-10AKL.jpg,Планировки домов,,"Проект дома №57-10AKL: площадь 194,4 м², 2 этажа, габариты 10.42×13.07 м, материал стен — кирпич. На карточке показаны оригинальные планировки этажей. Сохраните планы дома и откройте проект, чтобы узнать подробности и актуальную стоимость.",https://catalog-plans.ru/catalog/57-10AKL?utm_source=pinterest&utm_medium=organic&utm_campaign=generated_floor_plans_ocean_static_batch_57&utm_content=pin_10800_57-10AKL_plans&utm_term=proekty-domov-s-planirovkami,,"проект дома 57-10AKL, проект дома 194,4 м², планировка дома, планы этажей, готовый проект дома, оригинальная планировка, кирпич, catalog-plans.ru"
"Проект дома №57-11 площадью 170,6 м² с планировками",https://raw.githubusercontent.com/nemchenik/test/ecae1a10015457ee79f8a377cb28a7df81c945f7/pinterest/generated_batch_57_floor_plans_ocean_static/57-11.jpg,Планировки домов,,"Проект дома №57-11: площадь 170,6 м², 2 этажа, габариты 10.45×11.3 м, материал стен — газобетон. На карточке показаны оригинальные планировки этажей. Сохраните планы дома и откройте проект, чтобы узнать подробности и актуальную стоимость.",https://catalog-plans.ru/catalog/57-11?utm_source=pinterest&utm_medium=organic&utm_campaign=generated_floor_plans_ocean_static_batch_57&utm_content=pin_10801_57-11_plans&utm_term=proekty-domov-s-planirovkami,,"проект дома 57-11, проект дома 170,6 м², планировка дома, планы этажей, готовый проект дома, оригинальная планировка, газобетон, catalog-plans.ru"
"Проект дома №57-15AK площадью 228,53 м² с планировками",https://raw.githubusercontent.com/nemchenik/test/ecae1a10015457ee79f8a377cb28a7df81c945f7/pinterest/generated_batch_57_floor_plans_ocean_static/57-15AK.jpg,Планировки домов,,"Проект дома №57-15AK: площадь 228,53 м², 2 этажа, габариты 10.3×14.5 м, материал стен — кирпич. На карточке показаны оригинальные планировки этажей. Сохраните планы дома и откройте проект, чтобы узнать подробности и актуальную стоимость.",https://catalog-plans.ru/catalog/57-15AK?utm_source=pinterest&utm_medium=organic&utm_campaign=generated_floor_plans_ocean_static_batch_57&utm_content=pin_10802_57-15AK_plans&utm_term=proekty-domov-s-planirovkami,,"проект дома 57-15AK, проект дома 228,53 м², планировка дома, планы этажей, готовый проект дома, оригинальная планировка, кирпич, catalog-plans.ru"
"Проект дома №57-22EL площадью 246,83 м² с планировками",https://raw.githubusercontent.com/nemchenik/test/ecae1a10015457ee79f8a377cb28a7df81c945f7/pinterest/generated_batch_57_floor_plans_ocean_static/57-22EL.jpg,Планировки домов,,"Проект дома №57-22EL: площадь 246,83 м², 2 этажа, габариты 14.5×14.36 м, материал стен — газобетон. На карточке показаны оригинальные планировки этажей. Сохраните планы дома и откройте проект, чтобы узнать подробности и актуальную стоимость.",https://catalog-plans.ru/catalog/57-22EL?utm_source=pinterest&utm_medium=organic&utm_campaign=generated_floor_plans_ocean_static_batch_57&utm_content=pin_10803_57-22EL_plans&utm_term=proekty-domov-s-planirovkami,,"проект дома 57-22EL, проект дома 246,83 м², планировка дома, планы этажей, готовый проект дома, оригинальная планировка, газобетон, catalog-plans.ru"
"Проект дома №57-26W площадью 326,54 м² с планировками",https://raw.githubusercontent.com/nemchenik/test/ecae1a10015457ee79f8a377cb28a7df81c945f7/pinterest/generated_batch_57_floor_plans_ocean_static/57-26W.jpg,Планировки домов,,"Проект дома №57-26W: площадь 326,54 м², 2 этажа, габариты 9.55×25.4 м, материал стен — газобетон. На карточке показаны оригинальные планировки этажей. Сохраните планы дома и откройте проект, чтобы узнать подробности и актуальную стоимость.",https://catalog-plans.ru/catalog/57-26W?utm_source=pinterest&utm_medium=organic&utm_campaign=generated_floor_plans_ocean_static_batch_57&utm_content=pin_10804_57-26W_plans&utm_term=proekty-domov-s-planirovkami,,"проект дома 57-26W, проект дома 326,54 м², планировка дома, планы этажей, готовый проект дома, оригинальная планировка, газобетон, catalog-plans.ru"
"Проект дома №57-26X площадью 164,55 м² с планировками",https://raw.githubusercontent.com/nemchenik/test/ecae1a10015457ee79f8a377cb28a7df81c945f7/pinterest/generated_batch_57_floor_plans_ocean_static/57-26X.jpg,Планировки домов,,"Проект дома №57-26X: площадь 164,55 м², 2 этажа, габариты 9.48×12.88 м, материал стен — керамзитобетон. На карточке показаны оригинальные планировки этажей. Сохраните планы дома и откройте проект, чтобы узнать подробности и актуальную стоимость.",https://catalog-plans.ru/catalog/57-26X?utm_source=pinterest&utm_medium=organic&utm_campaign=generated_floor_plans_ocean_static_batch_57&utm_content=pin_10805_57-26X_plans&utm_term=proekty-domov-s-planirovkami,,"проект дома 57-26X, проект дома 164,55 м², планировка дома, планы этажей, готовый проект дома, оригинальная планировка, керамзитобетон, catalog-plans.ru"
"Проект дома №57-27G3 площадью 159,35 м² с планировками",https://raw.githubusercontent.com/nemchenik/test/ecae1a10015457ee79f8a377cb28a7df81c945f7/pinterest/generated_batch_57_floor_plans_ocean_static/57-27G3.jpg,Планировки домов,,"Проект дома №57-27G3: площадь 159,35 м², 2 этажа, габариты 11.2×11.8 м, материал стен — газобетон. На карточке показаны оригинальные планировки этажей. Сохраните планы дома и откройте проект, чтобы узнать подробности и актуальную стоимость.",https://catalog-plans.ru/catalog/57-27G3?utm_source=pinterest&utm_medium=organic&utm_campaign=generated_floor_plans_ocean_static_batch_57&utm_content=pin_10806_57-27G3_plans&utm_term=proekty-domov-s-planirovkami,,"проект дома 57-27G3, проект дома 159,35 м², планировка дома, планы этажей, готовый проект дома, оригинальная планировка, газобетон, catalog-plans.ru"
"Проект дома №57-29FBK1L площадью 181,01 м² с планировками",https://raw.githubusercontent.com/nemchenik/test/ecae1a10015457ee79f8a377cb28a7df81c945f7/pinterest/generated_batch_57_floor_plans_ocean_static/57-29FBK1L.jpg,Планировки домов,,"Проект дома №57-29FBK1L: площадь 181,01 м², 2 этажа, габариты 11.54×14.56 м, материал стен — кирпич. На карточке показаны оригинальные планировки этажей. Сохраните планы дома и откройте проект, чтобы узнать подробности и актуальную стоимость.",https://catalog-plans.ru/catalog/57-29FBK1L?utm_source=pinterest&utm_medium=organic&utm_campaign=generated_floor_plans_ocean_static_batch_57&utm_content=pin_10807_57-29FBK1L_plans&utm_term=proekty-domov-s-planirovkami,,"проект дома 57-29FBK1L, проект дома 181,01 м², планировка дома, планы этажей, готовый проект дома, оригинальная планировка, кирпич, catalog-plans.ru"
"Проект дома №57-32K площадью 273,44 м² с планировками",https://raw.githubusercontent.com/nemchenik/test/ecae1a10015457ee79f8a377cb28a7df81c945f7/pinterest/generated_batch_57_floor_plans_ocean_static/57-32K.jpg,Планировки домов,,"Проект дома №57-32K: площадь 273,44 м², 2 этажа, габариты 10×14.25 м, материал стен — кирпич. На карточке показаны оригинальные планировки этажей. Сохраните планы дома и откройте проект, чтобы узнать подробности и актуальную стоимость.",https://catalog-plans.ru/catalog/57-32K?utm_source=pinterest&utm_medium=organic&utm_campaign=generated_floor_plans_ocean_static_batch_57&utm_content=pin_10808_57-32K_plans&utm_term=proekty-domov-s-planirovkami,,"проект дома 57-32K, проект дома 273,44 м², планировка дома, планы этажей, готовый проект дома, оригинальная планировка, кирпич, catalog-plans.ru"
Проект дома №57-34B площадью 143 м² с планировками,https://raw.githubusercontent.com/nemchenik/test/ecae1a10015457ee79f8a377cb28a7df81c945f7/pinterest/generated_batch_57_floor_plans_ocean_static/57-34B.jpg,Планировки домов,,"Проект дома №57-34B: площадь 143 м², 2 этажа, габариты 11.3×12.36 м, материал стен — газобетон. На карточке показаны оригинальные планировки этажей. Сохраните планы дома и откройте проект, чтобы узнать подробности и актуальную стоимость.",https://catalog-plans.ru/catalog/57-34B?utm_source=pinterest&utm_medium=organic&utm_campaign=generated_floor_plans_ocean_static_batch_57&utm_content=pin_10809_57-34B_plans&utm_term=proekty-domov-s-planirovkami,,"проект дома 57-34B, проект дома 143 м², планировка дома, планы этажей, готовый проект дома, оригинальная планировка, газобетон, catalog-plans.ru"
"Проект дома №57-39B площадью 208,5 м² с планировками",https://raw.githubusercontent.com/nemchenik/test/ecae1a10015457ee79f8a377cb28a7df81c945f7/pinterest/generated_batch_57_floor_plans_ocean_static/57-39B.jpg,Планировки домов,,"Проект дома №57-39B: площадь 208,5 м², 2 этажа, габариты 11.51×14.66 м, материал стен — газобетон. На карточке показаны оригинальные планировки этажей. Сохраните планы дома и откройте проект, чтобы узнать подробности и актуальную стоимость.",https://catalog-plans.ru/catalog/57-39B?utm_source=pinterest&utm_medium=organic&utm_campaign=generated_floor_plans_ocean_static_batch_57&utm_content=pin_10810_57-39B_plans&utm_term=proekty-domov-s-planirovkami,,"проект дома 57-39B, проект дома 208,5 м², планировка дома, планы этажей, готовый проект дома, оригинальная планировка, газобетон, catalog-plans.ru"
"Проект дома №57-39K1MBL площадью 248,44 м² с планировками",https://raw.githubusercontent.com/nemchenik/test/ecae1a10015457ee79f8a377cb28a7df81c945f7/pinterest/generated_batch_57_floor_plans_ocean_static/57-39K1MBL.jpg,Планировки домов,,"Проект дома №57-39K1MBL: площадь 248,44 м², 2 этажа, габариты 12.87×14.52 м, материал стен — кирпич. На карточке показаны оригинальные планировки этажей. Сохраните планы дома и откройте проект, чтобы узнать подробности и актуальную стоимость.",https://catalog-plans.ru/catalog/57-39K1MBL?utm_source=pinterest&utm_medium=organic&utm_campaign=generated_floor_plans_ocean_static_batch_57&utm_content=pin_10811_57-39K1MBL_plans&utm_term=proekty-domov-s-planirovkami,,"проект дома 57-39K1MBL, проект дома 248,44 м², планировка дома, планы этажей, готовый проект дома, оригинальная планировка, кирпич, catalog-plans.ru"
"Проект дома №57-43A площадью 259,24 м² с планировками",https://raw.githubusercontent.com/nemchenik/test/ecae1a10015457ee79f8a377cb28a7df81c945f7/pinterest/generated_batch_57_floor_plans_ocean_static/57-43A.jpg,Планировки домов,,"Проект дома №57-43A: площадь 259,24 м², 2 этажа, габариты 10.07×13.07 м, материал стен — кирпич. На карточке показаны оригинальные планировки этажей. Сохраните планы дома и откройте проект, чтобы узнать подробности и актуальную стоимость.",https://catalog-plans.ru/catalog/57-43A?utm_source=pinterest&utm_medium=organic&utm_campaign=generated_floor_plans_ocean_static_batch_57&utm_content=pin_10812_57-43A_plans&utm_term=proekty-domov-s-planirovkami,,"проект дома 57-43A, проект дома 259,24 м², планировка дома, планы этажей, готовый проект дома, оригинальная планировка, кирпич, catalog-plans.ru"
"Проект дома №57-54VL площадью 224,09 м² с планировками",https://raw.githubusercontent.com/nemchenik/test/ecae1a10015457ee79f8a377cb28a7df81c945f7/pinterest/generated_batch_57_floor_plans_ocean_static/57-54VL.jpg,Планировки домов,,"Проект дома №57-54VL: площадь 224,09 м², 2 этажа, габариты 13.86×15.21 м, материал стен — кирпич. На карточке показаны оригинальные планировки этажей. Сохраните планы дома и откройте проект, чтобы узнать подробности и актуальную стоимость.",https://catalog-plans.ru/catalog/57-54VL?utm_source=pinterest&utm_medium=organic&utm_campaign=generated_floor_plans_ocean_static_batch_57&utm_content=pin_10813_57-54VL_plans&utm_term=proekty-domov-s-planirovkami,,"проект дома 57-54VL, проект дома 224,09 м², планировка дома, планы этажей, готовый проект дома, оригинальная планировка, кирпич, catalog-plans.ru"
"Проект дома №57-55K площадью 193,8 м² с планировками",https://raw.githubusercontent.com/nemchenik/test/ecae1a10015457ee79f8a377cb28a7df81c945f7/pinterest/generated_batch_57_floor_plans_ocean_static/57-55K.jpg,Планировки домов,,"Проект дома №57-55K: площадь 193,8 м², 2 этажа, габариты 12.4×12.6 м, материал стен — кирпич. На карточке показаны оригинальные планировки этажей. Сохраните планы дома и откройте проект, чтобы узнать подробности и актуальную стоимость.",https://catalog-plans.ru/catalog/57-55K?utm_source=pinterest&utm_medium=organic&utm_campaign=generated_floor_plans_ocean_static_batch_57&utm_content=pin_10814_57-55K_plans&utm_term=proekty-domov-s-planirovkami,,"проект дома 57-55K, проект дома 193,8 м², планировка дома, планы этажей, готовый проект дома, оригинальная планировка, кирпич, catalog-plans.ru"
"Проект дома №57-62TBL площадью 200,28 м² с планировками",https://raw.githubusercontent.com/nemchenik/test/ecae1a10015457ee79f8a377cb28a7df81c945f7/pinterest/generated_batch_57_floor_plans_ocean_static/57-62TBL.jpg,Планировки домов,,"Проект дома №57-62TBL: площадь 200,28 м², 2 этажа, габариты 12.1×14.54 м, материал стен — газобетон. На карточке показаны оригинальные планировки этажей. Сохраните планы дома и откройте проект, чтобы узнать подробности и актуальную стоимость.",https://catalog-plans.ru/catalog/57-62TBL?utm_source=pinterest&utm_medium=organic&utm_campaign=generated_floor_plans_ocean_static_batch_57&utm_content=pin_10815_57-62TBL_plans&utm_term=proekty-domov-s-planirovkami,,"проект дома 57-62TBL, проект дома 200,28 м², планировка дома, планы этажей, готовый проект дома, оригинальная планировка, газобетон, catalog-plans.ru"
"Проект дома №57-63S площадью 199,55 м² с планировками",https://raw.githubusercontent.com/nemchenik/test/ecae1a10015457ee79f8a377cb28a7df81c945f7/pinterest/generated_batch_57_floor_plans_ocean_static/57-63S.jpg,Планировки домов,,"Проект дома №57-63S: площадь 199,55 м², 2 этажа, габариты 10.9×21.38 м, материал стен — газобетон. На карточке показаны оригинальные планировки этажей. Сохраните планы дома и откройте проект, чтобы узнать подробности и актуальную стоимость.",https://catalog-plans.ru/catalog/57-63S?utm_source=pinterest&utm_medium=organic&utm_campaign=generated_floor_plans_ocean_static_batch_57&utm_content=pin_10816_57-63S_plans&utm_term=proekty-domov-s-planirovkami,,"проект дома 57-63S, проект дома 199,55 м², планировка дома, планы этажей, готовый проект дома, оригинальная планировка, газобетон, catalog-plans.ru"
"Проект дома №57-63U площадью 150,69 м² с планировками",https://raw.githubusercontent.com/nemchenik/test/ecae1a10015457ee79f8a377cb28a7df81c945f7/pinterest/generated_batch_57_floor_plans_ocean_static/57-63U.jpg,Планировки домов,,"Проект дома №57-63U: площадь 150,69 м², 2 этажа, габариты 9.7×12.3 м, материал стен — газобетон. На карточке показаны оригинальные планировки этажей. Сохраните планы дома и откройте проект, чтобы узнать подробности и актуальную стоимость.",https://catalog-plans.ru/catalog/57-63U?utm_source=pinterest&utm_medium=organic&utm_campaign=generated_floor_plans_ocean_static_batch_57&utm_content=pin_10817_57-63U_plans&utm_term=proekty-domov-s-planirovkami,,"проект дома 57-63U, проект дома 150,69 м², планировка дома, планы этажей, готовый проект дома, оригинальная планировка, газобетон, catalog-plans.ru"
"Проект дома №57-69 площадью 313,02 м² с планировками",https://raw.githubusercontent.com/nemchenik/test/ecae1a10015457ee79f8a377cb28a7df81c945f7/pinterest/generated_batch_57_floor_plans_ocean_static/57-69.jpg,Планировки домов,,"Проект дома №57-69: площадь 313,02 м², 2 этажа, габариты 17.57×18.83 м, материал стен — газобетон. На карточке показаны оригинальные планировки этажей. Сохраните планы дома и откройте проект, чтобы узнать подробности и актуальную стоимость.",https://catalog-plans.ru/catalog/57-69?utm_source=pinterest&utm_medium=organic&utm_campaign=generated_floor_plans_ocean_static_batch_57&utm_content=pin_10818_57-69_plans&utm_term=proekty-domov-s-planirovkami,,"проект дома 57-69, проект дома 313,02 м², планировка дома, планы этажей, готовый проект дома, оригинальная планировка, газобетон, catalog-plans.ru"
"Проект дома №57-74AL площадью 383,76 м² с планировками",https://raw.githubusercontent.com/nemchenik/test/ecae1a10015457ee79f8a377cb28a7df81c945f7/pinterest/generated_batch_57_floor_plans_ocean_static/57-74AL.jpg,Планировки домов,,"Проект дома №57-74AL: площадь 383,76 м², 2 этажа, габариты 15.8×25.32 м, материал стен — газобетон. На карточке показаны оригинальные планировки этажей. Сохраните планы дома и откройте проект, чтобы узнать подробности и актуальную стоимость.",https://catalog-plans.ru/catalog/57-74AL?utm_source=pinterest&utm_medium=organic&utm_campaign=generated_floor_plans_ocean_static_batch_57&utm_content=pin_10819_57-74AL_plans&utm_term=proekty-domov-s-planirovkami,,"проект дома 57-74AL, проект дома 383,76 м², планировка дома, планы этажей, готовый проект дома, оригинальная планировка, газобетон, catalog-plans.ru"
"Проект дома №57-74RL площадью 473,31 м² с планировками",https://raw.githubusercontent.com/nemchenik/test/ecae1a10015457ee79f8a377cb28a7df81c945f7/pinterest/generated_batch_57_floor_plans_ocean_static/57-74RL.jpg,Планировки домов,,"Проект дома №57-74RL: площадь 473,31 м², 2 этажа, габариты 15.46×16.05 м, материал стен — газобетон. На карточке показаны оригинальные планировки этажей. Сохраните планы дома и откройте проект, чтобы узнать подробности и актуальную стоимость.",https://catalog-plans.ru/catalog/57-74RL?utm_source=pinterest&utm_medium=organic&utm_campaign=generated_floor_plans_ocean_static_batch_57&utm_content=pin_10820_57-74RL_plans&utm_term=proekty-domov-s-planirovkami,,"проект дома 57-74RL, проект дома 473,31 м², планировка дома, планы этажей, готовый проект дома, оригинальная планировка, газобетон, catalog-plans.ru"
"Проект дома №57-87AGL площадью 342,59 м² с планировками",https://raw.githubusercontent.com/nemchenik/test/ecae1a10015457ee79f8a377cb28a7df81c945f7/pinterest/generated_batch_57_floor_plans_ocean_static/57-87AGL.jpg,Планировки домов,,"Проект дома №57-87AGL: площадь 342,59 м², 3 этажа, габариты 15.6×15.95 м, материал стен — газобетон. На карточке показаны оригинальные планировки этажей. Сохраните планы дома и откройте проект, чтобы узнать подробности и актуальную стоимость.",https://catalog-plans.ru/catalog/57-87AGL?utm_source=pinterest&utm_medium=organic&utm_campaign=generated_floor_plans_ocean_static_batch_57&utm_content=pin_10821_57-87AGL_plans&utm_term=proekty-domov-s-planirovkami,,"проект дома 57-87AGL, проект дома 342,59 м², планировка дома, планы этажей, готовый проект дома, оригинальная планировка, газобетон, catalog-plans.ru"
"Проект дома №57-97BK1L площадью 208,69 м² с планировками",https://raw.githubusercontent.com/nemchenik/test/ecae1a10015457ee79f8a377cb28a7df81c945f7/pinterest/generated_batch_57_floor_plans_ocean_static/57-97BK1L.jpg,Планировки домов,,"Проект дома №57-97BK1L: площадь 208,69 м², 2 этажа, габариты 13×16.2 м, материал стен — кирпич. На карточке показаны оригинальные планировки этажей. Сохраните планы дома и откройте проект, чтобы узнать подробности и актуальную стоимость.",https://catalog-plans.ru/catalog/57-97BK1L?utm_source=pinterest&utm_medium=organic&utm_campaign=generated_floor_plans_ocean_static_batch_57&utm_content=pin_10822_57-97BK1L_plans&utm_term=proekty-domov-s-planirovkami,,"проект дома 57-97BK1L, проект дома 208,69 м², планировка дома, планы этажей, готовый проект дома, оригинальная планировка, кирпич, catalog-plans.ru"
"Проект дома №58-07 площадью 224,36 м² с планировками",https://raw.githubusercontent.com/nemchenik/test/ecae1a10015457ee79f8a377cb28a7df81c945f7/pinterest/generated_batch_57_floor_plans_ocean_static/58-07.jpg,Планировки домов,,"Проект дома №58-07: площадь 224,36 м², 2 этажа, габариты 13×14.55 м, материал стен — газобетон. На карточке показаны оригинальные планировки этажей. Сохраните планы дома и откройте проект, чтобы узнать подробности и актуальную стоимость.",https://catalog-plans.ru/catalog/58-07?utm_source=pinterest&utm_medium=organic&utm_campaign=generated_floor_plans_ocean_static_batch_57&utm_content=pin_10823_58-07_plans&utm_term=proekty-domov-s-planirovkami,,"проект дома 58-07, проект дома 224,36 м², планировка дома, планы этажей, готовый проект дома, оригинальная планировка, газобетон, catalog-plans.ru"
"Проект дома №58-28B площадью 158,23 м² с планировками",https://raw.githubusercontent.com/nemchenik/test/ecae1a10015457ee79f8a377cb28a7df81c945f7/pinterest/generated_batch_57_floor_plans_ocean_static/58-28B.jpg,Планировки домов,,"Проект дома №58-28B: площадь 158,23 м², 2 этажа, габариты 10.5×12 м, материал стен — газобетон. На карточке показаны оригинальные планировки этажей. Сохраните планы дома и откройте проект, чтобы узнать подробности и актуальную стоимость.",https://catalog-plans.ru/catalog/58-28B?utm_source=pinterest&utm_medium=organic&utm_campaign=generated_floor_plans_ocean_static_batch_57&utm_content=pin_10824_58-28B_plans&utm_term=proekty-domov-s-planirovkami,,"проект дома 58-28B, проект дома 158,23 м², планировка дома, планы этажей, готовый проект дома, оригинальная планировка, газобетон, catalog-plans.ru"
"Проект дома №58-44BDL площадью 429,42 м² с планировками",https://raw.githubusercontent.com/nemchenik/test/ecae1a10015457ee79f8a377cb28a7df81c945f7/pinterest/generated_batch_57_floor_plans_ocean_static/58-44BDL.jpg,Планировки домов,,"Проект дома №58-44BDL: площадь 429,42 м², 3 этажа, габариты 14.66×16.46 м, материал стен — газобетон. На карточке показаны оригинальные планировки этажей. Сохраните планы дома и откройте проект, чтобы узнать подробности и актуальную стоимость.",https://catalog-plans.ru/catalog/58-44BDL?utm_source=pinterest&utm_medium=organic&utm_campaign=generated_floor_plans_ocean_static_batch_57&utm_content=pin_10825_58-44BDL_plans&utm_term=proekty-domov-s-planirovkami,,"проект дома 58-44BDL, проект дома 429,42 м², планировка дома, планы этажей, готовый проект дома, оригинальная планировка, газобетон, catalog-plans.ru"
"Проект дома №58-45A площадью 148,76 м² с планировками",https://raw.githubusercontent.com/nemchenik/test/ecae1a10015457ee79f8a377cb28a7df81c945f7/pinterest/generated_batch_57_floor_plans_ocean_static/58-45A.jpg,Планировки домов,,"Проект дома №58-45A: площадь 148,76 м², 2 этажа, габариты 9.9×12.6 м, материал стен — газобетон. На карточке показаны оригинальные планировки этажей. Сохраните планы дома и откройте проект, чтобы узнать подробности и актуальную стоимость.",https://catalog-plans.ru/catalog/58-45A?utm_source=pinterest&utm_medium=organic&utm_campaign=generated_floor_plans_ocean_static_batch_57&utm_content=pin_10826_58-45A_plans&utm_term=proekty-domov-s-planirovkami,,"проект дома 58-45A, проект дома 148,76 м², планировка дома, планы этажей, готовый проект дома, оригинальная планировка, газобетон, catalog-plans.ru"
"Проект дома №58-45B площадью 144,27 м² с планировками",https://raw.githubusercontent.com/nemchenik/test/ecae1a10015457ee79f8a377cb28a7df81c945f7/pinterest/generated_batch_57_floor_plans_ocean_static/58-45B.jpg,Планировки домов,,"Проект дома №58-45B: площадь 144,27 м², 2 этажа, габариты 9.4×12 м, материал стен — газобетон. На карточке показаны оригинальные планировки этажей. Сохраните планы дома и откройте проект, чтобы узнать подробности и актуальную стоимость.",https://catalog-plans.ru/catalog/58-45B?utm_source=pinterest&utm_medium=organic&utm_campaign=generated_floor_plans_ocean_static_batch_57&utm_content=pin_10827_58-45B_plans&utm_term=proekty-domov-s-planirovkami,,"проект дома 58-45B, проект дома 144,27 м², планировка дома, планы этажей, готовый проект дома, оригинальная планировка, газобетон, catalog-plans.ru"
"Проект дома №58-48BL площадью 636,19 м² с планировками",https://raw.githubusercontent.com/nemchenik/test/ecae1a10015457ee79f8a377cb28a7df81c945f7/pinterest/generated_batch_57_floor_plans_ocean_static/58-48BL.jpg,Планировки домов,,"Проект дома №58-48BL: площадь 636,19 м², 3 этажа, габариты 18.77×23.55 м, материал стен — газобетон. На карточке показаны оригинальные планировки этажей. Сохраните планы дома и откройте проект, чтобы узнать подробности и актуальную стоимость.",https://catalog-plans.ru/catalog/58-48BL?utm_source=pinterest&utm_medium=organic&utm_campaign=generated_floor_plans_ocean_static_batch_57&utm_content=pin_10828_58-48BL_plans&utm_term=proekty-domov-s-planirovkami,,"проект дома 58-48BL, проект дома 636,19 м², планировка дома, планы этажей, готовый проект дома, оригинальная планировка, газобетон, catalog-plans.ru"
"Проект дома №58-50FL площадью 168,01 м² с планировками",https://raw.githubusercontent.com/nemchenik/test/ecae1a10015457ee79f8a377cb28a7df81c945f7/pinterest/generated_batch_57_floor_plans_ocean_static/58-50FL.jpg,Планировки домов,,"Проект дома №58-50FL: площадь 168,01 м², 1 этаж, габариты 18.48×20.78 м, материал стен — газобетон. На карточке показаны оригинальные планировки этажей. Сохраните планы дома и откройте проект, чтобы узнать подробности и актуальную стоимость.",https://catalog-plans.ru/catalog/58-50FL?utm_source=pinterest&utm_medium=organic&utm_campaign=generated_floor_plans_ocean_static_batch_57&utm_content=pin_10829_58-50FL_plans&utm_term=proekty-domov-s-planirovkami,,"проект дома 58-50FL, проект дома 168,01 м², планировка дома, планы этажей, готовый проект дома, оригинальная планировка, газобетон, catalog-plans.ru"
"Проект дома №58-59B площадью 84,98 м² с планировками",https://raw.githubusercontent.com/nemchenik/test/ecae1a10015457ee79f8a377cb28a7df81c945f7/pinterest/generated_batch_57_floor_plans_ocean_static/58-59B.jpg,Планировки домов,,"Проект дома №58-59B: площадь 84,98 м², 2 этажа, габариты 8×8 м, материал стен — газобетон. На карточке показаны оригинальные планировки этажей. Сохраните планы дома и откройте проект, чтобы узнать подробности и актуальную стоимость.",https://catalog-plans.ru/catalog/58-59B?utm_source=pinterest&utm_medium=organic&utm_campaign=generated_floor_plans_ocean_static_batch_57&utm_content=pin_10830_58-59B_plans&utm_term=proekty-domov-s-planirovkami,,"проект дома 58-59B, проект дома 84,98 м², планировка дома, планы этажей, готовый проект дома, оригинальная планировка, газобетон, catalog-plans.ru"
"Проект дома №58-66WL площадью 494,29 м² с планировками",https://raw.githubusercontent.com/nemchenik/test/ecae1a10015457ee79f8a377cb28a7df81c945f7/pinterest/generated_batch_57_floor_plans_ocean_static/58-66WL.jpg,Планировки домов,,"Проект дома №58-66WL: площадь 494,29 м², 2 этажа, габариты 15.87×30.57 м, материал стен — монолитный каркас. На карточке показаны оригинальные планировки этажей. Сохраните планы дома и откройте проект, чтобы узнать подробности и актуальную стоимость.",https://catalog-plans.ru/catalog/58-66WL?utm_source=pinterest&utm_medium=organic&utm_campaign=generated_floor_plans_ocean_static_batch_57&utm_content=pin_10831_58-66WL_plans&utm_term=proekty-domov-s-planirovkami,,"проект дома 58-66WL, проект дома 494,29 м², планировка дома, планы этажей, готовый проект дома, оригинальная планировка, монолитный каркас, catalog-plans.ru"
"Проект дома №58-70FAGL площадью 141,95 м² с планировками",https://raw.githubusercontent.com/nemchenik/test/ecae1a10015457ee79f8a377cb28a7df81c945f7/pinterest/generated_batch_57_floor_plans_ocean_static/58-70FAGL.jpg,Планировки домов,,"Проект дома №58-70FAGL: площадь 141,95 м², 1 этаж, габариты 12.91×14.2 м, материал стен — газобетон. На карточке показаны оригинальные планировки этажей. Сохраните планы дома и откройте проект, чтобы узнать подробности и актуальную стоимость.",https://catalog-plans.ru/catalog/58-70FAGL?utm_source=pinterest&utm_medium=organic&utm_campaign=generated_floor_plans_ocean_static_batch_57&utm_content=pin_10832_58-70FAGL_plans&utm_term=proekty-domov-s-planirovkami,,"проект дома 58-70FAGL, проект дома 141,95 м², планировка дома, планы этажей, готовый проект дома, оригинальная планировка, газобетон, catalog-plans.ru"
"Проект дома №58-70K1L площадью 118,48 м² с планировками",https://raw.githubusercontent.com/nemchenik/test/ecae1a10015457ee79f8a377cb28a7df81c945f7/pinterest/generated_batch_57_floor_plans_ocean_static/58-70K1L.jpg,Планировки домов,,"Проект дома №58-70K1L: площадь 118,48 м², 1 этаж, габариты 12.23×14.12 м, материал стен — кирпич. На карточке показаны оригинальные планировки этажей. Сохраните планы дома и откройте проект, чтобы узнать подробности и актуальную стоимость.",https://catalog-plans.ru/catalog/58-70K1L?utm_source=pinterest&utm_medium=organic&utm_campaign=generated_floor_plans_ocean_static_batch_57&utm_content=pin_10833_58-70K1L_plans&utm_term=proekty-domov-s-planirovkami,,"проект дома 58-70K1L, проект дома 118,48 м², планировка дома, планы этажей, готовый проект дома, оригинальная планировка, кирпич, catalog-plans.ru"
"Проект дома №58-75ACL площадью 162,43 м² с планировками",https://raw.githubusercontent.com/nemchenik/test/ecae1a10015457ee79f8a377cb28a7df81c945f7/pinterest/generated_batch_57_floor_plans_ocean_static/58-75ACL.jpg,Планировки домов,,"Проект дома №58-75ACL: площадь 162,43 м², 2 этажа, габариты 10×10 м, материал стен — газобетон. На карточке показаны оригинальные планировки этажей. Сохраните планы дома и откройте проект, чтобы узнать подробности и актуальную стоимость.",https://catalog-plans.ru/catalog/58-75ACL?utm_source=pinterest&utm_medium=organic&utm_campaign=generated_floor_plans_ocean_static_batch_57&utm_content=pin_10834_58-75ACL_plans&utm_term=proekty-domov-s-planirovkami,,"проект дома 58-75ACL, проект дома 162,43 м², планировка дома, планы этажей, готовый проект дома, оригинальная планировка, газобетон, catalog-plans.ru"
"Проект дома №58-75BL площадью 194,78 м² с планировками",https://raw.githubusercontent.com/nemchenik/test/ecae1a10015457ee79f8a377cb28a7df81c945f7/pinterest/generated_batch_57_floor_plans_ocean_static/58-75BL.jpg,Планировки домов,,"Проект дома №58-75BL: площадь 194,78 м², 2 этажа, габариты 11.7×11.7 м, материал стен — газобетон. На карточке показаны оригинальные планировки этажей. Сохраните планы дома и откройте проект, чтобы узнать подробности и актуальную стоимость.",https://catalog-plans.ru/catalog/58-75BL?utm_source=pinterest&utm_medium=organic&utm_campaign=generated_floor_plans_ocean_static_batch_57&utm_content=pin_10835_58-75BL_plans&utm_term=proekty-domov-s-planirovkami,,"проект дома 58-75BL, проект дома 194,78 м², планировка дома, планы этажей, готовый проект дома, оригинальная планировка, газобетон, catalog-plans.ru"
"Проект дома №58-79AE площадью 130,64 м² с планировками",https://raw.githubusercontent.com/nemchenik/test/ecae1a10015457ee79f8a377cb28a7df81c945f7/pinterest/generated_batch_57_floor_plans_ocean_static/58-79AE.jpg,Планировки домов,,"Проект дома №58-79AE: площадь 130,64 м², 2 этажа, габариты 9.2×11.45 м, материал стен — газобетон. На карточке показаны оригинальные планировки этажей. Сохраните планы дома и откройте проект, чтобы узнать подробности и актуальную стоимость.",https://catalog-plans.ru/catalog/58-79AE?utm_source=pinterest&utm_medium=organic&utm_campaign=generated_floor_plans_ocean_static_batch_57&utm_content=pin_10836_58-79AE_plans&utm_term=proekty-domov-s-planirovkami,,"проект дома 58-79AE, проект дома 130,64 м², планировка дома, планы этажей, готовый проект дома, оригинальная планировка, газобетон, catalog-plans.ru"
"Проект дома №58-79AFBL площадью 148,28 м² с планировками",https://raw.githubusercontent.com/nemchenik/test/ecae1a10015457ee79f8a377cb28a7df81c945f7/pinterest/generated_batch_57_floor_plans_ocean_static/58-79AFBL.jpg,Планировки домов,,"Проект дома №58-79AFBL: площадь 148,28 м², 2 этажа, габариты 9.42×11.65 м, материал стен — газобетон. На карточке показаны оригинальные планировки этажей. Сохраните планы дома и откройте проект, чтобы узнать подробности и актуальную стоимость.",https://catalog-plans.ru/catalog/58-79AFBL?utm_source=pinterest&utm_medium=organic&utm_campaign=generated_floor_plans_ocean_static_batch_57&utm_content=pin_10837_58-79AFBL_plans&utm_term=proekty-domov-s-planirovkami,,"проект дома 58-79AFBL, проект дома 148,28 м², планировка дома, планы этажей, готовый проект дома, оригинальная планировка, газобетон, catalog-plans.ru"
"Проект дома №58-79AN площадью 144,03 м² с планировками",https://raw.githubusercontent.com/nemchenik/test/ecae1a10015457ee79f8a377cb28a7df81c945f7/pinterest/generated_batch_57_floor_plans_ocean_static/58-79AN.jpg,Планировки домов,,"Проект дома №58-79AN: площадь 144,03 м², 2 этажа, габариты 9.3×11.6 м, материал стен — газобетон. На карточке показаны оригинальные планировки этажей. Сохраните планы дома и откройте проект, чтобы узнать подробности и актуальную стоимость.",https://catalog-plans.ru/catalog/58-79AN?utm_source=pinterest&utm_medium=organic&utm_campaign=generated_floor_plans_ocean_static_batch_57&utm_content=pin_10838_58-79AN_plans&utm_term=proekty-domov-s-planirovkami,,"проект дома 58-79AN, проект дома 144,03 м², планировка дома, планы этажей, готовый проект дома, оригинальная планировка, газобетон, catalog-plans.ru"
"Проект дома №58-79EL площадью 139,43 м² с планировками",https://raw.githubusercontent.com/nemchenik/test/ecae1a10015457ee79f8a377cb28a7df81c945f7/pinterest/generated_batch_57_floor_plans_ocean_static/58-79EL.jpg,Планировки домов,,"Проект дома №58-79EL: площадь 139,43 м², 2 этажа, габариты 9.56×11.81 м, материал стен — газобетон. На карточке показаны оригинальные планировки этажей. Сохраните планы дома и откройте проект, чтобы узнать подробности и актуальную стоимость.",https://catalog-plans.ru/catalog/58-79EL?utm_source=pinterest&utm_medium=organic&utm_campaign=generated_floor_plans_ocean_static_batch_57&utm_content=pin_10839_58-79EL_plans&utm_term=proekty-domov-s-planirovkami,,"проект дома 58-79EL, проект дома 139,43 м², планировка дома, планы этажей, готовый проект дома, оригинальная планировка, газобетон, catalog-plans.ru"
"Проект дома №58-83AL площадью 191,31 м² с планировками",https://raw.githubusercontent.com/nemchenik/test/ecae1a10015457ee79f8a377cb28a7df81c945f7/pinterest/generated_batch_57_floor_plans_ocean_static/58-83AL.jpg,Планировки домов,,"Проект дома №58-83AL: площадь 191,31 м², 2 этажа, габариты 12.56×13.06 м, материал стен — газобетон. На карточке показаны оригинальные планировки этажей. Сохраните планы дома и откройте проект, чтобы узнать подробности и актуальную стоимость.",https://catalog-plans.ru/catalog/58-83AL?utm_source=pinterest&utm_medium=organic&utm_campaign=generated_floor_plans_ocean_static_batch_57&utm_content=pin_10840_58-83AL_plans&utm_term=proekty-domov-s-planirovkami,,"проект дома 58-83AL, проект дома 191,31 м², планировка дома, планы этажей, готовый проект дома, оригинальная планировка, газобетон, catalog-plans.ru"
"Проект дома №58-84BBTAL площадью 163,43 м² с планировками",https://raw.githubusercontent.com/nemchenik/test/ecae1a10015457ee79f8a377cb28a7df81c945f7/pinterest/generated_batch_57_floor_plans_ocean_static/58-84BBTAL.jpg,Планировки домов,,"Проект дома №58-84BBTAL: площадь 163,43 м², 1 этаж, габариты 12.3×19.22 м, материал стен — газобетон. На карточке показаны оригинальные планировки этажей. Сохраните планы дома и откройте проект, чтобы узнать подробности и актуальную стоимость.",https://catalog-plans.ru/catalog/58-84BBTAL?utm_source=pinterest&utm_medium=organic&utm_campaign=generated_floor_plans_ocean_static_batch_57&utm_content=pin_10841_58-84BBTAL_plans&utm_term=proekty-domov-s-planirovkami,,"проект дома 58-84BBTAL, проект дома 163,43 м², планировка дома, планы этажей, готовый проект дома, оригинальная планировка, газобетон, catalog-plans.ru"
"Проект дома №58-87ADK площадью 292,09 м² с планировками",https://raw.githubusercontent.com/nemchenik/test/ecae1a10015457ee79f8a377cb28a7df81c945f7/pinterest/generated_batch_57_floor_plans_ocean_static/58-87ADK.jpg,Планировки домов,,"Проект дома №58-87ADK: площадь 292,09 м², 2 этажа, габариты 15.27×15.33 м, материал стен — кирпич. На карточке показаны оригинальные планировки этажей. Сохраните планы дома и откройте проект, чтобы узнать подробности и актуальную стоимость.",https://catalog-plans.ru/catalog/58-87ADK?utm_source=pinterest&utm_medium=organic&utm_campaign=generated_floor_plans_ocean_static_batch_57&utm_content=pin_10842_58-87ADK_plans&utm_term=proekty-domov-s-planirovkami,,"проект дома 58-87ADK, проект дома 292,09 м², планировка дома, планы этажей, готовый проект дома, оригинальная планировка, кирпич, catalog-plans.ru"
"Проект дома №58-92N площадью 172,07 м² с планировками",https://raw.githubusercontent.com/nemchenik/test/ecae1a10015457ee79f8a377cb28a7df81c945f7/pinterest/generated_batch_57_floor_plans_ocean_static/58-92N.jpg,Планировки домов,,"Проект дома №58-92N: площадь 172,07 м², 2 этажа, габариты 10.3×13.75 м, материал стен — газобетон. На карточке показаны оригинальные планировки этажей. Сохраните планы дома и откройте проект, чтобы узнать подробности и актуальную стоимость.",https://catalog-plans.ru/catalog/58-92N?utm_source=pinterest&utm_medium=organic&utm_campaign=generated_floor_plans_ocean_static_batch_57&utm_content=pin_10843_58-92N_plans&utm_term=proekty-domov-s-planirovkami,,"проект дома 58-92N, проект дома 172,07 м², планировка дома, планы этажей, готовый проект дома, оригинальная планировка, газобетон, catalog-plans.ru"
"Проект дома №59-39 площадью 225,5 м² с планировками",https://raw.githubusercontent.com/nemchenik/test/ecae1a10015457ee79f8a377cb28a7df81c945f7/pinterest/generated_batch_57_floor_plans_ocean_static/59-39.jpg,Планировки домов,,"Проект дома №59-39: площадь 225,5 м², 2 этажа, габариты 11.6×15.64 м, материал стен — газобетон. На карточке показаны оригинальные планировки этажей. Сохраните планы дома и откройте проект, чтобы узнать подробности и актуальную стоимость.",https://catalog-plans.ru/catalog/59-39?utm_source=pinterest&utm_medium=organic&utm_campaign=generated_floor_plans_ocean_static_batch_57&utm_content=pin_10844_59-39_plans&utm_term=proekty-domov-s-planirovkami,,"проект дома 59-39, проект дома 225,5 м², планировка дома, планы этажей, готовый проект дома, оригинальная планировка, газобетон, catalog-plans.ru"
"Проект дома №59-56 площадью 259,7 м² с планировками",https://raw.githubusercontent.com/nemchenik/test/ecae1a10015457ee79f8a377cb28a7df81c945f7/pinterest/generated_batch_57_floor_plans_ocean_static/59-56.jpg,Планировки домов,,"Проект дома №59-56: площадь 259,7 м², 2 этажа, габариты 10.4×17.4 м, материал стен — газобетон. На карточке показаны оригинальные планировки этажей. Сохраните планы дома и откройте проект, чтобы узнать подробности и актуальную стоимость.",https://catalog-plans.ru/catalog/59-56?utm_source=pinterest&utm_medium=organic&utm_campaign=generated_floor_plans_ocean_static_batch_57&utm_content=pin_10845_59-56_plans&utm_term=proekty-domov-s-planirovkami,,"проект дома 59-56, проект дома 259,7 м², планировка дома, планы этажей, готовый проект дома, оригинальная планировка, газобетон, catalog-plans.ru"
"Проект дома №59-92DABAL площадью 211,34 м² с планировками",https://raw.githubusercontent.com/nemchenik/test/ecae1a10015457ee79f8a377cb28a7df81c945f7/pinterest/generated_batch_57_floor_plans_ocean_static/59-92DABAL.jpg,Планировки домов,,"Проект дома №59-92DABAL: площадь 211,34 м², 2 этажа, габариты 12.1×15.05 м, материал стен — газобетон. На карточке показаны оригинальные планировки этажей. Сохраните планы дома и откройте проект, чтобы узнать подробности и актуальную стоимость.",https://catalog-plans.ru/catalog/59-92DABAL?utm_source=pinterest&utm_medium=organic&utm_campaign=generated_floor_plans_ocean_static_batch_57&utm_content=pin_10846_59-92DABAL_plans&utm_term=proekty-domov-s-planirovkami,,"проект дома 59-92DABAL, проект дома 211,34 м², планировка дома, планы этажей, готовый проект дома, оригинальная планировка, газобетон, catalog-plans.ru"
"Проект дома №59-97T площадью 156,94 м² с планировками",https://raw.githubusercontent.com/nemchenik/test/ecae1a10015457ee79f8a377cb28a7df81c945f7/pinterest/generated_batch_57_floor_plans_ocean_static/59-97T.jpg,Планировки домов,,"Проект дома №59-97T: площадь 156,94 м², 2 этажа, габариты 10.4×15 м, материал стен — газобетон. На карточке показаны оригинальные планировки этажей. Сохраните планы дома и откройте проект, чтобы узнать подробности и актуальную стоимость.",https://catalog-plans.ru/catalog/59-97T?utm_source=pinterest&utm_medium=organic&utm_campaign=generated_floor_plans_ocean_static_batch_57&utm_content=pin_10847_59-97T_plans&utm_term=proekty-domov-s-planirovkami,,"проект дома 59-97T, проект дома 156,94 м², планировка дома, планы этажей, готовый проект дома, оригинальная планировка, газобетон, catalog-plans.ru"
"Проект дома №60-56 площадью 146,4 м² с планировками",https://raw.githubusercontent.com/nemchenik/test/ecae1a10015457ee79f8a377cb28a7df81c945f7/pinterest/generated_batch_57_floor_plans_ocean_static/60-56.jpg,Планировки домов,,"Проект дома №60-56: площадь 146,4 м², 2 этажа, габариты 10×11.2 м, материал стен — газобетон. На карточке показаны оригинальные планировки этажей. Сохраните планы дома и откройте проект, чтобы узнать подробности и актуальную стоимость.",https://catalog-plans.ru/catalog/60-56?utm_source=pinterest&utm_medium=organic&utm_campaign=generated_floor_plans_ocean_static_batch_57&utm_content=pin_10848_60-56_plans&utm_term=proekty-domov-s-planirovkami,,"проект дома 60-56, проект дома 146,4 м², планировка дома, планы этажей, готовый проект дома, оригинальная планировка, газобетон, catalog-plans.ru"
"Проект дома №60-61B площадью 164,87 м² с планировками",https://raw.githubusercontent.com/nemchenik/test/ecae1a10015457ee79f8a377cb28a7df81c945f7/pinterest/generated_batch_57_floor_plans_ocean_static/60-61B.jpg,Планировки домов,,"Проект дома №60-61B: площадь 164,87 м², 2 этажа, габариты 11.1×15.21 м, материал стен — кирпич. На карточке показаны оригинальные планировки этажей. Сохраните планы дома и откройте проект, чтобы узнать подробности и актуальную стоимость.",https://catalog-plans.ru/catalog/60-61B?utm_source=pinterest&utm_medium=organic&utm_campaign=generated_floor_plans_ocean_static_batch_57&utm_content=pin_10849_60-61B_plans&utm_term=proekty-domov-s-planirovkami,,"проект дома 60-61B, проект дома 164,87 м², планировка дома, планы этажей, готовый проект дома, оригинальная планировка, кирпич, catalog-plans.ru"
"Проект дома №61-28 площадью 190,67 м² с планировками",https://raw.githubusercontent.com/nemchenik/test/ecae1a10015457ee79f8a377cb28a7df81c945f7/pinterest/generated_batch_57_floor_plans_ocean_static/61-28.jpg,Планировки домов,,"Проект дома №61-28: площадь 190,67 м², 2 этажа, габариты 11.3×12 м, материал стен — газобетон. На карточке показаны оригинальные планировки этажей. Сохраните планы дома и откройте проект, чтобы узнать подробности и актуальную стоимость.",https://catalog-plans.ru/catalog/61-28?utm_source=pinterest&utm_medium=organic&utm_campaign=generated_floor_plans_ocean_static_batch_57&utm_content=pin_10850_61-28_plans&utm_term=proekty-domov-s-planirovkami,,"проект дома 61-28, проект дома 190,67 м², планировка дома, планы этажей, готовый проект дома, оригинальная планировка, газобетон, catalog-plans.ru"
"Проект дома №61-29L площадью 341,1 м² с планировками",https://raw.githubusercontent.com/nemchenik/test/ecae1a10015457ee79f8a377cb28a7df81c945f7/pinterest/generated_batch_57_floor_plans_ocean_static/61-29L.jpg,Планировки домов,,"Проект дома №61-29L: площадь 341,1 м², 3 этажа, габариты 14.85×19.23 м, материал стен — газобетон. На карточке показаны оригинальные планировки этажей. Сохраните планы дома и откройте проект, чтобы узнать подробности и актуальную стоимость.",https://catalog-plans.ru/catalog/61-29L?utm_source=pinterest&utm_medium=organic&utm_campaign=generated_floor_plans_ocean_static_batch_57&utm_content=pin_10851_61-29L_plans&utm_term=proekty-domov-s-planirovkami,,"проект дома 61-29L, проект дома 341,1 м², планировка дома, планы этажей, готовый проект дома, оригинальная планировка, газобетон, catalog-plans.ru"
"Проект дома №62-05E площадью 130,41 м² с планировками",https://raw.githubusercontent.com/nemchenik/test/ecae1a10015457ee79f8a377cb28a7df81c945f7/pinterest/generated_batch_57_floor_plans_ocean_static/62-05E.jpg,Планировки домов,,"Проект дома №62-05E: площадь 130,41 м², 1 этаж, габариты 14.4×15.35 м, материал стен — газобетон. На карточке показаны оригинальные планировки этажей. Сохраните планы дома и откройте проект, чтобы узнать подробности и актуальную стоимость.",https://catalog-plans.ru/catalog/62-05E?utm_source=pinterest&utm_medium=organic&utm_campaign=generated_floor_plans_ocean_static_batch_57&utm_content=pin_10852_62-05E_plans&utm_term=proekty-domov-s-planirovkami,,"проект дома 62-05E, проект дома 130,41 м², планировка дома, планы этажей, готовый проект дома, оригинальная планировка, газобетон, catalog-plans.ru"
"Проект дома №62-05H площадью 117,56 м² с планировками",https://raw.githubusercontent.com/nemchenik/test/ecae1a10015457ee79f8a377cb28a7df81c945f7/pinterest/generated_batch_57_floor_plans_ocean_static/62-05H.jpg,Планировки домов,,"Проект дома №62-05H: площадь 117,56 м², 1 этаж, габариты 12.65×13.5 м, материал стен — газобетон. На карточке показаны оригинальные планировки этажей. Сохраните планы дома и откройте проект, чтобы узнать подробности и актуальную стоимость.",https://catalog-plans.ru/catalog/62-05H?utm_source=pinterest&utm_medium=organic&utm_campaign=generated_floor_plans_ocean_static_batch_57&utm_content=pin_10853_62-05H_plans&utm_term=proekty-domov-s-planirovkami,,"проект дома 62-05H, проект дома 117,56 м², планировка дома, планы этажей, готовый проект дома, оригинальная планировка, газобетон, catalog-plans.ru"
"Проект дома №62-07ABA площадью 207,95 м² с планировками",https://raw.githubusercontent.com/nemchenik/test/ecae1a10015457ee79f8a377cb28a7df81c945f7/pinterest/generated_batch_57_floor_plans_ocean_static/62-07ABA.jpg,Планировки домов,,"Проект дома №62-07ABA: площадь 207,95 м², 2 этажа, габариты 13×13.95 м, материал стен — газобетон. На карточке показаны оригинальные планировки этажей. Сохраните планы дома и откройте проект, чтобы узнать подробности и актуальную стоимость.",https://catalog-plans.ru/catalog/62-07ABA?utm_source=pinterest&utm_medium=organic&utm_campaign=generated_floor_plans_ocean_static_batch_57&utm_content=pin_10854_62-07ABA_plans&utm_term=proekty-domov-s-planirovkami,,"проект дома 62-07ABA, проект дома 207,95 м², планировка дома, планы этажей, готовый проект дома, оригинальная планировка, газобетон, catalog-plans.ru"
"Проект дома №62-18AX площадью 180,24 м² с планировками",https://raw.githubusercontent.com/nemchenik/test/ecae1a10015457ee79f8a377cb28a7df81c945f7/pinterest/generated_batch_57_floor_plans_ocean_static/62-18AX.jpg,Планировки домов,,"Проект дома №62-18AX: площадь 180,24 м², 2 этажа, габариты 11.95×13.75 м, материал стен — арболитовые блоки 400. На карточке показаны оригинальные планировки этажей. Сохраните планы дома и откройте проект, чтобы узнать подробности и актуальную стоимость.",https://catalog-plans.ru/catalog/62-18AX?utm_source=pinterest&utm_medium=organic&utm_campaign=generated_floor_plans_ocean_static_batch_57&utm_content=pin_10855_62-18AX_plans&utm_term=proekty-domov-s-planirovkami,,"проект дома 62-18AX, проект дома 180,24 м², планировка дома, планы этажей, готовый проект дома, оригинальная планировка, арболитовые блоки 400, catalog-plans.ru"
"Проект дома №62-29 площадью 205,79 м² с планировками",https://raw.githubusercontent.com/nemchenik/test/ecae1a10015457ee79f8a377cb28a7df81c945f7/pinterest/generated_batch_57_floor_plans_ocean_static/62-29.jpg,Планировки домов,,"Проект дома №62-29: площадь 205,79 м², 2 этажа, габариты 14.7×16.6 м, материал стен — газобетон. На карточке показаны оригинальные планировки этажей. Сохраните планы дома и откройте проект, чтобы узнать подробности и актуальную стоимость.",https://catalog-plans.ru/catalog/62-29?utm_source=pinterest&utm_medium=organic&utm_campaign=generated_floor_plans_ocean_static_batch_57&utm_content=pin_10856_62-29_plans&utm_term=proekty-domov-s-planirovkami,,"проект дома 62-29, проект дома 205,79 м², планировка дома, планы этажей, готовый проект дома, оригинальная планировка, газобетон, catalog-plans.ru"
"Проект дома №62-38ADB площадью 306,36 м² с планировками",https://raw.githubusercontent.com/nemchenik/test/ecae1a10015457ee79f8a377cb28a7df81c945f7/pinterest/generated_batch_57_floor_plans_ocean_static/62-38ADB.jpg,Планировки домов,,"Проект дома №62-38ADB: площадь 306,36 м², 2 этажа, габариты 12.8×18.6 м, материал стен — газобетон. На карточке показаны оригинальные планировки этажей. Сохраните планы дома и откройте проект, чтобы узнать подробности и актуальную стоимость.",https://catalog-plans.ru/catalog/62-38ADB?utm_source=pinterest&utm_medium=organic&utm_campaign=generated_floor_plans_ocean_static_batch_57&utm_content=pin_10857_62-38ADB_plans&utm_term=proekty-domov-s-planirovkami,,"проект дома 62-38ADB, проект дома 306,36 м², планировка дома, планы этажей, готовый проект дома, оригинальная планировка, газобетон, catalog-plans.ru"
"Проект дома №62-38Q площадью 306,01 м² с планировками",https://raw.githubusercontent.com/nemchenik/test/ecae1a10015457ee79f8a377cb28a7df81c945f7/pinterest/generated_batch_57_floor_plans_ocean_static/62-38Q.jpg,Планировки домов,,"Проект дома №62-38Q: площадь 306,01 м², 2 этажа, габариты 11.8×17.35 м, материал стен — газобетон. На карточке показаны оригинальные планировки этажей. Сохраните планы дома и откройте проект, чтобы узнать подробности и актуальную стоимость.",https://catalog-plans.ru/catalog/62-38Q?utm_source=pinterest&utm_medium=organic&utm_campaign=generated_floor_plans_ocean_static_batch_57&utm_content=pin_10858_62-38Q_plans&utm_term=proekty-domov-s-planirovkami,,"проект дома 62-38Q, проект дома 306,01 м², планировка дома, планы этажей, готовый проект дома, оригинальная планировка, газобетон, catalog-plans.ru"
"Проект дома №62-38R площадью 253,28 м² с планировками",https://raw.githubusercontent.com/nemchenik/test/ecae1a10015457ee79f8a377cb28a7df81c945f7/pinterest/generated_batch_57_floor_plans_ocean_static/62-38R.jpg,Планировки домов,,"Проект дома №62-38R: площадь 253,28 м², 2 этажа, габариты 12.75×18.6 м, материал стен — газобетон. На карточке показаны оригинальные планировки этажей. Сохраните планы дома и откройте проект, чтобы узнать подробности и актуальную стоимость.",https://catalog-plans.ru/catalog/62-38R?utm_source=pinterest&utm_medium=organic&utm_campaign=generated_floor_plans_ocean_static_batch_57&utm_content=pin_10859_62-38R_plans&utm_term=proekty-domov-s-planirovkami,,"проект дома 62-38R, проект дома 253,28 м², планировка дома, планы этажей, готовый проект дома, оригинальная планировка, газобетон, catalog-plans.ru"
Проект дома №62-41BA площадью 178 м² с планировками,https://raw.githubusercontent.com/nemchenik/test/ecae1a10015457ee79f8a377cb28a7df81c945f7/pinterest/generated_batch_57_floor_plans_ocean_static/62-41BA.jpg,Планировки домов,,"Проект дома №62-41BA: площадь 178 м², 2 этажа, габариты 9.6×14.35 м, материал стен — газобетон. На карточке показаны оригинальные планировки этажей. Сохраните планы дома и откройте проект, чтобы узнать подробности и актуальную стоимость.",https://catalog-plans.ru/catalog/62-41BA?utm_source=pinterest&utm_medium=organic&utm_campaign=generated_floor_plans_ocean_static_batch_57&utm_content=pin_10860_62-41BA_plans&utm_term=proekty-domov-s-planirovkami,,"проект дома 62-41BA, проект дома 178 м², планировка дома, планы этажей, готовый проект дома, оригинальная планировка, газобетон, catalog-plans.ru"
"Проект дома №62-43FKL площадью 144,08 м² с планировками",https://raw.githubusercontent.com/nemchenik/test/ecae1a10015457ee79f8a377cb28a7df81c945f7/pinterest/generated_batch_57_floor_plans_ocean_static/62-43FKL.jpg,Планировки домов,,"Проект дома №62-43FKL: площадь 144,08 м², 1 этаж, габариты 12×15.92 м, материал стен — кирпич. На карточке показаны оригинальные планировки этажей. Сохраните планы дома и откройте проект, чтобы узнать подробности и актуальную стоимость.",https://catalog-plans.ru/catalog/62-43FKL?utm_source=pinterest&utm_medium=organic&utm_campaign=generated_floor_plans_ocean_static_batch_57&utm_content=pin_10861_62-43FKL_plans&utm_term=proekty-domov-s-planirovkami,,"проект дома 62-43FKL, проект дома 144,08 м², планировка дома, планы этажей, готовый проект дома, оригинальная планировка, кирпич, catalog-plans.ru"
"Проект дома №62-63 площадью 154,12 м² с планировками",https://raw.githubusercontent.com/nemchenik/test/ecae1a10015457ee79f8a377cb28a7df81c945f7/pinterest/generated_batch_57_floor_plans_ocean_static/62-63.jpg,Планировки домов,,"Проект дома №62-63: площадь 154,12 м², 2 этажа, габариты 10.4×14.4 м, материал стен — газобетон. На карточке показаны оригинальные планировки этажей. Сохраните планы дома и откройте проект, чтобы узнать подробности и актуальную стоимость.",https://catalog-plans.ru/catalog/62-63?utm_source=pinterest&utm_medium=organic&utm_campaign=generated_floor_plans_ocean_static_batch_57&utm_content=pin_10862_62-63_plans&utm_term=proekty-domov-s-planirovkami,,"проект дома 62-63, проект дома 154,12 м², планировка дома, планы этажей, готовый проект дома, оригинальная планировка, газобетон, catalog-plans.ru"
"Проект дома №62-68MA площадью 247,14 м² с планировками",https://raw.githubusercontent.com/nemchenik/test/ecae1a10015457ee79f8a377cb28a7df81c945f7/pinterest/generated_batch_57_floor_plans_ocean_static/62-68MA.jpg,Планировки домов,,"Проект дома №62-68MA: площадь 247,14 м², 2 этажа, габариты 14×20.8 м, материал стен — монолитный каркас. На карточке показаны оригинальные планировки этажей. Сохраните планы дома и откройте проект, чтобы узнать подробности и актуальную стоимость.",https://catalog-plans.ru/catalog/62-68MA?utm_source=pinterest&utm_medium=organic&utm_campaign=generated_floor_plans_ocean_static_batch_57&utm_content=pin_10863_62-68MA_plans&utm_term=proekty-domov-s-planirovkami,,"проект дома 62-68MA, проект дома 247,14 м², планировка дома, планы этажей, готовый проект дома, оригинальная планировка, монолитный каркас, catalog-plans.ru"
"Проект дома №62-68MAB площадью 211,49 м² с планировками",https://raw.githubusercontent.com/nemchenik/test/ecae1a10015457ee79f8a377cb28a7df81c945f7/pinterest/generated_batch_57_floor_plans_ocean_static/62-68MAB.jpg,Планировки домов,,"Проект дома №62-68MAB: площадь 211,49 м², 2 этажа, габариты 12.9×15.95 м, материал стен — газобетон. На карточке показаны оригинальные планировки этажей. Сохраните планы дома и откройте проект, чтобы узнать подробности и актуальную стоимость.",https://catalog-plans.ru/catalog/62-68MAB?utm_source=pinterest&utm_medium=organic&utm_campaign=generated_floor_plans_ocean_static_batch_57&utm_content=pin_10864_62-68MAB_plans&utm_term=proekty-domov-s-planirovkami,,"проект дома 62-68MAB, проект дома 211,49 м², планировка дома, планы этажей, готовый проект дома, оригинальная планировка, газобетон, catalog-plans.ru"
"Проект дома №62-71BEL площадью 160,28 м² с планировками",https://raw.githubusercontent.com/nemchenik/test/ecae1a10015457ee79f8a377cb28a7df81c945f7/pinterest/generated_batch_57_floor_plans_ocean_static/62-71BEL.jpg,Планировки домов,,"Проект дома №62-71BEL: площадь 160,28 м², 3 этажа, габариты 10.4×10.66 м, материал стен — газобетон. На карточке показаны оригинальные планировки этажей. Сохраните планы дома и откройте проект, чтобы узнать подробности и актуальную стоимость.",https://catalog-plans.ru/catalog/62-71BEL?utm_source=pinterest&utm_medium=organic&utm_campaign=generated_floor_plans_ocean_static_batch_57&utm_content=pin_10865_62-71BEL_plans&utm_term=proekty-domov-s-planirovkami,,"проект дома 62-71BEL, проект дома 160,28 м², планировка дома, планы этажей, готовый проект дома, оригинальная планировка, газобетон, catalog-plans.ru"
"Проект дома №62-71BQAX площадью 226,86 м² с планировками",https://raw.githubusercontent.com/nemchenik/test/ecae1a10015457ee79f8a377cb28a7df81c945f7/pinterest/generated_batch_57_floor_plans_ocean_static/62-71BQAX.jpg,Планировки домов,,"Проект дома №62-71BQAX: площадь 226,86 м², 2 этажа, габариты 12.8×13 м, материал стен — газобетон. На карточке показаны оригинальные планировки этажей. Сохраните планы дома и откройте проект, чтобы узнать подробности и актуальную стоимость.",https://catalog-plans.ru/catalog/62-71BQAX?utm_source=pinterest&utm_medium=organic&utm_campaign=generated_floor_plans_ocean_static_batch_57&utm_content=pin_10866_62-71BQAX_plans&utm_term=proekty-domov-s-planirovkami,,"проект дома 62-71BQAX, проект дома 226,86 м², планировка дома, планы этажей, готовый проект дома, оригинальная планировка, газобетон, catalog-plans.ru"
"Проект дома №62-71BSE площадью 203,9 м² с планировками",https://raw.githubusercontent.com/nemchenik/test/ecae1a10015457ee79f8a377cb28a7df81c945f7/pinterest/generated_batch_57_floor_plans_ocean_static/62-71BSE.jpg,Планировки домов,,"Проект дома №62-71BSE: площадь 203,9 м², 3 этажа, габариты 11.06×12.06 м, материал стен — монолитный каркас. На карточке показаны оригинальные планировки этажей. Сохраните планы дома и откройте проект, чтобы узнать подробности и актуальную стоимость.",https://catalog-plans.ru/catalog/62-71BSE?utm_source=pinterest&utm_medium=organic&utm_campaign=generated_floor_plans_ocean_static_batch_57&utm_content=pin_10867_62-71BSE_plans&utm_term=proekty-domov-s-planirovkami,,"проект дома 62-71BSE, проект дома 203,9 м², планировка дома, планы этажей, готовый проект дома, оригинальная планировка, монолитный каркас, catalog-plans.ru"
"Проект дома №62-71BTA площадью 178,43 м² с планировками",https://raw.githubusercontent.com/nemchenik/test/ecae1a10015457ee79f8a377cb28a7df81c945f7/pinterest/generated_batch_57_floor_plans_ocean_static/62-71BTA.jpg,Планировки домов,,"Проект дома №62-71BTA: площадь 178,43 м², 2 этажа, габариты 11.06×11.06 м, материал стен — газобетон. На карточке показаны оригинальные планировки этажей. Сохраните планы дома и откройте проект, чтобы узнать подробности и актуальную стоимость.",https://catalog-plans.ru/catalog/62-71BTA?utm_source=pinterest&utm_medium=organic&utm_campaign=generated_floor_plans_ocean_static_batch_57&utm_content=pin_10868_62-71BTA_plans&utm_term=proekty-domov-s-planirovkami,,"проект дома 62-71BTA, проект дома 178,43 м², планировка дома, планы этажей, готовый проект дома, оригинальная планировка, газобетон, catalog-plans.ru"
"Проект дома №62-71BUA площадью 193,79 м² с планировками",https://raw.githubusercontent.com/nemchenik/test/ecae1a10015457ee79f8a377cb28a7df81c945f7/pinterest/generated_batch_57_floor_plans_ocean_static/62-71BUA.jpg,Планировки домов,,"Проект дома №62-71BUA: площадь 193,79 м², 3 этажа, габариты 11.16×11.16 м, материал стен — газобетон. На карточке показаны оригинальные планировки этажей. Сохраните планы дома и откройте проект, чтобы узнать подробности и актуальную стоимость.",https://catalog-plans.ru/catalog/62-71BUA?utm_source=pinterest&utm_medium=organic&utm_campaign=generated_floor_plans_ocean_static_batch_57&utm_content=pin_10869_62-71BUA_plans&utm_term=proekty-domov-s-planirovkami,,"проект дома 62-71BUA, проект дома 193,79 м², планировка дома, планы этажей, готовый проект дома, оригинальная планировка, газобетон, catalog-plans.ru"
"Проект дома №63-16XL площадью 145,91 м² с планировками",https://raw.githubusercontent.com/nemchenik/test/ecae1a10015457ee79f8a377cb28a7df81c945f7/pinterest/generated_batch_57_floor_plans_ocean_static/63-16XL.jpg,Планировки домов,,"Проект дома №63-16XL: площадь 145,91 м², 2 этажа, габариты 9×16.41 м, материал стен — кирпич. На карточке показаны оригинальные планировки этажей. Сохраните планы дома и откройте проект, чтобы узнать подробности и актуальную стоимость.",https://catalog-plans.ru/catalog/63-16XL?utm_source=pinterest&utm_medium=organic&utm_campaign=generated_floor_plans_ocean_static_batch_57&utm_content=pin_10870_63-16XL_plans&utm_term=proekty-domov-s-planirovkami,,"проект дома 63-16XL, проект дома 145,91 м², планировка дома, планы этажей, готовый проект дома, оригинальная планировка, кирпич, catalog-plans.ru"
"Проект дома №63-40 площадью 199,33 м² с планировками",https://raw.githubusercontent.com/nemchenik/test/ecae1a10015457ee79f8a377cb28a7df81c945f7/pinterest/generated_batch_57_floor_plans_ocean_static/63-40.jpg,Планировки домов,,"Проект дома №63-40: площадь 199,33 м², 2 этажа, габариты 12.99×16.99 м, материал стен — газобетон. На карточке показаны оригинальные планировки этажей. Сохраните планы дома и откройте проект, чтобы узнать подробности и актуальную стоимость.",https://catalog-plans.ru/catalog/63-40?utm_source=pinterest&utm_medium=organic&utm_campaign=generated_floor_plans_ocean_static_batch_57&utm_content=pin_10871_63-40_plans&utm_term=proekty-domov-s-planirovkami,,"проект дома 63-40, проект дома 199,33 м², планировка дома, планы этажей, готовый проект дома, оригинальная планировка, газобетон, catalog-plans.ru"
"Проект дома №63-41EL площадью 141,07 м² с планировками",https://raw.githubusercontent.com/nemchenik/test/ecae1a10015457ee79f8a377cb28a7df81c945f7/pinterest/generated_batch_57_floor_plans_ocean_static/63-41EL.jpg,Планировки домов,,"Проект дома №63-41EL: площадь 141,07 м², 1 этаж, габариты 13.3×14.26 м, материал стен — газобетон. На карточке показаны оригинальные планировки этажей. Сохраните планы дома и откройте проект, чтобы узнать подробности и актуальную стоимость.",https://catalog-plans.ru/catalog/63-41EL?utm_source=pinterest&utm_medium=organic&utm_campaign=generated_floor_plans_ocean_static_batch_57&utm_content=pin_10872_63-41EL_plans&utm_term=proekty-domov-s-planirovkami,,"проект дома 63-41EL, проект дома 141,07 м², планировка дома, планы этажей, готовый проект дома, оригинальная планировка, газобетон, catalog-plans.ru"
"Проект дома №63-47A площадью 108,28 м² с планировками",https://raw.githubusercontent.com/nemchenik/test/ecae1a10015457ee79f8a377cb28a7df81c945f7/pinterest/generated_batch_57_floor_plans_ocean_static/63-47A.jpg,Планировки домов,,"Проект дома №63-47A: площадь 108,28 м², 2 этажа, габариты 5.4×15 м, материал стен — газобетон. На карточке показаны оригинальные планировки этажей. Сохраните планы дома и откройте проект, чтобы узнать подробности и актуальную стоимость.",https://catalog-plans.ru/catalog/63-47A?utm_source=pinterest&utm_medium=organic&utm_campaign=generated_floor_plans_ocean_static_batch_57&utm_content=pin_10873_63-47A_plans&utm_term=proekty-domov-s-planirovkami,,"проект дома 63-47A, проект дома 108,28 м², планировка дома, планы этажей, готовый проект дома, оригинальная планировка, газобетон, catalog-plans.ru"
"Проект дома №63-61B площадью 124,5 м² с планировками",https://raw.githubusercontent.com/nemchenik/test/ecae1a10015457ee79f8a377cb28a7df81c945f7/pinterest/generated_batch_57_floor_plans_ocean_static/63-61B.jpg,Планировки домов,,"Проект дома №63-61B: площадь 124,5 м², 1 этаж, габариты 11.2×12.6 м, материал стен — газобетон. На карточке показаны оригинальные планировки этажей. Сохраните планы дома и откройте проект, чтобы узнать подробности и актуальную стоимость.",https://catalog-plans.ru/catalog/63-61B?utm_source=pinterest&utm_medium=organic&utm_campaign=generated_floor_plans_ocean_static_batch_57&utm_content=pin_10874_63-61B_plans&utm_term=proekty-domov-s-planirovkami,,"проект дома 63-61B, проект дома 124,5 м², планировка дома, планы этажей, готовый проект дома, оригинальная планировка, газобетон, catalog-plans.ru"
"Проект дома №63-67BL площадью 196,64 м² с планировками",https://raw.githubusercontent.com/nemchenik/test/ecae1a10015457ee79f8a377cb28a7df81c945f7/pinterest/generated_batch_57_floor_plans_ocean_static/63-67BL.jpg,Планировки домов,,"Проект дома №63-67BL: площадь 196,64 м², 2 этажа, габариты 11.67×13.83 м, материал стен — газобетон. На карточке показаны оригинальные планировки этажей. Сохраните планы дома и откройте проект, чтобы узнать подробности и актуальную стоимость.",https://catalog-plans.ru/catalog/63-67BL?utm_source=pinterest&utm_medium=organic&utm_campaign=generated_floor_plans_ocean_static_batch_57&utm_content=pin_10875_63-67BL_plans&utm_term=proekty-domov-s-planirovkami,,"проект дома 63-67BL, проект дома 196,64 м², планировка дома, планы этажей, готовый проект дома, оригинальная планировка, газобетон, catalog-plans.ru"
"Проект дома №63-81 площадью 124,44 м² с планировками",https://raw.githubusercontent.com/nemchenik/test/ecae1a10015457ee79f8a377cb28a7df81c945f7/pinterest/generated_batch_57_floor_plans_ocean_static/63-81.jpg,Планировки домов,,"Проект дома №63-81: площадь 124,44 м², 1 этаж, габариты 10.8×15.54 м, материал стен — газобетон. На карточке показаны оригинальные планировки этажей. Сохраните планы дома и откройте проект, чтобы узнать подробности и актуальную стоимость.",https://catalog-plans.ru/catalog/63-81?utm_source=pinterest&utm_medium=organic&utm_campaign=generated_floor_plans_ocean_static_batch_57&utm_content=pin_10876_63-81_plans&utm_term=proekty-domov-s-planirovkami,,"проект дома 63-81, проект дома 124,44 м², планировка дома, планы этажей, готовый проект дома, оригинальная планировка, газобетон, catalog-plans.ru"
"Проект дома №63-81L площадью 124,44 м² с планировками",https://raw.githubusercontent.com/nemchenik/test/ecae1a10015457ee79f8a377cb28a7df81c945f7/pinterest/generated_batch_57_floor_plans_ocean_static/63-81L.jpg,Планировки домов,,"Проект дома №63-81L: площадь 124,44 м², 1 этаж, габариты 11.1×14.85 м, материал стен — газобетон. На карточке показаны оригинальные планировки этажей. Сохраните планы дома и откройте проект, чтобы узнать подробности и актуальную стоимость.",https://catalog-plans.ru/catalog/63-81L?utm_source=pinterest&utm_medium=organic&utm_campaign=generated_floor_plans_ocean_static_batch_57&utm_content=pin_10877_63-81L_plans&utm_term=proekty-domov-s-planirovkami,,"проект дома 63-81L, проект дома 124,44 м², планировка дома, планы этажей, готовый проект дома, оригинальная планировка, газобетон, catalog-plans.ru"
"Проект дома №64-16A площадью 179,19 м² с планировками",https://raw.githubusercontent.com/nemchenik/test/ecae1a10015457ee79f8a377cb28a7df81c945f7/pinterest/generated_batch_57_floor_plans_ocean_static/64-16A.jpg,Планировки домов,,"Проект дома №64-16A: площадь 179,19 м², 1 этаж, габариты 16×23.25 м, материал стен — газобетон. На карточке показаны оригинальные планировки этажей. Сохраните планы дома и откройте проект, чтобы узнать подробности и актуальную стоимость.",https://catalog-plans.ru/catalog/64-16A?utm_source=pinterest&utm_medium=organic&utm_campaign=generated_floor_plans_ocean_static_batch_57&utm_content=pin_10878_64-16A_plans&utm_term=proekty-domov-s-planirovkami,,"проект дома 64-16A, проект дома 179,19 м², планировка дома, планы этажей, готовый проект дома, оригинальная планировка, газобетон, catalog-plans.ru"
"Проект дома №64-16AF площадью 186,71 м² с планировками",https://raw.githubusercontent.com/nemchenik/test/ecae1a10015457ee79f8a377cb28a7df81c945f7/pinterest/generated_batch_57_floor_plans_ocean_static/64-16AF.jpg,Планировки домов,,"Проект дома №64-16AF: площадь 186,71 м², 1 этаж, габариты 16×19.75 м, материал стен — монолитный каркас. На карточке показаны оригинальные планировки этажей. Сохраните планы дома и откройте проект, чтобы узнать подробности и актуальную стоимость.",https://catalog-plans.ru/catalog/64-16AF?utm_source=pinterest&utm_medium=organic&utm_campaign=generated_floor_plans_ocean_static_batch_57&utm_content=pin_10879_64-16AF_plans&utm_term=proekty-domov-s-planirovkami,,"проект дома 64-16AF, проект дома 186,71 м², планировка дома, планы этажей, готовый проект дома, оригинальная планировка, монолитный каркас, catalog-plans.ru"
"Проект дома №64-44BL площадью 77,11 м² с планировками",https://raw.githubusercontent.com/nemchenik/test/ecae1a10015457ee79f8a377cb28a7df81c945f7/pinterest/generated_batch_57_floor_plans_ocean_static/64-44BL.jpg,Планировки домов,,"Проект дома №64-44BL: площадь 77,11 м², 1 этаж, габариты 9.32×11.87 м, материал стен — газобетон. На карточке показаны оригинальные планировки этажей. Сохраните планы дома и откройте проект, чтобы узнать подробности и актуальную стоимость.",https://catalog-plans.ru/catalog/64-44BL?utm_source=pinterest&utm_medium=organic&utm_campaign=generated_floor_plans_ocean_static_batch_57&utm_content=pin_10880_64-44BL_plans&utm_term=proekty-domov-s-planirovkami,,"проект дома 64-44BL, проект дома 77,11 м², планировка дома, планы этажей, готовый проект дома, оригинальная планировка, газобетон, catalog-plans.ru"
"Проект дома №64-58L площадью 133,99 м² с планировками",https://raw.githubusercontent.com/nemchenik/test/ecae1a10015457ee79f8a377cb28a7df81c945f7/pinterest/generated_batch_57_floor_plans_ocean_static/64-58L.jpg,Планировки домов,,"Проект дома №64-58L: площадь 133,99 м², 2 этажа, габариты 10.3×10.5 м, материал стен — газобетон. На карточке показаны оригинальные планировки этажей. Сохраните планы дома и откройте проект, чтобы узнать подробности и актуальную стоимость.",https://catalog-plans.ru/catalog/64-58L?utm_source=pinterest&utm_medium=organic&utm_campaign=generated_floor_plans_ocean_static_batch_57&utm_content=pin_10881_64-58L_plans&utm_term=proekty-domov-s-planirovkami,,"проект дома 64-58L, проект дома 133,99 м², планировка дома, планы этажей, готовый проект дома, оригинальная планировка, газобетон, catalog-plans.ru"
"Проект дома №65-08K1L площадью 396,7 м² с планировками",https://raw.githubusercontent.com/nemchenik/test/ecae1a10015457ee79f8a377cb28a7df81c945f7/pinterest/generated_batch_57_floor_plans_ocean_static/65-08K1L.jpg,Планировки домов,,"Проект дома №65-08K1L: площадь 396,7 м², 2 этажа, габариты 18.34×23.34 м, материал стен — кирпич. На карточке показаны оригинальные планировки этажей. Сохраните планы дома и откройте проект, чтобы узнать подробности и актуальную стоимость.",https://catalog-plans.ru/catalog/65-08K1L?utm_source=pinterest&utm_medium=organic&utm_campaign=generated_floor_plans_ocean_static_batch_57&utm_content=pin_10882_65-08K1L_plans&utm_term=proekty-domov-s-planirovkami,,"проект дома 65-08K1L, проект дома 396,7 м², планировка дома, планы этажей, готовый проект дома, оригинальная планировка, кирпич, catalog-plans.ru"
"Проект дома №65-12 площадью 92,39 м² с планировками",https://raw.githubusercontent.com/nemchenik/test/ecae1a10015457ee79f8a377cb28a7df81c945f7/pinterest/generated_batch_57_floor_plans_ocean_static/65-12.jpg,Планировки домов,,"Проект дома №65-12: площадь 92,39 м², 1 этаж, габариты 9.4×13.4 м, материал стен — газобетон. На карточке показаны оригинальные планировки этажей. Сохраните планы дома и откройте проект, чтобы узнать подробности и актуальную стоимость.",https://catalog-plans.ru/catalog/65-12?utm_source=pinterest&utm_medium=organic&utm_campaign=generated_floor_plans_ocean_static_batch_57&utm_content=pin_10883_65-12_plans&utm_term=proekty-domov-s-planirovkami,,"проект дома 65-12, проект дома 92,39 м², планировка дома, планы этажей, готовый проект дома, оригинальная планировка, газобетон, catalog-plans.ru"
"Проект дома №65-26L площадью 212,97 м² с планировками",https://raw.githubusercontent.com/nemchenik/test/ecae1a10015457ee79f8a377cb28a7df81c945f7/pinterest/generated_batch_57_floor_plans_ocean_static/65-26L.jpg,Планировки домов,,"Проект дома №65-26L: площадь 212,97 м², 1 этаж, габариты 18.12×19.86 м, материал стен — газобетон. На карточке показаны оригинальные планировки этажей. Сохраните планы дома и откройте проект, чтобы узнать подробности и актуальную стоимость.",https://catalog-plans.ru/catalog/65-26L?utm_source=pinterest&utm_medium=organic&utm_campaign=generated_floor_plans_ocean_static_batch_57&utm_content=pin_10884_65-26L_plans&utm_term=proekty-domov-s-planirovkami,,"проект дома 65-26L, проект дома 212,97 м², планировка дома, планы этажей, готовый проект дома, оригинальная планировка, газобетон, catalog-plans.ru"
"Проект дома №65-41 площадью 190,63 м² с планировками",https://raw.githubusercontent.com/nemchenik/test/ecae1a10015457ee79f8a377cb28a7df81c945f7/pinterest/generated_batch_57_floor_plans_ocean_static/65-41.jpg,Планировки домов,,"Проект дома №65-41: площадь 190,63 м², 2 этажа, габариты 11×14.2 м, материал стен — газобетон. На карточке показаны оригинальные планировки этажей. Сохраните планы дома и откройте проект, чтобы узнать подробности и актуальную стоимость.",https://catalog-plans.ru/catalog/65-41?utm_source=pinterest&utm_medium=organic&utm_campaign=generated_floor_plans_ocean_static_batch_57&utm_content=pin_10885_65-41_plans&utm_term=proekty-domov-s-planirovkami,,"проект дома 65-41, проект дома 190,63 м², планировка дома, планы этажей, готовый проект дома, оригинальная планировка, газобетон, catalog-plans.ru"
"Проект дома №65-52XM площадью 101,99 м² с планировками",https://raw.githubusercontent.com/nemchenik/test/ecae1a10015457ee79f8a377cb28a7df81c945f7/pinterest/generated_batch_57_floor_plans_ocean_static/65-52XM.jpg,Планировки домов,,"Проект дома №65-52XM: площадь 101,99 м², 1 этаж, габариты 12.16×12.66 м, материал стен — монолитный каркас. На карточке показаны оригинальные планировки этажей. Сохраните планы дома и откройте проект, чтобы узнать подробности и актуальную стоимость.",https://catalog-plans.ru/catalog/65-52XM?utm_source=pinterest&utm_medium=organic&utm_campaign=generated_floor_plans_ocean_static_batch_57&utm_content=pin_10886_65-52XM_plans&utm_term=proekty-domov-s-planirovkami,,"проект дома 65-52XM, проект дома 101,99 м², планировка дома, планы этажей, готовый проект дома, оригинальная планировка, монолитный каркас, catalog-plans.ru"
"Проект дома №65-69 площадью 231,84 м² с планировками",https://raw.githubusercontent.com/nemchenik/test/ecae1a10015457ee79f8a377cb28a7df81c945f7/pinterest/generated_batch_57_floor_plans_ocean_static/65-69.jpg,Планировки домов,,"Проект дома №65-69: площадь 231,84 м², 2 этажа, габариты 16.5×16.65 м, материал стен — газобетон. На карточке показаны оригинальные планировки этажей. Сохраните планы дома и откройте проект, чтобы узнать подробности и актуальную стоимость.",https://catalog-plans.ru/catalog/65-69?utm_source=pinterest&utm_medium=organic&utm_campaign=generated_floor_plans_ocean_static_batch_57&utm_content=pin_10887_65-69_plans&utm_term=proekty-domov-s-planirovkami,,"проект дома 65-69, проект дома 231,84 м², планировка дома, планы этажей, готовый проект дома, оригинальная планировка, газобетон, catalog-plans.ru"
"Проект дома №65-99 площадью 117,05 м² с планировками",https://raw.githubusercontent.com/nemchenik/test/ecae1a10015457ee79f8a377cb28a7df81c945f7/pinterest/generated_batch_57_floor_plans_ocean_static/65-99.jpg,Планировки домов,,"Проект дома №65-99: площадь 117,05 м², 1 этаж, габариты 10.04×14.85 м, материал стен — газобетон. На карточке показаны оригинальные планировки этажей. Сохраните планы дома и откройте проект, чтобы узнать подробности и актуальную стоимость.",https://catalog-plans.ru/catalog/65-99?utm_source=pinterest&utm_medium=organic&utm_campaign=generated_floor_plans_ocean_static_batch_57&utm_content=pin_10888_65-99_plans&utm_term=proekty-domov-s-planirovkami,,"проект дома 65-99, проект дома 117,05 м², планировка дома, планы этажей, готовый проект дома, оригинальная планировка, газобетон, catalog-plans.ru"
"Проект дома №67-01 площадью 268,4 м² с планировками",https://raw.githubusercontent.com/nemchenik/test/ecae1a10015457ee79f8a377cb28a7df81c945f7/pinterest/generated_batch_57_floor_plans_ocean_static/67-01.jpg,Планировки домов,,"Проект дома №67-01: площадь 268,4 м², 2 этажа, габариты 16.25×21.03 м, материал стен — монолитный каркас. На карточке показаны оригинальные планировки этажей. Сохраните планы дома и откройте проект, чтобы узнать подробности и актуальную стоимость.",https://catalog-plans.ru/catalog/67-01?utm_source=pinterest&utm_medium=organic&utm_campaign=generated_floor_plans_ocean_static_batch_57&utm_content=pin_10889_67-01_plans&utm_term=proekty-domov-s-planirovkami,,"проект дома 67-01, проект дома 268,4 м², планировка дома, планы этажей, готовый проект дома, оригинальная планировка, монолитный каркас, catalog-plans.ru"
"Проект дома №68-10L площадью 377,48 м² с планировками",https://raw.githubusercontent.com/nemchenik/test/ecae1a10015457ee79f8a377cb28a7df81c945f7/pinterest/generated_batch_57_floor_plans_ocean_static/68-10L.jpg,Планировки домов,,"Проект дома №68-10L: площадь 377,48 м², 3 этажа, габариты 13.12×18.3 м, материал стен — газобетон. На карточке показаны оригинальные планировки этажей. Сохраните планы дома и откройте проект, чтобы узнать подробности и актуальную стоимость.",https://catalog-plans.ru/catalog/68-10L?utm_source=pinterest&utm_medium=organic&utm_campaign=generated_floor_plans_ocean_static_batch_57&utm_content=pin_10890_68-10L_plans&utm_term=proekty-domov-s-planirovkami,,"проект дома 68-10L, проект дома 377,48 м², планировка дома, планы этажей, готовый проект дома, оригинальная планировка, газобетон, catalog-plans.ru"
"Проект дома №68-21 площадью 86,42 м² с планировками",https://raw.githubusercontent.com/nemchenik/test/ecae1a10015457ee79f8a377cb28a7df81c945f7/pinterest/generated_batch_57_floor_plans_ocean_static/68-21.jpg,Планировки домов,,"Проект дома №68-21: площадь 86,42 м², 1 этаж, габариты 9×12 м, материал стен — газобетон. На карточке показаны оригинальные планировки этажей. Сохраните планы дома и откройте проект, чтобы узнать подробности и актуальную стоимость.",https://catalog-plans.ru/catalog/68-21?utm_source=pinterest&utm_medium=organic&utm_campaign=generated_floor_plans_ocean_static_batch_57&utm_content=pin_10891_68-21_plans&utm_term=proekty-domov-s-planirovkami,,"проект дома 68-21, проект дома 86,42 м², планировка дома, планы этажей, готовый проект дома, оригинальная планировка, газобетон, catalog-plans.ru"
"Проект дома №68-41L площадью 163,87 м² с планировками",https://raw.githubusercontent.com/nemchenik/test/ecae1a10015457ee79f8a377cb28a7df81c945f7/pinterest/generated_batch_57_floor_plans_ocean_static/68-41L.jpg,Планировки домов,,"Проект дома №68-41L: площадь 163,87 м², 1 этаж, габариты 16.54×17.94 м, материал стен — газобетон. На карточке показаны оригинальные планировки этажей. Сохраните планы дома и откройте проект, чтобы узнать подробности и актуальную стоимость.",https://catalog-plans.ru/catalog/68-41L?utm_source=pinterest&utm_medium=organic&utm_campaign=generated_floor_plans_ocean_static_batch_57&utm_content=pin_10892_68-41L_plans&utm_term=proekty-domov-s-planirovkami,,"проект дома 68-41L, проект дома 163,87 м², планировка дома, планы этажей, готовый проект дома, оригинальная планировка, газобетон, catalog-plans.ru"
"Проект дома №68-57 площадью 106,25 м² с планировками",https://raw.githubusercontent.com/nemchenik/test/ecae1a10015457ee79f8a377cb28a7df81c945f7/pinterest/generated_batch_57_floor_plans_ocean_static/68-57.jpg,Планировки домов,,"Проект дома №68-57: площадь 106,25 м², 1 этаж, габариты 9.05×15.3 м, материал стен — газобетон. На карточке показаны оригинальные планировки этажей. Сохраните планы дома и откройте проект, чтобы узнать подробности и актуальную стоимость.",https://catalog-plans.ru/catalog/68-57?utm_source=pinterest&utm_medium=organic&utm_campaign=generated_floor_plans_ocean_static_batch_57&utm_content=pin_10893_68-57_plans&utm_term=proekty-domov-s-planirovkami,,"проект дома 68-57, проект дома 106,25 м², планировка дома, планы этажей, готовый проект дома, оригинальная планировка, газобетон, catalog-plans.ru"
"Проект дома №68-70M площадью 483,08 м² с планировками",https://raw.githubusercontent.com/nemchenik/test/ecae1a10015457ee79f8a377cb28a7df81c945f7/pinterest/generated_batch_57_floor_plans_ocean_static/68-70M.jpg,Планировки домов,,"Проект дома №68-70M: площадь 483,08 м², 2 этажа, габариты 13.5×20.2 м, материал стен — монолитный каркас. На карточке показаны оригинальные планировки этажей. Сохраните планы дома и откройте проект, чтобы узнать подробности и актуальную стоимость.",https://catalog-plans.ru/catalog/68-70M?utm_source=pinterest&utm_medium=organic&utm_campaign=generated_floor_plans_ocean_static_batch_57&utm_content=pin_10894_68-70M_plans&utm_term=proekty-domov-s-planirovkami,,"проект дома 68-70M, проект дома 483,08 м², планировка дома, планы этажей, готовый проект дома, оригинальная планировка, монолитный каркас, catalog-plans.ru"
"Проект дома №69-15L площадью 137,51 м² с планировками",https://raw.githubusercontent.com/nemchenik/test/ecae1a10015457ee79f8a377cb28a7df81c945f7/pinterest/generated_batch_57_floor_plans_ocean_static/69-15L.jpg,Планировки домов,,"Проект дома №69-15L: площадь 137,51 м², 2 этажа, габариты 10×10 м, материал стен — газобетон. На карточке показаны оригинальные планировки этажей. Сохраните планы дома и откройте проект, чтобы узнать подробности и актуальную стоимость.",https://catalog-plans.ru/catalog/69-15L?utm_source=pinterest&utm_medium=organic&utm_campaign=generated_floor_plans_ocean_static_batch_57&utm_content=pin_10895_69-15L_plans&utm_term=proekty-domov-s-planirovkami,,"проект дома 69-15L, проект дома 137,51 м², планировка дома, планы этажей, готовый проект дома, оригинальная планировка, газобетон, catalog-plans.ru"
"Проект дома №69-31M площадью 99,32 м² с планировками",https://raw.githubusercontent.com/nemchenik/test/ecae1a10015457ee79f8a377cb28a7df81c945f7/pinterest/generated_batch_57_floor_plans_ocean_static/69-31M.jpg,Планировки домов,,"Проект дома №69-31M: площадь 99,32 м², 1 этаж, габариты 8.8×14.3 м, материал стен — монолитный каркас. На карточке показаны оригинальные планировки этажей. Сохраните планы дома и откройте проект, чтобы узнать подробности и актуальную стоимость.",https://catalog-plans.ru/catalog/69-31M?utm_source=pinterest&utm_medium=organic&utm_campaign=generated_floor_plans_ocean_static_batch_57&utm_content=pin_10896_69-31M_plans&utm_term=proekty-domov-s-planirovkami,,"проект дома 69-31M, проект дома 99,32 м², планировка дома, планы этажей, готовый проект дома, оригинальная планировка, монолитный каркас, catalog-plans.ru"
"Проект дома №71-12 площадью 51,82 м² с планировками",https://raw.githubusercontent.com/nemchenik/test/ecae1a10015457ee79f8a377cb28a7df81c945f7/pinterest/generated_batch_57_floor_plans_ocean_static/71-12.jpg,Планировки домов,,"Проект дома №71-12: площадь 51,82 м², 1 этаж, габариты 8×9 м, материал стен — газобетон. На карточке показаны оригинальные планировки этажей. Сохраните планы дома и откройте проект, чтобы узнать подробности и актуальную стоимость.",https://catalog-plans.ru/catalog/71-12?utm_source=pinterest&utm_medium=organic&utm_campaign=generated_floor_plans_ocean_static_batch_57&utm_content=pin_10897_71-12_plans&utm_term=proekty-domov-s-planirovkami,,"проект дома 71-12, проект дома 51,82 м², планировка дома, планы этажей, готовый проект дома, оригинальная планировка, газобетон, catalog-plans.ru"
"Проект дома №71-27 площадью 56,12 м² с планировками",https://raw.githubusercontent.com/nemchenik/test/ecae1a10015457ee79f8a377cb28a7df81c945f7/pinterest/generated_batch_57_floor_plans_ocean_static/71-27.jpg,Планировки домов,,"Проект дома №71-27: площадь 56,12 м², 1 этаж, габариты 7.53×9.53 м, материал стен — деревянный каркас. На карточке показаны оригинальные планировки этажей. Сохраните планы дома и откройте проект, чтобы узнать подробности и актуальную стоимость.",https://catalog-plans.ru/catalog/71-27?utm_source=pinterest&utm_medium=organic&utm_campaign=generated_floor_plans_ocean_static_batch_57&utm_content=pin_10898_71-27_plans&utm_term=proekty-domov-s-planirovkami,,"проект дома 71-27, проект дома 56,12 м², планировка дома, планы этажей, готовый проект дома, оригинальная планировка, деревянный каркас, catalog-plans.ru"
"Проект дома №71-32 площадью 90,63 м² с планировками",https://raw.githubusercontent.com/nemchenik/test/ecae1a10015457ee79f8a377cb28a7df81c945f7/pinterest/generated_batch_57_floor_plans_ocean_static/71-32.jpg,Планировки домов,,"Проект дома №71-32: площадь 90,63 м², 1 этаж, габариты 9.05×12.35 м, материал стен — деревянный каркас. На карточке показаны оригинальные планировки этажей. Сохраните планы дома и откройте проект, чтобы узнать подробности и актуальную стоимость.",https://catalog-plans.ru/catalog/71-32?utm_source=pinterest&utm_medium=organic&utm_campaign=generated_floor_plans_ocean_static_batch_57&utm_content=pin_10899_71-32_plans&utm_term=proekty-domov-s-planirovkami,,"проект дома 71-32, проект дома 90,63 м², планировка дома, планы этажей, готовый проект дома, оригинальная планировка, деревянный каркас, catalog-plans.ru"
"Проект дома №72-08 площадью 135,15 м² с планировками",https://raw.githubusercontent.com/nemchenik/test/ecae1a10015457ee79f8a377cb28a7df81c945f7/pinterest/generated_batch_57_floor_plans_ocean_static/72-08.jpg,Планировки домов,,"Проект дома №72-08: площадь 135,15 м², 1 этаж, габариты 9×13.5 м, материал стен — газобетон. На карточке показаны оригинальные планировки этажей. Сохраните планы дома и откройте проект, чтобы узнать подробности и актуальную стоимость.",https://catalog-plans.ru/catalog/72-08?utm_source=pinterest&utm_medium=organic&utm_campaign=generated_floor_plans_ocean_static_batch_57&utm_content=pin_10900_72-08_plans&utm_term=proekty-domov-s-planirovkami,,"проект дома 72-08, проект дома 135,15 м², планировка дома, планы этажей, готовый проект дома, оригинальная планировка, газобетон, catalog-plans.ru"
"Проект дома №72-12 площадью 332,5 м² с планировками",https://raw.githubusercontent.com/nemchenik/test/ecae1a10015457ee79f8a377cb28a7df81c945f7/pinterest/generated_batch_57_floor_plans_ocean_static/72-12.jpg,Планировки домов,,"Проект дома №72-12: площадь 332,5 м², 2 этажа, габариты 18.17×24.78 м, материал стен — газобетон. На карточке показаны оригинальные планировки этажей. Сохраните планы дома и откройте проект, чтобы узнать подробности и актуальную стоимость.",https://catalog-plans.ru/catalog/72-12?utm_source=pinterest&utm_medium=organic&utm_campaign=generated_floor_plans_ocean_static_batch_57&utm_content=pin_10901_72-12_plans&utm_term=proekty-domov-s-planirovkami,,"проект дома 72-12, проект дома 332,5 м², планировка дома, планы этажей, готовый проект дома, оригинальная планировка, газобетон, catalog-plans.ru"
"Проект дома №72-16 площадью 160,6 м² с планировками",https://raw.githubusercontent.com/nemchenik/test/ecae1a10015457ee79f8a377cb28a7df81c945f7/pinterest/generated_batch_57_floor_plans_ocean_static/72-16.jpg,Планировки домов,,"Проект дома №72-16: площадь 160,6 м², 2 этажа, габариты 8.9×15.39 м, материал стен — газобетон. На карточке показаны оригинальные планировки этажей. Сохраните планы дома и откройте проект, чтобы узнать подробности и актуальную стоимость.",https://catalog-plans.ru/catalog/72-16?utm_source=pinterest&utm_medium=organic&utm_campaign=generated_floor_plans_ocean_static_batch_57&utm_content=pin_10902_72-16_plans&utm_term=proekty-domov-s-planirovkami,,"проект дома 72-16, проект дома 160,6 м², планировка дома, планы этажей, готовый проект дома, оригинальная планировка, газобетон, catalog-plans.ru"
"Проект дома №72-24 площадью 153,2 м² с планировками",https://raw.githubusercontent.com/nemchenik/test/ecae1a10015457ee79f8a377cb28a7df81c945f7/pinterest/generated_batch_57_floor_plans_ocean_static/72-24.jpg,Планировки домов,,"Проект дома №72-24: площадь 153,2 м², 1 этаж, габариты 9.7×15.76 м, материал стен — газобетон. На карточке показаны оригинальные планировки этажей. Сохраните планы дома и откройте проект, чтобы узнать подробности и актуальную стоимость.",https://catalog-plans.ru/catalog/72-24?utm_source=pinterest&utm_medium=organic&utm_campaign=generated_floor_plans_ocean_static_batch_57&utm_content=pin_10903_72-24_plans&utm_term=proekty-domov-s-planirovkami,,"проект дома 72-24, проект дома 153,2 м², планировка дома, планы этажей, готовый проект дома, оригинальная планировка, газобетон, catalog-plans.ru"
Проект дома №72-26 площадью 95 м² с планировками,https://raw.githubusercontent.com/nemchenik/test/ecae1a10015457ee79f8a377cb28a7df81c945f7/pinterest/generated_batch_57_floor_plans_ocean_static/72-26.jpg,Планировки домов,,"Проект дома №72-26: площадь 95 м², 2 этажа, габариты 8.06×8.4 м, материал стен — газобетон. На карточке показаны оригинальные планировки этажей. Сохраните планы дома и откройте проект, чтобы узнать подробности и актуальную стоимость.",https://catalog-plans.ru/catalog/72-26?utm_source=pinterest&utm_medium=organic&utm_campaign=generated_floor_plans_ocean_static_batch_57&utm_content=pin_10904_72-26_plans&utm_term=proekty-domov-s-planirovkami,,"проект дома 72-26, проект дома 95 м², планировка дома, планы этажей, готовый проект дома, оригинальная планировка, газобетон, catalog-plans.ru"
Проект дома №72-31 площадью 191 м² с планировками,https://raw.githubusercontent.com/nemchenik/test/ecae1a10015457ee79f8a377cb28a7df81c945f7/pinterest/generated_batch_57_floor_plans_ocean_static/72-31.jpg,Планировки домов,,"Проект дома №72-31: площадь 191 м², 2 этажа, габариты 13.97×14.82 м, материал стен — газобетон. На карточке показаны оригинальные планировки этажей. Сохраните планы дома и откройте проект, чтобы узнать подробности и актуальную стоимость.",https://catalog-plans.ru/catalog/72-31?utm_source=pinterest&utm_medium=organic&utm_campaign=generated_floor_plans_ocean_static_batch_57&utm_content=pin_10905_72-31_plans&utm_term=proekty-domov-s-planirovkami,,"проект дома 72-31, проект дома 191 м², планировка дома, планы этажей, готовый проект дома, оригинальная планировка, газобетон, catalog-plans.ru"
"Проект дома №72-33 площадью 507,5 м² с планировками",https://raw.githubusercontent.com/nemchenik/test/ecae1a10015457ee79f8a377cb28a7df81c945f7/pinterest/generated_batch_57_floor_plans_ocean_static/72-33.jpg,Планировки домов,,"Проект дома №72-33: площадь 507,5 м², 2 этажа, габариты 18.82×21.45 м, материал стен — газобетон. На карточке показаны оригинальные планировки этажей. Сохраните планы дома и откройте проект, чтобы узнать подробности и актуальную стоимость.",https://catalog-plans.ru/catalog/72-33?utm_source=pinterest&utm_medium=organic&utm_campaign=generated_floor_plans_ocean_static_batch_57&utm_content=pin_10906_72-33_plans&utm_term=proekty-domov-s-planirovkami,,"проект дома 72-33, проект дома 507,5 м², планировка дома, планы этажей, готовый проект дома, оригинальная планировка, газобетон, catalog-plans.ru"
"Проект дома №72-44 площадью 222,48 м² с планировками",https://raw.githubusercontent.com/nemchenik/test/ecae1a10015457ee79f8a377cb28a7df81c945f7/pinterest/generated_batch_57_floor_plans_ocean_static/72-44.jpg,Планировки домов,,"Проект дома №72-44: площадь 222,48 м², 2 этажа, габариты 13.8×15.05 м, материал стен — газобетон. На карточке показаны оригинальные планировки этажей. Сохраните планы дома и откройте проект, чтобы узнать подробности и актуальную стоимость.",https://catalog-plans.ru/catalog/72-44?utm_source=pinterest&utm_medium=organic&utm_campaign=generated_floor_plans_ocean_static_batch_57&utm_content=pin_10907_72-44_plans&utm_term=proekty-domov-s-planirovkami,,"проект дома 72-44, проект дома 222,48 м², планировка дома, планы этажей, готовый проект дома, оригинальная планировка, газобетон, catalog-plans.ru"
"Проект дома №72-46 площадью 201,8 м² с планировками",https://raw.githubusercontent.com/nemchenik/test/ecae1a10015457ee79f8a377cb28a7df81c945f7/pinterest/generated_batch_57_floor_plans_ocean_static/72-46.jpg,Планировки домов,,"Проект дома №72-46: площадь 201,8 м², 2 этажа, габариты 17.2×18.4 м, материал стен — газобетон. На карточке показаны оригинальные планировки этажей. Сохраните планы дома и откройте проект, чтобы узнать подробности и актуальную стоимость.",https://catalog-plans.ru/catalog/72-46?utm_source=pinterest&utm_medium=organic&utm_campaign=generated_floor_plans_ocean_static_batch_57&utm_content=pin_10908_72-46_plans&utm_term=proekty-domov-s-planirovkami,,"проект дома 72-46, проект дома 201,8 м², планировка дома, планы этажей, готовый проект дома, оригинальная планировка, газобетон, catalog-plans.ru"
Проект дома №75-03 площадью 154 м² с планировками,https://raw.githubusercontent.com/nemchenik/test/ecae1a10015457ee79f8a377cb28a7df81c945f7/pinterest/generated_batch_57_floor_plans_ocean_static/75-03.jpg,Планировки домов,,"Проект дома №75-03: площадь 154 м², 2 этажа, габариты 14.47×22.01 м, материал стен — газобетон. На карточке показаны оригинальные планировки этажей. Сохраните планы дома и откройте проект, чтобы узнать подробности и актуальную стоимость.",https://catalog-plans.ru/catalog/75-03?utm_source=pinterest&utm_medium=organic&utm_campaign=generated_floor_plans_ocean_static_batch_57&utm_content=pin_10909_75-03_plans&utm_term=proekty-domov-s-planirovkami,,"проект дома 75-03, проект дома 154 м², планировка дома, планы этажей, готовый проект дома, оригинальная планировка, газобетон, catalog-plans.ru"
"Проект дома №80-21 площадью 180,24 м² с планировками",https://raw.githubusercontent.com/nemchenik/test/ecae1a10015457ee79f8a377cb28a7df81c945f7/pinterest/generated_batch_57_floor_plans_ocean_static/80-21.jpg,Планировки домов,,"Проект дома №80-21: площадь 180,24 м², 2 этажа, габариты 9.5×12.7 м, материал стен — газобетон. На карточке показаны оригинальные планировки этажей. Сохраните планы дома и откройте проект, чтобы узнать подробности и актуальную стоимость.",https://catalog-plans.ru/catalog/80-21?utm_source=pinterest&utm_medium=organic&utm_campaign=generated_floor_plans_ocean_static_batch_57&utm_content=pin_10910_80-21_plans&utm_term=proekty-domov-s-planirovkami,,"проект дома 80-21, проект дома 180,24 м², планировка дома, планы этажей, готовый проект дома, оригинальная планировка, газобетон, catalog-plans.ru"
"Проект дома №80-23 площадью 169,28 м² с планировками",https://raw.githubusercontent.com/nemchenik/test/ecae1a10015457ee79f8a377cb28a7df81c945f7/pinterest/generated_batch_57_floor_plans_ocean_static/80-23.jpg,Планировки домов,,"Проект дома №80-23: площадь 169,28 м², 2 этажа, габариты 10×12.8 м, материал стен — газобетон. На карточке показаны оригинальные планировки этажей. Сохраните планы дома и откройте проект, чтобы узнать подробности и актуальную стоимость.",https://catalog-plans.ru/catalog/80-23?utm_source=pinterest&utm_medium=organic&utm_campaign=generated_floor_plans_ocean_static_batch_57&utm_content=pin_10911_80-23_plans&utm_term=proekty-domov-s-planirovkami,,"проект дома 80-23, проект дома 169,28 м², планировка дома, планы этажей, готовый проект дома, оригинальная планировка, газобетон, catalog-plans.ru"
