Title,Media URL,Pinterest board,Thumbnail,Description,Link,Publish date,Keywords
"Проект дома №46-06A площадью 388,17 м² с планировками",https://raw.githubusercontent.com/nemchenik/test/0d914bce6920c8382fb3a50f11ae3de3cb6574e0/pinterest/generated_batch_60_floor_plans_tech_static/46-06A.jpg,Готовые проекты домов,,"Проект дома №46-06A: площадь 388,17 м², 2 этажа, габариты 21.67×22.48 м, материал стен — кирпич. На карточке показаны оригинальные планировки этажей. Сохраните планы дома и откройте проект, чтобы узнать подробности и актуальную стоимость.",https://catalog-plans.ru/catalog/46-06A?utm_source=pinterest&utm_medium=organic&utm_campaign=generated_floor_plans_tech_static_batch_60&utm_content=pin_11312_46-06A_plans&utm_term=proekty-domov-s-planirovkami,,"проект дома 46-06A, проект дома 388,17 м², планировка дома, планы этажей, готовый проект дома, оригинальная планировка, кирпич, catalog-plans.ru"
"Проект дома №33-63 площадью 318,8 м² с планировками",https://raw.githubusercontent.com/nemchenik/test/0d914bce6920c8382fb3a50f11ae3de3cb6574e0/pinterest/generated_batch_60_floor_plans_tech_static/33-63.jpg,Готовые проекты домов,,"Проект дома №33-63: площадь 318,8 м², 2 этажа, габариты 15.9×18.3 м, материал стен — кирпич. На карточке показаны оригинальные планировки этажей. Сохраните планы дома и откройте проект, чтобы узнать подробности и актуальную стоимость.",https://catalog-plans.ru/catalog/33-63?utm_source=pinterest&utm_medium=organic&utm_campaign=generated_floor_plans_tech_static_batch_60&utm_content=pin_11313_33-63_plans&utm_term=proekty-domov-s-planirovkami,,"проект дома 33-63, проект дома 318,8 м², планировка дома, планы этажей, готовый проект дома, оригинальная планировка, кирпич, catalog-plans.ru"
"Проект дома №47-39 площадью 283,7 м² с планировками",https://raw.githubusercontent.com/nemchenik/test/0d914bce6920c8382fb3a50f11ae3de3cb6574e0/pinterest/generated_batch_60_floor_plans_tech_static/47-39.jpg,Готовые проекты домов,,"Проект дома №47-39: площадь 283,7 м², 2 этажа, габариты 13.04×17.04 м, материал стен — кирпич. На карточке показаны оригинальные планировки этажей. Сохраните планы дома и откройте проект, чтобы узнать подробности и актуальную стоимость.",https://catalog-plans.ru/catalog/47-39?utm_source=pinterest&utm_medium=organic&utm_campaign=generated_floor_plans_tech_static_batch_60&utm_content=pin_11314_47-39_plans&utm_term=proekty-domov-s-planirovkami,,"проект дома 47-39, проект дома 283,7 м², планировка дома, планы этажей, готовый проект дома, оригинальная планировка, кирпич, catalog-plans.ru"
"Проект дома №57-72 площадью 236,67 м² с планировками",https://raw.githubusercontent.com/nemchenik/test/0d914bce6920c8382fb3a50f11ae3de3cb6574e0/pinterest/generated_batch_60_floor_plans_tech_static/57-72.jpg,Готовые проекты домов,,"Проект дома №57-72: площадь 236,67 м², 2 этажа, габариты 9.86×13.1 м, материал стен — газобетон. На карточке показаны оригинальные планировки этажей. Сохраните планы дома и откройте проект, чтобы узнать подробности и актуальную стоимость.",https://catalog-plans.ru/catalog/57-72?utm_source=pinterest&utm_medium=organic&utm_campaign=generated_floor_plans_tech_static_batch_60&utm_content=pin_11315_57-72_plans&utm_term=proekty-domov-s-planirovkami,,"проект дома 57-72, проект дома 236,67 м², планировка дома, планы этажей, готовый проект дома, оригинальная планировка, газобетон, catalog-plans.ru"
"Проект дома №36-16 площадью 488,1 м² с планировками",https://raw.githubusercontent.com/nemchenik/test/0d914bce6920c8382fb3a50f11ae3de3cb6574e0/pinterest/generated_batch_60_floor_plans_tech_static/36-16.jpg,Готовые проекты домов,,"Проект дома №36-16: площадь 488,1 м², 3 этажа, габариты 12.87×19.47 м, материал стен — кирпич. На карточке показаны оригинальные планировки этажей. Сохраните планы дома и откройте проект, чтобы узнать подробности и актуальную стоимость.",https://catalog-plans.ru/catalog/36-16?utm_source=pinterest&utm_medium=organic&utm_campaign=generated_floor_plans_tech_static_batch_60&utm_content=pin_11316_36-16_plans&utm_term=proekty-domov-s-planirovkami,,"проект дома 36-16, проект дома 488,1 м², планировка дома, планы этажей, готовый проект дома, оригинальная планировка, кирпич, catalog-plans.ru"
"Проект дома №70-87A площадью 183,75 м² с планировками",https://raw.githubusercontent.com/nemchenik/test/0d914bce6920c8382fb3a50f11ae3de3cb6574e0/pinterest/generated_batch_60_floor_plans_tech_static/70-87A.jpg,Готовые проекты домов,,"Проект дома №70-87A: площадь 183,75 м², 2 этажа, габариты 11.08×12.92 м, материал стен — деревянный каркас. На карточке показаны оригинальные планировки этажей. Сохраните планы дома и откройте проект, чтобы узнать подробности и актуальную стоимость.",https://catalog-plans.ru/catalog/70-87A?utm_source=pinterest&utm_medium=organic&utm_campaign=generated_floor_plans_tech_static_batch_60&utm_content=pin_11317_70-87A_plans&utm_term=proekty-domov-s-planirovkami,,"проект дома 70-87A, проект дома 183,75 м², планировка дома, планы этажей, готовый проект дома, оригинальная планировка, деревянный каркас, catalog-plans.ru"
"Проект дома №65-77X площадью 236,47 м² с планировками",https://raw.githubusercontent.com/nemchenik/test/0d914bce6920c8382fb3a50f11ae3de3cb6574e0/pinterest/generated_batch_60_floor_plans_tech_static/65-77X.jpg,Готовые проекты домов,,"Проект дома №65-77X: площадь 236,47 м², 2 этажа, габариты 10.1×16.5 м, материал стен — монолитный каркас. На карточке показаны оригинальные планировки этажей. Сохраните планы дома и откройте проект, чтобы узнать подробности и актуальную стоимость.",https://catalog-plans.ru/catalog/65-77X?utm_source=pinterest&utm_medium=organic&utm_campaign=generated_floor_plans_tech_static_batch_60&utm_content=pin_11318_65-77X_plans&utm_term=proekty-domov-s-planirovkami,,"проект дома 65-77X, проект дома 236,47 м², планировка дома, планы этажей, готовый проект дома, оригинальная планировка, монолитный каркас, catalog-plans.ru"
"Проект дома №59-42 площадью 384,5 м² с планировками",https://raw.githubusercontent.com/nemchenik/test/0d914bce6920c8382fb3a50f11ae3de3cb6574e0/pinterest/generated_batch_60_floor_plans_tech_static/59-42.jpg,Готовые проекты домов,,"Проект дома №59-42: площадь 384,5 м², 2 этажа, габариты 14.35×15.62 м, материал стен — газобетон. На карточке показаны оригинальные планировки этажей. Сохраните планы дома и откройте проект, чтобы узнать подробности и актуальную стоимость.",https://catalog-plans.ru/catalog/59-42?utm_source=pinterest&utm_medium=organic&utm_campaign=generated_floor_plans_tech_static_batch_60&utm_content=pin_11319_59-42_plans&utm_term=proekty-domov-s-planirovkami,,"проект дома 59-42, проект дома 384,5 м², планировка дома, планы этажей, готовый проект дома, оригинальная планировка, газобетон, catalog-plans.ru"
"Проект дома №64-57 площадью 106,2 м² с планировками",https://raw.githubusercontent.com/nemchenik/test/0d914bce6920c8382fb3a50f11ae3de3cb6574e0/pinterest/generated_batch_60_floor_plans_tech_static/64-57.jpg,Готовые проекты домов,,"Проект дома №64-57: площадь 106,2 м², 2 этажа, габариты 7×11 м, материал стен — газобетон. На карточке показаны оригинальные планировки этажей. Сохраните планы дома и откройте проект, чтобы узнать подробности и актуальную стоимость.",https://catalog-plans.ru/catalog/64-57?utm_source=pinterest&utm_medium=organic&utm_campaign=generated_floor_plans_tech_static_batch_60&utm_content=pin_11320_64-57_plans&utm_term=proekty-domov-s-planirovkami,,"проект дома 64-57, проект дома 106,2 м², планировка дома, планы этажей, готовый проект дома, оригинальная планировка, газобетон, catalog-plans.ru"
"Проект дома №71-04 площадью 224,17 м² с планировками",https://raw.githubusercontent.com/nemchenik/test/0d914bce6920c8382fb3a50f11ae3de3cb6574e0/pinterest/generated_batch_60_floor_plans_tech_static/71-04.jpg,Готовые проекты домов,,"Проект дома №71-04: площадь 224,17 м², 2 этажа, габариты 13.18×13.39 м, материал стен — деревянный каркас. На карточке показаны оригинальные планировки этажей. Сохраните планы дома и откройте проект, чтобы узнать подробности и актуальную стоимость.",https://catalog-plans.ru/catalog/71-04?utm_source=pinterest&utm_medium=organic&utm_campaign=generated_floor_plans_tech_static_batch_60&utm_content=pin_11321_71-04_plans&utm_term=proekty-domov-s-planirovkami,,"проект дома 71-04, проект дома 224,17 м², планировка дома, планы этажей, готовый проект дома, оригинальная планировка, деревянный каркас, catalog-plans.ru"
"Проект дома №58-60A площадью 114,42 м² с планировками",https://raw.githubusercontent.com/nemchenik/test/0d914bce6920c8382fb3a50f11ae3de3cb6574e0/pinterest/generated_batch_60_floor_plans_tech_static/58-60A.jpg,Готовые проекты домов,,"Проект дома №58-60A: площадь 114,42 м², 2 этажа, габариты 9×9 м, материал стен — газобетон. На карточке показаны оригинальные планировки этажей. Сохраните планы дома и откройте проект, чтобы узнать подробности и актуальную стоимость.",https://catalog-plans.ru/catalog/58-60A?utm_source=pinterest&utm_medium=organic&utm_campaign=generated_floor_plans_tech_static_batch_60&utm_content=pin_11322_58-60A_plans&utm_term=proekty-domov-s-planirovkami,,"проект дома 58-60A, проект дома 114,42 м², планировка дома, планы этажей, готовый проект дома, оригинальная планировка, газобетон, catalog-plans.ru"
"Проект дома №40-75BGL площадью 154,09 м² с планировками",https://raw.githubusercontent.com/nemchenik/test/0d914bce6920c8382fb3a50f11ae3de3cb6574e0/pinterest/generated_batch_60_floor_plans_tech_static/40-75BGL.jpg,Готовые проекты домов,,"Проект дома №40-75BGL: площадь 154,09 м², 2 этажа, габариты 12.8×13.68 м, материал стен — газобетон. На карточке показаны оригинальные планировки этажей. Сохраните планы дома и откройте проект, чтобы узнать подробности и актуальную стоимость.",https://catalog-plans.ru/catalog/40-75BGL?utm_source=pinterest&utm_medium=organic&utm_campaign=generated_floor_plans_tech_static_batch_60&utm_content=pin_11323_40-75BGL_plans&utm_term=proekty-domov-s-planirovkami,,"проект дома 40-75BGL, проект дома 154,09 м², планировка дома, планы этажей, готовый проект дома, оригинальная планировка, газобетон, catalog-plans.ru"
"Проект дома №58-70N площадью 148,63 м² с планировками",https://raw.githubusercontent.com/nemchenik/test/0d914bce6920c8382fb3a50f11ae3de3cb6574e0/pinterest/generated_batch_60_floor_plans_tech_static/58-70N.jpg,Готовые проекты домов,,"Проект дома №58-70N: площадь 148,63 м², 1 этаж, габариты 11.8×18.2 м, материал стен — керамзитобетон. На карточке показаны оригинальные планировки этажей. Сохраните планы дома и откройте проект, чтобы узнать подробности и актуальную стоимость.",https://catalog-plans.ru/catalog/58-70N?utm_source=pinterest&utm_medium=organic&utm_campaign=generated_floor_plans_tech_static_batch_60&utm_content=pin_11324_58-70N_plans&utm_term=proekty-domov-s-planirovkami,,"проект дома 58-70N, проект дома 148,63 м², планировка дома, планы этажей, готовый проект дома, оригинальная планировка, керамзитобетон, catalog-plans.ru"
"Проект дома №32-26 площадью 445,5 м² с планировками",https://raw.githubusercontent.com/nemchenik/test/0d914bce6920c8382fb3a50f11ae3de3cb6574e0/pinterest/generated_batch_60_floor_plans_tech_static/32-26.jpg,Готовые проекты домов,,"Проект дома №32-26: площадь 445,5 м², 2 этажа, габариты 12.6×18 м, материал стен — кирпич. На карточке показаны оригинальные планировки этажей. Сохраните планы дома и откройте проект, чтобы узнать подробности и актуальную стоимость.",https://catalog-plans.ru/catalog/32-26?utm_source=pinterest&utm_medium=organic&utm_campaign=generated_floor_plans_tech_static_batch_60&utm_content=pin_11325_32-26_plans&utm_term=proekty-domov-s-planirovkami,,"проект дома 32-26, проект дома 445,5 м², планировка дома, планы этажей, готовый проект дома, оригинальная планировка, кирпич, catalog-plans.ru"
"Проект дома №51-57WIKING площадью 100,98 м² с планировками",https://raw.githubusercontent.com/nemchenik/test/0d914bce6920c8382fb3a50f11ae3de3cb6574e0/pinterest/generated_batch_60_floor_plans_tech_static/51-57WIKING.jpg,Готовые проекты домов,,"Проект дома №51-57WIKING: площадь 100,98 м², 1 этаж, габариты 10×14 м, материал стен — деревянный каркас. На карточке показаны оригинальные планировки этажей. Сохраните планы дома и откройте проект, чтобы узнать подробности и актуальную стоимость.",https://catalog-plans.ru/catalog/51-57WIKING?utm_source=pinterest&utm_medium=organic&utm_campaign=generated_floor_plans_tech_static_batch_60&utm_content=pin_11326_51-57WIKING_plans&utm_term=proekty-domov-s-planirovkami,,"проект дома 51-57WIKING, проект дома 100,98 м², планировка дома, планы этажей, готовый проект дома, оригинальная планировка, деревянный каркас, catalog-plans.ru"
"Проект дома №60-69 площадью 155,74 м² с планировками",https://raw.githubusercontent.com/nemchenik/test/0d914bce6920c8382fb3a50f11ae3de3cb6574e0/pinterest/generated_batch_60_floor_plans_tech_static/60-69.jpg,Готовые проекты домов,,"Проект дома №60-69: площадь 155,74 м², 2 этажа, габариты 8.3×13.3 м, материал стен — газобетон. На карточке показаны оригинальные планировки этажей. Сохраните планы дома и откройте проект, чтобы узнать подробности и актуальную стоимость.",https://catalog-plans.ru/catalog/60-69?utm_source=pinterest&utm_medium=organic&utm_campaign=generated_floor_plans_tech_static_batch_60&utm_content=pin_11327_60-69_plans&utm_term=proekty-domov-s-planirovkami,,"проект дома 60-69, проект дома 155,74 м², планировка дома, планы этажей, готовый проект дома, оригинальная планировка, газобетон, catalog-plans.ru"
"Проект дома №48-23DG площадью 204,94 м² с планировками",https://raw.githubusercontent.com/nemchenik/test/0d914bce6920c8382fb3a50f11ae3de3cb6574e0/pinterest/generated_batch_60_floor_plans_tech_static/48-23DG.jpg,Готовые проекты домов,,"Проект дома №48-23DG: площадь 204,94 м², 2 этажа, габариты 12.86×13.12 м, материал стен — газобетон. На карточке показаны оригинальные планировки этажей. Сохраните планы дома и откройте проект, чтобы узнать подробности и актуальную стоимость.",https://catalog-plans.ru/catalog/48-23DG?utm_source=pinterest&utm_medium=organic&utm_campaign=generated_floor_plans_tech_static_batch_60&utm_content=pin_11328_48-23DG_plans&utm_term=proekty-domov-s-planirovkami,,"проект дома 48-23DG, проект дома 204,94 м², планировка дома, планы этажей, готовый проект дома, оригинальная планировка, газобетон, catalog-plans.ru"
"Проект дома №62-64 площадью 134,51 м² с планировками",https://raw.githubusercontent.com/nemchenik/test/0d914bce6920c8382fb3a50f11ae3de3cb6574e0/pinterest/generated_batch_60_floor_plans_tech_static/62-64.jpg,Готовые проекты домов,,"Проект дома №62-64: площадь 134,51 м², 1 этаж, габариты 17.2×18.2 м, материал стен — газобетон. На карточке показаны оригинальные планировки этажей. Сохраните планы дома и откройте проект, чтобы узнать подробности и актуальную стоимость.",https://catalog-plans.ru/catalog/62-64?utm_source=pinterest&utm_medium=organic&utm_campaign=generated_floor_plans_tech_static_batch_60&utm_content=pin_11329_62-64_plans&utm_term=proekty-domov-s-planirovkami,,"проект дома 62-64, проект дома 134,51 м², планировка дома, планы этажей, готовый проект дома, оригинальная планировка, газобетон, catalog-plans.ru"
"Проект дома №57-52A площадью 179,05 м² с планировками",https://raw.githubusercontent.com/nemchenik/test/0d914bce6920c8382fb3a50f11ae3de3cb6574e0/pinterest/generated_batch_60_floor_plans_tech_static/57-52A.jpg,Готовые проекты домов,,"Проект дома №57-52A: площадь 179,05 м², 2 этажа, габариты 11.9×15.2 м, материал стен — газобетон. На карточке показаны оригинальные планировки этажей. Сохраните планы дома и откройте проект, чтобы узнать подробности и актуальную стоимость.",https://catalog-plans.ru/catalog/57-52A?utm_source=pinterest&utm_medium=organic&utm_campaign=generated_floor_plans_tech_static_batch_60&utm_content=pin_11330_57-52A_plans&utm_term=proekty-domov-s-planirovkami,,"проект дома 57-52A, проект дома 179,05 м², планировка дома, планы этажей, готовый проект дома, оригинальная планировка, газобетон, catalog-plans.ru"
"Проект дома №49-37 площадью 205,5 м² с планировками",https://raw.githubusercontent.com/nemchenik/test/0d914bce6920c8382fb3a50f11ae3de3cb6574e0/pinterest/generated_batch_60_floor_plans_tech_static/49-37.jpg,Готовые проекты домов,,"Проект дома №49-37: площадь 205,5 м², 2 этажа, габариты 14.7×16.2 м, материал стен — газобетон. На карточке показаны оригинальные планировки этажей. Сохраните планы дома и откройте проект, чтобы узнать подробности и актуальную стоимость.",https://catalog-plans.ru/catalog/49-37?utm_source=pinterest&utm_medium=organic&utm_campaign=generated_floor_plans_tech_static_batch_60&utm_content=pin_11331_49-37_plans&utm_term=proekty-domov-s-planirovkami,,"проект дома 49-37, проект дома 205,5 м², планировка дома, планы этажей, готовый проект дома, оригинальная планировка, газобетон, catalog-plans.ru"
"Проект дома №58-19 площадью 198,07 м² с планировками",https://raw.githubusercontent.com/nemchenik/test/0d914bce6920c8382fb3a50f11ae3de3cb6574e0/pinterest/generated_batch_60_floor_plans_tech_static/58-19.jpg,Готовые проекты домов,,"Проект дома №58-19: площадь 198,07 м², 2 этажа, габариты 11.7×13.8 м, материал стен — газобетон. На карточке показаны оригинальные планировки этажей. Сохраните планы дома и откройте проект, чтобы узнать подробности и актуальную стоимость.",https://catalog-plans.ru/catalog/58-19?utm_source=pinterest&utm_medium=organic&utm_campaign=generated_floor_plans_tech_static_batch_60&utm_content=pin_11332_58-19_plans&utm_term=proekty-domov-s-planirovkami,,"проект дома 58-19, проект дома 198,07 м², планировка дома, планы этажей, готовый проект дома, оригинальная планировка, газобетон, catalog-plans.ru"
"Проект дома №50-17 площадью 418,9 м² с планировками",https://raw.githubusercontent.com/nemchenik/test/0d914bce6920c8382fb3a50f11ae3de3cb6574e0/pinterest/generated_batch_60_floor_plans_tech_static/50-17.jpg,Готовые проекты домов,,"Проект дома №50-17: площадь 418,9 м², 2 этажа, габариты 16.4×17.9 м, материал стен — газобетон. На карточке показаны оригинальные планировки этажей. Сохраните планы дома и откройте проект, чтобы узнать подробности и актуальную стоимость.",https://catalog-plans.ru/catalog/50-17?utm_source=pinterest&utm_medium=organic&utm_campaign=generated_floor_plans_tech_static_batch_60&utm_content=pin_11333_50-17_plans&utm_term=proekty-domov-s-planirovkami,,"проект дома 50-17, проект дома 418,9 м², планировка дома, планы этажей, готовый проект дома, оригинальная планировка, газобетон, catalog-plans.ru"
"Проект дома №72-42 площадью 203,44 м² с планировками",https://raw.githubusercontent.com/nemchenik/test/0d914bce6920c8382fb3a50f11ae3de3cb6574e0/pinterest/generated_batch_60_floor_plans_tech_static/72-42.jpg,Готовые проекты домов,,"Проект дома №72-42: площадь 203,44 м², 2 этажа, габариты 11.74×15.66 м, материал стен — газобетон. На карточке показаны оригинальные планировки этажей. Сохраните планы дома и откройте проект, чтобы узнать подробности и актуальную стоимость.",https://catalog-plans.ru/catalog/72-42?utm_source=pinterest&utm_medium=organic&utm_campaign=generated_floor_plans_tech_static_batch_60&utm_content=pin_11334_72-42_plans&utm_term=proekty-domov-s-planirovkami,,"проект дома 72-42, проект дома 203,44 м², планировка дома, планы этажей, готовый проект дома, оригинальная планировка, газобетон, catalog-plans.ru"
"Проект дома №60-24 площадью 179,7 м² с планировками",https://raw.githubusercontent.com/nemchenik/test/0d914bce6920c8382fb3a50f11ae3de3cb6574e0/pinterest/generated_batch_60_floor_plans_tech_static/60-24.jpg,Готовые проекты домов,,"Проект дома №60-24: площадь 179,7 м², 2 этажа, габариты 10.5×14.3 м, материал стен — газобетон. На карточке показаны оригинальные планировки этажей. Сохраните планы дома и откройте проект, чтобы узнать подробности и актуальную стоимость.",https://catalog-plans.ru/catalog/60-24?utm_source=pinterest&utm_medium=organic&utm_campaign=generated_floor_plans_tech_static_batch_60&utm_content=pin_11335_60-24_plans&utm_term=proekty-domov-s-planirovkami,,"проект дома 60-24, проект дома 179,7 м², планировка дома, планы этажей, готовый проект дома, оригинальная планировка, газобетон, catalog-plans.ru"
"Проект дома №48-56K2 площадью 169,69 м² с планировками",https://raw.githubusercontent.com/nemchenik/test/0d914bce6920c8382fb3a50f11ae3de3cb6574e0/pinterest/generated_batch_60_floor_plans_tech_static/48-56K2.jpg,Готовые проекты домов,,"Проект дома №48-56K2: площадь 169,69 м², 1 этаж, габариты 12.96×16.46 м, материал стен — кирпич. На карточке показаны оригинальные планировки этажей. Сохраните планы дома и откройте проект, чтобы узнать подробности и актуальную стоимость.",https://catalog-plans.ru/catalog/48-56K2?utm_source=pinterest&utm_medium=organic&utm_campaign=generated_floor_plans_tech_static_batch_60&utm_content=pin_11336_48-56K2_plans&utm_term=proekty-domov-s-planirovkami,,"проект дома 48-56K2, проект дома 169,69 м², планировка дома, планы этажей, готовый проект дома, оригинальная планировка, кирпич, catalog-plans.ru"
"Проект дома №63-43B площадью 194,14 м² с планировками",https://raw.githubusercontent.com/nemchenik/test/0d914bce6920c8382fb3a50f11ae3de3cb6574e0/pinterest/generated_batch_60_floor_plans_tech_static/63-43B.jpg,Готовые проекты домов,,"Проект дома №63-43B: площадь 194,14 м², 2 этажа, габариты 8.46×18.38 м, материал стен — монолитный каркас. На карточке показаны оригинальные планировки этажей. Сохраните планы дома и откройте проект, чтобы узнать подробности и актуальную стоимость.",https://catalog-plans.ru/catalog/63-43B?utm_source=pinterest&utm_medium=organic&utm_campaign=generated_floor_plans_tech_static_batch_60&utm_content=pin_11337_63-43B_plans&utm_term=proekty-domov-s-planirovkami,,"проект дома 63-43B, проект дома 194,14 м², планировка дома, планы этажей, готовый проект дома, оригинальная планировка, монолитный каркас, catalog-plans.ru"
"Проект дома №90-94BDA площадью 106,93 м² с планировками",https://raw.githubusercontent.com/nemchenik/test/0d914bce6920c8382fb3a50f11ae3de3cb6574e0/pinterest/generated_batch_60_floor_plans_tech_static/90-94BDA.jpg,Готовые проекты домов,,"Проект дома №90-94BDA: площадь 106,93 м², 2 этажа, габариты 8.175×11.775 м, материал стен — газобетон. На карточке показаны оригинальные планировки этажей. Сохраните планы дома и откройте проект, чтобы узнать подробности и актуальную стоимость.",https://catalog-plans.ru/catalog/90-94BDA?utm_source=pinterest&utm_medium=organic&utm_campaign=generated_floor_plans_tech_static_batch_60&utm_content=pin_11338_90-94BDA_plans&utm_term=proekty-domov-s-planirovkami,,"проект дома 90-94BDA, проект дома 106,93 м², планировка дома, планы этажей, готовый проект дома, оригинальная планировка, газобетон, catalog-plans.ru"
"Проект дома №72-15 площадью 150,2 м² с планировками",https://raw.githubusercontent.com/nemchenik/test/0d914bce6920c8382fb3a50f11ae3de3cb6574e0/pinterest/generated_batch_60_floor_plans_tech_static/72-15.jpg,Готовые проекты домов,,"Проект дома №72-15: площадь 150,2 м², 2 этажа, габариты 8.9×12.09 м, материал стен — газобетон. На карточке показаны оригинальные планировки этажей. Сохраните планы дома и откройте проект, чтобы узнать подробности и актуальную стоимость.",https://catalog-plans.ru/catalog/72-15?utm_source=pinterest&utm_medium=organic&utm_campaign=generated_floor_plans_tech_static_batch_60&utm_content=pin_11339_72-15_plans&utm_term=proekty-domov-s-planirovkami,,"проект дома 72-15, проект дома 150,2 м², планировка дома, планы этажей, готовый проект дома, оригинальная планировка, газобетон, catalog-plans.ru"
"Проект дома №58-74BL площадью 391,6 м² с планировками",https://raw.githubusercontent.com/nemchenik/test/0d914bce6920c8382fb3a50f11ae3de3cb6574e0/pinterest/generated_batch_60_floor_plans_tech_static/58-74BL.jpg,Готовые проекты домов,,"Проект дома №58-74BL: площадь 391,6 м², 2 этажа, габариты 17×27.1 м, материал стен — газобетон. На карточке показаны оригинальные планировки этажей. Сохраните планы дома и откройте проект, чтобы узнать подробности и актуальную стоимость.",https://catalog-plans.ru/catalog/58-74BL?utm_source=pinterest&utm_medium=organic&utm_campaign=generated_floor_plans_tech_static_batch_60&utm_content=pin_11340_58-74BL_plans&utm_term=proekty-domov-s-planirovkami,,"проект дома 58-74BL, проект дома 391,6 м², планировка дома, планы этажей, готовый проект дома, оригинальная планировка, газобетон, catalog-plans.ru"
"Проект дома №49-33 площадью 275,1 м² с планировками",https://raw.githubusercontent.com/nemchenik/test/0d914bce6920c8382fb3a50f11ae3de3cb6574e0/pinterest/generated_batch_60_floor_plans_tech_static/49-33.jpg,Готовые проекты домов,,"Проект дома №49-33: площадь 275,1 м², 2 этажа, габариты 15×16.2 м, материал стен — газобетон. На карточке показаны оригинальные планировки этажей. Сохраните планы дома и откройте проект, чтобы узнать подробности и актуальную стоимость.",https://catalog-plans.ru/catalog/49-33?utm_source=pinterest&utm_medium=organic&utm_campaign=generated_floor_plans_tech_static_batch_60&utm_content=pin_11341_49-33_plans&utm_term=proekty-domov-s-planirovkami,,"проект дома 49-33, проект дома 275,1 м², планировка дома, планы этажей, готовый проект дома, оригинальная планировка, газобетон, catalog-plans.ru"
"Проект дома №62-90A площадью 234,76 м² с планировками",https://raw.githubusercontent.com/nemchenik/test/0d914bce6920c8382fb3a50f11ae3de3cb6574e0/pinterest/generated_batch_60_floor_plans_tech_static/62-90A.jpg,Готовые проекты домов,,"Проект дома №62-90A: площадь 234,76 м², 3 этажа, габариты 10×12 м, материал стен — монолитный каркас. На карточке показаны оригинальные планировки этажей. Сохраните планы дома и откройте проект, чтобы узнать подробности и актуальную стоимость.",https://catalog-plans.ru/catalog/62-90A?utm_source=pinterest&utm_medium=organic&utm_campaign=generated_floor_plans_tech_static_batch_60&utm_content=pin_11342_62-90A_plans&utm_term=proekty-domov-s-planirovkami,,"проект дома 62-90A, проект дома 234,76 м², планировка дома, планы этажей, готовый проект дома, оригинальная планировка, монолитный каркас, catalog-plans.ru"
"Проект дома №62-15EL площадью 289,8 м² с планировками",https://raw.githubusercontent.com/nemchenik/test/0d914bce6920c8382fb3a50f11ae3de3cb6574e0/pinterest/generated_batch_60_floor_plans_tech_static/62-15EL.jpg,Готовые проекты домов,,"Проект дома №62-15EL: площадь 289,8 м², 2 этажа, габариты 13.8×16.08 м, материал стен — газобетон. На карточке показаны оригинальные планировки этажей. Сохраните планы дома и откройте проект, чтобы узнать подробности и актуальную стоимость.",https://catalog-plans.ru/catalog/62-15EL?utm_source=pinterest&utm_medium=organic&utm_campaign=generated_floor_plans_tech_static_batch_60&utm_content=pin_11343_62-15EL_plans&utm_term=proekty-domov-s-planirovkami,,"проект дома 62-15EL, проект дома 289,8 м², планировка дома, планы этажей, готовый проект дома, оригинальная планировка, газобетон, catalog-plans.ru"
"Проект дома №57-15B площадью 365,71 м² с планировками",https://raw.githubusercontent.com/nemchenik/test/0d914bce6920c8382fb3a50f11ae3de3cb6574e0/pinterest/generated_batch_60_floor_plans_tech_static/57-15B.jpg,Готовые проекты домов,,"Проект дома №57-15B: площадь 365,71 м², 3 этажа, габариты 13×18.15 м, материал стен — газобетон. На карточке показаны оригинальные планировки этажей. Сохраните планы дома и откройте проект, чтобы узнать подробности и актуальную стоимость.",https://catalog-plans.ru/catalog/57-15B?utm_source=pinterest&utm_medium=organic&utm_campaign=generated_floor_plans_tech_static_batch_60&utm_content=pin_11344_57-15B_plans&utm_term=proekty-domov-s-planirovkami,,"проект дома 57-15B, проект дома 365,71 м², планировка дома, планы этажей, готовый проект дома, оригинальная планировка, газобетон, catalog-plans.ru"
"Проект дома №58-28BAL площадью 157,29 м² с планировками",https://raw.githubusercontent.com/nemchenik/test/0d914bce6920c8382fb3a50f11ae3de3cb6574e0/pinterest/generated_batch_60_floor_plans_tech_static/58-28BAL.jpg,Готовые проекты домов,,"Проект дома №58-28BAL: площадь 157,29 м², 2 этажа, габариты 10.66×12.16 м, материал стен — газобетон. На карточке показаны оригинальные планировки этажей. Сохраните планы дома и откройте проект, чтобы узнать подробности и актуальную стоимость.",https://catalog-plans.ru/catalog/58-28BAL?utm_source=pinterest&utm_medium=organic&utm_campaign=generated_floor_plans_tech_static_batch_60&utm_content=pin_11345_58-28BAL_plans&utm_term=proekty-domov-s-planirovkami,,"проект дома 58-28BAL, проект дома 157,29 м², планировка дома, планы этажей, готовый проект дома, оригинальная планировка, газобетон, catalog-plans.ru"
"Проект дома №47-29 площадью 211,2 м² с планировками",https://raw.githubusercontent.com/nemchenik/test/0d914bce6920c8382fb3a50f11ae3de3cb6574e0/pinterest/generated_batch_60_floor_plans_tech_static/47-29.jpg,Готовые проекты домов,,"Проект дома №47-29: площадь 211,2 м², 2 этажа, габариты 12.47×19 м, материал стен — кирпич. На карточке показаны оригинальные планировки этажей. Сохраните планы дома и откройте проект, чтобы узнать подробности и актуальную стоимость.",https://catalog-plans.ru/catalog/47-29?utm_source=pinterest&utm_medium=organic&utm_campaign=generated_floor_plans_tech_static_batch_60&utm_content=pin_11346_47-29_plans&utm_term=proekty-domov-s-planirovkami,,"проект дома 47-29, проект дома 211,2 м², планировка дома, планы этажей, готовый проект дома, оригинальная планировка, кирпич, catalog-plans.ru"
"Проект дома №57-38K площадью 157,06 м² с планировками",https://raw.githubusercontent.com/nemchenik/test/0d914bce6920c8382fb3a50f11ae3de3cb6574e0/pinterest/generated_batch_60_floor_plans_tech_static/57-38K.jpg,Готовые проекты домов,,"Проект дома №57-38K: площадь 157,06 м², 2 этажа, габариты 9.6×12.4 м, материал стен — кирпич. На карточке показаны оригинальные планировки этажей. Сохраните планы дома и откройте проект, чтобы узнать подробности и актуальную стоимость.",https://catalog-plans.ru/catalog/57-38K?utm_source=pinterest&utm_medium=organic&utm_campaign=generated_floor_plans_tech_static_batch_60&utm_content=pin_11347_57-38K_plans&utm_term=proekty-domov-s-planirovkami,,"проект дома 57-38K, проект дома 157,06 м², планировка дома, планы этажей, готовый проект дома, оригинальная планировка, кирпич, catalog-plans.ru"
"Проект дома №40-54 площадью 181,32 м² с планировками",https://raw.githubusercontent.com/nemchenik/test/0d914bce6920c8382fb3a50f11ae3de3cb6574e0/pinterest/generated_batch_60_floor_plans_tech_static/40-54.jpg,Готовые проекты домов,,"Проект дома №40-54: площадь 181,32 м², 2 этажа, габариты 12.21×13.04 м, материал стен — кирпич. На карточке показаны оригинальные планировки этажей. Сохраните планы дома и откройте проект, чтобы узнать подробности и актуальную стоимость.",https://catalog-plans.ru/catalog/40-54?utm_source=pinterest&utm_medium=organic&utm_campaign=generated_floor_plans_tech_static_batch_60&utm_content=pin_11348_40-54_plans&utm_term=proekty-domov-s-planirovkami,,"проект дома 40-54, проект дома 181,32 м², планировка дома, планы этажей, готовый проект дома, оригинальная планировка, кирпич, catalog-plans.ru"
"Проект дома №57-62BBAC площадью 349,74 м² с планировками",https://raw.githubusercontent.com/nemchenik/test/0d914bce6920c8382fb3a50f11ae3de3cb6574e0/pinterest/generated_batch_60_floor_plans_tech_static/57-62BBAC.jpg,Готовые проекты домов,,"Проект дома №57-62BBAC: площадь 349,74 м², 2 этажа, габариты 12.76×16.66 м, материал стен — газобетон. На карточке показаны оригинальные планировки этажей. Сохраните планы дома и откройте проект, чтобы узнать подробности и актуальную стоимость.",https://catalog-plans.ru/catalog/57-62BBAC?utm_source=pinterest&utm_medium=organic&utm_campaign=generated_floor_plans_tech_static_batch_60&utm_content=pin_11349_57-62BBAC_plans&utm_term=proekty-domov-s-planirovkami,,"проект дома 57-62BBAC, проект дома 349,74 м², планировка дома, планы этажей, готовый проект дома, оригинальная планировка, газобетон, catalog-plans.ru"
Проект дома №62-15B площадью 271 м² с планировками,https://raw.githubusercontent.com/nemchenik/test/0d914bce6920c8382fb3a50f11ae3de3cb6574e0/pinterest/generated_batch_60_floor_plans_tech_static/62-15B.jpg,Готовые проекты домов,,"Проект дома №62-15B: площадь 271 м², 2 этажа, габариты 14.62×15.84 м, материал стен — газобетон. На карточке показаны оригинальные планировки этажей. Сохраните планы дома и откройте проект, чтобы узнать подробности и актуальную стоимость.",https://catalog-plans.ru/catalog/62-15B?utm_source=pinterest&utm_medium=organic&utm_campaign=generated_floor_plans_tech_static_batch_60&utm_content=pin_11350_62-15B_plans&utm_term=proekty-domov-s-planirovkami,,"проект дома 62-15B, проект дома 271 м², планировка дома, планы этажей, готовый проект дома, оригинальная планировка, газобетон, catalog-plans.ru"
"Проект дома №60-83 площадью 183,65 м² с планировками",https://raw.githubusercontent.com/nemchenik/test/0d914bce6920c8382fb3a50f11ae3de3cb6574e0/pinterest/generated_batch_60_floor_plans_tech_static/60-83.jpg,Готовые проекты домов,,"Проект дома №60-83: площадь 183,65 м², 2 этажа, габариты 11×13.55 м, материал стен — газобетон. На карточке показаны оригинальные планировки этажей. Сохраните планы дома и откройте проект, чтобы узнать подробности и актуальную стоимость.",https://catalog-plans.ru/catalog/60-83?utm_source=pinterest&utm_medium=organic&utm_campaign=generated_floor_plans_tech_static_batch_60&utm_content=pin_11351_60-83_plans&utm_term=proekty-domov-s-planirovkami,,"проект дома 60-83, проект дома 183,65 м², планировка дома, планы этажей, готовый проект дома, оригинальная планировка, газобетон, catalog-plans.ru"
"Проект дома №47-42 площадью 161,7 м² с планировками",https://raw.githubusercontent.com/nemchenik/test/0d914bce6920c8382fb3a50f11ae3de3cb6574e0/pinterest/generated_batch_60_floor_plans_tech_static/47-42.jpg,Готовые проекты домов,,"Проект дома №47-42: площадь 161,7 м², 2 этажа, габариты 8.44×14.84 м, материал стен — кирпич. На карточке показаны оригинальные планировки этажей. Сохраните планы дома и откройте проект, чтобы узнать подробности и актуальную стоимость.",https://catalog-plans.ru/catalog/47-42?utm_source=pinterest&utm_medium=organic&utm_campaign=generated_floor_plans_tech_static_batch_60&utm_content=pin_11352_47-42_plans&utm_term=proekty-domov-s-planirovkami,,"проект дома 47-42, проект дома 161,7 м², планировка дома, планы этажей, готовый проект дома, оригинальная планировка, кирпич, catalog-plans.ru"
"Проект дома №57-20AK площадью 197,81 м² с планировками",https://raw.githubusercontent.com/nemchenik/test/0d914bce6920c8382fb3a50f11ae3de3cb6574e0/pinterest/generated_batch_60_floor_plans_tech_static/57-20AK.jpg,Готовые проекты домов,,"Проект дома №57-20AK: площадь 197,81 м², 2 этажа, габариты 11.76×13.48 м, материал стен — кирпич. На карточке показаны оригинальные планировки этажей. Сохраните планы дома и откройте проект, чтобы узнать подробности и актуальную стоимость.",https://catalog-plans.ru/catalog/57-20AK?utm_source=pinterest&utm_medium=organic&utm_campaign=generated_floor_plans_tech_static_batch_60&utm_content=pin_11353_57-20AK_plans&utm_term=proekty-domov-s-planirovkami,,"проект дома 57-20AK, проект дома 197,81 м², планировка дома, планы этажей, готовый проект дома, оригинальная планировка, кирпич, catalog-plans.ru"
"Проект дома №58-87DL площадью 264,72 м² с планировками",https://raw.githubusercontent.com/nemchenik/test/0d914bce6920c8382fb3a50f11ae3de3cb6574e0/pinterest/generated_batch_60_floor_plans_tech_static/58-87DL.jpg,Готовые проекты домов,,"Проект дома №58-87DL: площадь 264,72 м², 2 этажа, габариты 16.7×17.6 м, материал стен — газобетон. На карточке показаны оригинальные планировки этажей. Сохраните планы дома и откройте проект, чтобы узнать подробности и актуальную стоимость.",https://catalog-plans.ru/catalog/58-87DL?utm_source=pinterest&utm_medium=organic&utm_campaign=generated_floor_plans_tech_static_batch_60&utm_content=pin_11354_58-87DL_plans&utm_term=proekty-domov-s-planirovkami,,"проект дома 58-87DL, проект дома 264,72 м², планировка дома, планы этажей, готовый проект дома, оригинальная планировка, газобетон, catalog-plans.ru"
"Проект дома №57-11K площадью 170,6 м² с планировками",https://raw.githubusercontent.com/nemchenik/test/0d914bce6920c8382fb3a50f11ae3de3cb6574e0/pinterest/generated_batch_60_floor_plans_tech_static/57-11K.jpg,Готовые проекты домов,,"Проект дома №57-11K: площадь 170,6 м², 2 этажа, габариты 11.3×14.75 м, материал стен — кирпич. На карточке показаны оригинальные планировки этажей. Сохраните планы дома и откройте проект, чтобы узнать подробности и актуальную стоимость.",https://catalog-plans.ru/catalog/57-11K?utm_source=pinterest&utm_medium=organic&utm_campaign=generated_floor_plans_tech_static_batch_60&utm_content=pin_11355_57-11K_plans&utm_term=proekty-domov-s-planirovkami,,"проект дома 57-11K, проект дома 170,6 м², планировка дома, планы этажей, готовый проект дома, оригинальная планировка, кирпич, catalog-plans.ru"
"Проект дома №40-61EGL площадью 274,39 м² с планировками",https://raw.githubusercontent.com/nemchenik/test/0d914bce6920c8382fb3a50f11ae3de3cb6574e0/pinterest/generated_batch_60_floor_plans_tech_static/40-61EGL.jpg,Готовые проекты домов,,"Проект дома №40-61EGL: площадь 274,39 м², 2 этажа, габариты 13.12×22.58 м, материал стен — газобетон. На карточке показаны оригинальные планировки этажей. Сохраните планы дома и откройте проект, чтобы узнать подробности и актуальную стоимость.",https://catalog-plans.ru/catalog/40-61EGL?utm_source=pinterest&utm_medium=organic&utm_campaign=generated_floor_plans_tech_static_batch_60&utm_content=pin_11356_40-61EGL_plans&utm_term=proekty-domov-s-planirovkami,,"проект дома 40-61EGL, проект дома 274,39 м², планировка дома, планы этажей, готовый проект дома, оригинальная планировка, газобетон, catalog-plans.ru"
"Проект дома №64-50CL площадью 152,25 м² с планировками",https://raw.githubusercontent.com/nemchenik/test/0d914bce6920c8382fb3a50f11ae3de3cb6574e0/pinterest/generated_batch_60_floor_plans_tech_static/64-50CL.jpg,Готовые проекты домов,,"Проект дома №64-50CL: площадь 152,25 м², 1 этаж, габариты 14×15.7 м, материал стен — газобетон. На карточке показаны оригинальные планировки этажей. Сохраните планы дома и откройте проект, чтобы узнать подробности и актуальную стоимость.",https://catalog-plans.ru/catalog/64-50CL?utm_source=pinterest&utm_medium=organic&utm_campaign=generated_floor_plans_tech_static_batch_60&utm_content=pin_11357_64-50CL_plans&utm_term=proekty-domov-s-planirovkami,,"проект дома 64-50CL, проект дома 152,25 м², планировка дома, планы этажей, готовый проект дома, оригинальная планировка, газобетон, catalog-plans.ru"
"Проект дома №45-64NTFGL площадью 302,93 м² с планировками",https://raw.githubusercontent.com/nemchenik/test/0d914bce6920c8382fb3a50f11ae3de3cb6574e0/pinterest/generated_batch_60_floor_plans_tech_static/45-64NTFGL.jpg,Готовые проекты домов,,"Проект дома №45-64NTFGL: площадь 302,93 м², 2 этажа, габариты 13.05×19.2 м, материал стен — газобетон. На карточке показаны оригинальные планировки этажей. Сохраните планы дома и откройте проект, чтобы узнать подробности и актуальную стоимость.",https://catalog-plans.ru/catalog/45-64NTFGL?utm_source=pinterest&utm_medium=organic&utm_campaign=generated_floor_plans_tech_static_batch_60&utm_content=pin_11358_45-64NTFGL_plans&utm_term=proekty-domov-s-planirovkami,,"проект дома 45-64NTFGL, проект дома 302,93 м², планировка дома, планы этажей, готовый проект дома, оригинальная планировка, газобетон, catalog-plans.ru"
"Проект дома №57-63FNL площадью 160,41 м² с планировками",https://raw.githubusercontent.com/nemchenik/test/0d914bce6920c8382fb3a50f11ae3de3cb6574e0/pinterest/generated_batch_60_floor_plans_tech_static/57-63FNL.jpg,Готовые проекты домов,,"Проект дома №57-63FNL: площадь 160,41 м², 2 этажа, габариты 10.1×12.7 м, материал стен — газобетон. На карточке показаны оригинальные планировки этажей. Сохраните планы дома и откройте проект, чтобы узнать подробности и актуальную стоимость.",https://catalog-plans.ru/catalog/57-63FNL?utm_source=pinterest&utm_medium=organic&utm_campaign=generated_floor_plans_tech_static_batch_60&utm_content=pin_11359_57-63FNL_plans&utm_term=proekty-domov-s-planirovkami,,"проект дома 57-63FNL, проект дома 160,41 м², планировка дома, планы этажей, готовый проект дома, оригинальная планировка, газобетон, catalog-plans.ru"
"Проект дома №46-74M площадью 101,74 м² с планировками",https://raw.githubusercontent.com/nemchenik/test/0d914bce6920c8382fb3a50f11ae3de3cb6574e0/pinterest/generated_batch_60_floor_plans_tech_static/46-74M.jpg,Готовые проекты домов,,"Проект дома №46-74M: площадь 101,74 м², 1 этаж, габариты 8×15 м, материал стен — монолитный каркас. На карточке показаны оригинальные планировки этажей. Сохраните планы дома и откройте проект, чтобы узнать подробности и актуальную стоимость.",https://catalog-plans.ru/catalog/46-74M?utm_source=pinterest&utm_medium=organic&utm_campaign=generated_floor_plans_tech_static_batch_60&utm_content=pin_11360_46-74M_plans&utm_term=proekty-domov-s-planirovkami,,"проект дома 46-74M, проект дома 101,74 м², планировка дома, планы этажей, готовый проект дома, оригинальная планировка, монолитный каркас, catalog-plans.ru"
"Проект дома №57-26NBL площадью 193,87 м² с планировками",https://raw.githubusercontent.com/nemchenik/test/0d914bce6920c8382fb3a50f11ae3de3cb6574e0/pinterest/generated_batch_60_floor_plans_tech_static/57-26NBL.jpg,Готовые проекты домов,,"Проект дома №57-26NBL: площадь 193,87 м², 2 этажа, габариты 10.4×13.35 м, материал стен — газобетон. На карточке показаны оригинальные планировки этажей. Сохраните планы дома и откройте проект, чтобы узнать подробности и актуальную стоимость.",https://catalog-plans.ru/catalog/57-26NBL?utm_source=pinterest&utm_medium=organic&utm_campaign=generated_floor_plans_tech_static_batch_60&utm_content=pin_11361_57-26NBL_plans&utm_term=proekty-domov-s-planirovkami,,"проект дома 57-26NBL, проект дома 193,87 м², планировка дома, планы этажей, готовый проект дома, оригинальная планировка, газобетон, catalog-plans.ru"
"Проект дома №46-06DBG площадью 383,95 м² с планировками",https://raw.githubusercontent.com/nemchenik/test/0d914bce6920c8382fb3a50f11ae3de3cb6574e0/pinterest/generated_batch_60_floor_plans_tech_static/46-06DBG.jpg,Готовые проекты домов,,"Проект дома №46-06DBG: площадь 383,95 м², 2 этажа, габариты 20.5×21.74 м, материал стен — газобетон. На карточке показаны оригинальные планировки этажей. Сохраните планы дома и откройте проект, чтобы узнать подробности и актуальную стоимость.",https://catalog-plans.ru/catalog/46-06DBG?utm_source=pinterest&utm_medium=organic&utm_campaign=generated_floor_plans_tech_static_batch_60&utm_content=pin_11362_46-06DBG_plans&utm_term=proekty-domov-s-planirovkami,,"проект дома 46-06DBG, проект дома 383,95 м², планировка дома, планы этажей, готовый проект дома, оригинальная планировка, газобетон, catalog-plans.ru"
"Проект дома №40-36ABGL площадью 285,78 м² с планировками",https://raw.githubusercontent.com/nemchenik/test/0d914bce6920c8382fb3a50f11ae3de3cb6574e0/pinterest/generated_batch_60_floor_plans_tech_static/40-36ABGL.jpg,Готовые проекты домов,,"Проект дома №40-36ABGL: площадь 285,78 м², 2 этажа, габариты 19.99×21.12 м, материал стен — газобетон. На карточке показаны оригинальные планировки этажей. Сохраните планы дома и откройте проект, чтобы узнать подробности и актуальную стоимость.",https://catalog-plans.ru/catalog/40-36ABGL?utm_source=pinterest&utm_medium=organic&utm_campaign=generated_floor_plans_tech_static_batch_60&utm_content=pin_11363_40-36ABGL_plans&utm_term=proekty-domov-s-planirovkami,,"проект дома 40-36ABGL, проект дома 285,78 м², планировка дома, планы этажей, готовый проект дома, оригинальная планировка, газобетон, catalog-plans.ru"
"Проект дома №57-00X площадью 209,35 м² с планировками",https://raw.githubusercontent.com/nemchenik/test/0d914bce6920c8382fb3a50f11ae3de3cb6574e0/pinterest/generated_batch_60_floor_plans_tech_static/57-00X.jpg,Готовые проекты домов,,"Проект дома №57-00X: площадь 209,35 м², 3 этажа, габариты 12.5×12.9 м, материал стен — газобетон. На карточке показаны оригинальные планировки этажей. Сохраните планы дома и откройте проект, чтобы узнать подробности и актуальную стоимость.",https://catalog-plans.ru/catalog/57-00X?utm_source=pinterest&utm_medium=organic&utm_campaign=generated_floor_plans_tech_static_batch_60&utm_content=pin_11364_57-00X_plans&utm_term=proekty-domov-s-planirovkami,,"проект дома 57-00X, проект дома 209,35 м², планировка дома, планы этажей, готовый проект дома, оригинальная планировка, газобетон, catalog-plans.ru"
"Проект дома №59-26B площадью 373,48 м² с планировками",https://raw.githubusercontent.com/nemchenik/test/0d914bce6920c8382fb3a50f11ae3de3cb6574e0/pinterest/generated_batch_60_floor_plans_tech_static/59-26B.jpg,Готовые проекты домов,,"Проект дома №59-26B: площадь 373,48 м², 2 этажа, габариты 15.72×26.99 м, материал стен — газобетон. На карточке показаны оригинальные планировки этажей. Сохраните планы дома и откройте проект, чтобы узнать подробности и актуальную стоимость.",https://catalog-plans.ru/catalog/59-26B?utm_source=pinterest&utm_medium=organic&utm_campaign=generated_floor_plans_tech_static_batch_60&utm_content=pin_11365_59-26B_plans&utm_term=proekty-domov-s-planirovkami,,"проект дома 59-26B, проект дома 373,48 м², планировка дома, планы этажей, готовый проект дома, оригинальная планировка, газобетон, catalog-plans.ru"
"Проект дома №46-09DEK2L площадью 168,76 м² с планировками",https://raw.githubusercontent.com/nemchenik/test/0d914bce6920c8382fb3a50f11ae3de3cb6574e0/pinterest/generated_batch_60_floor_plans_tech_static/46-09DEK2L.jpg,Готовые проекты домов,,"Проект дома №46-09DEK2L: площадь 168,76 м², 1 этаж, габариты 15.59×18.55 м, материал стен — кирпич. На карточке показаны оригинальные планировки этажей. Сохраните планы дома и откройте проект, чтобы узнать подробности и актуальную стоимость.",https://catalog-plans.ru/catalog/46-09DEK2L?utm_source=pinterest&utm_medium=organic&utm_campaign=generated_floor_plans_tech_static_batch_60&utm_content=pin_11366_46-09DEK2L_plans&utm_term=proekty-domov-s-planirovkami,,"проект дома 46-09DEK2L, проект дома 168,76 м², планировка дома, планы этажей, готовый проект дома, оригинальная планировка, кирпич, catalog-plans.ru"
"Проект дома №34-55 площадью 294,5 м² с планировками",https://raw.githubusercontent.com/nemchenik/test/0d914bce6920c8382fb3a50f11ae3de3cb6574e0/pinterest/generated_batch_60_floor_plans_tech_static/34-55.jpg,Готовые проекты домов,,"Проект дома №34-55: площадь 294,5 м², 2 этажа, габариты 14.57×18.87 м, материал стен — кирпич. На карточке показаны оригинальные планировки этажей. Сохраните планы дома и откройте проект, чтобы узнать подробности и актуальную стоимость.",https://catalog-plans.ru/catalog/34-55?utm_source=pinterest&utm_medium=organic&utm_campaign=generated_floor_plans_tech_static_batch_60&utm_content=pin_11367_34-55_plans&utm_term=proekty-domov-s-planirovkami,,"проект дома 34-55, проект дома 294,5 м², планировка дома, планы этажей, готовый проект дома, оригинальная планировка, кирпич, catalog-plans.ru"
"Проект дома №64-66A площадью 51,89 м² с планировками",https://raw.githubusercontent.com/nemchenik/test/0d914bce6920c8382fb3a50f11ae3de3cb6574e0/pinterest/generated_batch_60_floor_plans_tech_static/64-66A.jpg,Готовые проекты домов,,"Проект дома №64-66A: площадь 51,89 м², 1 этаж, габариты 6.2×13.3 м, материал стен — газобетон. На карточке показаны оригинальные планировки этажей. Сохраните планы дома и откройте проект, чтобы узнать подробности и актуальную стоимость.",https://catalog-plans.ru/catalog/64-66A?utm_source=pinterest&utm_medium=organic&utm_campaign=generated_floor_plans_tech_static_batch_60&utm_content=pin_11368_64-66A_plans&utm_term=proekty-domov-s-planirovkami,,"проект дома 64-66A, проект дома 51,89 м², планировка дома, планы этажей, готовый проект дома, оригинальная планировка, газобетон, catalog-plans.ru"
"Проект дома №46-68L площадью 428,95 м² с планировками",https://raw.githubusercontent.com/nemchenik/test/0d914bce6920c8382fb3a50f11ae3de3cb6574e0/pinterest/generated_batch_60_floor_plans_tech_static/46-68L.jpg,Готовые проекты домов,,"Проект дома №46-68L: площадь 428,95 м², 2 этажа, габариты 18.94×25.53 м, материал стен — кирпич. На карточке показаны оригинальные планировки этажей. Сохраните планы дома и откройте проект, чтобы узнать подробности и актуальную стоимость.",https://catalog-plans.ru/catalog/46-68L?utm_source=pinterest&utm_medium=organic&utm_campaign=generated_floor_plans_tech_static_batch_60&utm_content=pin_11369_46-68L_plans&utm_term=proekty-domov-s-planirovkami,,"проект дома 46-68L, проект дома 428,95 м², планировка дома, планы этажей, готовый проект дома, оригинальная планировка, кирпич, catalog-plans.ru"
"Проект дома №46-61 площадью 83,97 м² с планировками",https://raw.githubusercontent.com/nemchenik/test/0d914bce6920c8382fb3a50f11ae3de3cb6574e0/pinterest/generated_batch_60_floor_plans_tech_static/46-61.jpg,Готовые проекты домов,,"Проект дома №46-61: площадь 83,97 м², 2 этажа, габариты 8×8 м, материал стен — кирпич. На карточке показаны оригинальные планировки этажей. Сохраните планы дома и откройте проект, чтобы узнать подробности и актуальную стоимость.",https://catalog-plans.ru/catalog/46-61?utm_source=pinterest&utm_medium=organic&utm_campaign=generated_floor_plans_tech_static_batch_60&utm_content=pin_11370_46-61_plans&utm_term=proekty-domov-s-planirovkami,,"проект дома 46-61, проект дома 83,97 м², планировка дома, планы этажей, готовый проект дома, оригинальная планировка, кирпич, catalog-plans.ru"
"Проект дома №47-59 площадью 217,3 м² с планировками",https://raw.githubusercontent.com/nemchenik/test/0d914bce6920c8382fb3a50f11ae3de3cb6574e0/pinterest/generated_batch_60_floor_plans_tech_static/47-59.jpg,Готовые проекты домов,,"Проект дома №47-59: площадь 217,3 м², 2 этажа, габариты 13.1×15.8 м, материал стен — кирпич. На карточке показаны оригинальные планировки этажей. Сохраните планы дома и откройте проект, чтобы узнать подробности и актуальную стоимость.",https://catalog-plans.ru/catalog/47-59?utm_source=pinterest&utm_medium=organic&utm_campaign=generated_floor_plans_tech_static_batch_60&utm_content=pin_11371_47-59_plans&utm_term=proekty-domov-s-planirovkami,,"проект дома 47-59, проект дома 217,3 м², планировка дома, планы этажей, готовый проект дома, оригинальная планировка, кирпич, catalog-plans.ru"
"Проект дома №57-16AL площадью 158,56 м² с планировками",https://raw.githubusercontent.com/nemchenik/test/0d914bce6920c8382fb3a50f11ae3de3cb6574e0/pinterest/generated_batch_60_floor_plans_tech_static/57-16AL.jpg,Готовые проекты домов,,"Проект дома №57-16AL: площадь 158,56 м², 2 этажа, габариты 11.55×11.8 м, материал стен — газобетон. На карточке показаны оригинальные планировки этажей. Сохраните планы дома и откройте проект, чтобы узнать подробности и актуальную стоимость.",https://catalog-plans.ru/catalog/57-16AL?utm_source=pinterest&utm_medium=organic&utm_campaign=generated_floor_plans_tech_static_batch_60&utm_content=pin_11372_57-16AL_plans&utm_term=proekty-domov-s-planirovkami,,"проект дома 57-16AL, проект дома 158,56 м², планировка дома, планы этажей, готовый проект дома, оригинальная планировка, газобетон, catalog-plans.ru"
"Проект дома №45-55L площадью 203,97 м² с планировками",https://raw.githubusercontent.com/nemchenik/test/0d914bce6920c8382fb3a50f11ae3de3cb6574e0/pinterest/generated_batch_60_floor_plans_tech_static/45-55L.jpg,Готовые проекты домов,,"Проект дома №45-55L: площадь 203,97 м², 2 этажа, габариты 12.78×12.86 м, материал стен — кирпич. На карточке показаны оригинальные планировки этажей. Сохраните планы дома и откройте проект, чтобы узнать подробности и актуальную стоимость.",https://catalog-plans.ru/catalog/45-55L?utm_source=pinterest&utm_medium=organic&utm_campaign=generated_floor_plans_tech_static_batch_60&utm_content=pin_11373_45-55L_plans&utm_term=proekty-domov-s-planirovkami,,"проект дома 45-55L, проект дома 203,97 м², планировка дома, планы этажей, готовый проект дома, оригинальная планировка, кирпич, catalog-plans.ru"
"Проект дома №57-79AK площадью 203,15 м² с планировками",https://raw.githubusercontent.com/nemchenik/test/0d914bce6920c8382fb3a50f11ae3de3cb6574e0/pinterest/generated_batch_60_floor_plans_tech_static/57-79AK.jpg,Готовые проекты домов,,"Проект дома №57-79AK: площадь 203,15 м², 2 этажа, габариты 11.03×13.5 м, материал стен — кирпич. На карточке показаны оригинальные планировки этажей. Сохраните планы дома и откройте проект, чтобы узнать подробности и актуальную стоимость.",https://catalog-plans.ru/catalog/57-79AK?utm_source=pinterest&utm_medium=organic&utm_campaign=generated_floor_plans_tech_static_batch_60&utm_content=pin_11374_57-79AK_plans&utm_term=proekty-domov-s-planirovkami,,"проект дома 57-79AK, проект дома 203,15 м², планировка дома, планы этажей, готовый проект дома, оригинальная планировка, кирпич, catalog-plans.ru"
"Проект дома №69-16 площадью 159,9 м² с планировками",https://raw.githubusercontent.com/nemchenik/test/0d914bce6920c8382fb3a50f11ae3de3cb6574e0/pinterest/generated_batch_60_floor_plans_tech_static/69-16.jpg,Готовые проекты домов,,"Проект дома №69-16: площадь 159,9 м², 2 этажа, габариты 9.3×12.55 м, материал стен — газобетон. На карточке показаны оригинальные планировки этажей. Сохраните планы дома и откройте проект, чтобы узнать подробности и актуальную стоимость.",https://catalog-plans.ru/catalog/69-16?utm_source=pinterest&utm_medium=organic&utm_campaign=generated_floor_plans_tech_static_batch_60&utm_content=pin_11375_69-16_plans&utm_term=proekty-domov-s-planirovkami,,"проект дома 69-16, проект дома 159,9 м², планировка дома, планы этажей, готовый проект дома, оригинальная планировка, газобетон, catalog-plans.ru"
"Проект дома №57-07WHL площадью 144,62 м² с планировками",https://raw.githubusercontent.com/nemchenik/test/0d914bce6920c8382fb3a50f11ae3de3cb6574e0/pinterest/generated_batch_60_floor_plans_tech_static/57-07WHL.jpg,Готовые проекты домов,,"Проект дома №57-07WHL: площадь 144,62 м², 2 этажа, габариты 8.55×12.75 м, материал стен — газобетон. На карточке показаны оригинальные планировки этажей. Сохраните планы дома и откройте проект, чтобы узнать подробности и актуальную стоимость.",https://catalog-plans.ru/catalog/57-07WHL?utm_source=pinterest&utm_medium=organic&utm_campaign=generated_floor_plans_tech_static_batch_60&utm_content=pin_11376_57-07WHL_plans&utm_term=proekty-domov-s-planirovkami,,"проект дома 57-07WHL, проект дома 144,62 м², планировка дома, планы этажей, готовый проект дома, оригинальная планировка, газобетон, catalog-plans.ru"
"Проект дома №45-77GL площадью 150,89 м² с планировками",https://raw.githubusercontent.com/nemchenik/test/0d914bce6920c8382fb3a50f11ae3de3cb6574e0/pinterest/generated_batch_60_floor_plans_tech_static/45-77GL.jpg,Готовые проекты домов,,"Проект дома №45-77GL: площадь 150,89 м², 2 этажа, габариты 10.7×10.7 м, материал стен — газобетон. На карточке показаны оригинальные планировки этажей. Сохраните планы дома и откройте проект, чтобы узнать подробности и актуальную стоимость.",https://catalog-plans.ru/catalog/45-77GL?utm_source=pinterest&utm_medium=organic&utm_campaign=generated_floor_plans_tech_static_batch_60&utm_content=pin_11377_45-77GL_plans&utm_term=proekty-domov-s-planirovkami,,"проект дома 45-77GL, проект дома 150,89 м², планировка дома, планы этажей, готовый проект дома, оригинальная планировка, газобетон, catalog-plans.ru"
"Проект дома №40-63L площадью 311,3 м² с планировками",https://raw.githubusercontent.com/nemchenik/test/0d914bce6920c8382fb3a50f11ae3de3cb6574e0/pinterest/generated_batch_60_floor_plans_tech_static/40-63L.jpg,Готовые проекты домов,,"Проект дома №40-63L: площадь 311,3 м², 2 этажа, габариты 13.87×15.37 м, материал стен — кирпич. На карточке показаны оригинальные планировки этажей. Сохраните планы дома и откройте проект, чтобы узнать подробности и актуальную стоимость.",https://catalog-plans.ru/catalog/40-63L?utm_source=pinterest&utm_medium=organic&utm_campaign=generated_floor_plans_tech_static_batch_60&utm_content=pin_11378_40-63L_plans&utm_term=proekty-domov-s-planirovkami,,"проект дома 40-63L, проект дома 311,3 м², планировка дома, планы этажей, готовый проект дома, оригинальная планировка, кирпич, catalog-plans.ru"
"Проект дома №68-12 площадью 193,39 м² с планировками",https://raw.githubusercontent.com/nemchenik/test/0d914bce6920c8382fb3a50f11ae3de3cb6574e0/pinterest/generated_batch_60_floor_plans_tech_static/68-12.jpg,Готовые проекты домов,,"Проект дома №68-12: площадь 193,39 м², 1 этаж, габариты 16.9×19.5 м, материал стен — газобетон. На карточке показаны оригинальные планировки этажей. Сохраните планы дома и откройте проект, чтобы узнать подробности и актуальную стоимость.",https://catalog-plans.ru/catalog/68-12?utm_source=pinterest&utm_medium=organic&utm_campaign=generated_floor_plans_tech_static_batch_60&utm_content=pin_11379_68-12_plans&utm_term=proekty-domov-s-planirovkami,,"проект дома 68-12, проект дома 193,39 м², планировка дома, планы этажей, готовый проект дома, оригинальная планировка, газобетон, catalog-plans.ru"
"Проект дома №49-65 площадью 211,33 м² с планировками",https://raw.githubusercontent.com/nemchenik/test/0d914bce6920c8382fb3a50f11ae3de3cb6574e0/pinterest/generated_batch_60_floor_plans_tech_static/49-65.jpg,Готовые проекты домов,,"Проект дома №49-65: площадь 211,33 м², 3 этажа, габариты 8.1×11.7 м, материал стен — кирпич. На карточке показаны оригинальные планировки этажей. Сохраните планы дома и откройте проект, чтобы узнать подробности и актуальную стоимость.",https://catalog-plans.ru/catalog/49-65?utm_source=pinterest&utm_medium=organic&utm_campaign=generated_floor_plans_tech_static_batch_60&utm_content=pin_11380_49-65_plans&utm_term=proekty-domov-s-planirovkami,,"проект дома 49-65, проект дома 211,33 м², планировка дома, планы этажей, готовый проект дома, оригинальная планировка, кирпич, catalog-plans.ru"
"Проект дома №48-20AKL площадью 126,99 м² с планировками",https://raw.githubusercontent.com/nemchenik/test/0d914bce6920c8382fb3a50f11ae3de3cb6574e0/pinterest/generated_batch_60_floor_plans_tech_static/48-20AKL.jpg,Готовые проекты домов,,"Проект дома №48-20AKL: площадь 126,99 м², 2 этажа, габариты 10×13.42 м, материал стен — кирпич. На карточке показаны оригинальные планировки этажей. Сохраните планы дома и откройте проект, чтобы узнать подробности и актуальную стоимость.",https://catalog-plans.ru/catalog/48-20AKL?utm_source=pinterest&utm_medium=organic&utm_campaign=generated_floor_plans_tech_static_batch_60&utm_content=pin_11381_48-20AKL_plans&utm_term=proekty-domov-s-planirovkami,,"проект дома 48-20AKL, проект дома 126,99 м², планировка дома, планы этажей, готовый проект дома, оригинальная планировка, кирпич, catalog-plans.ru"
"Проект дома №40-11ANK2L площадью 265,88 м² с планировками",https://raw.githubusercontent.com/nemchenik/test/0d914bce6920c8382fb3a50f11ae3de3cb6574e0/pinterest/generated_batch_60_floor_plans_tech_static/40-11ANK2L.jpg,Готовые проекты домов,,"Проект дома №40-11ANK2L: площадь 265,88 м², 3 этажа, габариты 17.9×13.2 м, материал стен — кирпич. На карточке показаны оригинальные планировки этажей. Сохраните планы дома и откройте проект, чтобы узнать подробности и актуальную стоимость.",https://catalog-plans.ru/catalog/40-11ANK2L?utm_source=pinterest&utm_medium=organic&utm_campaign=generated_floor_plans_tech_static_batch_60&utm_content=pin_11382_40-11ANK2L_plans&utm_term=proekty-domov-s-planirovkami,,"проект дома 40-11ANK2L, проект дома 265,88 м², планировка дома, планы этажей, готовый проект дома, оригинальная планировка, кирпич, catalog-plans.ru"
"Проект дома №50-67 площадью 172,2 м² с планировками",https://raw.githubusercontent.com/nemchenik/test/0d914bce6920c8382fb3a50f11ae3de3cb6574e0/pinterest/generated_batch_60_floor_plans_tech_static/50-67.jpg,Готовые проекты домов,,"Проект дома №50-67: площадь 172,2 м², 2 этажа, габариты 11.3×14.4 м, материал стен — газобетон. На карточке показаны оригинальные планировки этажей. Сохраните планы дома и откройте проект, чтобы узнать подробности и актуальную стоимость.",https://catalog-plans.ru/catalog/50-67?utm_source=pinterest&utm_medium=organic&utm_campaign=generated_floor_plans_tech_static_batch_60&utm_content=pin_11383_50-67_plans&utm_term=proekty-domov-s-planirovkami,,"проект дома 50-67, проект дома 172,2 м², планировка дома, планы этажей, готовый проект дома, оригинальная планировка, газобетон, catalog-plans.ru"
"Проект дома №58-55BL площадью 200,97 м² с планировками",https://raw.githubusercontent.com/nemchenik/test/0d914bce6920c8382fb3a50f11ae3de3cb6574e0/pinterest/generated_batch_60_floor_plans_tech_static/58-55BL.jpg,Готовые проекты домов,,"Проект дома №58-55BL: площадь 200,97 м², 2 этажа, габариты 11.84×14.75 м, материал стен — керамзитобетон. На карточке показаны оригинальные планировки этажей. Сохраните планы дома и откройте проект, чтобы узнать подробности и актуальную стоимость.",https://catalog-plans.ru/catalog/58-55BL?utm_source=pinterest&utm_medium=organic&utm_campaign=generated_floor_plans_tech_static_batch_60&utm_content=pin_11384_58-55BL_plans&utm_term=proekty-domov-s-planirovkami,,"проект дома 58-55BL, проект дома 200,97 м², планировка дома, планы этажей, готовый проект дома, оригинальная планировка, керамзитобетон, catalog-plans.ru"
Проект дома №75-15 площадью 191 м² с планировками,https://raw.githubusercontent.com/nemchenik/test/0d914bce6920c8382fb3a50f11ae3de3cb6574e0/pinterest/generated_batch_60_floor_plans_tech_static/75-15.jpg,Готовые проекты домов,,"Проект дома №75-15: площадь 191 м², 2 этажа, габариты 14.12×14.82 м, материал стен — газобетон. На карточке показаны оригинальные планировки этажей. Сохраните планы дома и откройте проект, чтобы узнать подробности и актуальную стоимость.",https://catalog-plans.ru/catalog/75-15?utm_source=pinterest&utm_medium=organic&utm_campaign=generated_floor_plans_tech_static_batch_60&utm_content=pin_11385_75-15_plans&utm_term=proekty-domov-s-planirovkami,,"проект дома 75-15, проект дома 191 м², планировка дома, планы этажей, готовый проект дома, оригинальная планировка, газобетон, catalog-plans.ru"
"Проект дома №49-66 площадью 307,6 м² с планировками",https://raw.githubusercontent.com/nemchenik/test/0d914bce6920c8382fb3a50f11ae3de3cb6574e0/pinterest/generated_batch_60_floor_plans_tech_static/49-66.jpg,Готовые проекты домов,,"Проект дома №49-66: площадь 307,6 м², 3 этажа, габариты 13.85×23.79 м, материал стен — кирпич. На карточке показаны оригинальные планировки этажей. Сохраните планы дома и откройте проект, чтобы узнать подробности и актуальную стоимость.",https://catalog-plans.ru/catalog/49-66?utm_source=pinterest&utm_medium=organic&utm_campaign=generated_floor_plans_tech_static_batch_60&utm_content=pin_11386_49-66_plans&utm_term=proekty-domov-s-planirovkami,,"проект дома 49-66, проект дома 307,6 м², планировка дома, планы этажей, готовый проект дома, оригинальная планировка, кирпич, catalog-plans.ru"
"Проект дома №58-15BA площадью 159,2 м² с планировками",https://raw.githubusercontent.com/nemchenik/test/0d914bce6920c8382fb3a50f11ae3de3cb6574e0/pinterest/generated_batch_60_floor_plans_tech_static/58-15BA.jpg,Готовые проекты домов,,"Проект дома №58-15BA: площадь 159,2 м², 2 этажа, габариты 11×10.3 м, материал стен — газобетон. На карточке показаны оригинальные планировки этажей. Сохраните планы дома и откройте проект, чтобы узнать подробности и актуальную стоимость.",https://catalog-plans.ru/catalog/58-15BA?utm_source=pinterest&utm_medium=organic&utm_campaign=generated_floor_plans_tech_static_batch_60&utm_content=pin_11387_58-15BA_plans&utm_term=proekty-domov-s-planirovkami,,"проект дома 58-15BA, проект дома 159,2 м², планировка дома, планы этажей, готовый проект дома, оригинальная планировка, газобетон, catalog-plans.ru"
"Проект дома №46-75ML площадью 265,8 м² с планировками",https://raw.githubusercontent.com/nemchenik/test/0d914bce6920c8382fb3a50f11ae3de3cb6574e0/pinterest/generated_batch_60_floor_plans_tech_static/46-75ML.jpg,Готовые проекты домов,,"Проект дома №46-75ML: площадь 265,8 м², 2 этажа, габариты 12×14.26 м, материал стен — монолитный каркас. На карточке показаны оригинальные планировки этажей. Сохраните планы дома и откройте проект, чтобы узнать подробности и актуальную стоимость.",https://catalog-plans.ru/catalog/46-75ML?utm_source=pinterest&utm_medium=organic&utm_campaign=generated_floor_plans_tech_static_batch_60&utm_content=pin_11388_46-75ML_plans&utm_term=proekty-domov-s-planirovkami,,"проект дома 46-75ML, проект дома 265,8 м², планировка дома, планы этажей, готовый проект дома, оригинальная планировка, монолитный каркас, catalog-plans.ru"
"Проект дома №35-38 площадью 262,1 м² с планировками",https://raw.githubusercontent.com/nemchenik/test/0d914bce6920c8382fb3a50f11ae3de3cb6574e0/pinterest/generated_batch_60_floor_plans_tech_static/35-38.jpg,Готовые проекты домов,,"Проект дома №35-38: площадь 262,1 м², 2 этажа, габариты 13.02×17.37 м, материал стен — кирпич. На карточке показаны оригинальные планировки этажей. Сохраните планы дома и откройте проект, чтобы узнать подробности и актуальную стоимость.",https://catalog-plans.ru/catalog/35-38?utm_source=pinterest&utm_medium=organic&utm_campaign=generated_floor_plans_tech_static_batch_60&utm_content=pin_11389_35-38_plans&utm_term=proekty-domov-s-planirovkami,,"проект дома 35-38, проект дома 262,1 м², планировка дома, планы этажей, готовый проект дома, оригинальная планировка, кирпич, catalog-plans.ru"
"Проект дома №59-46 площадью 145,3 м² с планировками",https://raw.githubusercontent.com/nemchenik/test/0d914bce6920c8382fb3a50f11ae3de3cb6574e0/pinterest/generated_batch_60_floor_plans_tech_static/59-46.jpg,Готовые проекты домов,,"Проект дома №59-46: площадь 145,3 м², 2 этажа, габариты 11.82×14.52 м, материал стен — газобетон. На карточке показаны оригинальные планировки этажей. Сохраните планы дома и откройте проект, чтобы узнать подробности и актуальную стоимость.",https://catalog-plans.ru/catalog/59-46?utm_source=pinterest&utm_medium=organic&utm_campaign=generated_floor_plans_tech_static_batch_60&utm_content=pin_11390_59-46_plans&utm_term=proekty-domov-s-planirovkami,,"проект дома 59-46, проект дома 145,3 м², планировка дома, планы этажей, готовый проект дома, оригинальная планировка, газобетон, catalog-plans.ru"
"Проект дома №45-57NL площадью 240,43 м² с планировками",https://raw.githubusercontent.com/nemchenik/test/0d914bce6920c8382fb3a50f11ae3de3cb6574e0/pinterest/generated_batch_60_floor_plans_tech_static/45-57NL.jpg,Готовые проекты домов,,"Проект дома №45-57NL: площадь 240,43 м², 2 этажа, габариты 11×21 м, материал стен — кирпич. На карточке показаны оригинальные планировки этажей. Сохраните планы дома и откройте проект, чтобы узнать подробности и актуальную стоимость.",https://catalog-plans.ru/catalog/45-57NL?utm_source=pinterest&utm_medium=organic&utm_campaign=generated_floor_plans_tech_static_batch_60&utm_content=pin_11391_45-57NL_plans&utm_term=proekty-domov-s-planirovkami,,"проект дома 45-57NL, проект дома 240,43 м², планировка дома, планы этажей, готовый проект дома, оригинальная планировка, кирпич, catalog-plans.ru"
"Проект дома №45-08MAK1L площадью 274,7 м² с планировками",https://raw.githubusercontent.com/nemchenik/test/0d914bce6920c8382fb3a50f11ae3de3cb6574e0/pinterest/generated_batch_60_floor_plans_tech_static/45-08MAK1L.jpg,Готовые проекты домов,,"Проект дома №45-08MAK1L: площадь 274,7 м², 1 этаж, габариты 18.415×28.26 м, материал стен — кирпич. На карточке показаны оригинальные планировки этажей. Сохраните планы дома и откройте проект, чтобы узнать подробности и актуальную стоимость.",https://catalog-plans.ru/catalog/45-08MAK1L?utm_source=pinterest&utm_medium=organic&utm_campaign=generated_floor_plans_tech_static_batch_60&utm_content=pin_11392_45-08MAK1L_plans&utm_term=proekty-domov-s-planirovkami,,"проект дома 45-08MAK1L, проект дома 274,7 м², планировка дома, планы этажей, готовый проект дома, оригинальная планировка, кирпич, catalog-plans.ru"
"Проект дома №59-40 площадью 154,3 м² с планировками",https://raw.githubusercontent.com/nemchenik/test/0d914bce6920c8382fb3a50f11ae3de3cb6574e0/pinterest/generated_batch_60_floor_plans_tech_static/59-40.jpg,Готовые проекты домов,,"Проект дома №59-40: площадь 154,3 м², 2 этажа, габариты 12×15.69 м, материал стен — газобетон. На карточке показаны оригинальные планировки этажей. Сохраните планы дома и откройте проект, чтобы узнать подробности и актуальную стоимость.",https://catalog-plans.ru/catalog/59-40?utm_source=pinterest&utm_medium=organic&utm_campaign=generated_floor_plans_tech_static_batch_60&utm_content=pin_11393_59-40_plans&utm_term=proekty-domov-s-planirovkami,,"проект дома 59-40, проект дома 154,3 м², планировка дома, планы этажей, готовый проект дома, оригинальная планировка, газобетон, catalog-plans.ru"
"Проект дома №71-08 площадью 150,85 м² с планировками",https://raw.githubusercontent.com/nemchenik/test/0d914bce6920c8382fb3a50f11ae3de3cb6574e0/pinterest/generated_batch_60_floor_plans_tech_static/71-08.jpg,Готовые проекты домов,,"Проект дома №71-08: площадь 150,85 м², 1 этаж, габариты 14.5×13.2 м, материал стен — деревянный каркас. На карточке показаны оригинальные планировки этажей. Сохраните планы дома и откройте проект, чтобы узнать подробности и актуальную стоимость.",https://catalog-plans.ru/catalog/71-08?utm_source=pinterest&utm_medium=organic&utm_campaign=generated_floor_plans_tech_static_batch_60&utm_content=pin_11394_71-08_plans&utm_term=proekty-domov-s-planirovkami,,"проект дома 71-08, проект дома 150,85 м², планировка дома, планы этажей, готовый проект дома, оригинальная планировка, деревянный каркас, catalog-plans.ru"
"Проект дома №63-29 площадью 219,5 м² с планировками",https://raw.githubusercontent.com/nemchenik/test/0d914bce6920c8382fb3a50f11ae3de3cb6574e0/pinterest/generated_batch_60_floor_plans_tech_static/63-29.jpg,Готовые проекты домов,,"Проект дома №63-29: площадь 219,5 м², 2 этажа, габариты 9.1×11.1 м, материал стен — газобетон. На карточке показаны оригинальные планировки этажей. Сохраните планы дома и откройте проект, чтобы узнать подробности и актуальную стоимость.",https://catalog-plans.ru/catalog/63-29?utm_source=pinterest&utm_medium=organic&utm_campaign=generated_floor_plans_tech_static_batch_60&utm_content=pin_11395_63-29_plans&utm_term=proekty-domov-s-planirovkami,,"проект дома 63-29, проект дома 219,5 м², планировка дома, планы этажей, готовый проект дома, оригинальная планировка, газобетон, catalog-plans.ru"
"Проект дома №57-17 площадью 108,11 м² с планировками",https://raw.githubusercontent.com/nemchenik/test/0d914bce6920c8382fb3a50f11ae3de3cb6574e0/pinterest/generated_batch_60_floor_plans_tech_static/57-17.jpg,Готовые проекты домов,,"Проект дома №57-17: площадь 108,11 м², 2 этажа, габариты 8.85×8.9 м, материал стен — газобетон. На карточке показаны оригинальные планировки этажей. Сохраните планы дома и откройте проект, чтобы узнать подробности и актуальную стоимость.",https://catalog-plans.ru/catalog/57-17?utm_source=pinterest&utm_medium=organic&utm_campaign=generated_floor_plans_tech_static_batch_60&utm_content=pin_11396_57-17_plans&utm_term=proekty-domov-s-planirovkami,,"проект дома 57-17, проект дома 108,11 м², планировка дома, планы этажей, готовый проект дома, оригинальная планировка, газобетон, catalog-plans.ru"
"Проект дома №32-80 площадью 326,4 м² с планировками",https://raw.githubusercontent.com/nemchenik/test/0d914bce6920c8382fb3a50f11ae3de3cb6574e0/pinterest/generated_batch_60_floor_plans_tech_static/32-80.jpg,Готовые проекты домов,,"Проект дома №32-80: площадь 326,4 м², 2 этажа, габариты 10.5×15.6 м, материал стен — кирпич. На карточке показаны оригинальные планировки этажей. Сохраните планы дома и откройте проект, чтобы узнать подробности и актуальную стоимость.",https://catalog-plans.ru/catalog/32-80?utm_source=pinterest&utm_medium=organic&utm_campaign=generated_floor_plans_tech_static_batch_60&utm_content=pin_11397_32-80_plans&utm_term=proekty-domov-s-planirovkami,,"проект дома 32-80, проект дома 326,4 м², планировка дома, планы этажей, готовый проект дома, оригинальная планировка, кирпич, catalog-plans.ru"
"Проект дома №45-16MG площадью 173,67 м² с планировками",https://raw.githubusercontent.com/nemchenik/test/0d914bce6920c8382fb3a50f11ae3de3cb6574e0/pinterest/generated_batch_60_floor_plans_tech_static/45-16MG.jpg,Готовые проекты домов,,"Проект дома №45-16MG: площадь 173,67 м², 2 этажа, габариты 11.49×14.5 м, материал стен — газобетон. На карточке показаны оригинальные планировки этажей. Сохраните планы дома и откройте проект, чтобы узнать подробности и актуальную стоимость.",https://catalog-plans.ru/catalog/45-16MG?utm_source=pinterest&utm_medium=organic&utm_campaign=generated_floor_plans_tech_static_batch_60&utm_content=pin_11398_45-16MG_plans&utm_term=proekty-domov-s-planirovkami,,"проект дома 45-16MG, проект дома 173,67 м², планировка дома, планы этажей, готовый проект дома, оригинальная планировка, газобетон, catalog-plans.ru"
"Проект дома №48-24DBCGL площадью 338,98 м² с планировками",https://raw.githubusercontent.com/nemchenik/test/0d914bce6920c8382fb3a50f11ae3de3cb6574e0/pinterest/generated_batch_60_floor_plans_tech_static/48-24DBCGL.jpg,Готовые проекты домов,,"Проект дома №48-24DBCGL: площадь 338,98 м², 3 этажа, габариты 15.34×16.43 м, материал стен — газобетон. На карточке показаны оригинальные планировки этажей. Сохраните планы дома и откройте проект, чтобы узнать подробности и актуальную стоимость.",https://catalog-plans.ru/catalog/48-24DBCGL?utm_source=pinterest&utm_medium=organic&utm_campaign=generated_floor_plans_tech_static_batch_60&utm_content=pin_11399_48-24DBCGL_plans&utm_term=proekty-domov-s-planirovkami,,"проект дома 48-24DBCGL, проект дома 338,98 м², планировка дома, планы этажей, готовый проект дома, оригинальная планировка, газобетон, catalog-plans.ru"
"Проект дома №62-68DFB площадью 252,68 м² с планировками",https://raw.githubusercontent.com/nemchenik/test/0d914bce6920c8382fb3a50f11ae3de3cb6574e0/pinterest/generated_batch_60_floor_plans_tech_static/62-68DFB.jpg,Готовые проекты домов,,"Проект дома №62-68DFB: площадь 252,68 м², 2 этажа, габариты 13.13×21.51 м, материал стен — монолитный каркас. На карточке показаны оригинальные планировки этажей. Сохраните планы дома и откройте проект, чтобы узнать подробности и актуальную стоимость.",https://catalog-plans.ru/catalog/62-68DFB?utm_source=pinterest&utm_medium=organic&utm_campaign=generated_floor_plans_tech_static_batch_60&utm_content=pin_11400_62-68DFB_plans&utm_term=proekty-domov-s-planirovkami,,"проект дома 62-68DFB, проект дома 252,68 м², планировка дома, планы этажей, готовый проект дома, оригинальная планировка, монолитный каркас, catalog-plans.ru"
"Проект дома №46-09BAG площадью 160,37 м² с планировками",https://raw.githubusercontent.com/nemchenik/test/0d914bce6920c8382fb3a50f11ae3de3cb6574e0/pinterest/generated_batch_60_floor_plans_tech_static/46-09BAG.jpg,Готовые проекты домов,,"Проект дома №46-09BAG: площадь 160,37 м², 1 этаж, габариты 13.66×24.25 м, материал стен — газобетон. На карточке показаны оригинальные планировки этажей. Сохраните планы дома и откройте проект, чтобы узнать подробности и актуальную стоимость.",https://catalog-plans.ru/catalog/46-09BAG?utm_source=pinterest&utm_medium=organic&utm_campaign=generated_floor_plans_tech_static_batch_60&utm_content=pin_11401_46-09BAG_plans&utm_term=proekty-domov-s-planirovkami,,"проект дома 46-09BAG, проект дома 160,37 м², планировка дома, планы этажей, готовый проект дома, оригинальная планировка, газобетон, catalog-plans.ru"
"Проект дома №58-68 площадью 164,59 м² с планировками",https://raw.githubusercontent.com/nemchenik/test/0d914bce6920c8382fb3a50f11ae3de3cb6574e0/pinterest/generated_batch_60_floor_plans_tech_static/58-68.jpg,Готовые проекты домов,,"Проект дома №58-68: площадь 164,59 м², 2 этажа, габариты 10.5×11.9 м, материал стен — газобетон. На карточке показаны оригинальные планировки этажей. Сохраните планы дома и откройте проект, чтобы узнать подробности и актуальную стоимость.",https://catalog-plans.ru/catalog/58-68?utm_source=pinterest&utm_medium=organic&utm_campaign=generated_floor_plans_tech_static_batch_60&utm_content=pin_11402_58-68_plans&utm_term=proekty-domov-s-planirovkami,,"проект дома 58-68, проект дома 164,59 м², планировка дома, планы этажей, готовый проект дома, оригинальная планировка, газобетон, catalog-plans.ru"
"Проект дома №35-27 площадью 415,25 м² с планировками",https://raw.githubusercontent.com/nemchenik/test/0d914bce6920c8382fb3a50f11ae3de3cb6574e0/pinterest/generated_batch_60_floor_plans_tech_static/35-27.jpg,Готовые проекты домов,,"Проект дома №35-27: площадь 415,25 м², 2 этажа, габариты 14.84×24.24 м, материал стен — кирпич. На карточке показаны оригинальные планировки этажей. Сохраните планы дома и откройте проект, чтобы узнать подробности и актуальную стоимость.",https://catalog-plans.ru/catalog/35-27?utm_source=pinterest&utm_medium=organic&utm_campaign=generated_floor_plans_tech_static_batch_60&utm_content=pin_11403_35-27_plans&utm_term=proekty-domov-s-planirovkami,,"проект дома 35-27, проект дома 415,25 м², планировка дома, планы этажей, готовый проект дома, оригинальная планировка, кирпич, catalog-plans.ru"
"Проект дома №57-45A площадью 193,26 м² с планировками",https://raw.githubusercontent.com/nemchenik/test/0d914bce6920c8382fb3a50f11ae3de3cb6574e0/pinterest/generated_batch_60_floor_plans_tech_static/57-45A.jpg,Готовые проекты домов,,"Проект дома №57-45A: площадь 193,26 м², 2 этажа, габариты 9.7×12.3 м, материал стен — газобетон. На карточке показаны оригинальные планировки этажей. Сохраните планы дома и откройте проект, чтобы узнать подробности и актуальную стоимость.",https://catalog-plans.ru/catalog/57-45A?utm_source=pinterest&utm_medium=organic&utm_campaign=generated_floor_plans_tech_static_batch_60&utm_content=pin_11404_57-45A_plans&utm_term=proekty-domov-s-planirovkami,,"проект дома 57-45A, проект дома 193,26 м², планировка дома, планы этажей, готовый проект дома, оригинальная планировка, газобетон, catalog-plans.ru"
"Проект дома №70-21 площадью 198,4 м² с планировками",https://raw.githubusercontent.com/nemchenik/test/0d914bce6920c8382fb3a50f11ae3de3cb6574e0/pinterest/generated_batch_60_floor_plans_tech_static/70-21.jpg,Готовые проекты домов,,"Проект дома №70-21: площадь 198,4 м², 2 этажа, габариты 14×15.7 м, материал стен — деревянный каркас. На карточке показаны оригинальные планировки этажей. Сохраните планы дома и откройте проект, чтобы узнать подробности и актуальную стоимость.",https://catalog-plans.ru/catalog/70-21?utm_source=pinterest&utm_medium=organic&utm_campaign=generated_floor_plans_tech_static_batch_60&utm_content=pin_11405_70-21_plans&utm_term=proekty-domov-s-planirovkami,,"проект дома 70-21, проект дома 198,4 м², планировка дома, планы этажей, готовый проект дома, оригинальная планировка, деревянный каркас, catalog-plans.ru"
"Проект дома №58-58AB площадью 87,83 м² с планировками",https://raw.githubusercontent.com/nemchenik/test/0d914bce6920c8382fb3a50f11ae3de3cb6574e0/pinterest/generated_batch_60_floor_plans_tech_static/58-58AB.jpg,Готовые проекты домов,,"Проект дома №58-58AB: площадь 87,83 м², 2 этажа, габариты 6.76×8.76 м, материал стен — кирпич. На карточке показаны оригинальные планировки этажей. Сохраните планы дома и откройте проект, чтобы узнать подробности и актуальную стоимость.",https://catalog-plans.ru/catalog/58-58AB?utm_source=pinterest&utm_medium=organic&utm_campaign=generated_floor_plans_tech_static_batch_60&utm_content=pin_11406_58-58AB_plans&utm_term=proekty-domov-s-planirovkami,,"проект дома 58-58AB, проект дома 87,83 м², планировка дома, планы этажей, готовый проект дома, оригинальная планировка, кирпич, catalog-plans.ru"
"Проект дома №57-62TABL площадью 216,5 м² с планировками",https://raw.githubusercontent.com/nemchenik/test/0d914bce6920c8382fb3a50f11ae3de3cb6574e0/pinterest/generated_batch_60_floor_plans_tech_static/57-62TABL.jpg,Готовые проекты домов,,"Проект дома №57-62TABL: площадь 216,5 м², 2 этажа, габариты 12×14.44 м, материал стен — газобетон. На карточке показаны оригинальные планировки этажей. Сохраните планы дома и откройте проект, чтобы узнать подробности и актуальную стоимость.",https://catalog-plans.ru/catalog/57-62TABL?utm_source=pinterest&utm_medium=organic&utm_campaign=generated_floor_plans_tech_static_batch_60&utm_content=pin_11407_57-62TABL_plans&utm_term=proekty-domov-s-planirovkami,,"проект дома 57-62TABL, проект дома 216,5 м², планировка дома, планы этажей, готовый проект дома, оригинальная планировка, газобетон, catalog-plans.ru"
"Проект дома №45-16ABGL площадью 235,73 м² с планировками",https://raw.githubusercontent.com/nemchenik/test/0d914bce6920c8382fb3a50f11ae3de3cb6574e0/pinterest/generated_batch_60_floor_plans_tech_static/45-16ABGL.jpg,Готовые проекты домов,,"Проект дома №45-16ABGL: площадь 235,73 м², 2 этажа, габариты 12.8×18.24 м, материал стен — газобетон. На карточке показаны оригинальные планировки этажей. Сохраните планы дома и откройте проект, чтобы узнать подробности и актуальную стоимость.",https://catalog-plans.ru/catalog/45-16ABGL?utm_source=pinterest&utm_medium=organic&utm_campaign=generated_floor_plans_tech_static_batch_60&utm_content=pin_11408_45-16ABGL_plans&utm_term=proekty-domov-s-planirovkami,,"проект дома 45-16ABGL, проект дома 235,73 м², планировка дома, планы этажей, готовый проект дома, оригинальная планировка, газобетон, catalog-plans.ru"
"Проект дома №45-64NZAKL площадью 245,51 м² с планировками",https://raw.githubusercontent.com/nemchenik/test/0d914bce6920c8382fb3a50f11ae3de3cb6574e0/pinterest/generated_batch_60_floor_plans_tech_static/45-64NZAKL.jpg,Готовые проекты домов,,"Проект дома №45-64NZAKL: площадь 245,51 м², 2 этажа, габариты 12.74×14.98 м, материал стен — кирпич. На карточке показаны оригинальные планировки этажей. Сохраните планы дома и откройте проект, чтобы узнать подробности и актуальную стоимость.",https://catalog-plans.ru/catalog/45-64NZAKL?utm_source=pinterest&utm_medium=organic&utm_campaign=generated_floor_plans_tech_static_batch_60&utm_content=pin_11409_45-64NZAKL_plans&utm_term=proekty-domov-s-planirovkami,,"проект дома 45-64NZAKL, проект дома 245,51 м², планировка дома, планы этажей, готовый проект дома, оригинальная планировка, кирпич, catalog-plans.ru"
"Проект дома №60-14 площадью 300,5 м² с планировками",https://raw.githubusercontent.com/nemchenik/test/0d914bce6920c8382fb3a50f11ae3de3cb6574e0/pinterest/generated_batch_60_floor_plans_tech_static/60-14.jpg,Готовые проекты домов,,"Проект дома №60-14: площадь 300,5 м², 2 этажа, габариты 13.8×18 м, материал стен — газобетон. На карточке показаны оригинальные планировки этажей. Сохраните планы дома и откройте проект, чтобы узнать подробности и актуальную стоимость.",https://catalog-plans.ru/catalog/60-14?utm_source=pinterest&utm_medium=organic&utm_campaign=generated_floor_plans_tech_static_batch_60&utm_content=pin_11410_60-14_plans&utm_term=proekty-domov-s-planirovkami,,"проект дома 60-14, проект дома 300,5 м², планировка дома, планы этажей, готовый проект дома, оригинальная планировка, газобетон, catalog-plans.ru"
"Проект дома №64-90 площадью 90,08 м² с планировками",https://raw.githubusercontent.com/nemchenik/test/0d914bce6920c8382fb3a50f11ae3de3cb6574e0/pinterest/generated_batch_60_floor_plans_tech_static/64-90.jpg,Готовые проекты домов,,"Проект дома №64-90: площадь 90,08 м², 1 этаж, габариты 12.85×12.9 м, материал стен — газобетон. На карточке показаны оригинальные планировки этажей. Сохраните планы дома и откройте проект, чтобы узнать подробности и актуальную стоимость.",https://catalog-plans.ru/catalog/64-90?utm_source=pinterest&utm_medium=organic&utm_campaign=generated_floor_plans_tech_static_batch_60&utm_content=pin_11411_64-90_plans&utm_term=proekty-domov-s-planirovkami,,"проект дома 64-90, проект дома 90,08 м², планировка дома, планы этажей, готовый проект дома, оригинальная планировка, газобетон, catalog-plans.ru"
"Проект дома №63-71A площадью 87,43 м² с планировками",https://raw.githubusercontent.com/nemchenik/test/0d914bce6920c8382fb3a50f11ae3de3cb6574e0/pinterest/generated_batch_60_floor_plans_tech_static/63-71A.jpg,Готовые проекты домов,,"Проект дома №63-71A: площадь 87,43 м², 2 этажа, габариты 7.6×8.1 м, материал стен — газобетон. На карточке показаны оригинальные планировки этажей. Сохраните планы дома и откройте проект, чтобы узнать подробности и актуальную стоимость.",https://catalog-plans.ru/catalog/63-71A?utm_source=pinterest&utm_medium=organic&utm_campaign=generated_floor_plans_tech_static_batch_60&utm_content=pin_11412_63-71A_plans&utm_term=proekty-domov-s-planirovkami,,"проект дома 63-71A, проект дома 87,43 м², планировка дома, планы этажей, готовый проект дома, оригинальная планировка, газобетон, catalog-plans.ru"
"Проект дома №58-70CA площадью 228,21 м² с планировками",https://raw.githubusercontent.com/nemchenik/test/0d914bce6920c8382fb3a50f11ae3de3cb6574e0/pinterest/generated_batch_60_floor_plans_tech_static/58-70CA.jpg,Готовые проекты домов,,"Проект дома №58-70CA: площадь 228,21 м², 1 этаж, габариты 11.45×13.9 м, материал стен — газобетон. На карточке показаны оригинальные планировки этажей. Сохраните планы дома и откройте проект, чтобы узнать подробности и актуальную стоимость.",https://catalog-plans.ru/catalog/58-70CA?utm_source=pinterest&utm_medium=organic&utm_campaign=generated_floor_plans_tech_static_batch_60&utm_content=pin_11413_58-70CA_plans&utm_term=proekty-domov-s-planirovkami,,"проект дома 58-70CA, проект дома 228,21 м², планировка дома, планы этажей, готовый проект дома, оригинальная планировка, газобетон, catalog-plans.ru"
"Проект дома №58-64L площадью 194,97 м² с планировками",https://raw.githubusercontent.com/nemchenik/test/0d914bce6920c8382fb3a50f11ae3de3cb6574e0/pinterest/generated_batch_60_floor_plans_tech_static/58-64L.jpg,Готовые проекты домов,,"Проект дома №58-64L: площадь 194,97 м², 2 этажа, габариты 10.5×14.24 м, материал стен — газобетон. На карточке показаны оригинальные планировки этажей. Сохраните планы дома и откройте проект, чтобы узнать подробности и актуальную стоимость.",https://catalog-plans.ru/catalog/58-64L?utm_source=pinterest&utm_medium=organic&utm_campaign=generated_floor_plans_tech_static_batch_60&utm_content=pin_11414_58-64L_plans&utm_term=proekty-domov-s-planirovkami,,"проект дома 58-64L, проект дома 194,97 м², планировка дома, планы этажей, готовый проект дома, оригинальная планировка, газобетон, catalog-plans.ru"
"Проект дома №40-11GML площадью 328,71 м² с планировками",https://raw.githubusercontent.com/nemchenik/test/0d914bce6920c8382fb3a50f11ae3de3cb6574e0/pinterest/generated_batch_60_floor_plans_tech_static/40-11GML.jpg,Готовые проекты домов,,"Проект дома №40-11GML: площадь 328,71 м², 2 этажа, габариты 13.84×22.28 м, материал стен — монолитный каркас. На карточке показаны оригинальные планировки этажей. Сохраните планы дома и откройте проект, чтобы узнать подробности и актуальную стоимость.",https://catalog-plans.ru/catalog/40-11GML?utm_source=pinterest&utm_medium=organic&utm_campaign=generated_floor_plans_tech_static_batch_60&utm_content=pin_11415_40-11GML_plans&utm_term=proekty-domov-s-planirovkami,,"проект дома 40-11GML, проект дома 328,71 м², планировка дома, планы этажей, готовый проект дома, оригинальная планировка, монолитный каркас, catalog-plans.ru"
"Проект дома №59-93EADGL площадью 209,26 м² с планировками",https://raw.githubusercontent.com/nemchenik/test/0d914bce6920c8382fb3a50f11ae3de3cb6574e0/pinterest/generated_batch_60_floor_plans_tech_static/59-93EADGL.jpg,Готовые проекты домов,,"Проект дома №59-93EADGL: площадь 209,26 м², 2 этажа, габариты 13.2×14.88 м, материал стен — газобетон. На карточке показаны оригинальные планировки этажей. Сохраните планы дома и откройте проект, чтобы узнать подробности и актуальную стоимость.",https://catalog-plans.ru/catalog/59-93EADGL?utm_source=pinterest&utm_medium=organic&utm_campaign=generated_floor_plans_tech_static_batch_60&utm_content=pin_11416_59-93EADGL_plans&utm_term=proekty-domov-s-planirovkami,,"проект дома 59-93EADGL, проект дома 209,26 м², планировка дома, планы этажей, готовый проект дома, оригинальная планировка, газобетон, catalog-plans.ru"
"Проект дома №57-62ZA площадью 182,09 м² с планировками",https://raw.githubusercontent.com/nemchenik/test/0d914bce6920c8382fb3a50f11ae3de3cb6574e0/pinterest/generated_batch_60_floor_plans_tech_static/57-62ZA.jpg,Готовые проекты домов,,"Проект дома №57-62ZA: площадь 182,09 м², 2 этажа, габариты 10.4×12 м, материал стен — газобетон. На карточке показаны оригинальные планировки этажей. Сохраните планы дома и откройте проект, чтобы узнать подробности и актуальную стоимость.",https://catalog-plans.ru/catalog/57-62ZA?utm_source=pinterest&utm_medium=organic&utm_campaign=generated_floor_plans_tech_static_batch_60&utm_content=pin_11417_57-62ZA_plans&utm_term=proekty-domov-s-planirovkami,,"проект дома 57-62ZA, проект дома 182,09 м², планировка дома, планы этажей, готовый проект дома, оригинальная планировка, газобетон, catalog-plans.ru"
"Проект дома №63-30L площадью 134,51 м² с планировками",https://raw.githubusercontent.com/nemchenik/test/0d914bce6920c8382fb3a50f11ae3de3cb6574e0/pinterest/generated_batch_60_floor_plans_tech_static/63-30L.jpg,Готовые проекты домов,,"Проект дома №63-30L: площадь 134,51 м², 2 этажа, габариты 8.6×12.35 м, материал стен — газобетон. На карточке показаны оригинальные планировки этажей. Сохраните планы дома и откройте проект, чтобы узнать подробности и актуальную стоимость.",https://catalog-plans.ru/catalog/63-30L?utm_source=pinterest&utm_medium=organic&utm_campaign=generated_floor_plans_tech_static_batch_60&utm_content=pin_11418_63-30L_plans&utm_term=proekty-domov-s-planirovkami,,"проект дома 63-30L, проект дома 134,51 м², планировка дома, планы этажей, готовый проект дома, оригинальная планировка, газобетон, catalog-plans.ru"
"Проект дома №31-91 площадью 239,1 м² с планировками",https://raw.githubusercontent.com/nemchenik/test/0d914bce6920c8382fb3a50f11ae3de3cb6574e0/pinterest/generated_batch_60_floor_plans_tech_static/31-91.jpg,Готовые проекты домов,,"Проект дома №31-91: площадь 239,1 м², 3 этажа, габариты 14.08×15.65 м, материал стен — газобетон. На карточке показаны оригинальные планировки этажей. Сохраните планы дома и откройте проект, чтобы узнать подробности и актуальную стоимость.",https://catalog-plans.ru/catalog/31-91?utm_source=pinterest&utm_medium=organic&utm_campaign=generated_floor_plans_tech_static_batch_60&utm_content=pin_11419_31-91_plans&utm_term=proekty-domov-s-planirovkami,,"проект дома 31-91, проект дома 239,1 м², планировка дома, планы этажей, готовый проект дома, оригинальная планировка, газобетон, catalog-plans.ru"
"Проект дома №59-79BK площадью 143,58 м² с планировками",https://raw.githubusercontent.com/nemchenik/test/0d914bce6920c8382fb3a50f11ae3de3cb6574e0/pinterest/generated_batch_60_floor_plans_tech_static/59-79BK.jpg,Готовые проекты домов,,"Проект дома №59-79BK: площадь 143,58 м², 2 этажа, габариты 10×10 м, материал стен — кирпич. На карточке показаны оригинальные планировки этажей. Сохраните планы дома и откройте проект, чтобы узнать подробности и актуальную стоимость.",https://catalog-plans.ru/catalog/59-79BK?utm_source=pinterest&utm_medium=organic&utm_campaign=generated_floor_plans_tech_static_batch_60&utm_content=pin_11420_59-79BK_plans&utm_term=proekty-domov-s-planirovkami,,"проект дома 59-79BK, проект дома 143,58 м², планировка дома, планы этажей, готовый проект дома, оригинальная планировка, кирпич, catalog-plans.ru"
"Проект дома №57-74DA площадью 300,55 м² с планировками",https://raw.githubusercontent.com/nemchenik/test/0d914bce6920c8382fb3a50f11ae3de3cb6574e0/pinterest/generated_batch_60_floor_plans_tech_static/57-74DA.jpg,Готовые проекты домов,,"Проект дома №57-74DA: площадь 300,55 м², 2 этажа, габариты 15.29×15.88 м, материал стен — газобетон. На карточке показаны оригинальные планировки этажей. Сохраните планы дома и откройте проект, чтобы узнать подробности и актуальную стоимость.",https://catalog-plans.ru/catalog/57-74DA?utm_source=pinterest&utm_medium=organic&utm_campaign=generated_floor_plans_tech_static_batch_60&utm_content=pin_11421_57-74DA_plans&utm_term=proekty-domov-s-planirovkami,,"проект дома 57-74DA, проект дома 300,55 м², планировка дома, планы этажей, готовый проект дома, оригинальная планировка, газобетон, catalog-plans.ru"
"Проект дома №64-32 площадью 157,08 м² с планировками",https://raw.githubusercontent.com/nemchenik/test/0d914bce6920c8382fb3a50f11ae3de3cb6574e0/pinterest/generated_batch_60_floor_plans_tech_static/64-32.jpg,Готовые проекты домов,,"Проект дома №64-32: площадь 157,08 м², 2 этажа, габариты 13×14.25 м, материал стен — газобетон. На карточке показаны оригинальные планировки этажей. Сохраните планы дома и откройте проект, чтобы узнать подробности и актуальную стоимость.",https://catalog-plans.ru/catalog/64-32?utm_source=pinterest&utm_medium=organic&utm_campaign=generated_floor_plans_tech_static_batch_60&utm_content=pin_11422_64-32_plans&utm_term=proekty-domov-s-planirovkami,,"проект дома 64-32, проект дома 157,08 м², планировка дома, планы этажей, готовый проект дома, оригинальная планировка, газобетон, catalog-plans.ru"
"Проект дома №69-08 площадью 98,7 м² с планировками",https://raw.githubusercontent.com/nemchenik/test/0d914bce6920c8382fb3a50f11ae3de3cb6574e0/pinterest/generated_batch_60_floor_plans_tech_static/69-08.jpg,Готовые проекты домов,,"Проект дома №69-08: площадь 98,7 м², 2 этажа, габариты 7.5×9.35 м, материал стен — газобетон. На карточке показаны оригинальные планировки этажей. Сохраните планы дома и откройте проект, чтобы узнать подробности и актуальную стоимость.",https://catalog-plans.ru/catalog/69-08?utm_source=pinterest&utm_medium=organic&utm_campaign=generated_floor_plans_tech_static_batch_60&utm_content=pin_11423_69-08_plans&utm_term=proekty-domov-s-planirovkami,,"проект дома 69-08, проект дома 98,7 м², планировка дома, планы этажей, готовый проект дома, оригинальная планировка, газобетон, catalog-plans.ru"
Проект дома №54-47 площадью 234 м² с планировками,https://raw.githubusercontent.com/nemchenik/test/0d914bce6920c8382fb3a50f11ae3de3cb6574e0/pinterest/generated_batch_60_floor_plans_tech_static/54-47.jpg,Готовые проекты домов,,"Проект дома №54-47: площадь 234 м², 3 этажа, габариты 12×13.2 м, материал стен — газобетон. На карточке показаны оригинальные планировки этажей. Сохраните планы дома и откройте проект, чтобы узнать подробности и актуальную стоимость.",https://catalog-plans.ru/catalog/54-47?utm_source=pinterest&utm_medium=organic&utm_campaign=generated_floor_plans_tech_static_batch_60&utm_content=pin_11424_54-47_plans&utm_term=proekty-domov-s-planirovkami,,"проект дома 54-47, проект дома 234 м², планировка дома, планы этажей, готовый проект дома, оригинальная планировка, газобетон, catalog-plans.ru"
"Проект дома №40-45BEL площадью 305,12 м² с планировками",https://raw.githubusercontent.com/nemchenik/test/0d914bce6920c8382fb3a50f11ae3de3cb6574e0/pinterest/generated_batch_60_floor_plans_tech_static/40-45BEL.jpg,Готовые проекты домов,,"Проект дома №40-45BEL: площадь 305,12 м², 2 этажа, габариты 14.34×17.15 м, материал стен — кирпич. На карточке показаны оригинальные планировки этажей. Сохраните планы дома и откройте проект, чтобы узнать подробности и актуальную стоимость.",https://catalog-plans.ru/catalog/40-45BEL?utm_source=pinterest&utm_medium=organic&utm_campaign=generated_floor_plans_tech_static_batch_60&utm_content=pin_11425_40-45BEL_plans&utm_term=proekty-domov-s-planirovkami,,"проект дома 40-45BEL, проект дома 305,12 м², планировка дома, планы этажей, готовый проект дома, оригинальная планировка, кирпич, catalog-plans.ru"
"Проект дома №65-50 площадью 170,57 м² с планировками",https://raw.githubusercontent.com/nemchenik/test/0d914bce6920c8382fb3a50f11ae3de3cb6574e0/pinterest/generated_batch_60_floor_plans_tech_static/65-50.jpg,Готовые проекты домов,,"Проект дома №65-50: площадь 170,57 м², 1 этаж, габариты 16.35×18.3 м, материал стен — газобетон. На карточке показаны оригинальные планировки этажей. Сохраните планы дома и откройте проект, чтобы узнать подробности и актуальную стоимость.",https://catalog-plans.ru/catalog/65-50?utm_source=pinterest&utm_medium=organic&utm_campaign=generated_floor_plans_tech_static_batch_60&utm_content=pin_11426_65-50_plans&utm_term=proekty-domov-s-planirovkami,,"проект дома 65-50, проект дома 170,57 м², планировка дома, планы этажей, готовый проект дома, оригинальная планировка, газобетон, catalog-plans.ru"
"Проект дома №48-21E площадью 267,15 м² с планировками",https://raw.githubusercontent.com/nemchenik/test/0d914bce6920c8382fb3a50f11ae3de3cb6574e0/pinterest/generated_batch_60_floor_plans_tech_static/48-21E.jpg,Готовые проекты домов,,"Проект дома №48-21E: площадь 267,15 м², 2 этажа, габариты 13.76×15.94 м, материал стен — кирпич. На карточке показаны оригинальные планировки этажей. Сохраните планы дома и откройте проект, чтобы узнать подробности и актуальную стоимость.",https://catalog-plans.ru/catalog/48-21E?utm_source=pinterest&utm_medium=organic&utm_campaign=generated_floor_plans_tech_static_batch_60&utm_content=pin_11427_48-21E_plans&utm_term=proekty-domov-s-planirovkami,,"проект дома 48-21E, проект дома 267,15 м², планировка дома, планы этажей, готовый проект дома, оригинальная планировка, кирпич, catalog-plans.ru"
"Проект дома №45-64MAG площадью 433,05 м² с планировками",https://raw.githubusercontent.com/nemchenik/test/0d914bce6920c8382fb3a50f11ae3de3cb6574e0/pinterest/generated_batch_60_floor_plans_tech_static/45-64MAG.jpg,Готовые проекты домов,,"Проект дома №45-64MAG: площадь 433,05 м², 2 этажа, габариты 13.96×27.21 м, материал стен — газобетон. На карточке показаны оригинальные планировки этажей. Сохраните планы дома и откройте проект, чтобы узнать подробности и актуальную стоимость.",https://catalog-plans.ru/catalog/45-64MAG?utm_source=pinterest&utm_medium=organic&utm_campaign=generated_floor_plans_tech_static_batch_60&utm_content=pin_11428_45-64MAG_plans&utm_term=proekty-domov-s-planirovkami,,"проект дома 45-64MAG, проект дома 433,05 м², планировка дома, планы этажей, готовый проект дома, оригинальная планировка, газобетон, catalog-plans.ru"
"Проект дома №58-10HD2L площадью 221,34 м² с планировками",https://raw.githubusercontent.com/nemchenik/test/0d914bce6920c8382fb3a50f11ae3de3cb6574e0/pinterest/generated_batch_60_floor_plans_tech_static/58-10HD2L.jpg,Готовые проекты домов,,"Проект дома №58-10HD2L: площадь 221,34 м², 2 этажа, габариты 13.06×16.56 м, материал стен — газобетон. На карточке показаны оригинальные планировки этажей. Сохраните планы дома и откройте проект, чтобы узнать подробности и актуальную стоимость.",https://catalog-plans.ru/catalog/58-10HD2L?utm_source=pinterest&utm_medium=organic&utm_campaign=generated_floor_plans_tech_static_batch_60&utm_content=pin_11429_58-10HD2L_plans&utm_term=proekty-domov-s-planirovkami,,"проект дома 58-10HD2L, проект дома 221,34 м², планировка дома, планы этажей, готовый проект дома, оригинальная планировка, газобетон, catalog-plans.ru"
"Проект дома №64-86 площадью 135,75 м² с планировками",https://raw.githubusercontent.com/nemchenik/test/0d914bce6920c8382fb3a50f11ae3de3cb6574e0/pinterest/generated_batch_60_floor_plans_tech_static/64-86.jpg,Готовые проекты домов,,"Проект дома №64-86: площадь 135,75 м², 2 этажа, габариты 9.5×14 м, материал стен — газобетон. На карточке показаны оригинальные планировки этажей. Сохраните планы дома и откройте проект, чтобы узнать подробности и актуальную стоимость.",https://catalog-plans.ru/catalog/64-86?utm_source=pinterest&utm_medium=organic&utm_campaign=generated_floor_plans_tech_static_batch_60&utm_content=pin_11430_64-86_plans&utm_term=proekty-domov-s-planirovkami,,"проект дома 64-86, проект дома 135,75 м², планировка дома, планы этажей, готовый проект дома, оригинальная планировка, газобетон, catalog-plans.ru"
"Проект дома №58-66EDL площадью 543,66 м² с планировками",https://raw.githubusercontent.com/nemchenik/test/0d914bce6920c8382fb3a50f11ae3de3cb6574e0/pinterest/generated_batch_60_floor_plans_tech_static/58-66EDL.jpg,Готовые проекты домов,,"Проект дома №58-66EDL: площадь 543,66 м², 3 этажа, габариты 19.87×20.07 м, материал стен — газобетон. На карточке показаны оригинальные планировки этажей. Сохраните планы дома и откройте проект, чтобы узнать подробности и актуальную стоимость.",https://catalog-plans.ru/catalog/58-66EDL?utm_source=pinterest&utm_medium=organic&utm_campaign=generated_floor_plans_tech_static_batch_60&utm_content=pin_11431_58-66EDL_plans&utm_term=proekty-domov-s-planirovkami,,"проект дома 58-66EDL, проект дома 543,66 м², планировка дома, планы этажей, готовый проект дома, оригинальная планировка, газобетон, catalog-plans.ru"
"Проект дома №40-11BL площадью 266,98 м² с планировками",https://raw.githubusercontent.com/nemchenik/test/0d914bce6920c8382fb3a50f11ae3de3cb6574e0/pinterest/generated_batch_60_floor_plans_tech_static/40-11BL.jpg,Готовые проекты домов,,"Проект дома №40-11BL: площадь 266,98 м², 3 этажа, габариты 13.8×14.04 м, материал стен — газобетон. На карточке показаны оригинальные планировки этажей. Сохраните планы дома и откройте проект, чтобы узнать подробности и актуальную стоимость.",https://catalog-plans.ru/catalog/40-11BL?utm_source=pinterest&utm_medium=organic&utm_campaign=generated_floor_plans_tech_static_batch_60&utm_content=pin_11432_40-11BL_plans&utm_term=proekty-domov-s-planirovkami,,"проект дома 40-11BL, проект дома 266,98 м², планировка дома, планы этажей, готовый проект дома, оригинальная планировка, газобетон, catalog-plans.ru"
"Проект дома №48-29FCL площадью 405,44 м² с планировками",https://raw.githubusercontent.com/nemchenik/test/0d914bce6920c8382fb3a50f11ae3de3cb6574e0/pinterest/generated_batch_60_floor_plans_tech_static/48-29FCL.jpg,Готовые проекты домов,,"Проект дома №48-29FCL: площадь 405,44 м², 2 этажа, габариты 16.58×25.42 м, материал стен — кирпич. На карточке показаны оригинальные планировки этажей. Сохраните планы дома и откройте проект, чтобы узнать подробности и актуальную стоимость.",https://catalog-plans.ru/catalog/48-29FCL?utm_source=pinterest&utm_medium=organic&utm_campaign=generated_floor_plans_tech_static_batch_60&utm_content=pin_11433_48-29FCL_plans&utm_term=proekty-domov-s-planirovkami,,"проект дома 48-29FCL, проект дома 405,44 м², планировка дома, планы этажей, готовый проект дома, оригинальная планировка, кирпич, catalog-plans.ru"
"Проект дома №46-08ABGL площадью 345,15 м² с планировками",https://raw.githubusercontent.com/nemchenik/test/0d914bce6920c8382fb3a50f11ae3de3cb6574e0/pinterest/generated_batch_60_floor_plans_tech_static/46-08ABGL.jpg,Готовые проекты домов,,"Проект дома №46-08ABGL: площадь 345,15 м², 2 этажа, габариты 14.06×26.16 м, материал стен — газобетон. На карточке показаны оригинальные планировки этажей. Сохраните планы дома и откройте проект, чтобы узнать подробности и актуальную стоимость.",https://catalog-plans.ru/catalog/46-08ABGL?utm_source=pinterest&utm_medium=organic&utm_campaign=generated_floor_plans_tech_static_batch_60&utm_content=pin_11434_46-08ABGL_plans&utm_term=proekty-domov-s-planirovkami,,"проект дома 46-08ABGL, проект дома 345,15 м², планировка дома, планы этажей, готовый проект дома, оригинальная планировка, газобетон, catalog-plans.ru"
"Проект дома №62-78FDK2L площадью 294,47 м² с планировками",https://raw.githubusercontent.com/nemchenik/test/0d914bce6920c8382fb3a50f11ae3de3cb6574e0/pinterest/generated_batch_60_floor_plans_tech_static/62-78FDK2L.jpg,Готовые проекты домов,,"Проект дома №62-78FDK2L: площадь 294,47 м², 1 этаж, габариты 22.425×28.46 м, материал стен — кирпич. На карточке показаны оригинальные планировки этажей. Сохраните планы дома и откройте проект, чтобы узнать подробности и актуальную стоимость.",https://catalog-plans.ru/catalog/62-78FDK2L?utm_source=pinterest&utm_medium=organic&utm_campaign=generated_floor_plans_tech_static_batch_60&utm_content=pin_11435_62-78FDK2L_plans&utm_term=proekty-domov-s-planirovkami,,"проект дома 62-78FDK2L, проект дома 294,47 м², планировка дома, планы этажей, готовый проект дома, оригинальная планировка, кирпич, catalog-plans.ru"
"Проект дома №57-63QL площадью 166,52 м² с планировками",https://raw.githubusercontent.com/nemchenik/test/0d914bce6920c8382fb3a50f11ae3de3cb6574e0/pinterest/generated_batch_60_floor_plans_tech_static/57-63QL.jpg,Готовые проекты домов,,"Проект дома №57-63QL: площадь 166,52 м², 2 этажа, габариты 11.16×11.96 м, материал стен — газобетон. На карточке показаны оригинальные планировки этажей. Сохраните планы дома и откройте проект, чтобы узнать подробности и актуальную стоимость.",https://catalog-plans.ru/catalog/57-63QL?utm_source=pinterest&utm_medium=organic&utm_campaign=generated_floor_plans_tech_static_batch_60&utm_content=pin_11436_57-63QL_plans&utm_term=proekty-domov-s-planirovkami,,"проект дома 57-63QL, проект дома 166,52 м², планировка дома, планы этажей, готовый проект дома, оригинальная планировка, газобетон, catalog-plans.ru"
"Проект дома №58-00 площадью 201,46 м² с планировками",https://raw.githubusercontent.com/nemchenik/test/0d914bce6920c8382fb3a50f11ae3de3cb6574e0/pinterest/generated_batch_60_floor_plans_tech_static/58-00.jpg,Готовые проекты домов,,"Проект дома №58-00: площадь 201,46 м², 2 этажа, габариты 12.9×14.9 м, материал стен — газобетон. На карточке показаны оригинальные планировки этажей. Сохраните планы дома и откройте проект, чтобы узнать подробности и актуальную стоимость.",https://catalog-plans.ru/catalog/58-00?utm_source=pinterest&utm_medium=organic&utm_campaign=generated_floor_plans_tech_static_batch_60&utm_content=pin_11437_58-00_plans&utm_term=proekty-domov-s-planirovkami,,"проект дома 58-00, проект дома 201,46 м², планировка дома, планы этажей, готовый проект дома, оригинальная планировка, газобетон, catalog-plans.ru"
"Проект дома №13-19 площадью 167,17 м² с планировками",https://raw.githubusercontent.com/nemchenik/test/0d914bce6920c8382fb3a50f11ae3de3cb6574e0/pinterest/generated_batch_60_floor_plans_tech_static/13-19.jpg,Готовые проекты домов,,"Проект дома №13-19: площадь 167,17 м², 2 этажа, габариты 11.34×12.89 м, материал стен — дерево. На карточке показаны оригинальные планировки этажей. Сохраните планы дома и откройте проект, чтобы узнать подробности и актуальную стоимость.",https://catalog-plans.ru/catalog/13-19?utm_source=pinterest&utm_medium=organic&utm_campaign=generated_floor_plans_tech_static_batch_60&utm_content=pin_11438_13-19_plans&utm_term=proekty-domov-s-planirovkami,,"проект дома 13-19, проект дома 167,17 м², планировка дома, планы этажей, готовый проект дома, оригинальная планировка, дерево, catalog-plans.ru"
"Проект дома №63-65B площадью 216,27 м² с планировками",https://raw.githubusercontent.com/nemchenik/test/0d914bce6920c8382fb3a50f11ae3de3cb6574e0/pinterest/generated_batch_60_floor_plans_tech_static/63-65B.jpg,Готовые проекты домов,,"Проект дома №63-65B: площадь 216,27 м², 2 этажа, габариты 9.8×17.25 м, материал стен — газобетон. На карточке показаны оригинальные планировки этажей. Сохраните планы дома и откройте проект, чтобы узнать подробности и актуальную стоимость.",https://catalog-plans.ru/catalog/63-65B?utm_source=pinterest&utm_medium=organic&utm_campaign=generated_floor_plans_tech_static_batch_60&utm_content=pin_11439_63-65B_plans&utm_term=proekty-domov-s-planirovkami,,"проект дома 63-65B, проект дома 216,27 м², планировка дома, планы этажей, готовый проект дома, оригинальная планировка, газобетон, catalog-plans.ru"
"Проект дома №62-07PAB площадью 224,4 м² с планировками",https://raw.githubusercontent.com/nemchenik/test/0d914bce6920c8382fb3a50f11ae3de3cb6574e0/pinterest/generated_batch_60_floor_plans_tech_static/62-07PAB.jpg,Готовые проекты домов,,"Проект дома №62-07PAB: площадь 224,4 м², 2 этажа, габариты 12.3×13.3 м, материал стен — газобетон. На карточке показаны оригинальные планировки этажей. Сохраните планы дома и откройте проект, чтобы узнать подробности и актуальную стоимость.",https://catalog-plans.ru/catalog/62-07PAB?utm_source=pinterest&utm_medium=organic&utm_campaign=generated_floor_plans_tech_static_batch_60&utm_content=pin_11440_62-07PAB_plans&utm_term=proekty-domov-s-planirovkami,,"проект дома 62-07PAB, проект дома 224,4 м², планировка дома, планы этажей, готовый проект дома, оригинальная планировка, газобетон, catalog-plans.ru"
"Проект дома №65-33AF площадью 120,11 м² с планировками",https://raw.githubusercontent.com/nemchenik/test/0d914bce6920c8382fb3a50f11ae3de3cb6574e0/pinterest/generated_batch_60_floor_plans_tech_static/65-33AF.jpg,Готовые проекты домов,,"Проект дома №65-33AF: площадь 120,11 м², 1 этаж, габариты 9.4×15.4 м, материал стен — газобетон. На карточке показаны оригинальные планировки этажей. Сохраните планы дома и откройте проект, чтобы узнать подробности и актуальную стоимость.",https://catalog-plans.ru/catalog/65-33AF?utm_source=pinterest&utm_medium=organic&utm_campaign=generated_floor_plans_tech_static_batch_60&utm_content=pin_11441_65-33AF_plans&utm_term=proekty-domov-s-planirovkami,,"проект дома 65-33AF, проект дома 120,11 м², планировка дома, планы этажей, готовый проект дома, оригинальная планировка, газобетон, catalog-plans.ru"
"Проект дома №40-69 площадью 167,99 м² с планировками",https://raw.githubusercontent.com/nemchenik/test/0d914bce6920c8382fb3a50f11ae3de3cb6574e0/pinterest/generated_batch_60_floor_plans_tech_static/40-69.jpg,Готовые проекты домов,,"Проект дома №40-69: площадь 167,99 м², 2 этажа, габариты 9.65×12.37 м, материал стен — кирпич. На карточке показаны оригинальные планировки этажей. Сохраните планы дома и откройте проект, чтобы узнать подробности и актуальную стоимость.",https://catalog-plans.ru/catalog/40-69?utm_source=pinterest&utm_medium=organic&utm_campaign=generated_floor_plans_tech_static_batch_60&utm_content=pin_11442_40-69_plans&utm_term=proekty-domov-s-planirovkami,,"проект дома 40-69, проект дома 167,99 м², планировка дома, планы этажей, готовый проект дома, оригинальная планировка, кирпич, catalog-plans.ru"
"Проект дома №57-29FAL площадью 170,65 м² с планировками",https://raw.githubusercontent.com/nemchenik/test/0d914bce6920c8382fb3a50f11ae3de3cb6574e0/pinterest/generated_batch_60_floor_plans_tech_static/57-29FAL.jpg,Готовые проекты домов,,"Проект дома №57-29FAL: площадь 170,65 м², 2 этажа, габариты 9.08×14.51 м, материал стен — газобетон. На карточке показаны оригинальные планировки этажей. Сохраните планы дома и откройте проект, чтобы узнать подробности и актуальную стоимость.",https://catalog-plans.ru/catalog/57-29FAL?utm_source=pinterest&utm_medium=organic&utm_campaign=generated_floor_plans_tech_static_batch_60&utm_content=pin_11443_57-29FAL_plans&utm_term=proekty-domov-s-planirovkami,,"проект дома 57-29FAL, проект дома 170,65 м², планировка дома, планы этажей, готовый проект дома, оригинальная планировка, газобетон, catalog-plans.ru"
"Проект дома №57-05X площадью 170,72 м² с планировками",https://raw.githubusercontent.com/nemchenik/test/0d914bce6920c8382fb3a50f11ae3de3cb6574e0/pinterest/generated_batch_60_floor_plans_tech_static/57-05X.jpg,Готовые проекты домов,,"Проект дома №57-05X: площадь 170,72 м², 2 этажа, габариты 10.88×10.88 м, материал стен — арболитовые блоки 400. На карточке показаны оригинальные планировки этажей. Сохраните планы дома и откройте проект, чтобы узнать подробности и актуальную стоимость.",https://catalog-plans.ru/catalog/57-05X?utm_source=pinterest&utm_medium=organic&utm_campaign=generated_floor_plans_tech_static_batch_60&utm_content=pin_11444_57-05X_plans&utm_term=proekty-domov-s-planirovkami,,"проект дома 57-05X, проект дома 170,72 м², планировка дома, планы этажей, готовый проект дома, оригинальная планировка, арболитовые блоки 400, catalog-plans.ru"
"Проект дома №57-30CABK1 площадью 264,97 м² с планировками",https://raw.githubusercontent.com/nemchenik/test/0d914bce6920c8382fb3a50f11ae3de3cb6574e0/pinterest/generated_batch_60_floor_plans_tech_static/57-30CABK1.jpg,Готовые проекты домов,,"Проект дома №57-30CABK1: площадь 264,97 м², 2 этажа, габариты 15.76×12.18 м, материал стен — кирпич. На карточке показаны оригинальные планировки этажей. Сохраните планы дома и откройте проект, чтобы узнать подробности и актуальную стоимость.",https://catalog-plans.ru/catalog/57-30CABK1?utm_source=pinterest&utm_medium=organic&utm_campaign=generated_floor_plans_tech_static_batch_60&utm_content=pin_11445_57-30CABK1_plans&utm_term=proekty-domov-s-planirovkami,,"проект дома 57-30CABK1, проект дома 264,97 м², планировка дома, планы этажей, готовый проект дома, оригинальная планировка, кирпич, catalog-plans.ru"
"Проект дома №40-64GL площадью 218,37 м² с планировками",https://raw.githubusercontent.com/nemchenik/test/0d914bce6920c8382fb3a50f11ae3de3cb6574e0/pinterest/generated_batch_60_floor_plans_tech_static/40-64GL.jpg,Готовые проекты домов,,"Проект дома №40-64GL: площадь 218,37 м², 2 этажа, габариты 10.71×16.76 м, материал стен — газобетон. На карточке показаны оригинальные планировки этажей. Сохраните планы дома и откройте проект, чтобы узнать подробности и актуальную стоимость.",https://catalog-plans.ru/catalog/40-64GL?utm_source=pinterest&utm_medium=organic&utm_campaign=generated_floor_plans_tech_static_batch_60&utm_content=pin_11446_40-64GL_plans&utm_term=proekty-domov-s-planirovkami,,"проект дома 40-64GL, проект дома 218,37 м², планировка дома, планы этажей, готовый проект дома, оригинальная планировка, газобетон, catalog-plans.ru"
"Проект дома №58-36 площадью 220,33 м² с планировками",https://raw.githubusercontent.com/nemchenik/test/0d914bce6920c8382fb3a50f11ae3de3cb6574e0/pinterest/generated_batch_60_floor_plans_tech_static/58-36.jpg,Готовые проекты домов,,"Проект дома №58-36: площадь 220,33 м², 2 этажа, габариты 12.86×15.76 м, материал стен — газобетон. На карточке показаны оригинальные планировки этажей. Сохраните планы дома и откройте проект, чтобы узнать подробности и актуальную стоимость.",https://catalog-plans.ru/catalog/58-36?utm_source=pinterest&utm_medium=organic&utm_campaign=generated_floor_plans_tech_static_batch_60&utm_content=pin_11447_58-36_plans&utm_term=proekty-domov-s-planirovkami,,"проект дома 58-36, проект дома 220,33 м², планировка дома, планы этажей, готовый проект дома, оригинальная планировка, газобетон, catalog-plans.ru"
"Проект дома №63-37L площадью 50,26 м² с планировками",https://raw.githubusercontent.com/nemchenik/test/0d914bce6920c8382fb3a50f11ae3de3cb6574e0/pinterest/generated_batch_60_floor_plans_tech_static/63-37L.jpg,Готовые проекты домов,,"Проект дома №63-37L: площадь 50,26 м², 1 этаж, габариты 7.4×11.55 м, материал стен — газобетон. На карточке показаны оригинальные планировки этажей. Сохраните планы дома и откройте проект, чтобы узнать подробности и актуальную стоимость.",https://catalog-plans.ru/catalog/63-37L?utm_source=pinterest&utm_medium=organic&utm_campaign=generated_floor_plans_tech_static_batch_60&utm_content=pin_11448_63-37L_plans&utm_term=proekty-domov-s-planirovkami,,"проект дома 63-37L, проект дома 50,26 м², планировка дома, планы этажей, готовый проект дома, оригинальная планировка, газобетон, catalog-plans.ru"
"Проект дома №69-22 площадью 161,73 м² с планировками",https://raw.githubusercontent.com/nemchenik/test/0d914bce6920c8382fb3a50f11ae3de3cb6574e0/pinterest/generated_batch_60_floor_plans_tech_static/69-22.jpg,Готовые проекты домов,,"Проект дома №69-22: площадь 161,73 м², 2 этажа, габариты 9.9×11.4 м, материал стен — газобетон. На карточке показаны оригинальные планировки этажей. Сохраните планы дома и откройте проект, чтобы узнать подробности и актуальную стоимость.",https://catalog-plans.ru/catalog/69-22?utm_source=pinterest&utm_medium=organic&utm_campaign=generated_floor_plans_tech_static_batch_60&utm_content=pin_11449_69-22_plans&utm_term=proekty-domov-s-planirovkami,,"проект дома 69-22, проект дома 161,73 м², планировка дома, планы этажей, готовый проект дома, оригинальная планировка, газобетон, catalog-plans.ru"
"Проект дома №34-34 площадью 212,8 м² с планировками",https://raw.githubusercontent.com/nemchenik/test/0d914bce6920c8382fb3a50f11ae3de3cb6574e0/pinterest/generated_batch_60_floor_plans_tech_static/34-34.jpg,Готовые проекты домов,,"Проект дома №34-34: площадь 212,8 м², 2 этажа, габариты 12×16 м, материал стен — кирпич. На карточке показаны оригинальные планировки этажей. Сохраните планы дома и откройте проект, чтобы узнать подробности и актуальную стоимость.",https://catalog-plans.ru/catalog/34-34?utm_source=pinterest&utm_medium=organic&utm_campaign=generated_floor_plans_tech_static_batch_60&utm_content=pin_11450_34-34_plans&utm_term=proekty-domov-s-planirovkami,,"проект дома 34-34, проект дома 212,8 м², планировка дома, планы этажей, готовый проект дома, оригинальная планировка, кирпич, catalog-plans.ru"
"Проект дома №47-82 площадью 455,4 м² с планировками",https://raw.githubusercontent.com/nemchenik/test/0d914bce6920c8382fb3a50f11ae3de3cb6574e0/pinterest/generated_batch_60_floor_plans_tech_static/47-82.jpg,Готовые проекты домов,,"Проект дома №47-82: площадь 455,4 м², 2 этажа, габариты 14.7×32.06 м, материал стен — кирпич. На карточке показаны оригинальные планировки этажей. Сохраните планы дома и откройте проект, чтобы узнать подробности и актуальную стоимость.",https://catalog-plans.ru/catalog/47-82?utm_source=pinterest&utm_medium=organic&utm_campaign=generated_floor_plans_tech_static_batch_60&utm_content=pin_11451_47-82_plans&utm_term=proekty-domov-s-planirovkami,,"проект дома 47-82, проект дома 455,4 м², планировка дома, планы этажей, готовый проект дома, оригинальная планировка, кирпич, catalog-plans.ru"
"Проект дома №62-03AB площадью 153,24 м² с планировками",https://raw.githubusercontent.com/nemchenik/test/0d914bce6920c8382fb3a50f11ae3de3cb6574e0/pinterest/generated_batch_60_floor_plans_tech_static/62-03AB.jpg,Готовые проекты домов,,"Проект дома №62-03AB: площадь 153,24 м², 1 этаж, габариты 15.4×16.13 м, материал стен — газобетон. На карточке показаны оригинальные планировки этажей. Сохраните планы дома и откройте проект, чтобы узнать подробности и актуальную стоимость.",https://catalog-plans.ru/catalog/62-03AB?utm_source=pinterest&utm_medium=organic&utm_campaign=generated_floor_plans_tech_static_batch_60&utm_content=pin_11452_62-03AB_plans&utm_term=proekty-domov-s-planirovkami,,"проект дома 62-03AB, проект дома 153,24 м², планировка дома, планы этажей, готовый проект дома, оригинальная планировка, газобетон, catalog-plans.ru"
"Проект дома №49-24 площадью 241,1 м² с планировками",https://raw.githubusercontent.com/nemchenik/test/0d914bce6920c8382fb3a50f11ae3de3cb6574e0/pinterest/generated_batch_60_floor_plans_tech_static/49-24.jpg,Готовые проекты домов,,"Проект дома №49-24: площадь 241,1 м², 3 этажа, габариты 14.1×15.3 м, материал стен — газобетон. На карточке показаны оригинальные планировки этажей. Сохраните планы дома и откройте проект, чтобы узнать подробности и актуальную стоимость.",https://catalog-plans.ru/catalog/49-24?utm_source=pinterest&utm_medium=organic&utm_campaign=generated_floor_plans_tech_static_batch_60&utm_content=pin_11453_49-24_plans&utm_term=proekty-domov-s-planirovkami,,"проект дома 49-24, проект дома 241,1 м², планировка дома, планы этажей, готовый проект дома, оригинальная планировка, газобетон, catalog-plans.ru"
"Проект дома №36-14 площадью 438,5 м² с планировками",https://raw.githubusercontent.com/nemchenik/test/0d914bce6920c8382fb3a50f11ae3de3cb6574e0/pinterest/generated_batch_60_floor_plans_tech_static/36-14.jpg,Готовые проекты домов,,"Проект дома №36-14: площадь 438,5 м², 2 этажа, габариты 16.5×19.1 м, материал стен — кирпич. На карточке показаны оригинальные планировки этажей. Сохраните планы дома и откройте проект, чтобы узнать подробности и актуальную стоимость.",https://catalog-plans.ru/catalog/36-14?utm_source=pinterest&utm_medium=organic&utm_campaign=generated_floor_plans_tech_static_batch_60&utm_content=pin_11454_36-14_plans&utm_term=proekty-domov-s-planirovkami,,"проект дома 36-14, проект дома 438,5 м², планировка дома, планы этажей, готовый проект дома, оригинальная планировка, кирпич, catalog-plans.ru"
"Проект дома №58-58X площадью 75,51 м² с планировками",https://raw.githubusercontent.com/nemchenik/test/0d914bce6920c8382fb3a50f11ae3de3cb6574e0/pinterest/generated_batch_60_floor_plans_tech_static/58-58X.jpg,Готовые проекты домов,,"Проект дома №58-58X: площадь 75,51 м², 2 этажа, габариты 6.24×9.24 м, материал стен — блоки из ракушечника 570. На карточке показаны оригинальные планировки этажей. Сохраните планы дома и откройте проект, чтобы узнать подробности и актуальную стоимость.",https://catalog-plans.ru/catalog/58-58X?utm_source=pinterest&utm_medium=organic&utm_campaign=generated_floor_plans_tech_static_batch_60&utm_content=pin_11455_58-58X_plans&utm_term=proekty-domov-s-planirovkami,,"проект дома 58-58X, проект дома 75,51 м², планировка дома, планы этажей, готовый проект дома, оригинальная планировка, блоки из ракушечника 570, catalog-plans.ru"
"Проект дома №60-59 площадью 323,42 м² с планировками",https://raw.githubusercontent.com/nemchenik/test/0d914bce6920c8382fb3a50f11ae3de3cb6574e0/pinterest/generated_batch_60_floor_plans_tech_static/60-59.jpg,Готовые проекты домов,,"Проект дома №60-59: площадь 323,42 м², 2 этажа, габариты 12.66×27.76 м, материал стен — газобетон. На карточке показаны оригинальные планировки этажей. Сохраните планы дома и откройте проект, чтобы узнать подробности и актуальную стоимость.",https://catalog-plans.ru/catalog/60-59?utm_source=pinterest&utm_medium=organic&utm_campaign=generated_floor_plans_tech_static_batch_60&utm_content=pin_11456_60-59_plans&utm_term=proekty-domov-s-planirovkami,,"проект дома 60-59, проект дома 323,42 м², планировка дома, планы этажей, готовый проект дома, оригинальная планировка, газобетон, catalog-plans.ru"
"Проект дома №64-28BAL площадью 133,54 м² с планировками",https://raw.githubusercontent.com/nemchenik/test/0d914bce6920c8382fb3a50f11ae3de3cb6574e0/pinterest/generated_batch_60_floor_plans_tech_static/64-28BAL.jpg,Готовые проекты домов,,"Проект дома №64-28BAL: площадь 133,54 м², 2 этажа, габариты 9.05×11.1 м, материал стен — газобетон. На карточке показаны оригинальные планировки этажей. Сохраните планы дома и откройте проект, чтобы узнать подробности и актуальную стоимость.",https://catalog-plans.ru/catalog/64-28BAL?utm_source=pinterest&utm_medium=organic&utm_campaign=generated_floor_plans_tech_static_batch_60&utm_content=pin_11457_64-28BAL_plans&utm_term=proekty-domov-s-planirovkami,,"проект дома 64-28BAL, проект дома 133,54 м², планировка дома, планы этажей, готовый проект дома, оригинальная планировка, газобетон, catalog-plans.ru"
"Проект дома №61-02 площадью 249,5 м² с планировками",https://raw.githubusercontent.com/nemchenik/test/0d914bce6920c8382fb3a50f11ae3de3cb6574e0/pinterest/generated_batch_60_floor_plans_tech_static/61-02.jpg,Готовые проекты домов,,"Проект дома №61-02: площадь 249,5 м², 2 этажа, габариты 15.31×17.76 м, материал стен — газобетон. На карточке показаны оригинальные планировки этажей. Сохраните планы дома и откройте проект, чтобы узнать подробности и актуальную стоимость.",https://catalog-plans.ru/catalog/61-02?utm_source=pinterest&utm_medium=organic&utm_campaign=generated_floor_plans_tech_static_batch_60&utm_content=pin_11458_61-02_plans&utm_term=proekty-domov-s-planirovkami,,"проект дома 61-02, проект дома 249,5 м², планировка дома, планы этажей, готовый проект дома, оригинальная планировка, газобетон, catalog-plans.ru"
Проект дома №51-00 площадью 202 м² с планировками,https://raw.githubusercontent.com/nemchenik/test/0d914bce6920c8382fb3a50f11ae3de3cb6574e0/pinterest/generated_batch_60_floor_plans_tech_static/51-00.jpg,Готовые проекты домов,,"Проект дома №51-00: площадь 202 м², 2 этажа, габариты 11.62×12.82 м, материал стен — газобетон. На карточке показаны оригинальные планировки этажей. Сохраните планы дома и откройте проект, чтобы узнать подробности и актуальную стоимость.",https://catalog-plans.ru/catalog/51-00?utm_source=pinterest&utm_medium=organic&utm_campaign=generated_floor_plans_tech_static_batch_60&utm_content=pin_11459_51-00_plans&utm_term=proekty-domov-s-planirovkami,,"проект дома 51-00, проект дома 202 м², планировка дома, планы этажей, готовый проект дома, оригинальная планировка, газобетон, catalog-plans.ru"
"Проект дома №59-66 площадью 91,1 м² с планировками",https://raw.githubusercontent.com/nemchenik/test/0d914bce6920c8382fb3a50f11ae3de3cb6574e0/pinterest/generated_batch_60_floor_plans_tech_static/59-66.jpg,Готовые проекты домов,,"Проект дома №59-66: площадь 91,1 м², 2 этажа, габариты 7.85×7.95 м, материал стен — газобетон. На карточке показаны оригинальные планировки этажей. Сохраните планы дома и откройте проект, чтобы узнать подробности и актуальную стоимость.",https://catalog-plans.ru/catalog/59-66?utm_source=pinterest&utm_medium=organic&utm_campaign=generated_floor_plans_tech_static_batch_60&utm_content=pin_11460_59-66_plans&utm_term=proekty-domov-s-planirovkami,,"проект дома 59-66, проект дома 91,1 м², планировка дома, планы этажей, готовый проект дома, оригинальная планировка, газобетон, catalog-plans.ru"
"Проект дома №58-09K площадью 171,99 м² с планировками",https://raw.githubusercontent.com/nemchenik/test/0d914bce6920c8382fb3a50f11ae3de3cb6574e0/pinterest/generated_batch_60_floor_plans_tech_static/58-09K.jpg,Готовые проекты домов,,"Проект дома №58-09K: площадь 171,99 м², 2 этажа, габариты 12×14 м, материал стен — кирпич. На карточке показаны оригинальные планировки этажей. Сохраните планы дома и откройте проект, чтобы узнать подробности и актуальную стоимость.",https://catalog-plans.ru/catalog/58-09K?utm_source=pinterest&utm_medium=organic&utm_campaign=generated_floor_plans_tech_static_batch_60&utm_content=pin_11461_58-09K_plans&utm_term=proekty-domov-s-planirovkami,,"проект дома 58-09K, проект дома 171,99 м², планировка дома, планы этажей, готовый проект дома, оригинальная планировка, кирпич, catalog-plans.ru"
"Проект дома №57-27FBK1L площадью 236,46 м² с планировками",https://raw.githubusercontent.com/nemchenik/test/0d914bce6920c8382fb3a50f11ae3de3cb6574e0/pinterest/generated_batch_60_floor_plans_tech_static/57-27FBK1L.jpg,Готовые проекты домов,,"Проект дома №57-27FBK1L: площадь 236,46 м², 2 этажа, габариты 11.56×12.16 м, материал стен — кирпич. На карточке показаны оригинальные планировки этажей. Сохраните планы дома и откройте проект, чтобы узнать подробности и актуальную стоимость.",https://catalog-plans.ru/catalog/57-27FBK1L?utm_source=pinterest&utm_medium=organic&utm_campaign=generated_floor_plans_tech_static_batch_60&utm_content=pin_11462_57-27FBK1L_plans&utm_term=proekty-domov-s-planirovkami,,"проект дома 57-27FBK1L, проект дома 236,46 м², планировка дома, планы этажей, готовый проект дома, оригинальная планировка, кирпич, catalog-plans.ru"
"Проект дома №57-13KBAGL площадью 142,02 м² с планировками",https://raw.githubusercontent.com/nemchenik/test/0d914bce6920c8382fb3a50f11ae3de3cb6574e0/pinterest/generated_batch_60_floor_plans_tech_static/57-13KBAGL.jpg,Готовые проекты домов,,"Проект дома №57-13KBAGL: площадь 142,02 м², 2 этажа, габариты 8.6×12 м, материал стен — газобетон. На карточке показаны оригинальные планировки этажей. Сохраните планы дома и откройте проект, чтобы узнать подробности и актуальную стоимость.",https://catalog-plans.ru/catalog/57-13KBAGL?utm_source=pinterest&utm_medium=organic&utm_campaign=generated_floor_plans_tech_static_batch_60&utm_content=pin_11463_57-13KBAGL_plans&utm_term=proekty-domov-s-planirovkami,,"проект дома 57-13KBAGL, проект дома 142,02 м², планировка дома, планы этажей, готовый проект дома, оригинальная планировка, газобетон, catalog-plans.ru"
"Проект дома №40-04AK площадью 133,08 м² с планировками",https://raw.githubusercontent.com/nemchenik/test/0d914bce6920c8382fb3a50f11ae3de3cb6574e0/pinterest/generated_batch_60_floor_plans_tech_static/40-04AK.jpg,Готовые проекты домов,,"Проект дома №40-04AK: площадь 133,08 м², 2 этажа, габариты 9.62×10.12 м, материал стен — кирпич. На карточке показаны оригинальные планировки этажей. Сохраните планы дома и откройте проект, чтобы узнать подробности и актуальную стоимость.",https://catalog-plans.ru/catalog/40-04AK?utm_source=pinterest&utm_medium=organic&utm_campaign=generated_floor_plans_tech_static_batch_60&utm_content=pin_11464_40-04AK_plans&utm_term=proekty-domov-s-planirovkami,,"проект дома 40-04AK, проект дома 133,08 м², планировка дома, планы этажей, готовый проект дома, оригинальная планировка, кирпич, catalog-plans.ru"
"Проект дома №48-20DG площадью 91,41 м² с планировками",https://raw.githubusercontent.com/nemchenik/test/0d914bce6920c8382fb3a50f11ae3de3cb6574e0/pinterest/generated_batch_60_floor_plans_tech_static/48-20DG.jpg,Готовые проекты домов,,"Проект дома №48-20DG: площадь 91,41 м², 2 этажа, габариты 8.82×8.82 м, материал стен — газобетон. На карточке показаны оригинальные планировки этажей. Сохраните планы дома и откройте проект, чтобы узнать подробности и актуальную стоимость.",https://catalog-plans.ru/catalog/48-20DG?utm_source=pinterest&utm_medium=organic&utm_campaign=generated_floor_plans_tech_static_batch_60&utm_content=pin_11465_48-20DG_plans&utm_term=proekty-domov-s-planirovkami,,"проект дома 48-20DG, проект дома 91,41 м², планировка дома, планы этажей, готовый проект дома, оригинальная планировка, газобетон, catalog-plans.ru"
"Проект дома №62-39A площадью 136,6 м² с планировками",https://raw.githubusercontent.com/nemchenik/test/0d914bce6920c8382fb3a50f11ae3de3cb6574e0/pinterest/generated_batch_60_floor_plans_tech_static/62-39A.jpg,Готовые проекты домов,,"Проект дома №62-39A: площадь 136,6 м², 1 этаж, габариты 11.55×15.1 м, материал стен — газобетон. На карточке показаны оригинальные планировки этажей. Сохраните планы дома и откройте проект, чтобы узнать подробности и актуальную стоимость.",https://catalog-plans.ru/catalog/62-39A?utm_source=pinterest&utm_medium=organic&utm_campaign=generated_floor_plans_tech_static_batch_60&utm_content=pin_11466_62-39A_plans&utm_term=proekty-domov-s-planirovkami,,"проект дома 62-39A, проект дома 136,6 м², планировка дома, планы этажей, готовый проект дома, оригинальная планировка, газобетон, catalog-plans.ru"
"Проект дома №47-84 площадью 362,4 м² с планировками",https://raw.githubusercontent.com/nemchenik/test/0d914bce6920c8382fb3a50f11ae3de3cb6574e0/pinterest/generated_batch_60_floor_plans_tech_static/47-84.jpg,Готовые проекты домов,,"Проект дома №47-84: площадь 362,4 м², 2 этажа, габариты 10.24×11.24 м, материал стен — кирпич. На карточке показаны оригинальные планировки этажей. Сохраните планы дома и откройте проект, чтобы узнать подробности и актуальную стоимость.",https://catalog-plans.ru/catalog/47-84?utm_source=pinterest&utm_medium=organic&utm_campaign=generated_floor_plans_tech_static_batch_60&utm_content=pin_11467_47-84_plans&utm_term=proekty-domov-s-planirovkami,,"проект дома 47-84, проект дома 362,4 м², планировка дома, планы этажей, готовый проект дома, оригинальная планировка, кирпич, catalog-plans.ru"
"Проект дома №65-45 площадью 127,39 м² с планировками",https://raw.githubusercontent.com/nemchenik/test/0d914bce6920c8382fb3a50f11ae3de3cb6574e0/pinterest/generated_batch_60_floor_plans_tech_static/65-45.jpg,Готовые проекты домов,,"Проект дома №65-45: площадь 127,39 м², 1 этаж, габариты 12×12.85 м, материал стен — газобетон. На карточке показаны оригинальные планировки этажей. Сохраните планы дома и откройте проект, чтобы узнать подробности и актуальную стоимость.",https://catalog-plans.ru/catalog/65-45?utm_source=pinterest&utm_medium=organic&utm_campaign=generated_floor_plans_tech_static_batch_60&utm_content=pin_11468_65-45_plans&utm_term=proekty-domov-s-planirovkami,,"проект дома 65-45, проект дома 127,39 м², планировка дома, планы этажей, готовый проект дома, оригинальная планировка, газобетон, catalog-plans.ru"
"Проект дома №57-51BAKL площадью 115,65 м² с планировками",https://raw.githubusercontent.com/nemchenik/test/0d914bce6920c8382fb3a50f11ae3de3cb6574e0/pinterest/generated_batch_60_floor_plans_tech_static/57-51BAKL.jpg,Готовые проекты домов,,"Проект дома №57-51BAKL: площадь 115,65 м², 2 этажа, габариты 9.28×10.78 м, материал стен — кирпич. На карточке показаны оригинальные планировки этажей. Сохраните планы дома и откройте проект, чтобы узнать подробности и актуальную стоимость.",https://catalog-plans.ru/catalog/57-51BAKL?utm_source=pinterest&utm_medium=organic&utm_campaign=generated_floor_plans_tech_static_batch_60&utm_content=pin_11469_57-51BAKL_plans&utm_term=proekty-domov-s-planirovkami,,"проект дома 57-51BAKL, проект дома 115,65 м², планировка дома, планы этажей, готовый проект дома, оригинальная планировка, кирпич, catalog-plans.ru"
"Проект дома №68-44 площадью 145,59 м² с планировками",https://raw.githubusercontent.com/nemchenik/test/0d914bce6920c8382fb3a50f11ae3de3cb6574e0/pinterest/generated_batch_60_floor_plans_tech_static/68-44.jpg,Готовые проекты домов,,"Проект дома №68-44: площадь 145,59 м², 1 этаж, габариты 10.89×17.6 м, материал стен — газобетон. На карточке показаны оригинальные планировки этажей. Сохраните планы дома и откройте проект, чтобы узнать подробности и актуальную стоимость.",https://catalog-plans.ru/catalog/68-44?utm_source=pinterest&utm_medium=organic&utm_campaign=generated_floor_plans_tech_static_batch_60&utm_content=pin_11470_68-44_plans&utm_term=proekty-domov-s-planirovkami,,"проект дома 68-44, проект дома 145,59 м², планировка дома, планы этажей, готовый проект дома, оригинальная планировка, газобетон, catalog-plans.ru"
"Проект дома №72-28 площадью 89,7 м² с планировками",https://raw.githubusercontent.com/nemchenik/test/0d914bce6920c8382fb3a50f11ae3de3cb6574e0/pinterest/generated_batch_60_floor_plans_tech_static/72-28.jpg,Готовые проекты домов,,"Проект дома №72-28: площадь 89,7 м², 2 этажа, габариты 6.98×10.08 м, материал стен — газобетон. На карточке показаны оригинальные планировки этажей. Сохраните планы дома и откройте проект, чтобы узнать подробности и актуальную стоимость.",https://catalog-plans.ru/catalog/72-28?utm_source=pinterest&utm_medium=organic&utm_campaign=generated_floor_plans_tech_static_batch_60&utm_content=pin_11471_72-28_plans&utm_term=proekty-domov-s-planirovkami,,"проект дома 72-28, проект дома 89,7 м², планировка дома, планы этажей, готовый проект дома, оригинальная планировка, газобетон, catalog-plans.ru"
"Проект дома №45-64BBGL площадью 390,1 м² с планировками",https://raw.githubusercontent.com/nemchenik/test/0d914bce6920c8382fb3a50f11ae3de3cb6574e0/pinterest/generated_batch_60_floor_plans_tech_static/45-64BBGL.jpg,Готовые проекты домов,,"Проект дома №45-64BBGL: площадь 390,1 м², 2 этажа, габариты 14.19×19.4 м, материал стен — газобетон. На карточке показаны оригинальные планировки этажей. Сохраните планы дома и откройте проект, чтобы узнать подробности и актуальную стоимость.",https://catalog-plans.ru/catalog/45-64BBGL?utm_source=pinterest&utm_medium=organic&utm_campaign=generated_floor_plans_tech_static_batch_60&utm_content=pin_11472_45-64BBGL_plans&utm_term=proekty-domov-s-planirovkami,,"проект дома 45-64BBGL, проект дома 390,1 м², планировка дома, планы этажей, готовый проект дома, оригинальная планировка, газобетон, catalog-plans.ru"
"Проект дома №48-50L площадью 599,67 м² с планировками",https://raw.githubusercontent.com/nemchenik/test/0d914bce6920c8382fb3a50f11ae3de3cb6574e0/pinterest/generated_batch_60_floor_plans_tech_static/48-50L.jpg,Готовые проекты домов,,"Проект дома №48-50L: площадь 599,67 м², 3 этажа, габариты 18.92×28.03 м, материал стен — монолитный каркас. На карточке показаны оригинальные планировки этажей. Сохраните планы дома и откройте проект, чтобы узнать подробности и актуальную стоимость.",https://catalog-plans.ru/catalog/48-50L?utm_source=pinterest&utm_medium=organic&utm_campaign=generated_floor_plans_tech_static_batch_60&utm_content=pin_11473_48-50L_plans&utm_term=proekty-domov-s-planirovkami,,"проект дома 48-50L, проект дома 599,67 м², планировка дома, планы этажей, готовый проект дома, оригинальная планировка, монолитный каркас, catalog-plans.ru"
"Проект дома №57-39K1MAL площадью 247,59 м² с планировками",https://raw.githubusercontent.com/nemchenik/test/0d914bce6920c8382fb3a50f11ae3de3cb6574e0/pinterest/generated_batch_60_floor_plans_tech_static/57-39K1MAL.jpg,Готовые проекты домов,,"Проект дома №57-39K1MAL: площадь 247,59 м², 2 этажа, габариты 12.97×14.62 м, материал стен — кирпич. На карточке показаны оригинальные планировки этажей. Сохраните планы дома и откройте проект, чтобы узнать подробности и актуальную стоимость.",https://catalog-plans.ru/catalog/57-39K1MAL?utm_source=pinterest&utm_medium=organic&utm_campaign=generated_floor_plans_tech_static_batch_60&utm_content=pin_11474_57-39K1MAL_plans&utm_term=proekty-domov-s-planirovkami,,"проект дома 57-39K1MAL, проект дома 247,59 м², планировка дома, планы этажей, готовый проект дома, оригинальная планировка, кирпич, catalog-plans.ru"
"Проект дома №46-34L площадью 116,74 м² с планировками",https://raw.githubusercontent.com/nemchenik/test/0d914bce6920c8382fb3a50f11ae3de3cb6574e0/pinterest/generated_batch_60_floor_plans_tech_static/46-34L.jpg,Готовые проекты домов,,"Проект дома №46-34L: площадь 116,74 м², 2 этажа, габариты 9.57×10.37 м, материал стен — кирпич. На карточке показаны оригинальные планировки этажей. Сохраните планы дома и откройте проект, чтобы узнать подробности и актуальную стоимость.",https://catalog-plans.ru/catalog/46-34L?utm_source=pinterest&utm_medium=organic&utm_campaign=generated_floor_plans_tech_static_batch_60&utm_content=pin_11475_46-34L_plans&utm_term=proekty-domov-s-planirovkami,,"проект дома 46-34L, проект дома 116,74 м², планировка дома, планы этажей, готовый проект дома, оригинальная планировка, кирпич, catalog-plans.ru"
"Проект дома №40-75CAGL площадью 232,26 м² с планировками",https://raw.githubusercontent.com/nemchenik/test/0d914bce6920c8382fb3a50f11ae3de3cb6574e0/pinterest/generated_batch_60_floor_plans_tech_static/40-75CAGL.jpg,Готовые проекты домов,,"Проект дома №40-75CAGL: площадь 232,26 м², 2 этажа, габариты 15.7×16.05 м, материал стен — газобетон. На карточке показаны оригинальные планировки этажей. Сохраните планы дома и откройте проект, чтобы узнать подробности и актуальную стоимость.",https://catalog-plans.ru/catalog/40-75CAGL?utm_source=pinterest&utm_medium=organic&utm_campaign=generated_floor_plans_tech_static_batch_60&utm_content=pin_11476_40-75CAGL_plans&utm_term=proekty-domov-s-planirovkami,,"проект дома 40-75CAGL, проект дома 232,26 м², планировка дома, планы этажей, готовый проект дома, оригинальная планировка, газобетон, catalog-plans.ru"
"Проект дома №62-24AL площадью 192,34 м² с планировками",https://raw.githubusercontent.com/nemchenik/test/0d914bce6920c8382fb3a50f11ae3de3cb6574e0/pinterest/generated_batch_60_floor_plans_tech_static/62-24AL.jpg,Готовые проекты домов,,"Проект дома №62-24AL: площадь 192,34 м², 2 этажа, габариты 10.1×12.92 м, материал стен — газобетон. На карточке показаны оригинальные планировки этажей. Сохраните планы дома и откройте проект, чтобы узнать подробности и актуальную стоимость.",https://catalog-plans.ru/catalog/62-24AL?utm_source=pinterest&utm_medium=organic&utm_campaign=generated_floor_plans_tech_static_batch_60&utm_content=pin_11477_62-24AL_plans&utm_term=proekty-domov-s-planirovkami,,"проект дома 62-24AL, проект дома 192,34 м², планировка дома, планы этажей, готовый проект дома, оригинальная планировка, газобетон, catalog-plans.ru"
Проект дома №30-45 площадью 257 м² с планировками,https://raw.githubusercontent.com/nemchenik/test/0d914bce6920c8382fb3a50f11ae3de3cb6574e0/pinterest/generated_batch_60_floor_plans_tech_static/30-45.jpg,Готовые проекты домов,,"Проект дома №30-45: площадь 257 м², 2 этажа, габариты 11×11 м, материал стен — кирпич. На карточке показаны оригинальные планировки этажей. Сохраните планы дома и откройте проект, чтобы узнать подробности и актуальную стоимость.",https://catalog-plans.ru/catalog/30-45?utm_source=pinterest&utm_medium=organic&utm_campaign=generated_floor_plans_tech_static_batch_60&utm_content=pin_11478_30-45_plans&utm_term=proekty-domov-s-planirovkami,,"проект дома 30-45, проект дома 257 м², планировка дома, планы этажей, готовый проект дома, оригинальная планировка, кирпич, catalog-plans.ru"
"Проект дома №13-65 площадью 154,1 м² с планировками",https://raw.githubusercontent.com/nemchenik/test/0d914bce6920c8382fb3a50f11ae3de3cb6574e0/pinterest/generated_batch_60_floor_plans_tech_static/13-65.jpg,Готовые проекты домов,,"Проект дома №13-65: площадь 154,1 м², 2 этажа, габариты 9.2×16.7 м, материал стен — дерево. На карточке показаны оригинальные планировки этажей. Сохраните планы дома и откройте проект, чтобы узнать подробности и актуальную стоимость.",https://catalog-plans.ru/catalog/13-65?utm_source=pinterest&utm_medium=organic&utm_campaign=generated_floor_plans_tech_static_batch_60&utm_content=pin_11479_13-65_plans&utm_term=proekty-domov-s-planirovkami,,"проект дома 13-65, проект дома 154,1 м², планировка дома, планы этажей, готовый проект дома, оригинальная планировка, дерево, catalog-plans.ru"
Проект дома №80-02 площадью 225 м² с планировками,https://raw.githubusercontent.com/nemchenik/test/0d914bce6920c8382fb3a50f11ae3de3cb6574e0/pinterest/generated_batch_60_floor_plans_tech_static/80-02.jpg,Готовые проекты домов,,"Проект дома №80-02: площадь 225 м², 2 этажа, габариты 7.2×9.6 м, материал стен — газобетон. На карточке показаны оригинальные планировки этажей. Сохраните планы дома и откройте проект, чтобы узнать подробности и актуальную стоимость.",https://catalog-plans.ru/catalog/80-02?utm_source=pinterest&utm_medium=organic&utm_campaign=generated_floor_plans_tech_static_batch_60&utm_content=pin_11480_80-02_plans&utm_term=proekty-domov-s-planirovkami,,"проект дома 80-02, проект дома 225 м², планировка дома, планы этажей, готовый проект дома, оригинальная планировка, газобетон, catalog-plans.ru"
Проект дома №50-93 площадью 162 м² с планировками,https://raw.githubusercontent.com/nemchenik/test/0d914bce6920c8382fb3a50f11ae3de3cb6574e0/pinterest/generated_batch_60_floor_plans_tech_static/50-93.jpg,Готовые проекты домов,,"Проект дома №50-93: площадь 162 м², 2 этажа, габариты 10.1×13.7 м, материал стен — газобетон. На карточке показаны оригинальные планировки этажей. Сохраните планы дома и откройте проект, чтобы узнать подробности и актуальную стоимость.",https://catalog-plans.ru/catalog/50-93?utm_source=pinterest&utm_medium=organic&utm_campaign=generated_floor_plans_tech_static_batch_60&utm_content=pin_11481_50-93_plans&utm_term=proekty-domov-s-planirovkami,,"проект дома 50-93, проект дома 162 м², планировка дома, планы этажей, готовый проект дома, оригинальная планировка, газобетон, catalog-plans.ru"
"Проект дома №32-54 площадью 179,6 м² с планировками",https://raw.githubusercontent.com/nemchenik/test/0d914bce6920c8382fb3a50f11ae3de3cb6574e0/pinterest/generated_batch_60_floor_plans_tech_static/32-54.jpg,Готовые проекты домов,,"Проект дома №32-54: площадь 179,6 м², 2 этажа, габариты 8.4×10.7 м, материал стен — кирпич. На карточке показаны оригинальные планировки этажей. Сохраните планы дома и откройте проект, чтобы узнать подробности и актуальную стоимость.",https://catalog-plans.ru/catalog/32-54?utm_source=pinterest&utm_medium=organic&utm_campaign=generated_floor_plans_tech_static_batch_60&utm_content=pin_11482_32-54_plans&utm_term=proekty-domov-s-planirovkami,,"проект дома 32-54, проект дома 179,6 м², планировка дома, планы этажей, готовый проект дома, оригинальная планировка, кирпич, catalog-plans.ru"
"Проект дома №58-29F площадью 222,79 м² с планировками",https://raw.githubusercontent.com/nemchenik/test/0d914bce6920c8382fb3a50f11ae3de3cb6574e0/pinterest/generated_batch_60_floor_plans_tech_static/58-29F.jpg,Готовые проекты домов,,"Проект дома №58-29F: площадь 222,79 м², 2 этажа, габариты 10×11 м, материал стен — газобетон. На карточке показаны оригинальные планировки этажей. Сохраните планы дома и откройте проект, чтобы узнать подробности и актуальную стоимость.",https://catalog-plans.ru/catalog/58-29F?utm_source=pinterest&utm_medium=organic&utm_campaign=generated_floor_plans_tech_static_batch_60&utm_content=pin_11483_58-29F_plans&utm_term=proekty-domov-s-planirovkami,,"проект дома 58-29F, проект дома 222,79 м², планировка дома, планы этажей, готовый проект дома, оригинальная планировка, газобетон, catalog-plans.ru"
"Проект дома №63-39A площадью 134,48 м² с планировками",https://raw.githubusercontent.com/nemchenik/test/0d914bce6920c8382fb3a50f11ae3de3cb6574e0/pinterest/generated_batch_60_floor_plans_tech_static/63-39A.jpg,Готовые проекты домов,,"Проект дома №63-39A: площадь 134,48 м², 2 этажа, габариты 9.6×11.1 м, материал стен — газобетон. На карточке показаны оригинальные планировки этажей. Сохраните планы дома и откройте проект, чтобы узнать подробности и актуальную стоимость.",https://catalog-plans.ru/catalog/63-39A?utm_source=pinterest&utm_medium=organic&utm_campaign=generated_floor_plans_tech_static_batch_60&utm_content=pin_11484_63-39A_plans&utm_term=proekty-domov-s-planirovkami,,"проект дома 63-39A, проект дома 134,48 м², планировка дома, планы этажей, готовый проект дома, оригинальная планировка, газобетон, catalog-plans.ru"
"Проект дома №40-55BAL площадью 254,82 м² с планировками",https://raw.githubusercontent.com/nemchenik/test/0d914bce6920c8382fb3a50f11ae3de3cb6574e0/pinterest/generated_batch_60_floor_plans_tech_static/40-55BAL.jpg,Готовые проекты домов,,"Проект дома №40-55BAL: площадь 254,82 м², 2 этажа, габариты 14.14×19.53 м, материал стен — керамзитобетон. На карточке показаны оригинальные планировки этажей. Сохраните планы дома и откройте проект, чтобы узнать подробности и актуальную стоимость.",https://catalog-plans.ru/catalog/40-55BAL?utm_source=pinterest&utm_medium=organic&utm_campaign=generated_floor_plans_tech_static_batch_60&utm_content=pin_11485_40-55BAL_plans&utm_term=proekty-domov-s-planirovkami,,"проект дома 40-55BAL, проект дома 254,82 м², планировка дома, планы этажей, готовый проект дома, оригинальная планировка, керамзитобетон, catalog-plans.ru"
"Проект дома №47-56 площадью 266,5 м² с планировками",https://raw.githubusercontent.com/nemchenik/test/0d914bce6920c8382fb3a50f11ae3de3cb6574e0/pinterest/generated_batch_60_floor_plans_tech_static/47-56.jpg,Готовые проекты домов,,"Проект дома №47-56: площадь 266,5 м², 3 этажа, габариты 18.35×23.65 м, материал стен — кирпич. На карточке показаны оригинальные планировки этажей. Сохраните планы дома и откройте проект, чтобы узнать подробности и актуальную стоимость.",https://catalog-plans.ru/catalog/47-56?utm_source=pinterest&utm_medium=organic&utm_campaign=generated_floor_plans_tech_static_batch_60&utm_content=pin_11486_47-56_plans&utm_term=proekty-domov-s-planirovkami,,"проект дома 47-56, проект дома 266,5 м², планировка дома, планы этажей, готовый проект дома, оригинальная планировка, кирпич, catalog-plans.ru"
"Проект дома №57-85AL площадью 189,79 м² с планировками",https://raw.githubusercontent.com/nemchenik/test/0d914bce6920c8382fb3a50f11ae3de3cb6574e0/pinterest/generated_batch_60_floor_plans_tech_static/57-85AL.jpg,Готовые проекты домов,,"Проект дома №57-85AL: площадь 189,79 м², 2 этажа, габариты 13.05×15.45 м, материал стен — газобетон. На карточке показаны оригинальные планировки этажей. Сохраните планы дома и откройте проект, чтобы узнать подробности и актуальную стоимость.",https://catalog-plans.ru/catalog/57-85AL?utm_source=pinterest&utm_medium=organic&utm_campaign=generated_floor_plans_tech_static_batch_60&utm_content=pin_11487_57-85AL_plans&utm_term=proekty-domov-s-planirovkami,,"проект дома 57-85AL, проект дома 189,79 м², планировка дома, планы этажей, готовый проект дома, оригинальная планировка, газобетон, catalog-plans.ru"
"Проект дома №70-76 площадью 61,5 м² с планировками",https://raw.githubusercontent.com/nemchenik/test/0d914bce6920c8382fb3a50f11ae3de3cb6574e0/pinterest/generated_batch_60_floor_plans_tech_static/70-76.jpg,Готовые проекты домов,,"Проект дома №70-76: площадь 61,5 м², 1 этаж, габариты 8×8.8 м, материал стен — деревянный каркас. На карточке показаны оригинальные планировки этажей. Сохраните планы дома и откройте проект, чтобы узнать подробности и актуальную стоимость.",https://catalog-plans.ru/catalog/70-76?utm_source=pinterest&utm_medium=organic&utm_campaign=generated_floor_plans_tech_static_batch_60&utm_content=pin_11488_70-76_plans&utm_term=proekty-domov-s-planirovkami,,"проект дома 70-76, проект дома 61,5 м², планировка дома, планы этажей, готовый проект дома, оригинальная планировка, деревянный каркас, catalog-plans.ru"
"Проект дома №57-46XBL площадью 212,31 м² с планировками",https://raw.githubusercontent.com/nemchenik/test/0d914bce6920c8382fb3a50f11ae3de3cb6574e0/pinterest/generated_batch_60_floor_plans_tech_static/57-46XBL.jpg,Готовые проекты домов,,"Проект дома №57-46XBL: площадь 212,31 м², 2 этажа, габариты 11.2×12.4 м, материал стен — газобетон. На карточке показаны оригинальные планировки этажей. Сохраните планы дома и откройте проект, чтобы узнать подробности и актуальную стоимость.",https://catalog-plans.ru/catalog/57-46XBL?utm_source=pinterest&utm_medium=organic&utm_campaign=generated_floor_plans_tech_static_batch_60&utm_content=pin_11489_57-46XBL_plans&utm_term=proekty-domov-s-planirovkami,,"проект дома 57-46XBL, проект дома 212,31 м², планировка дома, планы этажей, готовый проект дома, оригинальная планировка, газобетон, catalog-plans.ru"
"Проект дома №58-81A площадью 159,94 м² с планировками",https://raw.githubusercontent.com/nemchenik/test/0d914bce6920c8382fb3a50f11ae3de3cb6574e0/pinterest/generated_batch_60_floor_plans_tech_static/58-81A.jpg,Готовые проекты домов,,"Проект дома №58-81A: площадь 159,94 м², 2 этажа, габариты 10.5×13 м, материал стен — газобетон. На карточке показаны оригинальные планировки этажей. Сохраните планы дома и откройте проект, чтобы узнать подробности и актуальную стоимость.",https://catalog-plans.ru/catalog/58-81A?utm_source=pinterest&utm_medium=organic&utm_campaign=generated_floor_plans_tech_static_batch_60&utm_content=pin_11490_58-81A_plans&utm_term=proekty-domov-s-planirovkami,,"проект дома 58-81A, проект дома 159,94 м², планировка дома, планы этажей, готовый проект дома, оригинальная планировка, газобетон, catalog-plans.ru"
Проект дома №15-03 площадью 123 м² с планировками,https://raw.githubusercontent.com/nemchenik/test/0d914bce6920c8382fb3a50f11ae3de3cb6574e0/pinterest/generated_batch_60_floor_plans_tech_static/15-03.jpg,Готовые проекты домов,,"Проект дома №15-03: площадь 123 м², 2 этажа, габариты 9×11 м, материал стен — дерево. На карточке показаны оригинальные планировки этажей. Сохраните планы дома и откройте проект, чтобы узнать подробности и актуальную стоимость.",https://catalog-plans.ru/catalog/15-03?utm_source=pinterest&utm_medium=organic&utm_campaign=generated_floor_plans_tech_static_batch_60&utm_content=pin_11491_15-03_plans&utm_term=proekty-domov-s-planirovkami,,"проект дома 15-03, проект дома 123 м², планировка дома, планы этажей, готовый проект дома, оригинальная планировка, дерево, catalog-plans.ru"
"Проект дома №33-47 площадью 213,2 м² с планировками",https://raw.githubusercontent.com/nemchenik/test/0d914bce6920c8382fb3a50f11ae3de3cb6574e0/pinterest/generated_batch_60_floor_plans_tech_static/33-47.jpg,Готовые проекты домов,,"Проект дома №33-47: площадь 213,2 м², 2 этажа, габариты 10.4×12 м, материал стен — кирпич. На карточке показаны оригинальные планировки этажей. Сохраните планы дома и откройте проект, чтобы узнать подробности и актуальную стоимость.",https://catalog-plans.ru/catalog/33-47?utm_source=pinterest&utm_medium=organic&utm_campaign=generated_floor_plans_tech_static_batch_60&utm_content=pin_11492_33-47_plans&utm_term=proekty-domov-s-planirovkami,,"проект дома 33-47, проект дома 213,2 м², планировка дома, планы этажей, готовый проект дома, оригинальная планировка, кирпич, catalog-plans.ru"
"Проект дома №50-84 площадью 251,79 м² с планировками",https://raw.githubusercontent.com/nemchenik/test/0d914bce6920c8382fb3a50f11ae3de3cb6574e0/pinterest/generated_batch_60_floor_plans_tech_static/50-84.jpg,Готовые проекты домов,,"Проект дома №50-84: площадь 251,79 м², 2 этажа, габариты 13.3×15.44 м, материал стен — газобетон. На карточке показаны оригинальные планировки этажей. Сохраните планы дома и откройте проект, чтобы узнать подробности и актуальную стоимость.",https://catalog-plans.ru/catalog/50-84?utm_source=pinterest&utm_medium=organic&utm_campaign=generated_floor_plans_tech_static_batch_60&utm_content=pin_11493_50-84_plans&utm_term=proekty-domov-s-planirovkami,,"проект дома 50-84, проект дома 251,79 м², планировка дома, планы этажей, готовый проект дома, оригинальная планировка, газобетон, catalog-plans.ru"
"Проект дома №57-05KNL площадью 156,92 м² с планировками",https://raw.githubusercontent.com/nemchenik/test/0d914bce6920c8382fb3a50f11ae3de3cb6574e0/pinterest/generated_batch_60_floor_plans_tech_static/57-05KNL.jpg,Готовые проекты домов,,"Проект дома №57-05KNL: площадь 156,92 м², 2 этажа, габариты 10.9×10.96 м, материал стен — керамзитобетон. На карточке показаны оригинальные планировки этажей. Сохраните планы дома и откройте проект, чтобы узнать подробности и актуальную стоимость.",https://catalog-plans.ru/catalog/57-05KNL?utm_source=pinterest&utm_medium=organic&utm_campaign=generated_floor_plans_tech_static_batch_60&utm_content=pin_11494_57-05KNL_plans&utm_term=proekty-domov-s-planirovkami,,"проект дома 57-05KNL, проект дома 156,92 м², планировка дома, планы этажей, готовый проект дома, оригинальная планировка, керамзитобетон, catalog-plans.ru"
"Проект дома №64-85 площадью 139,58 м² с планировками",https://raw.githubusercontent.com/nemchenik/test/0d914bce6920c8382fb3a50f11ae3de3cb6574e0/pinterest/generated_batch_60_floor_plans_tech_static/64-85.jpg,Готовые проекты домов,,"Проект дома №64-85: площадь 139,58 м², 2 этажа, габариты 10×10 м, материал стен — газобетон. На карточке показаны оригинальные планировки этажей. Сохраните планы дома и откройте проект, чтобы узнать подробности и актуальную стоимость.",https://catalog-plans.ru/catalog/64-85?utm_source=pinterest&utm_medium=organic&utm_campaign=generated_floor_plans_tech_static_batch_60&utm_content=pin_11495_64-85_plans&utm_term=proekty-domov-s-planirovkami,,"проект дома 64-85, проект дома 139,58 м², планировка дома, планы этажей, готовый проект дома, оригинальная планировка, газобетон, catalog-plans.ru"
Проект дома №60-01 площадью 205 м² с планировками,https://raw.githubusercontent.com/nemchenik/test/0d914bce6920c8382fb3a50f11ae3de3cb6574e0/pinterest/generated_batch_60_floor_plans_tech_static/60-01.jpg,Готовые проекты домов,,"Проект дома №60-01: площадь 205 м², 2 этажа, габариты 10.8×13.5 м, материал стен — ячеистые бетонные блоки. На карточке показаны оригинальные планировки этажей. Сохраните планы дома и откройте проект, чтобы узнать подробности и актуальную стоимость.",https://catalog-plans.ru/catalog/60-01?utm_source=pinterest&utm_medium=organic&utm_campaign=generated_floor_plans_tech_static_batch_60&utm_content=pin_11496_60-01_plans&utm_term=proekty-domov-s-planirovkami,,"проект дома 60-01, проект дома 205 м², планировка дома, планы этажей, готовый проект дома, оригинальная планировка, ячеистые бетонные блоки, catalog-plans.ru"
"Проект дома №40-67B площадью 483,17 м² с планировками",https://raw.githubusercontent.com/nemchenik/test/0d914bce6920c8382fb3a50f11ae3de3cb6574e0/pinterest/generated_batch_60_floor_plans_tech_static/40-67B.jpg,Готовые проекты домов,,"Проект дома №40-67B: площадь 483,17 м², 3 этажа, габариты 14.82×22.71 м, материал стен — кирпич. На карточке показаны оригинальные планировки этажей. Сохраните планы дома и откройте проект, чтобы узнать подробности и актуальную стоимость.",https://catalog-plans.ru/catalog/40-67B?utm_source=pinterest&utm_medium=organic&utm_campaign=generated_floor_plans_tech_static_batch_60&utm_content=pin_11497_40-67B_plans&utm_term=proekty-domov-s-planirovkami,,"проект дома 40-67B, проект дома 483,17 м², планировка дома, планы этажей, готовый проект дома, оригинальная планировка, кирпич, catalog-plans.ru"
"Проект дома №40-11RUS площадью 280,06 м² с планировками",https://raw.githubusercontent.com/nemchenik/test/0d914bce6920c8382fb3a50f11ae3de3cb6574e0/pinterest/generated_batch_60_floor_plans_tech_static/40-11RUS.jpg,Готовые проекты домов,,"Проект дома №40-11RUS: площадь 280,06 м², 3 этажа, габариты 13.64×13.88 м, материал стен — газобетон. На карточке показаны оригинальные планировки этажей. Сохраните планы дома и откройте проект, чтобы узнать подробности и актуальную стоимость.",https://catalog-plans.ru/catalog/40-11RUS?utm_source=pinterest&utm_medium=organic&utm_campaign=generated_floor_plans_tech_static_batch_60&utm_content=pin_11498_40-11RUS_plans&utm_term=proekty-domov-s-planirovkami,,"проект дома 40-11RUS, проект дома 280,06 м², планировка дома, планы этажей, готовый проект дома, оригинальная планировка, газобетон, catalog-plans.ru"
"Проект дома №45-66AGL площадью 442,68 м² с планировками",https://raw.githubusercontent.com/nemchenik/test/0d914bce6920c8382fb3a50f11ae3de3cb6574e0/pinterest/generated_batch_60_floor_plans_tech_static/45-66AGL.jpg,Готовые проекты домов,,"Проект дома №45-66AGL: площадь 442,68 м², 2 этажа, габариты 14.51×19.26 м, материал стен — газобетон. На карточке показаны оригинальные планировки этажей. Сохраните планы дома и откройте проект, чтобы узнать подробности и актуальную стоимость.",https://catalog-plans.ru/catalog/45-66AGL?utm_source=pinterest&utm_medium=organic&utm_campaign=generated_floor_plans_tech_static_batch_60&utm_content=pin_11499_45-66AGL_plans&utm_term=proekty-domov-s-planirovkami,,"проект дома 45-66AGL, проект дома 442,68 м², планировка дома, планы этажей, готовый проект дома, оригинальная планировка, газобетон, catalog-plans.ru"
"Проект дома №45-64ZADGL площадью 250,72 м² с планировками",https://raw.githubusercontent.com/nemchenik/test/0d914bce6920c8382fb3a50f11ae3de3cb6574e0/pinterest/generated_batch_60_floor_plans_tech_static/45-64ZADGL.jpg,Готовые проекты домов,,"Проект дома №45-64ZADGL: площадь 250,72 м², 2 этажа, габариты 11.35×17.9 м, материал стен — газобетон. На карточке показаны оригинальные планировки этажей. Сохраните планы дома и откройте проект, чтобы узнать подробности и актуальную стоимость.",https://catalog-plans.ru/catalog/45-64ZADGL?utm_source=pinterest&utm_medium=organic&utm_campaign=generated_floor_plans_tech_static_batch_60&utm_content=pin_11500_45-64ZADGL_plans&utm_term=proekty-domov-s-planirovkami,,"проект дома 45-64ZADGL, проект дома 250,72 м², планировка дома, планы этажей, готовый проект дома, оригинальная планировка, газобетон, catalog-plans.ru"
"Проект дома №52-92 площадью 523,9 м² с планировками",https://raw.githubusercontent.com/nemchenik/test/0d914bce6920c8382fb3a50f11ae3de3cb6574e0/pinterest/generated_batch_60_floor_plans_tech_static/52-92.jpg,Готовые проекты домов,,"Проект дома №52-92: площадь 523,9 м², 2 этажа, габариты 12.6×31.1 м, материал стен — газобетон. На карточке показаны оригинальные планировки этажей. Сохраните планы дома и откройте проект, чтобы узнать подробности и актуальную стоимость.",https://catalog-plans.ru/catalog/52-92?utm_source=pinterest&utm_medium=organic&utm_campaign=generated_floor_plans_tech_static_batch_60&utm_content=pin_11501_52-92_plans&utm_term=proekty-domov-s-planirovkami,,"проект дома 52-92, проект дома 523,9 м², планировка дома, планы этажей, готовый проект дома, оригинальная планировка, газобетон, catalog-plans.ru"
"Проект дома №34-46 площадью 204,5 м² с планировками",https://raw.githubusercontent.com/nemchenik/test/0d914bce6920c8382fb3a50f11ae3de3cb6574e0/pinterest/generated_batch_60_floor_plans_tech_static/34-46.jpg,Готовые проекты домов,,"Проект дома №34-46: площадь 204,5 м², 2 этажа, габариты 13.11×13.75 м, материал стен — кирпич. На карточке показаны оригинальные планировки этажей. Сохраните планы дома и откройте проект, чтобы узнать подробности и актуальную стоимость.",https://catalog-plans.ru/catalog/34-46?utm_source=pinterest&utm_medium=organic&utm_campaign=generated_floor_plans_tech_static_batch_60&utm_content=pin_11502_34-46_plans&utm_term=proekty-domov-s-planirovkami,,"проект дома 34-46, проект дома 204,5 м², планировка дома, планы этажей, готовый проект дома, оригинальная планировка, кирпич, catalog-plans.ru"
"Проект дома №60-61K площадью 186,91 м² с планировками",https://raw.githubusercontent.com/nemchenik/test/0d914bce6920c8382fb3a50f11ae3de3cb6574e0/pinterest/generated_batch_60_floor_plans_tech_static/60-61K.jpg,Готовые проекты домов,,"Проект дома №60-61K: площадь 186,91 м², 2 этажа, габариты 11.36×15.29 м, материал стен — натурального камня. На карточке показаны оригинальные планировки этажей. Сохраните планы дома и откройте проект, чтобы узнать подробности и актуальную стоимость.",https://catalog-plans.ru/catalog/60-61K?utm_source=pinterest&utm_medium=organic&utm_campaign=generated_floor_plans_tech_static_batch_60&utm_content=pin_11503_60-61K_plans&utm_term=proekty-domov-s-planirovkami,,"проект дома 60-61K, проект дома 186,91 м², планировка дома, планы этажей, готовый проект дома, оригинальная планировка, натурального камня, catalog-plans.ru"
"Проект дома №46-94KB площадью 241,32 м² с планировками",https://raw.githubusercontent.com/nemchenik/test/0d914bce6920c8382fb3a50f11ae3de3cb6574e0/pinterest/generated_batch_60_floor_plans_tech_static/46-94KB.jpg,Готовые проекты домов,,"Проект дома №46-94KB: площадь 241,32 м², 2 этажа, габариты 13.86×16.97 м, материал стен — керамзитобетон. На карточке показаны оригинальные планировки этажей. Сохраните планы дома и откройте проект, чтобы узнать подробности и актуальную стоимость.",https://catalog-plans.ru/catalog/46-94KB?utm_source=pinterest&utm_medium=organic&utm_campaign=generated_floor_plans_tech_static_batch_60&utm_content=pin_11504_46-94KB_plans&utm_term=proekty-domov-s-planirovkami,,"проект дома 46-94KB, проект дома 241,32 м², планировка дома, планы этажей, готовый проект дома, оригинальная планировка, керамзитобетон, catalog-plans.ru"
"Проект дома №34-92 площадью 171,5 м² с планировками",https://raw.githubusercontent.com/nemchenik/test/0d914bce6920c8382fb3a50f11ae3de3cb6574e0/pinterest/generated_batch_60_floor_plans_tech_static/34-92.jpg,Готовые проекты домов,,"Проект дома №34-92: площадь 171,5 м², 2 этажа, габариты 8.8×11.2 м, материал стен — кирпич. На карточке показаны оригинальные планировки этажей. Сохраните планы дома и откройте проект, чтобы узнать подробности и актуальную стоимость.",https://catalog-plans.ru/catalog/34-92?utm_source=pinterest&utm_medium=organic&utm_campaign=generated_floor_plans_tech_static_batch_60&utm_content=pin_11505_34-92_plans&utm_term=proekty-domov-s-planirovkami,,"проект дома 34-92, проект дома 171,5 м², планировка дома, планы этажей, готовый проект дома, оригинальная планировка, кирпич, catalog-plans.ru"
"Проект дома №38-94 площадью 231,3 м² с планировками",https://raw.githubusercontent.com/nemchenik/test/0d914bce6920c8382fb3a50f11ae3de3cb6574e0/pinterest/generated_batch_60_floor_plans_tech_static/38-94.jpg,Готовые проекты домов,,"Проект дома №38-94: площадь 231,3 м², 2 этажа, габариты 12.87×14.89 м, материал стен — кирпич. На карточке показаны оригинальные планировки этажей. Сохраните планы дома и откройте проект, чтобы узнать подробности и актуальную стоимость.",https://catalog-plans.ru/catalog/38-94?utm_source=pinterest&utm_medium=organic&utm_campaign=generated_floor_plans_tech_static_batch_60&utm_content=pin_11506_38-94_plans&utm_term=proekty-domov-s-planirovkami,,"проект дома 38-94, проект дома 231,3 м², планировка дома, планы этажей, готовый проект дома, оригинальная планировка, кирпич, catalog-plans.ru"
"Проект дома №45-64ZADBB площадью 392,91 м² с планировками",https://raw.githubusercontent.com/nemchenik/test/0d914bce6920c8382fb3a50f11ae3de3cb6574e0/pinterest/generated_batch_60_floor_plans_tech_static/45-64ZADBB.jpg,Готовые проекты домов,,"Проект дома №45-64ZADBB: площадь 392,91 м², 2 этажа, габариты 10.9×19.75 м, материал стен — газобетон. На карточке показаны оригинальные планировки этажей. Сохраните планы дома и откройте проект, чтобы узнать подробности и актуальную стоимость.",https://catalog-plans.ru/catalog/45-64ZADBB?utm_source=pinterest&utm_medium=organic&utm_campaign=generated_floor_plans_tech_static_batch_60&utm_content=pin_11507_45-64ZADBB_plans&utm_term=proekty-domov-s-planirovkami,,"проект дома 45-64ZADBB, проект дома 392,91 м², планировка дома, планы этажей, готовый проект дома, оригинальная планировка, газобетон, catalog-plans.ru"
"Проект дома №57-27 площадью 158,61 м² с планировками",https://raw.githubusercontent.com/nemchenik/test/0d914bce6920c8382fb3a50f11ae3de3cb6574e0/pinterest/generated_batch_60_floor_plans_tech_static/57-27.jpg,Готовые проекты домов,,"Проект дома №57-27: площадь 158,61 м², 2 этажа, габариты 11.3×11.9 м, материал стен — газобетон. На карточке показаны оригинальные планировки этажей. Сохраните планы дома и откройте проект, чтобы узнать подробности и актуальную стоимость.",https://catalog-plans.ru/catalog/57-27?utm_source=pinterest&utm_medium=organic&utm_campaign=generated_floor_plans_tech_static_batch_60&utm_content=pin_11508_57-27_plans&utm_term=proekty-domov-s-planirovkami,,"проект дома 57-27, проект дома 158,61 м², планировка дома, планы этажей, готовый проект дома, оригинальная планировка, газобетон, catalog-plans.ru"
"Проект дома №63-03A площадью 226,21 м² с планировками",https://raw.githubusercontent.com/nemchenik/test/0d914bce6920c8382fb3a50f11ae3de3cb6574e0/pinterest/generated_batch_60_floor_plans_tech_static/63-03A.jpg,Готовые проекты домов,,"Проект дома №63-03A: площадь 226,21 м², 2 этажа, габариты 13.92×14.31 м, материал стен — кирпич. На карточке показаны оригинальные планировки этажей. Сохраните планы дома и откройте проект, чтобы узнать подробности и актуальную стоимость.",https://catalog-plans.ru/catalog/63-03A?utm_source=pinterest&utm_medium=organic&utm_campaign=generated_floor_plans_tech_static_batch_60&utm_content=pin_11509_63-03A_plans&utm_term=proekty-domov-s-planirovkami,,"проект дома 63-03A, проект дома 226,21 м², планировка дома, планы этажей, готовый проект дома, оригинальная планировка, кирпич, catalog-plans.ru"
"Проект дома №57-49A площадью 451,22 м² с планировками",https://raw.githubusercontent.com/nemchenik/test/0d914bce6920c8382fb3a50f11ae3de3cb6574e0/pinterest/generated_batch_60_floor_plans_tech_static/57-49A.jpg,Готовые проекты домов,,"Проект дома №57-49A: площадь 451,22 м², 2 этажа, габариты 15.46×16.66 м, материал стен — газобетон. На карточке показаны оригинальные планировки этажей. Сохраните планы дома и откройте проект, чтобы узнать подробности и актуальную стоимость.",https://catalog-plans.ru/catalog/57-49A?utm_source=pinterest&utm_medium=organic&utm_campaign=generated_floor_plans_tech_static_batch_60&utm_content=pin_11510_57-49A_plans&utm_term=proekty-domov-s-planirovkami,,"проект дома 57-49A, проект дома 451,22 м², планировка дома, планы этажей, готовый проект дома, оригинальная планировка, газобетон, catalog-plans.ru"
"Проект дома №59-31 площадью 170,09 м² с планировками",https://raw.githubusercontent.com/nemchenik/test/0d914bce6920c8382fb3a50f11ae3de3cb6574e0/pinterest/generated_batch_60_floor_plans_tech_static/59-31.jpg,Готовые проекты домов,,"Проект дома №59-31: площадь 170,09 м², 2 этажа, габариты 8.3×12.3 м, материал стен — газобетон. На карточке показаны оригинальные планировки этажей. Сохраните планы дома и откройте проект, чтобы узнать подробности и актуальную стоимость.",https://catalog-plans.ru/catalog/59-31?utm_source=pinterest&utm_medium=organic&utm_campaign=generated_floor_plans_tech_static_batch_60&utm_content=pin_11511_59-31_plans&utm_term=proekty-domov-s-planirovkami,,"проект дома 59-31, проект дома 170,09 м², планировка дома, планы этажей, готовый проект дома, оригинальная планировка, газобетон, catalog-plans.ru"
