Title,Media URL,Pinterest board,Thumbnail,Description,Link,Publish date,Keywords
"Одноэтажные дома с планировкой: проект №64-75AG3, 134,55 м²",https://raw.githubusercontent.com/nemchenik/test/890e420372c454ec1d75b0a087aa53c228efd1b2/pinterest/generated_batch_67_raw_visual_plans_one_storey/64-75AG3.jpg,Одноэтажные дома с планировкой,,"Одноэтажные дома с планировкой — готовый проект №64-75AG3 площадью 134,55 м². Характеристики: 1 этаж, габариты 8.8×18.9 м, материал стен — газобетон. На изображении показаны оригинальная визуализация дома и реальные планы этажей. Сохраните планировку для сравнения и откройте проект в каталоге, чтобы посмотреть состав документации и актуальную стоимость.",https://catalog-plans.ru/catalog/64-75AG3?utm_source=pinterest&utm_medium=organic&utm_campaign=generated_raw_visual_plans_one_storey_batch_67&utm_content=pin_12712_64-75AG3_plans&utm_term=proekty-domov-s-planirovkami,,"одноэтажные дома с планировкой, проект дома 64-75AG3, дом 134,55 м², 1 этаж, планировка дома, планы этажей, готовый проект дома, газобетон, catalog-plans.ru"
"Двухэтажные дома с планировкой: проект №65-98, 338,4 м²",https://raw.githubusercontent.com/nemchenik/test/890e420372c454ec1d75b0a087aa53c228efd1b2/pinterest/generated_batch_68_raw_visual_plans_two_storey/65-98.jpg,Двухэтажные дома с планировкой,,"Двухэтажные дома с планировкой — готовый проект №65-98 площадью 338,4 м². Характеристики: 2 этажа, габариты 16.59×21.19 м, материал стен — кирпич. На изображении показаны оригинальная визуализация дома и реальные планы этажей. Сохраните планировку для сравнения и откройте проект в каталоге, чтобы посмотреть состав документации и актуальную стоимость.",https://catalog-plans.ru/catalog/65-98?utm_source=pinterest&utm_medium=organic&utm_campaign=generated_raw_visual_plans_two_storey_batch_68&utm_content=pin_12912_65-98_plans&utm_term=proekty-domov-s-planirovkami,,"двухэтажные дома с планировкой, проект дома 65-98, дом 338,4 м², 2 этажа, планировка дома, планы этажей, готовый проект дома, кирпич, catalog-plans.ru"
"Одноэтажные дома с планировкой: проект №62-79, 28,09 м²",https://raw.githubusercontent.com/nemchenik/test/890e420372c454ec1d75b0a087aa53c228efd1b2/pinterest/generated_batch_67_raw_visual_plans_one_storey/62-79.jpg,Одноэтажные дома с планировкой,,"Одноэтажные дома с планировкой — готовый проект №62-79 площадью 28,09 м². Характеристики: 1 этаж, габариты 4.8×8.5 м, материал стен — газобетон. На изображении показаны оригинальная визуализация дома и реальные планы этажей. Сохраните планировку для сравнения и откройте проект в каталоге, чтобы посмотреть состав документации и актуальную стоимость.",https://catalog-plans.ru/catalog/62-79?utm_source=pinterest&utm_medium=organic&utm_campaign=generated_raw_visual_plans_one_storey_batch_67&utm_content=pin_12713_62-79_plans&utm_term=proekty-domov-s-planirovkami,,"одноэтажные дома с планировкой, проект дома 62-79, дом 28,09 м², 1 этаж, планировка дома, планы этажей, готовый проект дома, газобетон, catalog-plans.ru"
"Двухэтажные дома с планировкой: проект №45-64MAG, 433,05 м²",https://raw.githubusercontent.com/nemchenik/test/890e420372c454ec1d75b0a087aa53c228efd1b2/pinterest/generated_batch_68_raw_visual_plans_two_storey/45-64MAG.jpg,Двухэтажные дома с планировкой,,"Двухэтажные дома с планировкой — готовый проект №45-64MAG площадью 433,05 м². Характеристики: 2 этажа, габариты 13.96×27.21 м, материал стен — газобетон. На изображении показаны оригинальная визуализация дома и реальные планы этажей. Сохраните планировку для сравнения и откройте проект в каталоге, чтобы посмотреть состав документации и актуальную стоимость.",https://catalog-plans.ru/catalog/45-64MAG?utm_source=pinterest&utm_medium=organic&utm_campaign=generated_raw_visual_plans_two_storey_batch_68&utm_content=pin_12913_45-64MAG_plans&utm_term=proekty-domov-s-planirovkami,,"двухэтажные дома с планировкой, проект дома 45-64MAG, дом 433,05 м², 2 этажа, планировка дома, планы этажей, готовый проект дома, газобетон, catalog-plans.ru"
"Одноэтажные дома с планировкой: проект №68-77, 153,45 м²",https://raw.githubusercontent.com/nemchenik/test/890e420372c454ec1d75b0a087aa53c228efd1b2/pinterest/generated_batch_67_raw_visual_plans_one_storey/68-77.jpg,Одноэтажные дома с планировкой,,"Одноэтажные дома с планировкой — готовый проект №68-77 площадью 153,45 м². Характеристики: 1 этаж, габариты 12.45×16.65 м, материал стен — газобетон. На изображении показаны оригинальная визуализация дома и реальные планы этажей. Сохраните планировку для сравнения и откройте проект в каталоге, чтобы посмотреть состав документации и актуальную стоимость.",https://catalog-plans.ru/catalog/68-77?utm_source=pinterest&utm_medium=organic&utm_campaign=generated_raw_visual_plans_one_storey_batch_67&utm_content=pin_12714_68-77_plans&utm_term=proekty-domov-s-planirovkami,,"одноэтажные дома с планировкой, проект дома 68-77, дом 153,45 м², 1 этаж, планировка дома, планы этажей, готовый проект дома, газобетон, catalog-plans.ru"
"Двухэтажные дома с планировкой: проект №64-97L, 167,31 м²",https://raw.githubusercontent.com/nemchenik/test/890e420372c454ec1d75b0a087aa53c228efd1b2/pinterest/generated_batch_68_raw_visual_plans_two_storey/64-97L.jpg,Двухэтажные дома с планировкой,,"Двухэтажные дома с планировкой — готовый проект №64-97L площадью 167,31 м². Характеристики: 2 этажа, габариты 10.1×11.6 м, материал стен — газобетон. На изображении показаны оригинальная визуализация дома и реальные планы этажей. Сохраните планировку для сравнения и откройте проект в каталоге, чтобы посмотреть состав документации и актуальную стоимость.",https://catalog-plans.ru/catalog/64-97L?utm_source=pinterest&utm_medium=organic&utm_campaign=generated_raw_visual_plans_two_storey_batch_68&utm_content=pin_12914_64-97L_plans&utm_term=proekty-domov-s-planirovkami,,"двухэтажные дома с планировкой, проект дома 64-97L, дом 167,31 м², 2 этажа, планировка дома, планы этажей, готовый проект дома, газобетон, catalog-plans.ru"
"Одноэтажные дома с планировкой: проект №46-09CGL, 300,18 м²",https://raw.githubusercontent.com/nemchenik/test/890e420372c454ec1d75b0a087aa53c228efd1b2/pinterest/generated_batch_67_raw_visual_plans_one_storey/46-09CGL.jpg,Одноэтажные дома с планировкой,,"Одноэтажные дома с планировкой — готовый проект №46-09CGL площадью 300,18 м². Характеристики: 1 этаж, габариты 14.61×18.52 м, материал стен — газобетон. На изображении показаны оригинальная визуализация дома и реальные планы этажей. Сохраните планировку для сравнения и откройте проект в каталоге, чтобы посмотреть состав документации и актуальную стоимость.",https://catalog-plans.ru/catalog/46-09CGL?utm_source=pinterest&utm_medium=organic&utm_campaign=generated_raw_visual_plans_one_storey_batch_67&utm_content=pin_12715_46-09CGL_plans&utm_term=proekty-domov-s-planirovkami,,"одноэтажные дома с планировкой, проект дома 46-09CGL, дом 300,18 м², 1 этаж, планировка дома, планы этажей, готовый проект дома, газобетон, catalog-plans.ru"
"Двухэтажные дома с планировкой: проект №48-21G, 255,48 м²",https://raw.githubusercontent.com/nemchenik/test/890e420372c454ec1d75b0a087aa53c228efd1b2/pinterest/generated_batch_68_raw_visual_plans_two_storey/48-21G.jpg,Двухэтажные дома с планировкой,,"Двухэтажные дома с планировкой — готовый проект №48-21G площадью 255,48 м². Характеристики: 2 этажа, габариты 13.38×15.56 м, материал стен — газобетон. На изображении показаны оригинальная визуализация дома и реальные планы этажей. Сохраните планировку для сравнения и откройте проект в каталоге, чтобы посмотреть состав документации и актуальную стоимость.",https://catalog-plans.ru/catalog/48-21G?utm_source=pinterest&utm_medium=organic&utm_campaign=generated_raw_visual_plans_two_storey_batch_68&utm_content=pin_12915_48-21G_plans&utm_term=proekty-domov-s-planirovkami,,"двухэтажные дома с планировкой, проект дома 48-21G, дом 255,48 м², 2 этажа, планировка дома, планы этажей, готовый проект дома, газобетон, catalog-plans.ru"
"Одноэтажные дома с планировкой: проект №68-74L, 203,12 м²",https://raw.githubusercontent.com/nemchenik/test/890e420372c454ec1d75b0a087aa53c228efd1b2/pinterest/generated_batch_67_raw_visual_plans_one_storey/68-74L.jpg,Одноэтажные дома с планировкой,,"Одноэтажные дома с планировкой — готовый проект №68-74L площадью 203,12 м². Характеристики: 1 этаж, габариты 18.74×21.39 м, материал стен — газобетон. На изображении показаны оригинальная визуализация дома и реальные планы этажей. Сохраните планировку для сравнения и откройте проект в каталоге, чтобы посмотреть состав документации и актуальную стоимость.",https://catalog-plans.ru/catalog/68-74L?utm_source=pinterest&utm_medium=organic&utm_campaign=generated_raw_visual_plans_one_storey_batch_67&utm_content=pin_12716_68-74L_plans&utm_term=proekty-domov-s-planirovkami,,"одноэтажные дома с планировкой, проект дома 68-74L, дом 203,12 м², 1 этаж, планировка дома, планы этажей, готовый проект дома, газобетон, catalog-plans.ru"
"Двухэтажные дома с планировкой: проект №36-64, 037 м²",https://raw.githubusercontent.com/nemchenik/test/890e420372c454ec1d75b0a087aa53c228efd1b2/pinterest/generated_batch_68_raw_visual_plans_two_storey/36-64.jpg,Двухэтажные дома с планировкой,,"Двухэтажные дома с планировкой — готовый проект №36-64 площадью 037 м². Характеристики: 2 этажа, габариты 27.23×36.78 м, материал стен — кирпича 1. На изображении показаны оригинальная визуализация дома и реальные планы этажей. Сохраните планировку для сравнения и откройте проект в каталоге, чтобы посмотреть состав документации и актуальную стоимость.",https://catalog-plans.ru/catalog/36-64?utm_source=pinterest&utm_medium=organic&utm_campaign=generated_raw_visual_plans_two_storey_batch_68&utm_content=pin_12916_36-64_plans&utm_term=proekty-domov-s-planirovkami,,"двухэтажные дома с планировкой, проект дома 36-64, дом 037 м², 2 этажа, планировка дома, планы этажей, готовый проект дома, кирпича 1, catalog-plans.ru"
"Одноэтажные дома с планировкой: проект №46-09FT, 122,37 м²",https://raw.githubusercontent.com/nemchenik/test/890e420372c454ec1d75b0a087aa53c228efd1b2/pinterest/generated_batch_67_raw_visual_plans_one_storey/46-09FT.jpg,Одноэтажные дома с планировкой,,"Одноэтажные дома с планировкой — готовый проект №46-09FT площадью 122,37 м². Характеристики: 1 этаж, габариты 11.4×14.7 м, материал стен — газобетон. На изображении показаны оригинальная визуализация дома и реальные планы этажей. Сохраните планировку для сравнения и откройте проект в каталоге, чтобы посмотреть состав документации и актуальную стоимость.",https://catalog-plans.ru/catalog/46-09FT?utm_source=pinterest&utm_medium=organic&utm_campaign=generated_raw_visual_plans_one_storey_batch_67&utm_content=pin_12717_46-09FT_plans&utm_term=proekty-domov-s-planirovkami,,"одноэтажные дома с планировкой, проект дома 46-09FT, дом 122,37 м², 1 этаж, планировка дома, планы этажей, готовый проект дома, газобетон, catalog-plans.ru"
"Двухэтажные дома с планировкой: проект №62-71NA, 288,86 м²",https://raw.githubusercontent.com/nemchenik/test/890e420372c454ec1d75b0a087aa53c228efd1b2/pinterest/generated_batch_68_raw_visual_plans_two_storey/62-71NA.jpg,Двухэтажные дома с планировкой,,"Двухэтажные дома с планировкой — готовый проект №62-71NA площадью 288,86 м². Характеристики: 2 этажа, габариты 15.11×14.87 м, материал стен — монолитный каркас. На изображении показаны оригинальная визуализация дома и реальные планы этажей. Сохраните планировку для сравнения и откройте проект в каталоге, чтобы посмотреть состав документации и актуальную стоимость.",https://catalog-plans.ru/catalog/62-71NA?utm_source=pinterest&utm_medium=organic&utm_campaign=generated_raw_visual_plans_two_storey_batch_68&utm_content=pin_12917_62-71NA_plans&utm_term=proekty-domov-s-planirovkami,,"двухэтажные дома с планировкой, проект дома 62-71NA, дом 288,86 м², 2 этажа, планировка дома, планы этажей, готовый проект дома, монолитный каркас, catalog-plans.ru"
"Одноэтажные дома с планировкой: проект №33-21, 150 м²",https://raw.githubusercontent.com/nemchenik/test/890e420372c454ec1d75b0a087aa53c228efd1b2/pinterest/generated_batch_67_raw_visual_plans_one_storey/33-21.jpg,Одноэтажные дома с планировкой,,"Одноэтажные дома с планировкой — готовый проект №33-21 площадью 150 м². Характеристики: 1 этаж, габариты 12×18 м, материал стен — кирпич. На изображении показаны оригинальная визуализация дома и реальные планы этажей. Сохраните планировку для сравнения и откройте проект в каталоге, чтобы посмотреть состав документации и актуальную стоимость.",https://catalog-plans.ru/catalog/33-21?utm_source=pinterest&utm_medium=organic&utm_campaign=generated_raw_visual_plans_one_storey_batch_67&utm_content=pin_12718_33-21_plans&utm_term=proekty-domov-s-planirovkami,,"одноэтажные дома с планировкой, проект дома 33-21, дом 150 м², 1 этаж, планировка дома, планы этажей, готовый проект дома, кирпич, catalog-plans.ru"
"Двухэтажные дома с планировкой: проект №62-71B, 180,28 м²",https://raw.githubusercontent.com/nemchenik/test/890e420372c454ec1d75b0a087aa53c228efd1b2/pinterest/generated_batch_68_raw_visual_plans_two_storey/62-71B.jpg,Двухэтажные дома с планировкой,,"Двухэтажные дома с планировкой — готовый проект №62-71B площадью 180,28 м². Характеристики: 2 этажа, габариты 11.06×11.06 м, материал стен — газобетон. На изображении показаны оригинальная визуализация дома и реальные планы этажей. Сохраните планировку для сравнения и откройте проект в каталоге, чтобы посмотреть состав документации и актуальную стоимость.",https://catalog-plans.ru/catalog/62-71B?utm_source=pinterest&utm_medium=organic&utm_campaign=generated_raw_visual_plans_two_storey_batch_68&utm_content=pin_12918_62-71B_plans&utm_term=proekty-domov-s-planirovkami,,"двухэтажные дома с планировкой, проект дома 62-71B, дом 180,28 м², 2 этажа, планировка дома, планы этажей, готовый проект дома, газобетон, catalog-plans.ru"
"Одноэтажные дома с планировкой: проект №46-09FNKL, 138,01 м²",https://raw.githubusercontent.com/nemchenik/test/890e420372c454ec1d75b0a087aa53c228efd1b2/pinterest/generated_batch_67_raw_visual_plans_one_storey/46-09FNKL.jpg,Одноэтажные дома с планировкой,,"Одноэтажные дома с планировкой — готовый проект №46-09FNKL площадью 138,01 м². Характеристики: 1 этаж, габариты 13.67×17.6 м, материал стен — кирпич. На изображении показаны оригинальная визуализация дома и реальные планы этажей. Сохраните планировку для сравнения и откройте проект в каталоге, чтобы посмотреть состав документации и актуальную стоимость.",https://catalog-plans.ru/catalog/46-09FNKL?utm_source=pinterest&utm_medium=organic&utm_campaign=generated_raw_visual_plans_one_storey_batch_67&utm_content=pin_12719_46-09FNKL_plans&utm_term=proekty-domov-s-planirovkami,,"одноэтажные дома с планировкой, проект дома 46-09FNKL, дом 138,01 м², 1 этаж, планировка дома, планы этажей, готовый проект дома, кирпич, catalog-plans.ru"
"Двухэтажные дома с планировкой: проект №59-97DL, 163,07 м²",https://raw.githubusercontent.com/nemchenik/test/890e420372c454ec1d75b0a087aa53c228efd1b2/pinterest/generated_batch_68_raw_visual_plans_two_storey/59-97DL.jpg,Двухэтажные дома с планировкой,,"Двухэтажные дома с планировкой — готовый проект №59-97DL площадью 163,07 м². Характеристики: 2 этажа, габариты 10.7×14.2 м, материал стен — газобетон. На изображении показаны оригинальная визуализация дома и реальные планы этажей. Сохраните планировку для сравнения и откройте проект в каталоге, чтобы посмотреть состав документации и актуальную стоимость.",https://catalog-plans.ru/catalog/59-97DL?utm_source=pinterest&utm_medium=organic&utm_campaign=generated_raw_visual_plans_two_storey_batch_68&utm_content=pin_12919_59-97DL_plans&utm_term=proekty-domov-s-planirovkami,,"двухэтажные дома с планировкой, проект дома 59-97DL, дом 163,07 м², 2 этажа, планировка дома, планы этажей, готовый проект дома, газобетон, catalog-plans.ru"
"Одноэтажные дома с планировкой: проект №14-13A, 173,86 м²",https://raw.githubusercontent.com/nemchenik/test/890e420372c454ec1d75b0a087aa53c228efd1b2/pinterest/generated_batch_67_raw_visual_plans_one_storey/14-13A.jpg,Одноэтажные дома с планировкой,,"Одноэтажные дома с планировкой — готовый проект №14-13A площадью 173,86 м². Характеристики: 1 этаж, габариты 15.6×23.45 м, материал стен — дерево. На изображении показаны оригинальная визуализация дома и реальные планы этажей. Сохраните планировку для сравнения и откройте проект в каталоге, чтобы посмотреть состав документации и актуальную стоимость.",https://catalog-plans.ru/catalog/14-13A?utm_source=pinterest&utm_medium=organic&utm_campaign=generated_raw_visual_plans_one_storey_batch_67&utm_content=pin_12720_14-13A_plans&utm_term=proekty-domov-s-planirovkami,,"одноэтажные дома с планировкой, проект дома 14-13A, дом 173,86 м², 1 этаж, планировка дома, планы этажей, готовый проект дома, дерево, catalog-plans.ru"
"Двухэтажные дома с планировкой: проект №61-30L, 407,7 м²",https://raw.githubusercontent.com/nemchenik/test/890e420372c454ec1d75b0a087aa53c228efd1b2/pinterest/generated_batch_68_raw_visual_plans_two_storey/61-30L.jpg,Двухэтажные дома с планировкой,,"Двухэтажные дома с планировкой — готовый проект №61-30L площадью 407,7 м². Характеристики: 2 этажа, габариты 18.89×29.2 м, материал стен — газобетон. На изображении показаны оригинальная визуализация дома и реальные планы этажей. Сохраните планировку для сравнения и откройте проект в каталоге, чтобы посмотреть состав документации и актуальную стоимость.",https://catalog-plans.ru/catalog/61-30L?utm_source=pinterest&utm_medium=organic&utm_campaign=generated_raw_visual_plans_two_storey_batch_68&utm_content=pin_12920_61-30L_plans&utm_term=proekty-domov-s-planirovkami,,"двухэтажные дома с планировкой, проект дома 61-30L, дом 407,7 м², 2 этажа, планировка дома, планы этажей, готовый проект дома, газобетон, catalog-plans.ru"
"Одноэтажные дома с планировкой: проект №46-09EGL, 156,65 м²",https://raw.githubusercontent.com/nemchenik/test/890e420372c454ec1d75b0a087aa53c228efd1b2/pinterest/generated_batch_67_raw_visual_plans_one_storey/46-09EGL.jpg,Одноэтажные дома с планировкой,,"Одноэтажные дома с планировкой — готовый проект №46-09EGL площадью 156,65 м². Характеристики: 1 этаж, габариты 13.55×23.95 м, материал стен — газобетон. На изображении показаны оригинальная визуализация дома и реальные планы этажей. Сохраните планировку для сравнения и откройте проект в каталоге, чтобы посмотреть состав документации и актуальную стоимость.",https://catalog-plans.ru/catalog/46-09EGL?utm_source=pinterest&utm_medium=organic&utm_campaign=generated_raw_visual_plans_one_storey_batch_67&utm_content=pin_12721_46-09EGL_plans&utm_term=proekty-domov-s-planirovkami,,"одноэтажные дома с планировкой, проект дома 46-09EGL, дом 156,65 м², 1 этаж, планировка дома, планы этажей, готовый проект дома, газобетон, catalog-plans.ru"
"Двухэтажные дома с планировкой: проект №48-21B, 210,99 м²",https://raw.githubusercontent.com/nemchenik/test/890e420372c454ec1d75b0a087aa53c228efd1b2/pinterest/generated_batch_68_raw_visual_plans_two_storey/48-21B.jpg,Двухэтажные дома с планировкой,,"Двухэтажные дома с планировкой — готовый проект №48-21B площадью 210,99 м². Характеристики: 2 этажа, габариты 13.33×13.74 м, материал стен — кирпич. На изображении показаны оригинальная визуализация дома и реальные планы этажей. Сохраните планировку для сравнения и откройте проект в каталоге, чтобы посмотреть состав документации и актуальную стоимость.",https://catalog-plans.ru/catalog/48-21B?utm_source=pinterest&utm_medium=organic&utm_campaign=generated_raw_visual_plans_two_storey_batch_68&utm_content=pin_12921_48-21B_plans&utm_term=proekty-domov-s-planirovkami,,"двухэтажные дома с планировкой, проект дома 48-21B, дом 210,99 м², 2 этажа, планировка дома, планы этажей, готовый проект дома, кирпич, catalog-plans.ru"
"Одноэтажные дома с планировкой: проект №15-23, 85,8 м²",https://raw.githubusercontent.com/nemchenik/test/890e420372c454ec1d75b0a087aa53c228efd1b2/pinterest/generated_batch_67_raw_visual_plans_one_storey/15-23.jpg,Одноэтажные дома с планировкой,,"Одноэтажные дома с планировкой — готовый проект №15-23 площадью 85,8 м². Характеристики: 1 этаж, габариты 8.5×12.5 м, материал стен — газобетон. На изображении показаны оригинальная визуализация дома и реальные планы этажей. Сохраните планировку для сравнения и откройте проект в каталоге, чтобы посмотреть состав документации и актуальную стоимость.",https://catalog-plans.ru/catalog/15-23?utm_source=pinterest&utm_medium=organic&utm_campaign=generated_raw_visual_plans_one_storey_batch_67&utm_content=pin_12722_15-23_plans&utm_term=proekty-domov-s-planirovkami,,"одноэтажные дома с планировкой, проект дома 15-23, дом 85,8 м², 1 этаж, планировка дома, планы этажей, готовый проект дома, газобетон, catalog-plans.ru"
"Двухэтажные дома с планировкой: проект №30-45, 257 м²",https://raw.githubusercontent.com/nemchenik/test/890e420372c454ec1d75b0a087aa53c228efd1b2/pinterest/generated_batch_68_raw_visual_plans_two_storey/30-45.jpg,Двухэтажные дома с планировкой,,"Двухэтажные дома с планировкой — готовый проект №30-45 площадью 257 м². Характеристики: 2 этажа, габариты 11×11 м, материал стен — кирпич. На изображении показаны оригинальная визуализация дома и реальные планы этажей. Сохраните планировку для сравнения и откройте проект в каталоге, чтобы посмотреть состав документации и актуальную стоимость.",https://catalog-plans.ru/catalog/30-45?utm_source=pinterest&utm_medium=organic&utm_campaign=generated_raw_visual_plans_two_storey_batch_68&utm_content=pin_12922_30-45_plans&utm_term=proekty-domov-s-planirovkami,,"двухэтажные дома с планировкой, проект дома 30-45, дом 257 м², 2 этажа, планировка дома, планы этажей, готовый проект дома, кирпич, catalog-plans.ru"
"Одноэтажные дома с планировкой: проект №46-09NGL, 165,64 м²",https://raw.githubusercontent.com/nemchenik/test/890e420372c454ec1d75b0a087aa53c228efd1b2/pinterest/generated_batch_67_raw_visual_plans_one_storey/46-09NGL.jpg,Одноэтажные дома с планировкой,,"Одноэтажные дома с планировкой — готовый проект №46-09NGL площадью 165,64 м². Характеристики: 1 этаж, габариты 14×18.32 м, материал стен — газобетон. На изображении показаны оригинальная визуализация дома и реальные планы этажей. Сохраните планировку для сравнения и откройте проект в каталоге, чтобы посмотреть состав документации и актуальную стоимость.",https://catalog-plans.ru/catalog/46-09NGL?utm_source=pinterest&utm_medium=organic&utm_campaign=generated_raw_visual_plans_one_storey_batch_67&utm_content=pin_12723_46-09NGL_plans&utm_term=proekty-domov-s-planirovkami,,"одноэтажные дома с планировкой, проект дома 46-09NGL, дом 165,64 м², 1 этаж, планировка дома, планы этажей, готовый проект дома, газобетон, catalog-plans.ru"
"Двухэтажные дома с планировкой: проект №40-05AB, 175,73 м²",https://raw.githubusercontent.com/nemchenik/test/890e420372c454ec1d75b0a087aa53c228efd1b2/pinterest/generated_batch_68_raw_visual_plans_two_storey/40-05AB.jpg,Двухэтажные дома с планировкой,,"Двухэтажные дома с планировкой — готовый проект №40-05AB площадью 175,73 м². Характеристики: 2 этажа, габариты 10×13.9 м, материал стен — газобетон. На изображении показаны оригинальная визуализация дома и реальные планы этажей. Сохраните планировку для сравнения и откройте проект в каталоге, чтобы посмотреть состав документации и актуальную стоимость.",https://catalog-plans.ru/catalog/40-05AB?utm_source=pinterest&utm_medium=organic&utm_campaign=generated_raw_visual_plans_two_storey_batch_68&utm_content=pin_12923_40-05AB_plans&utm_term=proekty-domov-s-planirovkami,,"двухэтажные дома с планировкой, проект дома 40-05AB, дом 175,73 м², 2 этажа, планировка дома, планы этажей, готовый проект дома, газобетон, catalog-plans.ru"
"Одноэтажные дома с планировкой: проект №57-24K, 165,9 м²",https://raw.githubusercontent.com/nemchenik/test/890e420372c454ec1d75b0a087aa53c228efd1b2/pinterest/generated_batch_67_raw_visual_plans_one_storey/57-24K.jpg,Одноэтажные дома с планировкой,,"Одноэтажные дома с планировкой — готовый проект №57-24K площадью 165,9 м². Характеристики: 1 этаж, габариты 15.6×18.6 м, материал стен — кирпич. На изображении показаны оригинальная визуализация дома и реальные планы этажей. Сохраните планировку для сравнения и откройте проект в каталоге, чтобы посмотреть состав документации и актуальную стоимость.",https://catalog-plans.ru/catalog/57-24K?utm_source=pinterest&utm_medium=organic&utm_campaign=generated_raw_visual_plans_one_storey_batch_67&utm_content=pin_12724_57-24K_plans&utm_term=proekty-domov-s-planirovkami,,"одноэтажные дома с планировкой, проект дома 57-24K, дом 165,9 м², 1 этаж, планировка дома, планы этажей, готовый проект дома, кирпич, catalog-plans.ru"
"Двухэтажные дома с планировкой: проект №33-17, 131,4 м²",https://raw.githubusercontent.com/nemchenik/test/890e420372c454ec1d75b0a087aa53c228efd1b2/pinterest/generated_batch_68_raw_visual_plans_two_storey/33-17.jpg,Двухэтажные дома с планировкой,,"Двухэтажные дома с планировкой — готовый проект №33-17 площадью 131,4 м². Характеристики: 2 этажа, габариты 8.4×11 м, материал стен — кирпич. На изображении показаны оригинальная визуализация дома и реальные планы этажей. Сохраните планировку для сравнения и откройте проект в каталоге, чтобы посмотреть состав документации и актуальную стоимость.",https://catalog-plans.ru/catalog/33-17?utm_source=pinterest&utm_medium=organic&utm_campaign=generated_raw_visual_plans_two_storey_batch_68&utm_content=pin_12924_33-17_plans&utm_term=proekty-domov-s-planirovkami,,"двухэтажные дома с планировкой, проект дома 33-17, дом 131,4 м², 2 этажа, планировка дома, планы этажей, готовый проект дома, кирпич, catalog-plans.ru"
"Одноэтажные дома с планировкой: проект №45-08TABG, 233,74 м²",https://raw.githubusercontent.com/nemchenik/test/890e420372c454ec1d75b0a087aa53c228efd1b2/pinterest/generated_batch_67_raw_visual_plans_one_storey/45-08TABG.jpg,Одноэтажные дома с планировкой,,"Одноэтажные дома с планировкой — готовый проект №45-08TABG площадью 233,74 м². Характеристики: 1 этаж, габариты 16.1×23 м, материал стен — газобетон. На изображении показаны оригинальная визуализация дома и реальные планы этажей. Сохраните планировку для сравнения и откройте проект в каталоге, чтобы посмотреть состав документации и актуальную стоимость.",https://catalog-plans.ru/catalog/45-08TABG?utm_source=pinterest&utm_medium=organic&utm_campaign=generated_raw_visual_plans_one_storey_batch_67&utm_content=pin_12725_45-08TABG_plans&utm_term=proekty-domov-s-planirovkami,,"одноэтажные дома с планировкой, проект дома 45-08TABG, дом 233,74 м², 1 этаж, планировка дома, планы этажей, готовый проект дома, газобетон, catalog-plans.ru"
"Двухэтажные дома с планировкой: проект №40-75ABGL, 150,01 м²",https://raw.githubusercontent.com/nemchenik/test/890e420372c454ec1d75b0a087aa53c228efd1b2/pinterest/generated_batch_68_raw_visual_plans_two_storey/40-75ABGL.jpg,Двухэтажные дома с планировкой,,"Двухэтажные дома с планировкой — готовый проект №40-75ABGL площадью 150,01 м². Характеристики: 2 этажа, габариты 12.8×13.66 м, материал стен — газобетон. На изображении показаны оригинальная визуализация дома и реальные планы этажей. Сохраните планировку для сравнения и откройте проект в каталоге, чтобы посмотреть состав документации и актуальную стоимость.",https://catalog-plans.ru/catalog/40-75ABGL?utm_source=pinterest&utm_medium=organic&utm_campaign=generated_raw_visual_plans_two_storey_batch_68&utm_content=pin_12925_40-75ABGL_plans&utm_term=proekty-domov-s-planirovkami,,"двухэтажные дома с планировкой, проект дома 40-75ABGL, дом 150,01 м², 2 этажа, планировка дома, планы этажей, готовый проект дома, газобетон, catalog-plans.ru"
"Одноэтажные дома с планировкой: проект №45-64TAML, 279,45 м²",https://raw.githubusercontent.com/nemchenik/test/890e420372c454ec1d75b0a087aa53c228efd1b2/pinterest/generated_batch_67_raw_visual_plans_one_storey/45-64TAML.jpg,Одноэтажные дома с планировкой,,"Одноэтажные дома с планировкой — готовый проект №45-64TAML площадью 279,45 м². Характеристики: 1 этаж, габариты 18.57×27.24 м, материал стен — монолитный каркас. На изображении показаны оригинальная визуализация дома и реальные планы этажей. Сохраните планировку для сравнения и откройте проект в каталоге, чтобы посмотреть состав документации и актуальную стоимость.",https://catalog-plans.ru/catalog/45-64TAML?utm_source=pinterest&utm_medium=organic&utm_campaign=generated_raw_visual_plans_one_storey_batch_67&utm_content=pin_12726_45-64TAML_plans&utm_term=proekty-domov-s-planirovkami,,"одноэтажные дома с планировкой, проект дома 45-64TAML, дом 279,45 м², 1 этаж, планировка дома, планы этажей, готовый проект дома, монолитный каркас, catalog-plans.ru"
"Двухэтажные дома с планировкой: проект №31-81, 294,8 м²",https://raw.githubusercontent.com/nemchenik/test/890e420372c454ec1d75b0a087aa53c228efd1b2/pinterest/generated_batch_68_raw_visual_plans_two_storey/31-81.jpg,Двухэтажные дома с планировкой,,"Двухэтажные дома с планировкой — готовый проект №31-81 площадью 294,8 м². Характеристики: 2 этажа, габариты 13.14×13.8 м, материал стен — кирпич. На изображении показаны оригинальная визуализация дома и реальные планы этажей. Сохраните планировку для сравнения и откройте проект в каталоге, чтобы посмотреть состав документации и актуальную стоимость.",https://catalog-plans.ru/catalog/31-81?utm_source=pinterest&utm_medium=organic&utm_campaign=generated_raw_visual_plans_two_storey_batch_68&utm_content=pin_12926_31-81_plans&utm_term=proekty-domov-s-planirovkami,,"двухэтажные дома с планировкой, проект дома 31-81, дом 294,8 м², 2 этажа, планировка дома, планы этажей, готовый проект дома, кирпич, catalog-plans.ru"
"Одноэтажные дома с планировкой: проект №45-29AG, 150,94 м²",https://raw.githubusercontent.com/nemchenik/test/890e420372c454ec1d75b0a087aa53c228efd1b2/pinterest/generated_batch_67_raw_visual_plans_one_storey/45-29AG.jpg,Одноэтажные дома с планировкой,,"Одноэтажные дома с планировкой — готовый проект №45-29AG площадью 150,94 м². Характеристики: 1 этаж, габариты 13.2×14.45 м, материал стен — газобетон. На изображении показаны оригинальная визуализация дома и реальные планы этажей. Сохраните планировку для сравнения и откройте проект в каталоге, чтобы посмотреть состав документации и актуальную стоимость.",https://catalog-plans.ru/catalog/45-29AG?utm_source=pinterest&utm_medium=organic&utm_campaign=generated_raw_visual_plans_one_storey_batch_67&utm_content=pin_12727_45-29AG_plans&utm_term=proekty-domov-s-planirovkami,,"одноэтажные дома с планировкой, проект дома 45-29AG, дом 150,94 м², 1 этаж, планировка дома, планы этажей, готовый проект дома, газобетон, catalog-plans.ru"
"Двухэтажные дома с планировкой: проект №49-08, 179,7 м²",https://raw.githubusercontent.com/nemchenik/test/890e420372c454ec1d75b0a087aa53c228efd1b2/pinterest/generated_batch_68_raw_visual_plans_two_storey/49-08.jpg,Двухэтажные дома с планировкой,,"Двухэтажные дома с планировкой — готовый проект №49-08 площадью 179,7 м². Характеристики: 2 этажа, габариты 12.3×16.2 м, материал стен — газобетон. На изображении показаны оригинальная визуализация дома и реальные планы этажей. Сохраните планировку для сравнения и откройте проект в каталоге, чтобы посмотреть состав документации и актуальную стоимость.",https://catalog-plans.ru/catalog/49-08?utm_source=pinterest&utm_medium=organic&utm_campaign=generated_raw_visual_plans_two_storey_batch_68&utm_content=pin_12927_49-08_plans&utm_term=proekty-domov-s-planirovkami,,"двухэтажные дома с планировкой, проект дома 49-08, дом 179,7 м², 2 этажа, планировка дома, планы этажей, готовый проект дома, газобетон, catalog-plans.ru"
"Одноэтажные дома с планировкой: проект №62-05, 119,26 м²",https://raw.githubusercontent.com/nemchenik/test/890e420372c454ec1d75b0a087aa53c228efd1b2/pinterest/generated_batch_67_raw_visual_plans_one_storey/62-05.jpg,Одноэтажные дома с планировкой,,"Одноэтажные дома с планировкой — готовый проект №62-05 площадью 119,26 м². Характеристики: 1 этаж, габариты 12.75×14.4 м, материал стен — газобетон. На изображении показаны оригинальная визуализация дома и реальные планы этажей. Сохраните планировку для сравнения и откройте проект в каталоге, чтобы посмотреть состав документации и актуальную стоимость.",https://catalog-plans.ru/catalog/62-05?utm_source=pinterest&utm_medium=organic&utm_campaign=generated_raw_visual_plans_one_storey_batch_67&utm_content=pin_12728_62-05_plans&utm_term=proekty-domov-s-planirovkami,,"одноэтажные дома с планировкой, проект дома 62-05, дом 119,26 м², 1 этаж, планировка дома, планы этажей, готовый проект дома, газобетон, catalog-plans.ru"
"Двухэтажные дома с планировкой: проект №45-64NZB, 221,22 м²",https://raw.githubusercontent.com/nemchenik/test/890e420372c454ec1d75b0a087aa53c228efd1b2/pinterest/generated_batch_68_raw_visual_plans_two_storey/45-64NZB.jpg,Двухэтажные дома с планировкой,,"Двухэтажные дома с планировкой — готовый проект №45-64NZB площадью 221,22 м². Характеристики: 2 этажа, габариты 12.1×14 м, материал стен — газобетон. На изображении показаны оригинальная визуализация дома и реальные планы этажей. Сохраните планировку для сравнения и откройте проект в каталоге, чтобы посмотреть состав документации и актуальную стоимость.",https://catalog-plans.ru/catalog/45-64NZB?utm_source=pinterest&utm_medium=organic&utm_campaign=generated_raw_visual_plans_two_storey_batch_68&utm_content=pin_12928_45-64NZB_plans&utm_term=proekty-domov-s-planirovkami,,"двухэтажные дома с планировкой, проект дома 45-64NZB, дом 221,22 м², 2 этажа, планировка дома, планы этажей, готовый проект дома, газобетон, catalog-plans.ru"
"Одноэтажные дома с планировкой: проект №61-50, 397 м²",https://raw.githubusercontent.com/nemchenik/test/890e420372c454ec1d75b0a087aa53c228efd1b2/pinterest/generated_batch_67_raw_visual_plans_one_storey/61-50.jpg,Одноэтажные дома с планировкой,,"Одноэтажные дома с планировкой — готовый проект №61-50 площадью 397 м². Характеристики: 1 этаж, габариты 30×32 м, материал стен — газобетон. На изображении показаны оригинальная визуализация дома и реальные планы этажей. Сохраните планировку для сравнения и откройте проект в каталоге, чтобы посмотреть состав документации и актуальную стоимость.",https://catalog-plans.ru/catalog/61-50?utm_source=pinterest&utm_medium=organic&utm_campaign=generated_raw_visual_plans_one_storey_batch_67&utm_content=pin_12729_61-50_plans&utm_term=proekty-domov-s-planirovkami,,"одноэтажные дома с планировкой, проект дома 61-50, дом 397 м², 1 этаж, планировка дома, планы этажей, готовый проект дома, газобетон, catalog-plans.ru"
"Двухэтажные дома с планировкой: проект №48-29CDGL, 468,58 м²",https://raw.githubusercontent.com/nemchenik/test/890e420372c454ec1d75b0a087aa53c228efd1b2/pinterest/generated_batch_68_raw_visual_plans_two_storey/48-29CDGL.jpg,Двухэтажные дома с планировкой,,"Двухэтажные дома с планировкой — готовый проект №48-29CDGL площадью 468,58 м². Характеристики: 2 этажа, габариты 14.04×24.6 м, материал стен — газобетон. На изображении показаны оригинальная визуализация дома и реальные планы этажей. Сохраните планировку для сравнения и откройте проект в каталоге, чтобы посмотреть состав документации и актуальную стоимость.",https://catalog-plans.ru/catalog/48-29CDGL?utm_source=pinterest&utm_medium=organic&utm_campaign=generated_raw_visual_plans_two_storey_batch_68&utm_content=pin_12929_48-29CDGL_plans&utm_term=proekty-domov-s-planirovkami,,"двухэтажные дома с планировкой, проект дома 48-29CDGL, дом 468,58 м², 2 этажа, планировка дома, планы этажей, готовый проект дома, газобетон, catalog-plans.ru"
"Одноэтажные дома с планировкой: проект №62-05H, 117,56 м²",https://raw.githubusercontent.com/nemchenik/test/890e420372c454ec1d75b0a087aa53c228efd1b2/pinterest/generated_batch_67_raw_visual_plans_one_storey/62-05H.jpg,Одноэтажные дома с планировкой,,"Одноэтажные дома с планировкой — готовый проект №62-05H площадью 117,56 м². Характеристики: 1 этаж, габариты 12.65×13.5 м, материал стен — газобетон. На изображении показаны оригинальная визуализация дома и реальные планы этажей. Сохраните планировку для сравнения и откройте проект в каталоге, чтобы посмотреть состав документации и актуальную стоимость.",https://catalog-plans.ru/catalog/62-05H?utm_source=pinterest&utm_medium=organic&utm_campaign=generated_raw_visual_plans_one_storey_batch_67&utm_content=pin_12730_62-05H_plans&utm_term=proekty-domov-s-planirovkami,,"одноэтажные дома с планировкой, проект дома 62-05H, дом 117,56 м², 1 этаж, планировка дома, планы этажей, готовый проект дома, газобетон, catalog-plans.ru"
"Двухэтажные дома с планировкой: проект №59-70, 227,6 м²",https://raw.githubusercontent.com/nemchenik/test/890e420372c454ec1d75b0a087aa53c228efd1b2/pinterest/generated_batch_68_raw_visual_plans_two_storey/59-70.jpg,Двухэтажные дома с планировкой,,"Двухэтажные дома с планировкой — готовый проект №59-70 площадью 227,6 м². Характеристики: 2 этажа, габариты 15.97×18.9 м, материал стен — натурального камня. На изображении показаны оригинальная визуализация дома и реальные планы этажей. Сохраните планировку для сравнения и откройте проект в каталоге, чтобы посмотреть состав документации и актуальную стоимость.",https://catalog-plans.ru/catalog/59-70?utm_source=pinterest&utm_medium=organic&utm_campaign=generated_raw_visual_plans_two_storey_batch_68&utm_content=pin_12930_59-70_plans&utm_term=proekty-domov-s-planirovkami,,"двухэтажные дома с планировкой, проект дома 59-70, дом 227,6 м², 2 этажа, планировка дома, планы этажей, готовый проект дома, натурального камня, catalog-plans.ru"
"Одноэтажные дома с планировкой: проект №57-06K, 132,1 м²",https://raw.githubusercontent.com/nemchenik/test/890e420372c454ec1d75b0a087aa53c228efd1b2/pinterest/generated_batch_67_raw_visual_plans_one_storey/57-06K.jpg,Одноэтажные дома с планировкой,,"Одноэтажные дома с планировкой — готовый проект №57-06K площадью 132,1 м². Характеристики: 1 этаж, габариты 14.7×14.7 м, материал стен — кирпич. На изображении показаны оригинальная визуализация дома и реальные планы этажей. Сохраните планировку для сравнения и откройте проект в каталоге, чтобы посмотреть состав документации и актуальную стоимость.",https://catalog-plans.ru/catalog/57-06K?utm_source=pinterest&utm_medium=organic&utm_campaign=generated_raw_visual_plans_one_storey_batch_67&utm_content=pin_12731_57-06K_plans&utm_term=proekty-domov-s-planirovkami,,"одноэтажные дома с планировкой, проект дома 57-06K, дом 132,1 м², 1 этаж, планировка дома, планы этажей, готовый проект дома, кирпич, catalog-plans.ru"
"Двухэтажные дома с планировкой: проект №80-12, 423,3 м²",https://raw.githubusercontent.com/nemchenik/test/890e420372c454ec1d75b0a087aa53c228efd1b2/pinterest/generated_batch_68_raw_visual_plans_two_storey/80-12.jpg,Двухэтажные дома с планировкой,,"Двухэтажные дома с планировкой — готовый проект №80-12 площадью 423,3 м². Характеристики: 2 этажа, габариты 20.06×20.45 м, материал стен — кирпич. На изображении показаны оригинальная визуализация дома и реальные планы этажей. Сохраните планировку для сравнения и откройте проект в каталоге, чтобы посмотреть состав документации и актуальную стоимость.",https://catalog-plans.ru/catalog/80-12?utm_source=pinterest&utm_medium=organic&utm_campaign=generated_raw_visual_plans_two_storey_batch_68&utm_content=pin_12931_80-12_plans&utm_term=proekty-domov-s-planirovkami,,"двухэтажные дома с планировкой, проект дома 80-12, дом 423,3 м², 2 этажа, планировка дома, планы этажей, готовый проект дома, кирпич, catalog-plans.ru"
"Одноэтажные дома с планировкой: проект №65-96, 115,93 м²",https://raw.githubusercontent.com/nemchenik/test/890e420372c454ec1d75b0a087aa53c228efd1b2/pinterest/generated_batch_67_raw_visual_plans_one_storey/65-96.jpg,Одноэтажные дома с планировкой,,"Одноэтажные дома с планировкой — готовый проект №65-96 площадью 115,93 м². Характеристики: 1 этаж, габариты 10.8×14.7 м, материал стен — газобетон. На изображении показаны оригинальная визуализация дома и реальные планы этажей. Сохраните планировку для сравнения и откройте проект в каталоге, чтобы посмотреть состав документации и актуальную стоимость.",https://catalog-plans.ru/catalog/65-96?utm_source=pinterest&utm_medium=organic&utm_campaign=generated_raw_visual_plans_one_storey_batch_67&utm_content=pin_12732_65-96_plans&utm_term=proekty-domov-s-planirovkami,,"одноэтажные дома с планировкой, проект дома 65-96, дом 115,93 м², 1 этаж, планировка дома, планы этажей, готовый проект дома, газобетон, catalog-plans.ru"
"Двухэтажные дома с планировкой: проект №58-26AL, 234,97 м²",https://raw.githubusercontent.com/nemchenik/test/890e420372c454ec1d75b0a087aa53c228efd1b2/pinterest/generated_batch_68_raw_visual_plans_two_storey/58-26AL.jpg,Двухэтажные дома с планировкой,,"Двухэтажные дома с планировкой — готовый проект №58-26AL площадью 234,97 м². Характеристики: 2 этажа, габариты 13.3×15 м, материал стен — газобетон. На изображении показаны оригинальная визуализация дома и реальные планы этажей. Сохраните планировку для сравнения и откройте проект в каталоге, чтобы посмотреть состав документации и актуальную стоимость.",https://catalog-plans.ru/catalog/58-26AL?utm_source=pinterest&utm_medium=organic&utm_campaign=generated_raw_visual_plans_two_storey_batch_68&utm_content=pin_12932_58-26AL_plans&utm_term=proekty-domov-s-planirovkami,,"двухэтажные дома с планировкой, проект дома 58-26AL, дом 234,97 м², 2 этажа, планировка дома, планы этажей, готовый проект дома, газобетон, catalog-plans.ru"
"Одноэтажные дома с планировкой: проект №65-03L, 255,53 м²",https://raw.githubusercontent.com/nemchenik/test/890e420372c454ec1d75b0a087aa53c228efd1b2/pinterest/generated_batch_67_raw_visual_plans_one_storey/65-03L.jpg,Одноэтажные дома с планировкой,,"Одноэтажные дома с планировкой — готовый проект №65-03L площадью 255,53 м². Характеристики: 1 этаж, габариты 13.8×28.6 м, материал стен — газобетон. На изображении показаны оригинальная визуализация дома и реальные планы этажей. Сохраните планировку для сравнения и откройте проект в каталоге, чтобы посмотреть состав документации и актуальную стоимость.",https://catalog-plans.ru/catalog/65-03L?utm_source=pinterest&utm_medium=organic&utm_campaign=generated_raw_visual_plans_one_storey_batch_67&utm_content=pin_12733_65-03L_plans&utm_term=proekty-domov-s-planirovkami,,"одноэтажные дома с планировкой, проект дома 65-03L, дом 255,53 м², 1 этаж, планировка дома, планы этажей, готовый проект дома, газобетон, catalog-plans.ru"
"Двухэтажные дома с планировкой: проект №47-71, 232,3 м²",https://raw.githubusercontent.com/nemchenik/test/890e420372c454ec1d75b0a087aa53c228efd1b2/pinterest/generated_batch_68_raw_visual_plans_two_storey/47-71.jpg,Двухэтажные дома с планировкой,,"Двухэтажные дома с планировкой — готовый проект №47-71 площадью 232,3 м². Характеристики: 2 этажа, габариты 11.16×19.45 м, материал стен — кирпич. На изображении показаны оригинальная визуализация дома и реальные планы этажей. Сохраните планировку для сравнения и откройте проект в каталоге, чтобы посмотреть состав документации и актуальную стоимость.",https://catalog-plans.ru/catalog/47-71?utm_source=pinterest&utm_medium=organic&utm_campaign=generated_raw_visual_plans_two_storey_batch_68&utm_content=pin_12933_47-71_plans&utm_term=proekty-domov-s-planirovkami,,"двухэтажные дома с планировкой, проект дома 47-71, дом 232,3 м², 2 этажа, планировка дома, планы этажей, готовый проект дома, кирпич, catalog-plans.ru"
"Одноэтажные дома с планировкой: проект №45-08EDABGL, 148,3 м²",https://raw.githubusercontent.com/nemchenik/test/890e420372c454ec1d75b0a087aa53c228efd1b2/pinterest/generated_batch_67_raw_visual_plans_one_storey/45-08EDABGL.jpg,Одноэтажные дома с планировкой,,"Одноэтажные дома с планировкой — готовый проект №45-08EDABGL площадью 148,3 м². Характеристики: 1 этаж, габариты 12×16 м, материал стен — газобетон. На изображении показаны оригинальная визуализация дома и реальные планы этажей. Сохраните планировку для сравнения и откройте проект в каталоге, чтобы посмотреть состав документации и актуальную стоимость.",https://catalog-plans.ru/catalog/45-08EDABGL?utm_source=pinterest&utm_medium=organic&utm_campaign=generated_raw_visual_plans_one_storey_batch_67&utm_content=pin_12734_45-08EDABGL_plans&utm_term=proekty-domov-s-planirovkami,,"одноэтажные дома с планировкой, проект дома 45-08EDABGL, дом 148,3 м², 1 этаж, планировка дома, планы этажей, готовый проект дома, газобетон, catalog-plans.ru"
"Двухэтажные дома с планировкой: проект №61-06, 228,48 м²",https://raw.githubusercontent.com/nemchenik/test/890e420372c454ec1d75b0a087aa53c228efd1b2/pinterest/generated_batch_68_raw_visual_plans_two_storey/61-06.jpg,Двухэтажные дома с планировкой,,"Двухэтажные дома с планировкой — готовый проект №61-06 площадью 228,48 м². Характеристики: 2 этажа, габариты 13.94×16.74 м, материал стен — газобетон. На изображении показаны оригинальная визуализация дома и реальные планы этажей. Сохраните планировку для сравнения и откройте проект в каталоге, чтобы посмотреть состав документации и актуальную стоимость.",https://catalog-plans.ru/catalog/61-06?utm_source=pinterest&utm_medium=organic&utm_campaign=generated_raw_visual_plans_two_storey_batch_68&utm_content=pin_12934_61-06_plans&utm_term=proekty-domov-s-planirovkami,,"двухэтажные дома с планировкой, проект дома 61-06, дом 228,48 м², 2 этажа, планировка дома, планы этажей, готовый проект дома, газобетон, catalog-plans.ru"
"Одноэтажные дома с планировкой: проект №48-56AK2, 173,45 м²",https://raw.githubusercontent.com/nemchenik/test/890e420372c454ec1d75b0a087aa53c228efd1b2/pinterest/generated_batch_67_raw_visual_plans_one_storey/48-56AK2.jpg,Одноэтажные дома с планировкой,,"Одноэтажные дома с планировкой — готовый проект №48-56AK2 площадью 173,45 м². Характеристики: 1 этаж, габариты 13.01×16.67 м, материал стен — кирпич. На изображении показаны оригинальная визуализация дома и реальные планы этажей. Сохраните планировку для сравнения и откройте проект в каталоге, чтобы посмотреть состав документации и актуальную стоимость.",https://catalog-plans.ru/catalog/48-56AK2?utm_source=pinterest&utm_medium=organic&utm_campaign=generated_raw_visual_plans_one_storey_batch_67&utm_content=pin_12735_48-56AK2_plans&utm_term=proekty-domov-s-planirovkami,,"одноэтажные дома с планировкой, проект дома 48-56AK2, дом 173,45 м², 1 этаж, планировка дома, планы этажей, готовый проект дома, кирпич, catalog-plans.ru"
"Двухэтажные дома с планировкой: проект №48-20AB, 118,22 м²",https://raw.githubusercontent.com/nemchenik/test/890e420372c454ec1d75b0a087aa53c228efd1b2/pinterest/generated_batch_68_raw_visual_plans_two_storey/48-20AB.jpg,Двухэтажные дома с планировкой,,"Двухэтажные дома с планировкой — готовый проект №48-20AB площадью 118,22 м². Характеристики: 2 этажа, габариты 9.88×9.25 м, материал стен — газобетон. На изображении показаны оригинальная визуализация дома и реальные планы этажей. Сохраните планировку для сравнения и откройте проект в каталоге, чтобы посмотреть состав документации и актуальную стоимость.",https://catalog-plans.ru/catalog/48-20AB?utm_source=pinterest&utm_medium=organic&utm_campaign=generated_raw_visual_plans_two_storey_batch_68&utm_content=pin_12935_48-20AB_plans&utm_term=proekty-domov-s-planirovkami,,"двухэтажные дома с планировкой, проект дома 48-20AB, дом 118,22 м², 2 этажа, планировка дома, планы этажей, готовый проект дома, газобетон, catalog-plans.ru"
"Одноэтажные дома с планировкой: проект №62-05PL, 128,21 м²",https://raw.githubusercontent.com/nemchenik/test/890e420372c454ec1d75b0a087aa53c228efd1b2/pinterest/generated_batch_67_raw_visual_plans_one_storey/62-05PL.jpg,Одноэтажные дома с планировкой,,"Одноэтажные дома с планировкой — готовый проект №62-05PL площадью 128,21 м². Характеристики: 1 этаж, габариты 12.83×13.67 м, материал стен — керамзитобетон. На изображении показаны оригинальная визуализация дома и реальные планы этажей. Сохраните планировку для сравнения и откройте проект в каталоге, чтобы посмотреть состав документации и актуальную стоимость.",https://catalog-plans.ru/catalog/62-05PL?utm_source=pinterest&utm_medium=organic&utm_campaign=generated_raw_visual_plans_one_storey_batch_67&utm_content=pin_12736_62-05PL_plans&utm_term=proekty-domov-s-planirovkami,,"одноэтажные дома с планировкой, проект дома 62-05PL, дом 128,21 м², 1 этаж, планировка дома, планы этажей, готовый проект дома, керамзитобетон, catalog-plans.ru"
"Двухэтажные дома с планировкой: проект №62-71BBSF, 241,27 м²",https://raw.githubusercontent.com/nemchenik/test/890e420372c454ec1d75b0a087aa53c228efd1b2/pinterest/generated_batch_68_raw_visual_plans_two_storey/62-71BBSF.jpg,Двухэтажные дома с планировкой,,"Двухэтажные дома с планировкой — готовый проект №62-71BBSF площадью 241,27 м². Характеристики: 2 этажа, габариты 12.335×12.335 м, материал стен — монолитный каркас. На изображении показаны оригинальная визуализация дома и реальные планы этажей. Сохраните планировку для сравнения и откройте проект в каталоге, чтобы посмотреть состав документации и актуальную стоимость.",https://catalog-plans.ru/catalog/62-71BBSF?utm_source=pinterest&utm_medium=organic&utm_campaign=generated_raw_visual_plans_two_storey_batch_68&utm_content=pin_12936_62-71BBSF_plans&utm_term=proekty-domov-s-planirovkami,,"двухэтажные дома с планировкой, проект дома 62-71BBSF, дом 241,27 м², 2 этажа, планировка дома, планы этажей, готовый проект дома, монолитный каркас, catalog-plans.ru"
"Одноэтажные дома с планировкой: проект №45-95G, 117,33 м²",https://raw.githubusercontent.com/nemchenik/test/890e420372c454ec1d75b0a087aa53c228efd1b2/pinterest/generated_batch_67_raw_visual_plans_one_storey/45-95G.jpg,Одноэтажные дома с планировкой,,"Одноэтажные дома с планировкой — готовый проект №45-95G площадью 117,33 м². Характеристики: 1 этаж, габариты 14.22×15.12 м, материал стен — кирпич. На изображении показаны оригинальная визуализация дома и реальные планы этажей. Сохраните планировку для сравнения и откройте проект в каталоге, чтобы посмотреть состав документации и актуальную стоимость.",https://catalog-plans.ru/catalog/45-95G?utm_source=pinterest&utm_medium=organic&utm_campaign=generated_raw_visual_plans_one_storey_batch_67&utm_content=pin_12737_45-95G_plans&utm_term=proekty-domov-s-planirovkami,,"одноэтажные дома с планировкой, проект дома 45-95G, дом 117,33 м², 1 этаж, планировка дома, планы этажей, готовый проект дома, кирпич, catalog-plans.ru"
"Двухэтажные дома с планировкой: проект №52-34, 143 м²",https://raw.githubusercontent.com/nemchenik/test/890e420372c454ec1d75b0a087aa53c228efd1b2/pinterest/generated_batch_68_raw_visual_plans_two_storey/52-34.jpg,Двухэтажные дома с планировкой,,"Двухэтажные дома с планировкой — готовый проект №52-34 площадью 143 м². Характеристики: 2 этажа, габариты 9.9×11 м, материал стен — газобетон. На изображении показаны оригинальная визуализация дома и реальные планы этажей. Сохраните планировку для сравнения и откройте проект в каталоге, чтобы посмотреть состав документации и актуальную стоимость.",https://catalog-plans.ru/catalog/52-34?utm_source=pinterest&utm_medium=organic&utm_campaign=generated_raw_visual_plans_two_storey_batch_68&utm_content=pin_12937_52-34_plans&utm_term=proekty-domov-s-planirovkami,,"двухэтажные дома с планировкой, проект дома 52-34, дом 143 м², 2 этажа, планировка дома, планы этажей, готовый проект дома, газобетон, catalog-plans.ru"
"Одноэтажные дома с планировкой: проект №70-93G, 161,29 м²",https://raw.githubusercontent.com/nemchenik/test/890e420372c454ec1d75b0a087aa53c228efd1b2/pinterest/generated_batch_67_raw_visual_plans_one_storey/70-93G.jpg,Одноэтажные дома с планировкой,,"Одноэтажные дома с планировкой — готовый проект №70-93G площадью 161,29 м². Характеристики: 1 этаж, габариты 11.7×20.9 м, материал стен — газобетон. На изображении показаны оригинальная визуализация дома и реальные планы этажей. Сохраните планировку для сравнения и откройте проект в каталоге, чтобы посмотреть состав документации и актуальную стоимость.",https://catalog-plans.ru/catalog/70-93G?utm_source=pinterest&utm_medium=organic&utm_campaign=generated_raw_visual_plans_one_storey_batch_67&utm_content=pin_12738_70-93G_plans&utm_term=proekty-domov-s-planirovkami,,"одноэтажные дома с планировкой, проект дома 70-93G, дом 161,29 м², 1 этаж, планировка дома, планы этажей, готовый проект дома, газобетон, catalog-plans.ru"
"Двухэтажные дома с планировкой: проект №13-15, 137,3 м²",https://raw.githubusercontent.com/nemchenik/test/890e420372c454ec1d75b0a087aa53c228efd1b2/pinterest/generated_batch_68_raw_visual_plans_two_storey/13-15.jpg,Двухэтажные дома с планировкой,,"Двухэтажные дома с планировкой — готовый проект №13-15 площадью 137,3 м². Характеристики: 2 этажа, габариты 9.98×11.44 м, материал стен — дерево. На изображении показаны оригинальная визуализация дома и реальные планы этажей. Сохраните планировку для сравнения и откройте проект в каталоге, чтобы посмотреть состав документации и актуальную стоимость.",https://catalog-plans.ru/catalog/13-15?utm_source=pinterest&utm_medium=organic&utm_campaign=generated_raw_visual_plans_two_storey_batch_68&utm_content=pin_12938_13-15_plans&utm_term=proekty-domov-s-planirovkami,,"двухэтажные дома с планировкой, проект дома 13-15, дом 137,3 м², 2 этажа, планировка дома, планы этажей, готовый проект дома, дерево, catalog-plans.ru"
"Одноэтажные дома с планировкой: проект №66-32, 173,3 м²",https://raw.githubusercontent.com/nemchenik/test/890e420372c454ec1d75b0a087aa53c228efd1b2/pinterest/generated_batch_67_raw_visual_plans_one_storey/66-32.jpg,Одноэтажные дома с планировкой,,"Одноэтажные дома с планировкой — готовый проект №66-32 площадью 173,3 м². Характеристики: 1 этаж, габариты 14.6×18 м, материал стен — газобетон. На изображении показаны оригинальная визуализация дома и реальные планы этажей. Сохраните планировку для сравнения и откройте проект в каталоге, чтобы посмотреть состав документации и актуальную стоимость.",https://catalog-plans.ru/catalog/66-32?utm_source=pinterest&utm_medium=organic&utm_campaign=generated_raw_visual_plans_one_storey_batch_67&utm_content=pin_12739_66-32_plans&utm_term=proekty-domov-s-planirovkami,,"одноэтажные дома с планировкой, проект дома 66-32, дом 173,3 м², 1 этаж, планировка дома, планы этажей, готовый проект дома, газобетон, catalog-plans.ru"
"Двухэтажные дома с планировкой: проект №59-79BK, 143,58 м²",https://raw.githubusercontent.com/nemchenik/test/890e420372c454ec1d75b0a087aa53c228efd1b2/pinterest/generated_batch_68_raw_visual_plans_two_storey/59-79BK.jpg,Двухэтажные дома с планировкой,,"Двухэтажные дома с планировкой — готовый проект №59-79BK площадью 143,58 м². Характеристики: 2 этажа, габариты 10×10 м, материал стен — кирпич. На изображении показаны оригинальная визуализация дома и реальные планы этажей. Сохраните планировку для сравнения и откройте проект в каталоге, чтобы посмотреть состав документации и актуальную стоимость.",https://catalog-plans.ru/catalog/59-79BK?utm_source=pinterest&utm_medium=organic&utm_campaign=generated_raw_visual_plans_two_storey_batch_68&utm_content=pin_12939_59-79BK_plans&utm_term=proekty-domov-s-planirovkami,,"двухэтажные дома с планировкой, проект дома 59-79BK, дом 143,58 м², 2 этажа, планировка дома, планы этажей, готовый проект дома, кирпич, catalog-plans.ru"
"Одноэтажные дома с планировкой: проект №62-43DL, 147 м²",https://raw.githubusercontent.com/nemchenik/test/890e420372c454ec1d75b0a087aa53c228efd1b2/pinterest/generated_batch_67_raw_visual_plans_one_storey/62-43DL.jpg,Одноэтажные дома с планировкой,,"Одноэтажные дома с планировкой — готовый проект №62-43DL площадью 147 м². Характеристики: 1 этаж, габариты 11.78×15.7 м, материал стен — газобетон. На изображении показаны оригинальная визуализация дома и реальные планы этажей. Сохраните планировку для сравнения и откройте проект в каталоге, чтобы посмотреть состав документации и актуальную стоимость.",https://catalog-plans.ru/catalog/62-43DL?utm_source=pinterest&utm_medium=organic&utm_campaign=generated_raw_visual_plans_one_storey_batch_67&utm_content=pin_12740_62-43DL_plans&utm_term=proekty-domov-s-planirovkami,,"одноэтажные дома с планировкой, проект дома 62-43DL, дом 147 м², 1 этаж, планировка дома, планы этажей, готовый проект дома, газобетон, catalog-plans.ru"
"Двухэтажные дома с планировкой: проект №66-25, 144,8 м²",https://raw.githubusercontent.com/nemchenik/test/890e420372c454ec1d75b0a087aa53c228efd1b2/pinterest/generated_batch_68_raw_visual_plans_two_storey/66-25.jpg,Двухэтажные дома с планировкой,,"Двухэтажные дома с планировкой — готовый проект №66-25 площадью 144,8 м². Характеристики: 2 этажа, габариты 9.1×10.3 м, материал стен — газобетон. На изображении показаны оригинальная визуализация дома и реальные планы этажей. Сохраните планировку для сравнения и откройте проект в каталоге, чтобы посмотреть состав документации и актуальную стоимость.",https://catalog-plans.ru/catalog/66-25?utm_source=pinterest&utm_medium=organic&utm_campaign=generated_raw_visual_plans_two_storey_batch_68&utm_content=pin_12940_66-25_plans&utm_term=proekty-domov-s-planirovkami,,"двухэтажные дома с планировкой, проект дома 66-25, дом 144,8 м², 2 этажа, планировка дома, планы этажей, готовый проект дома, газобетон, catalog-plans.ru"
"Одноэтажные дома с планировкой: проект №45-08MFG, 323,86 м²",https://raw.githubusercontent.com/nemchenik/test/890e420372c454ec1d75b0a087aa53c228efd1b2/pinterest/generated_batch_67_raw_visual_plans_one_storey/45-08MFG.jpg,Одноэтажные дома с планировкой,,"Одноэтажные дома с планировкой — готовый проект №45-08MFG площадью 323,86 м². Характеристики: 1 этаж, габариты 20.025×26.52 м, материал стен — монолитный каркас. На изображении показаны оригинальная визуализация дома и реальные планы этажей. Сохраните планировку для сравнения и откройте проект в каталоге, чтобы посмотреть состав документации и актуальную стоимость.",https://catalog-plans.ru/catalog/45-08MFG?utm_source=pinterest&utm_medium=organic&utm_campaign=generated_raw_visual_plans_one_storey_batch_67&utm_content=pin_12741_45-08MFG_plans&utm_term=proekty-domov-s-planirovkami,,"одноэтажные дома с планировкой, проект дома 45-08MFG, дом 323,86 м², 1 этаж, планировка дома, планы этажей, готовый проект дома, монолитный каркас, catalog-plans.ru"
"Двухэтажные дома с планировкой: проект №49-87, 355,11 м²",https://raw.githubusercontent.com/nemchenik/test/890e420372c454ec1d75b0a087aa53c228efd1b2/pinterest/generated_batch_68_raw_visual_plans_two_storey/49-87.jpg,Двухэтажные дома с планировкой,,"Двухэтажные дома с планировкой — готовый проект №49-87 площадью 355,11 м². Характеристики: 2 этажа, габариты 13.1×18.5 м, материал стен — кирпич. На изображении показаны оригинальная визуализация дома и реальные планы этажей. Сохраните планировку для сравнения и откройте проект в каталоге, чтобы посмотреть состав документации и актуальную стоимость.",https://catalog-plans.ru/catalog/49-87?utm_source=pinterest&utm_medium=organic&utm_campaign=generated_raw_visual_plans_two_storey_batch_68&utm_content=pin_12941_49-87_plans&utm_term=proekty-domov-s-planirovkami,,"двухэтажные дома с планировкой, проект дома 49-87, дом 355,11 м², 2 этажа, планировка дома, планы этажей, готовый проект дома, кирпич, catalog-plans.ru"
"Одноэтажные дома с планировкой: проект №65-45, 127,39 м²",https://raw.githubusercontent.com/nemchenik/test/890e420372c454ec1d75b0a087aa53c228efd1b2/pinterest/generated_batch_67_raw_visual_plans_one_storey/65-45.jpg,Одноэтажные дома с планировкой,,"Одноэтажные дома с планировкой — готовый проект №65-45 площадью 127,39 м². Характеристики: 1 этаж, габариты 12×12.85 м, материал стен — газобетон. На изображении показаны оригинальная визуализация дома и реальные планы этажей. Сохраните планировку для сравнения и откройте проект в каталоге, чтобы посмотреть состав документации и актуальную стоимость.",https://catalog-plans.ru/catalog/65-45?utm_source=pinterest&utm_medium=organic&utm_campaign=generated_raw_visual_plans_one_storey_batch_67&utm_content=pin_12742_65-45_plans&utm_term=proekty-domov-s-planirovkami,,"одноэтажные дома с планировкой, проект дома 65-45, дом 127,39 м², 1 этаж, планировка дома, планы этажей, готовый проект дома, газобетон, catalog-plans.ru"
"Двухэтажные дома с планировкой: проект №59-24AK, 254,11 м²",https://raw.githubusercontent.com/nemchenik/test/890e420372c454ec1d75b0a087aa53c228efd1b2/pinterest/generated_batch_68_raw_visual_plans_two_storey/59-24AK.jpg,Двухэтажные дома с планировкой,,"Двухэтажные дома с планировкой — готовый проект №59-24AK площадью 254,11 м². Характеристики: 2 этажа, габариты 10.2×16.8 м, материал стен — кирпич. На изображении показаны оригинальная визуализация дома и реальные планы этажей. Сохраните планировку для сравнения и откройте проект в каталоге, чтобы посмотреть состав документации и актуальную стоимость.",https://catalog-plans.ru/catalog/59-24AK?utm_source=pinterest&utm_medium=organic&utm_campaign=generated_raw_visual_plans_two_storey_batch_68&utm_content=pin_12942_59-24AK_plans&utm_term=proekty-domov-s-planirovkami,,"двухэтажные дома с планировкой, проект дома 59-24AK, дом 254,11 м², 2 этажа, планировка дома, планы этажей, готовый проект дома, кирпич, catalog-plans.ru"
"Одноэтажные дома с планировкой: проект №62-26, 173,5 м²",https://raw.githubusercontent.com/nemchenik/test/890e420372c454ec1d75b0a087aa53c228efd1b2/pinterest/generated_batch_67_raw_visual_plans_one_storey/62-26.jpg,Одноэтажные дома с планировкой,,"Одноэтажные дома с планировкой — готовый проект №62-26 площадью 173,5 м². Характеристики: 1 этаж, габариты 15.8×20 м, материал стен — газобетон. На изображении показаны оригинальная визуализация дома и реальные планы этажей. Сохраните планировку для сравнения и откройте проект в каталоге, чтобы посмотреть состав документации и актуальную стоимость.",https://catalog-plans.ru/catalog/62-26?utm_source=pinterest&utm_medium=organic&utm_campaign=generated_raw_visual_plans_one_storey_batch_67&utm_content=pin_12743_62-26_plans&utm_term=proekty-domov-s-planirovkami,,"одноэтажные дома с планировкой, проект дома 62-26, дом 173,5 м², 1 этаж, планировка дома, планы этажей, готовый проект дома, газобетон, catalog-plans.ru"
"Двухэтажные дома с планировкой: проект №80-04, 155,2 м²",https://raw.githubusercontent.com/nemchenik/test/890e420372c454ec1d75b0a087aa53c228efd1b2/pinterest/generated_batch_68_raw_visual_plans_two_storey/80-04.jpg,Двухэтажные дома с планировкой,,"Двухэтажные дома с планировкой — готовый проект №80-04 площадью 155,2 м². Характеристики: 2 этажа, габариты 10.96×16.8 м, материал стен — газобетон. На изображении показаны оригинальная визуализация дома и реальные планы этажей. Сохраните планировку для сравнения и откройте проект в каталоге, чтобы посмотреть состав документации и актуальную стоимость.",https://catalog-plans.ru/catalog/80-04?utm_source=pinterest&utm_medium=organic&utm_campaign=generated_raw_visual_plans_two_storey_batch_68&utm_content=pin_12943_80-04_plans&utm_term=proekty-domov-s-planirovkami,,"двухэтажные дома с планировкой, проект дома 80-04, дом 155,2 м², 2 этажа, планировка дома, планы этажей, готовый проект дома, газобетон, catalog-plans.ru"
"Одноэтажные дома с планировкой: проект №65-33AF, 120,11 м²",https://raw.githubusercontent.com/nemchenik/test/890e420372c454ec1d75b0a087aa53c228efd1b2/pinterest/generated_batch_67_raw_visual_plans_one_storey/65-33AF.jpg,Одноэтажные дома с планировкой,,"Одноэтажные дома с планировкой — готовый проект №65-33AF площадью 120,11 м². Характеристики: 1 этаж, габариты 9.4×15.4 м, материал стен — газобетон. На изображении показаны оригинальная визуализация дома и реальные планы этажей. Сохраните планировку для сравнения и откройте проект в каталоге, чтобы посмотреть состав документации и актуальную стоимость.",https://catalog-plans.ru/catalog/65-33AF?utm_source=pinterest&utm_medium=organic&utm_campaign=generated_raw_visual_plans_one_storey_batch_67&utm_content=pin_12744_65-33AF_plans&utm_term=proekty-domov-s-planirovkami,,"одноэтажные дома с планировкой, проект дома 65-33AF, дом 120,11 м², 1 этаж, планировка дома, планы этажей, готовый проект дома, газобетон, catalog-plans.ru"
"Двухэтажные дома с планировкой: проект №45-96K1L, 311,75 м²",https://raw.githubusercontent.com/nemchenik/test/890e420372c454ec1d75b0a087aa53c228efd1b2/pinterest/generated_batch_68_raw_visual_plans_two_storey/45-96K1L.jpg,Двухэтажные дома с планировкой,,"Двухэтажные дома с планировкой — готовый проект №45-96K1L площадью 311,75 м². Характеристики: 2 этажа, габариты 13.32×13.74 м, материал стен — кирпич. На изображении показаны оригинальная визуализация дома и реальные планы этажей. Сохраните планировку для сравнения и откройте проект в каталоге, чтобы посмотреть состав документации и актуальную стоимость.",https://catalog-plans.ru/catalog/45-96K1L?utm_source=pinterest&utm_medium=organic&utm_campaign=generated_raw_visual_plans_two_storey_batch_68&utm_content=pin_12944_45-96K1L_plans&utm_term=proekty-domov-s-planirovkami,,"двухэтажные дома с планировкой, проект дома 45-96K1L, дом 311,75 м², 2 этажа, планировка дома, планы этажей, готовый проект дома, кирпич, catalog-plans.ru"
"Одноэтажные дома с планировкой: проект №45-08ZL, 159,34 м²",https://raw.githubusercontent.com/nemchenik/test/890e420372c454ec1d75b0a087aa53c228efd1b2/pinterest/generated_batch_67_raw_visual_plans_one_storey/45-08ZL.jpg,Одноэтажные дома с планировкой,,"Одноэтажные дома с планировкой — готовый проект №45-08ZL площадью 159,34 м². Характеристики: 1 этаж, габариты 13.5×19.5 м, материал стен — кирпич. На изображении показаны оригинальная визуализация дома и реальные планы этажей. Сохраните планировку для сравнения и откройте проект в каталоге, чтобы посмотреть состав документации и актуальную стоимость.",https://catalog-plans.ru/catalog/45-08ZL?utm_source=pinterest&utm_medium=organic&utm_campaign=generated_raw_visual_plans_one_storey_batch_67&utm_content=pin_12745_45-08ZL_plans&utm_term=proekty-domov-s-planirovkami,,"одноэтажные дома с планировкой, проект дома 45-08ZL, дом 159,34 м², 1 этаж, планировка дома, планы этажей, готовый проект дома, кирпич, catalog-plans.ru"
"Двухэтажные дома с планировкой: проект №57-62BBACAL, 349,18 м²",https://raw.githubusercontent.com/nemchenik/test/890e420372c454ec1d75b0a087aa53c228efd1b2/pinterest/generated_batch_68_raw_visual_plans_two_storey/57-62BBACAL.jpg,Двухэтажные дома с планировкой,,"Двухэтажные дома с планировкой — готовый проект №57-62BBACAL площадью 349,18 м². Характеристики: 2 этажа, габариты 13×16.9 м, материал стен — газобетон. На изображении показаны оригинальная визуализация дома и реальные планы этажей. Сохраните планировку для сравнения и откройте проект в каталоге, чтобы посмотреть состав документации и актуальную стоимость.",https://catalog-plans.ru/catalog/57-62BBACAL?utm_source=pinterest&utm_medium=organic&utm_campaign=generated_raw_visual_plans_two_storey_batch_68&utm_content=pin_12945_57-62BBACAL_plans&utm_term=proekty-domov-s-planirovkami,,"двухэтажные дома с планировкой, проект дома 57-62BBACAL, дом 349,18 м², 2 этажа, планировка дома, планы этажей, готовый проект дома, газобетон, catalog-plans.ru"
"Одноэтажные дома с планировкой: проект №64-61, 172,03 м²",https://raw.githubusercontent.com/nemchenik/test/890e420372c454ec1d75b0a087aa53c228efd1b2/pinterest/generated_batch_67_raw_visual_plans_one_storey/64-61.jpg,Одноэтажные дома с планировкой,,"Одноэтажные дома с планировкой — готовый проект №64-61 площадью 172,03 м². Характеристики: 1 этаж, габариты 15.1×20.9 м, материал стен — газобетон. На изображении показаны оригинальная визуализация дома и реальные планы этажей. Сохраните планировку для сравнения и откройте проект в каталоге, чтобы посмотреть состав документации и актуальную стоимость.",https://catalog-plans.ru/catalog/64-61?utm_source=pinterest&utm_medium=organic&utm_campaign=generated_raw_visual_plans_one_storey_batch_67&utm_content=pin_12746_64-61_plans&utm_term=proekty-domov-s-planirovkami,,"одноэтажные дома с планировкой, проект дома 64-61, дом 172,03 м², 1 этаж, планировка дома, планы этажей, готовый проект дома, газобетон, catalog-plans.ru"
"Двухэтажные дома с планировкой: проект №45-01MAGL, 228,58 м²",https://raw.githubusercontent.com/nemchenik/test/890e420372c454ec1d75b0a087aa53c228efd1b2/pinterest/generated_batch_68_raw_visual_plans_two_storey/45-01MAGL.jpg,Двухэтажные дома с планировкой,,"Двухэтажные дома с планировкой — готовый проект №45-01MAGL площадью 228,58 м². Характеристики: 2 этажа, габариты 12.66×12.82 м, материал стен — газобетон. На изображении показаны оригинальная визуализация дома и реальные планы этажей. Сохраните планировку для сравнения и откройте проект в каталоге, чтобы посмотреть состав документации и актуальную стоимость.",https://catalog-plans.ru/catalog/45-01MAGL?utm_source=pinterest&utm_medium=organic&utm_campaign=generated_raw_visual_plans_two_storey_batch_68&utm_content=pin_12946_45-01MAGL_plans&utm_term=proekty-domov-s-planirovkami,,"двухэтажные дома с планировкой, проект дома 45-01MAGL, дом 228,58 м², 2 этажа, планировка дома, планы этажей, готовый проект дома, газобетон, catalog-plans.ru"
"Одноэтажные дома с планировкой: проект №46-09GL, 150,83 м²",https://raw.githubusercontent.com/nemchenik/test/890e420372c454ec1d75b0a087aa53c228efd1b2/pinterest/generated_batch_67_raw_visual_plans_one_storey/46-09GL.jpg,Одноэтажные дома с планировкой,,"Одноэтажные дома с планировкой — готовый проект №46-09GL площадью 150,83 м². Характеристики: 1 этаж, габариты 14.57×18.52 м, материал стен — газобетон. На изображении показаны оригинальная визуализация дома и реальные планы этажей. Сохраните планировку для сравнения и откройте проект в каталоге, чтобы посмотреть состав документации и актуальную стоимость.",https://catalog-plans.ru/catalog/46-09GL?utm_source=pinterest&utm_medium=organic&utm_campaign=generated_raw_visual_plans_one_storey_batch_67&utm_content=pin_12747_46-09GL_plans&utm_term=proekty-domov-s-planirovkami,,"одноэтажные дома с планировкой, проект дома 46-09GL, дом 150,83 м², 1 этаж, планировка дома, планы этажей, готовый проект дома, газобетон, catalog-plans.ru"
"Двухэтажные дома с планировкой: проект №58-78L, 242,5 м²",https://raw.githubusercontent.com/nemchenik/test/890e420372c454ec1d75b0a087aa53c228efd1b2/pinterest/generated_batch_68_raw_visual_plans_two_storey/58-78L.jpg,Двухэтажные дома с планировкой,,"Двухэтажные дома с планировкой — готовый проект №58-78L площадью 242,5 м². Характеристики: 2 этажа, габариты 13.81×16.86 м, материал стен — газобетон. На изображении показаны оригинальная визуализация дома и реальные планы этажей. Сохраните планировку для сравнения и откройте проект в каталоге, чтобы посмотреть состав документации и актуальную стоимость.",https://catalog-plans.ru/catalog/58-78L?utm_source=pinterest&utm_medium=organic&utm_campaign=generated_raw_visual_plans_two_storey_batch_68&utm_content=pin_12947_58-78L_plans&utm_term=proekty-domov-s-planirovkami,,"двухэтажные дома с планировкой, проект дома 58-78L, дом 242,5 м², 2 этажа, планировка дома, планы этажей, готовый проект дома, газобетон, catalog-plans.ru"
"Одноэтажные дома с планировкой: проект №46-29L, 115,1 м²",https://raw.githubusercontent.com/nemchenik/test/890e420372c454ec1d75b0a087aa53c228efd1b2/pinterest/generated_batch_67_raw_visual_plans_one_storey/46-29L.jpg,Одноэтажные дома с планировкой,,"Одноэтажные дома с планировкой — готовый проект №46-29L площадью 115,1 м². Характеристики: 1 этаж, габариты 9.88×15.08 м, материал стен — кирпич. На изображении показаны оригинальная визуализация дома и реальные планы этажей. Сохраните планировку для сравнения и откройте проект в каталоге, чтобы посмотреть состав документации и актуальную стоимость.",https://catalog-plans.ru/catalog/46-29L?utm_source=pinterest&utm_medium=organic&utm_campaign=generated_raw_visual_plans_one_storey_batch_67&utm_content=pin_12748_46-29L_plans&utm_term=proekty-domov-s-planirovkami,,"одноэтажные дома с планировкой, проект дома 46-29L, дом 115,1 м², 1 этаж, планировка дома, планы этажей, готовый проект дома, кирпич, catalog-plans.ru"
"Двухэтажные дома с планировкой: проект №57-26K1L, 164,55 м²",https://raw.githubusercontent.com/nemchenik/test/890e420372c454ec1d75b0a087aa53c228efd1b2/pinterest/generated_batch_68_raw_visual_plans_two_storey/57-26K1L.jpg,Двухэтажные дома с планировкой,,"Двухэтажные дома с планировкой — готовый проект №57-26K1L площадью 164,55 м². Характеристики: 2 этажа, габариты 9.82×13.22 м, материал стен — кирпич. На изображении показаны оригинальная визуализация дома и реальные планы этажей. Сохраните планировку для сравнения и откройте проект в каталоге, чтобы посмотреть состав документации и актуальную стоимость.",https://catalog-plans.ru/catalog/57-26K1L?utm_source=pinterest&utm_medium=organic&utm_campaign=generated_raw_visual_plans_two_storey_batch_68&utm_content=pin_12948_57-26K1L_plans&utm_term=proekty-domov-s-planirovkami,,"двухэтажные дома с планировкой, проект дома 57-26K1L, дом 164,55 м², 2 этажа, планировка дома, планы этажей, готовый проект дома, кирпич, catalog-plans.ru"
"Одноэтажные дома с планировкой: проект №65-17, 160,68 м²",https://raw.githubusercontent.com/nemchenik/test/890e420372c454ec1d75b0a087aa53c228efd1b2/pinterest/generated_batch_67_raw_visual_plans_one_storey/65-17.jpg,Одноэтажные дома с планировкой,,"Одноэтажные дома с планировкой — готовый проект №65-17 площадью 160,68 м². Характеристики: 1 этаж, габариты 12.1×16.5 м, материал стен — газобетон. На изображении показаны оригинальная визуализация дома и реальные планы этажей. Сохраните планировку для сравнения и откройте проект в каталоге, чтобы посмотреть состав документации и актуальную стоимость.",https://catalog-plans.ru/catalog/65-17?utm_source=pinterest&utm_medium=organic&utm_campaign=generated_raw_visual_plans_one_storey_batch_67&utm_content=pin_12749_65-17_plans&utm_term=proekty-domov-s-planirovkami,,"одноэтажные дома с планировкой, проект дома 65-17, дом 160,68 м², 1 этаж, планировка дома, планы этажей, готовый проект дома, газобетон, catalog-plans.ru"
"Двухэтажные дома с планировкой: проект №64-89, 168,45 м²",https://raw.githubusercontent.com/nemchenik/test/890e420372c454ec1d75b0a087aa53c228efd1b2/pinterest/generated_batch_68_raw_visual_plans_two_storey/64-89.jpg,Двухэтажные дома с планировкой,,"Двухэтажные дома с планировкой — готовый проект №64-89 площадью 168,45 м². Характеристики: 2 этажа, габариты 9.8×11.8 м, материал стен — газобетон. На изображении показаны оригинальная визуализация дома и реальные планы этажей. Сохраните планировку для сравнения и откройте проект в каталоге, чтобы посмотреть состав документации и актуальную стоимость.",https://catalog-plans.ru/catalog/64-89?utm_source=pinterest&utm_medium=organic&utm_campaign=generated_raw_visual_plans_two_storey_batch_68&utm_content=pin_12949_64-89_plans&utm_term=proekty-domov-s-planirovkami,,"двухэтажные дома с планировкой, проект дома 64-89, дом 168,45 м², 2 этажа, планировка дома, планы этажей, готовый проект дома, газобетон, catalog-plans.ru"
"Одноэтажные дома с планировкой: проект №45-08T, 239,2 м²",https://raw.githubusercontent.com/nemchenik/test/890e420372c454ec1d75b0a087aa53c228efd1b2/pinterest/generated_batch_67_raw_visual_plans_one_storey/45-08T.jpg,Одноэтажные дома с планировкой,,"Одноэтажные дома с планировкой — готовый проект №45-08T площадью 239,2 м². Характеристики: 1 этаж, габариты 16.12×24.32 м, материал стен — кирпич. На изображении показаны оригинальная визуализация дома и реальные планы этажей. Сохраните планировку для сравнения и откройте проект в каталоге, чтобы посмотреть состав документации и актуальную стоимость.",https://catalog-plans.ru/catalog/45-08T?utm_source=pinterest&utm_medium=organic&utm_campaign=generated_raw_visual_plans_one_storey_batch_67&utm_content=pin_12750_45-08T_plans&utm_term=proekty-domov-s-planirovkami,,"одноэтажные дома с планировкой, проект дома 45-08T, дом 239,2 м², 1 этаж, планировка дома, планы этажей, готовый проект дома, кирпич, catalog-plans.ru"
"Двухэтажные дома с планировкой: проект №40-04ZDG2, 132,89 м²",https://raw.githubusercontent.com/nemchenik/test/890e420372c454ec1d75b0a087aa53c228efd1b2/pinterest/generated_batch_68_raw_visual_plans_two_storey/40-04ZDG2.jpg,Двухэтажные дома с планировкой,,"Двухэтажные дома с планировкой — готовый проект №40-04ZDG2 площадью 132,89 м². Характеристики: 2 этажа, габариты 9.6×10.1 м, материал стен — газобетон. На изображении показаны оригинальная визуализация дома и реальные планы этажей. Сохраните планировку для сравнения и откройте проект в каталоге, чтобы посмотреть состав документации и актуальную стоимость.",https://catalog-plans.ru/catalog/40-04ZDG2?utm_source=pinterest&utm_medium=organic&utm_campaign=generated_raw_visual_plans_two_storey_batch_68&utm_content=pin_12950_40-04ZDG2_plans&utm_term=proekty-domov-s-planirovkami,,"двухэтажные дома с планировкой, проект дома 40-04ZDG2, дом 132,89 м², 2 этажа, планировка дома, планы этажей, готовый проект дома, газобетон, catalog-plans.ru"
"Одноэтажные дома с планировкой: проект №68-26, 160,6 м²",https://raw.githubusercontent.com/nemchenik/test/890e420372c454ec1d75b0a087aa53c228efd1b2/pinterest/generated_batch_67_raw_visual_plans_one_storey/68-26.jpg,Одноэтажные дома с планировкой,,"Одноэтажные дома с планировкой — готовый проект №68-26 площадью 160,6 м². Характеристики: 1 этаж, габариты 12.6×17.2 м, материал стен — газобетон. На изображении показаны оригинальная визуализация дома и реальные планы этажей. Сохраните планировку для сравнения и откройте проект в каталоге, чтобы посмотреть состав документации и актуальную стоимость.",https://catalog-plans.ru/catalog/68-26?utm_source=pinterest&utm_medium=organic&utm_campaign=generated_raw_visual_plans_one_storey_batch_67&utm_content=pin_12751_68-26_plans&utm_term=proekty-domov-s-planirovkami,,"одноэтажные дома с планировкой, проект дома 68-26, дом 160,6 м², 1 этаж, планировка дома, планы этажей, готовый проект дома, газобетон, catalog-plans.ru"
"Двухэтажные дома с планировкой: проект №57-72K, 236,67 м²",https://raw.githubusercontent.com/nemchenik/test/890e420372c454ec1d75b0a087aa53c228efd1b2/pinterest/generated_batch_68_raw_visual_plans_two_storey/57-72K.jpg,Двухэтажные дома с планировкой,,"Двухэтажные дома с планировкой — готовый проект №57-72K площадью 236,67 м². Характеристики: 2 этажа, габариты 10.08×13.32 м, материал стен — кирпич. На изображении показаны оригинальная визуализация дома и реальные планы этажей. Сохраните планировку для сравнения и откройте проект в каталоге, чтобы посмотреть состав документации и актуальную стоимость.",https://catalog-plans.ru/catalog/57-72K?utm_source=pinterest&utm_medium=organic&utm_campaign=generated_raw_visual_plans_two_storey_batch_68&utm_content=pin_12951_57-72K_plans&utm_term=proekty-domov-s-planirovkami,,"двухэтажные дома с планировкой, проект дома 57-72K, дом 236,67 м², 2 этажа, планировка дома, планы этажей, готовый проект дома, кирпич, catalog-plans.ru"
"Одноэтажные дома с планировкой: проект №46-56AG, 219,61 м²",https://raw.githubusercontent.com/nemchenik/test/890e420372c454ec1d75b0a087aa53c228efd1b2/pinterest/generated_batch_67_raw_visual_plans_one_storey/46-56AG.jpg,Одноэтажные дома с планировкой,,"Одноэтажные дома с планировкой — готовый проект №46-56AG площадью 219,61 м². Характеристики: 1 этаж, габариты 12.78×23.14 м, материал стен — газобетон. На изображении показаны оригинальная визуализация дома и реальные планы этажей. Сохраните планировку для сравнения и откройте проект в каталоге, чтобы посмотреть состав документации и актуальную стоимость.",https://catalog-plans.ru/catalog/46-56AG?utm_source=pinterest&utm_medium=organic&utm_campaign=generated_raw_visual_plans_one_storey_batch_67&utm_content=pin_12752_46-56AG_plans&utm_term=proekty-domov-s-planirovkami,,"одноэтажные дома с планировкой, проект дома 46-56AG, дом 219,61 м², 1 этаж, планировка дома, планы этажей, готовый проект дома, газобетон, catalog-plans.ru"
"Двухэтажные дома с планировкой: проект №57-27L, 158,61 м²",https://raw.githubusercontent.com/nemchenik/test/890e420372c454ec1d75b0a087aa53c228efd1b2/pinterest/generated_batch_68_raw_visual_plans_two_storey/57-27L.jpg,Двухэтажные дома с планировкой,,"Двухэтажные дома с планировкой — готовый проект №57-27L площадью 158,61 м². Характеристики: 2 этажа, габариты 11.56×12.16 м, материал стен — газобетон. На изображении показаны оригинальная визуализация дома и реальные планы этажей. Сохраните планировку для сравнения и откройте проект в каталоге, чтобы посмотреть состав документации и актуальную стоимость.",https://catalog-plans.ru/catalog/57-27L?utm_source=pinterest&utm_medium=organic&utm_campaign=generated_raw_visual_plans_two_storey_batch_68&utm_content=pin_12952_57-27L_plans&utm_term=proekty-domov-s-planirovkami,,"двухэтажные дома с планировкой, проект дома 57-27L, дом 158,61 м², 2 этажа, планировка дома, планы этажей, готовый проект дома, газобетон, catalog-plans.ru"
"Одноэтажные дома с планировкой: проект №63-26, 184,71 м²",https://raw.githubusercontent.com/nemchenik/test/890e420372c454ec1d75b0a087aa53c228efd1b2/pinterest/generated_batch_67_raw_visual_plans_one_storey/63-26.jpg,Одноэтажные дома с планировкой,,"Одноэтажные дома с планировкой — готовый проект №63-26 площадью 184,71 м². Характеристики: 1 этаж, габариты 14×23 м, материал стен — керамзитобетон. На изображении показаны оригинальная визуализация дома и реальные планы этажей. Сохраните планировку для сравнения и откройте проект в каталоге, чтобы посмотреть состав документации и актуальную стоимость.",https://catalog-plans.ru/catalog/63-26?utm_source=pinterest&utm_medium=organic&utm_campaign=generated_raw_visual_plans_one_storey_batch_67&utm_content=pin_12753_63-26_plans&utm_term=proekty-domov-s-planirovkami,,"одноэтажные дома с планировкой, проект дома 63-26, дом 184,71 м², 1 этаж, планировка дома, планы этажей, готовый проект дома, керамзитобетон, catalog-plans.ru"
"Двухэтажные дома с планировкой: проект №48-01, 202,6 м²",https://raw.githubusercontent.com/nemchenik/test/890e420372c454ec1d75b0a087aa53c228efd1b2/pinterest/generated_batch_68_raw_visual_plans_two_storey/48-01.jpg,Двухэтажные дома с планировкой,,"Двухэтажные дома с планировкой — готовый проект №48-01 площадью 202,6 м². Характеристики: 2 этажа, габариты 11.4×13.2 м, материал стен — газобетон. На изображении показаны оригинальная визуализация дома и реальные планы этажей. Сохраните планировку для сравнения и откройте проект в каталоге, чтобы посмотреть состав документации и актуальную стоимость.",https://catalog-plans.ru/catalog/48-01?utm_source=pinterest&utm_medium=organic&utm_campaign=generated_raw_visual_plans_two_storey_batch_68&utm_content=pin_12953_48-01_plans&utm_term=proekty-domov-s-planirovkami,,"двухэтажные дома с планировкой, проект дома 48-01, дом 202,6 м², 2 этажа, планировка дома, планы этажей, готовый проект дома, газобетон, catalog-plans.ru"
"Одноэтажные дома с планировкой: проект №58-84BBTL, 157,27 м²",https://raw.githubusercontent.com/nemchenik/test/890e420372c454ec1d75b0a087aa53c228efd1b2/pinterest/generated_batch_67_raw_visual_plans_one_storey/58-84BBTL.jpg,Одноэтажные дома с планировкой,,"Одноэтажные дома с планировкой — готовый проект №58-84BBTL площадью 157,27 м². Характеристики: 1 этаж, габариты 12.3×16.8 м, материал стен — газобетон. На изображении показаны оригинальная визуализация дома и реальные планы этажей. Сохраните планировку для сравнения и откройте проект в каталоге, чтобы посмотреть состав документации и актуальную стоимость.",https://catalog-plans.ru/catalog/58-84BBTL?utm_source=pinterest&utm_medium=organic&utm_campaign=generated_raw_visual_plans_one_storey_batch_67&utm_content=pin_12754_58-84BBTL_plans&utm_term=proekty-domov-s-planirovkami,,"одноэтажные дома с планировкой, проект дома 58-84BBTL, дом 157,27 м², 1 этаж, планировка дома, планы этажей, готовый проект дома, газобетон, catalog-plans.ru"
"Двухэтажные дома с планировкой: проект №64-00, 253,52 м²",https://raw.githubusercontent.com/nemchenik/test/890e420372c454ec1d75b0a087aa53c228efd1b2/pinterest/generated_batch_68_raw_visual_plans_two_storey/64-00.jpg,Двухэтажные дома с планировкой,,"Двухэтажные дома с планировкой — готовый проект №64-00 площадью 253,52 м². Характеристики: 2 этажа, габариты 16.22×19.76 м, материал стен — кирпич. На изображении показаны оригинальная визуализация дома и реальные планы этажей. Сохраните планировку для сравнения и откройте проект в каталоге, чтобы посмотреть состав документации и актуальную стоимость.",https://catalog-plans.ru/catalog/64-00?utm_source=pinterest&utm_medium=organic&utm_campaign=generated_raw_visual_plans_two_storey_batch_68&utm_content=pin_12954_64-00_plans&utm_term=proekty-domov-s-planirovkami,,"двухэтажные дома с планировкой, проект дома 64-00, дом 253,52 м², 2 этажа, планировка дома, планы этажей, готовый проект дома, кирпич, catalog-plans.ru"
"Одноэтажные дома с планировкой: проект №62-21BL, 175,26 м²",https://raw.githubusercontent.com/nemchenik/test/890e420372c454ec1d75b0a087aa53c228efd1b2/pinterest/generated_batch_67_raw_visual_plans_one_storey/62-21BL.jpg,Одноэтажные дома с планировкой,,"Одноэтажные дома с планировкой — готовый проект №62-21BL площадью 175,26 м². Характеристики: 1 этаж, габариты 15.14×18.64 м, материал стен — газобетон. На изображении показаны оригинальная визуализация дома и реальные планы этажей. Сохраните планировку для сравнения и откройте проект в каталоге, чтобы посмотреть состав документации и актуальную стоимость.",https://catalog-plans.ru/catalog/62-21BL?utm_source=pinterest&utm_medium=organic&utm_campaign=generated_raw_visual_plans_one_storey_batch_67&utm_content=pin_12755_62-21BL_plans&utm_term=proekty-domov-s-planirovkami,,"одноэтажные дома с планировкой, проект дома 62-21BL, дом 175,26 м², 1 этаж, планировка дома, планы этажей, готовый проект дома, газобетон, catalog-plans.ru"
"Двухэтажные дома с планировкой: проект №57-17DA, 111,23 м²",https://raw.githubusercontent.com/nemchenik/test/890e420372c454ec1d75b0a087aa53c228efd1b2/pinterest/generated_batch_68_raw_visual_plans_two_storey/57-17DA.jpg,Двухэтажные дома с планировкой,,"Двухэтажные дома с планировкой — готовый проект №57-17DA площадью 111,23 м². Характеристики: 2 этажа, габариты 8.9×8.9 м, материал стен — газобетон. На изображении показаны оригинальная визуализация дома и реальные планы этажей. Сохраните планировку для сравнения и откройте проект в каталоге, чтобы посмотреть состав документации и актуальную стоимость.",https://catalog-plans.ru/catalog/57-17DA?utm_source=pinterest&utm_medium=organic&utm_campaign=generated_raw_visual_plans_two_storey_batch_68&utm_content=pin_12955_57-17DA_plans&utm_term=proekty-domov-s-planirovkami,,"двухэтажные дома с планировкой, проект дома 57-17DA, дом 111,23 м², 2 этажа, планировка дома, планы этажей, готовый проект дома, газобетон, catalog-plans.ru"
"Одноэтажные дома с планировкой: проект №68-41L, 163,87 м²",https://raw.githubusercontent.com/nemchenik/test/890e420372c454ec1d75b0a087aa53c228efd1b2/pinterest/generated_batch_67_raw_visual_plans_one_storey/68-41L.jpg,Одноэтажные дома с планировкой,,"Одноэтажные дома с планировкой — готовый проект №68-41L площадью 163,87 м². Характеристики: 1 этаж, габариты 16.54×17.94 м, материал стен — газобетон. На изображении показаны оригинальная визуализация дома и реальные планы этажей. Сохраните планировку для сравнения и откройте проект в каталоге, чтобы посмотреть состав документации и актуальную стоимость.",https://catalog-plans.ru/catalog/68-41L?utm_source=pinterest&utm_medium=organic&utm_campaign=generated_raw_visual_plans_one_storey_batch_67&utm_content=pin_12756_68-41L_plans&utm_term=proekty-domov-s-planirovkami,,"одноэтажные дома с планировкой, проект дома 68-41L, дом 163,87 м², 1 этаж, планировка дома, планы этажей, готовый проект дома, газобетон, catalog-plans.ru"
"Двухэтажные дома с планировкой: проект №58-09Z, 154,28 м²",https://raw.githubusercontent.com/nemchenik/test/890e420372c454ec1d75b0a087aa53c228efd1b2/pinterest/generated_batch_68_raw_visual_plans_two_storey/58-09Z.jpg,Двухэтажные дома с планировкой,,"Двухэтажные дома с планировкой — готовый проект №58-09Z площадью 154,28 м². Характеристики: 2 этажа, габариты 9.8×14 м, материал стен — газобетон. На изображении показаны оригинальная визуализация дома и реальные планы этажей. Сохраните планировку для сравнения и откройте проект в каталоге, чтобы посмотреть состав документации и актуальную стоимость.",https://catalog-plans.ru/catalog/58-09Z?utm_source=pinterest&utm_medium=organic&utm_campaign=generated_raw_visual_plans_two_storey_batch_68&utm_content=pin_12956_58-09Z_plans&utm_term=proekty-domov-s-planirovkami,,"двухэтажные дома с планировкой, проект дома 58-09Z, дом 154,28 м², 2 этажа, планировка дома, планы этажей, готовый проект дома, газобетон, catalog-plans.ru"
"Одноэтажные дома с планировкой: проект №58-70ZHCX, 240,24 м²",https://raw.githubusercontent.com/nemchenik/test/890e420372c454ec1d75b0a087aa53c228efd1b2/pinterest/generated_batch_67_raw_visual_plans_one_storey/58-70ZHCX.jpg,Одноэтажные дома с планировкой,,"Одноэтажные дома с планировкой — готовый проект №58-70ZHCX площадью 240,24 м². Характеристики: 1 этаж, габариты 10.6×14.6 м, материал стен — дерево. На изображении показаны оригинальная визуализация дома и реальные планы этажей. Сохраните планировку для сравнения и откройте проект в каталоге, чтобы посмотреть состав документации и актуальную стоимость.",https://catalog-plans.ru/catalog/58-70ZHCX?utm_source=pinterest&utm_medium=organic&utm_campaign=generated_raw_visual_plans_one_storey_batch_67&utm_content=pin_12757_58-70ZHCX_plans&utm_term=proekty-domov-s-planirovkami,,"одноэтажные дома с планировкой, проект дома 58-70ZHCX, дом 240,24 м², 1 этаж, планировка дома, планы этажей, готовый проект дома, дерево, catalog-plans.ru"
"Двухэтажные дома с планировкой: проект №13-94, 133,34 м²",https://raw.githubusercontent.com/nemchenik/test/890e420372c454ec1d75b0a087aa53c228efd1b2/pinterest/generated_batch_68_raw_visual_plans_two_storey/13-94.jpg,Двухэтажные дома с планировкой,,"Двухэтажные дома с планировкой — готовый проект №13-94 площадью 133,34 м². Характеристики: 2 этажа, габариты 9×10 м, материал стен — дерево. На изображении показаны оригинальная визуализация дома и реальные планы этажей. Сохраните планировку для сравнения и откройте проект в каталоге, чтобы посмотреть состав документации и актуальную стоимость.",https://catalog-plans.ru/catalog/13-94?utm_source=pinterest&utm_medium=organic&utm_campaign=generated_raw_visual_plans_two_storey_batch_68&utm_content=pin_12957_13-94_plans&utm_term=proekty-domov-s-planirovkami,,"двухэтажные дома с планировкой, проект дома 13-94, дом 133,34 м², 2 этажа, планировка дома, планы этажей, готовый проект дома, дерево, catalog-plans.ru"
"Одноэтажные дома с планировкой: проект №64-64A, 200,28 м²",https://raw.githubusercontent.com/nemchenik/test/890e420372c454ec1d75b0a087aa53c228efd1b2/pinterest/generated_batch_67_raw_visual_plans_one_storey/64-64A.jpg,Одноэтажные дома с планировкой,,"Одноэтажные дома с планировкой — готовый проект №64-64A площадью 200,28 м². Характеристики: 1 этаж, габариты 17.5×21.75 м, материал стен — газобетон. На изображении показаны оригинальная визуализация дома и реальные планы этажей. Сохраните планировку для сравнения и откройте проект в каталоге, чтобы посмотреть состав документации и актуальную стоимость.",https://catalog-plans.ru/catalog/64-64A?utm_source=pinterest&utm_medium=organic&utm_campaign=generated_raw_visual_plans_one_storey_batch_67&utm_content=pin_12758_64-64A_plans&utm_term=proekty-domov-s-planirovkami,,"одноэтажные дома с планировкой, проект дома 64-64A, дом 200,28 м², 1 этаж, планировка дома, планы этажей, готовый проект дома, газобетон, catalog-plans.ru"
"Двухэтажные дома с планировкой: проект №57-62YAKL, 229,84 м²",https://raw.githubusercontent.com/nemchenik/test/890e420372c454ec1d75b0a087aa53c228efd1b2/pinterest/generated_batch_68_raw_visual_plans_two_storey/57-62YAKL.jpg,Двухэтажные дома с планировкой,,"Двухэтажные дома с планировкой — готовый проект №57-62YAKL площадью 229,84 м². Характеристики: 2 этажа, габариты 11.26×14.56 м, материал стен — кирпич. На изображении показаны оригинальная визуализация дома и реальные планы этажей. Сохраните планировку для сравнения и откройте проект в каталоге, чтобы посмотреть состав документации и актуальную стоимость.",https://catalog-plans.ru/catalog/57-62YAKL?utm_source=pinterest&utm_medium=organic&utm_campaign=generated_raw_visual_plans_two_storey_batch_68&utm_content=pin_12958_57-62YAKL_plans&utm_term=proekty-domov-s-planirovkami,,"двухэтажные дома с планировкой, проект дома 57-62YAKL, дом 229,84 м², 2 этажа, планировка дома, планы этажей, готовый проект дома, кирпич, catalog-plans.ru"
"Одноэтажные дома с планировкой: проект №46-09WGL, 125,16 м²",https://raw.githubusercontent.com/nemchenik/test/890e420372c454ec1d75b0a087aa53c228efd1b2/pinterest/generated_batch_67_raw_visual_plans_one_storey/46-09WGL.jpg,Одноэтажные дома с планировкой,,"Одноэтажные дома с планировкой — готовый проект №46-09WGL площадью 125,16 м². Характеристики: 1 этаж, габариты 13.88×16.3 м, материал стен — газобетон. На изображении показаны оригинальная визуализация дома и реальные планы этажей. Сохраните планировку для сравнения и откройте проект в каталоге, чтобы посмотреть состав документации и актуальную стоимость.",https://catalog-plans.ru/catalog/46-09WGL?utm_source=pinterest&utm_medium=organic&utm_campaign=generated_raw_visual_plans_one_storey_batch_67&utm_content=pin_12759_46-09WGL_plans&utm_term=proekty-domov-s-planirovkami,,"одноэтажные дома с планировкой, проект дома 46-09WGL, дом 125,16 м², 1 этаж, планировка дома, планы этажей, готовый проект дома, газобетон, catalog-plans.ru"
"Двухэтажные дома с планировкой: проект №36-22, 532,8 м²",https://raw.githubusercontent.com/nemchenik/test/890e420372c454ec1d75b0a087aa53c228efd1b2/pinterest/generated_batch_68_raw_visual_plans_two_storey/36-22.jpg,Двухэтажные дома с планировкой,,"Двухэтажные дома с планировкой — готовый проект №36-22 площадью 532,8 м². Характеристики: 2 этажа, габариты 15.58×18 м, материал стен — кирпич. На изображении показаны оригинальная визуализация дома и реальные планы этажей. Сохраните планировку для сравнения и откройте проект в каталоге, чтобы посмотреть состав документации и актуальную стоимость.",https://catalog-plans.ru/catalog/36-22?utm_source=pinterest&utm_medium=organic&utm_campaign=generated_raw_visual_plans_two_storey_batch_68&utm_content=pin_12959_36-22_plans&utm_term=proekty-domov-s-planirovkami,,"двухэтажные дома с планировкой, проект дома 36-22, дом 532,8 м², 2 этажа, планировка дома, планы этажей, готовый проект дома, кирпич, catalog-plans.ru"
"Одноэтажные дома с планировкой: проект №68-28, 189,37 м²",https://raw.githubusercontent.com/nemchenik/test/890e420372c454ec1d75b0a087aa53c228efd1b2/pinterest/generated_batch_67_raw_visual_plans_one_storey/68-28.jpg,Одноэтажные дома с планировкой,,"Одноэтажные дома с планировкой — готовый проект №68-28 площадью 189,37 м². Характеристики: 1 этаж, габариты 12.25×21.7 м, материал стен — газобетон. На изображении показаны оригинальная визуализация дома и реальные планы этажей. Сохраните планировку для сравнения и откройте проект в каталоге, чтобы посмотреть состав документации и актуальную стоимость.",https://catalog-plans.ru/catalog/68-28?utm_source=pinterest&utm_medium=organic&utm_campaign=generated_raw_visual_plans_one_storey_batch_67&utm_content=pin_12760_68-28_plans&utm_term=proekty-domov-s-planirovkami,,"одноэтажные дома с планировкой, проект дома 68-28, дом 189,37 м², 1 этаж, планировка дома, планы этажей, готовый проект дома, газобетон, catalog-plans.ru"
"Двухэтажные дома с планировкой: проект №33-90, 443 м²",https://raw.githubusercontent.com/nemchenik/test/890e420372c454ec1d75b0a087aa53c228efd1b2/pinterest/generated_batch_68_raw_visual_plans_two_storey/33-90.jpg,Двухэтажные дома с планировкой,,"Двухэтажные дома с планировкой — готовый проект №33-90 площадью 443 м². Характеристики: 2 этажа, габариты 18.75×23.05 м, материал стен — кирпич. На изображении показаны оригинальная визуализация дома и реальные планы этажей. Сохраните планировку для сравнения и откройте проект в каталоге, чтобы посмотреть состав документации и актуальную стоимость.",https://catalog-plans.ru/catalog/33-90?utm_source=pinterest&utm_medium=organic&utm_campaign=generated_raw_visual_plans_two_storey_batch_68&utm_content=pin_12960_33-90_plans&utm_term=proekty-domov-s-planirovkami,,"двухэтажные дома с планировкой, проект дома 33-90, дом 443 м², 2 этажа, планировка дома, планы этажей, готовый проект дома, кирпич, catalog-plans.ru"
"Одноэтажные дома с планировкой: проект №46-09TK1L, 155,63 м²",https://raw.githubusercontent.com/nemchenik/test/890e420372c454ec1d75b0a087aa53c228efd1b2/pinterest/generated_batch_67_raw_visual_plans_one_storey/46-09TK1L.jpg,Одноэтажные дома с планировкой,,"Одноэтажные дома с планировкой — готовый проект №46-09TK1L площадью 155,63 м². Характеристики: 1 этаж, габариты 14.55×18.48 м, материал стен — кирпич. На изображении показаны оригинальная визуализация дома и реальные планы этажей. Сохраните планировку для сравнения и откройте проект в каталоге, чтобы посмотреть состав документации и актуальную стоимость.",https://catalog-plans.ru/catalog/46-09TK1L?utm_source=pinterest&utm_medium=organic&utm_campaign=generated_raw_visual_plans_one_storey_batch_67&utm_content=pin_12761_46-09TK1L_plans&utm_term=proekty-domov-s-planirovkami,,"одноэтажные дома с планировкой, проект дома 46-09TK1L, дом 155,63 м², 1 этаж, планировка дома, планы этажей, готовый проект дома, кирпич, catalog-plans.ru"
"Двухэтажные дома с планировкой: проект №40-88AK2L, 381,98 м²",https://raw.githubusercontent.com/nemchenik/test/890e420372c454ec1d75b0a087aa53c228efd1b2/pinterest/generated_batch_68_raw_visual_plans_two_storey/40-88AK2L.jpg,Двухэтажные дома с планировкой,,"Двухэтажные дома с планировкой — готовый проект №40-88AK2L площадью 381,98 м². Характеристики: 2 этажа, габариты 17.46×21.94 м, материал стен — кирпич. На изображении показаны оригинальная визуализация дома и реальные планы этажей. Сохраните планировку для сравнения и откройте проект в каталоге, чтобы посмотреть состав документации и актуальную стоимость.",https://catalog-plans.ru/catalog/40-88AK2L?utm_source=pinterest&utm_medium=organic&utm_campaign=generated_raw_visual_plans_two_storey_batch_68&utm_content=pin_12961_40-88AK2L_plans&utm_term=proekty-domov-s-planirovkami,,"двухэтажные дома с планировкой, проект дома 40-88AK2L, дом 381,98 м², 2 этажа, планировка дома, планы этажей, готовый проект дома, кирпич, catalog-plans.ru"
"Одноэтажные дома с планировкой: проект №14-01, 112,07 м²",https://raw.githubusercontent.com/nemchenik/test/890e420372c454ec1d75b0a087aa53c228efd1b2/pinterest/generated_batch_67_raw_visual_plans_one_storey/14-01.jpg,Одноэтажные дома с планировкой,,"Одноэтажные дома с планировкой — готовый проект №14-01 площадью 112,07 м². Характеристики: 1 этаж, габариты 10.74×12.68 м, материал стен — дерево. На изображении показаны оригинальная визуализация дома и реальные планы этажей. Сохраните планировку для сравнения и откройте проект в каталоге, чтобы посмотреть состав документации и актуальную стоимость.",https://catalog-plans.ru/catalog/14-01?utm_source=pinterest&utm_medium=organic&utm_campaign=generated_raw_visual_plans_one_storey_batch_67&utm_content=pin_12762_14-01_plans&utm_term=proekty-domov-s-planirovkami,,"одноэтажные дома с планировкой, проект дома 14-01, дом 112,07 м², 1 этаж, планировка дома, планы этажей, готовый проект дома, дерево, catalog-plans.ru"
"Двухэтажные дома с планировкой: проект №11-21, 187,35 м²",https://raw.githubusercontent.com/nemchenik/test/890e420372c454ec1d75b0a087aa53c228efd1b2/pinterest/generated_batch_68_raw_visual_plans_two_storey/11-21.jpg,Двухэтажные дома с планировкой,,"Двухэтажные дома с планировкой — готовый проект №11-21 площадью 187,35 м². Характеристики: 2 этажа, габариты 15.3×18.45 м, материал стен — дерево. На изображении показаны оригинальная визуализация дома и реальные планы этажей. Сохраните планировку для сравнения и откройте проект в каталоге, чтобы посмотреть состав документации и актуальную стоимость.",https://catalog-plans.ru/catalog/11-21?utm_source=pinterest&utm_medium=organic&utm_campaign=generated_raw_visual_plans_two_storey_batch_68&utm_content=pin_12962_11-21_plans&utm_term=proekty-domov-s-planirovkami,,"двухэтажные дома с планировкой, проект дома 11-21, дом 187,35 м², 2 этажа, планировка дома, планы этажей, готовый проект дома, дерево, catalog-plans.ru"
"Одноэтажные дома с планировкой: проект №71-22, 117,14 м²",https://raw.githubusercontent.com/nemchenik/test/890e420372c454ec1d75b0a087aa53c228efd1b2/pinterest/generated_batch_67_raw_visual_plans_one_storey/71-22.jpg,Одноэтажные дома с планировкой,,"Одноэтажные дома с планировкой — готовый проект №71-22 площадью 117,14 м². Характеристики: 1 этаж, габариты 12.75×15.46 м, материал стен — деревянный каркас. На изображении показаны оригинальная визуализация дома и реальные планы этажей. Сохраните планировку для сравнения и откройте проект в каталоге, чтобы посмотреть состав документации и актуальную стоимость.",https://catalog-plans.ru/catalog/71-22?utm_source=pinterest&utm_medium=organic&utm_campaign=generated_raw_visual_plans_one_storey_batch_67&utm_content=pin_12763_71-22_plans&utm_term=proekty-domov-s-planirovkami,,"одноэтажные дома с планировкой, проект дома 71-22, дом 117,14 м², 1 этаж, планировка дома, планы этажей, готовый проект дома, деревянный каркас, catalog-plans.ru"
"Двухэтажные дома с планировкой: проект №64-08L, 297,78 м²",https://raw.githubusercontent.com/nemchenik/test/890e420372c454ec1d75b0a087aa53c228efd1b2/pinterest/generated_batch_68_raw_visual_plans_two_storey/64-08L.jpg,Двухэтажные дома с планировкой,,"Двухэтажные дома с планировкой — готовый проект №64-08L площадью 297,78 м². Характеристики: 2 этажа, габариты 16.5×17.1 м, материал стен — газобетон. На изображении показаны оригинальная визуализация дома и реальные планы этажей. Сохраните планировку для сравнения и откройте проект в каталоге, чтобы посмотреть состав документации и актуальную стоимость.",https://catalog-plans.ru/catalog/64-08L?utm_source=pinterest&utm_medium=organic&utm_campaign=generated_raw_visual_plans_two_storey_batch_68&utm_content=pin_12963_64-08L_plans&utm_term=proekty-domov-s-planirovkami,,"двухэтажные дома с планировкой, проект дома 64-08L, дом 297,78 м², 2 этажа, планировка дома, планы этажей, готовый проект дома, газобетон, catalog-plans.ru"
"Одноэтажные дома с планировкой: проект №62-78FBK1, 208,47 м²",https://raw.githubusercontent.com/nemchenik/test/890e420372c454ec1d75b0a087aa53c228efd1b2/pinterest/generated_batch_67_raw_visual_plans_one_storey/62-78FBK1.jpg,Одноэтажные дома с планировкой,,"Одноэтажные дома с планировкой — готовый проект №62-78FBK1 площадью 208,47 м². Характеристики: 1 этаж, габариты 22.255×18.757 м, материал стен — кирпич. На изображении показаны оригинальная визуализация дома и реальные планы этажей. Сохраните планировку для сравнения и откройте проект в каталоге, чтобы посмотреть состав документации и актуальную стоимость.",https://catalog-plans.ru/catalog/62-78FBK1?utm_source=pinterest&utm_medium=organic&utm_campaign=generated_raw_visual_plans_one_storey_batch_67&utm_content=pin_12764_62-78FBK1_plans&utm_term=proekty-domov-s-planirovkami,,"одноэтажные дома с планировкой, проект дома 62-78FBK1, дом 208,47 м², 1 этаж, планировка дома, планы этажей, готовый проект дома, кирпич, catalog-plans.ru"
"Двухэтажные дома с планировкой: проект №57-17K, 108,11 м²",https://raw.githubusercontent.com/nemchenik/test/890e420372c454ec1d75b0a087aa53c228efd1b2/pinterest/generated_batch_68_raw_visual_plans_two_storey/57-17K.jpg,Двухэтажные дома с планировкой,,"Двухэтажные дома с планировкой — готовый проект №57-17K площадью 108,11 м². Характеристики: 2 этажа, габариты 8.9×12.6 м, материал стен — кирпич. На изображении показаны оригинальная визуализация дома и реальные планы этажей. Сохраните планировку для сравнения и откройте проект в каталоге, чтобы посмотреть состав документации и актуальную стоимость.",https://catalog-plans.ru/catalog/57-17K?utm_source=pinterest&utm_medium=organic&utm_campaign=generated_raw_visual_plans_two_storey_batch_68&utm_content=pin_12964_57-17K_plans&utm_term=proekty-domov-s-planirovkami,,"двухэтажные дома с планировкой, проект дома 57-17K, дом 108,11 м², 2 этажа, планировка дома, планы этажей, готовый проект дома, кирпич, catalog-plans.ru"
"Одноэтажные дома с планировкой: проект №62-78AEK1L, 236,39 м²",https://raw.githubusercontent.com/nemchenik/test/890e420372c454ec1d75b0a087aa53c228efd1b2/pinterest/generated_batch_67_raw_visual_plans_one_storey/62-78AEK1L.jpg,Одноэтажные дома с планировкой,,"Одноэтажные дома с планировкой — готовый проект №62-78AEK1L площадью 236,39 м². Характеристики: 1 этаж, габариты 20.61×22.38 м, материал стен — газобетон. На изображении показаны оригинальная визуализация дома и реальные планы этажей. Сохраните планировку для сравнения и откройте проект в каталоге, чтобы посмотреть состав документации и актуальную стоимость.",https://catalog-plans.ru/catalog/62-78AEK1L?utm_source=pinterest&utm_medium=organic&utm_campaign=generated_raw_visual_plans_one_storey_batch_67&utm_content=pin_12765_62-78AEK1L_plans&utm_term=proekty-domov-s-planirovkami,,"одноэтажные дома с планировкой, проект дома 62-78AEK1L, дом 236,39 м², 1 этаж, планировка дома, планы этажей, готовый проект дома, газобетон, catalog-plans.ru"
"Двухэтажные дома с планировкой: проект №62-91, 375,68 м²",https://raw.githubusercontent.com/nemchenik/test/890e420372c454ec1d75b0a087aa53c228efd1b2/pinterest/generated_batch_68_raw_visual_plans_two_storey/62-91.jpg,Двухэтажные дома с планировкой,,"Двухэтажные дома с планировкой — готовый проект №62-91 площадью 375,68 м². Характеристики: 2 этажа, габариты 14.79×24.25 м, материал стен — керамзитобетон. На изображении показаны оригинальная визуализация дома и реальные планы этажей. Сохраните планировку для сравнения и откройте проект в каталоге, чтобы посмотреть состав документации и актуальную стоимость.",https://catalog-plans.ru/catalog/62-91?utm_source=pinterest&utm_medium=organic&utm_campaign=generated_raw_visual_plans_two_storey_batch_68&utm_content=pin_12965_62-91_plans&utm_term=proekty-domov-s-planirovkami,,"двухэтажные дома с планировкой, проект дома 62-91, дом 375,68 м², 2 этажа, планировка дома, планы этажей, готовый проект дома, керамзитобетон, catalog-plans.ru"
"Одноэтажные дома с планировкой: проект №46-09DGL, 166,28 м²",https://raw.githubusercontent.com/nemchenik/test/890e420372c454ec1d75b0a087aa53c228efd1b2/pinterest/generated_batch_67_raw_visual_plans_one_storey/46-09DGL.jpg,Одноэтажные дома с планировкой,,"Одноэтажные дома с планировкой — готовый проект №46-09DGL площадью 166,28 м². Характеристики: 1 этаж, габариты 15.59×18.52 м, материал стен — газобетон. На изображении показаны оригинальная визуализация дома и реальные планы этажей. Сохраните планировку для сравнения и откройте проект в каталоге, чтобы посмотреть состав документации и актуальную стоимость.",https://catalog-plans.ru/catalog/46-09DGL?utm_source=pinterest&utm_medium=organic&utm_campaign=generated_raw_visual_plans_one_storey_batch_67&utm_content=pin_12766_46-09DGL_plans&utm_term=proekty-domov-s-planirovkami,,"одноэтажные дома с планировкой, проект дома 46-09DGL, дом 166,28 м², 1 этаж, планировка дома, планы этажей, готовый проект дома, газобетон, catalog-plans.ru"
"Двухэтажные дома с планировкой: проект №65-34L, 253,99 м²",https://raw.githubusercontent.com/nemchenik/test/890e420372c454ec1d75b0a087aa53c228efd1b2/pinterest/generated_batch_68_raw_visual_plans_two_storey/65-34L.jpg,Двухэтажные дома с планировкой,,"Двухэтажные дома с планировкой — готовый проект №65-34L площадью 253,99 м². Характеристики: 2 этажа, габариты 16.5×17.85 м, материал стен — газобетон. На изображении показаны оригинальная визуализация дома и реальные планы этажей. Сохраните планировку для сравнения и откройте проект в каталоге, чтобы посмотреть состав документации и актуальную стоимость.",https://catalog-plans.ru/catalog/65-34L?utm_source=pinterest&utm_medium=organic&utm_campaign=generated_raw_visual_plans_two_storey_batch_68&utm_content=pin_12966_65-34L_plans&utm_term=proekty-domov-s-planirovkami,,"двухэтажные дома с планировкой, проект дома 65-34L, дом 253,99 м², 2 этажа, планировка дома, планы этажей, готовый проект дома, газобетон, catalog-plans.ru"
"Одноэтажные дома с планировкой: проект №35-98, 243,3 м²",https://raw.githubusercontent.com/nemchenik/test/890e420372c454ec1d75b0a087aa53c228efd1b2/pinterest/generated_batch_67_raw_visual_plans_one_storey/35-98.jpg,Одноэтажные дома с планировкой,,"Одноэтажные дома с планировкой — готовый проект №35-98 площадью 243,3 м². Характеристики: 1 этаж, габариты 8×14.98 м, материал стен — кирпич. На изображении показаны оригинальная визуализация дома и реальные планы этажей. Сохраните планировку для сравнения и откройте проект в каталоге, чтобы посмотреть состав документации и актуальную стоимость.",https://catalog-plans.ru/catalog/35-98?utm_source=pinterest&utm_medium=organic&utm_campaign=generated_raw_visual_plans_one_storey_batch_67&utm_content=pin_12767_35-98_plans&utm_term=proekty-domov-s-planirovkami,,"одноэтажные дома с планировкой, проект дома 35-98, дом 243,3 м², 1 этаж, планировка дома, планы этажей, готовый проект дома, кирпич, catalog-plans.ru"
"Двухэтажные дома с планировкой: проект №58-61CEDRAL, 110,91 м²",https://raw.githubusercontent.com/nemchenik/test/890e420372c454ec1d75b0a087aa53c228efd1b2/pinterest/generated_batch_68_raw_visual_plans_two_storey/58-61CEDRAL.jpg,Двухэтажные дома с планировкой,,"Двухэтажные дома с планировкой — готовый проект №58-61CEDRAL площадью 110,91 м². Характеристики: 2 этажа, габариты 8.96×11.16 м, материал стен — газобетон. На изображении показаны оригинальная визуализация дома и реальные планы этажей. Сохраните планировку для сравнения и откройте проект в каталоге, чтобы посмотреть состав документации и актуальную стоимость.",https://catalog-plans.ru/catalog/58-61CEDRAL?utm_source=pinterest&utm_medium=organic&utm_campaign=generated_raw_visual_plans_two_storey_batch_68&utm_content=pin_12967_58-61CEDRAL_plans&utm_term=proekty-domov-s-planirovkami,,"двухэтажные дома с планировкой, проект дома 58-61CEDRAL, дом 110,91 м², 2 этажа, планировка дома, планы этажей, готовый проект дома, газобетон, catalog-plans.ru"
"Одноэтажные дома с планировкой: проект №57-06, 132,1 м²",https://raw.githubusercontent.com/nemchenik/test/890e420372c454ec1d75b0a087aa53c228efd1b2/pinterest/generated_batch_67_raw_visual_plans_one_storey/57-06.jpg,Одноэтажные дома с планировкой,,"Одноэтажные дома с планировкой — готовый проект №57-06 площадью 132,1 м². Характеристики: 1 этаж, габариты 14.7×14.7 м, материал стен — газобетон. На изображении показаны оригинальная визуализация дома и реальные планы этажей. Сохраните планировку для сравнения и откройте проект в каталоге, чтобы посмотреть состав документации и актуальную стоимость.",https://catalog-plans.ru/catalog/57-06?utm_source=pinterest&utm_medium=organic&utm_campaign=generated_raw_visual_plans_one_storey_batch_67&utm_content=pin_12768_57-06_plans&utm_term=proekty-domov-s-planirovkami,,"одноэтажные дома с планировкой, проект дома 57-06, дом 132,1 м², 1 этаж, планировка дома, планы этажей, готовый проект дома, газобетон, catalog-plans.ru"
"Двухэтажные дома с планировкой: проект №46-35, 382,73 м²",https://raw.githubusercontent.com/nemchenik/test/890e420372c454ec1d75b0a087aa53c228efd1b2/pinterest/generated_batch_68_raw_visual_plans_two_storey/46-35.jpg,Двухэтажные дома с планировкой,,"Двухэтажные дома с планировкой — готовый проект №46-35 площадью 382,73 м². Характеристики: 2 этажа, габариты 14.32×20.58 м, материал стен — кирпич. На изображении показаны оригинальная визуализация дома и реальные планы этажей. Сохраните планировку для сравнения и откройте проект в каталоге, чтобы посмотреть состав документации и актуальную стоимость.",https://catalog-plans.ru/catalog/46-35?utm_source=pinterest&utm_medium=organic&utm_campaign=generated_raw_visual_plans_two_storey_batch_68&utm_content=pin_12968_46-35_plans&utm_term=proekty-domov-s-planirovkami,,"двухэтажные дома с планировкой, проект дома 46-35, дом 382,73 м², 2 этажа, планировка дома, планы этажей, готовый проект дома, кирпич, catalog-plans.ru"
"Одноэтажные дома с планировкой: проект №68-06M, 527,99 м²",https://raw.githubusercontent.com/nemchenik/test/890e420372c454ec1d75b0a087aa53c228efd1b2/pinterest/generated_batch_67_raw_visual_plans_one_storey/68-06M.jpg,Одноэтажные дома с планировкой,,"Одноэтажные дома с планировкой — готовый проект №68-06M площадью 527,99 м². Характеристики: 1 этаж, габариты 14×25.21 м, материал стен — монолитный каркас. На изображении показаны оригинальная визуализация дома и реальные планы этажей. Сохраните планировку для сравнения и откройте проект в каталоге, чтобы посмотреть состав документации и актуальную стоимость.",https://catalog-plans.ru/catalog/68-06M?utm_source=pinterest&utm_medium=organic&utm_campaign=generated_raw_visual_plans_one_storey_batch_67&utm_content=pin_12769_68-06M_plans&utm_term=proekty-domov-s-planirovkami,,"одноэтажные дома с планировкой, проект дома 68-06M, дом 527,99 м², 1 этаж, планировка дома, планы этажей, готовый проект дома, монолитный каркас, catalog-plans.ru"
"Двухэтажные дома с планировкой: проект №58-78ACK1L, 390,8 м²",https://raw.githubusercontent.com/nemchenik/test/890e420372c454ec1d75b0a087aa53c228efd1b2/pinterest/generated_batch_68_raw_visual_plans_two_storey/58-78ACK1L.jpg,Двухэтажные дома с планировкой,,"Двухэтажные дома с планировкой — готовый проект №58-78ACK1L площадью 390,8 м². Характеристики: 2 этажа, габариты 13.7×15 м, материал стен — кирпич. На изображении показаны оригинальная визуализация дома и реальные планы этажей. Сохраните планировку для сравнения и откройте проект в каталоге, чтобы посмотреть состав документации и актуальную стоимость.",https://catalog-plans.ru/catalog/58-78ACK1L?utm_source=pinterest&utm_medium=organic&utm_campaign=generated_raw_visual_plans_two_storey_batch_68&utm_content=pin_12969_58-78ACK1L_plans&utm_term=proekty-domov-s-planirovkami,,"двухэтажные дома с планировкой, проект дома 58-78ACK1L, дом 390,8 м², 2 этажа, планировка дома, планы этажей, готовый проект дома, кирпич, catalog-plans.ru"
"Одноэтажные дома с планировкой: проект №46-09FEGL, 242,46 м²",https://raw.githubusercontent.com/nemchenik/test/890e420372c454ec1d75b0a087aa53c228efd1b2/pinterest/generated_batch_67_raw_visual_plans_one_storey/46-09FEGL.jpg,Одноэтажные дома с планировкой,,"Одноэтажные дома с планировкой — готовый проект №46-09FEGL площадью 242,46 м². Характеристики: 1 этаж, габариты 11.06×14.82 м, материал стен — газобетон. На изображении показаны оригинальная визуализация дома и реальные планы этажей. Сохраните планировку для сравнения и откройте проект в каталоге, чтобы посмотреть состав документации и актуальную стоимость.",https://catalog-plans.ru/catalog/46-09FEGL?utm_source=pinterest&utm_medium=organic&utm_campaign=generated_raw_visual_plans_one_storey_batch_67&utm_content=pin_12770_46-09FEGL_plans&utm_term=proekty-domov-s-planirovkami,,"одноэтажные дома с планировкой, проект дома 46-09FEGL, дом 242,46 м², 1 этаж, планировка дома, планы этажей, готовый проект дома, газобетон, catalog-plans.ru"
"Двухэтажные дома с планировкой: проект №53-20, 168 м²",https://raw.githubusercontent.com/nemchenik/test/890e420372c454ec1d75b0a087aa53c228efd1b2/pinterest/generated_batch_68_raw_visual_plans_two_storey/53-20.jpg,Двухэтажные дома с планировкой,,"Двухэтажные дома с планировкой — готовый проект №53-20 площадью 168 м². Характеристики: 2 этажа, габариты 8.4×14.32 м, материал стен — газобетон. На изображении показаны оригинальная визуализация дома и реальные планы этажей. Сохраните планировку для сравнения и откройте проект в каталоге, чтобы посмотреть состав документации и актуальную стоимость.",https://catalog-plans.ru/catalog/53-20?utm_source=pinterest&utm_medium=organic&utm_campaign=generated_raw_visual_plans_two_storey_batch_68&utm_content=pin_12970_53-20_plans&utm_term=proekty-domov-s-planirovkami,,"двухэтажные дома с планировкой, проект дома 53-20, дом 168 м², 2 этажа, планировка дома, планы этажей, готовый проект дома, газобетон, catalog-plans.ru"
"Одноэтажные дома с планировкой: проект №60-50, 119,1 м²",https://raw.githubusercontent.com/nemchenik/test/890e420372c454ec1d75b0a087aa53c228efd1b2/pinterest/generated_batch_67_raw_visual_plans_one_storey/60-50.jpg,Одноэтажные дома с планировкой,,"Одноэтажные дома с планировкой — готовый проект №60-50 площадью 119,1 м². Характеристики: 1 этаж, габариты 12.5×12.5 м, материал стен — газобетон. На изображении показаны оригинальная визуализация дома и реальные планы этажей. Сохраните планировку для сравнения и откройте проект в каталоге, чтобы посмотреть состав документации и актуальную стоимость.",https://catalog-plans.ru/catalog/60-50?utm_source=pinterest&utm_medium=organic&utm_campaign=generated_raw_visual_plans_one_storey_batch_67&utm_content=pin_12771_60-50_plans&utm_term=proekty-domov-s-planirovkami,,"одноэтажные дома с планировкой, проект дома 60-50, дом 119,1 м², 1 этаж, планировка дома, планы этажей, готовый проект дома, газобетон, catalog-plans.ru"
"Двухэтажные дома с планировкой: проект №58-81CL, 342,14 м²",https://raw.githubusercontent.com/nemchenik/test/890e420372c454ec1d75b0a087aa53c228efd1b2/pinterest/generated_batch_68_raw_visual_plans_two_storey/58-81CL.jpg,Двухэтажные дома с планировкой,,"Двухэтажные дома с планировкой — готовый проект №58-81CL площадью 342,14 м². Характеристики: 2 этажа, габариты 14.04×14.68 м, материал стен — монолитный каркас. На изображении показаны оригинальная визуализация дома и реальные планы этажей. Сохраните планировку для сравнения и откройте проект в каталоге, чтобы посмотреть состав документации и актуальную стоимость.",https://catalog-plans.ru/catalog/58-81CL?utm_source=pinterest&utm_medium=organic&utm_campaign=generated_raw_visual_plans_two_storey_batch_68&utm_content=pin_12971_58-81CL_plans&utm_term=proekty-domov-s-planirovkami,,"двухэтажные дома с планировкой, проект дома 58-81CL, дом 342,14 м², 2 этажа, планировка дома, планы этажей, готовый проект дома, монолитный каркас, catalog-plans.ru"
"Одноэтажные дома с планировкой: проект №62-64ABAB, 185,95 м²",https://raw.githubusercontent.com/nemchenik/test/890e420372c454ec1d75b0a087aa53c228efd1b2/pinterest/generated_batch_67_raw_visual_plans_one_storey/62-64ABAB.jpg,Одноэтажные дома с планировкой,,"Одноэтажные дома с планировкой — готовый проект №62-64ABAB площадью 185,95 м². Характеристики: 1 этаж, габариты 13×23.1 м, материал стен — газобетон. На изображении показаны оригинальная визуализация дома и реальные планы этажей. Сохраните планировку для сравнения и откройте проект в каталоге, чтобы посмотреть состав документации и актуальную стоимость.",https://catalog-plans.ru/catalog/62-64ABAB?utm_source=pinterest&utm_medium=organic&utm_campaign=generated_raw_visual_plans_one_storey_batch_67&utm_content=pin_12772_62-64ABAB_plans&utm_term=proekty-domov-s-planirovkami,,"одноэтажные дома с планировкой, проект дома 62-64ABAB, дом 185,95 м², 1 этаж, планировка дома, планы этажей, готовый проект дома, газобетон, catalog-plans.ru"
"Двухэтажные дома с планировкой: проект №57-23, 194,95 м²",https://raw.githubusercontent.com/nemchenik/test/890e420372c454ec1d75b0a087aa53c228efd1b2/pinterest/generated_batch_68_raw_visual_plans_two_storey/57-23.jpg,Двухэтажные дома с планировкой,,"Двухэтажные дома с планировкой — готовый проект №57-23 площадью 194,95 м². Характеристики: 2 этажа, габариты 11×13.64 м, материал стен — газобетон. На изображении показаны оригинальная визуализация дома и реальные планы этажей. Сохраните планировку для сравнения и откройте проект в каталоге, чтобы посмотреть состав документации и актуальную стоимость.",https://catalog-plans.ru/catalog/57-23?utm_source=pinterest&utm_medium=organic&utm_campaign=generated_raw_visual_plans_two_storey_batch_68&utm_content=pin_12972_57-23_plans&utm_term=proekty-domov-s-planirovkami,,"двухэтажные дома с планировкой, проект дома 57-23, дом 194,95 м², 2 этажа, планировка дома, планы этажей, готовый проект дома, газобетон, catalog-plans.ru"
"Одноэтажные дома с планировкой: проект №66-33, 305,6 м²",https://raw.githubusercontent.com/nemchenik/test/890e420372c454ec1d75b0a087aa53c228efd1b2/pinterest/generated_batch_67_raw_visual_plans_one_storey/66-33.jpg,Одноэтажные дома с планировкой,,"Одноэтажные дома с планировкой — готовый проект №66-33 площадью 305,6 м². Характеристики: 1 этаж, габариты 14.75×27.7 м, материал стен — газобетон. На изображении показаны оригинальная визуализация дома и реальные планы этажей. Сохраните планировку для сравнения и откройте проект в каталоге, чтобы посмотреть состав документации и актуальную стоимость.",https://catalog-plans.ru/catalog/66-33?utm_source=pinterest&utm_medium=organic&utm_campaign=generated_raw_visual_plans_one_storey_batch_67&utm_content=pin_12773_66-33_plans&utm_term=proekty-domov-s-planirovkami,,"одноэтажные дома с планировкой, проект дома 66-33, дом 305,6 м², 1 этаж, планировка дома, планы этажей, готовый проект дома, газобетон, catalog-plans.ru"
"Двухэтажные дома с планировкой: проект №60-83, 183,65 м²",https://raw.githubusercontent.com/nemchenik/test/890e420372c454ec1d75b0a087aa53c228efd1b2/pinterest/generated_batch_68_raw_visual_plans_two_storey/60-83.jpg,Двухэтажные дома с планировкой,,"Двухэтажные дома с планировкой — готовый проект №60-83 площадью 183,65 м². Характеристики: 2 этажа, габариты 11×13.55 м, материал стен — газобетон. На изображении показаны оригинальная визуализация дома и реальные планы этажей. Сохраните планировку для сравнения и откройте проект в каталоге, чтобы посмотреть состав документации и актуальную стоимость.",https://catalog-plans.ru/catalog/60-83?utm_source=pinterest&utm_medium=organic&utm_campaign=generated_raw_visual_plans_two_storey_batch_68&utm_content=pin_12973_60-83_plans&utm_term=proekty-domov-s-planirovkami,,"двухэтажные дома с планировкой, проект дома 60-83, дом 183,65 м², 2 этажа, планировка дома, планы этажей, готовый проект дома, газобетон, catalog-plans.ru"
"Одноэтажные дома с планировкой: проект №46-74M, 101,74 м²",https://raw.githubusercontent.com/nemchenik/test/890e420372c454ec1d75b0a087aa53c228efd1b2/pinterest/generated_batch_67_raw_visual_plans_one_storey/46-74M.jpg,Одноэтажные дома с планировкой,,"Одноэтажные дома с планировкой — готовый проект №46-74M площадью 101,74 м². Характеристики: 1 этаж, габариты 8×15 м, материал стен — монолитный каркас. На изображении показаны оригинальная визуализация дома и реальные планы этажей. Сохраните планировку для сравнения и откройте проект в каталоге, чтобы посмотреть состав документации и актуальную стоимость.",https://catalog-plans.ru/catalog/46-74M?utm_source=pinterest&utm_medium=organic&utm_campaign=generated_raw_visual_plans_one_storey_batch_67&utm_content=pin_12774_46-74M_plans&utm_term=proekty-domov-s-planirovkami,,"одноэтажные дома с планировкой, проект дома 46-74M, дом 101,74 м², 1 этаж, планировка дома, планы этажей, готовый проект дома, монолитный каркас, catalog-plans.ru"
"Двухэтажные дома с планировкой: проект №57-20VAK1, 324,05 м²",https://raw.githubusercontent.com/nemchenik/test/890e420372c454ec1d75b0a087aa53c228efd1b2/pinterest/generated_batch_68_raw_visual_plans_two_storey/57-20VAK1.jpg,Двухэтажные дома с планировкой,,"Двухэтажные дома с планировкой — готовый проект №57-20VAK1 площадью 324,05 м². Характеристики: 2 этажа, габариты 13.51×16.64 м, материал стен — кирпич. На изображении показаны оригинальная визуализация дома и реальные планы этажей. Сохраните планировку для сравнения и откройте проект в каталоге, чтобы посмотреть состав документации и актуальную стоимость.",https://catalog-plans.ru/catalog/57-20VAK1?utm_source=pinterest&utm_medium=organic&utm_campaign=generated_raw_visual_plans_two_storey_batch_68&utm_content=pin_12974_57-20VAK1_plans&utm_term=proekty-domov-s-planirovkami,,"двухэтажные дома с планировкой, проект дома 57-20VAK1, дом 324,05 м², 2 этажа, планировка дома, планы этажей, готовый проект дома, кирпич, catalog-plans.ru"
"Одноэтажные дома с планировкой: проект №75-09, 186 м²",https://raw.githubusercontent.com/nemchenik/test/890e420372c454ec1d75b0a087aa53c228efd1b2/pinterest/generated_batch_67_raw_visual_plans_one_storey/75-09.jpg,Одноэтажные дома с планировкой,,"Одноэтажные дома с планировкой — готовый проект №75-09 площадью 186 м². Характеристики: 1 этаж, габариты 16.76×18.71 м, материал стен — газобетон. На изображении показаны оригинальная визуализация дома и реальные планы этажей. Сохраните планировку для сравнения и откройте проект в каталоге, чтобы посмотреть состав документации и актуальную стоимость.",https://catalog-plans.ru/catalog/75-09?utm_source=pinterest&utm_medium=organic&utm_campaign=generated_raw_visual_plans_one_storey_batch_67&utm_content=pin_12775_75-09_plans&utm_term=proekty-domov-s-planirovkami,,"одноэтажные дома с планировкой, проект дома 75-09, дом 186 м², 1 этаж, планировка дома, планы этажей, готовый проект дома, газобетон, catalog-plans.ru"
"Двухэтажные дома с планировкой: проект №58-29BL, 132,52 м²",https://raw.githubusercontent.com/nemchenik/test/890e420372c454ec1d75b0a087aa53c228efd1b2/pinterest/generated_batch_68_raw_visual_plans_two_storey/58-29BL.jpg,Двухэтажные дома с планировкой,,"Двухэтажные дома с планировкой — готовый проект №58-29BL площадью 132,52 м². Характеристики: 2 этажа, габариты 10×12 м, материал стен — газобетон. На изображении показаны оригинальная визуализация дома и реальные планы этажей. Сохраните планировку для сравнения и откройте проект в каталоге, чтобы посмотреть состав документации и актуальную стоимость.",https://catalog-plans.ru/catalog/58-29BL?utm_source=pinterest&utm_medium=organic&utm_campaign=generated_raw_visual_plans_two_storey_batch_68&utm_content=pin_12975_58-29BL_plans&utm_term=proekty-domov-s-planirovkami,,"двухэтажные дома с планировкой, проект дома 58-29BL, дом 132,52 м², 2 этажа, планировка дома, планы этажей, готовый проект дома, газобетон, catalog-plans.ru"
"Одноэтажные дома с планировкой: проект №58-89DC, 151,07 м²",https://raw.githubusercontent.com/nemchenik/test/890e420372c454ec1d75b0a087aa53c228efd1b2/pinterest/generated_batch_67_raw_visual_plans_one_storey/58-89DC.jpg,Одноэтажные дома с планировкой,,"Одноэтажные дома с планировкой — готовый проект №58-89DC площадью 151,07 м². Характеристики: 1 этаж, габариты 8.45×12.75 м, материал стен — газобетон. На изображении показаны оригинальная визуализация дома и реальные планы этажей. Сохраните планировку для сравнения и откройте проект в каталоге, чтобы посмотреть состав документации и актуальную стоимость.",https://catalog-plans.ru/catalog/58-89DC?utm_source=pinterest&utm_medium=organic&utm_campaign=generated_raw_visual_plans_one_storey_batch_67&utm_content=pin_12776_58-89DC_plans&utm_term=proekty-domov-s-planirovkami,,"одноэтажные дома с планировкой, проект дома 58-89DC, дом 151,07 м², 1 этаж, планировка дома, планы этажей, готовый проект дома, газобетон, catalog-plans.ru"
"Двухэтажные дома с планировкой: проект №60-01, 205 м²",https://raw.githubusercontent.com/nemchenik/test/890e420372c454ec1d75b0a087aa53c228efd1b2/pinterest/generated_batch_68_raw_visual_plans_two_storey/60-01.jpg,Двухэтажные дома с планировкой,,"Двухэтажные дома с планировкой — готовый проект №60-01 площадью 205 м². Характеристики: 2 этажа, габариты 10.8×13.5 м, материал стен — ячеистые бетонные блоки. На изображении показаны оригинальная визуализация дома и реальные планы этажей. Сохраните планировку для сравнения и откройте проект в каталоге, чтобы посмотреть состав документации и актуальную стоимость.",https://catalog-plans.ru/catalog/60-01?utm_source=pinterest&utm_medium=organic&utm_campaign=generated_raw_visual_plans_two_storey_batch_68&utm_content=pin_12976_60-01_plans&utm_term=proekty-domov-s-planirovkami,,"двухэтажные дома с планировкой, проект дома 60-01, дом 205 м², 2 этажа, планировка дома, планы этажей, готовый проект дома, ячеистые бетонные блоки, catalog-plans.ru"
"Одноэтажные дома с планировкой: проект №58-70J, 141,34 м²",https://raw.githubusercontent.com/nemchenik/test/890e420372c454ec1d75b0a087aa53c228efd1b2/pinterest/generated_batch_67_raw_visual_plans_one_storey/58-70J.jpg,Одноэтажные дома с планировкой,,"Одноэтажные дома с планировкой — готовый проект №58-70J площадью 141,34 м². Характеристики: 1 этаж, габариты 11.9×13.9 м, материал стен — газобетон. На изображении показаны оригинальная визуализация дома и реальные планы этажей. Сохраните планировку для сравнения и откройте проект в каталоге, чтобы посмотреть состав документации и актуальную стоимость.",https://catalog-plans.ru/catalog/58-70J?utm_source=pinterest&utm_medium=organic&utm_campaign=generated_raw_visual_plans_one_storey_batch_67&utm_content=pin_12777_58-70J_plans&utm_term=proekty-domov-s-planirovkami,,"одноэтажные дома с планировкой, проект дома 58-70J, дом 141,34 м², 1 этаж, планировка дома, планы этажей, готовый проект дома, газобетон, catalog-plans.ru"
"Двухэтажные дома с планировкой: проект №46-47, 327,15 м²",https://raw.githubusercontent.com/nemchenik/test/890e420372c454ec1d75b0a087aa53c228efd1b2/pinterest/generated_batch_68_raw_visual_plans_two_storey/46-47.jpg,Двухэтажные дома с планировкой,,"Двухэтажные дома с планировкой — готовый проект №46-47 площадью 327,15 м². Характеристики: 2 этажа, габариты 17.89×19.56 м, материал стен — монолитный каркас. На изображении показаны оригинальная визуализация дома и реальные планы этажей. Сохраните планировку для сравнения и откройте проект в каталоге, чтобы посмотреть состав документации и актуальную стоимость.",https://catalog-plans.ru/catalog/46-47?utm_source=pinterest&utm_medium=organic&utm_campaign=generated_raw_visual_plans_two_storey_batch_68&utm_content=pin_12977_46-47_plans&utm_term=proekty-domov-s-planirovkami,,"двухэтажные дома с планировкой, проект дома 46-47, дом 327,15 м², 2 этажа, планировка дома, планы этажей, готовый проект дома, монолитный каркас, catalog-plans.ru"
"Одноэтажные дома с планировкой: проект №71-05, 108,48 м²",https://raw.githubusercontent.com/nemchenik/test/890e420372c454ec1d75b0a087aa53c228efd1b2/pinterest/generated_batch_67_raw_visual_plans_one_storey/71-05.jpg,Одноэтажные дома с планировкой,,"Одноэтажные дома с планировкой — готовый проект №71-05 площадью 108,48 м². Характеристики: 1 этаж, габариты 8.6×15.1 м, материал стен — деревянный каркас. На изображении показаны оригинальная визуализация дома и реальные планы этажей. Сохраните планировку для сравнения и откройте проект в каталоге, чтобы посмотреть состав документации и актуальную стоимость.",https://catalog-plans.ru/catalog/71-05?utm_source=pinterest&utm_medium=organic&utm_campaign=generated_raw_visual_plans_one_storey_batch_67&utm_content=pin_12778_71-05_plans&utm_term=proekty-domov-s-planirovkami,,"одноэтажные дома с планировкой, проект дома 71-05, дом 108,48 м², 1 этаж, планировка дома, планы этажей, готовый проект дома, деревянный каркас, catalog-plans.ru"
"Двухэтажные дома с планировкой: проект №40-04MAGL, 135,21 м²",https://raw.githubusercontent.com/nemchenik/test/890e420372c454ec1d75b0a087aa53c228efd1b2/pinterest/generated_batch_68_raw_visual_plans_two_storey/40-04MAGL.jpg,Двухэтажные дома с планировкой,,"Двухэтажные дома с планировкой — готовый проект №40-04MAGL площадью 135,21 м². Характеристики: 2 этажа, габариты 9.7×10.2 м, материал стен — газобетон. На изображении показаны оригинальная визуализация дома и реальные планы этажей. Сохраните планировку для сравнения и откройте проект в каталоге, чтобы посмотреть состав документации и актуальную стоимость.",https://catalog-plans.ru/catalog/40-04MAGL?utm_source=pinterest&utm_medium=organic&utm_campaign=generated_raw_visual_plans_two_storey_batch_68&utm_content=pin_12978_40-04MAGL_plans&utm_term=proekty-domov-s-planirovkami,,"двухэтажные дома с планировкой, проект дома 40-04MAGL, дом 135,21 м², 2 этажа, планировка дома, планы этажей, готовый проект дома, газобетон, catalog-plans.ru"
"Одноэтажные дома с планировкой: проект №45-08MG, 251,57 м²",https://raw.githubusercontent.com/nemchenik/test/890e420372c454ec1d75b0a087aa53c228efd1b2/pinterest/generated_batch_67_raw_visual_plans_one_storey/45-08MG.jpg,Одноэтажные дома с планировкой,,"Одноэтажные дома с планировкой — готовый проект №45-08MG площадью 251,57 м². Характеристики: 1 этаж, габариты 18.4×24.3 м, материал стен — газобетон. На изображении показаны оригинальная визуализация дома и реальные планы этажей. Сохраните планировку для сравнения и откройте проект в каталоге, чтобы посмотреть состав документации и актуальную стоимость.",https://catalog-plans.ru/catalog/45-08MG?utm_source=pinterest&utm_medium=organic&utm_campaign=generated_raw_visual_plans_one_storey_batch_67&utm_content=pin_12779_45-08MG_plans&utm_term=proekty-domov-s-planirovkami,,"одноэтажные дома с планировкой, проект дома 45-08MG, дом 251,57 м², 1 этаж, планировка дома, планы этажей, готовый проект дома, газобетон, catalog-plans.ru"
"Двухэтажные дома с планировкой: проект №45-64NHGL, 229,26 м²",https://raw.githubusercontent.com/nemchenik/test/890e420372c454ec1d75b0a087aa53c228efd1b2/pinterest/generated_batch_68_raw_visual_plans_two_storey/45-64NHGL.jpg,Двухэтажные дома с планировкой,,"Двухэтажные дома с планировкой — готовый проект №45-64NHGL площадью 229,26 м². Характеристики: 2 этажа, габариты 12.66×14.55 м, материал стен — газобетон. На изображении показаны оригинальная визуализация дома и реальные планы этажей. Сохраните планировку для сравнения и откройте проект в каталоге, чтобы посмотреть состав документации и актуальную стоимость.",https://catalog-plans.ru/catalog/45-64NHGL?utm_source=pinterest&utm_medium=organic&utm_campaign=generated_raw_visual_plans_two_storey_batch_68&utm_content=pin_12979_45-64NHGL_plans&utm_term=proekty-domov-s-planirovkami,,"двухэтажные дома с планировкой, проект дома 45-64NHGL, дом 229,26 м², 2 этажа, планировка дома, планы этажей, готовый проект дома, газобетон, catalog-plans.ru"
"Одноэтажные дома с планировкой: проект №67-00, 112,5 м²",https://raw.githubusercontent.com/nemchenik/test/890e420372c454ec1d75b0a087aa53c228efd1b2/pinterest/generated_batch_67_raw_visual_plans_one_storey/67-00.jpg,Одноэтажные дома с планировкой,,"Одноэтажные дома с планировкой — готовый проект №67-00 площадью 112,5 м². Характеристики: 1 этаж, габариты 8.49×17.84 м, материал стен — газобетон. На изображении показаны оригинальная визуализация дома и реальные планы этажей. Сохраните планировку для сравнения и откройте проект в каталоге, чтобы посмотреть состав документации и актуальную стоимость.",https://catalog-plans.ru/catalog/67-00?utm_source=pinterest&utm_medium=organic&utm_campaign=generated_raw_visual_plans_one_storey_batch_67&utm_content=pin_12780_67-00_plans&utm_term=proekty-domov-s-planirovkami,,"одноэтажные дома с планировкой, проект дома 67-00, дом 112,5 м², 1 этаж, планировка дома, планы этажей, готовый проект дома, газобетон, catalog-plans.ru"
"Двухэтажные дома с планировкой: проект №57-26NL, 188,38 м²",https://raw.githubusercontent.com/nemchenik/test/890e420372c454ec1d75b0a087aa53c228efd1b2/pinterest/generated_batch_68_raw_visual_plans_two_storey/57-26NL.jpg,Двухэтажные дома с планировкой,,"Двухэтажные дома с планировкой — готовый проект №57-26NL площадью 188,38 м². Характеристики: 2 этажа, габариты 10.4×13.3 м, материал стен — газобетон. На изображении показаны оригинальная визуализация дома и реальные планы этажей. Сохраните планировку для сравнения и откройте проект в каталоге, чтобы посмотреть состав документации и актуальную стоимость.",https://catalog-plans.ru/catalog/57-26NL?utm_source=pinterest&utm_medium=organic&utm_campaign=generated_raw_visual_plans_two_storey_batch_68&utm_content=pin_12980_57-26NL_plans&utm_term=proekty-domov-s-planirovkami,,"двухэтажные дома с планировкой, проект дома 57-26NL, дом 188,38 м², 2 этажа, планировка дома, планы этажей, готовый проект дома, газобетон, catalog-plans.ru"
"Одноэтажные дома с планировкой: проект №62-78E, 178,41 м²",https://raw.githubusercontent.com/nemchenik/test/890e420372c454ec1d75b0a087aa53c228efd1b2/pinterest/generated_batch_67_raw_visual_plans_one_storey/62-78E.jpg,Одноэтажные дома с планировкой,,"Одноэтажные дома с планировкой — готовый проект №62-78E площадью 178,41 м². Характеристики: 1 этаж, габариты 18.24×21.62 м, материал стен — газобетон. На изображении показаны оригинальная визуализация дома и реальные планы этажей. Сохраните планировку для сравнения и откройте проект в каталоге, чтобы посмотреть состав документации и актуальную стоимость.",https://catalog-plans.ru/catalog/62-78E?utm_source=pinterest&utm_medium=organic&utm_campaign=generated_raw_visual_plans_one_storey_batch_67&utm_content=pin_12781_62-78E_plans&utm_term=proekty-domov-s-planirovkami,,"одноэтажные дома с планировкой, проект дома 62-78E, дом 178,41 м², 1 этаж, планировка дома, планы этажей, готовый проект дома, газобетон, catalog-plans.ru"
"Двухэтажные дома с планировкой: проект №40-61, 282,42 м²",https://raw.githubusercontent.com/nemchenik/test/890e420372c454ec1d75b0a087aa53c228efd1b2/pinterest/generated_batch_68_raw_visual_plans_two_storey/40-61.jpg,Двухэтажные дома с планировкой,,"Двухэтажные дома с планировкой — готовый проект №40-61 площадью 282,42 м². Характеристики: 2 этажа, габариты 13.12×22.58 м, материал стен — кирпич. На изображении показаны оригинальная визуализация дома и реальные планы этажей. Сохраните планировку для сравнения и откройте проект в каталоге, чтобы посмотреть состав документации и актуальную стоимость.",https://catalog-plans.ru/catalog/40-61?utm_source=pinterest&utm_medium=organic&utm_campaign=generated_raw_visual_plans_two_storey_batch_68&utm_content=pin_12981_40-61_plans&utm_term=proekty-domov-s-planirovkami,,"двухэтажные дома с планировкой, проект дома 40-61, дом 282,42 м², 2 этажа, планировка дома, планы этажей, готовый проект дома, кирпич, catalog-plans.ru"
"Одноэтажные дома с планировкой: проект №65-99, 117,05 м²",https://raw.githubusercontent.com/nemchenik/test/890e420372c454ec1d75b0a087aa53c228efd1b2/pinterest/generated_batch_67_raw_visual_plans_one_storey/65-99.jpg,Одноэтажные дома с планировкой,,"Одноэтажные дома с планировкой — готовый проект №65-99 площадью 117,05 м². Характеристики: 1 этаж, габариты 10.04×14.85 м, материал стен — газобетон. На изображении показаны оригинальная визуализация дома и реальные планы этажей. Сохраните планировку для сравнения и откройте проект в каталоге, чтобы посмотреть состав документации и актуальную стоимость.",https://catalog-plans.ru/catalog/65-99?utm_source=pinterest&utm_medium=organic&utm_campaign=generated_raw_visual_plans_one_storey_batch_67&utm_content=pin_12782_65-99_plans&utm_term=proekty-domov-s-planirovkami,,"одноэтажные дома с планировкой, проект дома 65-99, дом 117,05 м², 1 этаж, планировка дома, планы этажей, готовый проект дома, газобетон, catalog-plans.ru"
"Двухэтажные дома с планировкой: проект №57-15K, 221,03 м²",https://raw.githubusercontent.com/nemchenik/test/890e420372c454ec1d75b0a087aa53c228efd1b2/pinterest/generated_batch_68_raw_visual_plans_two_storey/57-15K.jpg,Двухэтажные дома с планировкой,,"Двухэтажные дома с планировкой — готовый проект №57-15K площадью 221,03 м². Характеристики: 2 этажа, габариты 10.8×19.66 м, материал стен — кирпич. На изображении показаны оригинальная визуализация дома и реальные планы этажей. Сохраните планировку для сравнения и откройте проект в каталоге, чтобы посмотреть состав документации и актуальную стоимость.",https://catalog-plans.ru/catalog/57-15K?utm_source=pinterest&utm_medium=organic&utm_campaign=generated_raw_visual_plans_two_storey_batch_68&utm_content=pin_12982_57-15K_plans&utm_term=proekty-domov-s-planirovkami,,"двухэтажные дома с планировкой, проект дома 57-15K, дом 221,03 м², 2 этажа, планировка дома, планы этажей, готовый проект дома, кирпич, catalog-plans.ru"
"Одноэтажные дома с планировкой: проект №62-39EK2L, 161,66 м²",https://raw.githubusercontent.com/nemchenik/test/890e420372c454ec1d75b0a087aa53c228efd1b2/pinterest/generated_batch_67_raw_visual_plans_one_storey/62-39EK2L.jpg,Одноэтажные дома с планировкой,,"Одноэтажные дома с планировкой — готовый проект №62-39EK2L площадью 161,66 м². Характеристики: 1 этаж, габариты 14.33×15.38 м, материал стен — кирпич. На изображении показаны оригинальная визуализация дома и реальные планы этажей. Сохраните планировку для сравнения и откройте проект в каталоге, чтобы посмотреть состав документации и актуальную стоимость.",https://catalog-plans.ru/catalog/62-39EK2L?utm_source=pinterest&utm_medium=organic&utm_campaign=generated_raw_visual_plans_one_storey_batch_67&utm_content=pin_12783_62-39EK2L_plans&utm_term=proekty-domov-s-planirovkami,,"одноэтажные дома с планировкой, проект дома 62-39EK2L, дом 161,66 м², 1 этаж, планировка дома, планы этажей, готовый проект дома, кирпич, catalog-plans.ru"
"Двухэтажные дома с планировкой: проект №59-25A, 232,27 м²",https://raw.githubusercontent.com/nemchenik/test/890e420372c454ec1d75b0a087aa53c228efd1b2/pinterest/generated_batch_68_raw_visual_plans_two_storey/59-25A.jpg,Двухэтажные дома с планировкой,,"Двухэтажные дома с планировкой — готовый проект №59-25A площадью 232,27 м². Характеристики: 2 этажа, габариты 12.32×24.55 м, материал стен — газобетон. На изображении показаны оригинальная визуализация дома и реальные планы этажей. Сохраните планировку для сравнения и откройте проект в каталоге, чтобы посмотреть состав документации и актуальную стоимость.",https://catalog-plans.ru/catalog/59-25A?utm_source=pinterest&utm_medium=organic&utm_campaign=generated_raw_visual_plans_two_storey_batch_68&utm_content=pin_12983_59-25A_plans&utm_term=proekty-domov-s-planirovkami,,"двухэтажные дома с планировкой, проект дома 59-25A, дом 232,27 м², 2 этажа, планировка дома, планы этажей, готовый проект дома, газобетон, catalog-plans.ru"
"Одноэтажные дома с планировкой: проект №91-31K3L, 14 м²",https://raw.githubusercontent.com/nemchenik/test/890e420372c454ec1d75b0a087aa53c228efd1b2/pinterest/generated_batch_67_raw_visual_plans_one_storey/91-31K3L.jpg,Одноэтажные дома с планировкой,,"Одноэтажные дома с планировкой — готовый проект №91-31K3L площадью 14 м². Характеристики: 1 этаж, габариты 4×6 м, материал стен — кирпич. На изображении показаны оригинальная визуализация дома и реальные планы этажей. Сохраните планировку для сравнения и откройте проект в каталоге, чтобы посмотреть состав документации и актуальную стоимость.",https://catalog-plans.ru/catalog/91-31K3L?utm_source=pinterest&utm_medium=organic&utm_campaign=generated_raw_visual_plans_one_storey_batch_67&utm_content=pin_12784_91-31K3L_plans&utm_term=proekty-domov-s-planirovkami,,"одноэтажные дома с планировкой, проект дома 91-31K3L, дом 14 м², 1 этаж, планировка дома, планы этажей, готовый проект дома, кирпич, catalog-plans.ru"
"Двухэтажные дома с планировкой: проект №58-05K, 218,64 м²",https://raw.githubusercontent.com/nemchenik/test/890e420372c454ec1d75b0a087aa53c228efd1b2/pinterest/generated_batch_68_raw_visual_plans_two_storey/58-05K.jpg,Двухэтажные дома с планировкой,,"Двухэтажные дома с планировкой — готовый проект №58-05K площадью 218,64 м². Характеристики: 2 этажа, габариты 11.9×15.95 м, материал стен — кирпич. На изображении показаны оригинальная визуализация дома и реальные планы этажей. Сохраните планировку для сравнения и откройте проект в каталоге, чтобы посмотреть состав документации и актуальную стоимость.",https://catalog-plans.ru/catalog/58-05K?utm_source=pinterest&utm_medium=organic&utm_campaign=generated_raw_visual_plans_two_storey_batch_68&utm_content=pin_12984_58-05K_plans&utm_term=proekty-domov-s-planirovkami,,"двухэтажные дома с планировкой, проект дома 58-05K, дом 218,64 м², 2 этажа, планировка дома, планы этажей, готовый проект дома, кирпич, catalog-plans.ru"
"Одноэтажные дома с планировкой: проект №64-65A, 145,3 м²",https://raw.githubusercontent.com/nemchenik/test/890e420372c454ec1d75b0a087aa53c228efd1b2/pinterest/generated_batch_67_raw_visual_plans_one_storey/64-65A.jpg,Одноэтажные дома с планировкой,,"Одноэтажные дома с планировкой — готовый проект №64-65A площадью 145,3 м². Характеристики: 1 этаж, габариты 5.8×17.25 м, материал стен — газобетон. На изображении показаны оригинальная визуализация дома и реальные планы этажей. Сохраните планировку для сравнения и откройте проект в каталоге, чтобы посмотреть состав документации и актуальную стоимость.",https://catalog-plans.ru/catalog/64-65A?utm_source=pinterest&utm_medium=organic&utm_campaign=generated_raw_visual_plans_one_storey_batch_67&utm_content=pin_12785_64-65A_plans&utm_term=proekty-domov-s-planirovkami,,"одноэтажные дома с планировкой, проект дома 64-65A, дом 145,3 м², 1 этаж, планировка дома, планы этажей, готовый проект дома, газобетон, catalog-plans.ru"
"Двухэтажные дома с планировкой: проект №40-17BK2L, 151,34 м²",https://raw.githubusercontent.com/nemchenik/test/890e420372c454ec1d75b0a087aa53c228efd1b2/pinterest/generated_batch_68_raw_visual_plans_two_storey/40-17BK2L.jpg,Двухэтажные дома с планировкой,,"Двухэтажные дома с планировкой — готовый проект №40-17BK2L площадью 151,34 м². Характеристики: 2 этажа, габариты 9×12 м, материал стен — кирпич. На изображении показаны оригинальная визуализация дома и реальные планы этажей. Сохраните планировку для сравнения и откройте проект в каталоге, чтобы посмотреть состав документации и актуальную стоимость.",https://catalog-plans.ru/catalog/40-17BK2L?utm_source=pinterest&utm_medium=organic&utm_campaign=generated_raw_visual_plans_two_storey_batch_68&utm_content=pin_12985_40-17BK2L_plans&utm_term=proekty-domov-s-planirovkami,,"двухэтажные дома с планировкой, проект дома 40-17BK2L, дом 151,34 м², 2 этажа, планировка дома, планы этажей, готовый проект дома, кирпич, catalog-plans.ru"
"Одноэтажные дома с планировкой: проект №33-89, 327,4 м²",https://raw.githubusercontent.com/nemchenik/test/890e420372c454ec1d75b0a087aa53c228efd1b2/pinterest/generated_batch_67_raw_visual_plans_one_storey/33-89.jpg,Одноэтажные дома с планировкой,,"Одноэтажные дома с планировкой — готовый проект №33-89 площадью 327,4 м². Характеристики: 1 этаж, габариты 13.6×16.8 м, материал стен — кирпич. На изображении показаны оригинальная визуализация дома и реальные планы этажей. Сохраните планировку для сравнения и откройте проект в каталоге, чтобы посмотреть состав документации и актуальную стоимость.",https://catalog-plans.ru/catalog/33-89?utm_source=pinterest&utm_medium=organic&utm_campaign=generated_raw_visual_plans_one_storey_batch_67&utm_content=pin_12786_33-89_plans&utm_term=proekty-domov-s-planirovkami,,"одноэтажные дома с планировкой, проект дома 33-89, дом 327,4 м², 1 этаж, планировка дома, планы этажей, готовый проект дома, кирпич, catalog-plans.ru"
"Двухэтажные дома с планировкой: проект №57-73BCAB, 296,15 м²",https://raw.githubusercontent.com/nemchenik/test/890e420372c454ec1d75b0a087aa53c228efd1b2/pinterest/generated_batch_68_raw_visual_plans_two_storey/57-73BCAB.jpg,Двухэтажные дома с планировкой,,"Двухэтажные дома с планировкой — готовый проект №57-73BCAB площадью 296,15 м². Характеристики: 2 этажа, габариты 10×13 м, материал стен — газобетон. На изображении показаны оригинальная визуализация дома и реальные планы этажей. Сохраните планировку для сравнения и откройте проект в каталоге, чтобы посмотреть состав документации и актуальную стоимость.",https://catalog-plans.ru/catalog/57-73BCAB?utm_source=pinterest&utm_medium=organic&utm_campaign=generated_raw_visual_plans_two_storey_batch_68&utm_content=pin_12986_57-73BCAB_plans&utm_term=proekty-domov-s-planirovkami,,"двухэтажные дома с планировкой, проект дома 57-73BCAB, дом 296,15 м², 2 этажа, планировка дома, планы этажей, готовый проект дома, газобетон, catalog-plans.ru"
"Одноэтажные дома с планировкой: проект №58-70WEG3, 102,04 м²",https://raw.githubusercontent.com/nemchenik/test/890e420372c454ec1d75b0a087aa53c228efd1b2/pinterest/generated_batch_67_raw_visual_plans_one_storey/58-70WEG3.jpg,Одноэтажные дома с планировкой,,"Одноэтажные дома с планировкой — готовый проект №58-70WEG3 площадью 102,04 м². Характеристики: 1 этаж, габариты 10.7×12.7 м, материал стен — газобетон. На изображении показаны оригинальная визуализация дома и реальные планы этажей. Сохраните планировку для сравнения и откройте проект в каталоге, чтобы посмотреть состав документации и актуальную стоимость.",https://catalog-plans.ru/catalog/58-70WEG3?utm_source=pinterest&utm_medium=organic&utm_campaign=generated_raw_visual_plans_one_storey_batch_67&utm_content=pin_12787_58-70WEG3_plans&utm_term=proekty-domov-s-planirovkami,,"одноэтажные дома с планировкой, проект дома 58-70WEG3, дом 102,04 м², 1 этаж, планировка дома, планы этажей, готовый проект дома, газобетон, catalog-plans.ru"
"Двухэтажные дома с планировкой: проект №59-24D, 191,8 м²",https://raw.githubusercontent.com/nemchenik/test/890e420372c454ec1d75b0a087aa53c228efd1b2/pinterest/generated_batch_68_raw_visual_plans_two_storey/59-24D.jpg,Двухэтажные дома с планировкой,,"Двухэтажные дома с планировкой — готовый проект №59-24D площадью 191,8 м². Характеристики: 2 этажа, габариты 13.26×13.6 м, материал стен — газобетон. На изображении показаны оригинальная визуализация дома и реальные планы этажей. Сохраните планировку для сравнения и откройте проект в каталоге, чтобы посмотреть состав документации и актуальную стоимость.",https://catalog-plans.ru/catalog/59-24D?utm_source=pinterest&utm_medium=organic&utm_campaign=generated_raw_visual_plans_two_storey_batch_68&utm_content=pin_12987_59-24D_plans&utm_term=proekty-domov-s-planirovkami,,"двухэтажные дома с планировкой, проект дома 59-24D, дом 191,8 м², 2 этажа, планировка дома, планы этажей, готовый проект дома, газобетон, catalog-plans.ru"
"Одноэтажные дома с планировкой: проект №58-70MK2L, 135,73 м²",https://raw.githubusercontent.com/nemchenik/test/890e420372c454ec1d75b0a087aa53c228efd1b2/pinterest/generated_batch_67_raw_visual_plans_one_storey/58-70MK2L.jpg,Одноэтажные дома с планировкой,,"Одноэтажные дома с планировкой — готовый проект №58-70MK2L площадью 135,73 м². Характеристики: 1 этаж, габариты 12.8×14.5 м, материал стен — кирпич. На изображении показаны оригинальная визуализация дома и реальные планы этажей. Сохраните планировку для сравнения и откройте проект в каталоге, чтобы посмотреть состав документации и актуальную стоимость.",https://catalog-plans.ru/catalog/58-70MK2L?utm_source=pinterest&utm_medium=organic&utm_campaign=generated_raw_visual_plans_one_storey_batch_67&utm_content=pin_12788_58-70MK2L_plans&utm_term=proekty-domov-s-planirovkami,,"одноэтажные дома с планировкой, проект дома 58-70MK2L, дом 135,73 м², 1 этаж, планировка дома, планы этажей, готовый проект дома, кирпич, catalog-plans.ru"
"Двухэтажные дома с планировкой: проект №45-57L, 287,69 м²",https://raw.githubusercontent.com/nemchenik/test/890e420372c454ec1d75b0a087aa53c228efd1b2/pinterest/generated_batch_68_raw_visual_plans_two_storey/45-57L.jpg,Двухэтажные дома с планировкой,,"Двухэтажные дома с планировкой — готовый проект №45-57L площадью 287,69 м². Характеристики: 2 этажа, габариты 13.33×21 м, материал стен — кирпич. На изображении показаны оригинальная визуализация дома и реальные планы этажей. Сохраните планировку для сравнения и откройте проект в каталоге, чтобы посмотреть состав документации и актуальную стоимость.",https://catalog-plans.ru/catalog/45-57L?utm_source=pinterest&utm_medium=organic&utm_campaign=generated_raw_visual_plans_two_storey_batch_68&utm_content=pin_12988_45-57L_plans&utm_term=proekty-domov-s-planirovkami,,"двухэтажные дома с планировкой, проект дома 45-57L, дом 287,69 м², 2 этажа, планировка дома, планы этажей, готовый проект дома, кирпич, catalog-plans.ru"
"Одноэтажные дома с планировкой: проект №59-22A, 160,49 м²",https://raw.githubusercontent.com/nemchenik/test/890e420372c454ec1d75b0a087aa53c228efd1b2/pinterest/generated_batch_67_raw_visual_plans_one_storey/59-22A.jpg,Одноэтажные дома с планировкой,,"Одноэтажные дома с планировкой — готовый проект №59-22A площадью 160,49 м². Характеристики: 1 этаж, габариты 12.02×21.78 м, материал стен — газобетон. На изображении показаны оригинальная визуализация дома и реальные планы этажей. Сохраните планировку для сравнения и откройте проект в каталоге, чтобы посмотреть состав документации и актуальную стоимость.",https://catalog-plans.ru/catalog/59-22A?utm_source=pinterest&utm_medium=organic&utm_campaign=generated_raw_visual_plans_one_storey_batch_67&utm_content=pin_12789_59-22A_plans&utm_term=proekty-domov-s-planirovkami,,"одноэтажные дома с планировкой, проект дома 59-22A, дом 160,49 м², 1 этаж, планировка дома, планы этажей, готовый проект дома, газобетон, catalog-plans.ru"
"Двухэтажные дома с планировкой: проект №45-77L, 150,89 м²",https://raw.githubusercontent.com/nemchenik/test/890e420372c454ec1d75b0a087aa53c228efd1b2/pinterest/generated_batch_68_raw_visual_plans_two_storey/45-77L.jpg,Двухэтажные дома с планировкой,,"Двухэтажные дома с планировкой — готовый проект №45-77L площадью 150,89 м². Характеристики: 2 этажа, габариты 10.78×10.78 м, материал стен — кирпич. На изображении показаны оригинальная визуализация дома и реальные планы этажей. Сохраните планировку для сравнения и откройте проект в каталоге, чтобы посмотреть состав документации и актуальную стоимость.",https://catalog-plans.ru/catalog/45-77L?utm_source=pinterest&utm_medium=organic&utm_campaign=generated_raw_visual_plans_two_storey_batch_68&utm_content=pin_12989_45-77L_plans&utm_term=proekty-domov-s-planirovkami,,"двухэтажные дома с планировкой, проект дома 45-77L, дом 150,89 м², 2 этажа, планировка дома, планы этажей, готовый проект дома, кирпич, catalog-plans.ru"
"Одноэтажные дома с планировкой: проект №72-23, 171,9 м²",https://raw.githubusercontent.com/nemchenik/test/890e420372c454ec1d75b0a087aa53c228efd1b2/pinterest/generated_batch_67_raw_visual_plans_one_storey/72-23.jpg,Одноэтажные дома с планировкой,,"Одноэтажные дома с планировкой — готовый проект №72-23 площадью 171,9 м². Характеристики: 1 этаж, габариты 9.7×15.76 м, материал стен — газобетон. На изображении показаны оригинальная визуализация дома и реальные планы этажей. Сохраните планировку для сравнения и откройте проект в каталоге, чтобы посмотреть состав документации и актуальную стоимость.",https://catalog-plans.ru/catalog/72-23?utm_source=pinterest&utm_medium=organic&utm_campaign=generated_raw_visual_plans_one_storey_batch_67&utm_content=pin_12790_72-23_plans&utm_term=proekty-domov-s-planirovkami,,"одноэтажные дома с планировкой, проект дома 72-23, дом 171,9 м², 1 этаж, планировка дома, планы этажей, готовый проект дома, газобетон, catalog-plans.ru"
"Двухэтажные дома с планировкой: проект №36-38, 608,2 м²",https://raw.githubusercontent.com/nemchenik/test/890e420372c454ec1d75b0a087aa53c228efd1b2/pinterest/generated_batch_68_raw_visual_plans_two_storey/36-38.jpg,Двухэтажные дома с планировкой,,"Двухэтажные дома с планировкой — готовый проект №36-38 площадью 608,2 м². Характеристики: 2 этажа, габариты 15.08×18.4 м, материал стен — кирпич. На изображении показаны оригинальная визуализация дома и реальные планы этажей. Сохраните планировку для сравнения и откройте проект в каталоге, чтобы посмотреть состав документации и актуальную стоимость.",https://catalog-plans.ru/catalog/36-38?utm_source=pinterest&utm_medium=organic&utm_campaign=generated_raw_visual_plans_two_storey_batch_68&utm_content=pin_12990_36-38_plans&utm_term=proekty-domov-s-planirovkami,,"двухэтажные дома с планировкой, проект дома 36-38, дом 608,2 м², 2 этажа, планировка дома, планы этажей, готовый проект дома, кирпич, catalog-plans.ru"
"Одноэтажные дома с планировкой: проект №46-09AK1L, 161,62 м²",https://raw.githubusercontent.com/nemchenik/test/890e420372c454ec1d75b0a087aa53c228efd1b2/pinterest/generated_batch_67_raw_visual_plans_one_storey/46-09AK1L.jpg,Одноэтажные дома с планировкой,,"Одноэтажные дома с планировкой — готовый проект №46-09AK1L площадью 161,62 м². Характеристики: 1 этаж, габариты 17.7×13.38 м, материал стен — кирпич. На изображении показаны оригинальная визуализация дома и реальные планы этажей. Сохраните планировку для сравнения и откройте проект в каталоге, чтобы посмотреть состав документации и актуальную стоимость.",https://catalog-plans.ru/catalog/46-09AK1L?utm_source=pinterest&utm_medium=organic&utm_campaign=generated_raw_visual_plans_one_storey_batch_67&utm_content=pin_12791_46-09AK1L_plans&utm_term=proekty-domov-s-planirovkami,,"одноэтажные дома с планировкой, проект дома 46-09AK1L, дом 161,62 м², 1 этаж, планировка дома, планы этажей, готовый проект дома, кирпич, catalog-plans.ru"
"Двухэтажные дома с планировкой: проект №64-96, 238,57 м²",https://raw.githubusercontent.com/nemchenik/test/890e420372c454ec1d75b0a087aa53c228efd1b2/pinterest/generated_batch_68_raw_visual_plans_two_storey/64-96.jpg,Двухэтажные дома с планировкой,,"Двухэтажные дома с планировкой — готовый проект №64-96 площадью 238,57 м². Характеристики: 2 этажа, габариты 12.2×14.95 м, материал стен — газобетон. На изображении показаны оригинальная визуализация дома и реальные планы этажей. Сохраните планировку для сравнения и откройте проект в каталоге, чтобы посмотреть состав документации и актуальную стоимость.",https://catalog-plans.ru/catalog/64-96?utm_source=pinterest&utm_medium=organic&utm_campaign=generated_raw_visual_plans_two_storey_batch_68&utm_content=pin_12991_64-96_plans&utm_term=proekty-domov-s-planirovkami,,"двухэтажные дома с планировкой, проект дома 64-96, дом 238,57 м², 2 этажа, планировка дома, планы этажей, готовый проект дома, газобетон, catalog-plans.ru"
"Одноэтажные дома с планировкой: проект №62-39, 161,66 м²",https://raw.githubusercontent.com/nemchenik/test/890e420372c454ec1d75b0a087aa53c228efd1b2/pinterest/generated_batch_67_raw_visual_plans_one_storey/62-39.jpg,Одноэтажные дома с планировкой,,"Одноэтажные дома с планировкой — готовый проект №62-39 площадью 161,66 м². Характеристики: 1 этаж, габариты 14.05×15.05 м, материал стен — газобетон. На изображении показаны оригинальная визуализация дома и реальные планы этажей. Сохраните планировку для сравнения и откройте проект в каталоге, чтобы посмотреть состав документации и актуальную стоимость.",https://catalog-plans.ru/catalog/62-39?utm_source=pinterest&utm_medium=organic&utm_campaign=generated_raw_visual_plans_one_storey_batch_67&utm_content=pin_12792_62-39_plans&utm_term=proekty-domov-s-planirovkami,,"одноэтажные дома с планировкой, проект дома 62-39, дом 161,66 м², 1 этаж, планировка дома, планы этажей, готовый проект дома, газобетон, catalog-plans.ru"
"Двухэтажные дома с планировкой: проект №62-09A, 229,48 м²",https://raw.githubusercontent.com/nemchenik/test/890e420372c454ec1d75b0a087aa53c228efd1b2/pinterest/generated_batch_68_raw_visual_plans_two_storey/62-09A.jpg,Двухэтажные дома с планировкой,,"Двухэтажные дома с планировкой — готовый проект №62-09A площадью 229,48 м². Характеристики: 2 этажа, габариты 13.8×16.1 м, материал стен — газобетон. На изображении показаны оригинальная визуализация дома и реальные планы этажей. Сохраните планировку для сравнения и откройте проект в каталоге, чтобы посмотреть состав документации и актуальную стоимость.",https://catalog-plans.ru/catalog/62-09A?utm_source=pinterest&utm_medium=organic&utm_campaign=generated_raw_visual_plans_two_storey_batch_68&utm_content=pin_12992_62-09A_plans&utm_term=proekty-domov-s-planirovkami,,"двухэтажные дома с планировкой, проект дома 62-09A, дом 229,48 м², 2 этажа, планировка дома, планы этажей, готовый проект дома, газобетон, catalog-plans.ru"
"Одноэтажные дома с планировкой: проект №62-05FKBL, 119,26 м²",https://raw.githubusercontent.com/nemchenik/test/890e420372c454ec1d75b0a087aa53c228efd1b2/pinterest/generated_batch_67_raw_visual_plans_one_storey/62-05FKBL.jpg,Одноэтажные дома с планировкой,,"Одноэтажные дома с планировкой — готовый проект №62-05FKBL площадью 119,26 м². Характеристики: 1 этаж, габариты 12.67×14.78 м, материал стен — керамзитобетон. На изображении показаны оригинальная визуализация дома и реальные планы этажей. Сохраните планировку для сравнения и откройте проект в каталоге, чтобы посмотреть состав документации и актуальную стоимость.",https://catalog-plans.ru/catalog/62-05FKBL?utm_source=pinterest&utm_medium=organic&utm_campaign=generated_raw_visual_plans_one_storey_batch_67&utm_content=pin_12793_62-05FKBL_plans&utm_term=proekty-domov-s-planirovkami,,"одноэтажные дома с планировкой, проект дома 62-05FKBL, дом 119,26 м², 1 этаж, планировка дома, планы этажей, готовый проект дома, керамзитобетон, catalog-plans.ru"
"Двухэтажные дома с планировкой: проект №40-86BL, 573,71 м²",https://raw.githubusercontent.com/nemchenik/test/890e420372c454ec1d75b0a087aa53c228efd1b2/pinterest/generated_batch_68_raw_visual_plans_two_storey/40-86BL.jpg,Двухэтажные дома с планировкой,,"Двухэтажные дома с планировкой — готовый проект №40-86BL площадью 573,71 м². Характеристики: 2 этажа, габариты 12.72×24.63 м, материал стен — кирпич. На изображении показаны оригинальная визуализация дома и реальные планы этажей. Сохраните планировку для сравнения и откройте проект в каталоге, чтобы посмотреть состав документации и актуальную стоимость.",https://catalog-plans.ru/catalog/40-86BL?utm_source=pinterest&utm_medium=organic&utm_campaign=generated_raw_visual_plans_two_storey_batch_68&utm_content=pin_12993_40-86BL_plans&utm_term=proekty-domov-s-planirovkami,,"двухэтажные дома с планировкой, проект дома 40-86BL, дом 573,71 м², 2 этажа, планировка дома, планы этажей, готовый проект дома, кирпич, catalog-plans.ru"
"Одноэтажные дома с планировкой: проект №62-78F, 206,97 м²",https://raw.githubusercontent.com/nemchenik/test/890e420372c454ec1d75b0a087aa53c228efd1b2/pinterest/generated_batch_67_raw_visual_plans_one_storey/62-78F.jpg,Одноэтажные дома с планировкой,,"Одноэтажные дома с планировкой — готовый проект №62-78F площадью 206,97 м². Характеристики: 1 этаж, габариты 18.82×22.31 м, материал стен — газобетон. На изображении показаны оригинальная визуализация дома и реальные планы этажей. Сохраните планировку для сравнения и откройте проект в каталоге, чтобы посмотреть состав документации и актуальную стоимость.",https://catalog-plans.ru/catalog/62-78F?utm_source=pinterest&utm_medium=organic&utm_campaign=generated_raw_visual_plans_one_storey_batch_67&utm_content=pin_12794_62-78F_plans&utm_term=proekty-domov-s-planirovkami,,"одноэтажные дома с планировкой, проект дома 62-78F, дом 206,97 м², 1 этаж, планировка дома, планы этажей, готовый проект дома, газобетон, catalog-plans.ru"
"Двухэтажные дома с планировкой: проект №58-10CKL, 348,58 м²",https://raw.githubusercontent.com/nemchenik/test/890e420372c454ec1d75b0a087aa53c228efd1b2/pinterest/generated_batch_68_raw_visual_plans_two_storey/58-10CKL.jpg,Двухэтажные дома с планировкой,,"Двухэтажные дома с планировкой — готовый проект №58-10CKL площадью 348,58 м². Характеристики: 2 этажа, габариты 14.2×17.8 м, материал стен — кирпич. На изображении показаны оригинальная визуализация дома и реальные планы этажей. Сохраните планировку для сравнения и откройте проект в каталоге, чтобы посмотреть состав документации и актуальную стоимость.",https://catalog-plans.ru/catalog/58-10CKL?utm_source=pinterest&utm_medium=organic&utm_campaign=generated_raw_visual_plans_two_storey_batch_68&utm_content=pin_12994_58-10CKL_plans&utm_term=proekty-domov-s-planirovkami,,"двухэтажные дома с планировкой, проект дома 58-10CKL, дом 348,58 м², 2 этажа, планировка дома, планы этажей, готовый проект дома, кирпич, catalog-plans.ru"
"Одноэтажные дома с планировкой: проект №15-31, 107,88 м²",https://raw.githubusercontent.com/nemchenik/test/890e420372c454ec1d75b0a087aa53c228efd1b2/pinterest/generated_batch_67_raw_visual_plans_one_storey/15-31.jpg,Одноэтажные дома с планировкой,,"Одноэтажные дома с планировкой — готовый проект №15-31 площадью 107,88 м². Характеристики: 1 этаж, габариты 14.05×15.2 м, материал стен — газобетон. На изображении показаны оригинальная визуализация дома и реальные планы этажей. Сохраните планировку для сравнения и откройте проект в каталоге, чтобы посмотреть состав документации и актуальную стоимость.",https://catalog-plans.ru/catalog/15-31?utm_source=pinterest&utm_medium=organic&utm_campaign=generated_raw_visual_plans_one_storey_batch_67&utm_content=pin_12795_15-31_plans&utm_term=proekty-domov-s-planirovkami,,"одноэтажные дома с планировкой, проект дома 15-31, дом 107,88 м², 1 этаж, планировка дома, планы этажей, готовый проект дома, газобетон, catalog-plans.ru"
"Двухэтажные дома с планировкой: проект №57-68K, 144 м²",https://raw.githubusercontent.com/nemchenik/test/890e420372c454ec1d75b0a087aa53c228efd1b2/pinterest/generated_batch_68_raw_visual_plans_two_storey/57-68K.jpg,Двухэтажные дома с планировкой,,"Двухэтажные дома с планировкой — готовый проект №57-68K площадью 144 м². Характеристики: 2 этажа, габариты 11.3×11.37 м, материал стен — кирпич. На изображении показаны оригинальная визуализация дома и реальные планы этажей. Сохраните планировку для сравнения и откройте проект в каталоге, чтобы посмотреть состав документации и актуальную стоимость.",https://catalog-plans.ru/catalog/57-68K?utm_source=pinterest&utm_medium=organic&utm_campaign=generated_raw_visual_plans_two_storey_batch_68&utm_content=pin_12995_57-68K_plans&utm_term=proekty-domov-s-planirovkami,,"двухэтажные дома с планировкой, проект дома 57-68K, дом 144 м², 2 этажа, планировка дома, планы этажей, готовый проект дома, кирпич, catalog-plans.ru"
"Одноэтажные дома с планировкой: проект №46-09EAK1L, 161,83 м²",https://raw.githubusercontent.com/nemchenik/test/890e420372c454ec1d75b0a087aa53c228efd1b2/pinterest/generated_batch_67_raw_visual_plans_one_storey/46-09EAK1L.jpg,Одноэтажные дома с планировкой,,"Одноэтажные дома с планировкой — готовый проект №46-09EAK1L площадью 161,83 м². Характеристики: 1 этаж, габариты 14.47×18.32 м, материал стен — кирпич. На изображении показаны оригинальная визуализация дома и реальные планы этажей. Сохраните планировку для сравнения и откройте проект в каталоге, чтобы посмотреть состав документации и актуальную стоимость.",https://catalog-plans.ru/catalog/46-09EAK1L?utm_source=pinterest&utm_medium=organic&utm_campaign=generated_raw_visual_plans_one_storey_batch_67&utm_content=pin_12796_46-09EAK1L_plans&utm_term=proekty-domov-s-planirovkami,,"одноэтажные дома с планировкой, проект дома 46-09EAK1L, дом 161,83 м², 1 этаж, планировка дома, планы этажей, готовый проект дома, кирпич, catalog-plans.ru"
"Двухэтажные дома с планировкой: проект №63-65L, 211,41 м²",https://raw.githubusercontent.com/nemchenik/test/890e420372c454ec1d75b0a087aa53c228efd1b2/pinterest/generated_batch_68_raw_visual_plans_two_storey/63-65L.jpg,Двухэтажные дома с планировкой,,"Двухэтажные дома с планировкой — готовый проект №63-65L площадью 211,41 м². Характеристики: 2 этажа, габариты 10.2×17.34 м, материал стен — газобетон. На изображении показаны оригинальная визуализация дома и реальные планы этажей. Сохраните планировку для сравнения и откройте проект в каталоге, чтобы посмотреть состав документации и актуальную стоимость.",https://catalog-plans.ru/catalog/63-65L?utm_source=pinterest&utm_medium=organic&utm_campaign=generated_raw_visual_plans_two_storey_batch_68&utm_content=pin_12996_63-65L_plans&utm_term=proekty-domov-s-planirovkami,,"двухэтажные дома с планировкой, проект дома 63-65L, дом 211,41 м², 2 этажа, планировка дома, планы этажей, готовый проект дома, газобетон, catalog-plans.ru"
"Одноэтажные дома с планировкой: проект №58-50D, 174,4 м²",https://raw.githubusercontent.com/nemchenik/test/890e420372c454ec1d75b0a087aa53c228efd1b2/pinterest/generated_batch_67_raw_visual_plans_one_storey/58-50D.jpg,Одноэтажные дома с планировкой,,"Одноэтажные дома с планировкой — готовый проект №58-50D площадью 174,4 м². Характеристики: 1 этаж, габариты 18.5×20.8 м, материал стен — газобетон. На изображении показаны оригинальная визуализация дома и реальные планы этажей. Сохраните планировку для сравнения и откройте проект в каталоге, чтобы посмотреть состав документации и актуальную стоимость.",https://catalog-plans.ru/catalog/58-50D?utm_source=pinterest&utm_medium=organic&utm_campaign=generated_raw_visual_plans_one_storey_batch_67&utm_content=pin_12797_58-50D_plans&utm_term=proekty-domov-s-planirovkami,,"одноэтажные дома с планировкой, проект дома 58-50D, дом 174,4 м², 1 этаж, планировка дома, планы этажей, готовый проект дома, газобетон, catalog-plans.ru"
"Двухэтажные дома с планировкой: проект №62-07ABD, 215,99 м²",https://raw.githubusercontent.com/nemchenik/test/890e420372c454ec1d75b0a087aa53c228efd1b2/pinterest/generated_batch_68_raw_visual_plans_two_storey/62-07ABD.jpg,Двухэтажные дома с планировкой,,"Двухэтажные дома с планировкой — готовый проект №62-07ABD площадью 215,99 м². Характеристики: 2 этажа, габариты 12.4×14.15 м, материал стен — газобетон. На изображении показаны оригинальная визуализация дома и реальные планы этажей. Сохраните планировку для сравнения и откройте проект в каталоге, чтобы посмотреть состав документации и актуальную стоимость.",https://catalog-plans.ru/catalog/62-07ABD?utm_source=pinterest&utm_medium=organic&utm_campaign=generated_raw_visual_plans_two_storey_batch_68&utm_content=pin_12997_62-07ABD_plans&utm_term=proekty-domov-s-planirovkami,,"двухэтажные дома с планировкой, проект дома 62-07ABD, дом 215,99 м², 2 этажа, планировка дома, планы этажей, готовый проект дома, газобетон, catalog-plans.ru"
"Одноэтажные дома с планировкой: проект №45-16BABML, 194,37 м²",https://raw.githubusercontent.com/nemchenik/test/890e420372c454ec1d75b0a087aa53c228efd1b2/pinterest/generated_batch_67_raw_visual_plans_one_storey/45-16BABML.jpg,Одноэтажные дома с планировкой,,"Одноэтажные дома с планировкой — готовый проект №45-16BABML площадью 194,37 м². Характеристики: 1 этаж, габариты 15.65×15.77 м, материал стен — монолит. На изображении показаны оригинальная визуализация дома и реальные планы этажей. Сохраните планировку для сравнения и откройте проект в каталоге, чтобы посмотреть состав документации и актуальную стоимость.",https://catalog-plans.ru/catalog/45-16BABML?utm_source=pinterest&utm_medium=organic&utm_campaign=generated_raw_visual_plans_one_storey_batch_67&utm_content=pin_12798_45-16BABML_plans&utm_term=proekty-domov-s-planirovkami,,"одноэтажные дома с планировкой, проект дома 45-16BABML, дом 194,37 м², 1 этаж, планировка дома, планы этажей, готовый проект дома, монолит, catalog-plans.ru"
"Двухэтажные дома с планировкой: проект №40-84CL, 333,55 м²",https://raw.githubusercontent.com/nemchenik/test/890e420372c454ec1d75b0a087aa53c228efd1b2/pinterest/generated_batch_68_raw_visual_plans_two_storey/40-84CL.jpg,Двухэтажные дома с планировкой,,"Двухэтажные дома с планировкой — готовый проект №40-84CL площадью 333,55 м². Характеристики: 2 этажа, габариты 19.29×20.29 м, материал стен — кирпич. На изображении показаны оригинальная визуализация дома и реальные планы этажей. Сохраните планировку для сравнения и откройте проект в каталоге, чтобы посмотреть состав документации и актуальную стоимость.",https://catalog-plans.ru/catalog/40-84CL?utm_source=pinterest&utm_medium=organic&utm_campaign=generated_raw_visual_plans_two_storey_batch_68&utm_content=pin_12998_40-84CL_plans&utm_term=proekty-domov-s-planirovkami,,"двухэтажные дома с планировкой, проект дома 40-84CL, дом 333,55 м², 2 этажа, планировка дома, планы этажей, готовый проект дома, кирпич, catalog-plans.ru"
"Одноэтажные дома с планировкой: проект №58-97N, 125,59 м²",https://raw.githubusercontent.com/nemchenik/test/890e420372c454ec1d75b0a087aa53c228efd1b2/pinterest/generated_batch_67_raw_visual_plans_one_storey/58-97N.jpg,Одноэтажные дома с планировкой,,"Одноэтажные дома с планировкой — готовый проект №58-97N площадью 125,59 м². Характеристики: 1 этаж, габариты 13.5×13.78 м, материал стен — газобетон. На изображении показаны оригинальная визуализация дома и реальные планы этажей. Сохраните планировку для сравнения и откройте проект в каталоге, чтобы посмотреть состав документации и актуальную стоимость.",https://catalog-plans.ru/catalog/58-97N?utm_source=pinterest&utm_medium=organic&utm_campaign=generated_raw_visual_plans_one_storey_batch_67&utm_content=pin_12799_58-97N_plans&utm_term=proekty-domov-s-planirovkami,,"одноэтажные дома с планировкой, проект дома 58-97N, дом 125,59 м², 1 этаж, планировка дома, планы этажей, готовый проект дома, газобетон, catalog-plans.ru"
"Двухэтажные дома с планировкой: проект №47-09, 290,9 м²",https://raw.githubusercontent.com/nemchenik/test/890e420372c454ec1d75b0a087aa53c228efd1b2/pinterest/generated_batch_68_raw_visual_plans_two_storey/47-09.jpg,Двухэтажные дома с планировкой,,"Двухэтажные дома с планировкой — готовый проект №47-09 площадью 290,9 м². Характеристики: 2 этажа, габариты 14.1×15.3 м, материал стен — газобетон. На изображении показаны оригинальная визуализация дома и реальные планы этажей. Сохраните планировку для сравнения и откройте проект в каталоге, чтобы посмотреть состав документации и актуальную стоимость.",https://catalog-plans.ru/catalog/47-09?utm_source=pinterest&utm_medium=organic&utm_campaign=generated_raw_visual_plans_two_storey_batch_68&utm_content=pin_12999_47-09_plans&utm_term=proekty-domov-s-planirovkami,,"двухэтажные дома с планировкой, проект дома 47-09, дом 290,9 м², 2 этажа, планировка дома, планы этажей, готовый проект дома, газобетон, catalog-plans.ru"
"Одноэтажные дома с планировкой: проект №64-88, 257,94 м²",https://raw.githubusercontent.com/nemchenik/test/890e420372c454ec1d75b0a087aa53c228efd1b2/pinterest/generated_batch_67_raw_visual_plans_one_storey/64-88.jpg,Одноэтажные дома с планировкой,,"Одноэтажные дома с планировкой — готовый проект №64-88 площадью 257,94 м². Характеристики: 1 этаж, габариты 20.7×24.25 м, материал стен — газобетон. На изображении показаны оригинальная визуализация дома и реальные планы этажей. Сохраните планировку для сравнения и откройте проект в каталоге, чтобы посмотреть состав документации и актуальную стоимость.",https://catalog-plans.ru/catalog/64-88?utm_source=pinterest&utm_medium=organic&utm_campaign=generated_raw_visual_plans_one_storey_batch_67&utm_content=pin_12800_64-88_plans&utm_term=proekty-domov-s-planirovkami,,"одноэтажные дома с планировкой, проект дома 64-88, дом 257,94 м², 1 этаж, планировка дома, планы этажей, готовый проект дома, газобетон, catalog-plans.ru"
"Двухэтажные дома с планировкой: проект №62-82L, 344,15 м²",https://raw.githubusercontent.com/nemchenik/test/890e420372c454ec1d75b0a087aa53c228efd1b2/pinterest/generated_batch_68_raw_visual_plans_two_storey/62-82L.jpg,Двухэтажные дома с планировкой,,"Двухэтажные дома с планировкой — готовый проект №62-82L площадью 344,15 м². Характеристики: 2 этажа, габариты 20.07×21.99 м, материал стен — кирпич. На изображении показаны оригинальная визуализация дома и реальные планы этажей. Сохраните планировку для сравнения и откройте проект в каталоге, чтобы посмотреть состав документации и актуальную стоимость.",https://catalog-plans.ru/catalog/62-82L?utm_source=pinterest&utm_medium=organic&utm_campaign=generated_raw_visual_plans_two_storey_batch_68&utm_content=pin_13000_62-82L_plans&utm_term=proekty-domov-s-planirovkami,,"двухэтажные дома с планировкой, проект дома 62-82L, дом 344,15 м², 2 этажа, планировка дома, планы этажей, готовый проект дома, кирпич, catalog-plans.ru"
"Одноэтажные дома с планировкой: проект №68-09, 159,08 м²",https://raw.githubusercontent.com/nemchenik/test/890e420372c454ec1d75b0a087aa53c228efd1b2/pinterest/generated_batch_67_raw_visual_plans_one_storey/68-09.jpg,Одноэтажные дома с планировкой,,"Одноэтажные дома с планировкой — готовый проект №68-09 площадью 159,08 м². Характеристики: 1 этаж, габариты 13.23×17.87 м, материал стен — газобетон. На изображении показаны оригинальная визуализация дома и реальные планы этажей. Сохраните планировку для сравнения и откройте проект в каталоге, чтобы посмотреть состав документации и актуальную стоимость.",https://catalog-plans.ru/catalog/68-09?utm_source=pinterest&utm_medium=organic&utm_campaign=generated_raw_visual_plans_one_storey_batch_67&utm_content=pin_12801_68-09_plans&utm_term=proekty-domov-s-planirovkami,,"одноэтажные дома с планировкой, проект дома 68-09, дом 159,08 м², 1 этаж, планировка дома, планы этажей, готовый проект дома, газобетон, catalog-plans.ru"
"Двухэтажные дома с планировкой: проект №45-64ABBGL, 388,71 м²",https://raw.githubusercontent.com/nemchenik/test/890e420372c454ec1d75b0a087aa53c228efd1b2/pinterest/generated_batch_68_raw_visual_plans_two_storey/45-64ABBGL.jpg,Двухэтажные дома с планировкой,,"Двухэтажные дома с планировкой — готовый проект №45-64ABBGL площадью 388,71 м². Характеристики: 2 этажа, габариты 13.8×22.1 м, материал стен — газобетон. На изображении показаны оригинальная визуализация дома и реальные планы этажей. Сохраните планировку для сравнения и откройте проект в каталоге, чтобы посмотреть состав документации и актуальную стоимость.",https://catalog-plans.ru/catalog/45-64ABBGL?utm_source=pinterest&utm_medium=organic&utm_campaign=generated_raw_visual_plans_two_storey_batch_68&utm_content=pin_13001_45-64ABBGL_plans&utm_term=proekty-domov-s-planirovkami,,"двухэтажные дома с планировкой, проект дома 45-64ABBGL, дом 388,71 м², 2 этажа, планировка дома, планы этажей, готовый проект дома, газобетон, catalog-plans.ru"
"Одноэтажные дома с планировкой: проект №68-52, 117,86 м²",https://raw.githubusercontent.com/nemchenik/test/890e420372c454ec1d75b0a087aa53c228efd1b2/pinterest/generated_batch_67_raw_visual_plans_one_storey/68-52.jpg,Одноэтажные дома с планировкой,,"Одноэтажные дома с планировкой — готовый проект №68-52 площадью 117,86 м². Характеристики: 1 этаж, габариты 11.025×13.525 м, материал стен — газобетон. На изображении показаны оригинальная визуализация дома и реальные планы этажей. Сохраните планировку для сравнения и откройте проект в каталоге, чтобы посмотреть состав документации и актуальную стоимость.",https://catalog-plans.ru/catalog/68-52?utm_source=pinterest&utm_medium=organic&utm_campaign=generated_raw_visual_plans_one_storey_batch_67&utm_content=pin_12802_68-52_plans&utm_term=proekty-domov-s-planirovkami,,"одноэтажные дома с планировкой, проект дома 68-52, дом 117,86 м², 1 этаж, планировка дома, планы этажей, готовый проект дома, газобетон, catalog-plans.ru"
"Двухэтажные дома с планировкой: проект №13-84, 136,8 м²",https://raw.githubusercontent.com/nemchenik/test/890e420372c454ec1d75b0a087aa53c228efd1b2/pinterest/generated_batch_68_raw_visual_plans_two_storey/13-84.jpg,Двухэтажные дома с планировкой,,"Двухэтажные дома с планировкой — готовый проект №13-84 площадью 136,8 м². Характеристики: 2 этажа, габариты 12.8×16.6 м, материал стен — дерево. На изображении показаны оригинальная визуализация дома и реальные планы этажей. Сохраните планировку для сравнения и откройте проект в каталоге, чтобы посмотреть состав документации и актуальную стоимость.",https://catalog-plans.ru/catalog/13-84?utm_source=pinterest&utm_medium=organic&utm_campaign=generated_raw_visual_plans_two_storey_batch_68&utm_content=pin_13002_13-84_plans&utm_term=proekty-domov-s-planirovkami,,"двухэтажные дома с планировкой, проект дома 13-84, дом 136,8 м², 2 этажа, планировка дома, планы этажей, готовый проект дома, дерево, catalog-plans.ru"
"Одноэтажные дома с планировкой: проект №45-08MBG, 176,8 м²",https://raw.githubusercontent.com/nemchenik/test/890e420372c454ec1d75b0a087aa53c228efd1b2/pinterest/generated_batch_67_raw_visual_plans_one_storey/45-08MBG.jpg,Одноэтажные дома с планировкой,,"Одноэтажные дома с планировкой — готовый проект №45-08MBG площадью 176,8 м². Характеристики: 1 этаж, габариты 13.44×22.73 м, материал стен — газобетон. На изображении показаны оригинальная визуализация дома и реальные планы этажей. Сохраните планировку для сравнения и откройте проект в каталоге, чтобы посмотреть состав документации и актуальную стоимость.",https://catalog-plans.ru/catalog/45-08MBG?utm_source=pinterest&utm_medium=organic&utm_campaign=generated_raw_visual_plans_one_storey_batch_67&utm_content=pin_12803_45-08MBG_plans&utm_term=proekty-domov-s-planirovkami,,"одноэтажные дома с планировкой, проект дома 45-08MBG, дом 176,8 м², 1 этаж, планировка дома, планы этажей, готовый проект дома, газобетон, catalog-plans.ru"
"Двухэтажные дома с планировкой: проект №90-77B, 144,78 м²",https://raw.githubusercontent.com/nemchenik/test/890e420372c454ec1d75b0a087aa53c228efd1b2/pinterest/generated_batch_68_raw_visual_plans_two_storey/90-77B.jpg,Двухэтажные дома с планировкой,,"Двухэтажные дома с планировкой — готовый проект №90-77B площадью 144,78 м². Характеристики: 2 этажа, габариты 9.2×13.25 м, материал стен — газобетон. На изображении показаны оригинальная визуализация дома и реальные планы этажей. Сохраните планировку для сравнения и откройте проект в каталоге, чтобы посмотреть состав документации и актуальную стоимость.",https://catalog-plans.ru/catalog/90-77B?utm_source=pinterest&utm_medium=organic&utm_campaign=generated_raw_visual_plans_two_storey_batch_68&utm_content=pin_13003_90-77B_plans&utm_term=proekty-domov-s-planirovkami,,"двухэтажные дома с планировкой, проект дома 90-77B, дом 144,78 м², 2 этажа, планировка дома, планы этажей, готовый проект дома, газобетон, catalog-plans.ru"
"Одноэтажные дома с планировкой: проект №58-70N, 148,63 м²",https://raw.githubusercontent.com/nemchenik/test/890e420372c454ec1d75b0a087aa53c228efd1b2/pinterest/generated_batch_67_raw_visual_plans_one_storey/58-70N.jpg,Одноэтажные дома с планировкой,,"Одноэтажные дома с планировкой — готовый проект №58-70N площадью 148,63 м². Характеристики: 1 этаж, габариты 11.8×18.2 м, материал стен — керамзитобетон. На изображении показаны оригинальная визуализация дома и реальные планы этажей. Сохраните планировку для сравнения и откройте проект в каталоге, чтобы посмотреть состав документации и актуальную стоимость.",https://catalog-plans.ru/catalog/58-70N?utm_source=pinterest&utm_medium=organic&utm_campaign=generated_raw_visual_plans_one_storey_batch_67&utm_content=pin_12804_58-70N_plans&utm_term=proekty-domov-s-planirovkami,,"одноэтажные дома с планировкой, проект дома 58-70N, дом 148,63 м², 1 этаж, планировка дома, планы этажей, готовый проект дома, керамзитобетон, catalog-plans.ru"
"Двухэтажные дома с планировкой: проект №45-11L, 278,4 м²",https://raw.githubusercontent.com/nemchenik/test/890e420372c454ec1d75b0a087aa53c228efd1b2/pinterest/generated_batch_68_raw_visual_plans_two_storey/45-11L.jpg,Двухэтажные дома с планировкой,,"Двухэтажные дома с планировкой — готовый проект №45-11L площадью 278,4 м². Характеристики: 2 этажа, габариты 13.21×15.67 м, материал стен — кирпич. На изображении показаны оригинальная визуализация дома и реальные планы этажей. Сохраните планировку для сравнения и откройте проект в каталоге, чтобы посмотреть состав документации и актуальную стоимость.",https://catalog-plans.ru/catalog/45-11L?utm_source=pinterest&utm_medium=organic&utm_campaign=generated_raw_visual_plans_two_storey_batch_68&utm_content=pin_13004_45-11L_plans&utm_term=proekty-domov-s-planirovkami,,"двухэтажные дома с планировкой, проект дома 45-11L, дом 278,4 м², 2 этажа, планировка дома, планы этажей, готовый проект дома, кирпич, catalog-plans.ru"
"Одноэтажные дома с планировкой: проект №64-48, 178,75 м²",https://raw.githubusercontent.com/nemchenik/test/890e420372c454ec1d75b0a087aa53c228efd1b2/pinterest/generated_batch_67_raw_visual_plans_one_storey/64-48.jpg,Одноэтажные дома с планировкой,,"Одноэтажные дома с планировкой — готовый проект №64-48 площадью 178,75 м². Характеристики: 1 этаж, габариты 22.745×15.95 м, материал стен — газобетон. На изображении показаны оригинальная визуализация дома и реальные планы этажей. Сохраните планировку для сравнения и откройте проект в каталоге, чтобы посмотреть состав документации и актуальную стоимость.",https://catalog-plans.ru/catalog/64-48?utm_source=pinterest&utm_medium=organic&utm_campaign=generated_raw_visual_plans_one_storey_batch_67&utm_content=pin_12805_64-48_plans&utm_term=proekty-domov-s-planirovkami,,"одноэтажные дома с планировкой, проект дома 64-48, дом 178,75 м², 1 этаж, планировка дома, планы этажей, готовый проект дома, газобетон, catalog-plans.ru"
"Двухэтажные дома с планировкой: проект №45-64ZDGL, 346 м²",https://raw.githubusercontent.com/nemchenik/test/890e420372c454ec1d75b0a087aa53c228efd1b2/pinterest/generated_batch_68_raw_visual_plans_two_storey/45-64ZDGL.jpg,Двухэтажные дома с планировкой,,"Двухэтажные дома с планировкой — готовый проект №45-64ZDGL площадью 346 м². Характеристики: 2 этажа, габариты 14.19×19.9 м, материал стен — газобетон. На изображении показаны оригинальная визуализация дома и реальные планы этажей. Сохраните планировку для сравнения и откройте проект в каталоге, чтобы посмотреть состав документации и актуальную стоимость.",https://catalog-plans.ru/catalog/45-64ZDGL?utm_source=pinterest&utm_medium=organic&utm_campaign=generated_raw_visual_plans_two_storey_batch_68&utm_content=pin_13005_45-64ZDGL_plans&utm_term=proekty-domov-s-planirovkami,,"двухэтажные дома с планировкой, проект дома 45-64ZDGL, дом 346 м², 2 этажа, планировка дома, планы этажей, готовый проект дома, газобетон, catalog-plans.ru"
"Одноэтажные дома с планировкой: проект №46-09DEGL, 165,12 м²",https://raw.githubusercontent.com/nemchenik/test/890e420372c454ec1d75b0a087aa53c228efd1b2/pinterest/generated_batch_67_raw_visual_plans_one_storey/46-09DEGL.jpg,Одноэтажные дома с планировкой,,"Одноэтажные дома с планировкой — готовый проект №46-09DEGL площадью 165,12 м². Характеристики: 1 этаж, габариты 15.2×18.52 м, материал стен — газобетон. На изображении показаны оригинальная визуализация дома и реальные планы этажей. Сохраните планировку для сравнения и откройте проект в каталоге, чтобы посмотреть состав документации и актуальную стоимость.",https://catalog-plans.ru/catalog/46-09DEGL?utm_source=pinterest&utm_medium=organic&utm_campaign=generated_raw_visual_plans_one_storey_batch_67&utm_content=pin_12806_46-09DEGL_plans&utm_term=proekty-domov-s-planirovkami,,"одноэтажные дома с планировкой, проект дома 46-09DEGL, дом 165,12 м², 1 этаж, планировка дома, планы этажей, готовый проект дома, газобетон, catalog-plans.ru"
"Двухэтажные дома с планировкой: проект №59-79K, 143,81 м²",https://raw.githubusercontent.com/nemchenik/test/890e420372c454ec1d75b0a087aa53c228efd1b2/pinterest/generated_batch_68_raw_visual_plans_two_storey/59-79K.jpg,Двухэтажные дома с планировкой,,"Двухэтажные дома с планировкой — готовый проект №59-79K площадью 143,81 м². Характеристики: 2 этажа, габариты 10×10 м, материал стен — кирпич. На изображении показаны оригинальная визуализация дома и реальные планы этажей. Сохраните планировку для сравнения и откройте проект в каталоге, чтобы посмотреть состав документации и актуальную стоимость.",https://catalog-plans.ru/catalog/59-79K?utm_source=pinterest&utm_medium=organic&utm_campaign=generated_raw_visual_plans_two_storey_batch_68&utm_content=pin_13006_59-79K_plans&utm_term=proekty-domov-s-planirovkami,,"двухэтажные дома с планировкой, проект дома 59-79K, дом 143,81 м², 2 этажа, планировка дома, планы этажей, готовый проект дома, кирпич, catalog-plans.ru"
"Одноэтажные дома с планировкой: проект №66-30, 148 м²",https://raw.githubusercontent.com/nemchenik/test/890e420372c454ec1d75b0a087aa53c228efd1b2/pinterest/generated_batch_67_raw_visual_plans_one_storey/66-30.jpg,Одноэтажные дома с планировкой,,"Одноэтажные дома с планировкой — готовый проект №66-30 площадью 148 м². Характеристики: 1 этаж, габариты 9.86×16.56 м, материал стен — газобетон. На изображении показаны оригинальная визуализация дома и реальные планы этажей. Сохраните планировку для сравнения и откройте проект в каталоге, чтобы посмотреть состав документации и актуальную стоимость.",https://catalog-plans.ru/catalog/66-30?utm_source=pinterest&utm_medium=organic&utm_campaign=generated_raw_visual_plans_one_storey_batch_67&utm_content=pin_12807_66-30_plans&utm_term=proekty-domov-s-planirovkami,,"одноэтажные дома с планировкой, проект дома 66-30, дом 148 м², 1 этаж, планировка дома, планы этажей, готовый проект дома, газобетон, catalog-plans.ru"
"Двухэтажные дома с планировкой: проект №35-91, 443 м²",https://raw.githubusercontent.com/nemchenik/test/890e420372c454ec1d75b0a087aa53c228efd1b2/pinterest/generated_batch_68_raw_visual_plans_two_storey/35-91.jpg,Двухэтажные дома с планировкой,,"Двухэтажные дома с планировкой — готовый проект №35-91 площадью 443 м². Характеристики: 2 этажа, габариты 9.48×17.48 м, материал стен — кирпич. На изображении показаны оригинальная визуализация дома и реальные планы этажей. Сохраните планировку для сравнения и откройте проект в каталоге, чтобы посмотреть состав документации и актуальную стоимость.",https://catalog-plans.ru/catalog/35-91?utm_source=pinterest&utm_medium=organic&utm_campaign=generated_raw_visual_plans_two_storey_batch_68&utm_content=pin_13007_35-91_plans&utm_term=proekty-domov-s-planirovkami,,"двухэтажные дома с планировкой, проект дома 35-91, дом 443 м², 2 этажа, планировка дома, планы этажей, готовый проект дома, кирпич, catalog-plans.ru"
"Одноэтажные дома с планировкой: проект №63-37L, 50,26 м²",https://raw.githubusercontent.com/nemchenik/test/890e420372c454ec1d75b0a087aa53c228efd1b2/pinterest/generated_batch_67_raw_visual_plans_one_storey/63-37L.jpg,Одноэтажные дома с планировкой,,"Одноэтажные дома с планировкой — готовый проект №63-37L площадью 50,26 м². Характеристики: 1 этаж, габариты 7.4×11.55 м, материал стен — газобетон. На изображении показаны оригинальная визуализация дома и реальные планы этажей. Сохраните планировку для сравнения и откройте проект в каталоге, чтобы посмотреть состав документации и актуальную стоимость.",https://catalog-plans.ru/catalog/63-37L?utm_source=pinterest&utm_medium=organic&utm_campaign=generated_raw_visual_plans_one_storey_batch_67&utm_content=pin_12808_63-37L_plans&utm_term=proekty-domov-s-planirovkami,,"одноэтажные дома с планировкой, проект дома 63-37L, дом 50,26 м², 1 этаж, планировка дома, планы этажей, готовый проект дома, газобетон, catalog-plans.ru"
"Двухэтажные дома с планировкой: проект №45-51AG, 190,86 м²",https://raw.githubusercontent.com/nemchenik/test/890e420372c454ec1d75b0a087aa53c228efd1b2/pinterest/generated_batch_68_raw_visual_plans_two_storey/45-51AG.jpg,Двухэтажные дома с планировкой,,"Двухэтажные дома с планировкой — готовый проект №45-51AG площадью 190,86 м². Характеристики: 2 этажа, габариты 11.65×15.52 м, материал стен — газобетон. На изображении показаны оригинальная визуализация дома и реальные планы этажей. Сохраните планировку для сравнения и откройте проект в каталоге, чтобы посмотреть состав документации и актуальную стоимость.",https://catalog-plans.ru/catalog/45-51AG?utm_source=pinterest&utm_medium=organic&utm_campaign=generated_raw_visual_plans_two_storey_batch_68&utm_content=pin_13008_45-51AG_plans&utm_term=proekty-domov-s-planirovkami,,"двухэтажные дома с планировкой, проект дома 45-51AG, дом 190,86 м², 2 этажа, планировка дома, планы этажей, готовый проект дома, газобетон, catalog-plans.ru"
"Одноэтажные дома с планировкой: проект №58-97D, 129,02 м²",https://raw.githubusercontent.com/nemchenik/test/890e420372c454ec1d75b0a087aa53c228efd1b2/pinterest/generated_batch_67_raw_visual_plans_one_storey/58-97D.jpg,Одноэтажные дома с планировкой,,"Одноэтажные дома с планировкой — готовый проект №58-97D площадью 129,02 м². Характеристики: 1 этаж, габариты 13.5×14.58 м, материал стен — газобетон. На изображении показаны оригинальная визуализация дома и реальные планы этажей. Сохраните планировку для сравнения и откройте проект в каталоге, чтобы посмотреть состав документации и актуальную стоимость.",https://catalog-plans.ru/catalog/58-97D?utm_source=pinterest&utm_medium=organic&utm_campaign=generated_raw_visual_plans_one_storey_batch_67&utm_content=pin_12809_58-97D_plans&utm_term=proekty-domov-s-planirovkami,,"одноэтажные дома с планировкой, проект дома 58-97D, дом 129,02 м², 1 этаж, планировка дома, планы этажей, готовый проект дома, газобетон, catalog-plans.ru"
"Двухэтажные дома с планировкой: проект №62-71BY, 180,94 м²",https://raw.githubusercontent.com/nemchenik/test/890e420372c454ec1d75b0a087aa53c228efd1b2/pinterest/generated_batch_68_raw_visual_plans_two_storey/62-71BY.jpg,Двухэтажные дома с планировкой,,"Двухэтажные дома с планировкой — готовый проект №62-71BY площадью 180,94 м². Характеристики: 2 этажа, габариты 11.06×11.06 м, материал стен — газобетон. На изображении показаны оригинальная визуализация дома и реальные планы этажей. Сохраните планировку для сравнения и откройте проект в каталоге, чтобы посмотреть состав документации и актуальную стоимость.",https://catalog-plans.ru/catalog/62-71BY?utm_source=pinterest&utm_medium=organic&utm_campaign=generated_raw_visual_plans_two_storey_batch_68&utm_content=pin_13009_62-71BY_plans&utm_term=proekty-domov-s-planirovkami,,"двухэтажные дома с планировкой, проект дома 62-71BY, дом 180,94 м², 2 этажа, планировка дома, планы этажей, готовый проект дома, газобетон, catalog-plans.ru"
"Одноэтажные дома с планировкой: проект №58-70AEL, 139,16 м²",https://raw.githubusercontent.com/nemchenik/test/890e420372c454ec1d75b0a087aa53c228efd1b2/pinterest/generated_batch_67_raw_visual_plans_one_storey/58-70AEL.jpg,Одноэтажные дома с планировкой,,"Одноэтажные дома с планировкой — готовый проект №58-70AEL площадью 139,16 м². Характеристики: 1 этаж, габариты 16.26×14.1 м, материал стен — газобетон. На изображении показаны оригинальная визуализация дома и реальные планы этажей. Сохраните планировку для сравнения и откройте проект в каталоге, чтобы посмотреть состав документации и актуальную стоимость.",https://catalog-plans.ru/catalog/58-70AEL?utm_source=pinterest&utm_medium=organic&utm_campaign=generated_raw_visual_plans_one_storey_batch_67&utm_content=pin_12810_58-70AEL_plans&utm_term=proekty-domov-s-planirovkami,,"одноэтажные дома с планировкой, проект дома 58-70AEL, дом 139,16 м², 1 этаж, планировка дома, планы этажей, готовый проект дома, газобетон, catalog-plans.ru"
"Двухэтажные дома с планировкой: проект №40-84WL, 392,85 м²",https://raw.githubusercontent.com/nemchenik/test/890e420372c454ec1d75b0a087aa53c228efd1b2/pinterest/generated_batch_68_raw_visual_plans_two_storey/40-84WL.jpg,Двухэтажные дома с планировкой,,"Двухэтажные дома с планировкой — готовый проект №40-84WL площадью 392,85 м². Характеристики: 2 этажа, габариты 20.96×22.52 м, материал стен — кирпич. На изображении показаны оригинальная визуализация дома и реальные планы этажей. Сохраните планировку для сравнения и откройте проект в каталоге, чтобы посмотреть состав документации и актуальную стоимость.",https://catalog-plans.ru/catalog/40-84WL?utm_source=pinterest&utm_medium=organic&utm_campaign=generated_raw_visual_plans_two_storey_batch_68&utm_content=pin_13010_40-84WL_plans&utm_term=proekty-domov-s-planirovkami,,"двухэтажные дома с планировкой, проект дома 40-84WL, дом 392,85 м², 2 этажа, планировка дома, планы этажей, готовый проект дома, кирпич, catalog-plans.ru"
"Одноэтажные дома с планировкой: проект №46-09FTAG, 89,72 м²",https://raw.githubusercontent.com/nemchenik/test/890e420372c454ec1d75b0a087aa53c228efd1b2/pinterest/generated_batch_67_raw_visual_plans_one_storey/46-09FTAG.jpg,Одноэтажные дома с планировкой,,"Одноэтажные дома с планировкой — готовый проект №46-09FTAG площадью 89,72 м². Характеристики: 1 этаж, габариты 8.8×13.46 м, материал стен — газобетон. На изображении показаны оригинальная визуализация дома и реальные планы этажей. Сохраните планировку для сравнения и откройте проект в каталоге, чтобы посмотреть состав документации и актуальную стоимость.",https://catalog-plans.ru/catalog/46-09FTAG?utm_source=pinterest&utm_medium=organic&utm_campaign=generated_raw_visual_plans_one_storey_batch_67&utm_content=pin_12811_46-09FTAG_plans&utm_term=proekty-domov-s-planirovkami,,"одноэтажные дома с планировкой, проект дома 46-09FTAG, дом 89,72 м², 1 этаж, планировка дома, планы этажей, готовый проект дома, газобетон, catalog-plans.ru"
"Двухэтажные дома с планировкой: проект №68-40A, 282,73 м²",https://raw.githubusercontent.com/nemchenik/test/890e420372c454ec1d75b0a087aa53c228efd1b2/pinterest/generated_batch_68_raw_visual_plans_two_storey/68-40A.jpg,Двухэтажные дома с планировкой,,"Двухэтажные дома с планировкой — готовый проект №68-40A площадью 282,73 м². Характеристики: 2 этажа, габариты 13.2×16 м, материал стен — газобетон. На изображении показаны оригинальная визуализация дома и реальные планы этажей. Сохраните планировку для сравнения и откройте проект в каталоге, чтобы посмотреть состав документации и актуальную стоимость.",https://catalog-plans.ru/catalog/68-40A?utm_source=pinterest&utm_medium=organic&utm_campaign=generated_raw_visual_plans_two_storey_batch_68&utm_content=pin_13011_68-40A_plans&utm_term=proekty-domov-s-planirovkami,,"двухэтажные дома с планировкой, проект дома 68-40A, дом 282,73 м², 2 этажа, планировка дома, планы этажей, готовый проект дома, газобетон, catalog-plans.ru"
"Одноэтажные дома с планировкой: проект №58-01BKL, 363,78 м²",https://raw.githubusercontent.com/nemchenik/test/890e420372c454ec1d75b0a087aa53c228efd1b2/pinterest/generated_batch_67_raw_visual_plans_one_storey/58-01BKL.jpg,Одноэтажные дома с планировкой,,"Одноэтажные дома с планировкой — готовый проект №58-01BKL площадью 363,78 м². Характеристики: 1 этаж, габариты 16.98×29.39 м, материал стен — кирпич. На изображении показаны оригинальная визуализация дома и реальные планы этажей. Сохраните планировку для сравнения и откройте проект в каталоге, чтобы посмотреть состав документации и актуальную стоимость.",https://catalog-plans.ru/catalog/58-01BKL?utm_source=pinterest&utm_medium=organic&utm_campaign=generated_raw_visual_plans_one_storey_batch_67&utm_content=pin_12812_58-01BKL_plans&utm_term=proekty-domov-s-planirovkami,,"одноэтажные дома с планировкой, проект дома 58-01BKL, дом 363,78 м², 1 этаж, планировка дома, планы этажей, готовый проект дома, кирпич, catalog-plans.ru"
"Двухэтажные дома с планировкой: проект №32-37, 169,2 м²",https://raw.githubusercontent.com/nemchenik/test/890e420372c454ec1d75b0a087aa53c228efd1b2/pinterest/generated_batch_68_raw_visual_plans_two_storey/32-37.jpg,Двухэтажные дома с планировкой,,"Двухэтажные дома с планировкой — готовый проект №32-37 площадью 169,2 м². Характеристики: 2 этажа, габариты 9.3×9.7 м, материал стен — кирпич. На изображении показаны оригинальная визуализация дома и реальные планы этажей. Сохраните планировку для сравнения и откройте проект в каталоге, чтобы посмотреть состав документации и актуальную стоимость.",https://catalog-plans.ru/catalog/32-37?utm_source=pinterest&utm_medium=organic&utm_campaign=generated_raw_visual_plans_two_storey_batch_68&utm_content=pin_13012_32-37_plans&utm_term=proekty-domov-s-planirovkami,,"двухэтажные дома с планировкой, проект дома 32-37, дом 169,2 м², 2 этажа, планировка дома, планы этажей, готовый проект дома, кирпич, catalog-plans.ru"
"Одноэтажные дома с планировкой: проект №64-25AK1L, 154,88 м²",https://raw.githubusercontent.com/nemchenik/test/890e420372c454ec1d75b0a087aa53c228efd1b2/pinterest/generated_batch_67_raw_visual_plans_one_storey/64-25AK1L.jpg,Одноэтажные дома с планировкой,,"Одноэтажные дома с планировкой — готовый проект №64-25AK1L площадью 154,88 м². Характеристики: 1 этаж, габариты 13.705×17.01 м, материал стен — кирпич. На изображении показаны оригинальная визуализация дома и реальные планы этажей. Сохраните планировку для сравнения и откройте проект в каталоге, чтобы посмотреть состав документации и актуальную стоимость.",https://catalog-plans.ru/catalog/64-25AK1L?utm_source=pinterest&utm_medium=organic&utm_campaign=generated_raw_visual_plans_one_storey_batch_67&utm_content=pin_12813_64-25AK1L_plans&utm_term=proekty-domov-s-planirovkami,,"одноэтажные дома с планировкой, проект дома 64-25AK1L, дом 154,88 м², 1 этаж, планировка дома, планы этажей, готовый проект дома, кирпич, catalog-plans.ru"
"Двухэтажные дома с планировкой: проект №57-00FA, 187,94 м²",https://raw.githubusercontent.com/nemchenik/test/890e420372c454ec1d75b0a087aa53c228efd1b2/pinterest/generated_batch_68_raw_visual_plans_two_storey/57-00FA.jpg,Двухэтажные дома с планировкой,,"Двухэтажные дома с планировкой — готовый проект №57-00FA площадью 187,94 м². Характеристики: 2 этажа, габариты 12.5×12.95 м, материал стен — газобетон. На изображении показаны оригинальная визуализация дома и реальные планы этажей. Сохраните планировку для сравнения и откройте проект в каталоге, чтобы посмотреть состав документации и актуальную стоимость.",https://catalog-plans.ru/catalog/57-00FA?utm_source=pinterest&utm_medium=organic&utm_campaign=generated_raw_visual_plans_two_storey_batch_68&utm_content=pin_13013_57-00FA_plans&utm_term=proekty-domov-s-planirovkami,,"двухэтажные дома с планировкой, проект дома 57-00FA, дом 187,94 м², 2 этажа, планировка дома, планы этажей, готовый проект дома, газобетон, catalog-plans.ru"
"Одноэтажные дома с планировкой: проект №62-05DL, 118,64 м²",https://raw.githubusercontent.com/nemchenik/test/890e420372c454ec1d75b0a087aa53c228efd1b2/pinterest/generated_batch_67_raw_visual_plans_one_storey/62-05DL.jpg,Одноэтажные дома с планировкой,,"Одноэтажные дома с планировкой — готовый проект №62-05DL площадью 118,64 м². Характеристики: 1 этаж, габариты 13.05×14.7 м, материал стен — газобетон. На изображении показаны оригинальная визуализация дома и реальные планы этажей. Сохраните планировку для сравнения и откройте проект в каталоге, чтобы посмотреть состав документации и актуальную стоимость.",https://catalog-plans.ru/catalog/62-05DL?utm_source=pinterest&utm_medium=organic&utm_campaign=generated_raw_visual_plans_one_storey_batch_67&utm_content=pin_12814_62-05DL_plans&utm_term=proekty-domov-s-planirovkami,,"одноэтажные дома с планировкой, проект дома 62-05DL, дом 118,64 м², 1 этаж, планировка дома, планы этажей, готовый проект дома, газобетон, catalog-plans.ru"
"Двухэтажные дома с планировкой: проект №62-72B, 369,11 м²",https://raw.githubusercontent.com/nemchenik/test/890e420372c454ec1d75b0a087aa53c228efd1b2/pinterest/generated_batch_68_raw_visual_plans_two_storey/62-72B.jpg,Двухэтажные дома с планировкой,,"Двухэтажные дома с планировкой — готовый проект №62-72B площадью 369,11 м². Характеристики: 2 этажа, габариты 16.81×17.81 м, материал стен — газобетон. На изображении показаны оригинальная визуализация дома и реальные планы этажей. Сохраните планировку для сравнения и откройте проект в каталоге, чтобы посмотреть состав документации и актуальную стоимость.",https://catalog-plans.ru/catalog/62-72B?utm_source=pinterest&utm_medium=organic&utm_campaign=generated_raw_visual_plans_two_storey_batch_68&utm_content=pin_13014_62-72B_plans&utm_term=proekty-domov-s-planirovkami,,"двухэтажные дома с планировкой, проект дома 62-72B, дом 369,11 м², 2 этажа, планировка дома, планы этажей, готовый проект дома, газобетон, catalog-plans.ru"
"Одноэтажные дома с планировкой: проект №48-56K2, 169,69 м²",https://raw.githubusercontent.com/nemchenik/test/890e420372c454ec1d75b0a087aa53c228efd1b2/pinterest/generated_batch_67_raw_visual_plans_one_storey/48-56K2.jpg,Одноэтажные дома с планировкой,,"Одноэтажные дома с планировкой — готовый проект №48-56K2 площадью 169,69 м². Характеристики: 1 этаж, габариты 12.96×16.46 м, материал стен — кирпич. На изображении показаны оригинальная визуализация дома и реальные планы этажей. Сохраните планировку для сравнения и откройте проект в каталоге, чтобы посмотреть состав документации и актуальную стоимость.",https://catalog-plans.ru/catalog/48-56K2?utm_source=pinterest&utm_medium=organic&utm_campaign=generated_raw_visual_plans_one_storey_batch_67&utm_content=pin_12815_48-56K2_plans&utm_term=proekty-domov-s-planirovkami,,"одноэтажные дома с планировкой, проект дома 48-56K2, дом 169,69 м², 1 этаж, планировка дома, планы этажей, готовый проект дома, кирпич, catalog-plans.ru"
"Двухэтажные дома с планировкой: проект №58-35A, 204,63 м²",https://raw.githubusercontent.com/nemchenik/test/890e420372c454ec1d75b0a087aa53c228efd1b2/pinterest/generated_batch_68_raw_visual_plans_two_storey/58-35A.jpg,Двухэтажные дома с планировкой,,"Двухэтажные дома с планировкой — готовый проект №58-35A площадью 204,63 м². Характеристики: 2 этажа, габариты 12.36×14.26 м, материал стен — газобетон. На изображении показаны оригинальная визуализация дома и реальные планы этажей. Сохраните планировку для сравнения и откройте проект в каталоге, чтобы посмотреть состав документации и актуальную стоимость.",https://catalog-plans.ru/catalog/58-35A?utm_source=pinterest&utm_medium=organic&utm_campaign=generated_raw_visual_plans_two_storey_batch_68&utm_content=pin_13015_58-35A_plans&utm_term=proekty-domov-s-planirovkami,,"двухэтажные дома с планировкой, проект дома 58-35A, дом 204,63 м², 2 этажа, планировка дома, планы этажей, готовый проект дома, газобетон, catalog-plans.ru"
"Одноэтажные дома с планировкой: проект №14-13, 171,37 м²",https://raw.githubusercontent.com/nemchenik/test/890e420372c454ec1d75b0a087aa53c228efd1b2/pinterest/generated_batch_67_raw_visual_plans_one_storey/14-13.jpg,Одноэтажные дома с планировкой,,"Одноэтажные дома с планировкой — готовый проект №14-13 площадью 171,37 м². Характеристики: 1 этаж, габариты 13×18.7 м, материал стен — дерево. На изображении показаны оригинальная визуализация дома и реальные планы этажей. Сохраните планировку для сравнения и откройте проект в каталоге, чтобы посмотреть состав документации и актуальную стоимость.",https://catalog-plans.ru/catalog/14-13?utm_source=pinterest&utm_medium=organic&utm_campaign=generated_raw_visual_plans_one_storey_batch_67&utm_content=pin_12816_14-13_plans&utm_term=proekty-domov-s-planirovkami,,"одноэтажные дома с планировкой, проект дома 14-13, дом 171,37 м², 1 этаж, планировка дома, планы этажей, готовый проект дома, дерево, catalog-plans.ru"
"Двухэтажные дома с планировкой: проект №62-74, 169,76 м²",https://raw.githubusercontent.com/nemchenik/test/890e420372c454ec1d75b0a087aa53c228efd1b2/pinterest/generated_batch_68_raw_visual_plans_two_storey/62-74.jpg,Двухэтажные дома с планировкой,,"Двухэтажные дома с планировкой — готовый проект №62-74 площадью 169,76 м². Характеристики: 2 этажа, габариты 11.8×12.85 м, материал стен — газобетон. На изображении показаны оригинальная визуализация дома и реальные планы этажей. Сохраните планировку для сравнения и откройте проект в каталоге, чтобы посмотреть состав документации и актуальную стоимость.",https://catalog-plans.ru/catalog/62-74?utm_source=pinterest&utm_medium=organic&utm_campaign=generated_raw_visual_plans_two_storey_batch_68&utm_content=pin_13016_62-74_plans&utm_term=proekty-domov-s-planirovkami,,"двухэтажные дома с планировкой, проект дома 62-74, дом 169,76 м², 2 этажа, планировка дома, планы этажей, готовый проект дома, газобетон, catalog-plans.ru"
"Одноэтажные дома с планировкой: проект №64-38, 158,09 м²",https://raw.githubusercontent.com/nemchenik/test/890e420372c454ec1d75b0a087aa53c228efd1b2/pinterest/generated_batch_67_raw_visual_plans_one_storey/64-38.jpg,Одноэтажные дома с планировкой,,"Одноэтажные дома с планировкой — готовый проект №64-38 площадью 158,09 м². Характеристики: 1 этаж, габариты 15.3×20.1 м, материал стен — газобетон. На изображении показаны оригинальная визуализация дома и реальные планы этажей. Сохраните планировку для сравнения и откройте проект в каталоге, чтобы посмотреть состав документации и актуальную стоимость.",https://catalog-plans.ru/catalog/64-38?utm_source=pinterest&utm_medium=organic&utm_campaign=generated_raw_visual_plans_one_storey_batch_67&utm_content=pin_12817_64-38_plans&utm_term=proekty-domov-s-planirovkami,,"одноэтажные дома с планировкой, проект дома 64-38, дом 158,09 м², 1 этаж, планировка дома, планы этажей, готовый проект дома, газобетон, catalog-plans.ru"
"Двухэтажные дома с планировкой: проект №40-54BG, 181,42 м²",https://raw.githubusercontent.com/nemchenik/test/890e420372c454ec1d75b0a087aa53c228efd1b2/pinterest/generated_batch_68_raw_visual_plans_two_storey/40-54BG.jpg,Двухэтажные дома с планировкой,,"Двухэтажные дома с планировкой — готовый проект №40-54BG площадью 181,42 м². Характеристики: 2 этажа, габариты 11.98×12.78 м, материал стен — газобетон. На изображении показаны оригинальная визуализация дома и реальные планы этажей. Сохраните планировку для сравнения и откройте проект в каталоге, чтобы посмотреть состав документации и актуальную стоимость.",https://catalog-plans.ru/catalog/40-54BG?utm_source=pinterest&utm_medium=organic&utm_campaign=generated_raw_visual_plans_two_storey_batch_68&utm_content=pin_13017_40-54BG_plans&utm_term=proekty-domov-s-planirovkami,,"двухэтажные дома с планировкой, проект дома 40-54BG, дом 181,42 м², 2 этажа, планировка дома, планы этажей, готовый проект дома, газобетон, catalog-plans.ru"
"Одноэтажные дома с планировкой: проект №64-50CL, 152,25 м²",https://raw.githubusercontent.com/nemchenik/test/890e420372c454ec1d75b0a087aa53c228efd1b2/pinterest/generated_batch_67_raw_visual_plans_one_storey/64-50CL.jpg,Одноэтажные дома с планировкой,,"Одноэтажные дома с планировкой — готовый проект №64-50CL площадью 152,25 м². Характеристики: 1 этаж, габариты 14×15.7 м, материал стен — газобетон. На изображении показаны оригинальная визуализация дома и реальные планы этажей. Сохраните планировку для сравнения и откройте проект в каталоге, чтобы посмотреть состав документации и актуальную стоимость.",https://catalog-plans.ru/catalog/64-50CL?utm_source=pinterest&utm_medium=organic&utm_campaign=generated_raw_visual_plans_one_storey_batch_67&utm_content=pin_12818_64-50CL_plans&utm_term=proekty-domov-s-planirovkami,,"одноэтажные дома с планировкой, проект дома 64-50CL, дом 152,25 м², 1 этаж, планировка дома, планы этажей, готовый проект дома, газобетон, catalog-plans.ru"
"Двухэтажные дома с планировкой: проект №49-70, 183,2 м²",https://raw.githubusercontent.com/nemchenik/test/890e420372c454ec1d75b0a087aa53c228efd1b2/pinterest/generated_batch_68_raw_visual_plans_two_storey/49-70.jpg,Двухэтажные дома с планировкой,,"Двухэтажные дома с планировкой — готовый проект №49-70 площадью 183,2 м². Характеристики: 2 этажа, габариты 11.2×13.5 м, материал стен — кирпич. На изображении показаны оригинальная визуализация дома и реальные планы этажей. Сохраните планировку для сравнения и откройте проект в каталоге, чтобы посмотреть состав документации и актуальную стоимость.",https://catalog-plans.ru/catalog/49-70?utm_source=pinterest&utm_medium=organic&utm_campaign=generated_raw_visual_plans_two_storey_batch_68&utm_content=pin_13018_49-70_plans&utm_term=proekty-domov-s-planirovkami,,"двухэтажные дома с планировкой, проект дома 49-70, дом 183,2 м², 2 этажа, планировка дома, планы этажей, готовый проект дома, кирпич, catalog-plans.ru"
"Одноэтажные дома с планировкой: проект №58-09TK1L, 159,71 м²",https://raw.githubusercontent.com/nemchenik/test/890e420372c454ec1d75b0a087aa53c228efd1b2/pinterest/generated_batch_67_raw_visual_plans_one_storey/58-09TK1L.jpg,Одноэтажные дома с планировкой,,"Одноэтажные дома с планировкой — готовый проект №58-09TK1L площадью 159,71 м². Характеристики: 1 этаж, габариты 12.35×16.17 м, материал стен — кирпич. На изображении показаны оригинальная визуализация дома и реальные планы этажей. Сохраните планировку для сравнения и откройте проект в каталоге, чтобы посмотреть состав документации и актуальную стоимость.",https://catalog-plans.ru/catalog/58-09TK1L?utm_source=pinterest&utm_medium=organic&utm_campaign=generated_raw_visual_plans_one_storey_batch_67&utm_content=pin_12819_58-09TK1L_plans&utm_term=proekty-domov-s-planirovkami,,"одноэтажные дома с планировкой, проект дома 58-09TK1L, дом 159,71 м², 1 этаж, планировка дома, планы этажей, готовый проект дома, кирпич, catalog-plans.ru"
"Двухэтажные дома с планировкой: проект №59-95KL, 206,17 м²",https://raw.githubusercontent.com/nemchenik/test/890e420372c454ec1d75b0a087aa53c228efd1b2/pinterest/generated_batch_68_raw_visual_plans_two_storey/59-95KL.jpg,Двухэтажные дома с планировкой,,"Двухэтажные дома с планировкой — готовый проект №59-95KL площадью 206,17 м². Характеристики: 2 этажа, габариты 12.74×14.24 м, материал стен — кирпич. На изображении показаны оригинальная визуализация дома и реальные планы этажей. Сохраните планировку для сравнения и откройте проект в каталоге, чтобы посмотреть состав документации и актуальную стоимость.",https://catalog-plans.ru/catalog/59-95KL?utm_source=pinterest&utm_medium=organic&utm_campaign=generated_raw_visual_plans_two_storey_batch_68&utm_content=pin_13019_59-95KL_plans&utm_term=proekty-domov-s-planirovkami,,"двухэтажные дома с планировкой, проект дома 59-95KL, дом 206,17 м², 2 этажа, планировка дома, планы этажей, готовый проект дома, кирпич, catalog-plans.ru"
"Одноэтажные дома с планировкой: проект №58-50HL, 157,72 м²",https://raw.githubusercontent.com/nemchenik/test/890e420372c454ec1d75b0a087aa53c228efd1b2/pinterest/generated_batch_67_raw_visual_plans_one_storey/58-50HL.jpg,Одноэтажные дома с планировкой,,"Одноэтажные дома с планировкой — готовый проект №58-50HL площадью 157,72 м². Характеристики: 1 этаж, габариты 18×18.5 м, материал стен — газобетон. На изображении показаны оригинальная визуализация дома и реальные планы этажей. Сохраните планировку для сравнения и откройте проект в каталоге, чтобы посмотреть состав документации и актуальную стоимость.",https://catalog-plans.ru/catalog/58-50HL?utm_source=pinterest&utm_medium=organic&utm_campaign=generated_raw_visual_plans_one_storey_batch_67&utm_content=pin_12820_58-50HL_plans&utm_term=proekty-domov-s-planirovkami,,"одноэтажные дома с планировкой, проект дома 58-50HL, дом 157,72 м², 1 этаж, планировка дома, планы этажей, готовый проект дома, газобетон, catalog-plans.ru"
"Двухэтажные дома с планировкой: проект №48-24B, 264,53 м²",https://raw.githubusercontent.com/nemchenik/test/890e420372c454ec1d75b0a087aa53c228efd1b2/pinterest/generated_batch_68_raw_visual_plans_two_storey/48-24B.jpg,Двухэтажные дома с планировкой,,"Двухэтажные дома с планировкой — готовый проект №48-24B площадью 264,53 м². Характеристики: 2 этажа, габариты 13.06×15.72 м, материал стен — кирпич. На изображении показаны оригинальная визуализация дома и реальные планы этажей. Сохраните планировку для сравнения и откройте проект в каталоге, чтобы посмотреть состав документации и актуальную стоимость.",https://catalog-plans.ru/catalog/48-24B?utm_source=pinterest&utm_medium=organic&utm_campaign=generated_raw_visual_plans_two_storey_batch_68&utm_content=pin_13020_48-24B_plans&utm_term=proekty-domov-s-planirovkami,,"двухэтажные дома с планировкой, проект дома 48-24B, дом 264,53 м², 2 этажа, планировка дома, планы этажей, готовый проект дома, кирпич, catalog-plans.ru"
"Одноэтажные дома с планировкой: проект №46-09DEK2L, 168,76 м²",https://raw.githubusercontent.com/nemchenik/test/890e420372c454ec1d75b0a087aa53c228efd1b2/pinterest/generated_batch_67_raw_visual_plans_one_storey/46-09DEK2L.jpg,Одноэтажные дома с планировкой,,"Одноэтажные дома с планировкой — готовый проект №46-09DEK2L площадью 168,76 м². Характеристики: 1 этаж, габариты 15.59×18.55 м, материал стен — кирпич. На изображении показаны оригинальная визуализация дома и реальные планы этажей. Сохраните планировку для сравнения и откройте проект в каталоге, чтобы посмотреть состав документации и актуальную стоимость.",https://catalog-plans.ru/catalog/46-09DEK2L?utm_source=pinterest&utm_medium=organic&utm_campaign=generated_raw_visual_plans_one_storey_batch_67&utm_content=pin_12821_46-09DEK2L_plans&utm_term=proekty-domov-s-planirovkami,,"одноэтажные дома с планировкой, проект дома 46-09DEK2L, дом 168,76 м², 1 этаж, планировка дома, планы этажей, готовый проект дома, кирпич, catalog-plans.ru"
"Двухэтажные дома с планировкой: проект №40-56DEK1L, 232,23 м²",https://raw.githubusercontent.com/nemchenik/test/890e420372c454ec1d75b0a087aa53c228efd1b2/pinterest/generated_batch_68_raw_visual_plans_two_storey/40-56DEK1L.jpg,Двухэтажные дома с планировкой,,"Двухэтажные дома с планировкой — готовый проект №40-56DEK1L площадью 232,23 м². Характеристики: 2 этажа, габариты 12.2×13.52 м, материал стен — кирпич. На изображении показаны оригинальная визуализация дома и реальные планы этажей. Сохраните планировку для сравнения и откройте проект в каталоге, чтобы посмотреть состав документации и актуальную стоимость.",https://catalog-plans.ru/catalog/40-56DEK1L?utm_source=pinterest&utm_medium=organic&utm_campaign=generated_raw_visual_plans_two_storey_batch_68&utm_content=pin_13021_40-56DEK1L_plans&utm_term=proekty-domov-s-planirovkami,,"двухэтажные дома с планировкой, проект дома 40-56DEK1L, дом 232,23 м², 2 этажа, планировка дома, планы этажей, готовый проект дома, кирпич, catalog-plans.ru"
"Одноэтажные дома с планировкой: проект №65-52G, 101,12 м²",https://raw.githubusercontent.com/nemchenik/test/890e420372c454ec1d75b0a087aa53c228efd1b2/pinterest/generated_batch_67_raw_visual_plans_one_storey/65-52G.jpg,Одноэтажные дома с планировкой,,"Одноэтажные дома с планировкой — готовый проект №65-52G площадью 101,12 м². Характеристики: 1 этаж, габариты 12.1×12.3 м, материал стен — газобетон. На изображении показаны оригинальная визуализация дома и реальные планы этажей. Сохраните планировку для сравнения и откройте проект в каталоге, чтобы посмотреть состав документации и актуальную стоимость.",https://catalog-plans.ru/catalog/65-52G?utm_source=pinterest&utm_medium=organic&utm_campaign=generated_raw_visual_plans_one_storey_batch_67&utm_content=pin_12822_65-52G_plans&utm_term=proekty-domov-s-planirovkami,,"одноэтажные дома с планировкой, проект дома 65-52G, дом 101,12 м², 1 этаж, планировка дома, планы этажей, готовый проект дома, газобетон, catalog-plans.ru"
"Двухэтажные дома с планировкой: проект №64-59ML, 346,03 м²",https://raw.githubusercontent.com/nemchenik/test/890e420372c454ec1d75b0a087aa53c228efd1b2/pinterest/generated_batch_68_raw_visual_plans_two_storey/64-59ML.jpg,Двухэтажные дома с планировкой,,"Двухэтажные дома с планировкой — готовый проект №64-59ML площадью 346,03 м². Характеристики: 2 этажа, габариты 19.8×20.5 м, материал стен — монолитный каркас. На изображении показаны оригинальная визуализация дома и реальные планы этажей. Сохраните планировку для сравнения и откройте проект в каталоге, чтобы посмотреть состав документации и актуальную стоимость.",https://catalog-plans.ru/catalog/64-59ML?utm_source=pinterest&utm_medium=organic&utm_campaign=generated_raw_visual_plans_two_storey_batch_68&utm_content=pin_13022_64-59ML_plans&utm_term=proekty-domov-s-planirovkami,,"двухэтажные дома с планировкой, проект дома 64-59ML, дом 346,03 м², 2 этажа, планировка дома, планы этажей, готовый проект дома, монолитный каркас, catalog-plans.ru"
"Одноэтажные дома с планировкой: проект №58-70KL, 118,4 м²",https://raw.githubusercontent.com/nemchenik/test/890e420372c454ec1d75b0a087aa53c228efd1b2/pinterest/generated_batch_67_raw_visual_plans_one_storey/58-70KL.jpg,Одноэтажные дома с планировкой,,"Одноэтажные дома с планировкой — готовый проект №58-70KL площадью 118,4 м². Характеристики: 1 этаж, габариты 12.39×14.28 м, материал стен — кирпич. На изображении показаны оригинальная визуализация дома и реальные планы этажей. Сохраните планировку для сравнения и откройте проект в каталоге, чтобы посмотреть состав документации и актуальную стоимость.",https://catalog-plans.ru/catalog/58-70KL?utm_source=pinterest&utm_medium=organic&utm_campaign=generated_raw_visual_plans_one_storey_batch_67&utm_content=pin_12823_58-70KL_plans&utm_term=proekty-domov-s-planirovkami,,"одноэтажные дома с планировкой, проект дома 58-70KL, дом 118,4 м², 1 этаж, планировка дома, планы этажей, готовый проект дома, кирпич, catalog-plans.ru"
"Двухэтажные дома с планировкой: проект №58-52, 168,24 м²",https://raw.githubusercontent.com/nemchenik/test/890e420372c454ec1d75b0a087aa53c228efd1b2/pinterest/generated_batch_68_raw_visual_plans_two_storey/58-52.jpg,Двухэтажные дома с планировкой,,"Двухэтажные дома с планировкой — готовый проект №58-52 площадью 168,24 м². Характеристики: 2 этажа, габариты 10.9×10.9 м, материал стен — газобетон. На изображении показаны оригинальная визуализация дома и реальные планы этажей. Сохраните планировку для сравнения и откройте проект в каталоге, чтобы посмотреть состав документации и актуальную стоимость.",https://catalog-plans.ru/catalog/58-52?utm_source=pinterest&utm_medium=organic&utm_campaign=generated_raw_visual_plans_two_storey_batch_68&utm_content=pin_13023_58-52_plans&utm_term=proekty-domov-s-planirovkami,,"двухэтажные дома с планировкой, проект дома 58-52, дом 168,24 м², 2 этажа, планировка дома, планы этажей, готовый проект дома, газобетон, catalog-plans.ru"
"Одноэтажные дома с планировкой: проект №52-67, 150,8 м²",https://raw.githubusercontent.com/nemchenik/test/890e420372c454ec1d75b0a087aa53c228efd1b2/pinterest/generated_batch_67_raw_visual_plans_one_storey/52-67.jpg,Одноэтажные дома с планировкой,,"Одноэтажные дома с планировкой — готовый проект №52-67 площадью 150,8 м². Характеристики: 1 этаж, габариты 14.8×17 м, материал стен — ячеистые бетонные блоки. На изображении показаны оригинальная визуализация дома и реальные планы этажей. Сохраните планировку для сравнения и откройте проект в каталоге, чтобы посмотреть состав документации и актуальную стоимость.",https://catalog-plans.ru/catalog/52-67?utm_source=pinterest&utm_medium=organic&utm_campaign=generated_raw_visual_plans_one_storey_batch_67&utm_content=pin_12824_52-67_plans&utm_term=proekty-domov-s-planirovkami,,"одноэтажные дома с планировкой, проект дома 52-67, дом 150,8 м², 1 этаж, планировка дома, планы этажей, готовый проект дома, ячеистые бетонные блоки, catalog-plans.ru"
"Двухэтажные дома с планировкой: проект №57-39N, 308,63 м²",https://raw.githubusercontent.com/nemchenik/test/890e420372c454ec1d75b0a087aa53c228efd1b2/pinterest/generated_batch_68_raw_visual_plans_two_storey/57-39N.jpg,Двухэтажные дома с планировкой,,"Двухэтажные дома с планировкой — готовый проект №57-39N площадью 308,63 м². Характеристики: 2 этажа, габариты 11.2×14.4 м, материал стен — газобетон. На изображении показаны оригинальная визуализация дома и реальные планы этажей. Сохраните планировку для сравнения и откройте проект в каталоге, чтобы посмотреть состав документации и актуальную стоимость.",https://catalog-plans.ru/catalog/57-39N?utm_source=pinterest&utm_medium=organic&utm_campaign=generated_raw_visual_plans_two_storey_batch_68&utm_content=pin_13024_57-39N_plans&utm_term=proekty-domov-s-planirovkami,,"двухэтажные дома с планировкой, проект дома 57-39N, дом 308,63 м², 2 этажа, планировка дома, планы этажей, готовый проект дома, газобетон, catalog-plans.ru"
"Одноэтажные дома с планировкой: проект №62-83B, 162,95 м²",https://raw.githubusercontent.com/nemchenik/test/890e420372c454ec1d75b0a087aa53c228efd1b2/pinterest/generated_batch_67_raw_visual_plans_one_storey/62-83B.jpg,Одноэтажные дома с планировкой,,"Одноэтажные дома с планировкой — готовый проект №62-83B площадью 162,95 м². Характеристики: 1 этаж, габариты 16.63×21 м, материал стен — газобетон. На изображении показаны оригинальная визуализация дома и реальные планы этажей. Сохраните планировку для сравнения и откройте проект в каталоге, чтобы посмотреть состав документации и актуальную стоимость.",https://catalog-plans.ru/catalog/62-83B?utm_source=pinterest&utm_medium=organic&utm_campaign=generated_raw_visual_plans_one_storey_batch_67&utm_content=pin_12825_62-83B_plans&utm_term=proekty-domov-s-planirovkami,,"одноэтажные дома с планировкой, проект дома 62-83B, дом 162,95 м², 1 этаж, планировка дома, планы этажей, готовый проект дома, газобетон, catalog-plans.ru"
"Двухэтажные дома с планировкой: проект №58-21DL, 217,31 м²",https://raw.githubusercontent.com/nemchenik/test/890e420372c454ec1d75b0a087aa53c228efd1b2/pinterest/generated_batch_68_raw_visual_plans_two_storey/58-21DL.jpg,Двухэтажные дома с планировкой,,"Двухэтажные дома с планировкой — готовый проект №58-21DL площадью 217,31 м². Характеристики: 2 этажа, габариты 11.1×15.9 м, материал стен — газобетон. На изображении показаны оригинальная визуализация дома и реальные планы этажей. Сохраните планировку для сравнения и откройте проект в каталоге, чтобы посмотреть состав документации и актуальную стоимость.",https://catalog-plans.ru/catalog/58-21DL?utm_source=pinterest&utm_medium=organic&utm_campaign=generated_raw_visual_plans_two_storey_batch_68&utm_content=pin_13025_58-21DL_plans&utm_term=proekty-domov-s-planirovkami,,"двухэтажные дома с планировкой, проект дома 58-21DL, дом 217,31 м², 2 этажа, планировка дома, планы этажей, готовый проект дома, газобетон, catalog-plans.ru"
"Одноэтажные дома с планировкой: проект №46-09ABG, 158 м²",https://raw.githubusercontent.com/nemchenik/test/890e420372c454ec1d75b0a087aa53c228efd1b2/pinterest/generated_batch_67_raw_visual_plans_one_storey/46-09ABG.jpg,Одноэтажные дома с планировкой,,"Одноэтажные дома с планировкой — готовый проект №46-09ABG площадью 158 м². Характеристики: 1 этаж, габариты 14.34×18.22 м, материал стен — газобетон. На изображении показаны оригинальная визуализация дома и реальные планы этажей. Сохраните планировку для сравнения и откройте проект в каталоге, чтобы посмотреть состав документации и актуальную стоимость.",https://catalog-plans.ru/catalog/46-09ABG?utm_source=pinterest&utm_medium=organic&utm_campaign=generated_raw_visual_plans_one_storey_batch_67&utm_content=pin_12826_46-09ABG_plans&utm_term=proekty-domov-s-planirovkami,,"одноэтажные дома с планировкой, проект дома 46-09ABG, дом 158 м², 1 этаж, планировка дома, планы этажей, готовый проект дома, газобетон, catalog-plans.ru"
"Двухэтажные дома с планировкой: проект №59-97BAL, 163,91 м²",https://raw.githubusercontent.com/nemchenik/test/890e420372c454ec1d75b0a087aa53c228efd1b2/pinterest/generated_batch_68_raw_visual_plans_two_storey/59-97BAL.jpg,Двухэтажные дома с планировкой,,"Двухэтажные дома с планировкой — готовый проект №59-97BAL площадью 163,91 м². Характеристики: 2 этажа, габариты 10.7×11.8 м, материал стен — газобетон. На изображении показаны оригинальная визуализация дома и реальные планы этажей. Сохраните планировку для сравнения и откройте проект в каталоге, чтобы посмотреть состав документации и актуальную стоимость.",https://catalog-plans.ru/catalog/59-97BAL?utm_source=pinterest&utm_medium=organic&utm_campaign=generated_raw_visual_plans_two_storey_batch_68&utm_content=pin_13026_59-97BAL_plans&utm_term=proekty-domov-s-planirovkami,,"двухэтажные дома с планировкой, проект дома 59-97BAL, дом 163,91 м², 2 этажа, планировка дома, планы этажей, готовый проект дома, газобетон, catalog-plans.ru"
"Одноэтажные дома с планировкой: проект №91-15FK2, 106,53 м²",https://raw.githubusercontent.com/nemchenik/test/890e420372c454ec1d75b0a087aa53c228efd1b2/pinterest/generated_batch_67_raw_visual_plans_one_storey/91-15FK2.jpg,Одноэтажные дома с планировкой,,"Одноэтажные дома с планировкой — готовый проект №91-15FK2 площадью 106,53 м². Характеристики: 1 этаж, габариты 10.1×14.56 м, материал стен — кирпич. На изображении показаны оригинальная визуализация дома и реальные планы этажей. Сохраните планировку для сравнения и откройте проект в каталоге, чтобы посмотреть состав документации и актуальную стоимость.",https://catalog-plans.ru/catalog/91-15FK2?utm_source=pinterest&utm_medium=organic&utm_campaign=generated_raw_visual_plans_one_storey_batch_67&utm_content=pin_12827_91-15FK2_plans&utm_term=proekty-domov-s-planirovkami,,"одноэтажные дома с планировкой, проект дома 91-15FK2, дом 106,53 м², 1 этаж, планировка дома, планы этажей, готовый проект дома, кирпич, catalog-plans.ru"
"Двухэтажные дома с планировкой: проект №62-71BU, 180,79 м²",https://raw.githubusercontent.com/nemchenik/test/890e420372c454ec1d75b0a087aa53c228efd1b2/pinterest/generated_batch_68_raw_visual_plans_two_storey/62-71BU.jpg,Двухэтажные дома с планировкой,,"Двухэтажные дома с планировкой — готовый проект №62-71BU площадью 180,79 м². Характеристики: 2 этажа, габариты 11.06×11.06 м, материал стен — газобетон. На изображении показаны оригинальная визуализация дома и реальные планы этажей. Сохраните планировку для сравнения и откройте проект в каталоге, чтобы посмотреть состав документации и актуальную стоимость.",https://catalog-plans.ru/catalog/62-71BU?utm_source=pinterest&utm_medium=organic&utm_campaign=generated_raw_visual_plans_two_storey_batch_68&utm_content=pin_13027_62-71BU_plans&utm_term=proekty-domov-s-planirovkami,,"двухэтажные дома с планировкой, проект дома 62-71BU, дом 180,79 м², 2 этажа, планировка дома, планы этажей, готовый проект дома, газобетон, catalog-plans.ru"
"Одноэтажные дома с планировкой: проект №65-33A, 118,97 м²",https://raw.githubusercontent.com/nemchenik/test/890e420372c454ec1d75b0a087aa53c228efd1b2/pinterest/generated_batch_67_raw_visual_plans_one_storey/65-33A.jpg,Одноэтажные дома с планировкой,,"Одноэтажные дома с планировкой — готовый проект №65-33A площадью 118,97 м². Характеристики: 1 этаж, габариты 9.7×15.7 м, материал стен — газобетон. На изображении показаны оригинальная визуализация дома и реальные планы этажей. Сохраните планировку для сравнения и откройте проект в каталоге, чтобы посмотреть состав документации и актуальную стоимость.",https://catalog-plans.ru/catalog/65-33A?utm_source=pinterest&utm_medium=organic&utm_campaign=generated_raw_visual_plans_one_storey_batch_67&utm_content=pin_12828_65-33A_plans&utm_term=proekty-domov-s-planirovkami,,"одноэтажные дома с планировкой, проект дома 65-33A, дом 118,97 м², 1 этаж, планировка дома, планы этажей, готовый проект дома, газобетон, catalog-plans.ru"
"Двухэтажные дома с планировкой: проект №55-01, 153,9 м²",https://raw.githubusercontent.com/nemchenik/test/890e420372c454ec1d75b0a087aa53c228efd1b2/pinterest/generated_batch_68_raw_visual_plans_two_storey/55-01.jpg,Двухэтажные дома с планировкой,,"Двухэтажные дома с планировкой — готовый проект №55-01 площадью 153,9 м². Характеристики: 2 этажа, габариты 9.2×11 м, материал стен — газобетон. На изображении показаны оригинальная визуализация дома и реальные планы этажей. Сохраните планировку для сравнения и откройте проект в каталоге, чтобы посмотреть состав документации и актуальную стоимость.",https://catalog-plans.ru/catalog/55-01?utm_source=pinterest&utm_medium=organic&utm_campaign=generated_raw_visual_plans_two_storey_batch_68&utm_content=pin_13028_55-01_plans&utm_term=proekty-domov-s-planirovkami,,"двухэтажные дома с планировкой, проект дома 55-01, дом 153,9 м², 2 этажа, планировка дома, планы этажей, готовый проект дома, газобетон, catalog-plans.ru"
"Одноэтажные дома с планировкой: проект №45-33, 118,9 м²",https://raw.githubusercontent.com/nemchenik/test/890e420372c454ec1d75b0a087aa53c228efd1b2/pinterest/generated_batch_67_raw_visual_plans_one_storey/45-33.jpg,Одноэтажные дома с планировкой,,"Одноэтажные дома с планировкой — готовый проект №45-33 площадью 118,9 м². Характеристики: 1 этаж, габариты 12×16.62 м, материал стен — кирпич. На изображении показаны оригинальная визуализация дома и реальные планы этажей. Сохраните планировку для сравнения и откройте проект в каталоге, чтобы посмотреть состав документации и актуальную стоимость.",https://catalog-plans.ru/catalog/45-33?utm_source=pinterest&utm_medium=organic&utm_campaign=generated_raw_visual_plans_one_storey_batch_67&utm_content=pin_12829_45-33_plans&utm_term=proekty-domov-s-planirovkami,,"одноэтажные дома с планировкой, проект дома 45-33, дом 118,9 м², 1 этаж, планировка дома, планы этажей, готовый проект дома, кирпич, catalog-plans.ru"
"Двухэтажные дома с планировкой: проект №57-84EK, 170,15 м²",https://raw.githubusercontent.com/nemchenik/test/890e420372c454ec1d75b0a087aa53c228efd1b2/pinterest/generated_batch_68_raw_visual_plans_two_storey/57-84EK.jpg,Двухэтажные дома с планировкой,,"Двухэтажные дома с планировкой — готовый проект №57-84EK площадью 170,15 м². Характеристики: 2 этажа, габариты 10.12×13.28 м, материал стен — кирпич. На изображении показаны оригинальная визуализация дома и реальные планы этажей. Сохраните планировку для сравнения и откройте проект в каталоге, чтобы посмотреть состав документации и актуальную стоимость.",https://catalog-plans.ru/catalog/57-84EK?utm_source=pinterest&utm_medium=organic&utm_campaign=generated_raw_visual_plans_two_storey_batch_68&utm_content=pin_13029_57-84EK_plans&utm_term=proekty-domov-s-planirovkami,,"двухэтажные дома с планировкой, проект дома 57-84EK, дом 170,15 м², 2 этажа, планировка дома, планы этажей, готовый проект дома, кирпич, catalog-plans.ru"
"Одноэтажные дома с планировкой: проект №45-32, 166,2 м²",https://raw.githubusercontent.com/nemchenik/test/890e420372c454ec1d75b0a087aa53c228efd1b2/pinterest/generated_batch_67_raw_visual_plans_one_storey/45-32.jpg,Одноэтажные дома с планировкой,,"Одноэтажные дома с планировкой — готовый проект №45-32 площадью 166,2 м². Характеристики: 1 этаж, габариты 13.02×18.59 м, материал стен — кирпич. На изображении показаны оригинальная визуализация дома и реальные планы этажей. Сохраните планировку для сравнения и откройте проект в каталоге, чтобы посмотреть состав документации и актуальную стоимость.",https://catalog-plans.ru/catalog/45-32?utm_source=pinterest&utm_medium=organic&utm_campaign=generated_raw_visual_plans_one_storey_batch_67&utm_content=pin_12830_45-32_plans&utm_term=proekty-domov-s-planirovkami,,"одноэтажные дома с планировкой, проект дома 45-32, дом 166,2 м², 1 этаж, планировка дома, планы этажей, готовый проект дома, кирпич, catalog-plans.ru"
"Двухэтажные дома с планировкой: проект №58-09ACL, 268,31 м²",https://raw.githubusercontent.com/nemchenik/test/890e420372c454ec1d75b0a087aa53c228efd1b2/pinterest/generated_batch_68_raw_visual_plans_two_storey/58-09ACL.jpg,Двухэтажные дома с планировкой,,"Двухэтажные дома с планировкой — готовый проект №58-09ACL площадью 268,31 м². Характеристики: 2 этажа, габариты 16.5×20 м, материал стен — газобетон. На изображении показаны оригинальная визуализация дома и реальные планы этажей. Сохраните планировку для сравнения и откройте проект в каталоге, чтобы посмотреть состав документации и актуальную стоимость.",https://catalog-plans.ru/catalog/58-09ACL?utm_source=pinterest&utm_medium=organic&utm_campaign=generated_raw_visual_plans_two_storey_batch_68&utm_content=pin_13030_58-09ACL_plans&utm_term=proekty-domov-s-planirovkami,,"двухэтажные дома с планировкой, проект дома 58-09ACL, дом 268,31 м², 2 этажа, планировка дома, планы этажей, готовый проект дома, газобетон, catalog-plans.ru"
"Одноэтажные дома с планировкой: проект №46-52K2, 120,58 м²",https://raw.githubusercontent.com/nemchenik/test/890e420372c454ec1d75b0a087aa53c228efd1b2/pinterest/generated_batch_67_raw_visual_plans_one_storey/46-52K2.jpg,Одноэтажные дома с планировкой,,"Одноэтажные дома с планировкой — готовый проект №46-52K2 площадью 120,58 м². Характеристики: 1 этаж, габариты 9.32×18.36 м, материал стен — кирпич. На изображении показаны оригинальная визуализация дома и реальные планы этажей. Сохраните планировку для сравнения и откройте проект в каталоге, чтобы посмотреть состав документации и актуальную стоимость.",https://catalog-plans.ru/catalog/46-52K2?utm_source=pinterest&utm_medium=organic&utm_campaign=generated_raw_visual_plans_one_storey_batch_67&utm_content=pin_12831_46-52K2_plans&utm_term=proekty-domov-s-planirovkami,,"одноэтажные дома с планировкой, проект дома 46-52K2, дом 120,58 м², 1 этаж, планировка дома, планы этажей, готовый проект дома, кирпич, catalog-plans.ru"
"Двухэтажные дома с планировкой: проект №48-29CABG, 267,02 м²",https://raw.githubusercontent.com/nemchenik/test/890e420372c454ec1d75b0a087aa53c228efd1b2/pinterest/generated_batch_68_raw_visual_plans_two_storey/48-29CABG.jpg,Двухэтажные дома с планировкой,,"Двухэтажные дома с планировкой — готовый проект №48-29CABG площадью 267,02 м². Характеристики: 2 этажа, габариты 13.28×17.19 м, материал стен — газобетон. На изображении показаны оригинальная визуализация дома и реальные планы этажей. Сохраните планировку для сравнения и откройте проект в каталоге, чтобы посмотреть состав документации и актуальную стоимость.",https://catalog-plans.ru/catalog/48-29CABG?utm_source=pinterest&utm_medium=organic&utm_campaign=generated_raw_visual_plans_two_storey_batch_68&utm_content=pin_13031_48-29CABG_plans&utm_term=proekty-domov-s-planirovkami,,"двухэтажные дома с планировкой, проект дома 48-29CABG, дом 267,02 м², 2 этажа, планировка дома, планы этажей, готовый проект дома, газобетон, catalog-plans.ru"
"Одноэтажные дома с планировкой: проект №35-14, 162,9 м²",https://raw.githubusercontent.com/nemchenik/test/890e420372c454ec1d75b0a087aa53c228efd1b2/pinterest/generated_batch_67_raw_visual_plans_one_storey/35-14.jpg,Одноэтажные дома с планировкой,,"Одноэтажные дома с планировкой — готовый проект №35-14 площадью 162,9 м². Характеристики: 1 этаж, габариты 9×17 м, материал стен — кирпич. На изображении показаны оригинальная визуализация дома и реальные планы этажей. Сохраните планировку для сравнения и откройте проект в каталоге, чтобы посмотреть состав документации и актуальную стоимость.",https://catalog-plans.ru/catalog/35-14?utm_source=pinterest&utm_medium=organic&utm_campaign=generated_raw_visual_plans_one_storey_batch_67&utm_content=pin_12832_35-14_plans&utm_term=proekty-domov-s-planirovkami,,"одноэтажные дома с планировкой, проект дома 35-14, дом 162,9 м², 1 этаж, планировка дома, планы этажей, готовый проект дома, кирпич, catalog-plans.ru"
"Двухэтажные дома с планировкой: проект №45-50L, 160,68 м²",https://raw.githubusercontent.com/nemchenik/test/890e420372c454ec1d75b0a087aa53c228efd1b2/pinterest/generated_batch_68_raw_visual_plans_two_storey/45-50L.jpg,Двухэтажные дома с планировкой,,"Двухэтажные дома с планировкой — готовый проект №45-50L площадью 160,68 м². Характеристики: 2 этажа, габариты 11.16×11.16 м, материал стен — кирпич. На изображении показаны оригинальная визуализация дома и реальные планы этажей. Сохраните планировку для сравнения и откройте проект в каталоге, чтобы посмотреть состав документации и актуальную стоимость.",https://catalog-plans.ru/catalog/45-50L?utm_source=pinterest&utm_medium=organic&utm_campaign=generated_raw_visual_plans_two_storey_batch_68&utm_content=pin_13032_45-50L_plans&utm_term=proekty-domov-s-planirovkami,,"двухэтажные дома с планировкой, проект дома 45-50L, дом 160,68 м², 2 этажа, планировка дома, планы этажей, готовый проект дома, кирпич, catalog-plans.ru"
"Одноэтажные дома с планировкой: проект №58-70HFX, 125,31 м²",https://raw.githubusercontent.com/nemchenik/test/890e420372c454ec1d75b0a087aa53c228efd1b2/pinterest/generated_batch_67_raw_visual_plans_one_storey/58-70HFX.jpg,Одноэтажные дома с планировкой,,"Одноэтажные дома с планировкой — готовый проект №58-70HFX площадью 125,31 м². Характеристики: 1 этаж, габариты 10.6×13.8 м, материал стен — дерево. На изображении показаны оригинальная визуализация дома и реальные планы этажей. Сохраните планировку для сравнения и откройте проект в каталоге, чтобы посмотреть состав документации и актуальную стоимость.",https://catalog-plans.ru/catalog/58-70HFX?utm_source=pinterest&utm_medium=organic&utm_campaign=generated_raw_visual_plans_one_storey_batch_67&utm_content=pin_12833_58-70HFX_plans&utm_term=proekty-domov-s-planirovkami,,"одноэтажные дома с планировкой, проект дома 58-70HFX, дом 125,31 м², 1 этаж, планировка дома, планы этажей, готовый проект дома, дерево, catalog-plans.ru"
"Двухэтажные дома с планировкой: проект №57-13KBL, 146,01 м²",https://raw.githubusercontent.com/nemchenik/test/890e420372c454ec1d75b0a087aa53c228efd1b2/pinterest/generated_batch_68_raw_visual_plans_two_storey/57-13KBL.jpg,Двухэтажные дома с планировкой,,"Двухэтажные дома с планировкой — готовый проект №57-13KBL площадью 146,01 м². Характеристики: 2 этажа, габариты 8.58×11.98 м, материал стен — керамзитобетон. На изображении показаны оригинальная визуализация дома и реальные планы этажей. Сохраните планировку для сравнения и откройте проект в каталоге, чтобы посмотреть состав документации и актуальную стоимость.",https://catalog-plans.ru/catalog/57-13KBL?utm_source=pinterest&utm_medium=organic&utm_campaign=generated_raw_visual_plans_two_storey_batch_68&utm_content=pin_13033_57-13KBL_plans&utm_term=proekty-domov-s-planirovkami,,"двухэтажные дома с планировкой, проект дома 57-13KBL, дом 146,01 м², 2 этажа, планировка дома, планы этажей, готовый проект дома, керамзитобетон, catalog-plans.ru"
"Одноэтажные дома с планировкой: проект №68-58, 86,63 м²",https://raw.githubusercontent.com/nemchenik/test/890e420372c454ec1d75b0a087aa53c228efd1b2/pinterest/generated_batch_67_raw_visual_plans_one_storey/68-58.jpg,Одноэтажные дома с планировкой,,"Одноэтажные дома с планировкой — готовый проект №68-58 площадью 86,63 м². Характеристики: 1 этаж, габариты 9.9×12.3 м, материал стен — газобетон. На изображении показаны оригинальная визуализация дома и реальные планы этажей. Сохраните планировку для сравнения и откройте проект в каталоге, чтобы посмотреть состав документации и актуальную стоимость.",https://catalog-plans.ru/catalog/68-58?utm_source=pinterest&utm_medium=organic&utm_campaign=generated_raw_visual_plans_one_storey_batch_67&utm_content=pin_12834_68-58_plans&utm_term=proekty-domov-s-planirovkami,,"одноэтажные дома с планировкой, проект дома 68-58, дом 86,63 м², 1 этаж, планировка дома, планы этажей, готовый проект дома, газобетон, catalog-plans.ru"
"Двухэтажные дома с планировкой: проект №37-33, 213,1 м²",https://raw.githubusercontent.com/nemchenik/test/890e420372c454ec1d75b0a087aa53c228efd1b2/pinterest/generated_batch_68_raw_visual_plans_two_storey/37-33.jpg,Двухэтажные дома с планировкой,,"Двухэтажные дома с планировкой — готовый проект №37-33 площадью 213,1 м². Характеристики: 2 этажа, габариты 14.7×15 м, материал стен — кирпич. На изображении показаны оригинальная визуализация дома и реальные планы этажей. Сохраните планировку для сравнения и откройте проект в каталоге, чтобы посмотреть состав документации и актуальную стоимость.",https://catalog-plans.ru/catalog/37-33?utm_source=pinterest&utm_medium=organic&utm_campaign=generated_raw_visual_plans_two_storey_batch_68&utm_content=pin_13034_37-33_plans&utm_term=proekty-domov-s-planirovkami,,"двухэтажные дома с планировкой, проект дома 37-33, дом 213,1 м², 2 этажа, планировка дома, планы этажей, готовый проект дома, кирпич, catalog-plans.ru"
"Одноэтажные дома с планировкой: проект №63-41BK2L, 126,86 м²",https://raw.githubusercontent.com/nemchenik/test/890e420372c454ec1d75b0a087aa53c228efd1b2/pinterest/generated_batch_67_raw_visual_plans_one_storey/63-41BK2L.jpg,Одноэтажные дома с планировкой,,"Одноэтажные дома с планировкой — готовый проект №63-41BK2L площадью 126,86 м². Характеристики: 1 этаж, габариты 13.38×14.34 м, материал стен — кирпич. На изображении показаны оригинальная визуализация дома и реальные планы этажей. Сохраните планировку для сравнения и откройте проект в каталоге, чтобы посмотреть состав документации и актуальную стоимость.",https://catalog-plans.ru/catalog/63-41BK2L?utm_source=pinterest&utm_medium=organic&utm_campaign=generated_raw_visual_plans_one_storey_batch_67&utm_content=pin_12835_63-41BK2L_plans&utm_term=proekty-domov-s-planirovkami,,"одноэтажные дома с планировкой, проект дома 63-41BK2L, дом 126,86 м², 1 этаж, планировка дома, планы этажей, готовый проект дома, кирпич, catalog-plans.ru"
"Двухэтажные дома с планировкой: проект №62-38ACL, 300,52 м²",https://raw.githubusercontent.com/nemchenik/test/890e420372c454ec1d75b0a087aa53c228efd1b2/pinterest/generated_batch_68_raw_visual_plans_two_storey/62-38ACL.jpg,Двухэтажные дома с планировкой,,"Двухэтажные дома с планировкой — готовый проект №62-38ACL площадью 300,52 м². Характеристики: 2 этажа, габариты 16.44×18.74 м, материал стен — газобетон. На изображении показаны оригинальная визуализация дома и реальные планы этажей. Сохраните планировку для сравнения и откройте проект в каталоге, чтобы посмотреть состав документации и актуальную стоимость.",https://catalog-plans.ru/catalog/62-38ACL?utm_source=pinterest&utm_medium=organic&utm_campaign=generated_raw_visual_plans_two_storey_batch_68&utm_content=pin_13035_62-38ACL_plans&utm_term=proekty-domov-s-planirovkami,,"двухэтажные дома с планировкой, проект дома 62-38ACL, дом 300,52 м², 2 этажа, планировка дома, планы этажей, готовый проект дома, газобетон, catalog-plans.ru"
"Одноэтажные дома с планировкой: проект №62-03BML, 134,61 м²",https://raw.githubusercontent.com/nemchenik/test/890e420372c454ec1d75b0a087aa53c228efd1b2/pinterest/generated_batch_67_raw_visual_plans_one_storey/62-03BML.jpg,Одноэтажные дома с планировкой,,"Одноэтажные дома с планировкой — готовый проект №62-03BML площадью 134,61 м². Характеристики: 1 этаж, габариты 14.6×15.45 м, материал стен — монолитный каркас. На изображении показаны оригинальная визуализация дома и реальные планы этажей. Сохраните планировку для сравнения и откройте проект в каталоге, чтобы посмотреть состав документации и актуальную стоимость.",https://catalog-plans.ru/catalog/62-03BML?utm_source=pinterest&utm_medium=organic&utm_campaign=generated_raw_visual_plans_one_storey_batch_67&utm_content=pin_12836_62-03BML_plans&utm_term=proekty-domov-s-planirovkami,,"одноэтажные дома с планировкой, проект дома 62-03BML, дом 134,61 м², 1 этаж, планировка дома, планы этажей, готовый проект дома, монолитный каркас, catalog-plans.ru"
"Двухэтажные дома с планировкой: проект №31-70, 205,7 м²",https://raw.githubusercontent.com/nemchenik/test/890e420372c454ec1d75b0a087aa53c228efd1b2/pinterest/generated_batch_68_raw_visual_plans_two_storey/31-70.jpg,Двухэтажные дома с планировкой,,"Двухэтажные дома с планировкой — готовый проект №31-70 площадью 205,7 м². Характеристики: 2 этажа, габариты 11.72×12.02 м, материал стен — кирпич. На изображении показаны оригинальная визуализация дома и реальные планы этажей. Сохраните планировку для сравнения и откройте проект в каталоге, чтобы посмотреть состав документации и актуальную стоимость.",https://catalog-plans.ru/catalog/31-70?utm_source=pinterest&utm_medium=organic&utm_campaign=generated_raw_visual_plans_two_storey_batch_68&utm_content=pin_13036_31-70_plans&utm_term=proekty-domov-s-planirovkami,,"двухэтажные дома с планировкой, проект дома 31-70, дом 205,7 м², 2 этажа, планировка дома, планы этажей, готовый проект дома, кирпич, catalog-plans.ru"
"Одноэтажные дома с планировкой: проект №68-12, 193,39 м²",https://raw.githubusercontent.com/nemchenik/test/890e420372c454ec1d75b0a087aa53c228efd1b2/pinterest/generated_batch_67_raw_visual_plans_one_storey/68-12.jpg,Одноэтажные дома с планировкой,,"Одноэтажные дома с планировкой — готовый проект №68-12 площадью 193,39 м². Характеристики: 1 этаж, габариты 16.9×19.5 м, материал стен — газобетон. На изображении показаны оригинальная визуализация дома и реальные планы этажей. Сохраните планировку для сравнения и откройте проект в каталоге, чтобы посмотреть состав документации и актуальную стоимость.",https://catalog-plans.ru/catalog/68-12?utm_source=pinterest&utm_medium=organic&utm_campaign=generated_raw_visual_plans_one_storey_batch_67&utm_content=pin_12837_68-12_plans&utm_term=proekty-domov-s-planirovkami,,"одноэтажные дома с планировкой, проект дома 68-12, дом 193,39 м², 1 этаж, планировка дома, планы этажей, готовый проект дома, газобетон, catalog-plans.ru"
"Двухэтажные дома с планировкой: проект №62-80ABB, 223,35 м²",https://raw.githubusercontent.com/nemchenik/test/890e420372c454ec1d75b0a087aa53c228efd1b2/pinterest/generated_batch_68_raw_visual_plans_two_storey/62-80ABB.jpg,Двухэтажные дома с планировкой,,"Двухэтажные дома с планировкой — готовый проект №62-80ABB площадью 223,35 м². Характеристики: 2 этажа, габариты 11.23×14.2 м, материал стен — газобетон. На изображении показаны оригинальная визуализация дома и реальные планы этажей. Сохраните планировку для сравнения и откройте проект в каталоге, чтобы посмотреть состав документации и актуальную стоимость.",https://catalog-plans.ru/catalog/62-80ABB?utm_source=pinterest&utm_medium=organic&utm_campaign=generated_raw_visual_plans_two_storey_batch_68&utm_content=pin_13037_62-80ABB_plans&utm_term=proekty-domov-s-planirovkami,,"двухэтажные дома с планировкой, проект дома 62-80ABB, дом 223,35 м², 2 этажа, планировка дома, планы этажей, готовый проект дома, газобетон, catalog-plans.ru"
"Одноэтажные дома с планировкой: проект №46-22K1L, 119,29 м²",https://raw.githubusercontent.com/nemchenik/test/890e420372c454ec1d75b0a087aa53c228efd1b2/pinterest/generated_batch_67_raw_visual_plans_one_storey/46-22K1L.jpg,Одноэтажные дома с планировкой,,"Одноэтажные дома с планировкой — готовый проект №46-22K1L площадью 119,29 м². Характеристики: 1 этаж, габариты 11.46×13.96 м, материал стен — кирпич. На изображении показаны оригинальная визуализация дома и реальные планы этажей. Сохраните планировку для сравнения и откройте проект в каталоге, чтобы посмотреть состав документации и актуальную стоимость.",https://catalog-plans.ru/catalog/46-22K1L?utm_source=pinterest&utm_medium=organic&utm_campaign=generated_raw_visual_plans_one_storey_batch_67&utm_content=pin_12838_46-22K1L_plans&utm_term=proekty-domov-s-planirovkami,,"одноэтажные дома с планировкой, проект дома 46-22K1L, дом 119,29 м², 1 этаж, планировка дома, планы этажей, готовый проект дома, кирпич, catalog-plans.ru"
"Двухэтажные дома с планировкой: проект №57-62ABL, 193,1 м²",https://raw.githubusercontent.com/nemchenik/test/890e420372c454ec1d75b0a087aa53c228efd1b2/pinterest/generated_batch_68_raw_visual_plans_two_storey/57-62ABL.jpg,Двухэтажные дома с планировкой,,"Двухэтажные дома с планировкой — готовый проект №57-62ABL площадью 193,1 м². Характеристики: 2 этажа, габариты 10.72×14.26 м, материал стен — газобетон. На изображении показаны оригинальная визуализация дома и реальные планы этажей. Сохраните планировку для сравнения и откройте проект в каталоге, чтобы посмотреть состав документации и актуальную стоимость.",https://catalog-plans.ru/catalog/57-62ABL?utm_source=pinterest&utm_medium=organic&utm_campaign=generated_raw_visual_plans_two_storey_batch_68&utm_content=pin_13038_57-62ABL_plans&utm_term=proekty-domov-s-planirovkami,,"двухэтажные дома с планировкой, проект дома 57-62ABL, дом 193,1 м², 2 этажа, планировка дома, планы этажей, готовый проект дома, газобетон, catalog-plans.ru"
"Одноэтажные дома с планировкой: проект №58-70JA, 116,51 м²",https://raw.githubusercontent.com/nemchenik/test/890e420372c454ec1d75b0a087aa53c228efd1b2/pinterest/generated_batch_67_raw_visual_plans_one_storey/58-70JA.jpg,Одноэтажные дома с планировкой,,"Одноэтажные дома с планировкой — готовый проект №58-70JA площадью 116,51 м². Характеристики: 1 этаж, габариты 11.9×13.9 м, материал стен — газобетон. На изображении показаны оригинальная визуализация дома и реальные планы этажей. Сохраните планировку для сравнения и откройте проект в каталоге, чтобы посмотреть состав документации и актуальную стоимость.",https://catalog-plans.ru/catalog/58-70JA?utm_source=pinterest&utm_medium=organic&utm_campaign=generated_raw_visual_plans_one_storey_batch_67&utm_content=pin_12839_58-70JA_plans&utm_term=proekty-domov-s-planirovkami,,"одноэтажные дома с планировкой, проект дома 58-70JA, дом 116,51 м², 1 этаж, планировка дома, планы этажей, готовый проект дома, газобетон, catalog-plans.ru"
"Двухэтажные дома с планировкой: проект №59-92WL, 167,88 м²",https://raw.githubusercontent.com/nemchenik/test/890e420372c454ec1d75b0a087aa53c228efd1b2/pinterest/generated_batch_68_raw_visual_plans_two_storey/59-92WL.jpg,Двухэтажные дома с планировкой,,"Двухэтажные дома с планировкой — готовый проект №59-92WL площадью 167,88 м². Характеристики: 2 этажа, габариты 10.5×12.9 м, материал стен — газобетон. На изображении показаны оригинальная визуализация дома и реальные планы этажей. Сохраните планировку для сравнения и откройте проект в каталоге, чтобы посмотреть состав документации и актуальную стоимость.",https://catalog-plans.ru/catalog/59-92WL?utm_source=pinterest&utm_medium=organic&utm_campaign=generated_raw_visual_plans_two_storey_batch_68&utm_content=pin_13039_59-92WL_plans&utm_term=proekty-domov-s-planirovkami,,"двухэтажные дома с планировкой, проект дома 59-92WL, дом 167,88 м², 2 этажа, планировка дома, планы этажей, готовый проект дома, газобетон, catalog-plans.ru"
"Одноэтажные дома с планировкой: проект №59-87K, 114,68 м²",https://raw.githubusercontent.com/nemchenik/test/890e420372c454ec1d75b0a087aa53c228efd1b2/pinterest/generated_batch_67_raw_visual_plans_one_storey/59-87K.jpg,Одноэтажные дома с планировкой,,"Одноэтажные дома с планировкой — готовый проект №59-87K площадью 114,68 м². Характеристики: 1 этаж, габариты 12.6×15 м, материал стен — кирпич. На изображении показаны оригинальная визуализация дома и реальные планы этажей. Сохраните планировку для сравнения и откройте проект в каталоге, чтобы посмотреть состав документации и актуальную стоимость.",https://catalog-plans.ru/catalog/59-87K?utm_source=pinterest&utm_medium=organic&utm_campaign=generated_raw_visual_plans_one_storey_batch_67&utm_content=pin_12840_59-87K_plans&utm_term=proekty-domov-s-planirovkami,,"одноэтажные дома с планировкой, проект дома 59-87K, дом 114,68 м², 1 этаж, планировка дома, планы этажей, готовый проект дома, кирпич, catalog-plans.ru"
"Двухэтажные дома с планировкой: проект №64-08BG, 309,4 м²",https://raw.githubusercontent.com/nemchenik/test/890e420372c454ec1d75b0a087aa53c228efd1b2/pinterest/generated_batch_68_raw_visual_plans_two_storey/64-08BG.jpg,Двухэтажные дома с планировкой,,"Двухэтажные дома с планировкой — готовый проект №64-08BG площадью 309,4 м². Характеристики: 2 этажа, габариты 16.2×16.8 м, материал стен — газобетон. На изображении показаны оригинальная визуализация дома и реальные планы этажей. Сохраните планировку для сравнения и откройте проект в каталоге, чтобы посмотреть состав документации и актуальную стоимость.",https://catalog-plans.ru/catalog/64-08BG?utm_source=pinterest&utm_medium=organic&utm_campaign=generated_raw_visual_plans_two_storey_batch_68&utm_content=pin_13040_64-08BG_plans&utm_term=proekty-domov-s-planirovkami,,"двухэтажные дома с планировкой, проект дома 64-08BG, дом 309,4 м², 2 этажа, планировка дома, планы этажей, готовый проект дома, газобетон, catalog-plans.ru"
"Одноэтажные дома с планировкой: проект №68-89, 135,24 м²",https://raw.githubusercontent.com/nemchenik/test/890e420372c454ec1d75b0a087aa53c228efd1b2/pinterest/generated_batch_67_raw_visual_plans_one_storey/68-89.jpg,Одноэтажные дома с планировкой,,"Одноэтажные дома с планировкой — готовый проект №68-89 площадью 135,24 м². Характеристики: 1 этаж, габариты 11.4×17.62 м, материал стен — газобетон. На изображении показаны оригинальная визуализация дома и реальные планы этажей. Сохраните планировку для сравнения и откройте проект в каталоге, чтобы посмотреть состав документации и актуальную стоимость.",https://catalog-plans.ru/catalog/68-89?utm_source=pinterest&utm_medium=organic&utm_campaign=generated_raw_visual_plans_one_storey_batch_67&utm_content=pin_12841_68-89_plans&utm_term=proekty-domov-s-planirovkami,,"одноэтажные дома с планировкой, проект дома 68-89, дом 135,24 м², 1 этаж, планировка дома, планы этажей, готовый проект дома, газобетон, catalog-plans.ru"
"Двухэтажные дома с планировкой: проект №59-92DAFL, 271,88 м²",https://raw.githubusercontent.com/nemchenik/test/890e420372c454ec1d75b0a087aa53c228efd1b2/pinterest/generated_batch_68_raw_visual_plans_two_storey/59-92DAFL.jpg,Двухэтажные дома с планировкой,,"Двухэтажные дома с планировкой — готовый проект №59-92DAFL площадью 271,88 м². Характеристики: 2 этажа, габариты 11.6×12.7 м, материал стен — газобетон. На изображении показаны оригинальная визуализация дома и реальные планы этажей. Сохраните планировку для сравнения и откройте проект в каталоге, чтобы посмотреть состав документации и актуальную стоимость.",https://catalog-plans.ru/catalog/59-92DAFL?utm_source=pinterest&utm_medium=organic&utm_campaign=generated_raw_visual_plans_two_storey_batch_68&utm_content=pin_13041_59-92DAFL_plans&utm_term=proekty-domov-s-planirovkami,,"двухэтажные дома с планировкой, проект дома 59-92DAFL, дом 271,88 м², 2 этажа, планировка дома, планы этажей, готовый проект дома, газобетон, catalog-plans.ru"
"Одноэтажные дома с планировкой: проект №62-30F, 181,97 м²",https://raw.githubusercontent.com/nemchenik/test/890e420372c454ec1d75b0a087aa53c228efd1b2/pinterest/generated_batch_67_raw_visual_plans_one_storey/62-30F.jpg,Одноэтажные дома с планировкой,,"Одноэтажные дома с планировкой — готовый проект №62-30F площадью 181,97 м². Характеристики: 1 этаж, габариты 18×16 м, материал стен — газобетон. На изображении показаны оригинальная визуализация дома и реальные планы этажей. Сохраните планировку для сравнения и откройте проект в каталоге, чтобы посмотреть состав документации и актуальную стоимость.",https://catalog-plans.ru/catalog/62-30F?utm_source=pinterest&utm_medium=organic&utm_campaign=generated_raw_visual_plans_one_storey_batch_67&utm_content=pin_12842_62-30F_plans&utm_term=proekty-domov-s-planirovkami,,"одноэтажные дома с планировкой, проект дома 62-30F, дом 181,97 м², 1 этаж, планировка дома, планы этажей, готовый проект дома, газобетон, catalog-plans.ru"
"Двухэтажные дома с планировкой: проект №45-23, 419,81 м²",https://raw.githubusercontent.com/nemchenik/test/890e420372c454ec1d75b0a087aa53c228efd1b2/pinterest/generated_batch_68_raw_visual_plans_two_storey/45-23.jpg,Двухэтажные дома с планировкой,,"Двухэтажные дома с планировкой — готовый проект №45-23 площадью 419,81 м². Характеристики: 2 этажа, габариты 21.67×25.81 м, материал стен — кирпича 1. На изображении показаны оригинальная визуализация дома и реальные планы этажей. Сохраните планировку для сравнения и откройте проект в каталоге, чтобы посмотреть состав документации и актуальную стоимость.",https://catalog-plans.ru/catalog/45-23?utm_source=pinterest&utm_medium=organic&utm_campaign=generated_raw_visual_plans_two_storey_batch_68&utm_content=pin_13042_45-23_plans&utm_term=proekty-domov-s-planirovkami,,"двухэтажные дома с планировкой, проект дома 45-23, дом 419,81 м², 2 этажа, планировка дома, планы этажей, готовый проект дома, кирпича 1, catalog-plans.ru"
"Одноэтажные дома с планировкой: проект №34-68, 145,3 м²",https://raw.githubusercontent.com/nemchenik/test/890e420372c454ec1d75b0a087aa53c228efd1b2/pinterest/generated_batch_67_raw_visual_plans_one_storey/34-68.jpg,Одноэтажные дома с планировкой,,"Одноэтажные дома с планировкой — готовый проект №34-68 площадью 145,3 м². Характеристики: 1 этаж, габариты 15.22×15.28 м, материал стен — кирпич. На изображении показаны оригинальная визуализация дома и реальные планы этажей. Сохраните планировку для сравнения и откройте проект в каталоге, чтобы посмотреть состав документации и актуальную стоимость.",https://catalog-plans.ru/catalog/34-68?utm_source=pinterest&utm_medium=organic&utm_campaign=generated_raw_visual_plans_one_storey_batch_67&utm_content=pin_12843_34-68_plans&utm_term=proekty-domov-s-planirovkami,,"одноэтажные дома с планировкой, проект дома 34-68, дом 145,3 м², 1 этаж, планировка дома, планы этажей, готовый проект дома, кирпич, catalog-plans.ru"
"Двухэтажные дома с планировкой: проект №57-36K, 178,58 м²",https://raw.githubusercontent.com/nemchenik/test/890e420372c454ec1d75b0a087aa53c228efd1b2/pinterest/generated_batch_68_raw_visual_plans_two_storey/57-36K.jpg,Двухэтажные дома с планировкой,,"Двухэтажные дома с планировкой — готовый проект №57-36K площадью 178,58 м². Характеристики: 2 этажа, габариты 12.7×13.5 м, материал стен — кирпич. На изображении показаны оригинальная визуализация дома и реальные планы этажей. Сохраните планировку для сравнения и откройте проект в каталоге, чтобы посмотреть состав документации и актуальную стоимость.",https://catalog-plans.ru/catalog/57-36K?utm_source=pinterest&utm_medium=organic&utm_campaign=generated_raw_visual_plans_two_storey_batch_68&utm_content=pin_13043_57-36K_plans&utm_term=proekty-domov-s-planirovkami,,"двухэтажные дома с планировкой, проект дома 57-36K, дом 178,58 м², 2 этажа, планировка дома, планы этажей, готовый проект дома, кирпич, catalog-plans.ru"
"Одноэтажные дома с планировкой: проект №15-20, 148,7 м²",https://raw.githubusercontent.com/nemchenik/test/890e420372c454ec1d75b0a087aa53c228efd1b2/pinterest/generated_batch_67_raw_visual_plans_one_storey/15-20.jpg,Одноэтажные дома с планировкой,,"Одноэтажные дома с планировкой — готовый проект №15-20 площадью 148,7 м². Характеристики: 1 этаж, габариты 12.55×19.55 м, материал стен — газобетон. На изображении показаны оригинальная визуализация дома и реальные планы этажей. Сохраните планировку для сравнения и откройте проект в каталоге, чтобы посмотреть состав документации и актуальную стоимость.",https://catalog-plans.ru/catalog/15-20?utm_source=pinterest&utm_medium=organic&utm_campaign=generated_raw_visual_plans_one_storey_batch_67&utm_content=pin_12844_15-20_plans&utm_term=proekty-domov-s-planirovkami,,"одноэтажные дома с планировкой, проект дома 15-20, дом 148,7 м², 1 этаж, планировка дома, планы этажей, готовый проект дома, газобетон, catalog-plans.ru"
"Двухэтажные дома с планировкой: проект №56-99K, 168,23 м²",https://raw.githubusercontent.com/nemchenik/test/890e420372c454ec1d75b0a087aa53c228efd1b2/pinterest/generated_batch_68_raw_visual_plans_two_storey/56-99K.jpg,Двухэтажные дома с планировкой,,"Двухэтажные дома с планировкой — готовый проект №56-99K площадью 168,23 м². Характеристики: 2 этажа, габариты 11.26×12 м, материал стен — кирпич. На изображении показаны оригинальная визуализация дома и реальные планы этажей. Сохраните планировку для сравнения и откройте проект в каталоге, чтобы посмотреть состав документации и актуальную стоимость.",https://catalog-plans.ru/catalog/56-99K?utm_source=pinterest&utm_medium=organic&utm_campaign=generated_raw_visual_plans_two_storey_batch_68&utm_content=pin_13044_56-99K_plans&utm_term=proekty-domov-s-planirovkami,,"двухэтажные дома с планировкой, проект дома 56-99K, дом 168,23 м², 2 этажа, планировка дома, планы этажей, готовый проект дома, кирпич, catalog-plans.ru"
"Одноэтажные дома с планировкой: проект №70-93, 160,11 м²",https://raw.githubusercontent.com/nemchenik/test/890e420372c454ec1d75b0a087aa53c228efd1b2/pinterest/generated_batch_67_raw_visual_plans_one_storey/70-93.jpg,Одноэтажные дома с планировкой,,"Одноэтажные дома с планировкой — готовый проект №70-93 площадью 160,11 м². Характеристики: 1 этаж, габариты 11.6×20.8 м, материал стен — деревянный каркас. На изображении показаны оригинальная визуализация дома и реальные планы этажей. Сохраните планировку для сравнения и откройте проект в каталоге, чтобы посмотреть состав документации и актуальную стоимость.",https://catalog-plans.ru/catalog/70-93?utm_source=pinterest&utm_medium=organic&utm_campaign=generated_raw_visual_plans_one_storey_batch_67&utm_content=pin_12845_70-93_plans&utm_term=proekty-domov-s-planirovkami,,"одноэтажные дома с планировкой, проект дома 70-93, дом 160,11 м², 1 этаж, планировка дома, планы этажей, готовый проект дома, деревянный каркас, catalog-plans.ru"
"Двухэтажные дома с планировкой: проект №31-38, 414 м²",https://raw.githubusercontent.com/nemchenik/test/890e420372c454ec1d75b0a087aa53c228efd1b2/pinterest/generated_batch_68_raw_visual_plans_two_storey/31-38.jpg,Двухэтажные дома с планировкой,,"Двухэтажные дома с планировкой — готовый проект №31-38 площадью 414 м². Характеристики: 2 этажа, габариты 24.21×27.79 м, материал стен — кирпич. На изображении показаны оригинальная визуализация дома и реальные планы этажей. Сохраните планировку для сравнения и откройте проект в каталоге, чтобы посмотреть состав документации и актуальную стоимость.",https://catalog-plans.ru/catalog/31-38?utm_source=pinterest&utm_medium=organic&utm_campaign=generated_raw_visual_plans_two_storey_batch_68&utm_content=pin_13045_31-38_plans&utm_term=proekty-domov-s-planirovkami,,"двухэтажные дома с планировкой, проект дома 31-38, дом 414 м², 2 этажа, планировка дома, планы этажей, готовый проект дома, кирпич, catalog-plans.ru"
"Одноэтажные дома с планировкой: проект №46-09CAGL, 361,15 м²",https://raw.githubusercontent.com/nemchenik/test/890e420372c454ec1d75b0a087aa53c228efd1b2/pinterest/generated_batch_67_raw_visual_plans_one_storey/46-09CAGL.jpg,Одноэтажные дома с планировкой,,"Одноэтажные дома с планировкой — готовый проект №46-09CAGL площадью 361,15 м². Характеристики: 1 этаж, габариты 15.06×18.08 м, материал стен — газобетон. На изображении показаны оригинальная визуализация дома и реальные планы этажей. Сохраните планировку для сравнения и откройте проект в каталоге, чтобы посмотреть состав документации и актуальную стоимость.",https://catalog-plans.ru/catalog/46-09CAGL?utm_source=pinterest&utm_medium=organic&utm_campaign=generated_raw_visual_plans_one_storey_batch_67&utm_content=pin_12846_46-09CAGL_plans&utm_term=proekty-domov-s-planirovkami,,"одноэтажные дома с планировкой, проект дома 46-09CAGL, дом 361,15 м², 1 этаж, планировка дома, планы этажей, готовый проект дома, газобетон, catalog-plans.ru"
"Двухэтажные дома с планировкой: проект №58-66K, 231,4 м²",https://raw.githubusercontent.com/nemchenik/test/890e420372c454ec1d75b0a087aa53c228efd1b2/pinterest/generated_batch_68_raw_visual_plans_two_storey/58-66K.jpg,Двухэтажные дома с планировкой,,"Двухэтажные дома с планировкой — готовый проект №58-66K площадью 231,4 м². Характеристики: 2 этажа, габариты 12.73×19.26 м, материал стен — кирпич. На изображении показаны оригинальная визуализация дома и реальные планы этажей. Сохраните планировку для сравнения и откройте проект в каталоге, чтобы посмотреть состав документации и актуальную стоимость.",https://catalog-plans.ru/catalog/58-66K?utm_source=pinterest&utm_medium=organic&utm_campaign=generated_raw_visual_plans_two_storey_batch_68&utm_content=pin_13046_58-66K_plans&utm_term=proekty-domov-s-planirovkami,,"двухэтажные дома с планировкой, проект дома 58-66K, дом 231,4 м², 2 этажа, планировка дома, планы этажей, готовый проект дома, кирпич, catalog-plans.ru"
"Одноэтажные дома с планировкой: проект №65-51, 160,34 м²",https://raw.githubusercontent.com/nemchenik/test/890e420372c454ec1d75b0a087aa53c228efd1b2/pinterest/generated_batch_67_raw_visual_plans_one_storey/65-51.jpg,Одноэтажные дома с планировкой,,"Одноэтажные дома с планировкой — готовый проект №65-51 площадью 160,34 м². Характеристики: 1 этаж, габариты 14.2×22.55 м, материал стен — газобетон. На изображении показаны оригинальная визуализация дома и реальные планы этажей. Сохраните планировку для сравнения и откройте проект в каталоге, чтобы посмотреть состав документации и актуальную стоимость.",https://catalog-plans.ru/catalog/65-51?utm_source=pinterest&utm_medium=organic&utm_campaign=generated_raw_visual_plans_one_storey_batch_67&utm_content=pin_12847_65-51_plans&utm_term=proekty-domov-s-planirovkami,,"одноэтажные дома с планировкой, проект дома 65-51, дом 160,34 м², 1 этаж, планировка дома, планы этажей, готовый проект дома, газобетон, catalog-plans.ru"
"Двухэтажные дома с планировкой: проект №35-76, 171,9 м²",https://raw.githubusercontent.com/nemchenik/test/890e420372c454ec1d75b0a087aa53c228efd1b2/pinterest/generated_batch_68_raw_visual_plans_two_storey/35-76.jpg,Двухэтажные дома с планировкой,,"Двухэтажные дома с планировкой — готовый проект №35-76 площадью 171,9 м². Характеристики: 2 этажа, габариты 15.54×15.94 м, материал стен — газобетон. На изображении показаны оригинальная визуализация дома и реальные планы этажей. Сохраните планировку для сравнения и откройте проект в каталоге, чтобы посмотреть состав документации и актуальную стоимость.",https://catalog-plans.ru/catalog/35-76?utm_source=pinterest&utm_medium=organic&utm_campaign=generated_raw_visual_plans_two_storey_batch_68&utm_content=pin_13047_35-76_plans&utm_term=proekty-domov-s-planirovkami,,"двухэтажные дома с планировкой, проект дома 35-76, дом 171,9 м², 2 этажа, планировка дома, планы этажей, готовый проект дома, газобетон, catalog-plans.ru"
"Одноэтажные дома с планировкой: проект №65-51DK2, 171,63 м²",https://raw.githubusercontent.com/nemchenik/test/890e420372c454ec1d75b0a087aa53c228efd1b2/pinterest/generated_batch_67_raw_visual_plans_one_storey/65-51DK2.jpg,Одноэтажные дома с планировкой,,"Одноэтажные дома с планировкой — готовый проект №65-51DK2 площадью 171,63 м². Характеристики: 1 этаж, габариты 14.18×22.53 м, материал стен — кирпич. На изображении показаны оригинальная визуализация дома и реальные планы этажей. Сохраните планировку для сравнения и откройте проект в каталоге, чтобы посмотреть состав документации и актуальную стоимость.",https://catalog-plans.ru/catalog/65-51DK2?utm_source=pinterest&utm_medium=organic&utm_campaign=generated_raw_visual_plans_one_storey_batch_67&utm_content=pin_12848_65-51DK2_plans&utm_term=proekty-domov-s-planirovkami,,"одноэтажные дома с планировкой, проект дома 65-51DK2, дом 171,63 м², 1 этаж, планировка дома, планы этажей, готовый проект дома, кирпич, catalog-plans.ru"
"Двухэтажные дома с планировкой: проект №47-57, 311,15 м²",https://raw.githubusercontent.com/nemchenik/test/890e420372c454ec1d75b0a087aa53c228efd1b2/pinterest/generated_batch_68_raw_visual_plans_two_storey/47-57.jpg,Двухэтажные дома с планировкой,,"Двухэтажные дома с планировкой — готовый проект №47-57 площадью 311,15 м². Характеристики: 2 этажа, габариты 6×6 м, материал стен — кирпич. На изображении показаны оригинальная визуализация дома и реальные планы этажей. Сохраните планировку для сравнения и откройте проект в каталоге, чтобы посмотреть состав документации и актуальную стоимость.",https://catalog-plans.ru/catalog/47-57?utm_source=pinterest&utm_medium=organic&utm_campaign=generated_raw_visual_plans_two_storey_batch_68&utm_content=pin_13048_47-57_plans&utm_term=proekty-domov-s-planirovkami,,"двухэтажные дома с планировкой, проект дома 47-57, дом 311,15 м², 2 этажа, планировка дома, планы этажей, готовый проект дома, кирпич, catalog-plans.ru"
"Одноэтажные дома с планировкой: проект №58-84BTL, 157,25 м²",https://raw.githubusercontent.com/nemchenik/test/890e420372c454ec1d75b0a087aa53c228efd1b2/pinterest/generated_batch_67_raw_visual_plans_one_storey/58-84BTL.jpg,Одноэтажные дома с планировкой,,"Одноэтажные дома с планировкой — готовый проект №58-84BTL площадью 157,25 м². Характеристики: 1 этаж, габариты 12.3×16.8 м, материал стен — газобетон. На изображении показаны оригинальная визуализация дома и реальные планы этажей. Сохраните планировку для сравнения и откройте проект в каталоге, чтобы посмотреть состав документации и актуальную стоимость.",https://catalog-plans.ru/catalog/58-84BTL?utm_source=pinterest&utm_medium=organic&utm_campaign=generated_raw_visual_plans_one_storey_batch_67&utm_content=pin_12849_58-84BTL_plans&utm_term=proekty-domov-s-planirovkami,,"одноэтажные дома с планировкой, проект дома 58-84BTL, дом 157,25 м², 1 этаж, планировка дома, планы этажей, готовый проект дома, газобетон, catalog-plans.ru"
"Двухэтажные дома с планировкой: проект №72-00, 241,25 м²",https://raw.githubusercontent.com/nemchenik/test/890e420372c454ec1d75b0a087aa53c228efd1b2/pinterest/generated_batch_68_raw_visual_plans_two_storey/72-00.jpg,Двухэтажные дома с планировкой,,"Двухэтажные дома с планировкой — готовый проект №72-00 площадью 241,25 м². Характеристики: 2 этажа, габариты 15.5×17.71 м, материал стен — газобетон. На изображении показаны оригинальная визуализация дома и реальные планы этажей. Сохраните планировку для сравнения и откройте проект в каталоге, чтобы посмотреть состав документации и актуальную стоимость.",https://catalog-plans.ru/catalog/72-00?utm_source=pinterest&utm_medium=organic&utm_campaign=generated_raw_visual_plans_two_storey_batch_68&utm_content=pin_13049_72-00_plans&utm_term=proekty-domov-s-planirovkami,,"двухэтажные дома с планировкой, проект дома 72-00, дом 241,25 м², 2 этажа, планировка дома, планы этажей, готовый проект дома, газобетон, catalog-plans.ru"
"Одноэтажные дома с планировкой: проект №63-96A, 104,47 м²",https://raw.githubusercontent.com/nemchenik/test/890e420372c454ec1d75b0a087aa53c228efd1b2/pinterest/generated_batch_67_raw_visual_plans_one_storey/63-96A.jpg,Одноэтажные дома с планировкой,,"Одноэтажные дома с планировкой — готовый проект №63-96A площадью 104,47 м². Характеристики: 1 этаж, габариты 10.77×11.97 м, материал стен — газобетон. На изображении показаны оригинальная визуализация дома и реальные планы этажей. Сохраните планировку для сравнения и откройте проект в каталоге, чтобы посмотреть состав документации и актуальную стоимость.",https://catalog-plans.ru/catalog/63-96A?utm_source=pinterest&utm_medium=organic&utm_campaign=generated_raw_visual_plans_one_storey_batch_67&utm_content=pin_12850_63-96A_plans&utm_term=proekty-domov-s-planirovkami,,"одноэтажные дома с планировкой, проект дома 63-96A, дом 104,47 м², 1 этаж, планировка дома, планы этажей, готовый проект дома, газобетон, catalog-plans.ru"
"Двухэтажные дома с планировкой: проект №57-73, 215,67 м²",https://raw.githubusercontent.com/nemchenik/test/890e420372c454ec1d75b0a087aa53c228efd1b2/pinterest/generated_batch_68_raw_visual_plans_two_storey/57-73.jpg,Двухэтажные дома с планировкой,,"Двухэтажные дома с планировкой — готовый проект №57-73 площадью 215,67 м². Характеристики: 2 этажа, габариты 8.4×11.8 м, материал стен — газобетон. На изображении показаны оригинальная визуализация дома и реальные планы этажей. Сохраните планировку для сравнения и откройте проект в каталоге, чтобы посмотреть состав документации и актуальную стоимость.",https://catalog-plans.ru/catalog/57-73?utm_source=pinterest&utm_medium=organic&utm_campaign=generated_raw_visual_plans_two_storey_batch_68&utm_content=pin_13050_57-73_plans&utm_term=proekty-domov-s-planirovkami,,"двухэтажные дома с планировкой, проект дома 57-73, дом 215,67 м², 2 этажа, планировка дома, планы этажей, готовый проект дома, газобетон, catalog-plans.ru"
"Одноэтажные дома с планировкой: проект №58-70B, 167,98 м²",https://raw.githubusercontent.com/nemchenik/test/890e420372c454ec1d75b0a087aa53c228efd1b2/pinterest/generated_batch_67_raw_visual_plans_one_storey/58-70B.jpg,Одноэтажные дома с планировкой,,"Одноэтажные дома с планировкой — готовый проект №58-70B площадью 167,98 м². Характеристики: 1 этаж, габариты 12.5×14.2 м, материал стен — газобетон. На изображении показаны оригинальная визуализация дома и реальные планы этажей. Сохраните планировку для сравнения и откройте проект в каталоге, чтобы посмотреть состав документации и актуальную стоимость.",https://catalog-plans.ru/catalog/58-70B?utm_source=pinterest&utm_medium=organic&utm_campaign=generated_raw_visual_plans_one_storey_batch_67&utm_content=pin_12851_58-70B_plans&utm_term=proekty-domov-s-planirovkami,,"одноэтажные дома с планировкой, проект дома 58-70B, дом 167,98 м², 1 этаж, планировка дома, планы этажей, готовый проект дома, газобетон, catalog-plans.ru"
"Двухэтажные дома с планировкой: проект №45-64NHBFGL, 320,94 м²",https://raw.githubusercontent.com/nemchenik/test/890e420372c454ec1d75b0a087aa53c228efd1b2/pinterest/generated_batch_68_raw_visual_plans_two_storey/45-64NHBFGL.jpg,Двухэтажные дома с планировкой,,"Двухэтажные дома с планировкой — готовый проект №45-64NHBFGL площадью 320,94 м². Характеристики: 2 этажа, габариты 16.6×17.14 м, материал стен — газобетон. На изображении показаны оригинальная визуализация дома и реальные планы этажей. Сохраните планировку для сравнения и откройте проект в каталоге, чтобы посмотреть состав документации и актуальную стоимость.",https://catalog-plans.ru/catalog/45-64NHBFGL?utm_source=pinterest&utm_medium=organic&utm_campaign=generated_raw_visual_plans_two_storey_batch_68&utm_content=pin_13051_45-64NHBFGL_plans&utm_term=proekty-domov-s-planirovkami,,"двухэтажные дома с планировкой, проект дома 45-64NHBFGL, дом 320,94 м², 2 этажа, планировка дома, планы этажей, готовый проект дома, газобетон, catalog-plans.ru"
"Одноэтажные дома с планировкой: проект №58-89K1L, 84,18 м²",https://raw.githubusercontent.com/nemchenik/test/890e420372c454ec1d75b0a087aa53c228efd1b2/pinterest/generated_batch_67_raw_visual_plans_one_storey/58-89K1L.jpg,Одноэтажные дома с планировкой,,"Одноэтажные дома с планировкой — готовый проект №58-89K1L площадью 84,18 м². Характеристики: 1 этаж, габариты 8.66×13.01 м, материал стен — кирпич. На изображении показаны оригинальная визуализация дома и реальные планы этажей. Сохраните планировку для сравнения и откройте проект в каталоге, чтобы посмотреть состав документации и актуальную стоимость.",https://catalog-plans.ru/catalog/58-89K1L?utm_source=pinterest&utm_medium=organic&utm_campaign=generated_raw_visual_plans_one_storey_batch_67&utm_content=pin_12852_58-89K1L_plans&utm_term=proekty-domov-s-planirovkami,,"одноэтажные дома с планировкой, проект дома 58-89K1L, дом 84,18 м², 1 этаж, планировка дома, планы этажей, готовый проект дома, кирпич, catalog-plans.ru"
"Двухэтажные дома с планировкой: проект №46-80L, 332,74 м²",https://raw.githubusercontent.com/nemchenik/test/890e420372c454ec1d75b0a087aa53c228efd1b2/pinterest/generated_batch_68_raw_visual_plans_two_storey/46-80L.jpg,Двухэтажные дома с планировкой,,"Двухэтажные дома с планировкой — готовый проект №46-80L площадью 332,74 м². Характеристики: 2 этажа, габариты 18.78×26.06 м, материал стен — керамзитобетон. На изображении показаны оригинальная визуализация дома и реальные планы этажей. Сохраните планировку для сравнения и откройте проект в каталоге, чтобы посмотреть состав документации и актуальную стоимость.",https://catalog-plans.ru/catalog/46-80L?utm_source=pinterest&utm_medium=organic&utm_campaign=generated_raw_visual_plans_two_storey_batch_68&utm_content=pin_13052_46-80L_plans&utm_term=proekty-domov-s-planirovkami,,"двухэтажные дома с планировкой, проект дома 46-80L, дом 332,74 м², 2 этажа, планировка дома, планы этажей, готовый проект дома, керамзитобетон, catalog-plans.ru"
"Одноэтажные дома с планировкой: проект №58-70WZ, 117,17 м²",https://raw.githubusercontent.com/nemchenik/test/890e420372c454ec1d75b0a087aa53c228efd1b2/pinterest/generated_batch_67_raw_visual_plans_one_storey/58-70WZ.jpg,Одноэтажные дома с планировкой,,"Одноэтажные дома с планировкой — готовый проект №58-70WZ площадью 117,17 м². Характеристики: 1 этаж, габариты 11.9×13.9 м, материал стен — газобетон. На изображении показаны оригинальная визуализация дома и реальные планы этажей. Сохраните планировку для сравнения и откройте проект в каталоге, чтобы посмотреть состав документации и актуальную стоимость.",https://catalog-plans.ru/catalog/58-70WZ?utm_source=pinterest&utm_medium=organic&utm_campaign=generated_raw_visual_plans_one_storey_batch_67&utm_content=pin_12853_58-70WZ_plans&utm_term=proekty-domov-s-planirovkami,,"одноэтажные дома с планировкой, проект дома 58-70WZ, дом 117,17 м², 1 этаж, планировка дома, планы этажей, готовый проект дома, газобетон, catalog-plans.ru"
"Двухэтажные дома с планировкой: проект №90-94BAK1, 114,78 м²",https://raw.githubusercontent.com/nemchenik/test/890e420372c454ec1d75b0a087aa53c228efd1b2/pinterest/generated_batch_68_raw_visual_plans_two_storey/90-94BAK1.jpg,Двухэтажные дома с планировкой,,"Двухэтажные дома с планировкой — готовый проект №90-94BAK1 площадью 114,78 м². Характеристики: 2 этажа, габариты 11.81×12.66 м, материал стен — кирпич. На изображении показаны оригинальная визуализация дома и реальные планы этажей. Сохраните планировку для сравнения и откройте проект в каталоге, чтобы посмотреть состав документации и актуальную стоимость.",https://catalog-plans.ru/catalog/90-94BAK1?utm_source=pinterest&utm_medium=organic&utm_campaign=generated_raw_visual_plans_two_storey_batch_68&utm_content=pin_13053_90-94BAK1_plans&utm_term=proekty-domov-s-planirovkami,,"двухэтажные дома с планировкой, проект дома 90-94BAK1, дом 114,78 м², 2 этажа, планировка дома, планы этажей, готовый проект дома, кирпич, catalog-plans.ru"
"Одноэтажные дома с планировкой: проект №90-94B, 113,97 м²",https://raw.githubusercontent.com/nemchenik/test/890e420372c454ec1d75b0a087aa53c228efd1b2/pinterest/generated_batch_67_raw_visual_plans_one_storey/90-94B.jpg,Одноэтажные дома с планировкой,,"Одноэтажные дома с планировкой — готовый проект №90-94B площадью 113,97 м². Характеристики: 1 этаж, габариты 12.8×11.95 м, материал стен — газобетон. На изображении показаны оригинальная визуализация дома и реальные планы этажей. Сохраните планировку для сравнения и откройте проект в каталоге, чтобы посмотреть состав документации и актуальную стоимость.",https://catalog-plans.ru/catalog/90-94B?utm_source=pinterest&utm_medium=organic&utm_campaign=generated_raw_visual_plans_one_storey_batch_67&utm_content=pin_12854_90-94B_plans&utm_term=proekty-domov-s-planirovkami,,"одноэтажные дома с планировкой, проект дома 90-94B, дом 113,97 м², 1 этаж, планировка дома, планы этажей, готовый проект дома, газобетон, catalog-plans.ru"
"Двухэтажные дома с планировкой: проект №62-71BT, 178,51 м²",https://raw.githubusercontent.com/nemchenik/test/890e420372c454ec1d75b0a087aa53c228efd1b2/pinterest/generated_batch_68_raw_visual_plans_two_storey/62-71BT.jpg,Двухэтажные дома с планировкой,,"Двухэтажные дома с планировкой — готовый проект №62-71BT площадью 178,51 м². Характеристики: 2 этажа, габариты 11.06×11.06 м, материал стен — газобетон. На изображении показаны оригинальная визуализация дома и реальные планы этажей. Сохраните планировку для сравнения и откройте проект в каталоге, чтобы посмотреть состав документации и актуальную стоимость.",https://catalog-plans.ru/catalog/62-71BT?utm_source=pinterest&utm_medium=organic&utm_campaign=generated_raw_visual_plans_two_storey_batch_68&utm_content=pin_13054_62-71BT_plans&utm_term=proekty-domov-s-planirovkami,,"двухэтажные дома с планировкой, проект дома 62-71BT, дом 178,51 м², 2 этажа, планировка дома, планы этажей, готовый проект дома, газобетон, catalog-plans.ru"
"Одноэтажные дома с планировкой: проект №69-09, 209,5 м²",https://raw.githubusercontent.com/nemchenik/test/890e420372c454ec1d75b0a087aa53c228efd1b2/pinterest/generated_batch_67_raw_visual_plans_one_storey/69-09.jpg,Одноэтажные дома с планировкой,,"Одноэтажные дома с планировкой — готовый проект №69-09 площадью 209,5 м². Характеристики: 1 этаж, габариты 13×18.3 м, материал стен — газобетон. На изображении показаны оригинальная визуализация дома и реальные планы этажей. Сохраните планировку для сравнения и откройте проект в каталоге, чтобы посмотреть состав документации и актуальную стоимость.",https://catalog-plans.ru/catalog/69-09?utm_source=pinterest&utm_medium=organic&utm_campaign=generated_raw_visual_plans_one_storey_batch_67&utm_content=pin_12855_69-09_plans&utm_term=proekty-domov-s-planirovkami,,"одноэтажные дома с планировкой, проект дома 69-09, дом 209,5 м², 1 этаж, планировка дома, планы этажей, готовый проект дома, газобетон, catalog-plans.ru"
"Двухэтажные дома с планировкой: проект №64-57C, 155,15 м²",https://raw.githubusercontent.com/nemchenik/test/890e420372c454ec1d75b0a087aa53c228efd1b2/pinterest/generated_batch_68_raw_visual_plans_two_storey/64-57C.jpg,Двухэтажные дома с планировкой,,"Двухэтажные дома с планировкой — готовый проект №64-57C площадью 155,15 м². Характеристики: 2 этажа, габариты 7×11 м, материал стен — газобетон. На изображении показаны оригинальная визуализация дома и реальные планы этажей. Сохраните планировку для сравнения и откройте проект в каталоге, чтобы посмотреть состав документации и актуальную стоимость.",https://catalog-plans.ru/catalog/64-57C?utm_source=pinterest&utm_medium=organic&utm_campaign=generated_raw_visual_plans_two_storey_batch_68&utm_content=pin_13055_64-57C_plans&utm_term=proekty-domov-s-planirovkami,,"двухэтажные дома с планировкой, проект дома 64-57C, дом 155,15 м², 2 этажа, планировка дома, планы этажей, готовый проект дома, газобетон, catalog-plans.ru"
"Одноэтажные дома с планировкой: проект №47-43, 103,9 м²",https://raw.githubusercontent.com/nemchenik/test/890e420372c454ec1d75b0a087aa53c228efd1b2/pinterest/generated_batch_67_raw_visual_plans_one_storey/47-43.jpg,Одноэтажные дома с планировкой,,"Одноэтажные дома с планировкой — готовый проект №47-43 площадью 103,9 м². Характеристики: 1 этаж, габариты 10.86×12.96 м, материал стен — кирпич. На изображении показаны оригинальная визуализация дома и реальные планы этажей. Сохраните планировку для сравнения и откройте проект в каталоге, чтобы посмотреть состав документации и актуальную стоимость.",https://catalog-plans.ru/catalog/47-43?utm_source=pinterest&utm_medium=organic&utm_campaign=generated_raw_visual_plans_one_storey_batch_67&utm_content=pin_12856_47-43_plans&utm_term=proekty-domov-s-planirovkami,,"одноэтажные дома с планировкой, проект дома 47-43, дом 103,9 м², 1 этаж, планировка дома, планы этажей, готовый проект дома, кирпич, catalog-plans.ru"
"Двухэтажные дома с планировкой: проект №59-79BABL, 180,08 м²",https://raw.githubusercontent.com/nemchenik/test/890e420372c454ec1d75b0a087aa53c228efd1b2/pinterest/generated_batch_68_raw_visual_plans_two_storey/59-79BABL.jpg,Двухэтажные дома с планировкой,,"Двухэтажные дома с планировкой — готовый проект №59-79BABL площадью 180,08 м². Характеристики: 2 этажа, габариты 10.01×14.7 м, материал стен — газобетон. На изображении показаны оригинальная визуализация дома и реальные планы этажей. Сохраните планировку для сравнения и откройте проект в каталоге, чтобы посмотреть состав документации и актуальную стоимость.",https://catalog-plans.ru/catalog/59-79BABL?utm_source=pinterest&utm_medium=organic&utm_campaign=generated_raw_visual_plans_two_storey_batch_68&utm_content=pin_13056_59-79BABL_plans&utm_term=proekty-domov-s-planirovkami,,"двухэтажные дома с планировкой, проект дома 59-79BABL, дом 180,08 м², 2 этажа, планировка дома, планы этажей, готовый проект дома, газобетон, catalog-plans.ru"
"Одноэтажные дома с планировкой: проект №68-27, 127,72 м²",https://raw.githubusercontent.com/nemchenik/test/890e420372c454ec1d75b0a087aa53c228efd1b2/pinterest/generated_batch_67_raw_visual_plans_one_storey/68-27.jpg,Одноэтажные дома с планировкой,,"Одноэтажные дома с планировкой — готовый проект №68-27 площадью 127,72 м². Характеристики: 1 этаж, габариты 13.72×16.38 м, материал стен — газобетон. На изображении показаны оригинальная визуализация дома и реальные планы этажей. Сохраните планировку для сравнения и откройте проект в каталоге, чтобы посмотреть состав документации и актуальную стоимость.",https://catalog-plans.ru/catalog/68-27?utm_source=pinterest&utm_medium=organic&utm_campaign=generated_raw_visual_plans_one_storey_batch_67&utm_content=pin_12857_68-27_plans&utm_term=proekty-domov-s-planirovkami,,"одноэтажные дома с планировкой, проект дома 68-27, дом 127,72 м², 1 этаж, планировка дома, планы этажей, готовый проект дома, газобетон, catalog-plans.ru"
"Двухэтажные дома с планировкой: проект №58-10AW, 268,88 м²",https://raw.githubusercontent.com/nemchenik/test/890e420372c454ec1d75b0a087aa53c228efd1b2/pinterest/generated_batch_68_raw_visual_plans_two_storey/58-10AW.jpg,Двухэтажные дома с планировкой,,"Двухэтажные дома с планировкой — готовый проект №58-10AW площадью 268,88 м². Характеристики: 2 этажа, габариты 13.86×22 м, материал стен — газобетон. На изображении показаны оригинальная визуализация дома и реальные планы этажей. Сохраните планировку для сравнения и откройте проект в каталоге, чтобы посмотреть состав документации и актуальную стоимость.",https://catalog-plans.ru/catalog/58-10AW?utm_source=pinterest&utm_medium=organic&utm_campaign=generated_raw_visual_plans_two_storey_batch_68&utm_content=pin_13057_58-10AW_plans&utm_term=proekty-domov-s-planirovkami,,"двухэтажные дома с планировкой, проект дома 58-10AW, дом 268,88 м², 2 этажа, планировка дома, планы этажей, готовый проект дома, газобетон, catalog-plans.ru"
"Одноэтажные дома с планировкой: проект №62-43FKL, 144,08 м²",https://raw.githubusercontent.com/nemchenik/test/890e420372c454ec1d75b0a087aa53c228efd1b2/pinterest/generated_batch_67_raw_visual_plans_one_storey/62-43FKL.jpg,Одноэтажные дома с планировкой,,"Одноэтажные дома с планировкой — готовый проект №62-43FKL площадью 144,08 м². Характеристики: 1 этаж, габариты 12×15.92 м, материал стен — кирпич. На изображении показаны оригинальная визуализация дома и реальные планы этажей. Сохраните планировку для сравнения и откройте проект в каталоге, чтобы посмотреть состав документации и актуальную стоимость.",https://catalog-plans.ru/catalog/62-43FKL?utm_source=pinterest&utm_medium=organic&utm_campaign=generated_raw_visual_plans_one_storey_batch_67&utm_content=pin_12858_62-43FKL_plans&utm_term=proekty-domov-s-planirovkami,,"одноэтажные дома с планировкой, проект дома 62-43FKL, дом 144,08 м², 1 этаж, планировка дома, планы этажей, готовый проект дома, кирпич, catalog-plans.ru"
"Двухэтажные дома с планировкой: проект №90-77, 144,37 м²",https://raw.githubusercontent.com/nemchenik/test/890e420372c454ec1d75b0a087aa53c228efd1b2/pinterest/generated_batch_68_raw_visual_plans_two_storey/90-77.jpg,Двухэтажные дома с планировкой,,"Двухэтажные дома с планировкой — готовый проект №90-77 площадью 144,37 м². Характеристики: 2 этажа, габариты 9.2×13.25 м, материал стен — монолитный каркас. На изображении показаны оригинальная визуализация дома и реальные планы этажей. Сохраните планировку для сравнения и откройте проект в каталоге, чтобы посмотреть состав документации и актуальную стоимость.",https://catalog-plans.ru/catalog/90-77?utm_source=pinterest&utm_medium=organic&utm_campaign=generated_raw_visual_plans_two_storey_batch_68&utm_content=pin_13058_90-77_plans&utm_term=proekty-domov-s-planirovkami,,"двухэтажные дома с планировкой, проект дома 90-77, дом 144,37 м², 2 этажа, планировка дома, планы этажей, готовый проект дома, монолитный каркас, catalog-plans.ru"
"Одноэтажные дома с планировкой: проект №64-48AG3, 183,83 м²",https://raw.githubusercontent.com/nemchenik/test/890e420372c454ec1d75b0a087aa53c228efd1b2/pinterest/generated_batch_67_raw_visual_plans_one_storey/64-48AG3.jpg,Одноэтажные дома с планировкой,,"Одноэтажные дома с планировкой — готовый проект №64-48AG3 площадью 183,83 м². Характеристики: 1 этаж, габариты 22.6×16.45 м, материал стен — газобетон. На изображении показаны оригинальная визуализация дома и реальные планы этажей. Сохраните планировку для сравнения и откройте проект в каталоге, чтобы посмотреть состав документации и актуальную стоимость.",https://catalog-plans.ru/catalog/64-48AG3?utm_source=pinterest&utm_medium=organic&utm_campaign=generated_raw_visual_plans_one_storey_batch_67&utm_content=pin_12859_64-48AG3_plans&utm_term=proekty-domov-s-planirovkami,,"одноэтажные дома с планировкой, проект дома 64-48AG3, дом 183,83 м², 1 этаж, планировка дома, планы этажей, готовый проект дома, газобетон, catalog-plans.ru"
"Двухэтажные дома с планировкой: проект №32-43, 115,1 м²",https://raw.githubusercontent.com/nemchenik/test/890e420372c454ec1d75b0a087aa53c228efd1b2/pinterest/generated_batch_68_raw_visual_plans_two_storey/32-43.jpg,Двухэтажные дома с планировкой,,"Двухэтажные дома с планировкой — готовый проект №32-43 площадью 115,1 м². Характеристики: 2 этажа, габариты 9.3×10.3 м, материал стен — кирпич. На изображении показаны оригинальная визуализация дома и реальные планы этажей. Сохраните планировку для сравнения и откройте проект в каталоге, чтобы посмотреть состав документации и актуальную стоимость.",https://catalog-plans.ru/catalog/32-43?utm_source=pinterest&utm_medium=organic&utm_campaign=generated_raw_visual_plans_two_storey_batch_68&utm_content=pin_13059_32-43_plans&utm_term=proekty-domov-s-planirovkami,,"двухэтажные дома с планировкой, проект дома 32-43, дом 115,1 м², 2 этажа, планировка дома, планы этажей, готовый проект дома, кирпич, catalog-plans.ru"
"Одноэтажные дома с планировкой: проект №58-97, 127,47 м²",https://raw.githubusercontent.com/nemchenik/test/890e420372c454ec1d75b0a087aa53c228efd1b2/pinterest/generated_batch_67_raw_visual_plans_one_storey/58-97.jpg,Одноэтажные дома с планировкой,,"Одноэтажные дома с планировкой — готовый проект №58-97 площадью 127,47 м². Характеристики: 1 этаж, габариты 13.5×14.58 м, материал стен — газобетон. На изображении показаны оригинальная визуализация дома и реальные планы этажей. Сохраните планировку для сравнения и откройте проект в каталоге, чтобы посмотреть состав документации и актуальную стоимость.",https://catalog-plans.ru/catalog/58-97?utm_source=pinterest&utm_medium=organic&utm_campaign=generated_raw_visual_plans_one_storey_batch_67&utm_content=pin_12860_58-97_plans&utm_term=proekty-domov-s-planirovkami,,"одноэтажные дома с планировкой, проект дома 58-97, дом 127,47 м², 1 этаж, планировка дома, планы этажей, готовый проект дома, газобетон, catalog-plans.ru"
"Двухэтажные дома с планировкой: проект №46-36DAG, 222,37 м²",https://raw.githubusercontent.com/nemchenik/test/890e420372c454ec1d75b0a087aa53c228efd1b2/pinterest/generated_batch_68_raw_visual_plans_two_storey/46-36DAG.jpg,Двухэтажные дома с планировкой,,"Двухэтажные дома с планировкой — готовый проект №46-36DAG площадью 222,37 м². Характеристики: 2 этажа, габариты 11.66×15.875 м, материал стен — газобетон. На изображении показаны оригинальная визуализация дома и реальные планы этажей. Сохраните планировку для сравнения и откройте проект в каталоге, чтобы посмотреть состав документации и актуальную стоимость.",https://catalog-plans.ru/catalog/46-36DAG?utm_source=pinterest&utm_medium=organic&utm_campaign=generated_raw_visual_plans_two_storey_batch_68&utm_content=pin_13060_46-36DAG_plans&utm_term=proekty-domov-s-planirovkami,,"двухэтажные дома с планировкой, проект дома 46-36DAG, дом 222,37 м², 2 этажа, планировка дома, планы этажей, готовый проект дома, газобетон, catalog-plans.ru"
"Одноэтажные дома с планировкой: проект №62-64, 134,51 м²",https://raw.githubusercontent.com/nemchenik/test/890e420372c454ec1d75b0a087aa53c228efd1b2/pinterest/generated_batch_67_raw_visual_plans_one_storey/62-64.jpg,Одноэтажные дома с планировкой,,"Одноэтажные дома с планировкой — готовый проект №62-64 площадью 134,51 м². Характеристики: 1 этаж, габариты 17.2×18.2 м, материал стен — газобетон. На изображении показаны оригинальная визуализация дома и реальные планы этажей. Сохраните планировку для сравнения и откройте проект в каталоге, чтобы посмотреть состав документации и актуальную стоимость.",https://catalog-plans.ru/catalog/62-64?utm_source=pinterest&utm_medium=organic&utm_campaign=generated_raw_visual_plans_one_storey_batch_67&utm_content=pin_12861_62-64_plans&utm_term=proekty-domov-s-planirovkami,,"одноэтажные дома с планировкой, проект дома 62-64, дом 134,51 м², 1 этаж, планировка дома, планы этажей, готовый проект дома, газобетон, catalog-plans.ru"
"Двухэтажные дома с планировкой: проект №46-18CG2, 570,84 м²",https://raw.githubusercontent.com/nemchenik/test/890e420372c454ec1d75b0a087aa53c228efd1b2/pinterest/generated_batch_68_raw_visual_plans_two_storey/46-18CG2.jpg,Двухэтажные дома с планировкой,,"Двухэтажные дома с планировкой — готовый проект №46-18CG2 площадью 570,84 м². Характеристики: 2 этажа, габариты 13.84×18.14 м, материал стен — газобетон. На изображении показаны оригинальная визуализация дома и реальные планы этажей. Сохраните планировку для сравнения и откройте проект в каталоге, чтобы посмотреть состав документации и актуальную стоимость.",https://catalog-plans.ru/catalog/46-18CG2?utm_source=pinterest&utm_medium=organic&utm_campaign=generated_raw_visual_plans_two_storey_batch_68&utm_content=pin_13061_46-18CG2_plans&utm_term=proekty-domov-s-planirovkami,,"двухэтажные дома с планировкой, проект дома 46-18CG2, дом 570,84 м², 2 этажа, планировка дома, планы этажей, готовый проект дома, газобетон, catalog-plans.ru"
"Одноэтажные дома с планировкой: проект №62-78FD, 292,52 м²",https://raw.githubusercontent.com/nemchenik/test/890e420372c454ec1d75b0a087aa53c228efd1b2/pinterest/generated_batch_67_raw_visual_plans_one_storey/62-78FD.jpg,Одноэтажные дома с планировкой,,"Одноэтажные дома с планировкой — готовый проект №62-78FD площадью 292,52 м². Характеристики: 1 этаж, габариты 22.31×27.665 м, материал стен — газобетон. На изображении показаны оригинальная визуализация дома и реальные планы этажей. Сохраните планировку для сравнения и откройте проект в каталоге, чтобы посмотреть состав документации и актуальную стоимость.",https://catalog-plans.ru/catalog/62-78FD?utm_source=pinterest&utm_medium=organic&utm_campaign=generated_raw_visual_plans_one_storey_batch_67&utm_content=pin_12862_62-78FD_plans&utm_term=proekty-domov-s-planirovkami,,"одноэтажные дома с планировкой, проект дома 62-78FD, дом 292,52 м², 1 этаж, планировка дома, планы этажей, готовый проект дома, газобетон, catalog-plans.ru"
"Двухэтажные дома с планировкой: проект №63-02L, 490,22 м²",https://raw.githubusercontent.com/nemchenik/test/890e420372c454ec1d75b0a087aa53c228efd1b2/pinterest/generated_batch_68_raw_visual_plans_two_storey/63-02L.jpg,Двухэтажные дома с планировкой,,"Двухэтажные дома с планировкой — готовый проект №63-02L площадью 490,22 м². Характеристики: 2 этажа, габариты 15.5×23.05 м, материал стен — газобетон. На изображении показаны оригинальная визуализация дома и реальные планы этажей. Сохраните планировку для сравнения и откройте проект в каталоге, чтобы посмотреть состав документации и актуальную стоимость.",https://catalog-plans.ru/catalog/63-02L?utm_source=pinterest&utm_medium=organic&utm_campaign=generated_raw_visual_plans_two_storey_batch_68&utm_content=pin_13062_63-02L_plans&utm_term=proekty-domov-s-planirovkami,,"двухэтажные дома с планировкой, проект дома 63-02L, дом 490,22 м², 2 этажа, планировка дома, планы этажей, готовый проект дома, газобетон, catalog-plans.ru"
"Одноэтажные дома с планировкой: проект №67-08, 113,7 м²",https://raw.githubusercontent.com/nemchenik/test/890e420372c454ec1d75b0a087aa53c228efd1b2/pinterest/generated_batch_67_raw_visual_plans_one_storey/67-08.jpg,Одноэтажные дома с планировкой,,"Одноэтажные дома с планировкой — готовый проект №67-08 площадью 113,7 м². Характеристики: 1 этаж, габариты 8.16×18.95 м, материал стен — газобетон. На изображении показаны оригинальная визуализация дома и реальные планы этажей. Сохраните планировку для сравнения и откройте проект в каталоге, чтобы посмотреть состав документации и актуальную стоимость.",https://catalog-plans.ru/catalog/67-08?utm_source=pinterest&utm_medium=organic&utm_campaign=generated_raw_visual_plans_one_storey_batch_67&utm_content=pin_12863_67-08_plans&utm_term=proekty-domov-s-planirovkami,,"одноэтажные дома с планировкой, проект дома 67-08, дом 113,7 м², 1 этаж, планировка дома, планы этажей, готовый проект дома, газобетон, catalog-plans.ru"
"Двухэтажные дома с планировкой: проект №59-30, 170,09 м²",https://raw.githubusercontent.com/nemchenik/test/890e420372c454ec1d75b0a087aa53c228efd1b2/pinterest/generated_batch_68_raw_visual_plans_two_storey/59-30.jpg,Двухэтажные дома с планировкой,,"Двухэтажные дома с планировкой — готовый проект №59-30 площадью 170,09 м². Характеристики: 2 этажа, габариты 8.3×12.3 м, материал стен — газобетон. На изображении показаны оригинальная визуализация дома и реальные планы этажей. Сохраните планировку для сравнения и откройте проект в каталоге, чтобы посмотреть состав документации и актуальную стоимость.",https://catalog-plans.ru/catalog/59-30?utm_source=pinterest&utm_medium=organic&utm_campaign=generated_raw_visual_plans_two_storey_batch_68&utm_content=pin_13063_59-30_plans&utm_term=proekty-domov-s-planirovkami,,"двухэтажные дома с планировкой, проект дома 59-30, дом 170,09 м², 2 этажа, планировка дома, планы этажей, готовый проект дома, газобетон, catalog-plans.ru"
"Одноэтажные дома с планировкой: проект №64-50, 113,83 м²",https://raw.githubusercontent.com/nemchenik/test/890e420372c454ec1d75b0a087aa53c228efd1b2/pinterest/generated_batch_67_raw_visual_plans_one_storey/64-50.jpg,Одноэтажные дома с планировкой,,"Одноэтажные дома с планировкой — готовый проект №64-50 площадью 113,83 м². Характеристики: 1 этаж, габариты 15.4×13.7 м, материал стен — газобетон. На изображении показаны оригинальная визуализация дома и реальные планы этажей. Сохраните планировку для сравнения и откройте проект в каталоге, чтобы посмотреть состав документации и актуальную стоимость.",https://catalog-plans.ru/catalog/64-50?utm_source=pinterest&utm_medium=organic&utm_campaign=generated_raw_visual_plans_one_storey_batch_67&utm_content=pin_12864_64-50_plans&utm_term=proekty-domov-s-planirovkami,,"одноэтажные дома с планировкой, проект дома 64-50, дом 113,83 м², 1 этаж, планировка дома, планы этажей, готовый проект дома, газобетон, catalog-plans.ru"
"Двухэтажные дома с планировкой: проект №50-05, 296,2 м²",https://raw.githubusercontent.com/nemchenik/test/890e420372c454ec1d75b0a087aa53c228efd1b2/pinterest/generated_batch_68_raw_visual_plans_two_storey/50-05.jpg,Двухэтажные дома с планировкой,,"Двухэтажные дома с планировкой — готовый проект №50-05 площадью 296,2 м². Характеристики: 2 этажа, габариты 12.2×15.55 м, материал стен — бетонные камни 390мм. На изображении показаны оригинальная визуализация дома и реальные планы этажей. Сохраните планировку для сравнения и откройте проект в каталоге, чтобы посмотреть состав документации и актуальную стоимость.",https://catalog-plans.ru/catalog/50-05?utm_source=pinterest&utm_medium=organic&utm_campaign=generated_raw_visual_plans_two_storey_batch_68&utm_content=pin_13064_50-05_plans&utm_term=proekty-domov-s-planirovkami,,"двухэтажные дома с планировкой, проект дома 50-05, дом 296,2 м², 2 этажа, планировка дома, планы этажей, готовый проект дома, бетонные камни 390мм, catalog-plans.ru"
"Одноэтажные дома с планировкой: проект №62-64AB, 175,41 м²",https://raw.githubusercontent.com/nemchenik/test/890e420372c454ec1d75b0a087aa53c228efd1b2/pinterest/generated_batch_67_raw_visual_plans_one_storey/62-64AB.jpg,Одноэтажные дома с планировкой,,"Одноэтажные дома с планировкой — готовый проект №62-64AB площадью 175,41 м². Характеристики: 1 этаж, габариты 11.8×23.1 м, материал стен — газобетон. На изображении показаны оригинальная визуализация дома и реальные планы этажей. Сохраните планировку для сравнения и откройте проект в каталоге, чтобы посмотреть состав документации и актуальную стоимость.",https://catalog-plans.ru/catalog/62-64AB?utm_source=pinterest&utm_medium=organic&utm_campaign=generated_raw_visual_plans_one_storey_batch_67&utm_content=pin_12865_62-64AB_plans&utm_term=proekty-domov-s-planirovkami,,"одноэтажные дома с планировкой, проект дома 62-64AB, дом 175,41 м², 1 этаж, планировка дома, планы этажей, готовый проект дома, газобетон, catalog-plans.ru"
"Двухэтажные дома с планировкой: проект №46-31, 291,26 м²",https://raw.githubusercontent.com/nemchenik/test/890e420372c454ec1d75b0a087aa53c228efd1b2/pinterest/generated_batch_68_raw_visual_plans_two_storey/46-31.jpg,Двухэтажные дома с планировкой,,"Двухэтажные дома с планировкой — готовый проект №46-31 площадью 291,26 м². Характеристики: 2 этажа, габариты 17.92×18.8 м, материал стен — монолит. На изображении показаны оригинальная визуализация дома и реальные планы этажей. Сохраните планировку для сравнения и откройте проект в каталоге, чтобы посмотреть состав документации и актуальную стоимость.",https://catalog-plans.ru/catalog/46-31?utm_source=pinterest&utm_medium=organic&utm_campaign=generated_raw_visual_plans_two_storey_batch_68&utm_content=pin_13065_46-31_plans&utm_term=proekty-domov-s-planirovkami,,"двухэтажные дома с планировкой, проект дома 46-31, дом 291,26 м², 2 этажа, планировка дома, планы этажей, готовый проект дома, монолит, catalog-plans.ru"
"Одноэтажные дома с планировкой: проект №46-09AFK1L, 161,56 м²",https://raw.githubusercontent.com/nemchenik/test/890e420372c454ec1d75b0a087aa53c228efd1b2/pinterest/generated_batch_67_raw_visual_plans_one_storey/46-09AFK1L.jpg,Одноэтажные дома с планировкой,,"Одноэтажные дома с планировкой — готовый проект №46-09AFK1L площадью 161,56 м². Характеристики: 1 этаж, габариты 14.55×18.48 м, материал стен — кирпич. На изображении показаны оригинальная визуализация дома и реальные планы этажей. Сохраните планировку для сравнения и откройте проект в каталоге, чтобы посмотреть состав документации и актуальную стоимость.",https://catalog-plans.ru/catalog/46-09AFK1L?utm_source=pinterest&utm_medium=organic&utm_campaign=generated_raw_visual_plans_one_storey_batch_67&utm_content=pin_12866_46-09AFK1L_plans&utm_term=proekty-domov-s-planirovkami,,"одноэтажные дома с планировкой, проект дома 46-09AFK1L, дом 161,56 м², 1 этаж, планировка дома, планы этажей, готовый проект дома, кирпич, catalog-plans.ru"
"Двухэтажные дома с планировкой: проект №40-12HG, 188,92 м²",https://raw.githubusercontent.com/nemchenik/test/890e420372c454ec1d75b0a087aa53c228efd1b2/pinterest/generated_batch_68_raw_visual_plans_two_storey/40-12HG.jpg,Двухэтажные дома с планировкой,,"Двухэтажные дома с планировкой — готовый проект №40-12HG площадью 188,92 м². Характеристики: 2 этажа, габариты 12.3×13.98 м, материал стен — газобетон. На изображении показаны оригинальная визуализация дома и реальные планы этажей. Сохраните планировку для сравнения и откройте проект в каталоге, чтобы посмотреть состав документации и актуальную стоимость.",https://catalog-plans.ru/catalog/40-12HG?utm_source=pinterest&utm_medium=organic&utm_campaign=generated_raw_visual_plans_two_storey_batch_68&utm_content=pin_13066_40-12HG_plans&utm_term=proekty-domov-s-planirovkami,,"двухэтажные дома с планировкой, проект дома 40-12HG, дом 188,92 м², 2 этажа, планировка дома, планы этажей, готовый проект дома, газобетон, catalog-plans.ru"
"Одноэтажные дома с планировкой: проект №62-01, 118,09 м²",https://raw.githubusercontent.com/nemchenik/test/890e420372c454ec1d75b0a087aa53c228efd1b2/pinterest/generated_batch_67_raw_visual_plans_one_storey/62-01.jpg,Одноэтажные дома с планировкой,,"Одноэтажные дома с планировкой — готовый проект №62-01 площадью 118,09 м². Характеристики: 1 этаж, габариты 9.2×16.7 м, материал стен — газобетон. На изображении показаны оригинальная визуализация дома и реальные планы этажей. Сохраните планировку для сравнения и откройте проект в каталоге, чтобы посмотреть состав документации и актуальную стоимость.",https://catalog-plans.ru/catalog/62-01?utm_source=pinterest&utm_medium=organic&utm_campaign=generated_raw_visual_plans_one_storey_batch_67&utm_content=pin_12867_62-01_plans&utm_term=proekty-domov-s-planirovkami,,"одноэтажные дома с планировкой, проект дома 62-01, дом 118,09 м², 1 этаж, планировка дома, планы этажей, готовый проект дома, газобетон, catalog-plans.ru"
"Двухэтажные дома с планировкой: проект №33-23, 146,3 м²",https://raw.githubusercontent.com/nemchenik/test/890e420372c454ec1d75b0a087aa53c228efd1b2/pinterest/generated_batch_68_raw_visual_plans_two_storey/33-23.jpg,Двухэтажные дома с планировкой,,"Двухэтажные дома с планировкой — готовый проект №33-23 площадью 146,3 м². Характеристики: 2 этажа, габариты 10.9×16.2 м, материал стен — кирпич. На изображении показаны оригинальная визуализация дома и реальные планы этажей. Сохраните планировку для сравнения и откройте проект в каталоге, чтобы посмотреть состав документации и актуальную стоимость.",https://catalog-plans.ru/catalog/33-23?utm_source=pinterest&utm_medium=organic&utm_campaign=generated_raw_visual_plans_two_storey_batch_68&utm_content=pin_13067_33-23_plans&utm_term=proekty-domov-s-planirovkami,,"двухэтажные дома с планировкой, проект дома 33-23, дом 146,3 м², 2 этажа, планировка дома, планы этажей, готовый проект дома, кирпич, catalog-plans.ru"
"Одноэтажные дома с планировкой: проект №15-09, 116,4 м²",https://raw.githubusercontent.com/nemchenik/test/890e420372c454ec1d75b0a087aa53c228efd1b2/pinterest/generated_batch_67_raw_visual_plans_one_storey/15-09.jpg,Одноэтажные дома с планировкой,,"Одноэтажные дома с планировкой — готовый проект №15-09 площадью 116,4 м². Характеристики: 1 этаж, габариты 11.9×11.9 м, материал стен — дерево. На изображении показаны оригинальная визуализация дома и реальные планы этажей. Сохраните планировку для сравнения и откройте проект в каталоге, чтобы посмотреть состав документации и актуальную стоимость.",https://catalog-plans.ru/catalog/15-09?utm_source=pinterest&utm_medium=organic&utm_campaign=generated_raw_visual_plans_one_storey_batch_67&utm_content=pin_12868_15-09_plans&utm_term=proekty-domov-s-planirovkami,,"одноэтажные дома с планировкой, проект дома 15-09, дом 116,4 м², 1 этаж, планировка дома, планы этажей, готовый проект дома, дерево, catalog-plans.ru"
"Двухэтажные дома с планировкой: проект №52-21, 221,1 м²",https://raw.githubusercontent.com/nemchenik/test/890e420372c454ec1d75b0a087aa53c228efd1b2/pinterest/generated_batch_68_raw_visual_plans_two_storey/52-21.jpg,Двухэтажные дома с планировкой,,"Двухэтажные дома с планировкой — готовый проект №52-21 площадью 221,1 м². Характеристики: 2 этажа, габариты 13.1×16.3 м, материал стен — газобетон. На изображении показаны оригинальная визуализация дома и реальные планы этажей. Сохраните планировку для сравнения и откройте проект в каталоге, чтобы посмотреть состав документации и актуальную стоимость.",https://catalog-plans.ru/catalog/52-21?utm_source=pinterest&utm_medium=organic&utm_campaign=generated_raw_visual_plans_two_storey_batch_68&utm_content=pin_13068_52-21_plans&utm_term=proekty-domov-s-planirovkami,,"двухэтажные дома с планировкой, проект дома 52-21, дом 221,1 м², 2 этажа, планировка дома, планы этажей, готовый проект дома, газобетон, catalog-plans.ru"
"Одноэтажные дома с планировкой: проект №75-08, 218 м²",https://raw.githubusercontent.com/nemchenik/test/890e420372c454ec1d75b0a087aa53c228efd1b2/pinterest/generated_batch_67_raw_visual_plans_one_storey/75-08.jpg,Одноэтажные дома с планировкой,,"Одноэтажные дома с планировкой — готовый проект №75-08 площадью 218 м². Характеристики: 1 этаж, габариты 18.8×20.46 м, материал стен — керамзитобетон. На изображении показаны оригинальная визуализация дома и реальные планы этажей. Сохраните планировку для сравнения и откройте проект в каталоге, чтобы посмотреть состав документации и актуальную стоимость.",https://catalog-plans.ru/catalog/75-08?utm_source=pinterest&utm_medium=organic&utm_campaign=generated_raw_visual_plans_one_storey_batch_67&utm_content=pin_12869_75-08_plans&utm_term=proekty-domov-s-planirovkami,,"одноэтажные дома с планировкой, проект дома 75-08, дом 218 м², 1 этаж, планировка дома, планы этажей, готовый проект дома, керамзитобетон, catalog-plans.ru"
"Двухэтажные дома с планировкой: проект №59-97TA, 157,48 м²",https://raw.githubusercontent.com/nemchenik/test/890e420372c454ec1d75b0a087aa53c228efd1b2/pinterest/generated_batch_68_raw_visual_plans_two_storey/59-97TA.jpg,Двухэтажные дома с планировкой,,"Двухэтажные дома с планировкой — готовый проект №59-97TA площадью 157,48 м². Характеристики: 2 этажа, габариты 10.4×11.5 м, материал стен — газобетон. На изображении показаны оригинальная визуализация дома и реальные планы этажей. Сохраните планировку для сравнения и откройте проект в каталоге, чтобы посмотреть состав документации и актуальную стоимость.",https://catalog-plans.ru/catalog/59-97TA?utm_source=pinterest&utm_medium=organic&utm_campaign=generated_raw_visual_plans_two_storey_batch_68&utm_content=pin_13069_59-97TA_plans&utm_term=proekty-domov-s-planirovkami,,"двухэтажные дома с планировкой, проект дома 59-97TA, дом 157,48 м², 2 этажа, планировка дома, планы этажей, готовый проект дома, газобетон, catalog-plans.ru"
"Одноэтажные дома с планировкой: проект №62-13AK, 366,01 м²",https://raw.githubusercontent.com/nemchenik/test/890e420372c454ec1d75b0a087aa53c228efd1b2/pinterest/generated_batch_67_raw_visual_plans_one_storey/62-13AK.jpg,Одноэтажные дома с планировкой,,"Одноэтажные дома с планировкой — готовый проект №62-13AK площадью 366,01 м². Характеристики: 1 этаж, габариты 21.65×26.4 м, материал стен — кирпич. На изображении показаны оригинальная визуализация дома и реальные планы этажей. Сохраните планировку для сравнения и откройте проект в каталоге, чтобы посмотреть состав документации и актуальную стоимость.",https://catalog-plans.ru/catalog/62-13AK?utm_source=pinterest&utm_medium=organic&utm_campaign=generated_raw_visual_plans_one_storey_batch_67&utm_content=pin_12870_62-13AK_plans&utm_term=proekty-domov-s-planirovkami,,"одноэтажные дома с планировкой, проект дома 62-13AK, дом 366,01 м², 1 этаж, планировка дома, планы этажей, готовый проект дома, кирпич, catalog-plans.ru"
"Двухэтажные дома с планировкой: проект №58-79EL, 139,43 м²",https://raw.githubusercontent.com/nemchenik/test/890e420372c454ec1d75b0a087aa53c228efd1b2/pinterest/generated_batch_68_raw_visual_plans_two_storey/58-79EL.jpg,Двухэтажные дома с планировкой,,"Двухэтажные дома с планировкой — готовый проект №58-79EL площадью 139,43 м². Характеристики: 2 этажа, габариты 9.56×11.81 м, материал стен — газобетон. На изображении показаны оригинальная визуализация дома и реальные планы этажей. Сохраните планировку для сравнения и откройте проект в каталоге, чтобы посмотреть состав документации и актуальную стоимость.",https://catalog-plans.ru/catalog/58-79EL?utm_source=pinterest&utm_medium=organic&utm_campaign=generated_raw_visual_plans_two_storey_batch_68&utm_content=pin_13070_58-79EL_plans&utm_term=proekty-domov-s-planirovkami,,"двухэтажные дома с планировкой, проект дома 58-79EL, дом 139,43 м², 2 этажа, планировка дома, планы этажей, готовый проект дома, газобетон, catalog-plans.ru"
"Одноэтажные дома с планировкой: проект №45-08, 246,34 м²",https://raw.githubusercontent.com/nemchenik/test/890e420372c454ec1d75b0a087aa53c228efd1b2/pinterest/generated_batch_67_raw_visual_plans_one_storey/45-08.jpg,Одноэтажные дома с планировкой,,"Одноэтажные дома с планировкой — готовый проект №45-08 площадью 246,34 м². Характеристики: 1 этаж, габариты 17.15×24.38 м, материал стен — кирпич. На изображении показаны оригинальная визуализация дома и реальные планы этажей. Сохраните планировку для сравнения и откройте проект в каталоге, чтобы посмотреть состав документации и актуальную стоимость.",https://catalog-plans.ru/catalog/45-08?utm_source=pinterest&utm_medium=organic&utm_campaign=generated_raw_visual_plans_one_storey_batch_67&utm_content=pin_12871_45-08_plans&utm_term=proekty-domov-s-planirovkami,,"одноэтажные дома с планировкой, проект дома 45-08, дом 246,34 м², 1 этаж, планировка дома, планы этажей, готовый проект дома, кирпич, catalog-plans.ru"
"Двухэтажные дома с планировкой: проект №65-25, 246,89 м²",https://raw.githubusercontent.com/nemchenik/test/890e420372c454ec1d75b0a087aa53c228efd1b2/pinterest/generated_batch_68_raw_visual_plans_two_storey/65-25.jpg,Двухэтажные дома с планировкой,,"Двухэтажные дома с планировкой — готовый проект №65-25 площадью 246,89 м². Характеристики: 2 этажа, габариты 14.64×15.94 м, материал стен — газобетон. На изображении показаны оригинальная визуализация дома и реальные планы этажей. Сохраните планировку для сравнения и откройте проект в каталоге, чтобы посмотреть состав документации и актуальную стоимость.",https://catalog-plans.ru/catalog/65-25?utm_source=pinterest&utm_medium=organic&utm_campaign=generated_raw_visual_plans_two_storey_batch_68&utm_content=pin_13071_65-25_plans&utm_term=proekty-domov-s-planirovkami,,"двухэтажные дома с планировкой, проект дома 65-25, дом 246,89 м², 2 этажа, планировка дома, планы этажей, готовый проект дома, газобетон, catalog-plans.ru"
"Одноэтажные дома с планировкой: проект №64-23L, 242,11 м²",https://raw.githubusercontent.com/nemchenik/test/890e420372c454ec1d75b0a087aa53c228efd1b2/pinterest/generated_batch_67_raw_visual_plans_one_storey/64-23L.jpg,Одноэтажные дома с планировкой,,"Одноэтажные дома с планировкой — готовый проект №64-23L площадью 242,11 м². Характеристики: 1 этаж, габариты 19×20.7 м, материал стен — монолитный каркас. На изображении показаны оригинальная визуализация дома и реальные планы этажей. Сохраните планировку для сравнения и откройте проект в каталоге, чтобы посмотреть состав документации и актуальную стоимость.",https://catalog-plans.ru/catalog/64-23L?utm_source=pinterest&utm_medium=organic&utm_campaign=generated_raw_visual_plans_one_storey_batch_67&utm_content=pin_12872_64-23L_plans&utm_term=proekty-domov-s-planirovkami,,"одноэтажные дома с планировкой, проект дома 64-23L, дом 242,11 м², 1 этаж, планировка дома, планы этажей, готовый проект дома, монолитный каркас, catalog-plans.ru"
"Двухэтажные дома с планировкой: проект №57-56L, 302,2 м²",https://raw.githubusercontent.com/nemchenik/test/890e420372c454ec1d75b0a087aa53c228efd1b2/pinterest/generated_batch_68_raw_visual_plans_two_storey/57-56L.jpg,Двухэтажные дома с планировкой,,"Двухэтажные дома с планировкой — готовый проект №57-56L площадью 302,2 м². Характеристики: 2 этажа, габариты 15.52×15.82 м, материал стен — газобетон. На изображении показаны оригинальная визуализация дома и реальные планы этажей. Сохраните планировку для сравнения и откройте проект в каталоге, чтобы посмотреть состав документации и актуальную стоимость.",https://catalog-plans.ru/catalog/57-56L?utm_source=pinterest&utm_medium=organic&utm_campaign=generated_raw_visual_plans_two_storey_batch_68&utm_content=pin_13072_57-56L_plans&utm_term=proekty-domov-s-planirovkami,,"двухэтажные дома с планировкой, проект дома 57-56L, дом 302,2 м², 2 этажа, планировка дома, планы этажей, готовый проект дома, газобетон, catalog-plans.ru"
"Одноэтажные дома с планировкой: проект №46-09FBK1L, 367,11 м²",https://raw.githubusercontent.com/nemchenik/test/890e420372c454ec1d75b0a087aa53c228efd1b2/pinterest/generated_batch_67_raw_visual_plans_one_storey/46-09FBK1L.jpg,Одноэтажные дома с планировкой,,"Одноэтажные дома с планировкой — готовый проект №46-09FBK1L площадью 367,11 м². Характеристики: 1 этаж, габариты 28.56×41.27 м, материал стен — кирпич. На изображении показаны оригинальная визуализация дома и реальные планы этажей. Сохраните планировку для сравнения и откройте проект в каталоге, чтобы посмотреть состав документации и актуальную стоимость.",https://catalog-plans.ru/catalog/46-09FBK1L?utm_source=pinterest&utm_medium=organic&utm_campaign=generated_raw_visual_plans_one_storey_batch_67&utm_content=pin_12873_46-09FBK1L_plans&utm_term=proekty-domov-s-planirovkami,,"одноэтажные дома с планировкой, проект дома 46-09FBK1L, дом 367,11 м², 1 этаж, планировка дома, планы этажей, готовый проект дома, кирпич, catalog-plans.ru"
"Двухэтажные дома с планировкой: проект №40-05HAGL, 203,81 м²",https://raw.githubusercontent.com/nemchenik/test/890e420372c454ec1d75b0a087aa53c228efd1b2/pinterest/generated_batch_68_raw_visual_plans_two_storey/40-05HAGL.jpg,Двухэтажные дома с планировкой,,"Двухэтажные дома с планировкой — готовый проект №40-05HAGL площадью 203,81 м². Характеристики: 2 этажа, габариты 13.05×17.34 м, материал стен — газобетон. На изображении показаны оригинальная визуализация дома и реальные планы этажей. Сохраните планировку для сравнения и откройте проект в каталоге, чтобы посмотреть состав документации и актуальную стоимость.",https://catalog-plans.ru/catalog/40-05HAGL?utm_source=pinterest&utm_medium=organic&utm_campaign=generated_raw_visual_plans_two_storey_batch_68&utm_content=pin_13073_40-05HAGL_plans&utm_term=proekty-domov-s-planirovkami,,"двухэтажные дома с планировкой, проект дома 40-05HAGL, дом 203,81 м², 2 этажа, планировка дома, планы этажей, готовый проект дома, газобетон, catalog-plans.ru"
"Одноэтажные дома с планировкой: проект №62-30DL, 165,16 м²",https://raw.githubusercontent.com/nemchenik/test/890e420372c454ec1d75b0a087aa53c228efd1b2/pinterest/generated_batch_67_raw_visual_plans_one_storey/62-30DL.jpg,Одноэтажные дома с планировкой,,"Одноэтажные дома с планировкой — готовый проект №62-30DL площадью 165,16 м². Характеристики: 1 этаж, габариты 14.8×18.3 м, материал стен — газобетон. На изображении показаны оригинальная визуализация дома и реальные планы этажей. Сохраните планировку для сравнения и откройте проект в каталоге, чтобы посмотреть состав документации и актуальную стоимость.",https://catalog-plans.ru/catalog/62-30DL?utm_source=pinterest&utm_medium=organic&utm_campaign=generated_raw_visual_plans_one_storey_batch_67&utm_content=pin_12874_62-30DL_plans&utm_term=proekty-domov-s-planirovkami,,"одноэтажные дома с планировкой, проект дома 62-30DL, дом 165,16 м², 1 этаж, планировка дома, планы этажей, готовый проект дома, газобетон, catalog-plans.ru"
"Двухэтажные дома с планировкой: проект №64-45A, 190,06 м²",https://raw.githubusercontent.com/nemchenik/test/890e420372c454ec1d75b0a087aa53c228efd1b2/pinterest/generated_batch_68_raw_visual_plans_two_storey/64-45A.jpg,Двухэтажные дома с планировкой,,"Двухэтажные дома с планировкой — готовый проект №64-45A площадью 190,06 м². Характеристики: 2 этажа, габариты 10.5×13.6 м, материал стен — газобетон. На изображении показаны оригинальная визуализация дома и реальные планы этажей. Сохраните планировку для сравнения и откройте проект в каталоге, чтобы посмотреть состав документации и актуальную стоимость.",https://catalog-plans.ru/catalog/64-45A?utm_source=pinterest&utm_medium=organic&utm_campaign=generated_raw_visual_plans_two_storey_batch_68&utm_content=pin_13074_64-45A_plans&utm_term=proekty-domov-s-planirovkami,,"двухэтажные дома с планировкой, проект дома 64-45A, дом 190,06 м², 2 этажа, планировка дома, планы этажей, готовый проект дома, газобетон, catalog-plans.ru"
"Одноэтажные дома с планировкой: проект №64-68, 190,14 м²",https://raw.githubusercontent.com/nemchenik/test/890e420372c454ec1d75b0a087aa53c228efd1b2/pinterest/generated_batch_67_raw_visual_plans_one_storey/64-68.jpg,Одноэтажные дома с планировкой,,"Одноэтажные дома с планировкой — готовый проект №64-68 площадью 190,14 м². Характеристики: 1 этаж, габариты 11.85×22.7 м, материал стен — монолитный каркас. На изображении показаны оригинальная визуализация дома и реальные планы этажей. Сохраните планировку для сравнения и откройте проект в каталоге, чтобы посмотреть состав документации и актуальную стоимость.",https://catalog-plans.ru/catalog/64-68?utm_source=pinterest&utm_medium=organic&utm_campaign=generated_raw_visual_plans_one_storey_batch_67&utm_content=pin_12875_64-68_plans&utm_term=proekty-domov-s-planirovkami,,"одноэтажные дома с планировкой, проект дома 64-68, дом 190,14 м², 1 этаж, планировка дома, планы этажей, готовый проект дома, монолитный каркас, catalog-plans.ru"
"Двухэтажные дома с планировкой: проект №58-21B, 160,66 м²",https://raw.githubusercontent.com/nemchenik/test/890e420372c454ec1d75b0a087aa53c228efd1b2/pinterest/generated_batch_68_raw_visual_plans_two_storey/58-21B.jpg,Двухэтажные дома с планировкой,,"Двухэтажные дома с планировкой — готовый проект №58-21B площадью 160,66 м². Характеристики: 2 этажа, габариты 11.06×11.46 м, материал стен — газобетон. На изображении показаны оригинальная визуализация дома и реальные планы этажей. Сохраните планировку для сравнения и откройте проект в каталоге, чтобы посмотреть состав документации и актуальную стоимость.",https://catalog-plans.ru/catalog/58-21B?utm_source=pinterest&utm_medium=organic&utm_campaign=generated_raw_visual_plans_two_storey_batch_68&utm_content=pin_13075_58-21B_plans&utm_term=proekty-domov-s-planirovkami,,"двухэтажные дома с планировкой, проект дома 58-21B, дом 160,66 м², 2 этажа, планировка дома, планы этажей, готовый проект дома, газобетон, catalog-plans.ru"
"Одноэтажные дома с планировкой: проект №45-08TX, 240,34 м²",https://raw.githubusercontent.com/nemchenik/test/890e420372c454ec1d75b0a087aa53c228efd1b2/pinterest/generated_batch_67_raw_visual_plans_one_storey/45-08TX.jpg,Одноэтажные дома с планировкой,,"Одноэтажные дома с планировкой — готовый проект №45-08TX площадью 240,34 м². Характеристики: 1 этаж, габариты 15.4×23.8 м, материал стен — деревянный каркас. На изображении показаны оригинальная визуализация дома и реальные планы этажей. Сохраните планировку для сравнения и откройте проект в каталоге, чтобы посмотреть состав документации и актуальную стоимость.",https://catalog-plans.ru/catalog/45-08TX?utm_source=pinterest&utm_medium=organic&utm_campaign=generated_raw_visual_plans_one_storey_batch_67&utm_content=pin_12876_45-08TX_plans&utm_term=proekty-domov-s-planirovkami,,"одноэтажные дома с планировкой, проект дома 45-08TX, дом 240,34 м², 1 этаж, планировка дома, планы этажей, готовый проект дома, деревянный каркас, catalog-plans.ru"
"Двухэтажные дома с планировкой: проект №59-24E, 234,6 м²",https://raw.githubusercontent.com/nemchenik/test/890e420372c454ec1d75b0a087aa53c228efd1b2/pinterest/generated_batch_68_raw_visual_plans_two_storey/59-24E.jpg,Двухэтажные дома с планировкой,,"Двухэтажные дома с планировкой — готовый проект №59-24E площадью 234,6 м². Характеристики: 2 этажа, габариты 13.76×20.87 м, материал стен — газобетон. На изображении показаны оригинальная визуализация дома и реальные планы этажей. Сохраните планировку для сравнения и откройте проект в каталоге, чтобы посмотреть состав документации и актуальную стоимость.",https://catalog-plans.ru/catalog/59-24E?utm_source=pinterest&utm_medium=organic&utm_campaign=generated_raw_visual_plans_two_storey_batch_68&utm_content=pin_13076_59-24E_plans&utm_term=proekty-domov-s-planirovkami,,"двухэтажные дома с планировкой, проект дома 59-24E, дом 234,6 м², 2 этажа, планировка дома, планы этажей, готовый проект дома, газобетон, catalog-plans.ru"
"Одноэтажные дома с планировкой: проект №57-24, 165,9 м²",https://raw.githubusercontent.com/nemchenik/test/890e420372c454ec1d75b0a087aa53c228efd1b2/pinterest/generated_batch_67_raw_visual_plans_one_storey/57-24.jpg,Одноэтажные дома с планировкой,,"Одноэтажные дома с планировкой — готовый проект №57-24 площадью 165,9 м². Характеристики: 1 этаж, габариты 15.6×18.6 м, материал стен — газобетон. На изображении показаны оригинальная визуализация дома и реальные планы этажей. Сохраните планировку для сравнения и откройте проект в каталоге, чтобы посмотреть состав документации и актуальную стоимость.",https://catalog-plans.ru/catalog/57-24?utm_source=pinterest&utm_medium=organic&utm_campaign=generated_raw_visual_plans_one_storey_batch_67&utm_content=pin_12877_57-24_plans&utm_term=proekty-domov-s-planirovkami,,"одноэтажные дома с планировкой, проект дома 57-24, дом 165,9 м², 1 этаж, планировка дома, планы этажей, готовый проект дома, газобетон, catalog-plans.ru"
"Двухэтажные дома с планировкой: проект №57-52K, 171,1 м²",https://raw.githubusercontent.com/nemchenik/test/890e420372c454ec1d75b0a087aa53c228efd1b2/pinterest/generated_batch_68_raw_visual_plans_two_storey/57-52K.jpg,Двухэтажные дома с планировкой,,"Двухэтажные дома с планировкой — готовый проект №57-52K площадью 171,1 м². Характеристики: 2 этажа, габариты 9.4×13.6 м, материал стен — газобетон. На изображении показаны оригинальная визуализация дома и реальные планы этажей. Сохраните планировку для сравнения и откройте проект в каталоге, чтобы посмотреть состав документации и актуальную стоимость.",https://catalog-plans.ru/catalog/57-52K?utm_source=pinterest&utm_medium=organic&utm_campaign=generated_raw_visual_plans_two_storey_batch_68&utm_content=pin_13077_57-52K_plans&utm_term=proekty-domov-s-planirovkami,,"двухэтажные дома с планировкой, проект дома 57-52K, дом 171,1 м², 2 этажа, планировка дома, планы этажей, готовый проект дома, газобетон, catalog-plans.ru"
"Одноэтажные дома с планировкой: проект №62-30BL, 184,99 м²",https://raw.githubusercontent.com/nemchenik/test/890e420372c454ec1d75b0a087aa53c228efd1b2/pinterest/generated_batch_67_raw_visual_plans_one_storey/62-30BL.jpg,Одноэтажные дома с планировкой,,"Одноэтажные дома с планировкой — готовый проект №62-30BL площадью 184,99 м². Характеристики: 1 этаж, габариты 17.5×18.4 м, материал стен — газобетон. На изображении показаны оригинальная визуализация дома и реальные планы этажей. Сохраните планировку для сравнения и откройте проект в каталоге, чтобы посмотреть состав документации и актуальную стоимость.",https://catalog-plans.ru/catalog/62-30BL?utm_source=pinterest&utm_medium=organic&utm_campaign=generated_raw_visual_plans_one_storey_batch_67&utm_content=pin_12878_62-30BL_plans&utm_term=proekty-domov-s-planirovkami,,"одноэтажные дома с планировкой, проект дома 62-30BL, дом 184,99 м², 1 этаж, планировка дома, планы этажей, готовый проект дома, газобетон, catalog-plans.ru"
"Двухэтажные дома с планировкой: проект №57-10L, 194,4 м²",https://raw.githubusercontent.com/nemchenik/test/890e420372c454ec1d75b0a087aa53c228efd1b2/pinterest/generated_batch_68_raw_visual_plans_two_storey/57-10L.jpg,Двухэтажные дома с планировкой,,"Двухэтажные дома с планировкой — готовый проект №57-10L площадью 194,4 м². Характеристики: 2 этажа, габариты 10.3×19.55 м, материал стен — газобетон. На изображении показаны оригинальная визуализация дома и реальные планы этажей. Сохраните планировку для сравнения и откройте проект в каталоге, чтобы посмотреть состав документации и актуальную стоимость.",https://catalog-plans.ru/catalog/57-10L?utm_source=pinterest&utm_medium=organic&utm_campaign=generated_raw_visual_plans_two_storey_batch_68&utm_content=pin_13078_57-10L_plans&utm_term=proekty-domov-s-planirovkami,,"двухэтажные дома с планировкой, проект дома 57-10L, дом 194,4 м², 2 этажа, планировка дома, планы этажей, готовый проект дома, газобетон, catalog-plans.ru"
"Одноэтажные дома с планировкой: проект №68-57, 106,25 м²",https://raw.githubusercontent.com/nemchenik/test/890e420372c454ec1d75b0a087aa53c228efd1b2/pinterest/generated_batch_67_raw_visual_plans_one_storey/68-57.jpg,Одноэтажные дома с планировкой,,"Одноэтажные дома с планировкой — готовый проект №68-57 площадью 106,25 м². Характеристики: 1 этаж, габариты 9.05×15.3 м, материал стен — газобетон. На изображении показаны оригинальная визуализация дома и реальные планы этажей. Сохраните планировку для сравнения и откройте проект в каталоге, чтобы посмотреть состав документации и актуальную стоимость.",https://catalog-plans.ru/catalog/68-57?utm_source=pinterest&utm_medium=organic&utm_campaign=generated_raw_visual_plans_one_storey_batch_67&utm_content=pin_12879_68-57_plans&utm_term=proekty-domov-s-planirovkami,,"одноэтажные дома с планировкой, проект дома 68-57, дом 106,25 м², 1 этаж, планировка дома, планы этажей, готовый проект дома, газобетон, catalog-plans.ru"
"Двухэтажные дома с планировкой: проект №40-20G, 305,73 м²",https://raw.githubusercontent.com/nemchenik/test/890e420372c454ec1d75b0a087aa53c228efd1b2/pinterest/generated_batch_68_raw_visual_plans_two_storey/40-20G.jpg,Двухэтажные дома с планировкой,,"Двухэтажные дома с планировкой — готовый проект №40-20G площадью 305,73 м². Характеристики: 2 этажа, габариты 11.2×14.46 м, материал стен — газобетон. На изображении показаны оригинальная визуализация дома и реальные планы этажей. Сохраните планировку для сравнения и откройте проект в каталоге, чтобы посмотреть состав документации и актуальную стоимость.",https://catalog-plans.ru/catalog/40-20G?utm_source=pinterest&utm_medium=organic&utm_campaign=generated_raw_visual_plans_two_storey_batch_68&utm_content=pin_13079_40-20G_plans&utm_term=proekty-domov-s-planirovkami,,"двухэтажные дома с планировкой, проект дома 40-20G, дом 305,73 м², 2 этажа, планировка дома, планы этажей, готовый проект дома, газобетон, catalog-plans.ru"
"Одноэтажные дома с планировкой: проект №64-16B, 265,86 м²",https://raw.githubusercontent.com/nemchenik/test/890e420372c454ec1d75b0a087aa53c228efd1b2/pinterest/generated_batch_67_raw_visual_plans_one_storey/64-16B.jpg,Одноэтажные дома с планировкой,,"Одноэтажные дома с планировкой — готовый проект №64-16B площадью 265,86 м². Характеристики: 1 этаж, габариты 18.3×26 м, материал стен — газобетон. На изображении показаны оригинальная визуализация дома и реальные планы этажей. Сохраните планировку для сравнения и откройте проект в каталоге, чтобы посмотреть состав документации и актуальную стоимость.",https://catalog-plans.ru/catalog/64-16B?utm_source=pinterest&utm_medium=organic&utm_campaign=generated_raw_visual_plans_one_storey_batch_67&utm_content=pin_12880_64-16B_plans&utm_term=proekty-domov-s-planirovkami,,"одноэтажные дома с планировкой, проект дома 64-16B, дом 265,86 м², 1 этаж, планировка дома, планы этажей, готовый проект дома, газобетон, catalog-plans.ru"
"Двухэтажные дома с планировкой: проект №57-29L, 168,57 м²",https://raw.githubusercontent.com/nemchenik/test/890e420372c454ec1d75b0a087aa53c228efd1b2/pinterest/generated_batch_68_raw_visual_plans_two_storey/57-29L.jpg,Двухэтажные дома с планировкой,,"Двухэтажные дома с планировкой — готовый проект №57-29L площадью 168,57 м². Характеристики: 2 этажа, габариты 10.9×16.3 м, материал стен — газобетон. На изображении показаны оригинальная визуализация дома и реальные планы этажей. Сохраните планировку для сравнения и откройте проект в каталоге, чтобы посмотреть состав документации и актуальную стоимость.",https://catalog-plans.ru/catalog/57-29L?utm_source=pinterest&utm_medium=organic&utm_campaign=generated_raw_visual_plans_two_storey_batch_68&utm_content=pin_13080_57-29L_plans&utm_term=proekty-domov-s-planirovkami,,"двухэтажные дома с планировкой, проект дома 57-29L, дом 168,57 м², 2 этажа, планировка дома, планы этажей, готовый проект дома, газобетон, catalog-plans.ru"
"Одноэтажные дома с планировкой: проект №46-62, 101,37 м²",https://raw.githubusercontent.com/nemchenik/test/890e420372c454ec1d75b0a087aa53c228efd1b2/pinterest/generated_batch_67_raw_visual_plans_one_storey/46-62.jpg,Одноэтажные дома с планировкой,,"Одноэтажные дома с планировкой — готовый проект №46-62 площадью 101,37 м². Характеристики: 1 этаж, габариты 11.82×13.5 м, материал стен — кирпич. На изображении показаны оригинальная визуализация дома и реальные планы этажей. Сохраните планировку для сравнения и откройте проект в каталоге, чтобы посмотреть состав документации и актуальную стоимость.",https://catalog-plans.ru/catalog/46-62?utm_source=pinterest&utm_medium=organic&utm_campaign=generated_raw_visual_plans_one_storey_batch_67&utm_content=pin_12881_46-62_plans&utm_term=proekty-domov-s-planirovkami,,"одноэтажные дома с планировкой, проект дома 46-62, дом 101,37 м², 1 этаж, планировка дома, планы этажей, готовый проект дома, кирпич, catalog-plans.ru"
"Двухэтажные дома с планировкой: проект №63-90, 180,98 м²",https://raw.githubusercontent.com/nemchenik/test/890e420372c454ec1d75b0a087aa53c228efd1b2/pinterest/generated_batch_68_raw_visual_plans_two_storey/63-90.jpg,Двухэтажные дома с планировкой,,"Двухэтажные дома с планировкой — готовый проект №63-90 площадью 180,98 м². Характеристики: 2 этажа, габариты 10.28×14.92 м, материал стен — монолитный каркас. На изображении показаны оригинальная визуализация дома и реальные планы этажей. Сохраните планировку для сравнения и откройте проект в каталоге, чтобы посмотреть состав документации и актуальную стоимость.",https://catalog-plans.ru/catalog/63-90?utm_source=pinterest&utm_medium=organic&utm_campaign=generated_raw_visual_plans_two_storey_batch_68&utm_content=pin_13081_63-90_plans&utm_term=proekty-domov-s-planirovkami,,"двухэтажные дома с планировкой, проект дома 63-90, дом 180,98 м², 2 этажа, планировка дома, планы этажей, готовый проект дома, монолитный каркас, catalog-plans.ru"
"Одноэтажные дома с планировкой: проект №62-30AL, 184,54 м²",https://raw.githubusercontent.com/nemchenik/test/890e420372c454ec1d75b0a087aa53c228efd1b2/pinterest/generated_batch_67_raw_visual_plans_one_storey/62-30AL.jpg,Одноэтажные дома с планировкой,,"Одноэтажные дома с планировкой — готовый проект №62-30AL площадью 184,54 м². Характеристики: 1 этаж, габариты 17.5×18.4 м, материал стен — газобетон. На изображении показаны оригинальная визуализация дома и реальные планы этажей. Сохраните планировку для сравнения и откройте проект в каталоге, чтобы посмотреть состав документации и актуальную стоимость.",https://catalog-plans.ru/catalog/62-30AL?utm_source=pinterest&utm_medium=organic&utm_campaign=generated_raw_visual_plans_one_storey_batch_67&utm_content=pin_12882_62-30AL_plans&utm_term=proekty-domov-s-planirovkami,,"одноэтажные дома с планировкой, проект дома 62-30AL, дом 184,54 м², 1 этаж, планировка дома, планы этажей, готовый проект дома, газобетон, catalog-plans.ru"
"Двухэтажные дома с планировкой: проект №53-06, 221,8 м²",https://raw.githubusercontent.com/nemchenik/test/890e420372c454ec1d75b0a087aa53c228efd1b2/pinterest/generated_batch_68_raw_visual_plans_two_storey/53-06.jpg,Двухэтажные дома с планировкой,,"Двухэтажные дома с планировкой — готовый проект №53-06 площадью 221,8 м². Характеристики: 2 этажа, габариты 11.9×13.1 м, материал стен — газобетон. На изображении показаны оригинальная визуализация дома и реальные планы этажей. Сохраните планировку для сравнения и откройте проект в каталоге, чтобы посмотреть состав документации и актуальную стоимость.",https://catalog-plans.ru/catalog/53-06?utm_source=pinterest&utm_medium=organic&utm_campaign=generated_raw_visual_plans_two_storey_batch_68&utm_content=pin_13082_53-06_plans&utm_term=proekty-domov-s-planirovkami,,"двухэтажные дома с планировкой, проект дома 53-06, дом 221,8 м², 2 этажа, планировка дома, планы этажей, готовый проект дома, газобетон, catalog-plans.ru"
"Одноэтажные дома с планировкой: проект №34-96, 506,7 м²",https://raw.githubusercontent.com/nemchenik/test/890e420372c454ec1d75b0a087aa53c228efd1b2/pinterest/generated_batch_67_raw_visual_plans_one_storey/34-96.jpg,Одноэтажные дома с планировкой,,"Одноэтажные дома с планировкой — готовый проект №34-96 площадью 506,7 м². Характеристики: 1 этаж, габариты 12.7×38.2 м, материал стен — кирпич. На изображении показаны оригинальная визуализация дома и реальные планы этажей. Сохраните планировку для сравнения и откройте проект в каталоге, чтобы посмотреть состав документации и актуальную стоимость.",https://catalog-plans.ru/catalog/34-96?utm_source=pinterest&utm_medium=organic&utm_campaign=generated_raw_visual_plans_one_storey_batch_67&utm_content=pin_12883_34-96_plans&utm_term=proekty-domov-s-planirovkami,,"одноэтажные дома с планировкой, проект дома 34-96, дом 506,7 м², 1 этаж, планировка дома, планы этажей, готовый проект дома, кирпич, catalog-plans.ru"
"Двухэтажные дома с планировкой: проект №45-64NCAKL, 359,2 м²",https://raw.githubusercontent.com/nemchenik/test/890e420372c454ec1d75b0a087aa53c228efd1b2/pinterest/generated_batch_68_raw_visual_plans_two_storey/45-64NCAKL.jpg,Двухэтажные дома с планировкой,,"Двухэтажные дома с планировкой — готовый проект №45-64NCAKL площадью 359,2 м². Характеристики: 2 этажа, габариты 12.62×14.51 м, материал стен — кирпич. На изображении показаны оригинальная визуализация дома и реальные планы этажей. Сохраните планировку для сравнения и откройте проект в каталоге, чтобы посмотреть состав документации и актуальную стоимость.",https://catalog-plans.ru/catalog/45-64NCAKL?utm_source=pinterest&utm_medium=organic&utm_campaign=generated_raw_visual_plans_two_storey_batch_68&utm_content=pin_13083_45-64NCAKL_plans&utm_term=proekty-domov-s-planirovkami,,"двухэтажные дома с планировкой, проект дома 45-64NCAKL, дом 359,2 м², 2 этажа, планировка дома, планы этажей, готовый проект дома, кирпич, catalog-plans.ru"
"Одноэтажные дома с планировкой: проект №48-60, 122,08 м²",https://raw.githubusercontent.com/nemchenik/test/890e420372c454ec1d75b0a087aa53c228efd1b2/pinterest/generated_batch_67_raw_visual_plans_one_storey/48-60.jpg,Одноэтажные дома с планировкой,,"Одноэтажные дома с планировкой — готовый проект №48-60 площадью 122,08 м². Характеристики: 1 этаж, габариты 13.85×14.85 м, материал стен — кирпич. На изображении показаны оригинальная визуализация дома и реальные планы этажей. Сохраните планировку для сравнения и откройте проект в каталоге, чтобы посмотреть состав документации и актуальную стоимость.",https://catalog-plans.ru/catalog/48-60?utm_source=pinterest&utm_medium=organic&utm_campaign=generated_raw_visual_plans_one_storey_batch_67&utm_content=pin_12884_48-60_plans&utm_term=proekty-domov-s-planirovkami,,"одноэтажные дома с планировкой, проект дома 48-60, дом 122,08 м², 1 этаж, планировка дома, планы этажей, готовый проект дома, кирпич, catalog-plans.ru"
"Двухэтажные дома с планировкой: проект №35-31, 181,8 м²",https://raw.githubusercontent.com/nemchenik/test/890e420372c454ec1d75b0a087aa53c228efd1b2/pinterest/generated_batch_68_raw_visual_plans_two_storey/35-31.jpg,Двухэтажные дома с планировкой,,"Двухэтажные дома с планировкой — готовый проект №35-31 площадью 181,8 м². Характеристики: 2 этажа, габариты 11.9×12.5 м, материал стен — кирпич. На изображении показаны оригинальная визуализация дома и реальные планы этажей. Сохраните планировку для сравнения и откройте проект в каталоге, чтобы посмотреть состав документации и актуальную стоимость.",https://catalog-plans.ru/catalog/35-31?utm_source=pinterest&utm_medium=organic&utm_campaign=generated_raw_visual_plans_two_storey_batch_68&utm_content=pin_13084_35-31_plans&utm_term=proekty-domov-s-planirovkami,,"двухэтажные дома с планировкой, проект дома 35-31, дом 181,8 м², 2 этажа, планировка дома, планы этажей, готовый проект дома, кирпич, catalog-plans.ru"
"Одноэтажные дома с планировкой: проект №46-09BAG, 160,37 м²",https://raw.githubusercontent.com/nemchenik/test/890e420372c454ec1d75b0a087aa53c228efd1b2/pinterest/generated_batch_67_raw_visual_plans_one_storey/46-09BAG.jpg,Одноэтажные дома с планировкой,,"Одноэтажные дома с планировкой — готовый проект №46-09BAG площадью 160,37 м². Характеристики: 1 этаж, габариты 13.66×24.25 м, материал стен — газобетон. На изображении показаны оригинальная визуализация дома и реальные планы этажей. Сохраните планировку для сравнения и откройте проект в каталоге, чтобы посмотреть состав документации и актуальную стоимость.",https://catalog-plans.ru/catalog/46-09BAG?utm_source=pinterest&utm_medium=organic&utm_campaign=generated_raw_visual_plans_one_storey_batch_67&utm_content=pin_12885_46-09BAG_plans&utm_term=proekty-domov-s-planirovkami,,"одноэтажные дома с планировкой, проект дома 46-09BAG, дом 160,37 м², 1 этаж, планировка дома, планы этажей, готовый проект дома, газобетон, catalog-plans.ru"
"Двухэтажные дома с планировкой: проект №57-60EAKL, 307,82 м²",https://raw.githubusercontent.com/nemchenik/test/890e420372c454ec1d75b0a087aa53c228efd1b2/pinterest/generated_batch_68_raw_visual_plans_two_storey/57-60EAKL.jpg,Двухэтажные дома с планировкой,,"Двухэтажные дома с планировкой — готовый проект №57-60EAKL площадью 307,82 м². Характеристики: 2 этажа, габариты 15.02×20.07 м, материал стен — кирпич. На изображении показаны оригинальная визуализация дома и реальные планы этажей. Сохраните планировку для сравнения и откройте проект в каталоге, чтобы посмотреть состав документации и актуальную стоимость.",https://catalog-plans.ru/catalog/57-60EAKL?utm_source=pinterest&utm_medium=organic&utm_campaign=generated_raw_visual_plans_two_storey_batch_68&utm_content=pin_13085_57-60EAKL_plans&utm_term=proekty-domov-s-planirovkami,,"двухэтажные дома с планировкой, проект дома 57-60EAKL, дом 307,82 м², 2 этажа, планировка дома, планы этажей, готовый проект дома, кирпич, catalog-plans.ru"
"Одноэтажные дома с планировкой: проект №72-24, 153,2 м²",https://raw.githubusercontent.com/nemchenik/test/890e420372c454ec1d75b0a087aa53c228efd1b2/pinterest/generated_batch_67_raw_visual_plans_one_storey/72-24.jpg,Одноэтажные дома с планировкой,,"Одноэтажные дома с планировкой — готовый проект №72-24 площадью 153,2 м². Характеристики: 1 этаж, габариты 9.7×15.76 м, материал стен — газобетон. На изображении показаны оригинальная визуализация дома и реальные планы этажей. Сохраните планировку для сравнения и откройте проект в каталоге, чтобы посмотреть состав документации и актуальную стоимость.",https://catalog-plans.ru/catalog/72-24?utm_source=pinterest&utm_medium=organic&utm_campaign=generated_raw_visual_plans_one_storey_batch_67&utm_content=pin_12886_72-24_plans&utm_term=proekty-domov-s-planirovkami,,"одноэтажные дома с планировкой, проект дома 72-24, дом 153,2 м², 1 этаж, планировка дома, планы этажей, готовый проект дома, газобетон, catalog-plans.ru"
"Двухэтажные дома с планировкой: проект №36-07, 777,4 м²",https://raw.githubusercontent.com/nemchenik/test/890e420372c454ec1d75b0a087aa53c228efd1b2/pinterest/generated_batch_68_raw_visual_plans_two_storey/36-07.jpg,Двухэтажные дома с планировкой,,"Двухэтажные дома с планировкой — готовый проект №36-07 площадью 777,4 м². Характеристики: 2 этажа, габариты 24.6×29.58 м, материал стен — кирпич. На изображении показаны оригинальная визуализация дома и реальные планы этажей. Сохраните планировку для сравнения и откройте проект в каталоге, чтобы посмотреть состав документации и актуальную стоимость.",https://catalog-plans.ru/catalog/36-07?utm_source=pinterest&utm_medium=organic&utm_campaign=generated_raw_visual_plans_two_storey_batch_68&utm_content=pin_13086_36-07_plans&utm_term=proekty-domov-s-planirovkami,,"двухэтажные дома с планировкой, проект дома 36-07, дом 777,4 м², 2 этажа, планировка дома, планы этажей, готовый проект дома, кирпич, catalog-plans.ru"
"Одноэтажные дома с планировкой: проект №45-64TAGL, 260,2 м²",https://raw.githubusercontent.com/nemchenik/test/890e420372c454ec1d75b0a087aa53c228efd1b2/pinterest/generated_batch_67_raw_visual_plans_one_storey/45-64TAGL.jpg,Одноэтажные дома с планировкой,,"Одноэтажные дома с планировкой — готовый проект №45-64TAGL площадью 260,2 м². Характеристики: 1 этаж, габариты 19.05×27.68 м, материал стен — газобетон. На изображении показаны оригинальная визуализация дома и реальные планы этажей. Сохраните планировку для сравнения и откройте проект в каталоге, чтобы посмотреть состав документации и актуальную стоимость.",https://catalog-plans.ru/catalog/45-64TAGL?utm_source=pinterest&utm_medium=organic&utm_campaign=generated_raw_visual_plans_one_storey_batch_67&utm_content=pin_12887_45-64TAGL_plans&utm_term=proekty-domov-s-planirovkami,,"одноэтажные дома с планировкой, проект дома 45-64TAGL, дом 260,2 м², 1 этаж, планировка дома, планы этажей, готовый проект дома, газобетон, catalog-plans.ru"
"Двухэтажные дома с планировкой: проект №34-89, 348,37 м²",https://raw.githubusercontent.com/nemchenik/test/890e420372c454ec1d75b0a087aa53c228efd1b2/pinterest/generated_batch_68_raw_visual_plans_two_storey/34-89.jpg,Двухэтажные дома с планировкой,,"Двухэтажные дома с планировкой — готовый проект №34-89 площадью 348,37 м². Характеристики: 2 этажа, габариты 12.6×19.2 м, материал стен — кирпич. На изображении показаны оригинальная визуализация дома и реальные планы этажей. Сохраните планировку для сравнения и откройте проект в каталоге, чтобы посмотреть состав документации и актуальную стоимость.",https://catalog-plans.ru/catalog/34-89?utm_source=pinterest&utm_medium=organic&utm_campaign=generated_raw_visual_plans_two_storey_batch_68&utm_content=pin_13087_34-89_plans&utm_term=proekty-domov-s-planirovkami,,"двухэтажные дома с планировкой, проект дома 34-89, дом 348,37 м², 2 этажа, планировка дома, планы этажей, готовый проект дома, кирпич, catalog-plans.ru"
"Одноэтажные дома с планировкой: проект №62-78, 193,93 м²",https://raw.githubusercontent.com/nemchenik/test/890e420372c454ec1d75b0a087aa53c228efd1b2/pinterest/generated_batch_67_raw_visual_plans_one_storey/62-78.jpg,Одноэтажные дома с планировкой,,"Одноэтажные дома с планировкой — готовый проект №62-78 площадью 193,93 м². Характеристики: 1 этаж, габариты 18.82×22.31 м, материал стен — газобетон. На изображении показаны оригинальная визуализация дома и реальные планы этажей. Сохраните планировку для сравнения и откройте проект в каталоге, чтобы посмотреть состав документации и актуальную стоимость.",https://catalog-plans.ru/catalog/62-78?utm_source=pinterest&utm_medium=organic&utm_campaign=generated_raw_visual_plans_one_storey_batch_67&utm_content=pin_12888_62-78_plans&utm_term=proekty-domov-s-planirovkami,,"одноэтажные дома с планировкой, проект дома 62-78, дом 193,93 м², 1 этаж, планировка дома, планы этажей, готовый проект дома, газобетон, catalog-plans.ru"
"Двухэтажные дома с планировкой: проект №11-28, 171,6 м²",https://raw.githubusercontent.com/nemchenik/test/890e420372c454ec1d75b0a087aa53c228efd1b2/pinterest/generated_batch_68_raw_visual_plans_two_storey/11-28.jpg,Двухэтажные дома с планировкой,,"Двухэтажные дома с планировкой — готовый проект №11-28 площадью 171,6 м². Характеристики: 2 этажа, габариты 6.3×12.42 м, материал стен — дерево. На изображении показаны оригинальная визуализация дома и реальные планы этажей. Сохраните планировку для сравнения и откройте проект в каталоге, чтобы посмотреть состав документации и актуальную стоимость.",https://catalog-plans.ru/catalog/11-28?utm_source=pinterest&utm_medium=organic&utm_campaign=generated_raw_visual_plans_two_storey_batch_68&utm_content=pin_13088_11-28_plans&utm_term=proekty-domov-s-planirovkami,,"двухэтажные дома с планировкой, проект дома 11-28, дом 171,6 м², 2 этажа, планировка дома, планы этажей, готовый проект дома, дерево, catalog-plans.ru"
"Одноэтажные дома с планировкой: проект №62-78B, 168,44 м²",https://raw.githubusercontent.com/nemchenik/test/890e420372c454ec1d75b0a087aa53c228efd1b2/pinterest/generated_batch_67_raw_visual_plans_one_storey/62-78B.jpg,Одноэтажные дома с планировкой,,"Одноэтажные дома с планировкой — готовый проект №62-78B площадью 168,44 м². Характеристики: 1 этаж, габариты 18.395×19.69 м, материал стен — газобетон. На изображении показаны оригинальная визуализация дома и реальные планы этажей. Сохраните планировку для сравнения и откройте проект в каталоге, чтобы посмотреть состав документации и актуальную стоимость.",https://catalog-plans.ru/catalog/62-78B?utm_source=pinterest&utm_medium=organic&utm_campaign=generated_raw_visual_plans_one_storey_batch_67&utm_content=pin_12889_62-78B_plans&utm_term=proekty-domov-s-planirovkami,,"одноэтажные дома с планировкой, проект дома 62-78B, дом 168,44 м², 1 этаж, планировка дома, планы этажей, готовый проект дома, газобетон, catalog-plans.ru"
"Двухэтажные дома с планировкой: проект №11-38, 164,9 м²",https://raw.githubusercontent.com/nemchenik/test/890e420372c454ec1d75b0a087aa53c228efd1b2/pinterest/generated_batch_68_raw_visual_plans_two_storey/11-38.jpg,Двухэтажные дома с планировкой,,"Двухэтажные дома с планировкой — готовый проект №11-38 площадью 164,9 м². Характеристики: 2 этажа, габариты 12.7×14.77 м, материал стен — дерево. На изображении показаны оригинальная визуализация дома и реальные планы этажей. Сохраните планировку для сравнения и откройте проект в каталоге, чтобы посмотреть состав документации и актуальную стоимость.",https://catalog-plans.ru/catalog/11-38?utm_source=pinterest&utm_medium=organic&utm_campaign=generated_raw_visual_plans_two_storey_batch_68&utm_content=pin_13089_11-38_plans&utm_term=proekty-domov-s-planirovkami,,"двухэтажные дома с планировкой, проект дома 11-38, дом 164,9 м², 2 этажа, планировка дома, планы этажей, готовый проект дома, дерево, catalog-plans.ru"
"Одноэтажные дома с планировкой: проект №68-07AB, 272,4 м²",https://raw.githubusercontent.com/nemchenik/test/890e420372c454ec1d75b0a087aa53c228efd1b2/pinterest/generated_batch_67_raw_visual_plans_one_storey/68-07AB.jpg,Одноэтажные дома с планировкой,,"Одноэтажные дома с планировкой — готовый проект №68-07AB площадью 272,4 м². Характеристики: 1 этаж, габариты 20.25×20.3 м, материал стен — газобетон. На изображении показаны оригинальная визуализация дома и реальные планы этажей. Сохраните планировку для сравнения и откройте проект в каталоге, чтобы посмотреть состав документации и актуальную стоимость.",https://catalog-plans.ru/catalog/68-07AB?utm_source=pinterest&utm_medium=organic&utm_campaign=generated_raw_visual_plans_one_storey_batch_67&utm_content=pin_12890_68-07AB_plans&utm_term=proekty-domov-s-planirovkami,,"одноэтажные дома с планировкой, проект дома 68-07AB, дом 272,4 м², 1 этаж, планировка дома, планы этажей, готовый проект дома, газобетон, catalog-plans.ru"
"Двухэтажные дома с планировкой: проект №68-46K2L, 171,92 м²",https://raw.githubusercontent.com/nemchenik/test/890e420372c454ec1d75b0a087aa53c228efd1b2/pinterest/generated_batch_68_raw_visual_plans_two_storey/68-46K2L.jpg,Двухэтажные дома с планировкой,,"Двухэтажные дома с планировкой — готовый проект №68-46K2L площадью 171,92 м². Характеристики: 2 этажа, габариты 10.32×13.17 м, материал стен — кирпич. На изображении показаны оригинальная визуализация дома и реальные планы этажей. Сохраните планировку для сравнения и откройте проект в каталоге, чтобы посмотреть состав документации и актуальную стоимость.",https://catalog-plans.ru/catalog/68-46K2L?utm_source=pinterest&utm_medium=organic&utm_campaign=generated_raw_visual_plans_two_storey_batch_68&utm_content=pin_13090_68-46K2L_plans&utm_term=proekty-domov-s-planirovkami,,"двухэтажные дома с планировкой, проект дома 68-46K2L, дом 171,92 м², 2 этажа, планировка дома, планы этажей, готовый проект дома, кирпич, catalog-plans.ru"
"Одноэтажные дома с планировкой: проект №58-90B, 145,15 м²",https://raw.githubusercontent.com/nemchenik/test/890e420372c454ec1d75b0a087aa53c228efd1b2/pinterest/generated_batch_67_raw_visual_plans_one_storey/58-90B.jpg,Одноэтажные дома с планировкой,,"Одноэтажные дома с планировкой — готовый проект №58-90B площадью 145,15 м². Характеристики: 1 этаж, габариты 14.4×18.85 м, материал стен — газобетон. На изображении показаны оригинальная визуализация дома и реальные планы этажей. Сохраните планировку для сравнения и откройте проект в каталоге, чтобы посмотреть состав документации и актуальную стоимость.",https://catalog-plans.ru/catalog/58-90B?utm_source=pinterest&utm_medium=organic&utm_campaign=generated_raw_visual_plans_one_storey_batch_67&utm_content=pin_12891_58-90B_plans&utm_term=proekty-domov-s-planirovkami,,"одноэтажные дома с планировкой, проект дома 58-90B, дом 145,15 м², 1 этаж, планировка дома, планы этажей, готовый проект дома, газобетон, catalog-plans.ru"
"Двухэтажные дома с планировкой: проект №57-05T2, 160,75 м²",https://raw.githubusercontent.com/nemchenik/test/890e420372c454ec1d75b0a087aa53c228efd1b2/pinterest/generated_batch_68_raw_visual_plans_two_storey/57-05T2.jpg,Двухэтажные дома с планировкой,,"Двухэтажные дома с планировкой — готовый проект №57-05T2 площадью 160,75 м². Характеристики: 2 этажа, габариты 9.8×11.3 м, материал стен — газобетон. На изображении показаны оригинальная визуализация дома и реальные планы этажей. Сохраните планировку для сравнения и откройте проект в каталоге, чтобы посмотреть состав документации и актуальную стоимость.",https://catalog-plans.ru/catalog/57-05T2?utm_source=pinterest&utm_medium=organic&utm_campaign=generated_raw_visual_plans_two_storey_batch_68&utm_content=pin_13091_57-05T2_plans&utm_term=proekty-domov-s-planirovkami,,"двухэтажные дома с планировкой, проект дома 57-05T2, дом 160,75 м², 2 этажа, планировка дома, планы этажей, готовый проект дома, газобетон, catalog-plans.ru"
"Одноэтажные дома с планировкой: проект №45-18, 277,2 м²",https://raw.githubusercontent.com/nemchenik/test/890e420372c454ec1d75b0a087aa53c228efd1b2/pinterest/generated_batch_67_raw_visual_plans_one_storey/45-18.jpg,Одноэтажные дома с планировкой,,"Одноэтажные дома с планировкой — готовый проект №45-18 площадью 277,2 м². Характеристики: 1 этаж, габариты 21.42×29.73 м, материал стен — кирпич. На изображении показаны оригинальная визуализация дома и реальные планы этажей. Сохраните планировку для сравнения и откройте проект в каталоге, чтобы посмотреть состав документации и актуальную стоимость.",https://catalog-plans.ru/catalog/45-18?utm_source=pinterest&utm_medium=organic&utm_campaign=generated_raw_visual_plans_one_storey_batch_67&utm_content=pin_12892_45-18_plans&utm_term=proekty-domov-s-planirovkami,,"одноэтажные дома с планировкой, проект дома 45-18, дом 277,2 м², 1 этаж, планировка дома, планы этажей, готовый проект дома, кирпич, catalog-plans.ru"
"Двухэтажные дома с планировкой: проект №46-82K2L, 333,63 м²",https://raw.githubusercontent.com/nemchenik/test/890e420372c454ec1d75b0a087aa53c228efd1b2/pinterest/generated_batch_68_raw_visual_plans_two_storey/46-82K2L.jpg,Двухэтажные дома с планировкой,,"Двухэтажные дома с планировкой — готовый проект №46-82K2L площадью 333,63 м². Характеристики: 2 этажа, габариты 12.64×19.1 м, материал стен — кирпич. На изображении показаны оригинальная визуализация дома и реальные планы этажей. Сохраните планировку для сравнения и откройте проект в каталоге, чтобы посмотреть состав документации и актуальную стоимость.",https://catalog-plans.ru/catalog/46-82K2L?utm_source=pinterest&utm_medium=organic&utm_campaign=generated_raw_visual_plans_two_storey_batch_68&utm_content=pin_13092_46-82K2L_plans&utm_term=proekty-domov-s-planirovkami,,"двухэтажные дома с планировкой, проект дома 46-82K2L, дом 333,63 м², 2 этажа, планировка дома, планы этажей, готовый проект дома, кирпич, catalog-plans.ru"
"Одноэтажные дома с планировкой: проект №45-07AGL, 237,09 м²",https://raw.githubusercontent.com/nemchenik/test/890e420372c454ec1d75b0a087aa53c228efd1b2/pinterest/generated_batch_67_raw_visual_plans_one_storey/45-07AGL.jpg,Одноэтажные дома с планировкой,,"Одноэтажные дома с планировкой — готовый проект №45-07AGL площадью 237,09 м². Характеристики: 1 этаж, габариты 19.3×19.3 м, материал стен — газобетон. На изображении показаны оригинальная визуализация дома и реальные планы этажей. Сохраните планировку для сравнения и откройте проект в каталоге, чтобы посмотреть состав документации и актуальную стоимость.",https://catalog-plans.ru/catalog/45-07AGL?utm_source=pinterest&utm_medium=organic&utm_campaign=generated_raw_visual_plans_one_storey_batch_67&utm_content=pin_12893_45-07AGL_plans&utm_term=proekty-domov-s-planirovkami,,"одноэтажные дома с планировкой, проект дома 45-07AGL, дом 237,09 м², 1 этаж, планировка дома, планы этажей, готовый проект дома, газобетон, catalog-plans.ru"
"Двухэтажные дома с планировкой: проект №70-75, 170 м²",https://raw.githubusercontent.com/nemchenik/test/890e420372c454ec1d75b0a087aa53c228efd1b2/pinterest/generated_batch_68_raw_visual_plans_two_storey/70-75.jpg,Двухэтажные дома с планировкой,,"Двухэтажные дома с планировкой — готовый проект №70-75 площадью 170 м². Характеристики: 2 этажа, габариты 9.3×10.8 м, материал стен — газобетон. На изображении показаны оригинальная визуализация дома и реальные планы этажей. Сохраните планировку для сравнения и откройте проект в каталоге, чтобы посмотреть состав документации и актуальную стоимость.",https://catalog-plans.ru/catalog/70-75?utm_source=pinterest&utm_medium=organic&utm_campaign=generated_raw_visual_plans_two_storey_batch_68&utm_content=pin_13093_70-75_plans&utm_term=proekty-domov-s-planirovkami,,"двухэтажные дома с планировкой, проект дома 70-75, дом 170 м², 2 этажа, планировка дома, планы этажей, готовый проект дома, газобетон, catalog-plans.ru"
"Одноэтажные дома с планировкой: проект №69-48, 124,59 м²",https://raw.githubusercontent.com/nemchenik/test/890e420372c454ec1d75b0a087aa53c228efd1b2/pinterest/generated_batch_67_raw_visual_plans_one_storey/69-48.jpg,Одноэтажные дома с планировкой,,"Одноэтажные дома с планировкой — готовый проект №69-48 площадью 124,59 м². Характеристики: 1 этаж, габариты 11×16.9 м, материал стен — газобетон. На изображении показаны оригинальная визуализация дома и реальные планы этажей. Сохраните планировку для сравнения и откройте проект в каталоге, чтобы посмотреть состав документации и актуальную стоимость.",https://catalog-plans.ru/catalog/69-48?utm_source=pinterest&utm_medium=organic&utm_campaign=generated_raw_visual_plans_one_storey_batch_67&utm_content=pin_12894_69-48_plans&utm_term=proekty-domov-s-planirovkami,,"одноэтажные дома с планировкой, проект дома 69-48, дом 124,59 м², 1 этаж, планировка дома, планы этажей, готовый проект дома, газобетон, catalog-plans.ru"
"Двухэтажные дома с планировкой: проект №59-99A, 209,64 м²",https://raw.githubusercontent.com/nemchenik/test/890e420372c454ec1d75b0a087aa53c228efd1b2/pinterest/generated_batch_68_raw_visual_plans_two_storey/59-99A.jpg,Двухэтажные дома с планировкой,,"Двухэтажные дома с планировкой — готовый проект №59-99A площадью 209,64 м². Характеристики: 2 этажа, габариты 8.5×11.9 м, материал стен — газобетон. На изображении показаны оригинальная визуализация дома и реальные планы этажей. Сохраните планировку для сравнения и откройте проект в каталоге, чтобы посмотреть состав документации и актуальную стоимость.",https://catalog-plans.ru/catalog/59-99A?utm_source=pinterest&utm_medium=organic&utm_campaign=generated_raw_visual_plans_two_storey_batch_68&utm_content=pin_13094_59-99A_plans&utm_term=proekty-domov-s-planirovkami,,"двухэтажные дома с планировкой, проект дома 59-99A, дом 209,64 м², 2 этажа, планировка дома, планы этажей, готовый проект дома, газобетон, catalog-plans.ru"
"Одноэтажные дома с планировкой: проект №58-70Q, 115,79 м²",https://raw.githubusercontent.com/nemchenik/test/890e420372c454ec1d75b0a087aa53c228efd1b2/pinterest/generated_batch_67_raw_visual_plans_one_storey/58-70Q.jpg,Одноэтажные дома с планировкой,,"Одноэтажные дома с планировкой — готовый проект №58-70Q площадью 115,79 м². Характеристики: 1 этаж, габариты 11.9×13.9 м, материал стен — газобетон. На изображении показаны оригинальная визуализация дома и реальные планы этажей. Сохраните планировку для сравнения и откройте проект в каталоге, чтобы посмотреть состав документации и актуальную стоимость.",https://catalog-plans.ru/catalog/58-70Q?utm_source=pinterest&utm_medium=organic&utm_campaign=generated_raw_visual_plans_one_storey_batch_67&utm_content=pin_12895_58-70Q_plans&utm_term=proekty-domov-s-planirovkami,,"одноэтажные дома с планировкой, проект дома 58-70Q, дом 115,79 м², 1 этаж, планировка дома, планы этажей, готовый проект дома, газобетон, catalog-plans.ru"
"Двухэтажные дома с планировкой: проект №45-64NEG, 243,55 м²",https://raw.githubusercontent.com/nemchenik/test/890e420372c454ec1d75b0a087aa53c228efd1b2/pinterest/generated_batch_68_raw_visual_plans_two_storey/45-64NEG.jpg,Двухэтажные дома с планировкой,,"Двухэтажные дома с планировкой — готовый проект №45-64NEG площадью 243,55 м². Характеристики: 2 этажа, габариты 14.23×12.4 м, материал стен — газобетон. На изображении показаны оригинальная визуализация дома и реальные планы этажей. Сохраните планировку для сравнения и откройте проект в каталоге, чтобы посмотреть состав документации и актуальную стоимость.",https://catalog-plans.ru/catalog/45-64NEG?utm_source=pinterest&utm_medium=organic&utm_campaign=generated_raw_visual_plans_two_storey_batch_68&utm_content=pin_13095_45-64NEG_plans&utm_term=proekty-domov-s-planirovkami,,"двухэтажные дома с планировкой, проект дома 45-64NEG, дом 243,55 м², 2 этажа, планировка дома, планы этажей, готовый проект дома, газобетон, catalog-plans.ru"
"Одноэтажные дома с планировкой: проект №48-79G, 121,76 м²",https://raw.githubusercontent.com/nemchenik/test/890e420372c454ec1d75b0a087aa53c228efd1b2/pinterest/generated_batch_67_raw_visual_plans_one_storey/48-79G.jpg,Одноэтажные дома с планировкой,,"Одноэтажные дома с планировкой — готовый проект №48-79G площадью 121,76 м². Характеристики: 1 этаж, габариты 13.05×14.79 м, материал стен — газобетон. На изображении показаны оригинальная визуализация дома и реальные планы этажей. Сохраните планировку для сравнения и откройте проект в каталоге, чтобы посмотреть состав документации и актуальную стоимость.",https://catalog-plans.ru/catalog/48-79G?utm_source=pinterest&utm_medium=organic&utm_campaign=generated_raw_visual_plans_one_storey_batch_67&utm_content=pin_12896_48-79G_plans&utm_term=proekty-domov-s-planirovkami,,"одноэтажные дома с планировкой, проект дома 48-79G, дом 121,76 м², 1 этаж, планировка дома, планы этажей, готовый проект дома, газобетон, catalog-plans.ru"
"Двухэтажные дома с планировкой: проект №70-71, 160,19 м²",https://raw.githubusercontent.com/nemchenik/test/890e420372c454ec1d75b0a087aa53c228efd1b2/pinterest/generated_batch_68_raw_visual_plans_two_storey/70-71.jpg,Двухэтажные дома с планировкой,,"Двухэтажные дома с планировкой — готовый проект №70-71 площадью 160,19 м². Характеристики: 2 этажа, габариты 10.1×11.46 м, материал стен — деревянный каркас. На изображении показаны оригинальная визуализация дома и реальные планы этажей. Сохраните планировку для сравнения и откройте проект в каталоге, чтобы посмотреть состав документации и актуальную стоимость.",https://catalog-plans.ru/catalog/70-71?utm_source=pinterest&utm_medium=organic&utm_campaign=generated_raw_visual_plans_two_storey_batch_68&utm_content=pin_13096_70-71_plans&utm_term=proekty-domov-s-planirovkami,,"двухэтажные дома с планировкой, проект дома 70-71, дом 160,19 м², 2 этажа, планировка дома, планы этажей, готовый проект дома, деревянный каркас, catalog-plans.ru"
"Одноэтажные дома с планировкой: проект №58-70E, 120,24 м²",https://raw.githubusercontent.com/nemchenik/test/890e420372c454ec1d75b0a087aa53c228efd1b2/pinterest/generated_batch_67_raw_visual_plans_one_storey/58-70E.jpg,Одноэтажные дома с планировкой,,"Одноэтажные дома с планировкой — готовый проект №58-70E площадью 120,24 м². Характеристики: 1 этаж, габариты 10.75×17.85 м, материал стен — газобетон. На изображении показаны оригинальная визуализация дома и реальные планы этажей. Сохраните планировку для сравнения и откройте проект в каталоге, чтобы посмотреть состав документации и актуальную стоимость.",https://catalog-plans.ru/catalog/58-70E?utm_source=pinterest&utm_medium=organic&utm_campaign=generated_raw_visual_plans_one_storey_batch_67&utm_content=pin_12897_58-70E_plans&utm_term=proekty-domov-s-planirovkami,,"одноэтажные дома с планировкой, проект дома 58-70E, дом 120,24 м², 1 этаж, планировка дома, планы этажей, готовый проект дома, газобетон, catalog-plans.ru"
"Двухэтажные дома с планировкой: проект №40-84DB, 317,03 м²",https://raw.githubusercontent.com/nemchenik/test/890e420372c454ec1d75b0a087aa53c228efd1b2/pinterest/generated_batch_68_raw_visual_plans_two_storey/40-84DB.jpg,Двухэтажные дома с планировкой,,"Двухэтажные дома с планировкой — готовый проект №40-84DB площадью 317,03 м². Характеристики: 2 этажа, габариты 20.21×20.8 м, материал стен — газобетон. На изображении показаны оригинальная визуализация дома и реальные планы этажей. Сохраните планировку для сравнения и откройте проект в каталоге, чтобы посмотреть состав документации и актуальную стоимость.",https://catalog-plans.ru/catalog/40-84DB?utm_source=pinterest&utm_medium=organic&utm_campaign=generated_raw_visual_plans_two_storey_batch_68&utm_content=pin_13097_40-84DB_plans&utm_term=proekty-domov-s-planirovkami,,"двухэтажные дома с планировкой, проект дома 40-84DB, дом 317,03 м², 2 этажа, планировка дома, планы этажей, готовый проект дома, газобетон, catalog-plans.ru"
"Одноэтажные дома с планировкой: проект №45-29L, 205,08 м²",https://raw.githubusercontent.com/nemchenik/test/890e420372c454ec1d75b0a087aa53c228efd1b2/pinterest/generated_batch_67_raw_visual_plans_one_storey/45-29L.jpg,Одноэтажные дома с планировкой,,"Одноэтажные дома с планировкой — готовый проект №45-29L площадью 205,08 м². Характеристики: 1 этаж, габариты 15.03×17.4 м, материал стен — кирпич. На изображении показаны оригинальная визуализация дома и реальные планы этажей. Сохраните планировку для сравнения и откройте проект в каталоге, чтобы посмотреть состав документации и актуальную стоимость.",https://catalog-plans.ru/catalog/45-29L?utm_source=pinterest&utm_medium=organic&utm_campaign=generated_raw_visual_plans_one_storey_batch_67&utm_content=pin_12898_45-29L_plans&utm_term=proekty-domov-s-planirovkami,,"одноэтажные дома с планировкой, проект дома 45-29L, дом 205,08 м², 1 этаж, планировка дома, планы этажей, готовый проект дома, кирпич, catalog-plans.ru"
"Двухэтажные дома с планировкой: проект №57-63BL, 172,23 м²",https://raw.githubusercontent.com/nemchenik/test/890e420372c454ec1d75b0a087aa53c228efd1b2/pinterest/generated_batch_68_raw_visual_plans_two_storey/57-63BL.jpg,Двухэтажные дома с планировкой,,"Двухэтажные дома с планировкой — готовый проект №57-63BL площадью 172,23 м². Характеристики: 2 этажа, габариты 10.1×12.7 м, материал стен — газобетон. На изображении показаны оригинальная визуализация дома и реальные планы этажей. Сохраните планировку для сравнения и откройте проект в каталоге, чтобы посмотреть состав документации и актуальную стоимость.",https://catalog-plans.ru/catalog/57-63BL?utm_source=pinterest&utm_medium=organic&utm_campaign=generated_raw_visual_plans_two_storey_batch_68&utm_content=pin_13098_57-63BL_plans&utm_term=proekty-domov-s-planirovkami,,"двухэтажные дома с планировкой, проект дома 57-63BL, дом 172,23 м², 2 этажа, планировка дома, планы этажей, готовый проект дома, газобетон, catalog-plans.ru"
"Одноэтажные дома с планировкой: проект №58-84BATWC, 191,89 м²",https://raw.githubusercontent.com/nemchenik/test/890e420372c454ec1d75b0a087aa53c228efd1b2/pinterest/generated_batch_67_raw_visual_plans_one_storey/58-84BATWC.jpg,Одноэтажные дома с планировкой,,"Одноэтажные дома с планировкой — готовый проект №58-84BATWC площадью 191,89 м². Характеристики: 1 этаж, габариты 8.68×13.55 м, материал стен — газобетон. На изображении показаны оригинальная визуализация дома и реальные планы этажей. Сохраните планировку для сравнения и откройте проект в каталоге, чтобы посмотреть состав документации и актуальную стоимость.",https://catalog-plans.ru/catalog/58-84BATWC?utm_source=pinterest&utm_medium=organic&utm_campaign=generated_raw_visual_plans_one_storey_batch_67&utm_content=pin_12899_58-84BATWC_plans&utm_term=proekty-domov-s-planirovkami,,"одноэтажные дома с планировкой, проект дома 58-84BATWC, дом 191,89 м², 1 этаж, планировка дома, планы этажей, готовый проект дома, газобетон, catalog-plans.ru"
"Двухэтажные дома с планировкой: проект №58-95, 218,57 м²",https://raw.githubusercontent.com/nemchenik/test/890e420372c454ec1d75b0a087aa53c228efd1b2/pinterest/generated_batch_68_raw_visual_plans_two_storey/58-95.jpg,Двухэтажные дома с планировкой,,"Двухэтажные дома с планировкой — готовый проект №58-95 площадью 218,57 м². Характеристики: 2 этажа, габариты 13.25×13.45 м, материал стен — газобетон. На изображении показаны оригинальная визуализация дома и реальные планы этажей. Сохраните планировку для сравнения и откройте проект в каталоге, чтобы посмотреть состав документации и актуальную стоимость.",https://catalog-plans.ru/catalog/58-95?utm_source=pinterest&utm_medium=organic&utm_campaign=generated_raw_visual_plans_two_storey_batch_68&utm_content=pin_13099_58-95_plans&utm_term=proekty-domov-s-planirovkami,,"двухэтажные дома с планировкой, проект дома 58-95, дом 218,57 м², 2 этажа, планировка дома, планы этажей, готовый проект дома, газобетон, catalog-plans.ru"
"Одноэтажные дома с планировкой: проект №68-00, 120,02 м²",https://raw.githubusercontent.com/nemchenik/test/890e420372c454ec1d75b0a087aa53c228efd1b2/pinterest/generated_batch_67_raw_visual_plans_one_storey/68-00.jpg,Одноэтажные дома с планировкой,,"Одноэтажные дома с планировкой — готовый проект №68-00 площадью 120,02 м². Характеристики: 1 этаж, габариты 11.12×14.74 м, материал стен — газобетон. На изображении показаны оригинальная визуализация дома и реальные планы этажей. Сохраните планировку для сравнения и откройте проект в каталоге, чтобы посмотреть состав документации и актуальную стоимость.",https://catalog-plans.ru/catalog/68-00?utm_source=pinterest&utm_medium=organic&utm_campaign=generated_raw_visual_plans_one_storey_batch_67&utm_content=pin_12900_68-00_plans&utm_term=proekty-domov-s-planirovkami,,"одноэтажные дома с планировкой, проект дома 68-00, дом 120,02 м², 1 этаж, планировка дома, планы этажей, готовый проект дома, газобетон, catalog-plans.ru"
"Двухэтажные дома с планировкой: проект №62-91AK1L, 532,46 м²",https://raw.githubusercontent.com/nemchenik/test/890e420372c454ec1d75b0a087aa53c228efd1b2/pinterest/generated_batch_68_raw_visual_plans_two_storey/62-91AK1L.jpg,Двухэтажные дома с планировкой,,"Двухэтажные дома с планировкой — готовый проект №62-91AK1L площадью 532,46 м². Характеристики: 2 этажа, габариты 25.27×23.64 м, материал стен — кирпич. На изображении показаны оригинальная визуализация дома и реальные планы этажей. Сохраните планировку для сравнения и откройте проект в каталоге, чтобы посмотреть состав документации и актуальную стоимость.",https://catalog-plans.ru/catalog/62-91AK1L?utm_source=pinterest&utm_medium=organic&utm_campaign=generated_raw_visual_plans_two_storey_batch_68&utm_content=pin_13100_62-91AK1L_plans&utm_term=proekty-domov-s-planirovkami,,"двухэтажные дома с планировкой, проект дома 62-91AK1L, дом 532,46 м², 2 этажа, планировка дома, планы этажей, готовый проект дома, кирпич, catalog-plans.ru"
"Одноэтажные дома с планировкой: проект №62-30DAL, 166,09 м²",https://raw.githubusercontent.com/nemchenik/test/890e420372c454ec1d75b0a087aa53c228efd1b2/pinterest/generated_batch_67_raw_visual_plans_one_storey/62-30DAL.jpg,Одноэтажные дома с планировкой,,"Одноэтажные дома с планировкой — готовый проект №62-30DAL площадью 166,09 м². Характеристики: 1 этаж, габариты 14.8×18.3 м, материал стен — газобетон. На изображении показаны оригинальная визуализация дома и реальные планы этажей. Сохраните планировку для сравнения и откройте проект в каталоге, чтобы посмотреть состав документации и актуальную стоимость.",https://catalog-plans.ru/catalog/62-30DAL?utm_source=pinterest&utm_medium=organic&utm_campaign=generated_raw_visual_plans_one_storey_batch_67&utm_content=pin_12901_62-30DAL_plans&utm_term=proekty-domov-s-planirovkami,,"одноэтажные дома с планировкой, проект дома 62-30DAL, дом 166,09 м², 1 этаж, планировка дома, планы этажей, готовый проект дома, газобетон, catalog-plans.ru"
"Двухэтажные дома с планировкой: проект №40-04HD, 131,99 м²",https://raw.githubusercontent.com/nemchenik/test/890e420372c454ec1d75b0a087aa53c228efd1b2/pinterest/generated_batch_68_raw_visual_plans_two_storey/40-04HD.jpg,Двухэтажные дома с планировкой,,"Двухэтажные дома с планировкой — готовый проект №40-04HD площадью 131,99 м². Характеристики: 2 этажа, габариты 10×9.5 м, материал стен — газобетон. На изображении показаны оригинальная визуализация дома и реальные планы этажей. Сохраните планировку для сравнения и откройте проект в каталоге, чтобы посмотреть состав документации и актуальную стоимость.",https://catalog-plans.ru/catalog/40-04HD?utm_source=pinterest&utm_medium=organic&utm_campaign=generated_raw_visual_plans_two_storey_batch_68&utm_content=pin_13101_40-04HD_plans&utm_term=proekty-domov-s-planirovkami,,"двухэтажные дома с планировкой, проект дома 40-04HD, дом 131,99 м², 2 этажа, планировка дома, планы этажей, готовый проект дома, газобетон, catalog-plans.ru"
"Одноэтажные дома с планировкой: проект №45-07L, 205,7 м²",https://raw.githubusercontent.com/nemchenik/test/890e420372c454ec1d75b0a087aa53c228efd1b2/pinterest/generated_batch_67_raw_visual_plans_one_storey/45-07L.jpg,Одноэтажные дома с планировкой,,"Одноэтажные дома с планировкой — готовый проект №45-07L площадью 205,7 м². Характеристики: 1 этаж, габариты 16.38×18.28 м, материал стен — кирпич. На изображении показаны оригинальная визуализация дома и реальные планы этажей. Сохраните планировку для сравнения и откройте проект в каталоге, чтобы посмотреть состав документации и актуальную стоимость.",https://catalog-plans.ru/catalog/45-07L?utm_source=pinterest&utm_medium=organic&utm_campaign=generated_raw_visual_plans_one_storey_batch_67&utm_content=pin_12902_45-07L_plans&utm_term=proekty-domov-s-planirovkami,,"одноэтажные дома с планировкой, проект дома 45-07L, дом 205,7 м², 1 этаж, планировка дома, планы этажей, готовый проект дома, кирпич, catalog-plans.ru"
"Двухэтажные дома с планировкой: проект №58-10AL, 268,88 м²",https://raw.githubusercontent.com/nemchenik/test/890e420372c454ec1d75b0a087aa53c228efd1b2/pinterest/generated_batch_68_raw_visual_plans_two_storey/58-10AL.jpg,Двухэтажные дома с планировкой,,"Двухэтажные дома с планировкой — готовый проект №58-10AL площадью 268,88 м². Характеристики: 2 этажа, габариты 13.86×22 м, материал стен — газобетон. На изображении показаны оригинальная визуализация дома и реальные планы этажей. Сохраните планировку для сравнения и откройте проект в каталоге, чтобы посмотреть состав документации и актуальную стоимость.",https://catalog-plans.ru/catalog/58-10AL?utm_source=pinterest&utm_medium=organic&utm_campaign=generated_raw_visual_plans_two_storey_batch_68&utm_content=pin_13102_58-10AL_plans&utm_term=proekty-domov-s-planirovkami,,"двухэтажные дома с планировкой, проект дома 58-10AL, дом 268,88 м², 2 этажа, планировка дома, планы этажей, готовый проект дома, газобетон, catalog-plans.ru"
"Одноэтажные дома с планировкой: проект №58-70TK2, 157,65 м²",https://raw.githubusercontent.com/nemchenik/test/890e420372c454ec1d75b0a087aa53c228efd1b2/pinterest/generated_batch_67_raw_visual_plans_one_storey/58-70TK2.jpg,Одноэтажные дома с планировкой,,"Одноэтажные дома с планировкой — готовый проект №58-70TK2 площадью 157,65 м². Характеристики: 1 этаж, габариты 14.06×14.91 м, материал стен — кирпич. На изображении показаны оригинальная визуализация дома и реальные планы этажей. Сохраните планировку для сравнения и откройте проект в каталоге, чтобы посмотреть состав документации и актуальную стоимость.",https://catalog-plans.ru/catalog/58-70TK2?utm_source=pinterest&utm_medium=organic&utm_campaign=generated_raw_visual_plans_one_storey_batch_67&utm_content=pin_12903_58-70TK2_plans&utm_term=proekty-domov-s-planirovkami,,"одноэтажные дома с планировкой, проект дома 58-70TK2, дом 157,65 м², 1 этаж, планировка дома, планы этажей, готовый проект дома, кирпич, catalog-plans.ru"
"Двухэтажные дома с планировкой: проект №60-61B, 164,87 м²",https://raw.githubusercontent.com/nemchenik/test/890e420372c454ec1d75b0a087aa53c228efd1b2/pinterest/generated_batch_68_raw_visual_plans_two_storey/60-61B.jpg,Двухэтажные дома с планировкой,,"Двухэтажные дома с планировкой — готовый проект №60-61B площадью 164,87 м². Характеристики: 2 этажа, габариты 11.1×15.21 м, материал стен — кирпич. На изображении показаны оригинальная визуализация дома и реальные планы этажей. Сохраните планировку для сравнения и откройте проект в каталоге, чтобы посмотреть состав документации и актуальную стоимость.",https://catalog-plans.ru/catalog/60-61B?utm_source=pinterest&utm_medium=organic&utm_campaign=generated_raw_visual_plans_two_storey_batch_68&utm_content=pin_13103_60-61B_plans&utm_term=proekty-domov-s-planirovkami,,"двухэтажные дома с планировкой, проект дома 60-61B, дом 164,87 м², 2 этажа, планировка дома, планы этажей, готовый проект дома, кирпич, catalog-plans.ru"
"Одноэтажные дома с планировкой: проект №62-22FL, 123,35 м²",https://raw.githubusercontent.com/nemchenik/test/890e420372c454ec1d75b0a087aa53c228efd1b2/pinterest/generated_batch_67_raw_visual_plans_one_storey/62-22FL.jpg,Одноэтажные дома с планировкой,,"Одноэтажные дома с планировкой — готовый проект №62-22FL площадью 123,35 м². Характеристики: 1 этаж, габариты 12.86×14.76 м, материал стен — газобетон. На изображении показаны оригинальная визуализация дома и реальные планы этажей. Сохраните планировку для сравнения и откройте проект в каталоге, чтобы посмотреть состав документации и актуальную стоимость.",https://catalog-plans.ru/catalog/62-22FL?utm_source=pinterest&utm_medium=organic&utm_campaign=generated_raw_visual_plans_one_storey_batch_67&utm_content=pin_12904_62-22FL_plans&utm_term=proekty-domov-s-planirovkami,,"одноэтажные дома с планировкой, проект дома 62-22FL, дом 123,35 м², 1 этаж, планировка дома, планы этажей, готовый проект дома, газобетон, catalog-plans.ru"
"Двухэтажные дома с планировкой: проект №15-30, 212,7 м²",https://raw.githubusercontent.com/nemchenik/test/890e420372c454ec1d75b0a087aa53c228efd1b2/pinterest/generated_batch_68_raw_visual_plans_two_storey/15-30.jpg,Двухэтажные дома с планировкой,,"Двухэтажные дома с планировкой — готовый проект №15-30 площадью 212,7 м². Характеристики: 2 этажа, габариты 11.9×11.9 м, материал стен — газобетон. На изображении показаны оригинальная визуализация дома и реальные планы этажей. Сохраните планировку для сравнения и откройте проект в каталоге, чтобы посмотреть состав документации и актуальную стоимость.",https://catalog-plans.ru/catalog/15-30?utm_source=pinterest&utm_medium=organic&utm_campaign=generated_raw_visual_plans_two_storey_batch_68&utm_content=pin_13104_15-30_plans&utm_term=proekty-domov-s-planirovkami,,"двухэтажные дома с планировкой, проект дома 15-30, дом 212,7 м², 2 этажа, планировка дома, планы этажей, готовый проект дома, газобетон, catalog-plans.ru"
"Одноэтажные дома с планировкой: проект №33-29, 231,5 м²",https://raw.githubusercontent.com/nemchenik/test/890e420372c454ec1d75b0a087aa53c228efd1b2/pinterest/generated_batch_67_raw_visual_plans_one_storey/33-29.jpg,Одноэтажные дома с планировкой,,"Одноэтажные дома с планировкой — готовый проект №33-29 площадью 231,5 м². Характеристики: 1 этаж, габариты 15.8×21.3 м, материал стен — кирпич. На изображении показаны оригинальная визуализация дома и реальные планы этажей. Сохраните планировку для сравнения и откройте проект в каталоге, чтобы посмотреть состав документации и актуальную стоимость.",https://catalog-plans.ru/catalog/33-29?utm_source=pinterest&utm_medium=organic&utm_campaign=generated_raw_visual_plans_one_storey_batch_67&utm_content=pin_12905_33-29_plans&utm_term=proekty-domov-s-planirovkami,,"одноэтажные дома с планировкой, проект дома 33-29, дом 231,5 м², 1 этаж, планировка дома, планы этажей, готовый проект дома, кирпич, catalog-plans.ru"
"Двухэтажные дома с планировкой: проект №64-32, 157,08 м²",https://raw.githubusercontent.com/nemchenik/test/890e420372c454ec1d75b0a087aa53c228efd1b2/pinterest/generated_batch_68_raw_visual_plans_two_storey/64-32.jpg,Двухэтажные дома с планировкой,,"Двухэтажные дома с планировкой — готовый проект №64-32 площадью 157,08 м². Характеристики: 2 этажа, габариты 13×14.25 м, материал стен — газобетон. На изображении показаны оригинальная визуализация дома и реальные планы этажей. Сохраните планировку для сравнения и откройте проект в каталоге, чтобы посмотреть состав документации и актуальную стоимость.",https://catalog-plans.ru/catalog/64-32?utm_source=pinterest&utm_medium=organic&utm_campaign=generated_raw_visual_plans_two_storey_batch_68&utm_content=pin_13105_64-32_plans&utm_term=proekty-domov-s-planirovkami,,"двухэтажные дома с планировкой, проект дома 64-32, дом 157,08 м², 2 этажа, планировка дома, планы этажей, готовый проект дома, газобетон, catalog-plans.ru"
"Одноэтажные дома с планировкой: проект №46-09BK1L, 174,5 м²",https://raw.githubusercontent.com/nemchenik/test/890e420372c454ec1d75b0a087aa53c228efd1b2/pinterest/generated_batch_67_raw_visual_plans_one_storey/46-09BK1L.jpg,Одноэтажные дома с планировкой,,"Одноэтажные дома с планировкой — готовый проект №46-09BK1L площадью 174,5 м². Характеристики: 1 этаж, габариты 15.55×18.98 м, материал стен — кирпич. На изображении показаны оригинальная визуализация дома и реальные планы этажей. Сохраните планировку для сравнения и откройте проект в каталоге, чтобы посмотреть состав документации и актуальную стоимость.",https://catalog-plans.ru/catalog/46-09BK1L?utm_source=pinterest&utm_medium=organic&utm_campaign=generated_raw_visual_plans_one_storey_batch_67&utm_content=pin_12906_46-09BK1L_plans&utm_term=proekty-domov-s-planirovkami,,"одноэтажные дома с планировкой, проект дома 46-09BK1L, дом 174,5 м², 1 этаж, планировка дома, планы этажей, готовый проект дома, кирпич, catalog-plans.ru"
"Двухэтажные дома с планировкой: проект №68-19ML, 482,17 м²",https://raw.githubusercontent.com/nemchenik/test/890e420372c454ec1d75b0a087aa53c228efd1b2/pinterest/generated_batch_68_raw_visual_plans_two_storey/68-19ML.jpg,Двухэтажные дома с планировкой,,"Двухэтажные дома с планировкой — готовый проект №68-19ML площадью 482,17 м². Характеристики: 2 этажа, габариты 20.05×20.45 м, материал стен — монолитный каркас. На изображении показаны оригинальная визуализация дома и реальные планы этажей. Сохраните планировку для сравнения и откройте проект в каталоге, чтобы посмотреть состав документации и актуальную стоимость.",https://catalog-plans.ru/catalog/68-19ML?utm_source=pinterest&utm_medium=organic&utm_campaign=generated_raw_visual_plans_two_storey_batch_68&utm_content=pin_13106_68-19ML_plans&utm_term=proekty-domov-s-planirovkami,,"двухэтажные дома с планировкой, проект дома 68-19ML, дом 482,17 м², 2 этажа, планировка дома, планы этажей, готовый проект дома, монолитный каркас, catalog-plans.ru"
"Одноэтажные дома с планировкой: проект №46-09DEAG3, 166,71 м²",https://raw.githubusercontent.com/nemchenik/test/890e420372c454ec1d75b0a087aa53c228efd1b2/pinterest/generated_batch_67_raw_visual_plans_one_storey/46-09DEAG3.jpg,Одноэтажные дома с планировкой,,"Одноэтажные дома с планировкой — готовый проект №46-09DEAG3 площадью 166,71 м². Характеристики: 1 этаж, габариты 18.12×15.2 м, материал стен — монолитный каркас. На изображении показаны оригинальная визуализация дома и реальные планы этажей. Сохраните планировку для сравнения и откройте проект в каталоге, чтобы посмотреть состав документации и актуальную стоимость.",https://catalog-plans.ru/catalog/46-09DEAG3?utm_source=pinterest&utm_medium=organic&utm_campaign=generated_raw_visual_plans_one_storey_batch_67&utm_content=pin_12907_46-09DEAG3_plans&utm_term=proekty-domov-s-planirovkami,,"одноэтажные дома с планировкой, проект дома 46-09DEAG3, дом 166,71 м², 1 этаж, планировка дома, планы этажей, готовый проект дома, монолитный каркас, catalog-plans.ru"
"Двухэтажные дома с планировкой: проект №59-92PC, 162,48 м²",https://raw.githubusercontent.com/nemchenik/test/890e420372c454ec1d75b0a087aa53c228efd1b2/pinterest/generated_batch_68_raw_visual_plans_two_storey/59-92PC.jpg,Двухэтажные дома с планировкой,,"Двухэтажные дома с планировкой — готовый проект №59-92PC площадью 162,48 м². Характеристики: 2 этажа, габариты 12.6×10.2 м, материал стен — газобетон. На изображении показаны оригинальная визуализация дома и реальные планы этажей. Сохраните планировку для сравнения и откройте проект в каталоге, чтобы посмотреть состав документации и актуальную стоимость.",https://catalog-plans.ru/catalog/59-92PC?utm_source=pinterest&utm_medium=organic&utm_campaign=generated_raw_visual_plans_two_storey_batch_68&utm_content=pin_13107_59-92PC_plans&utm_term=proekty-domov-s-planirovkami,,"двухэтажные дома с планировкой, проект дома 59-92PC, дом 162,48 м², 2 этажа, планировка дома, планы этажей, готовый проект дома, газобетон, catalog-plans.ru"
"Одноэтажные дома с планировкой: проект №58-90, 109,98 м²",https://raw.githubusercontent.com/nemchenik/test/890e420372c454ec1d75b0a087aa53c228efd1b2/pinterest/generated_batch_67_raw_visual_plans_one_storey/58-90.jpg,Одноэтажные дома с планировкой,,"Одноэтажные дома с планировкой — готовый проект №58-90 площадью 109,98 м². Характеристики: 1 этаж, габариты 10.55×14.5 м, материал стен — газобетон. На изображении показаны оригинальная визуализация дома и реальные планы этажей. Сохраните планировку для сравнения и откройте проект в каталоге, чтобы посмотреть состав документации и актуальную стоимость.",https://catalog-plans.ru/catalog/58-90?utm_source=pinterest&utm_medium=organic&utm_campaign=generated_raw_visual_plans_one_storey_batch_67&utm_content=pin_12908_58-90_plans&utm_term=proekty-domov-s-planirovkami,,"одноэтажные дома с планировкой, проект дома 58-90, дом 109,98 м², 1 этаж, планировка дома, планы этажей, готовый проект дома, газобетон, catalog-plans.ru"
"Двухэтажные дома с планировкой: проект №50-76, 290 м²",https://raw.githubusercontent.com/nemchenik/test/890e420372c454ec1d75b0a087aa53c228efd1b2/pinterest/generated_batch_68_raw_visual_plans_two_storey/50-76.jpg,Двухэтажные дома с планировкой,,"Двухэтажные дома с планировкой — готовый проект №50-76 площадью 290 м². Характеристики: 2 этажа, габариты 10.26×14.16 м, материал стен — газобетон. На изображении показаны оригинальная визуализация дома и реальные планы этажей. Сохраните планировку для сравнения и откройте проект в каталоге, чтобы посмотреть состав документации и актуальную стоимость.",https://catalog-plans.ru/catalog/50-76?utm_source=pinterest&utm_medium=organic&utm_campaign=generated_raw_visual_plans_two_storey_batch_68&utm_content=pin_13108_50-76_plans&utm_term=proekty-domov-s-planirovkami,,"двухэтажные дома с планировкой, проект дома 50-76, дом 290 м², 2 этажа, планировка дома, планы этажей, готовый проект дома, газобетон, catalog-plans.ru"
"Одноэтажные дома с планировкой: проект №64-01AKL, 220,72 м²",https://raw.githubusercontent.com/nemchenik/test/890e420372c454ec1d75b0a087aa53c228efd1b2/pinterest/generated_batch_67_raw_visual_plans_one_storey/64-01AKL.jpg,Одноэтажные дома с планировкой,,"Одноэтажные дома с планировкой — готовый проект №64-01AKL площадью 220,72 м². Характеристики: 1 этаж, габариты 13.12×26.69 м, материал стен — кирпич. На изображении показаны оригинальная визуализация дома и реальные планы этажей. Сохраните планировку для сравнения и откройте проект в каталоге, чтобы посмотреть состав документации и актуальную стоимость.",https://catalog-plans.ru/catalog/64-01AKL?utm_source=pinterest&utm_medium=organic&utm_campaign=generated_raw_visual_plans_one_storey_batch_67&utm_content=pin_12909_64-01AKL_plans&utm_term=proekty-domov-s-planirovkami,,"одноэтажные дома с планировкой, проект дома 64-01AKL, дом 220,72 м², 1 этаж, планировка дома, планы этажей, готовый проект дома, кирпич, catalog-plans.ru"
"Двухэтажные дома с планировкой: проект №58-22K, 165,91 м²",https://raw.githubusercontent.com/nemchenik/test/890e420372c454ec1d75b0a087aa53c228efd1b2/pinterest/generated_batch_68_raw_visual_plans_two_storey/58-22K.jpg,Двухэтажные дома с планировкой,,"Двухэтажные дома с планировкой — готовый проект №58-22K площадью 165,91 м². Характеристики: 2 этажа, габариты 10.8×12.7 м, материал стен — кирпич. На изображении показаны оригинальная визуализация дома и реальные планы этажей. Сохраните планировку для сравнения и откройте проект в каталоге, чтобы посмотреть состав документации и актуальную стоимость.",https://catalog-plans.ru/catalog/58-22K?utm_source=pinterest&utm_medium=organic&utm_campaign=generated_raw_visual_plans_two_storey_batch_68&utm_content=pin_13109_58-22K_plans&utm_term=proekty-domov-s-planirovkami,,"двухэтажные дома с планировкой, проект дома 58-22K, дом 165,91 м², 2 этажа, планировка дома, планы этажей, готовый проект дома, кирпич, catalog-plans.ru"
"Одноэтажные дома с планировкой: проект №48-19K1L, 51,13 м²",https://raw.githubusercontent.com/nemchenik/test/890e420372c454ec1d75b0a087aa53c228efd1b2/pinterest/generated_batch_67_raw_visual_plans_one_storey/48-19K1L.jpg,Одноэтажные дома с планировкой,,"Одноэтажные дома с планировкой — готовый проект №48-19K1L площадью 51,13 м². Характеристики: 1 этаж, габариты 8.81×8.82 м, материал стен — кирпич. На изображении показаны оригинальная визуализация дома и реальные планы этажей. Сохраните планировку для сравнения и откройте проект в каталоге, чтобы посмотреть состав документации и актуальную стоимость.",https://catalog-plans.ru/catalog/48-19K1L?utm_source=pinterest&utm_medium=organic&utm_campaign=generated_raw_visual_plans_one_storey_batch_67&utm_content=pin_12910_48-19K1L_plans&utm_term=proekty-domov-s-planirovkami,,"одноэтажные дома с планировкой, проект дома 48-19K1L, дом 51,13 м², 1 этаж, планировка дома, планы этажей, готовый проект дома, кирпич, catalog-plans.ru"
"Двухэтажные дома с планировкой: проект №62-15EAK, 350,86 м²",https://raw.githubusercontent.com/nemchenik/test/890e420372c454ec1d75b0a087aa53c228efd1b2/pinterest/generated_batch_68_raw_visual_plans_two_storey/62-15EAK.jpg,Двухэтажные дома с планировкой,,"Двухэтажные дома с планировкой — готовый проект №62-15EAK площадью 350,86 м². Характеристики: 2 этажа, габариты 14.38×24.08 м, материал стен — кирпич. На изображении показаны оригинальная визуализация дома и реальные планы этажей. Сохраните планировку для сравнения и откройте проект в каталоге, чтобы посмотреть состав документации и актуальную стоимость.",https://catalog-plans.ru/catalog/62-15EAK?utm_source=pinterest&utm_medium=organic&utm_campaign=generated_raw_visual_plans_two_storey_batch_68&utm_content=pin_13110_62-15EAK_plans&utm_term=proekty-domov-s-planirovkami,,"двухэтажные дома с планировкой, проект дома 62-15EAK, дом 350,86 м², 2 этажа, планировка дома, планы этажей, готовый проект дома, кирпич, catalog-plans.ru"
"Одноэтажные дома с планировкой: проект №64-16AF, 186,71 м²",https://raw.githubusercontent.com/nemchenik/test/890e420372c454ec1d75b0a087aa53c228efd1b2/pinterest/generated_batch_67_raw_visual_plans_one_storey/64-16AF.jpg,Одноэтажные дома с планировкой,,"Одноэтажные дома с планировкой — готовый проект №64-16AF площадью 186,71 м². Характеристики: 1 этаж, габариты 16×19.75 м, материал стен — монолитный каркас. На изображении показаны оригинальная визуализация дома и реальные планы этажей. Сохраните планировку для сравнения и откройте проект в каталоге, чтобы посмотреть состав документации и актуальную стоимость.",https://catalog-plans.ru/catalog/64-16AF?utm_source=pinterest&utm_medium=organic&utm_campaign=generated_raw_visual_plans_one_storey_batch_67&utm_content=pin_12911_64-16AF_plans&utm_term=proekty-domov-s-planirovkami,,"одноэтажные дома с планировкой, проект дома 64-16AF, дом 186,71 м², 1 этаж, планировка дома, планы этажей, готовый проект дома, монолитный каркас, catalog-plans.ru"
"Двухэтажные дома с планировкой: проект №40-34K2L, 319,18 м²",https://raw.githubusercontent.com/nemchenik/test/890e420372c454ec1d75b0a087aa53c228efd1b2/pinterest/generated_batch_68_raw_visual_plans_two_storey/40-34K2L.jpg,Двухэтажные дома с планировкой,,"Двухэтажные дома с планировкой — готовый проект №40-34K2L площадью 319,18 м². Характеристики: 2 этажа, габариты 12.75×16.51 м, материал стен — кирпич. На изображении показаны оригинальная визуализация дома и реальные планы этажей. Сохраните планировку для сравнения и откройте проект в каталоге, чтобы посмотреть состав документации и актуальную стоимость.",https://catalog-plans.ru/catalog/40-34K2L?utm_source=pinterest&utm_medium=organic&utm_campaign=generated_raw_visual_plans_two_storey_batch_68&utm_content=pin_13111_40-34K2L_plans&utm_term=proekty-domov-s-planirovkami,,"двухэтажные дома с планировкой, проект дома 40-34K2L, дом 319,18 м², 2 этажа, планировка дома, планы этажей, готовый проект дома, кирпич, catalog-plans.ru"
