Title,Media URL,Pinterest board,Thumbnail,Description,Link,Publish date,Keywords
"Проект дома №40-11QA2L площадью 295,76 м²",https://raw.githubusercontent.com/nemchenik/test/71aeafab72585981d8bac0d254113fba50d6af68/pinterest/generated_batch_50_arctic_frost_static/40-11QA2L.jpg,Проекты частных домов,,"Готовый проект дома №40-11QA2L площадью 295,76 м²: 3 этажа, габариты 13.54×17.18 м, материал стен — газобетон. На карточке показана архитектурная визуализация и основные характеристики. Сохраните проект для вдохновения и откройте каталог, чтобы узнать подробности и актуальную стоимость.",https://catalog-plans.ru/catalog/40-11QA2L?utm_source=pinterest&utm_medium=organic&utm_campaign=generated_arctic_frost_static_batch_50&utm_content=pin_9312_40-11QA2L_arctic&utm_term=proekty-chastnyh-domov,,"проект дома 40-11QA2L, проект дома 295,76 м², готовый проект дома, архитектурная визуализация, характеристики дома, частный дом, газобетон, catalog-plans.ru"
"Проект дома №47-21 площадью 114,8 м²",https://raw.githubusercontent.com/nemchenik/test/71aeafab72585981d8bac0d254113fba50d6af68/pinterest/generated_batch_50_arctic_frost_static/47-21.jpg,Проекты частных домов,,"Готовый проект дома №47-21 площадью 114,8 м²: 2 этажа, габариты 7.5×9 м, материал стен — газобетон. На карточке показана архитектурная визуализация и основные характеристики. Сохраните проект для вдохновения и откройте каталог, чтобы узнать подробности и актуальную стоимость.",https://catalog-plans.ru/catalog/47-21?utm_source=pinterest&utm_medium=organic&utm_campaign=generated_arctic_frost_static_batch_50&utm_content=pin_9313_47-21_arctic&utm_term=proekty-chastnyh-domov,,"проект дома 47-21, проект дома 114,8 м², готовый проект дома, архитектурная визуализация, характеристики дома, частный дом, газобетон, catalog-plans.ru"
"Проект дома №40-45HG2L площадью 479,58 м²",https://raw.githubusercontent.com/nemchenik/test/71aeafab72585981d8bac0d254113fba50d6af68/pinterest/generated_batch_50_arctic_frost_static/40-45HG2L.jpg,Проекты частных домов,,"Готовый проект дома №40-45HG2L площадью 479,58 м²: 2 этажа, габариты 20.8×19.5 м, материал стен — газобетон. На карточке показана архитектурная визуализация и основные характеристики. Сохраните проект для вдохновения и откройте каталог, чтобы узнать подробности и актуальную стоимость.",https://catalog-plans.ru/catalog/40-45HG2L?utm_source=pinterest&utm_medium=organic&utm_campaign=generated_arctic_frost_static_batch_50&utm_content=pin_9314_40-45HG2L_arctic&utm_term=proekty-chastnyh-domov,,"проект дома 40-45HG2L, проект дома 479,58 м², готовый проект дома, архитектурная визуализация, характеристики дома, частный дом, газобетон, catalog-plans.ru"
"Проект дома №57-52L площадью 171,05 м²",https://raw.githubusercontent.com/nemchenik/test/71aeafab72585981d8bac0d254113fba50d6af68/pinterest/generated_batch_50_arctic_frost_static/57-52L.jpg,Проекты частных домов,,"Готовый проект дома №57-52L площадью 171,05 м²: 2 этажа, габариты 11.16×14.36 м, материал стен — газобетон. На карточке показана архитектурная визуализация и основные характеристики. Сохраните проект для вдохновения и откройте каталог, чтобы узнать подробности и актуальную стоимость.",https://catalog-plans.ru/catalog/57-52L?utm_source=pinterest&utm_medium=organic&utm_campaign=generated_arctic_frost_static_batch_50&utm_content=pin_9315_57-52L_arctic&utm_term=proekty-chastnyh-domov,,"проект дома 57-52L, проект дома 171,05 м², готовый проект дома, архитектурная визуализация, характеристики дома, частный дом, газобетон, catalog-plans.ru"
Проект дома №31-27 площадью 755 м²,https://raw.githubusercontent.com/nemchenik/test/71aeafab72585981d8bac0d254113fba50d6af68/pinterest/generated_batch_50_arctic_frost_static/31-27.jpg,Проекты частных домов,,"Готовый проект дома №31-27 площадью 755 м²: 3 этажа, габариты 16.7×41.8 м, материал стен — кирпич. На карточке показана архитектурная визуализация и основные характеристики. Сохраните проект для вдохновения и откройте каталог, чтобы узнать подробности и актуальную стоимость.",https://catalog-plans.ru/catalog/31-27?utm_source=pinterest&utm_medium=organic&utm_campaign=generated_arctic_frost_static_batch_50&utm_content=pin_9316_31-27_arctic&utm_term=proekty-chastnyh-domov,,"проект дома 31-27, проект дома 755 м², готовый проект дома, архитектурная визуализация, характеристики дома, частный дом, кирпич, catalog-plans.ru"
"Проект дома №36-37 площадью 551,3 м²",https://raw.githubusercontent.com/nemchenik/test/71aeafab72585981d8bac0d254113fba50d6af68/pinterest/generated_batch_50_arctic_frost_static/36-37.jpg,Проекты частных домов,,"Готовый проект дома №36-37 площадью 551,3 м²: 3 этажа, габариты 23.7×31.8 м, материал стен — кирпич. На карточке показана архитектурная визуализация и основные характеристики. Сохраните проект для вдохновения и откройте каталог, чтобы узнать подробности и актуальную стоимость.",https://catalog-plans.ru/catalog/36-37?utm_source=pinterest&utm_medium=organic&utm_campaign=generated_arctic_frost_static_batch_50&utm_content=pin_9317_36-37_arctic&utm_term=proekty-chastnyh-domov,,"проект дома 36-37, проект дома 551,3 м², готовый проект дома, архитектурная визуализация, характеристики дома, частный дом, кирпич, catalog-plans.ru"
"Проект дома №45-09DGL площадью 174,47 м²",https://raw.githubusercontent.com/nemchenik/test/71aeafab72585981d8bac0d254113fba50d6af68/pinterest/generated_batch_50_arctic_frost_static/45-09DGL.jpg,Проекты частных домов,,"Готовый проект дома №45-09DGL площадью 174,47 м²: 2 этажа, габариты 11.89×13.6 м, материал стен — газобетон. На карточке показана архитектурная визуализация и основные характеристики. Сохраните проект для вдохновения и откройте каталог, чтобы узнать подробности и актуальную стоимость.",https://catalog-plans.ru/catalog/45-09DGL?utm_source=pinterest&utm_medium=organic&utm_campaign=generated_arctic_frost_static_batch_50&utm_content=pin_9318_45-09DGL_arctic&utm_term=proekty-chastnyh-domov,,"проект дома 45-09DGL, проект дома 174,47 м², готовый проект дома, архитектурная визуализация, характеристики дома, частный дом, газобетон, catalog-plans.ru"
"Проект дома №58-28DKL площадью 165,79 м²",https://raw.githubusercontent.com/nemchenik/test/71aeafab72585981d8bac0d254113fba50d6af68/pinterest/generated_batch_50_arctic_frost_static/58-28DKL.jpg,Проекты частных домов,,"Готовый проект дома №58-28DKL площадью 165,79 м²: 2 этажа, габариты 10.88×13.08 м, материал стен — кирпич. На карточке показана архитектурная визуализация и основные характеристики. Сохраните проект для вдохновения и откройте каталог, чтобы узнать подробности и актуальную стоимость.",https://catalog-plans.ru/catalog/58-28DKL?utm_source=pinterest&utm_medium=organic&utm_campaign=generated_arctic_frost_static_batch_50&utm_content=pin_9319_58-28DKL_arctic&utm_term=proekty-chastnyh-domov,,"проект дома 58-28DKL, проект дома 165,79 м², готовый проект дома, архитектурная визуализация, характеристики дома, частный дом, кирпич, catalog-plans.ru"
"Проект дома №62-50AMK3L площадью 266,13 м²",https://raw.githubusercontent.com/nemchenik/test/71aeafab72585981d8bac0d254113fba50d6af68/pinterest/generated_batch_50_arctic_frost_static/62-50AMK3L.jpg,Проекты частных домов,,"Готовый проект дома №62-50AMK3L площадью 266,13 м²: 2 этажа, габариты 14.52×14.82 м, материал стен — монолитный каркас. На карточке показана архитектурная визуализация и основные характеристики. Сохраните проект для вдохновения и откройте каталог, чтобы узнать подробности и актуальную стоимость.",https://catalog-plans.ru/catalog/62-50AMK3L?utm_source=pinterest&utm_medium=organic&utm_campaign=generated_arctic_frost_static_batch_50&utm_content=pin_9320_62-50AMK3L_arctic&utm_term=proekty-chastnyh-domov,,"проект дома 62-50AMK3L, проект дома 266,13 м², готовый проект дома, архитектурная визуализация, характеристики дома, частный дом, монолитный каркас, catalog-plans.ru"
"Проект дома №59-98TAGL площадью 177,63 м²",https://raw.githubusercontent.com/nemchenik/test/71aeafab72585981d8bac0d254113fba50d6af68/pinterest/generated_batch_50_arctic_frost_static/59-98TAGL.jpg,Проекты частных домов,,"Готовый проект дома №59-98TAGL площадью 177,63 м²: 2 этажа, габариты 10.34×12.04 м, материал стен — газобетон. На карточке показана архитектурная визуализация и основные характеристики. Сохраните проект для вдохновения и откройте каталог, чтобы узнать подробности и актуальную стоимость.",https://catalog-plans.ru/catalog/59-98TAGL?utm_source=pinterest&utm_medium=organic&utm_campaign=generated_arctic_frost_static_batch_50&utm_content=pin_9321_59-98TAGL_arctic&utm_term=proekty-chastnyh-domov,,"проект дома 59-98TAGL, проект дома 177,63 м², готовый проект дома, архитектурная визуализация, характеристики дома, частный дом, газобетон, catalog-plans.ru"
Проект дома №62-43DL площадью 147 м²,https://raw.githubusercontent.com/nemchenik/test/71aeafab72585981d8bac0d254113fba50d6af68/pinterest/generated_batch_50_arctic_frost_static/62-43DL.jpg,Проекты частных домов,,"Готовый проект дома №62-43DL площадью 147 м²: 1 этаж, габариты 11.78×15.7 м, материал стен — газобетон. На карточке показана архитектурная визуализация и основные характеристики. Сохраните проект для вдохновения и откройте каталог, чтобы узнать подробности и актуальную стоимость.",https://catalog-plans.ru/catalog/62-43DL?utm_source=pinterest&utm_medium=organic&utm_campaign=generated_arctic_frost_static_batch_50&utm_content=pin_9322_62-43DL_arctic&utm_term=proekty-chastnyh-domov,,"проект дома 62-43DL, проект дома 147 м², готовый проект дома, архитектурная визуализация, характеристики дома, частный дом, газобетон, catalog-plans.ru"
"Проект дома №36-18 площадью 455,3 м²",https://raw.githubusercontent.com/nemchenik/test/71aeafab72585981d8bac0d254113fba50d6af68/pinterest/generated_batch_50_arctic_frost_static/36-18.jpg,Проекты частных домов,,"Готовый проект дома №36-18 площадью 455,3 м²: 2 этажа, габариты 19.34×23.07 м, материал стен — кирпич. На карточке показана архитектурная визуализация и основные характеристики. Сохраните проект для вдохновения и откройте каталог, чтобы узнать подробности и актуальную стоимость.",https://catalog-plans.ru/catalog/36-18?utm_source=pinterest&utm_medium=organic&utm_campaign=generated_arctic_frost_static_batch_50&utm_content=pin_9323_36-18_arctic&utm_term=proekty-chastnyh-domov,,"проект дома 36-18, проект дома 455,3 м², готовый проект дома, архитектурная визуализация, характеристики дома, частный дом, кирпич, catalog-plans.ru"
"Проект дома №62-07AF площадью 218,8 м²",https://raw.githubusercontent.com/nemchenik/test/71aeafab72585981d8bac0d254113fba50d6af68/pinterest/generated_batch_50_arctic_frost_static/62-07AF.jpg,Проекты частных домов,,"Готовый проект дома №62-07AF площадью 218,8 м²: 2 этажа, габариты 12.2×13.95 м, материал стен — газобетон. На карточке показана архитектурная визуализация и основные характеристики. Сохраните проект для вдохновения и откройте каталог, чтобы узнать подробности и актуальную стоимость.",https://catalog-plans.ru/catalog/62-07AF?utm_source=pinterest&utm_medium=organic&utm_campaign=generated_arctic_frost_static_batch_50&utm_content=pin_9324_62-07AF_arctic&utm_term=proekty-chastnyh-domov,,"проект дома 62-07AF, проект дома 218,8 м², готовый проект дома, архитектурная визуализация, характеристики дома, частный дом, газобетон, catalog-plans.ru"
"Проект дома №54-96 площадью 275,5 м²",https://raw.githubusercontent.com/nemchenik/test/71aeafab72585981d8bac0d254113fba50d6af68/pinterest/generated_batch_50_arctic_frost_static/54-96.jpg,Проекты частных домов,,"Готовый проект дома №54-96 площадью 275,5 м²: 2 этажа, габариты 15.2×16.7 м, материал стен — газобетон. На карточке показана архитектурная визуализация и основные характеристики. Сохраните проект для вдохновения и откройте каталог, чтобы узнать подробности и актуальную стоимость.",https://catalog-plans.ru/catalog/54-96?utm_source=pinterest&utm_medium=organic&utm_campaign=generated_arctic_frost_static_batch_50&utm_content=pin_9325_54-96_arctic&utm_term=proekty-chastnyh-domov,,"проект дома 54-96, проект дома 275,5 м², готовый проект дома, архитектурная визуализация, характеристики дома, частный дом, газобетон, catalog-plans.ru"
"Проект дома №57-07JK1 площадью 133,05 м²",https://raw.githubusercontent.com/nemchenik/test/71aeafab72585981d8bac0d254113fba50d6af68/pinterest/generated_batch_50_arctic_frost_static/57-07JK1.jpg,Проекты частных домов,,"Готовый проект дома №57-07JK1 площадью 133,05 м²: 2 этажа, габариты 8.41×11.81 м, материал стен — кирпич. На карточке показана архитектурная визуализация и основные характеристики. Сохраните проект для вдохновения и откройте каталог, чтобы узнать подробности и актуальную стоимость.",https://catalog-plans.ru/catalog/57-07JK1?utm_source=pinterest&utm_medium=organic&utm_campaign=generated_arctic_frost_static_batch_50&utm_content=pin_9326_57-07JK1_arctic&utm_term=proekty-chastnyh-domov,,"проект дома 57-07JK1, проект дома 133,05 м², готовый проект дома, архитектурная визуализация, характеристики дома, частный дом, кирпич, catalog-plans.ru"
"Проект дома №46-09AX площадью 158,9 м²",https://raw.githubusercontent.com/nemchenik/test/71aeafab72585981d8bac0d254113fba50d6af68/pinterest/generated_batch_50_arctic_frost_static/46-09AX.jpg,Проекты частных домов,,"Готовый проект дома №46-09AX площадью 158,9 м²: 1 этаж, габариты 14.16×20.13 м, материал стен — блоки из ракушечника 400. На карточке показана архитектурная визуализация и основные характеристики. Сохраните проект для вдохновения и откройте каталог, чтобы узнать подробности и актуальную стоимость.",https://catalog-plans.ru/catalog/46-09AX?utm_source=pinterest&utm_medium=organic&utm_campaign=generated_arctic_frost_static_batch_50&utm_content=pin_9327_46-09AX_arctic&utm_term=proekty-chastnyh-domov,,"проект дома 46-09AX, проект дома 158,9 м², готовый проект дома, архитектурная визуализация, характеристики дома, частный дом, блоки из ракушечника 400, catalog-plans.ru"
"Проект дома №46-08FGL площадью 318,65 м²",https://raw.githubusercontent.com/nemchenik/test/71aeafab72585981d8bac0d254113fba50d6af68/pinterest/generated_batch_50_arctic_frost_static/46-08FGL.jpg,Проекты частных домов,,"Готовый проект дома №46-08FGL площадью 318,65 м²: 2 этажа, габариты 14.49×26.4 м, материал стен — газобетон. На карточке показана архитектурная визуализация и основные характеристики. Сохраните проект для вдохновения и откройте каталог, чтобы узнать подробности и актуальную стоимость.",https://catalog-plans.ru/catalog/46-08FGL?utm_source=pinterest&utm_medium=organic&utm_campaign=generated_arctic_frost_static_batch_50&utm_content=pin_9328_46-08FGL_arctic&utm_term=proekty-chastnyh-domov,,"проект дома 46-08FGL, проект дома 318,65 м², готовый проект дома, архитектурная визуализация, характеристики дома, частный дом, газобетон, catalog-plans.ru"
"Проект дома №59-97L площадью 150,6 м²",https://raw.githubusercontent.com/nemchenik/test/71aeafab72585981d8bac0d254113fba50d6af68/pinterest/generated_batch_50_arctic_frost_static/59-97L.jpg,Проекты частных домов,,"Готовый проект дома №59-97L площадью 150,6 м²: 2 этажа, габариты 10.68×11.8 м, материал стен — газобетон. На карточке показана архитектурная визуализация и основные характеристики. Сохраните проект для вдохновения и откройте каталог, чтобы узнать подробности и актуальную стоимость.",https://catalog-plans.ru/catalog/59-97L?utm_source=pinterest&utm_medium=organic&utm_campaign=generated_arctic_frost_static_batch_50&utm_content=pin_9329_59-97L_arctic&utm_term=proekty-chastnyh-domov,,"проект дома 59-97L, проект дома 150,6 м², готовый проект дома, архитектурная визуализация, характеристики дома, частный дом, газобетон, catalog-plans.ru"
"Проект дома №46-31AK1 площадью 526,85 м²",https://raw.githubusercontent.com/nemchenik/test/71aeafab72585981d8bac0d254113fba50d6af68/pinterest/generated_batch_50_arctic_frost_static/46-31AK1.jpg,Проекты частных домов,,"Готовый проект дома №46-31AK1 площадью 526,85 м²: 2 этажа, габариты 18.44×45.66 м, материал стен — монолитный каркас. На карточке показана архитектурная визуализация и основные характеристики. Сохраните проект для вдохновения и откройте каталог, чтобы узнать подробности и актуальную стоимость.",https://catalog-plans.ru/catalog/46-31AK1?utm_source=pinterest&utm_medium=organic&utm_campaign=generated_arctic_frost_static_batch_50&utm_content=pin_9330_46-31AK1_arctic&utm_term=proekty-chastnyh-domov,,"проект дома 46-31AK1, проект дома 526,85 м², готовый проект дома, архитектурная визуализация, характеристики дома, частный дом, монолитный каркас, catalog-plans.ru"
"Проект дома №68-07 площадью 223,75 м²",https://raw.githubusercontent.com/nemchenik/test/71aeafab72585981d8bac0d254113fba50d6af68/pinterest/generated_batch_50_arctic_frost_static/68-07.jpg,Проекты частных домов,,"Готовый проект дома №68-07 площадью 223,75 м²: 1 этаж, габариты 18.9×18.9 м, материал стен — газобетон. На карточке показана архитектурная визуализация и основные характеристики. Сохраните проект для вдохновения и откройте каталог, чтобы узнать подробности и актуальную стоимость.",https://catalog-plans.ru/catalog/68-07?utm_source=pinterest&utm_medium=organic&utm_campaign=generated_arctic_frost_static_batch_50&utm_content=pin_9331_68-07_arctic&utm_term=proekty-chastnyh-domov,,"проект дома 68-07, проект дома 223,75 м², готовый проект дома, архитектурная визуализация, характеристики дома, частный дом, газобетон, catalog-plans.ru"
"Проект дома №68-25M площадью 465,86 м²",https://raw.githubusercontent.com/nemchenik/test/71aeafab72585981d8bac0d254113fba50d6af68/pinterest/generated_batch_50_arctic_frost_static/68-25M.jpg,Проекты частных домов,,"Готовый проект дома №68-25M площадью 465,86 м²: 2 этажа, габариты 20×21.34 м, материал стен — монолитный каркас. На карточке показана архитектурная визуализация и основные характеристики. Сохраните проект для вдохновения и откройте каталог, чтобы узнать подробности и актуальную стоимость.",https://catalog-plans.ru/catalog/68-25M?utm_source=pinterest&utm_medium=organic&utm_campaign=generated_arctic_frost_static_batch_50&utm_content=pin_9332_68-25M_arctic&utm_term=proekty-chastnyh-domov,,"проект дома 68-25M, проект дома 465,86 м², готовый проект дома, архитектурная визуализация, характеристики дома, частный дом, монолитный каркас, catalog-plans.ru"
"Проект дома №57-12ABK2L площадью 260,17 м²",https://raw.githubusercontent.com/nemchenik/test/71aeafab72585981d8bac0d254113fba50d6af68/pinterest/generated_batch_50_arctic_frost_static/57-12ABK2L.jpg,Проекты частных домов,,"Готовый проект дома №57-12ABK2L площадью 260,17 м²: 3 этажа, габариты 11.49×12.59 м, материал стен — кирпич. На карточке показана архитектурная визуализация и основные характеристики. Сохраните проект для вдохновения и откройте каталог, чтобы узнать подробности и актуальную стоимость.",https://catalog-plans.ru/catalog/57-12ABK2L?utm_source=pinterest&utm_medium=organic&utm_campaign=generated_arctic_frost_static_batch_50&utm_content=pin_9333_57-12ABK2L_arctic&utm_term=proekty-chastnyh-domov,,"проект дома 57-12ABK2L, проект дома 260,17 м², готовый проект дома, архитектурная визуализация, характеристики дома, частный дом, кирпич, catalog-plans.ru"
"Проект дома №58-92XL площадью 155,79 м²",https://raw.githubusercontent.com/nemchenik/test/71aeafab72585981d8bac0d254113fba50d6af68/pinterest/generated_batch_50_arctic_frost_static/58-92XL.jpg,Проекты частных домов,,"Готовый проект дома №58-92XL площадью 155,79 м²: 2 этажа, габариты 10.86×13.58 м, материал стен — газобетон. На карточке показана архитектурная визуализация и основные характеристики. Сохраните проект для вдохновения и откройте каталог, чтобы узнать подробности и актуальную стоимость.",https://catalog-plans.ru/catalog/58-92XL?utm_source=pinterest&utm_medium=organic&utm_campaign=generated_arctic_frost_static_batch_50&utm_content=pin_9334_58-92XL_arctic&utm_term=proekty-chastnyh-domov,,"проект дома 58-92XL, проект дома 155,79 м², готовый проект дома, архитектурная визуализация, характеристики дома, частный дом, газобетон, catalog-plans.ru"
"Проект дома №57-60HL площадью 211,36 м²",https://raw.githubusercontent.com/nemchenik/test/71aeafab72585981d8bac0d254113fba50d6af68/pinterest/generated_batch_50_arctic_frost_static/57-60HL.jpg,Проекты частных домов,,"Готовый проект дома №57-60HL площадью 211,36 м²: 2 этажа, габариты 12.46×13.28 м, материал стен — газобетон. На карточке показана архитектурная визуализация и основные характеристики. Сохраните проект для вдохновения и откройте каталог, чтобы узнать подробности и актуальную стоимость.",https://catalog-plans.ru/catalog/57-60HL?utm_source=pinterest&utm_medium=organic&utm_campaign=generated_arctic_frost_static_batch_50&utm_content=pin_9335_57-60HL_arctic&utm_term=proekty-chastnyh-domov,,"проект дома 57-60HL, проект дома 211,36 м², готовый проект дома, архитектурная визуализация, характеристики дома, частный дом, газобетон, catalog-plans.ru"
"Проект дома №40-20G площадью 305,73 м²",https://raw.githubusercontent.com/nemchenik/test/71aeafab72585981d8bac0d254113fba50d6af68/pinterest/generated_batch_50_arctic_frost_static/40-20G.jpg,Проекты частных домов,,"Готовый проект дома №40-20G площадью 305,73 м²: 2 этажа, габариты 11.2×14.46 м, материал стен — газобетон. На карточке показана архитектурная визуализация и основные характеристики. Сохраните проект для вдохновения и откройте каталог, чтобы узнать подробности и актуальную стоимость.",https://catalog-plans.ru/catalog/40-20G?utm_source=pinterest&utm_medium=organic&utm_campaign=generated_arctic_frost_static_batch_50&utm_content=pin_9336_40-20G_arctic&utm_term=proekty-chastnyh-domov,,"проект дома 40-20G, проект дома 305,73 м², готовый проект дома, архитектурная визуализация, характеристики дома, частный дом, газобетон, catalog-plans.ru"
"Проект дома №45-64NZBK2 площадью 218,17 м²",https://raw.githubusercontent.com/nemchenik/test/71aeafab72585981d8bac0d254113fba50d6af68/pinterest/generated_batch_50_arctic_frost_static/45-64NZBK2.jpg,Проекты частных домов,,"Готовый проект дома №45-64NZBK2 площадью 218,17 м²: 2 этажа, габариты 11.78×13.81 м, материал стен — кирпич. На карточке показана архитектурная визуализация и основные характеристики. Сохраните проект для вдохновения и откройте каталог, чтобы узнать подробности и актуальную стоимость.",https://catalog-plans.ru/catalog/45-64NZBK2?utm_source=pinterest&utm_medium=organic&utm_campaign=generated_arctic_frost_static_batch_50&utm_content=pin_9337_45-64NZBK2_arctic&utm_term=proekty-chastnyh-domov,,"проект дома 45-64NZBK2, проект дома 218,17 м², готовый проект дома, архитектурная визуализация, характеристики дома, частный дом, кирпич, catalog-plans.ru"
"Проект дома №57-60NCKL площадью 251,56 м²",https://raw.githubusercontent.com/nemchenik/test/71aeafab72585981d8bac0d254113fba50d6af68/pinterest/generated_batch_50_arctic_frost_static/57-60NCKL.jpg,Проекты частных домов,,"Готовый проект дома №57-60NCKL площадью 251,56 м²: 2 этажа, габариты 14.435×12.54 м, материал стен — кирпич. На карточке показана архитектурная визуализация и основные характеристики. Сохраните проект для вдохновения и откройте каталог, чтобы узнать подробности и актуальную стоимость.",https://catalog-plans.ru/catalog/57-60NCKL?utm_source=pinterest&utm_medium=organic&utm_campaign=generated_arctic_frost_static_batch_50&utm_content=pin_9338_57-60NCKL_arctic&utm_term=proekty-chastnyh-domov,,"проект дома 57-60NCKL, проект дома 251,56 м², готовый проект дома, архитектурная визуализация, характеристики дома, частный дом, кирпич, catalog-plans.ru"
"Проект дома №45-64TAML площадью 279,45 м²",https://raw.githubusercontent.com/nemchenik/test/71aeafab72585981d8bac0d254113fba50d6af68/pinterest/generated_batch_50_arctic_frost_static/45-64TAML.jpg,Проекты частных домов,,"Готовый проект дома №45-64TAML площадью 279,45 м²: 1 этаж, габариты 18.57×27.24 м, материал стен — монолитный каркас. На карточке показана архитектурная визуализация и основные характеристики. Сохраните проект для вдохновения и откройте каталог, чтобы узнать подробности и актуальную стоимость.",https://catalog-plans.ru/catalog/45-64TAML?utm_source=pinterest&utm_medium=organic&utm_campaign=generated_arctic_frost_static_batch_50&utm_content=pin_9339_45-64TAML_arctic&utm_term=proekty-chastnyh-domov,,"проект дома 45-64TAML, проект дома 279,45 м², готовый проект дома, архитектурная визуализация, характеристики дома, частный дом, монолитный каркас, catalog-plans.ru"
"Проект дома №33-23 площадью 146,3 м²",https://raw.githubusercontent.com/nemchenik/test/71aeafab72585981d8bac0d254113fba50d6af68/pinterest/generated_batch_50_arctic_frost_static/33-23.jpg,Проекты частных домов,,"Готовый проект дома №33-23 площадью 146,3 м²: 2 этажа, габариты 10.9×16.2 м, материал стен — кирпич. На карточке показана архитектурная визуализация и основные характеристики. Сохраните проект для вдохновения и откройте каталог, чтобы узнать подробности и актуальную стоимость.",https://catalog-plans.ru/catalog/33-23?utm_source=pinterest&utm_medium=organic&utm_campaign=generated_arctic_frost_static_batch_50&utm_content=pin_9340_33-23_arctic&utm_term=proekty-chastnyh-domov,,"проект дома 33-23, проект дома 146,3 м², готовый проект дома, архитектурная визуализация, характеристики дома, частный дом, кирпич, catalog-plans.ru"
"Проект дома №62-20AK1 площадью 190,9 м²",https://raw.githubusercontent.com/nemchenik/test/71aeafab72585981d8bac0d254113fba50d6af68/pinterest/generated_batch_50_arctic_frost_static/62-20AK1.jpg,Проекты частных домов,,"Готовый проект дома №62-20AK1 площадью 190,9 м²: 2 этажа, габариты 12.22×13.86 м, материал стен — кирпич. На карточке показана архитектурная визуализация и основные характеристики. Сохраните проект для вдохновения и откройте каталог, чтобы узнать подробности и актуальную стоимость.",https://catalog-plans.ru/catalog/62-20AK1?utm_source=pinterest&utm_medium=organic&utm_campaign=generated_arctic_frost_static_batch_50&utm_content=pin_9341_62-20AK1_arctic&utm_term=proekty-chastnyh-domov,,"проект дома 62-20AK1, проект дома 190,9 м², готовый проект дома, архитектурная визуализация, характеристики дома, частный дом, кирпич, catalog-plans.ru"
"Проект дома №45-51BL площадью 190,86 м²",https://raw.githubusercontent.com/nemchenik/test/71aeafab72585981d8bac0d254113fba50d6af68/pinterest/generated_batch_50_arctic_frost_static/45-51BL.jpg,Проекты частных домов,,"Готовый проект дома №45-51BL площадью 190,86 м²: 2 этажа, габариты 12.07×15.94 м, материал стен — керамзитобетон. На карточке показана архитектурная визуализация и основные характеристики. Сохраните проект для вдохновения и откройте каталог, чтобы узнать подробности и актуальную стоимость.",https://catalog-plans.ru/catalog/45-51BL?utm_source=pinterest&utm_medium=organic&utm_campaign=generated_arctic_frost_static_batch_50&utm_content=pin_9342_45-51BL_arctic&utm_term=proekty-chastnyh-domov,,"проект дома 45-51BL, проект дома 190,86 м², готовый проект дома, архитектурная визуализация, характеристики дома, частный дом, керамзитобетон, catalog-plans.ru"
Проект дома №35-74 площадью 349 м²,https://raw.githubusercontent.com/nemchenik/test/71aeafab72585981d8bac0d254113fba50d6af68/pinterest/generated_batch_50_arctic_frost_static/35-74.jpg,Проекты частных домов,,"Готовый проект дома №35-74 площадью 349 м²: 3 этажа, габариты 19.5×21.3 м, материал стен — кирпич. На карточке показана архитектурная визуализация и основные характеристики. Сохраните проект для вдохновения и откройте каталог, чтобы узнать подробности и актуальную стоимость.",https://catalog-plans.ru/catalog/35-74?utm_source=pinterest&utm_medium=organic&utm_campaign=generated_arctic_frost_static_batch_50&utm_content=pin_9343_35-74_arctic&utm_term=proekty-chastnyh-domov,,"проект дома 35-74, проект дома 349 м², готовый проект дома, архитектурная визуализация, характеристики дома, частный дом, кирпич, catalog-plans.ru"
Проект дома №91-31K3L площадью 14 м²,https://raw.githubusercontent.com/nemchenik/test/71aeafab72585981d8bac0d254113fba50d6af68/pinterest/generated_batch_50_arctic_frost_static/91-31K3L.jpg,Проекты частных домов,,"Готовый проект дома №91-31K3L площадью 14 м²: 1 этаж, габариты 4×6 м, материал стен — кирпич. На карточке показана архитектурная визуализация и основные характеристики. Сохраните проект для вдохновения и откройте каталог, чтобы узнать подробности и актуальную стоимость.",https://catalog-plans.ru/catalog/91-31K3L?utm_source=pinterest&utm_medium=organic&utm_campaign=generated_arctic_frost_static_batch_50&utm_content=pin_9344_91-31K3L_arctic&utm_term=proekty-chastnyh-domov,,"проект дома 91-31K3L, проект дома 14 м², готовый проект дома, архитектурная визуализация, характеристики дома, частный дом, кирпич, catalog-plans.ru"
"Проект дома №71-08AG площадью 162,63 м²",https://raw.githubusercontent.com/nemchenik/test/71aeafab72585981d8bac0d254113fba50d6af68/pinterest/generated_batch_50_arctic_frost_static/71-08AG.jpg,Проекты частных домов,,"Готовый проект дома №71-08AG площадью 162,63 м²: 1 этаж, габариты 13.7×15.1 м, материал стен — газобетон. На карточке показана архитектурная визуализация и основные характеристики. Сохраните проект для вдохновения и откройте каталог, чтобы узнать подробности и актуальную стоимость.",https://catalog-plans.ru/catalog/71-08AG?utm_source=pinterest&utm_medium=organic&utm_campaign=generated_arctic_frost_static_batch_50&utm_content=pin_9345_71-08AG_arctic&utm_term=proekty-chastnyh-domov,,"проект дома 71-08AG, проект дома 162,63 м², готовый проект дома, архитектурная визуализация, характеристики дома, частный дом, газобетон, catalog-plans.ru"
"Проект дома №48-29H площадью 320,17 м²",https://raw.githubusercontent.com/nemchenik/test/71aeafab72585981d8bac0d254113fba50d6af68/pinterest/generated_batch_50_arctic_frost_static/48-29H.jpg,Проекты частных домов,,"Готовый проект дома №48-29H площадью 320,17 м²: 2 этажа, габариты 13.92×24.32 м, материал стен — кирпич. На карточке показана архитектурная визуализация и основные характеристики. Сохраните проект для вдохновения и откройте каталог, чтобы узнать подробности и актуальную стоимость.",https://catalog-plans.ru/catalog/48-29H?utm_source=pinterest&utm_medium=organic&utm_campaign=generated_arctic_frost_static_batch_50&utm_content=pin_9346_48-29H_arctic&utm_term=proekty-chastnyh-domov,,"проект дома 48-29H, проект дома 320,17 м², готовый проект дома, архитектурная визуализация, характеристики дома, частный дом, кирпич, catalog-plans.ru"
"Проект дома №30-35 площадью 336,1 м²",https://raw.githubusercontent.com/nemchenik/test/71aeafab72585981d8bac0d254113fba50d6af68/pinterest/generated_batch_50_arctic_frost_static/30-35.jpg,Проекты частных домов,,"Готовый проект дома №30-35 площадью 336,1 м²: 3 этажа, габариты 13.2×13.2 м, материал стен — кирпич. На карточке показана архитектурная визуализация и основные характеристики. Сохраните проект для вдохновения и откройте каталог, чтобы узнать подробности и актуальную стоимость.",https://catalog-plans.ru/catalog/30-35?utm_source=pinterest&utm_medium=organic&utm_campaign=generated_arctic_frost_static_batch_50&utm_content=pin_9347_30-35_arctic&utm_term=proekty-chastnyh-domov,,"проект дома 30-35, проект дома 336,1 м², готовый проект дома, архитектурная визуализация, характеристики дома, частный дом, кирпич, catalog-plans.ru"
"Проект дома №61-23A площадью 156,91 м²",https://raw.githubusercontent.com/nemchenik/test/71aeafab72585981d8bac0d254113fba50d6af68/pinterest/generated_batch_50_arctic_frost_static/61-23A.jpg,Проекты частных домов,,"Готовый проект дома №61-23A площадью 156,91 м²: 2 этажа, габариты 8.4×10.4 м, материал стен — газобетон. На карточке показана архитектурная визуализация и основные характеристики. Сохраните проект для вдохновения и откройте каталог, чтобы узнать подробности и актуальную стоимость.",https://catalog-plans.ru/catalog/61-23A?utm_source=pinterest&utm_medium=organic&utm_campaign=generated_arctic_frost_static_batch_50&utm_content=pin_9348_61-23A_arctic&utm_term=proekty-chastnyh-domov,,"проект дома 61-23A, проект дома 156,91 м², готовый проект дома, архитектурная визуализация, характеристики дома, частный дом, газобетон, catalog-plans.ru"
"Проект дома №60-47 площадью 136,54 м²",https://raw.githubusercontent.com/nemchenik/test/71aeafab72585981d8bac0d254113fba50d6af68/pinterest/generated_batch_50_arctic_frost_static/60-47.jpg,Проекты частных домов,,"Готовый проект дома №60-47 площадью 136,54 м²: 1 этаж, габариты 10×13 м, материал стен — газобетон. На карточке показана архитектурная визуализация и основные характеристики. Сохраните проект для вдохновения и откройте каталог, чтобы узнать подробности и актуальную стоимость.",https://catalog-plans.ru/catalog/60-47?utm_source=pinterest&utm_medium=organic&utm_campaign=generated_arctic_frost_static_batch_50&utm_content=pin_9349_60-47_arctic&utm_term=proekty-chastnyh-domov,,"проект дома 60-47, проект дома 136,54 м², готовый проект дома, архитектурная визуализация, характеристики дома, частный дом, газобетон, catalog-plans.ru"
"Проект дома №68-65 площадью 181,61 м²",https://raw.githubusercontent.com/nemchenik/test/71aeafab72585981d8bac0d254113fba50d6af68/pinterest/generated_batch_50_arctic_frost_static/68-65.jpg,Проекты частных домов,,"Готовый проект дома №68-65 площадью 181,61 м²: 2 этажа, габариты 10.5×12 м, материал стен — газобетон. На карточке показана архитектурная визуализация и основные характеристики. Сохраните проект для вдохновения и откройте каталог, чтобы узнать подробности и актуальную стоимость.",https://catalog-plans.ru/catalog/68-65?utm_source=pinterest&utm_medium=organic&utm_campaign=generated_arctic_frost_static_batch_50&utm_content=pin_9350_68-65_arctic&utm_term=proekty-chastnyh-domov,,"проект дома 68-65, проект дома 181,61 м², готовый проект дома, архитектурная визуализация, характеристики дома, частный дом, газобетон, catalog-plans.ru"
"Проект дома №40-07BL площадью 224,44 м²",https://raw.githubusercontent.com/nemchenik/test/71aeafab72585981d8bac0d254113fba50d6af68/pinterest/generated_batch_50_arctic_frost_static/40-07BL.jpg,Проекты частных домов,,"Готовый проект дома №40-07BL площадью 224,44 м²: 2 этажа, габариты 12.48×12.48 м, материал стен — кирпич. На карточке показана архитектурная визуализация и основные характеристики. Сохраните проект для вдохновения и откройте каталог, чтобы узнать подробности и актуальную стоимость.",https://catalog-plans.ru/catalog/40-07BL?utm_source=pinterest&utm_medium=organic&utm_campaign=generated_arctic_frost_static_batch_50&utm_content=pin_9351_40-07BL_arctic&utm_term=proekty-chastnyh-domov,,"проект дома 40-07BL, проект дома 224,44 м², готовый проект дома, архитектурная визуализация, характеристики дома, частный дом, кирпич, catalog-plans.ru"
"Проект дома №57-74HAK1L площадью 375,71 м²",https://raw.githubusercontent.com/nemchenik/test/71aeafab72585981d8bac0d254113fba50d6af68/pinterest/generated_batch_50_arctic_frost_static/57-74HAK1L.jpg,Проекты частных домов,,"Готовый проект дома №57-74HAK1L площадью 375,71 м²: 2 этажа, габариты 14.61×14.62 м, материал стен — кирпич. На карточке показана архитектурная визуализация и основные характеристики. Сохраните проект для вдохновения и откройте каталог, чтобы узнать подробности и актуальную стоимость.",https://catalog-plans.ru/catalog/57-74HAK1L?utm_source=pinterest&utm_medium=organic&utm_campaign=generated_arctic_frost_static_batch_50&utm_content=pin_9352_57-74HAK1L_arctic&utm_term=proekty-chastnyh-domov,,"проект дома 57-74HAK1L, проект дома 375,71 м², готовый проект дома, архитектурная визуализация, характеристики дома, частный дом, кирпич, catalog-plans.ru"
"Проект дома №49-01 площадью 265,94 м²",https://raw.githubusercontent.com/nemchenik/test/71aeafab72585981d8bac0d254113fba50d6af68/pinterest/generated_batch_50_arctic_frost_static/49-01.jpg,Проекты частных домов,,"Готовый проект дома №49-01 площадью 265,94 м²: 2 этажа, габариты 15.5×18.89 м, материал стен — кирпич. На карточке показана архитектурная визуализация и основные характеристики. Сохраните проект для вдохновения и откройте каталог, чтобы узнать подробности и актуальную стоимость.",https://catalog-plans.ru/catalog/49-01?utm_source=pinterest&utm_medium=organic&utm_campaign=generated_arctic_frost_static_batch_50&utm_content=pin_9353_49-01_arctic&utm_term=proekty-chastnyh-domov,,"проект дома 49-01, проект дома 265,94 м², готовый проект дома, архитектурная визуализация, характеристики дома, частный дом, кирпич, catalog-plans.ru"
"Проект дома №57-62TL площадью 199,52 м²",https://raw.githubusercontent.com/nemchenik/test/71aeafab72585981d8bac0d254113fba50d6af68/pinterest/generated_batch_50_arctic_frost_static/57-62TL.jpg,Проекты частных домов,,"Готовый проект дома №57-62TL площадью 199,52 м²: 2 этажа, габариты 12×14.44 м, материал стен — газобетон. На карточке показана архитектурная визуализация и основные характеристики. Сохраните проект для вдохновения и откройте каталог, чтобы узнать подробности и актуальную стоимость.",https://catalog-plans.ru/catalog/57-62TL?utm_source=pinterest&utm_medium=organic&utm_campaign=generated_arctic_frost_static_batch_50&utm_content=pin_9354_57-62TL_arctic&utm_term=proekty-chastnyh-domov,,"проект дома 57-62TL, проект дома 199,52 м², готовый проект дома, архитектурная визуализация, характеристики дома, частный дом, газобетон, catalog-plans.ru"
"Проект дома №10-36 площадью 279,7 м²",https://raw.githubusercontent.com/nemchenik/test/71aeafab72585981d8bac0d254113fba50d6af68/pinterest/generated_batch_50_arctic_frost_static/10-36.jpg,Проекты частных домов,,"Готовый проект дома №10-36 площадью 279,7 м²: 2 этажа, габариты 11.6×14 м, материал стен — дерево. На карточке показана архитектурная визуализация и основные характеристики. Сохраните проект для вдохновения и откройте каталог, чтобы узнать подробности и актуальную стоимость.",https://catalog-plans.ru/catalog/10-36?utm_source=pinterest&utm_medium=organic&utm_campaign=generated_arctic_frost_static_batch_50&utm_content=pin_9355_10-36_arctic&utm_term=proekty-chastnyh-domov,,"проект дома 10-36, проект дома 279,7 м², готовый проект дома, архитектурная визуализация, характеристики дома, частный дом, дерево, catalog-plans.ru"
"Проект дома №62-78F площадью 206,97 м²",https://raw.githubusercontent.com/nemchenik/test/71aeafab72585981d8bac0d254113fba50d6af68/pinterest/generated_batch_50_arctic_frost_static/62-78F.jpg,Проекты частных домов,,"Готовый проект дома №62-78F площадью 206,97 м²: 1 этаж, габариты 18.82×22.31 м, материал стен — газобетон. На карточке показана архитектурная визуализация и основные характеристики. Сохраните проект для вдохновения и откройте каталог, чтобы узнать подробности и актуальную стоимость.",https://catalog-plans.ru/catalog/62-78F?utm_source=pinterest&utm_medium=organic&utm_campaign=generated_arctic_frost_static_batch_50&utm_content=pin_9356_62-78F_arctic&utm_term=proekty-chastnyh-domov,,"проект дома 62-78F, проект дома 206,97 м², готовый проект дома, архитектурная визуализация, характеристики дома, частный дом, газобетон, catalog-plans.ru"
"Проект дома №48-69KB площадью 174,44 м²",https://raw.githubusercontent.com/nemchenik/test/71aeafab72585981d8bac0d254113fba50d6af68/pinterest/generated_batch_50_arctic_frost_static/48-69KB.jpg,Проекты частных домов,,"Готовый проект дома №48-69KB площадью 174,44 м²: 2 этажа, габариты 10.7×11.07 м, материал стен — монолитный каркас. На карточке показана архитектурная визуализация и основные характеристики. Сохраните проект для вдохновения и откройте каталог, чтобы узнать подробности и актуальную стоимость.",https://catalog-plans.ru/catalog/48-69KB?utm_source=pinterest&utm_medium=organic&utm_campaign=generated_arctic_frost_static_batch_50&utm_content=pin_9357_48-69KB_arctic&utm_term=proekty-chastnyh-domov,,"проект дома 48-69KB, проект дома 174,44 м², готовый проект дома, архитектурная визуализация, характеристики дома, частный дом, монолитный каркас, catalog-plans.ru"
"Проект дома №80-19 площадью 206,84 м²",https://raw.githubusercontent.com/nemchenik/test/71aeafab72585981d8bac0d254113fba50d6af68/pinterest/generated_batch_50_arctic_frost_static/80-19.jpg,Проекты частных домов,,"Готовый проект дома №80-19 площадью 206,84 м²: 2 этажа, габариты 10.92×13.42 м, материал стен — монолитный каркас. На карточке показана архитектурная визуализация и основные характеристики. Сохраните проект для вдохновения и откройте каталог, чтобы узнать подробности и актуальную стоимость.",https://catalog-plans.ru/catalog/80-19?utm_source=pinterest&utm_medium=organic&utm_campaign=generated_arctic_frost_static_batch_50&utm_content=pin_9358_80-19_arctic&utm_term=proekty-chastnyh-domov,,"проект дома 80-19, проект дома 206,84 м², готовый проект дома, архитектурная визуализация, характеристики дома, частный дом, монолитный каркас, catalog-plans.ru"
"Проект дома №80-16 площадью 339,74 м²",https://raw.githubusercontent.com/nemchenik/test/71aeafab72585981d8bac0d254113fba50d6af68/pinterest/generated_batch_50_arctic_frost_static/80-16.jpg,Проекты частных домов,,"Готовый проект дома №80-16 площадью 339,74 м²: 2 этажа, габариты 13.01×14.66 м, материал стен — монолит. На карточке показана архитектурная визуализация и основные характеристики. Сохраните проект для вдохновения и откройте каталог, чтобы узнать подробности и актуальную стоимость.",https://catalog-plans.ru/catalog/80-16?utm_source=pinterest&utm_medium=organic&utm_campaign=generated_arctic_frost_static_batch_50&utm_content=pin_9359_80-16_arctic&utm_term=proekty-chastnyh-domov,,"проект дома 80-16, проект дома 339,74 м², готовый проект дома, архитектурная визуализация, характеристики дома, частный дом, монолит, catalog-plans.ru"
"Проект дома №58-80 площадью 247,49 м²",https://raw.githubusercontent.com/nemchenik/test/71aeafab72585981d8bac0d254113fba50d6af68/pinterest/generated_batch_50_arctic_frost_static/58-80.jpg,Проекты частных домов,,"Готовый проект дома №58-80 площадью 247,49 м²: 2 этажа, габариты 9×10 м, материал стен — газобетон. На карточке показана архитектурная визуализация и основные характеристики. Сохраните проект для вдохновения и откройте каталог, чтобы узнать подробности и актуальную стоимость.",https://catalog-plans.ru/catalog/58-80?utm_source=pinterest&utm_medium=organic&utm_campaign=generated_arctic_frost_static_batch_50&utm_content=pin_9360_58-80_arctic&utm_term=proekty-chastnyh-domov,,"проект дома 58-80, проект дома 247,49 м², готовый проект дома, архитектурная визуализация, характеристики дома, частный дом, газобетон, catalog-plans.ru"
"Проект дома №58-08 площадью 265,54 м²",https://raw.githubusercontent.com/nemchenik/test/71aeafab72585981d8bac0d254113fba50d6af68/pinterest/generated_batch_50_arctic_frost_static/58-08.jpg,Проекты частных домов,,"Готовый проект дома №58-08 площадью 265,54 м²: 2 этажа, габариты 15.2×17 м, материал стен — газобетон. На карточке показана архитектурная визуализация и основные характеристики. Сохраните проект для вдохновения и откройте каталог, чтобы узнать подробности и актуальную стоимость.",https://catalog-plans.ru/catalog/58-08?utm_source=pinterest&utm_medium=organic&utm_campaign=generated_arctic_frost_static_batch_50&utm_content=pin_9361_58-08_arctic&utm_term=proekty-chastnyh-domov,,"проект дома 58-08, проект дома 265,54 м², готовый проект дома, архитектурная визуализация, характеристики дома, частный дом, газобетон, catalog-plans.ru"
"Проект дома №58-70AFBL площадью 226,89 м²",https://raw.githubusercontent.com/nemchenik/test/71aeafab72585981d8bac0d254113fba50d6af68/pinterest/generated_batch_50_arctic_frost_static/58-70AFBL.jpg,Проекты частных домов,,"Готовый проект дома №58-70AFBL площадью 226,89 м²: 2 этажа, габариты 13.5×16.32 м, материал стен — газобетон. На карточке показана архитектурная визуализация и основные характеристики. Сохраните проект для вдохновения и откройте каталог, чтобы узнать подробности и актуальную стоимость.",https://catalog-plans.ru/catalog/58-70AFBL?utm_source=pinterest&utm_medium=organic&utm_campaign=generated_arctic_frost_static_batch_50&utm_content=pin_9362_58-70AFBL_arctic&utm_term=proekty-chastnyh-domov,,"проект дома 58-70AFBL, проект дома 226,89 м², готовый проект дома, архитектурная визуализация, характеристики дома, частный дом, газобетон, catalog-plans.ru"
"Проект дома №57-33D площадью 235,68 м²",https://raw.githubusercontent.com/nemchenik/test/71aeafab72585981d8bac0d254113fba50d6af68/pinterest/generated_batch_50_arctic_frost_static/57-33D.jpg,Проекты частных домов,,"Готовый проект дома №57-33D площадью 235,68 м²: 2 этажа, габариты 12×14.7 м, материал стен — газобетон. На карточке показана архитектурная визуализация и основные характеристики. Сохраните проект для вдохновения и откройте каталог, чтобы узнать подробности и актуальную стоимость.",https://catalog-plans.ru/catalog/57-33D?utm_source=pinterest&utm_medium=organic&utm_campaign=generated_arctic_frost_static_batch_50&utm_content=pin_9363_57-33D_arctic&utm_term=proekty-chastnyh-domov,,"проект дома 57-33D, проект дома 235,68 м², готовый проект дома, архитектурная визуализация, характеристики дома, частный дом, газобетон, catalog-plans.ru"
Проект дома №47-13 площадью 243 м²,https://raw.githubusercontent.com/nemchenik/test/71aeafab72585981d8bac0d254113fba50d6af68/pinterest/generated_batch_50_arctic_frost_static/47-13.jpg,Проекты частных домов,,"Готовый проект дома №47-13 площадью 243 м²: 2 этажа, габариты 13.8×17.4 м, материал стен — газобетон. На карточке показана архитектурная визуализация и основные характеристики. Сохраните проект для вдохновения и откройте каталог, чтобы узнать подробности и актуальную стоимость.",https://catalog-plans.ru/catalog/47-13?utm_source=pinterest&utm_medium=organic&utm_campaign=generated_arctic_frost_static_batch_50&utm_content=pin_9364_47-13_arctic&utm_term=proekty-chastnyh-domov,,"проект дома 47-13, проект дома 243 м², готовый проект дома, архитектурная визуализация, характеристики дома, частный дом, газобетон, catalog-plans.ru"
"Проект дома №47-07 площадью 191,6 м²",https://raw.githubusercontent.com/nemchenik/test/71aeafab72585981d8bac0d254113fba50d6af68/pinterest/generated_batch_50_arctic_frost_static/47-07.jpg,Проекты частных домов,,"Готовый проект дома №47-07 площадью 191,6 м²: 2 этажа, габариты 10.2×13.2 м, материал стен — газобетон. На карточке показана архитектурная визуализация и основные характеристики. Сохраните проект для вдохновения и откройте каталог, чтобы узнать подробности и актуальную стоимость.",https://catalog-plans.ru/catalog/47-07?utm_source=pinterest&utm_medium=organic&utm_campaign=generated_arctic_frost_static_batch_50&utm_content=pin_9365_47-07_arctic&utm_term=proekty-chastnyh-domov,,"проект дома 47-07, проект дома 191,6 м², готовый проект дома, архитектурная визуализация, характеристики дома, частный дом, газобетон, catalog-plans.ru"
"Проект дома №48-24BG площадью 264,53 м²",https://raw.githubusercontent.com/nemchenik/test/71aeafab72585981d8bac0d254113fba50d6af68/pinterest/generated_batch_50_arctic_frost_static/48-24BG.jpg,Проекты частных домов,,"Готовый проект дома №48-24BG площадью 264,53 м²: 2 этажа, габариты 13.06×15.72 м, материал стен — газобетон. На карточке показана архитектурная визуализация и основные характеристики. Сохраните проект для вдохновения и откройте каталог, чтобы узнать подробности и актуальную стоимость.",https://catalog-plans.ru/catalog/48-24BG?utm_source=pinterest&utm_medium=organic&utm_campaign=generated_arctic_frost_static_batch_50&utm_content=pin_9366_48-24BG_arctic&utm_term=proekty-chastnyh-domov,,"проект дома 48-24BG, проект дома 264,53 м², готовый проект дома, архитектурная визуализация, характеристики дома, частный дом, газобетон, catalog-plans.ru"
"Проект дома №60-75A площадью 151,08 м²",https://raw.githubusercontent.com/nemchenik/test/71aeafab72585981d8bac0d254113fba50d6af68/pinterest/generated_batch_50_arctic_frost_static/60-75A.jpg,Проекты частных домов,,"Готовый проект дома №60-75A площадью 151,08 м²: 2 этажа, габариты 9.6×11 м, материал стен — газобетон. На карточке показана архитектурная визуализация и основные характеристики. Сохраните проект для вдохновения и откройте каталог, чтобы узнать подробности и актуальную стоимость.",https://catalog-plans.ru/catalog/60-75A?utm_source=pinterest&utm_medium=organic&utm_campaign=generated_arctic_frost_static_batch_50&utm_content=pin_9367_60-75A_arctic&utm_term=proekty-chastnyh-domov,,"проект дома 60-75A, проект дома 151,08 м², готовый проект дома, архитектурная визуализация, характеристики дома, частный дом, газобетон, catalog-plans.ru"
"Проект дома №57-27AL площадью 405,24 м²",https://raw.githubusercontent.com/nemchenik/test/71aeafab72585981d8bac0d254113fba50d6af68/pinterest/generated_batch_50_arctic_frost_static/57-27AL.jpg,Проекты частных домов,,"Готовый проект дома №57-27AL площадью 405,24 м²: 2 этажа, габариты 14.2×15 м, материал стен — газобетон. На карточке показана архитектурная визуализация и основные характеристики. Сохраните проект для вдохновения и откройте каталог, чтобы узнать подробности и актуальную стоимость.",https://catalog-plans.ru/catalog/57-27AL?utm_source=pinterest&utm_medium=organic&utm_campaign=generated_arctic_frost_static_batch_50&utm_content=pin_9368_57-27AL_arctic&utm_term=proekty-chastnyh-domov,,"проект дома 57-27AL, проект дома 405,24 м², готовый проект дома, архитектурная визуализация, характеристики дома, частный дом, газобетон, catalog-plans.ru"
"Проект дома №40-17G площадью 203,36 м²",https://raw.githubusercontent.com/nemchenik/test/71aeafab72585981d8bac0d254113fba50d6af68/pinterest/generated_batch_50_arctic_frost_static/40-17G.jpg,Проекты частных домов,,"Готовый проект дома №40-17G площадью 203,36 м²: 2 этажа, габариты 12.68×12.98 м, материал стен — газобетон. На карточке показана архитектурная визуализация и основные характеристики. Сохраните проект для вдохновения и откройте каталог, чтобы узнать подробности и актуальную стоимость.",https://catalog-plans.ru/catalog/40-17G?utm_source=pinterest&utm_medium=organic&utm_campaign=generated_arctic_frost_static_batch_50&utm_content=pin_9369_40-17G_arctic&utm_term=proekty-chastnyh-domov,,"проект дома 40-17G, проект дома 203,36 м², готовый проект дома, архитектурная визуализация, характеристики дома, частный дом, газобетон, catalog-plans.ru"
"Проект дома №49-71KR площадью 142,87 м²",https://raw.githubusercontent.com/nemchenik/test/71aeafab72585981d8bac0d254113fba50d6af68/pinterest/generated_batch_50_arctic_frost_static/49-71KR.jpg,Проекты частных домов,,"Готовый проект дома №49-71KR площадью 142,87 м²: 2 этажа, габариты 8.1×12 м, материал стен — деревянный каркас. На карточке показана архитектурная визуализация и основные характеристики. Сохраните проект для вдохновения и откройте каталог, чтобы узнать подробности и актуальную стоимость.",https://catalog-plans.ru/catalog/49-71KR?utm_source=pinterest&utm_medium=organic&utm_campaign=generated_arctic_frost_static_batch_50&utm_content=pin_9370_49-71KR_arctic&utm_term=proekty-chastnyh-domov,,"проект дома 49-71KR, проект дома 142,87 м², готовый проект дома, архитектурная визуализация, характеристики дома, частный дом, деревянный каркас, catalog-plans.ru"
"Проект дома №55-92 площадью 144,4 м²",https://raw.githubusercontent.com/nemchenik/test/71aeafab72585981d8bac0d254113fba50d6af68/pinterest/generated_batch_50_arctic_frost_static/55-92.jpg,Проекты частных домов,,"Готовый проект дома №55-92 площадью 144,4 м²: 2 этажа, габариты 10.5×13.2 м, материал стен — газобетон. На карточке показана архитектурная визуализация и основные характеристики. Сохраните проект для вдохновения и откройте каталог, чтобы узнать подробности и актуальную стоимость.",https://catalog-plans.ru/catalog/55-92?utm_source=pinterest&utm_medium=organic&utm_campaign=generated_arctic_frost_static_batch_50&utm_content=pin_9371_55-92_arctic&utm_term=proekty-chastnyh-domov,,"проект дома 55-92, проект дома 144,4 м², готовый проект дома, архитектурная визуализация, характеристики дома, частный дом, газобетон, catalog-plans.ru"
"Проект дома №58-17K площадью 184,11 м²",https://raw.githubusercontent.com/nemchenik/test/71aeafab72585981d8bac0d254113fba50d6af68/pinterest/generated_batch_50_arctic_frost_static/58-17K.jpg,Проекты частных домов,,"Готовый проект дома №58-17K площадью 184,11 м²: 2 этажа, габариты 11.32×13.2 м, материал стен — кирпич. На карточке показана архитектурная визуализация и основные характеристики. Сохраните проект для вдохновения и откройте каталог, чтобы узнать подробности и актуальную стоимость.",https://catalog-plans.ru/catalog/58-17K?utm_source=pinterest&utm_medium=organic&utm_campaign=generated_arctic_frost_static_batch_50&utm_content=pin_9372_58-17K_arctic&utm_term=proekty-chastnyh-domov,,"проект дома 58-17K, проект дома 184,11 м², готовый проект дома, архитектурная визуализация, характеристики дома, частный дом, кирпич, catalog-plans.ru"
"Проект дома №40-04BEAL площадью 147,57 м²",https://raw.githubusercontent.com/nemchenik/test/71aeafab72585981d8bac0d254113fba50d6af68/pinterest/generated_batch_50_arctic_frost_static/40-04BEAL.jpg,Проекты частных домов,,"Готовый проект дома №40-04BEAL площадью 147,57 м²: 2 этажа, габариты 10.4×10.4 м, материал стен — газобетон. На карточке показана архитектурная визуализация и основные характеристики. Сохраните проект для вдохновения и откройте каталог, чтобы узнать подробности и актуальную стоимость.",https://catalog-plans.ru/catalog/40-04BEAL?utm_source=pinterest&utm_medium=organic&utm_campaign=generated_arctic_frost_static_batch_50&utm_content=pin_9373_40-04BEAL_arctic&utm_term=proekty-chastnyh-domov,,"проект дома 40-04BEAL, проект дома 147,57 м², готовый проект дома, архитектурная визуализация, характеристики дома, частный дом, газобетон, catalog-plans.ru"
"Проект дома №46-09FT площадью 122,37 м²",https://raw.githubusercontent.com/nemchenik/test/71aeafab72585981d8bac0d254113fba50d6af68/pinterest/generated_batch_50_arctic_frost_static/46-09FT.jpg,Проекты частных домов,,"Готовый проект дома №46-09FT площадью 122,37 м²: 1 этаж, габариты 11.4×14.7 м, материал стен — газобетон. На карточке показана архитектурная визуализация и основные характеристики. Сохраните проект для вдохновения и откройте каталог, чтобы узнать подробности и актуальную стоимость.",https://catalog-plans.ru/catalog/46-09FT?utm_source=pinterest&utm_medium=organic&utm_campaign=generated_arctic_frost_static_batch_50&utm_content=pin_9374_46-09FT_arctic&utm_term=proekty-chastnyh-domov,,"проект дома 46-09FT, проект дома 122,37 м², готовый проект дома, архитектурная визуализация, характеристики дома, частный дом, газобетон, catalog-plans.ru"
"Проект дома №90-94B площадью 113,97 м²",https://raw.githubusercontent.com/nemchenik/test/71aeafab72585981d8bac0d254113fba50d6af68/pinterest/generated_batch_50_arctic_frost_static/90-94B.jpg,Проекты частных домов,,"Готовый проект дома №90-94B площадью 113,97 м²: 1 этаж, габариты 12.8×11.95 м, материал стен — газобетон. На карточке показана архитектурная визуализация и основные характеристики. Сохраните проект для вдохновения и откройте каталог, чтобы узнать подробности и актуальную стоимость.",https://catalog-plans.ru/catalog/90-94B?utm_source=pinterest&utm_medium=organic&utm_campaign=generated_arctic_frost_static_batch_50&utm_content=pin_9375_90-94B_arctic&utm_term=proekty-chastnyh-domov,,"проект дома 90-94B, проект дома 113,97 м², готовый проект дома, архитектурная визуализация, характеристики дома, частный дом, газобетон, catalog-plans.ru"
"Проект дома №57-91B площадью 143,09 м²",https://raw.githubusercontent.com/nemchenik/test/71aeafab72585981d8bac0d254113fba50d6af68/pinterest/generated_batch_50_arctic_frost_static/57-91B.jpg,Проекты частных домов,,"Готовый проект дома №57-91B площадью 143,09 м²: 2 этажа, габариты 10×10.1 м, материал стен — газобетон. На карточке показана архитектурная визуализация и основные характеристики. Сохраните проект для вдохновения и откройте каталог, чтобы узнать подробности и актуальную стоимость.",https://catalog-plans.ru/catalog/57-91B?utm_source=pinterest&utm_medium=organic&utm_campaign=generated_arctic_frost_static_batch_50&utm_content=pin_9376_57-91B_arctic&utm_term=proekty-chastnyh-domov,,"проект дома 57-91B, проект дома 143,09 м², готовый проект дома, архитектурная визуализация, характеристики дома, частный дом, газобетон, catalog-plans.ru"
"Проект дома №57-20B площадью 289,54 м²",https://raw.githubusercontent.com/nemchenik/test/71aeafab72585981d8bac0d254113fba50d6af68/pinterest/generated_batch_50_arctic_frost_static/57-20B.jpg,Проекты частных домов,,"Готовый проект дома №57-20B площадью 289,54 м²: 3 этажа, габариты 11.54×13.26 м, материал стен — газобетон. На карточке показана архитектурная визуализация и основные характеристики. Сохраните проект для вдохновения и откройте каталог, чтобы узнать подробности и актуальную стоимость.",https://catalog-plans.ru/catalog/57-20B?utm_source=pinterest&utm_medium=organic&utm_campaign=generated_arctic_frost_static_batch_50&utm_content=pin_9377_57-20B_arctic&utm_term=proekty-chastnyh-domov,,"проект дома 57-20B, проект дома 289,54 м², готовый проект дома, архитектурная визуализация, характеристики дома, частный дом, газобетон, catalog-plans.ru"
"Проект дома №45-98K2L площадью 219,98 м²",https://raw.githubusercontent.com/nemchenik/test/71aeafab72585981d8bac0d254113fba50d6af68/pinterest/generated_batch_50_arctic_frost_static/45-98K2L.jpg,Проекты частных домов,,"Готовый проект дома №45-98K2L площадью 219,98 м²: 2 этажа, габариты 11.26×11.96 м, материал стен — кирпич. На карточке показана архитектурная визуализация и основные характеристики. Сохраните проект для вдохновения и откройте каталог, чтобы узнать подробности и актуальную стоимость.",https://catalog-plans.ru/catalog/45-98K2L?utm_source=pinterest&utm_medium=organic&utm_campaign=generated_arctic_frost_static_batch_50&utm_content=pin_9378_45-98K2L_arctic&utm_term=proekty-chastnyh-domov,,"проект дома 45-98K2L, проект дома 219,98 м², готовый проект дома, архитектурная визуализация, характеристики дома, частный дом, кирпич, catalog-plans.ru"
"Проект дома №40-94BGD площадью 538,8 м²",https://raw.githubusercontent.com/nemchenik/test/71aeafab72585981d8bac0d254113fba50d6af68/pinterest/generated_batch_50_arctic_frost_static/40-94BGD.jpg,Проекты частных домов,,"Готовый проект дома №40-94BGD площадью 538,8 м²: 3 этажа, габариты 16.88×22.18 м, материал стен — газобетон. На карточке показана архитектурная визуализация и основные характеристики. Сохраните проект для вдохновения и откройте каталог, чтобы узнать подробности и актуальную стоимость.",https://catalog-plans.ru/catalog/40-94BGD?utm_source=pinterest&utm_medium=organic&utm_campaign=generated_arctic_frost_static_batch_50&utm_content=pin_9379_40-94BGD_arctic&utm_term=proekty-chastnyh-domov,,"проект дома 40-94BGD, проект дома 538,8 м², готовый проект дома, архитектурная визуализация, характеристики дома, частный дом, газобетон, catalog-plans.ru"
"Проект дома №45-62AL площадью 325,9 м²",https://raw.githubusercontent.com/nemchenik/test/71aeafab72585981d8bac0d254113fba50d6af68/pinterest/generated_batch_50_arctic_frost_static/45-62AL.jpg,Проекты частных домов,,"Готовый проект дома №45-62AL площадью 325,9 м²: 3 этажа, габариты 16.82×18.26 м, материал стен — кирпич. На карточке показана архитектурная визуализация и основные характеристики. Сохраните проект для вдохновения и откройте каталог, чтобы узнать подробности и актуальную стоимость.",https://catalog-plans.ru/catalog/45-62AL?utm_source=pinterest&utm_medium=organic&utm_campaign=generated_arctic_frost_static_batch_50&utm_content=pin_9380_45-62AL_arctic&utm_term=proekty-chastnyh-domov,,"проект дома 45-62AL, проект дома 325,9 м², готовый проект дома, архитектурная визуализация, характеристики дома, частный дом, кирпич, catalog-plans.ru"
"Проект дома №59-24AK площадью 254,11 м²",https://raw.githubusercontent.com/nemchenik/test/71aeafab72585981d8bac0d254113fba50d6af68/pinterest/generated_batch_50_arctic_frost_static/59-24AK.jpg,Проекты частных домов,,"Готовый проект дома №59-24AK площадью 254,11 м²: 2 этажа, габариты 10.2×16.8 м, материал стен — кирпич. На карточке показана архитектурная визуализация и основные характеристики. Сохраните проект для вдохновения и откройте каталог, чтобы узнать подробности и актуальную стоимость.",https://catalog-plans.ru/catalog/59-24AK?utm_source=pinterest&utm_medium=organic&utm_campaign=generated_arctic_frost_static_batch_50&utm_content=pin_9381_59-24AK_arctic&utm_term=proekty-chastnyh-domov,,"проект дома 59-24AK, проект дома 254,11 м², готовый проект дома, архитектурная визуализация, характеристики дома, частный дом, кирпич, catalog-plans.ru"
"Проект дома №62-71BBSF площадью 241,27 м²",https://raw.githubusercontent.com/nemchenik/test/71aeafab72585981d8bac0d254113fba50d6af68/pinterest/generated_batch_50_arctic_frost_static/62-71BBSF.jpg,Проекты частных домов,,"Готовый проект дома №62-71BBSF площадью 241,27 м²: 2 этажа, габариты 12.335×12.335 м, материал стен — монолитный каркас. На карточке показана архитектурная визуализация и основные характеристики. Сохраните проект для вдохновения и откройте каталог, чтобы узнать подробности и актуальную стоимость.",https://catalog-plans.ru/catalog/62-71BBSF?utm_source=pinterest&utm_medium=organic&utm_campaign=generated_arctic_frost_static_batch_50&utm_content=pin_9382_62-71BBSF_arctic&utm_term=proekty-chastnyh-domov,,"проект дома 62-71BBSF, проект дома 241,27 м², готовый проект дома, архитектурная визуализация, характеристики дома, частный дом, монолитный каркас, catalog-plans.ru"
"Проект дома №59-98 площадью 173,46 м²",https://raw.githubusercontent.com/nemchenik/test/71aeafab72585981d8bac0d254113fba50d6af68/pinterest/generated_batch_50_arctic_frost_static/59-98.jpg,Проекты частных домов,,"Готовый проект дома №59-98 площадью 173,46 м²: 2 этажа, габариты 10.2×11.9 м, материал стен — газобетон. На карточке показана архитектурная визуализация и основные характеристики. Сохраните проект для вдохновения и откройте каталог, чтобы узнать подробности и актуальную стоимость.",https://catalog-plans.ru/catalog/59-98?utm_source=pinterest&utm_medium=organic&utm_campaign=generated_arctic_frost_static_batch_50&utm_content=pin_9383_59-98_arctic&utm_term=proekty-chastnyh-domov,,"проект дома 59-98, проект дома 173,46 м², готовый проект дома, архитектурная визуализация, характеристики дома, частный дом, газобетон, catalog-plans.ru"
"Проект дома №58-22KDL1 площадью 168,54 м²",https://raw.githubusercontent.com/nemchenik/test/71aeafab72585981d8bac0d254113fba50d6af68/pinterest/generated_batch_50_arctic_frost_static/58-22KDL1.jpg,Проекты частных домов,,"Готовый проект дома №58-22KDL1 площадью 168,54 м²: 2 этажа, габариты 10.66×13.56 м, материал стен — кирпич. На карточке показана архитектурная визуализация и основные характеристики. Сохраните проект для вдохновения и откройте каталог, чтобы узнать подробности и актуальную стоимость.",https://catalog-plans.ru/catalog/58-22KDL1?utm_source=pinterest&utm_medium=organic&utm_campaign=generated_arctic_frost_static_batch_50&utm_content=pin_9384_58-22KDL1_arctic&utm_term=proekty-chastnyh-domov,,"проект дома 58-22KDL1, проект дома 168,54 м², готовый проект дома, архитектурная визуализация, характеристики дома, частный дом, кирпич, catalog-plans.ru"
"Проект дома №49-88A площадью 353,9 м²",https://raw.githubusercontent.com/nemchenik/test/71aeafab72585981d8bac0d254113fba50d6af68/pinterest/generated_batch_50_arctic_frost_static/49-88A.jpg,Проекты частных домов,,"Готовый проект дома №49-88A площадью 353,9 м²: 3 этажа, габариты 16.02×16.46 м, материал стен — кирпич. На карточке показана архитектурная визуализация и основные характеристики. Сохраните проект для вдохновения и откройте каталог, чтобы узнать подробности и актуальную стоимость.",https://catalog-plans.ru/catalog/49-88A?utm_source=pinterest&utm_medium=organic&utm_campaign=generated_arctic_frost_static_batch_50&utm_content=pin_9385_49-88A_arctic&utm_term=proekty-chastnyh-domov,,"проект дома 49-88A, проект дома 353,9 м², готовый проект дома, архитектурная визуализация, характеристики дома, частный дом, кирпич, catalog-plans.ru"
"Проект дома №62-71EA площадью 218,29 м²",https://raw.githubusercontent.com/nemchenik/test/71aeafab72585981d8bac0d254113fba50d6af68/pinterest/generated_batch_50_arctic_frost_static/62-71EA.jpg,Проекты частных домов,,"Готовый проект дома №62-71EA площадью 218,29 м²: 3 этажа, габариты 14.05×14.21 м, материал стен — газобетон. На карточке показана архитектурная визуализация и основные характеристики. Сохраните проект для вдохновения и откройте каталог, чтобы узнать подробности и актуальную стоимость.",https://catalog-plans.ru/catalog/62-71EA?utm_source=pinterest&utm_medium=organic&utm_campaign=generated_arctic_frost_static_batch_50&utm_content=pin_9386_62-71EA_arctic&utm_term=proekty-chastnyh-domov,,"проект дома 62-71EA, проект дома 218,29 м², готовый проект дома, архитектурная визуализация, характеристики дома, частный дом, газобетон, catalog-plans.ru"
"Проект дома №57-80DKL площадью 235,18 м²",https://raw.githubusercontent.com/nemchenik/test/71aeafab72585981d8bac0d254113fba50d6af68/pinterest/generated_batch_50_arctic_frost_static/57-80DKL.jpg,Проекты частных домов,,"Готовый проект дома №57-80DKL площадью 235,18 м²: 2 этажа, габариты 10.74×16.24 м, материал стен — кирпич. На карточке показана архитектурная визуализация и основные характеристики. Сохраните проект для вдохновения и откройте каталог, чтобы узнать подробности и актуальную стоимость.",https://catalog-plans.ru/catalog/57-80DKL?utm_source=pinterest&utm_medium=organic&utm_campaign=generated_arctic_frost_static_batch_50&utm_content=pin_9387_57-80DKL_arctic&utm_term=proekty-chastnyh-domov,,"проект дома 57-80DKL, проект дома 235,18 м², готовый проект дома, архитектурная визуализация, характеристики дома, частный дом, кирпич, catalog-plans.ru"
"Проект дома №64-44AL площадью 53,46 м²",https://raw.githubusercontent.com/nemchenik/test/71aeafab72585981d8bac0d254113fba50d6af68/pinterest/generated_batch_50_arctic_frost_static/64-44AL.jpg,Проекты частных домов,,"Готовый проект дома №64-44AL площадью 53,46 м²: 1 этаж, габариты 13.05×10.28 м, материал стен — газобетон. На карточке показана архитектурная визуализация и основные характеристики. Сохраните проект для вдохновения и откройте каталог, чтобы узнать подробности и актуальную стоимость.",https://catalog-plans.ru/catalog/64-44AL?utm_source=pinterest&utm_medium=organic&utm_campaign=generated_arctic_frost_static_batch_50&utm_content=pin_9388_64-44AL_arctic&utm_term=proekty-chastnyh-domov,,"проект дома 64-44AL, проект дома 53,46 м², готовый проект дома, архитектурная визуализация, характеристики дома, частный дом, газобетон, catalog-plans.ru"
"Проект дома №45-64NGL площадью 244,93 м²",https://raw.githubusercontent.com/nemchenik/test/71aeafab72585981d8bac0d254113fba50d6af68/pinterest/generated_batch_50_arctic_frost_static/45-64NGL.jpg,Проекты частных домов,,"Готовый проект дома №45-64NGL площадью 244,93 м²: 2 этажа, габариты 12.74×14.24 м, материал стен — газобетон. На карточке показана архитектурная визуализация и основные характеристики. Сохраните проект для вдохновения и откройте каталог, чтобы узнать подробности и актуальную стоимость.",https://catalog-plans.ru/catalog/45-64NGL?utm_source=pinterest&utm_medium=organic&utm_campaign=generated_arctic_frost_static_batch_50&utm_content=pin_9389_45-64NGL_arctic&utm_term=proekty-chastnyh-domov,,"проект дома 45-64NGL, проект дома 244,93 м², готовый проект дома, архитектурная визуализация, характеристики дома, частный дом, газобетон, catalog-plans.ru"
"Проект дома №40-89E площадью 953,87 м²",https://raw.githubusercontent.com/nemchenik/test/71aeafab72585981d8bac0d254113fba50d6af68/pinterest/generated_batch_50_arctic_frost_static/40-89E.jpg,Проекты частных домов,,"Готовый проект дома №40-89E площадью 953,87 м²: 3 этажа, габариты 23.44×40.67 м, материал стен — монолитный каркас. На карточке показана архитектурная визуализация и основные характеристики. Сохраните проект для вдохновения и откройте каталог, чтобы узнать подробности и актуальную стоимость.",https://catalog-plans.ru/catalog/40-89E?utm_source=pinterest&utm_medium=organic&utm_campaign=generated_arctic_frost_static_batch_50&utm_content=pin_9390_40-89E_arctic&utm_term=proekty-chastnyh-domov,,"проект дома 40-89E, проект дома 953,87 м², готовый проект дома, архитектурная визуализация, характеристики дома, частный дом, монолитный каркас, catalog-plans.ru"
"Проект дома №45-16B площадью 187,59 м²",https://raw.githubusercontent.com/nemchenik/test/71aeafab72585981d8bac0d254113fba50d6af68/pinterest/generated_batch_50_arctic_frost_static/45-16B.jpg,Проекты частных домов,,"Готовый проект дома №45-16B площадью 187,59 м²: 2 этажа, габариты 11.71×15.04 м, материал стен — кирпич. На карточке показана архитектурная визуализация и основные характеристики. Сохраните проект для вдохновения и откройте каталог, чтобы узнать подробности и актуальную стоимость.",https://catalog-plans.ru/catalog/45-16B?utm_source=pinterest&utm_medium=organic&utm_campaign=generated_arctic_frost_static_batch_50&utm_content=pin_9391_45-16B_arctic&utm_term=proekty-chastnyh-domov,,"проект дома 45-16B, проект дома 187,59 м², готовый проект дома, архитектурная визуализация, характеристики дома, частный дом, кирпич, catalog-plans.ru"
"Проект дома №60-02 площадью 160,4 м²",https://raw.githubusercontent.com/nemchenik/test/71aeafab72585981d8bac0d254113fba50d6af68/pinterest/generated_batch_50_arctic_frost_static/60-02.jpg,Проекты частных домов,,"Готовый проект дома №60-02 площадью 160,4 м²: 2 этажа, габариты 7.58×14.38 м, материал стен — газобетон. На карточке показана архитектурная визуализация и основные характеристики. Сохраните проект для вдохновения и откройте каталог, чтобы узнать подробности и актуальную стоимость.",https://catalog-plans.ru/catalog/60-02?utm_source=pinterest&utm_medium=organic&utm_campaign=generated_arctic_frost_static_batch_50&utm_content=pin_9392_60-02_arctic&utm_term=proekty-chastnyh-domov,,"проект дома 60-02, проект дома 160,4 м², готовый проект дома, архитектурная визуализация, характеристики дома, частный дом, газобетон, catalog-plans.ru"
"Проект дома №40-09A площадью 263,8 м²",https://raw.githubusercontent.com/nemchenik/test/71aeafab72585981d8bac0d254113fba50d6af68/pinterest/generated_batch_50_arctic_frost_static/40-09A.jpg,Проекты частных домов,,"Готовый проект дома №40-09A площадью 263,8 м²: 2 этажа, габариты 14.9×15.62 м, материал стен — кирпич. На карточке показана архитектурная визуализация и основные характеристики. Сохраните проект для вдохновения и откройте каталог, чтобы узнать подробности и актуальную стоимость.",https://catalog-plans.ru/catalog/40-09A?utm_source=pinterest&utm_medium=organic&utm_campaign=generated_arctic_frost_static_batch_50&utm_content=pin_9393_40-09A_arctic&utm_term=proekty-chastnyh-domov,,"проект дома 40-09A, проект дома 263,8 м², готовый проект дома, архитектурная визуализация, характеристики дома, частный дом, кирпич, catalog-plans.ru"
"Проект дома №60-85 площадью 178,55 м²",https://raw.githubusercontent.com/nemchenik/test/71aeafab72585981d8bac0d254113fba50d6af68/pinterest/generated_batch_50_arctic_frost_static/60-85.jpg,Проекты частных домов,,"Готовый проект дома №60-85 площадью 178,55 м²: 2 этажа, габариты 12.5×13 м, материал стен — газобетон. На карточке показана архитектурная визуализация и основные характеристики. Сохраните проект для вдохновения и откройте каталог, чтобы узнать подробности и актуальную стоимость.",https://catalog-plans.ru/catalog/60-85?utm_source=pinterest&utm_medium=organic&utm_campaign=generated_arctic_frost_static_batch_50&utm_content=pin_9394_60-85_arctic&utm_term=proekty-chastnyh-domov,,"проект дома 60-85, проект дома 178,55 м², готовый проект дома, архитектурная визуализация, характеристики дома, частный дом, газобетон, catalog-plans.ru"
"Проект дома №40-56DAGL площадью 281,3 м²",https://raw.githubusercontent.com/nemchenik/test/71aeafab72585981d8bac0d254113fba50d6af68/pinterest/generated_batch_50_arctic_frost_static/40-56DAGL.jpg,Проекты частных домов,,"Готовый проект дома №40-56DAGL площадью 281,3 м²: 3 этажа, габариты 13×17.2 м, материал стен — кирпич. На карточке показана архитектурная визуализация и основные характеристики. Сохраните проект для вдохновения и откройте каталог, чтобы узнать подробности и актуальную стоимость.",https://catalog-plans.ru/catalog/40-56DAGL?utm_source=pinterest&utm_medium=organic&utm_campaign=generated_arctic_frost_static_batch_50&utm_content=pin_9395_40-56DAGL_arctic&utm_term=proekty-chastnyh-domov,,"проект дома 40-56DAGL, проект дома 281,3 м², готовый проект дома, архитектурная визуализация, характеристики дома, частный дом, кирпич, catalog-plans.ru"
"Проект дома №32-45 площадью 526,5 м²",https://raw.githubusercontent.com/nemchenik/test/71aeafab72585981d8bac0d254113fba50d6af68/pinterest/generated_batch_50_arctic_frost_static/32-45.jpg,Проекты частных домов,,"Готовый проект дома №32-45 площадью 526,5 м²: 2 этажа, габариты 27.22×35.23 м, материал стен — кирпич. На карточке показана архитектурная визуализация и основные характеристики. Сохраните проект для вдохновения и откройте каталог, чтобы узнать подробности и актуальную стоимость.",https://catalog-plans.ru/catalog/32-45?utm_source=pinterest&utm_medium=organic&utm_campaign=generated_arctic_frost_static_batch_50&utm_content=pin_9396_32-45_arctic&utm_term=proekty-chastnyh-domov,,"проект дома 32-45, проект дома 526,5 м², готовый проект дома, архитектурная визуализация, характеристики дома, частный дом, кирпич, catalog-plans.ru"
"Проект дома №64-25AK1L площадью 154,88 м²",https://raw.githubusercontent.com/nemchenik/test/71aeafab72585981d8bac0d254113fba50d6af68/pinterest/generated_batch_50_arctic_frost_static/64-25AK1L.jpg,Проекты частных домов,,"Готовый проект дома №64-25AK1L площадью 154,88 м²: 1 этаж, габариты 13.705×17.01 м, материал стен — кирпич. На карточке показана архитектурная визуализация и основные характеристики. Сохраните проект для вдохновения и откройте каталог, чтобы узнать подробности и актуальную стоимость.",https://catalog-plans.ru/catalog/64-25AK1L?utm_source=pinterest&utm_medium=organic&utm_campaign=generated_arctic_frost_static_batch_50&utm_content=pin_9397_64-25AK1L_arctic&utm_term=proekty-chastnyh-domov,,"проект дома 64-25AK1L, проект дома 154,88 м², готовый проект дома, архитектурная визуализация, характеристики дома, частный дом, кирпич, catalog-plans.ru"
"Проект дома №59-35C площадью 168,55 м²",https://raw.githubusercontent.com/nemchenik/test/71aeafab72585981d8bac0d254113fba50d6af68/pinterest/generated_batch_50_arctic_frost_static/59-35C.jpg,Проекты частных домов,,"Готовый проект дома №59-35C площадью 168,55 м²: 2 этажа, габариты 10×10.2 м, материал стен — газобетон. На карточке показана архитектурная визуализация и основные характеристики. Сохраните проект для вдохновения и откройте каталог, чтобы узнать подробности и актуальную стоимость.",https://catalog-plans.ru/catalog/59-35C?utm_source=pinterest&utm_medium=organic&utm_campaign=generated_arctic_frost_static_batch_50&utm_content=pin_9398_59-35C_arctic&utm_term=proekty-chastnyh-domov,,"проект дома 59-35C, проект дома 168,55 м², готовый проект дома, архитектурная визуализация, характеристики дома, частный дом, газобетон, catalog-plans.ru"
"Проект дома №62-47BX площадью 248,85 м²",https://raw.githubusercontent.com/nemchenik/test/71aeafab72585981d8bac0d254113fba50d6af68/pinterest/generated_batch_50_arctic_frost_static/62-47BX.jpg,Проекты частных домов,,"Готовый проект дома №62-47BX площадью 248,85 м²: 2 этажа, габариты 16.3×14.56 м, материал стен — блоки из ракушечника 540. На карточке показана архитектурная визуализация и основные характеристики. Сохраните проект для вдохновения и откройте каталог, чтобы узнать подробности и актуальную стоимость.",https://catalog-plans.ru/catalog/62-47BX?utm_source=pinterest&utm_medium=organic&utm_campaign=generated_arctic_frost_static_batch_50&utm_content=pin_9399_62-47BX_arctic&utm_term=proekty-chastnyh-domov,,"проект дома 62-47BX, проект дома 248,85 м², готовый проект дома, архитектурная визуализация, характеристики дома, частный дом, блоки из ракушечника 540, catalog-plans.ru"
"Проект дома №58-44F площадью 319,98 м²",https://raw.githubusercontent.com/nemchenik/test/71aeafab72585981d8bac0d254113fba50d6af68/pinterest/generated_batch_50_arctic_frost_static/58-44F.jpg,Проекты частных домов,,"Готовый проект дома №58-44F площадью 319,98 м²: 2 этажа, габариты 14.96×15.76 м, материал стен — газобетон. На карточке показана архитектурная визуализация и основные характеристики. Сохраните проект для вдохновения и откройте каталог, чтобы узнать подробности и актуальную стоимость.",https://catalog-plans.ru/catalog/58-44F?utm_source=pinterest&utm_medium=organic&utm_campaign=generated_arctic_frost_static_batch_50&utm_content=pin_9400_58-44F_arctic&utm_term=proekty-chastnyh-domov,,"проект дома 58-44F, проект дома 319,98 м², готовый проект дома, архитектурная визуализация, характеристики дома, частный дом, газобетон, catalog-plans.ru"
"Проект дома №57-00BK площадью 196,71 м²",https://raw.githubusercontent.com/nemchenik/test/71aeafab72585981d8bac0d254113fba50d6af68/pinterest/generated_batch_50_arctic_frost_static/57-00BK.jpg,Проекты частных домов,,"Готовый проект дома №57-00BK площадью 196,71 м²: 2 этажа, габариты 13×14.8 м, материал стен — кирпич. На карточке показана архитектурная визуализация и основные характеристики. Сохраните проект для вдохновения и откройте каталог, чтобы узнать подробности и актуальную стоимость.",https://catalog-plans.ru/catalog/57-00BK?utm_source=pinterest&utm_medium=organic&utm_campaign=generated_arctic_frost_static_batch_50&utm_content=pin_9401_57-00BK_arctic&utm_term=proekty-chastnyh-domov,,"проект дома 57-00BK, проект дома 196,71 м², готовый проект дома, архитектурная визуализация, характеристики дома, частный дом, кирпич, catalog-plans.ru"
"Проект дома №64-82 площадью 366,24 м²",https://raw.githubusercontent.com/nemchenik/test/71aeafab72585981d8bac0d254113fba50d6af68/pinterest/generated_batch_50_arctic_frost_static/64-82.jpg,Проекты частных домов,,"Готовый проект дома №64-82 площадью 366,24 м²: 2 этажа, габариты 17.6×18.15 м, материал стен — газобетон. На карточке показана архитектурная визуализация и основные характеристики. Сохраните проект для вдохновения и откройте каталог, чтобы узнать подробности и актуальную стоимость.",https://catalog-plans.ru/catalog/64-82?utm_source=pinterest&utm_medium=organic&utm_campaign=generated_arctic_frost_static_batch_50&utm_content=pin_9402_64-82_arctic&utm_term=proekty-chastnyh-domov,,"проект дома 64-82, проект дома 366,24 м², готовый проект дома, архитектурная визуализация, характеристики дома, частный дом, газобетон, catalog-plans.ru"
"Проект дома №48-29W площадью 456,94 м²",https://raw.githubusercontent.com/nemchenik/test/71aeafab72585981d8bac0d254113fba50d6af68/pinterest/generated_batch_50_arctic_frost_static/48-29W.jpg,Проекты частных домов,,"Готовый проект дома №48-29W площадью 456,94 м²: 2 этажа, габариты 13.44×23.62 м, материал стен — монолитный каркас. На карточке показана архитектурная визуализация и основные характеристики. Сохраните проект для вдохновения и откройте каталог, чтобы узнать подробности и актуальную стоимость.",https://catalog-plans.ru/catalog/48-29W?utm_source=pinterest&utm_medium=organic&utm_campaign=generated_arctic_frost_static_batch_50&utm_content=pin_9403_48-29W_arctic&utm_term=proekty-chastnyh-domov,,"проект дома 48-29W, проект дома 456,94 м², готовый проект дома, архитектурная визуализация, характеристики дома, частный дом, монолитный каркас, catalog-plans.ru"
"Проект дома №58-23 площадью 179,14 м²",https://raw.githubusercontent.com/nemchenik/test/71aeafab72585981d8bac0d254113fba50d6af68/pinterest/generated_batch_50_arctic_frost_static/58-23.jpg,Проекты частных домов,,"Готовый проект дома №58-23 площадью 179,14 м²: 2 этажа, габариты 11.3×13.2 м, материал стен — газобетон. На карточке показана архитектурная визуализация и основные характеристики. Сохраните проект для вдохновения и откройте каталог, чтобы узнать подробности и актуальную стоимость.",https://catalog-plans.ru/catalog/58-23?utm_source=pinterest&utm_medium=organic&utm_campaign=generated_arctic_frost_static_batch_50&utm_content=pin_9404_58-23_arctic&utm_term=proekty-chastnyh-domov,,"проект дома 58-23, проект дома 179,14 м², готовый проект дома, архитектурная визуализация, характеристики дома, частный дом, газобетон, catalog-plans.ru"
"Проект дома №13-59E площадью 104,23 м²",https://raw.githubusercontent.com/nemchenik/test/71aeafab72585981d8bac0d254113fba50d6af68/pinterest/generated_batch_50_arctic_frost_static/13-59E.jpg,Проекты частных домов,,"Готовый проект дома №13-59E площадью 104,23 м²: 2 этажа, габариты 8×8 м, материал стен — дерево. На карточке показана архитектурная визуализация и основные характеристики. Сохраните проект для вдохновения и откройте каталог, чтобы узнать подробности и актуальную стоимость.",https://catalog-plans.ru/catalog/13-59E?utm_source=pinterest&utm_medium=organic&utm_campaign=generated_arctic_frost_static_batch_50&utm_content=pin_9405_13-59E_arctic&utm_term=proekty-chastnyh-domov,,"проект дома 13-59E, проект дома 104,23 м², готовый проект дома, архитектурная визуализация, характеристики дома, частный дом, дерево, catalog-plans.ru"
"Проект дома №51-44 площадью 240,9 м²",https://raw.githubusercontent.com/nemchenik/test/71aeafab72585981d8bac0d254113fba50d6af68/pinterest/generated_batch_50_arctic_frost_static/51-44.jpg,Проекты частных домов,,"Готовый проект дома №51-44 площадью 240,9 м²: 2 этажа, габариты 12.8×16.7 м, материал стен — ячеистые бетонные блоки. На карточке показана архитектурная визуализация и основные характеристики. Сохраните проект для вдохновения и откройте каталог, чтобы узнать подробности и актуальную стоимость.",https://catalog-plans.ru/catalog/51-44?utm_source=pinterest&utm_medium=organic&utm_campaign=generated_arctic_frost_static_batch_50&utm_content=pin_9406_51-44_arctic&utm_term=proekty-chastnyh-domov,,"проект дома 51-44, проект дома 240,9 м², готовый проект дома, архитектурная визуализация, характеристики дома, частный дом, ячеистые бетонные блоки, catalog-plans.ru"
"Проект дома №64-48 площадью 178,75 м²",https://raw.githubusercontent.com/nemchenik/test/71aeafab72585981d8bac0d254113fba50d6af68/pinterest/generated_batch_50_arctic_frost_static/64-48.jpg,Проекты частных домов,,"Готовый проект дома №64-48 площадью 178,75 м²: 1 этаж, габариты 22.745×15.95 м, материал стен — газобетон. На карточке показана архитектурная визуализация и основные характеристики. Сохраните проект для вдохновения и откройте каталог, чтобы узнать подробности и актуальную стоимость.",https://catalog-plans.ru/catalog/64-48?utm_source=pinterest&utm_medium=organic&utm_campaign=generated_arctic_frost_static_batch_50&utm_content=pin_9407_64-48_arctic&utm_term=proekty-chastnyh-domov,,"проект дома 64-48, проект дома 178,75 м², готовый проект дома, архитектурная визуализация, характеристики дома, частный дом, газобетон, catalog-plans.ru"
"Проект дома №49-64 площадью 286,5 м²",https://raw.githubusercontent.com/nemchenik/test/71aeafab72585981d8bac0d254113fba50d6af68/pinterest/generated_batch_50_arctic_frost_static/49-64.jpg,Проекты частных домов,,"Готовый проект дома №49-64 площадью 286,5 м²: 2 этажа, габариты 12.03×21.46 м, материал стен — кирпич. На карточке показана архитектурная визуализация и основные характеристики. Сохраните проект для вдохновения и откройте каталог, чтобы узнать подробности и актуальную стоимость.",https://catalog-plans.ru/catalog/49-64?utm_source=pinterest&utm_medium=organic&utm_campaign=generated_arctic_frost_static_batch_50&utm_content=pin_9408_49-64_arctic&utm_term=proekty-chastnyh-domov,,"проект дома 49-64, проект дома 286,5 м², готовый проект дома, архитектурная визуализация, характеристики дома, частный дом, кирпич, catalog-plans.ru"
"Проект дома №63-51AB площадью 193,01 м²",https://raw.githubusercontent.com/nemchenik/test/71aeafab72585981d8bac0d254113fba50d6af68/pinterest/generated_batch_50_arctic_frost_static/63-51AB.jpg,Проекты частных домов,,"Готовый проект дома №63-51AB площадью 193,01 м²: 2 этажа, габариты 10.44×14.77 м, материал стен — газобетон. На карточке показана архитектурная визуализация и основные характеристики. Сохраните проект для вдохновения и откройте каталог, чтобы узнать подробности и актуальную стоимость.",https://catalog-plans.ru/catalog/63-51AB?utm_source=pinterest&utm_medium=organic&utm_campaign=generated_arctic_frost_static_batch_50&utm_content=pin_9409_63-51AB_arctic&utm_term=proekty-chastnyh-domov,,"проект дома 63-51AB, проект дома 193,01 м², готовый проект дома, архитектурная визуализация, характеристики дома, частный дом, газобетон, catalog-plans.ru"
"Проект дома №59-92DA2L площадью 151,17 м²",https://raw.githubusercontent.com/nemchenik/test/71aeafab72585981d8bac0d254113fba50d6af68/pinterest/generated_batch_50_arctic_frost_static/59-92DA2L.jpg,Проекты частных домов,,"Готовый проект дома №59-92DA2L площадью 151,17 м²: 2 этажа, габариты 11.2×11.75 м, материал стен — газобетон. На карточке показана архитектурная визуализация и основные характеристики. Сохраните проект для вдохновения и откройте каталог, чтобы узнать подробности и актуальную стоимость.",https://catalog-plans.ru/catalog/59-92DA2L?utm_source=pinterest&utm_medium=organic&utm_campaign=generated_arctic_frost_static_batch_50&utm_content=pin_9410_59-92DA2L_arctic&utm_term=proekty-chastnyh-domov,,"проект дома 59-92DA2L, проект дома 151,17 м², готовый проект дома, архитектурная визуализация, характеристики дома, частный дом, газобетон, catalog-plans.ru"
"Проект дома №62-85AL площадью 417,94 м²",https://raw.githubusercontent.com/nemchenik/test/71aeafab72585981d8bac0d254113fba50d6af68/pinterest/generated_batch_50_arctic_frost_static/62-85AL.jpg,Проекты частных домов,,"Готовый проект дома №62-85AL площадью 417,94 м²: 3 этажа, габариты 12.71×26.015 м, материал стен — газобетон. На карточке показана архитектурная визуализация и основные характеристики. Сохраните проект для вдохновения и откройте каталог, чтобы узнать подробности и актуальную стоимость.",https://catalog-plans.ru/catalog/62-85AL?utm_source=pinterest&utm_medium=organic&utm_campaign=generated_arctic_frost_static_batch_50&utm_content=pin_9411_62-85AL_arctic&utm_term=proekty-chastnyh-domov,,"проект дома 62-85AL, проект дома 417,94 м², готовый проект дома, архитектурная визуализация, характеристики дома, частный дом, газобетон, catalog-plans.ru"
"Проект дома №61-06 площадью 228,48 м²",https://raw.githubusercontent.com/nemchenik/test/71aeafab72585981d8bac0d254113fba50d6af68/pinterest/generated_batch_50_arctic_frost_static/61-06.jpg,Проекты частных домов,,"Готовый проект дома №61-06 площадью 228,48 м²: 2 этажа, габариты 13.94×16.74 м, материал стен — газобетон. На карточке показана архитектурная визуализация и основные характеристики. Сохраните проект для вдохновения и откройте каталог, чтобы узнать подробности и актуальную стоимость.",https://catalog-plans.ru/catalog/61-06?utm_source=pinterest&utm_medium=organic&utm_campaign=generated_arctic_frost_static_batch_50&utm_content=pin_9412_61-06_arctic&utm_term=proekty-chastnyh-domov,,"проект дома 61-06, проект дома 228,48 м², готовый проект дома, архитектурная визуализация, характеристики дома, частный дом, газобетон, catalog-plans.ru"
"Проект дома №62-43EKL площадью 144,72 м²",https://raw.githubusercontent.com/nemchenik/test/71aeafab72585981d8bac0d254113fba50d6af68/pinterest/generated_batch_50_arctic_frost_static/62-43EKL.jpg,Проекты частных домов,,"Готовый проект дома №62-43EKL площадью 144,72 м²: 1 этаж, габариты 11.16×15.92 м, материал стен — кирпич. На карточке показана архитектурная визуализация и основные характеристики. Сохраните проект для вдохновения и откройте каталог, чтобы узнать подробности и актуальную стоимость.",https://catalog-plans.ru/catalog/62-43EKL?utm_source=pinterest&utm_medium=organic&utm_campaign=generated_arctic_frost_static_batch_50&utm_content=pin_9413_62-43EKL_arctic&utm_term=proekty-chastnyh-domov,,"проект дома 62-43EKL, проект дома 144,72 м², готовый проект дома, архитектурная визуализация, характеристики дома, частный дом, кирпич, catalog-plans.ru"
"Проект дома №58-97F площадью 140,74 м²",https://raw.githubusercontent.com/nemchenik/test/71aeafab72585981d8bac0d254113fba50d6af68/pinterest/generated_batch_50_arctic_frost_static/58-97F.jpg,Проекты частных домов,,"Готовый проект дома №58-97F площадью 140,74 м²: 1 этаж, габариты 16×18 м, материал стен — газобетон. На карточке показана архитектурная визуализация и основные характеристики. Сохраните проект для вдохновения и откройте каталог, чтобы узнать подробности и актуальную стоимость.",https://catalog-plans.ru/catalog/58-97F?utm_source=pinterest&utm_medium=organic&utm_campaign=generated_arctic_frost_static_batch_50&utm_content=pin_9414_58-97F_arctic&utm_term=proekty-chastnyh-domov,,"проект дома 58-97F, проект дома 140,74 м², готовый проект дома, архитектурная визуализация, характеристики дома, частный дом, газобетон, catalog-plans.ru"
"Проект дома №57-16K площадью 158,14 м²",https://raw.githubusercontent.com/nemchenik/test/71aeafab72585981d8bac0d254113fba50d6af68/pinterest/generated_batch_50_arctic_frost_static/57-16K.jpg,Проекты частных домов,,"Готовый проект дома №57-16K площадью 158,14 м²: 2 этажа, габариты 10.15×14.15 м, материал стен — кирпич. На карточке показана архитектурная визуализация и основные характеристики. Сохраните проект для вдохновения и откройте каталог, чтобы узнать подробности и актуальную стоимость.",https://catalog-plans.ru/catalog/57-16K?utm_source=pinterest&utm_medium=organic&utm_campaign=generated_arctic_frost_static_batch_50&utm_content=pin_9415_57-16K_arctic&utm_term=proekty-chastnyh-domov,,"проект дома 57-16K, проект дома 158,14 м², готовый проект дома, архитектурная визуализация, характеристики дома, частный дом, кирпич, catalog-plans.ru"
"Проект дома №59-93DAL площадью 250,55 м²",https://raw.githubusercontent.com/nemchenik/test/71aeafab72585981d8bac0d254113fba50d6af68/pinterest/generated_batch_50_arctic_frost_static/59-93DAL.jpg,Проекты частных домов,,"Готовый проект дома №59-93DAL площадью 250,55 м²: 2 этажа, габариты 15.06×15.25 м, материал стен — газобетон. На карточке показана архитектурная визуализация и основные характеристики. Сохраните проект для вдохновения и откройте каталог, чтобы узнать подробности и актуальную стоимость.",https://catalog-plans.ru/catalog/59-93DAL?utm_source=pinterest&utm_medium=organic&utm_campaign=generated_arctic_frost_static_batch_50&utm_content=pin_9416_59-93DAL_arctic&utm_term=proekty-chastnyh-domov,,"проект дома 59-93DAL, проект дома 250,55 м², готовый проект дома, архитектурная визуализация, характеристики дома, частный дом, газобетон, catalog-plans.ru"
"Проект дома №57-25A площадью 279,5 м²",https://raw.githubusercontent.com/nemchenik/test/71aeafab72585981d8bac0d254113fba50d6af68/pinterest/generated_batch_50_arctic_frost_static/57-25A.jpg,Проекты частных домов,,"Готовый проект дома №57-25A площадью 279,5 м²: 2 этажа, габариты 12.1×16.7 м, материал стен — газобетон. На карточке показана архитектурная визуализация и основные характеристики. Сохраните проект для вдохновения и откройте каталог, чтобы узнать подробности и актуальную стоимость.",https://catalog-plans.ru/catalog/57-25A?utm_source=pinterest&utm_medium=organic&utm_campaign=generated_arctic_frost_static_batch_50&utm_content=pin_9417_57-25A_arctic&utm_term=proekty-chastnyh-domov,,"проект дома 57-25A, проект дома 279,5 м², готовый проект дома, архитектурная визуализация, характеристики дома, частный дом, газобетон, catalog-plans.ru"
"Проект дома №57-05CBL площадью 248,06 м²",https://raw.githubusercontent.com/nemchenik/test/71aeafab72585981d8bac0d254113fba50d6af68/pinterest/generated_batch_50_arctic_frost_static/57-05CBL.jpg,Проекты частных домов,,"Готовый проект дома №57-05CBL площадью 248,06 м²: 2 этажа, габариты 10.66×10.66 м, материал стен — газобетон. На карточке показана архитектурная визуализация и основные характеристики. Сохраните проект для вдохновения и откройте каталог, чтобы узнать подробности и актуальную стоимость.",https://catalog-plans.ru/catalog/57-05CBL?utm_source=pinterest&utm_medium=organic&utm_campaign=generated_arctic_frost_static_batch_50&utm_content=pin_9418_57-05CBL_arctic&utm_term=proekty-chastnyh-domov,,"проект дома 57-05CBL, проект дома 248,06 м², готовый проект дома, архитектурная визуализация, характеристики дома, частный дом, газобетон, catalog-plans.ru"
"Проект дома №49-71 площадью 142,87 м²",https://raw.githubusercontent.com/nemchenik/test/71aeafab72585981d8bac0d254113fba50d6af68/pinterest/generated_batch_50_arctic_frost_static/49-71.jpg,Проекты частных домов,,"Готовый проект дома №49-71 площадью 142,87 м²: 2 этажа, габариты 8.1×12 м, материал стен — крупноформатные блоки. На карточке показана архитектурная визуализация и основные характеристики. Сохраните проект для вдохновения и откройте каталог, чтобы узнать подробности и актуальную стоимость.",https://catalog-plans.ru/catalog/49-71?utm_source=pinterest&utm_medium=organic&utm_campaign=generated_arctic_frost_static_batch_50&utm_content=pin_9419_49-71_arctic&utm_term=proekty-chastnyh-domov,,"проект дома 49-71, проект дома 142,87 м², готовый проект дома, архитектурная визуализация, характеристики дома, частный дом, крупноформатные блоки, catalog-plans.ru"
"Проект дома №40-51L площадью 184,17 м²",https://raw.githubusercontent.com/nemchenik/test/71aeafab72585981d8bac0d254113fba50d6af68/pinterest/generated_batch_50_arctic_frost_static/40-51L.jpg,Проекты частных домов,,"Готовый проект дома №40-51L площадью 184,17 м²: 2 этажа, габариты 11.4×12.2 м, материал стен — кирпич. На карточке показана архитектурная визуализация и основные характеристики. Сохраните проект для вдохновения и откройте каталог, чтобы узнать подробности и актуальную стоимость.",https://catalog-plans.ru/catalog/40-51L?utm_source=pinterest&utm_medium=organic&utm_campaign=generated_arctic_frost_static_batch_50&utm_content=pin_9420_40-51L_arctic&utm_term=proekty-chastnyh-domov,,"проект дома 40-51L, проект дома 184,17 м², готовый проект дома, архитектурная визуализация, характеристики дома, частный дом, кирпич, catalog-plans.ru"
"Проект дома №57-00W площадью 239,52 м²",https://raw.githubusercontent.com/nemchenik/test/71aeafab72585981d8bac0d254113fba50d6af68/pinterest/generated_batch_50_arctic_frost_static/57-00W.jpg,Проекты частных домов,,"Готовый проект дома №57-00W площадью 239,52 м²: 2 этажа, габариты 12.5×12.95 м, материал стен — газобетон. На карточке показана архитектурная визуализация и основные характеристики. Сохраните проект для вдохновения и откройте каталог, чтобы узнать подробности и актуальную стоимость.",https://catalog-plans.ru/catalog/57-00W?utm_source=pinterest&utm_medium=organic&utm_campaign=generated_arctic_frost_static_batch_50&utm_content=pin_9421_57-00W_arctic&utm_term=proekty-chastnyh-domov,,"проект дома 57-00W, проект дома 239,52 м², готовый проект дома, архитектурная визуализация, характеристики дома, частный дом, газобетон, catalog-plans.ru"
"Проект дома №37-36 площадью 216,2 м²",https://raw.githubusercontent.com/nemchenik/test/71aeafab72585981d8bac0d254113fba50d6af68/pinterest/generated_batch_50_arctic_frost_static/37-36.jpg,Проекты частных домов,,"Готовый проект дома №37-36 площадью 216,2 м²: 2 этажа, габариты 13.51×17.76 м, материал стен — кирпич. На карточке показана архитектурная визуализация и основные характеристики. Сохраните проект для вдохновения и откройте каталог, чтобы узнать подробности и актуальную стоимость.",https://catalog-plans.ru/catalog/37-36?utm_source=pinterest&utm_medium=organic&utm_campaign=generated_arctic_frost_static_batch_50&utm_content=pin_9422_37-36_arctic&utm_term=proekty-chastnyh-domov,,"проект дома 37-36, проект дома 216,2 м², готовый проект дома, архитектурная визуализация, характеристики дома, частный дом, кирпич, catalog-plans.ru"
Проект дома №50-85 площадью 243 м²,https://raw.githubusercontent.com/nemchenik/test/71aeafab72585981d8bac0d254113fba50d6af68/pinterest/generated_batch_50_arctic_frost_static/50-85.jpg,Проекты частных домов,,"Готовый проект дома №50-85 площадью 243 м²: 2 этажа, габариты 12.56×15.26 м, материал стен — газобетон. На карточке показана архитектурная визуализация и основные характеристики. Сохраните проект для вдохновения и откройте каталог, чтобы узнать подробности и актуальную стоимость.",https://catalog-plans.ru/catalog/50-85?utm_source=pinterest&utm_medium=organic&utm_campaign=generated_arctic_frost_static_batch_50&utm_content=pin_9423_50-85_arctic&utm_term=proekty-chastnyh-domov,,"проект дома 50-85, проект дома 243 м², готовый проект дома, архитектурная визуализация, характеристики дома, частный дом, газобетон, catalog-plans.ru"
"Проект дома №48-40 площадью 752,9 м²",https://raw.githubusercontent.com/nemchenik/test/71aeafab72585981d8bac0d254113fba50d6af68/pinterest/generated_batch_50_arctic_frost_static/48-40.jpg,Проекты частных домов,,"Готовый проект дома №48-40 площадью 752,9 м²: 2 этажа, габариты 24.79×32.16 м, материал стен — кирпич. На карточке показана архитектурная визуализация и основные характеристики. Сохраните проект для вдохновения и откройте каталог, чтобы узнать подробности и актуальную стоимость.",https://catalog-plans.ru/catalog/48-40?utm_source=pinterest&utm_medium=organic&utm_campaign=generated_arctic_frost_static_batch_50&utm_content=pin_9424_48-40_arctic&utm_term=proekty-chastnyh-domov,,"проект дома 48-40, проект дома 752,9 м², готовый проект дома, архитектурная визуализация, характеристики дома, частный дом, кирпич, catalog-plans.ru"
"Проект дома №49-14 площадью 193,3 м²",https://raw.githubusercontent.com/nemchenik/test/71aeafab72585981d8bac0d254113fba50d6af68/pinterest/generated_batch_50_arctic_frost_static/49-14.jpg,Проекты частных домов,,"Готовый проект дома №49-14 площадью 193,3 м²: 2 этажа, габариты 9.3×12 м, материал стен — газобетон. На карточке показана архитектурная визуализация и основные характеристики. Сохраните проект для вдохновения и откройте каталог, чтобы узнать подробности и актуальную стоимость.",https://catalog-plans.ru/catalog/49-14?utm_source=pinterest&utm_medium=organic&utm_campaign=generated_arctic_frost_static_batch_50&utm_content=pin_9425_49-14_arctic&utm_term=proekty-chastnyh-domov,,"проект дома 49-14, проект дома 193,3 м², готовый проект дома, архитектурная визуализация, характеристики дома, частный дом, газобетон, catalog-plans.ru"
"Проект дома №68-26 площадью 160,6 м²",https://raw.githubusercontent.com/nemchenik/test/71aeafab72585981d8bac0d254113fba50d6af68/pinterest/generated_batch_50_arctic_frost_static/68-26.jpg,Проекты частных домов,,"Готовый проект дома №68-26 площадью 160,6 м²: 1 этаж, габариты 12.6×17.2 м, материал стен — газобетон. На карточке показана архитектурная визуализация и основные характеристики. Сохраните проект для вдохновения и откройте каталог, чтобы узнать подробности и актуальную стоимость.",https://catalog-plans.ru/catalog/68-26?utm_source=pinterest&utm_medium=organic&utm_campaign=generated_arctic_frost_static_batch_50&utm_content=pin_9426_68-26_arctic&utm_term=proekty-chastnyh-domov,,"проект дома 68-26, проект дома 160,6 м², готовый проект дома, архитектурная визуализация, характеристики дома, частный дом, газобетон, catalog-plans.ru"
"Проект дома №59-14 площадью 224,2 м²",https://raw.githubusercontent.com/nemchenik/test/71aeafab72585981d8bac0d254113fba50d6af68/pinterest/generated_batch_50_arctic_frost_static/59-14.jpg,Проекты частных домов,,"Готовый проект дома №59-14 площадью 224,2 м²: 2 этажа, габариты 10×15 м, материал стен — газобетон. На карточке показана архитектурная визуализация и основные характеристики. Сохраните проект для вдохновения и откройте каталог, чтобы узнать подробности и актуальную стоимость.",https://catalog-plans.ru/catalog/59-14?utm_source=pinterest&utm_medium=organic&utm_campaign=generated_arctic_frost_static_batch_50&utm_content=pin_9427_59-14_arctic&utm_term=proekty-chastnyh-domov,,"проект дома 59-14, проект дома 224,2 м², готовый проект дома, архитектурная визуализация, характеристики дома, частный дом, газобетон, catalog-plans.ru"
"Проект дома №62-21A площадью 186,74 м²",https://raw.githubusercontent.com/nemchenik/test/71aeafab72585981d8bac0d254113fba50d6af68/pinterest/generated_batch_50_arctic_frost_static/62-21A.jpg,Проекты частных домов,,"Готовый проект дома №62-21A площадью 186,74 м²: 1 этаж, габариты 14.9×18.4 м, материал стен — газобетон. На карточке показана архитектурная визуализация и основные характеристики. Сохраните проект для вдохновения и откройте каталог, чтобы узнать подробности и актуальную стоимость.",https://catalog-plans.ru/catalog/62-21A?utm_source=pinterest&utm_medium=organic&utm_campaign=generated_arctic_frost_static_batch_50&utm_content=pin_9428_62-21A_arctic&utm_term=proekty-chastnyh-domov,,"проект дома 62-21A, проект дома 186,74 м², готовый проект дома, архитектурная визуализация, характеристики дома, частный дом, газобетон, catalog-plans.ru"
"Проект дома №58-11K площадью 192,22 м²",https://raw.githubusercontent.com/nemchenik/test/71aeafab72585981d8bac0d254113fba50d6af68/pinterest/generated_batch_50_arctic_frost_static/58-11K.jpg,Проекты частных домов,,"Готовый проект дома №58-11K площадью 192,22 м²: 2 этажа, габариты 12.25×14.5 м, материал стен — кирпич. На карточке показана архитектурная визуализация и основные характеристики. Сохраните проект для вдохновения и откройте каталог, чтобы узнать подробности и актуальную стоимость.",https://catalog-plans.ru/catalog/58-11K?utm_source=pinterest&utm_medium=organic&utm_campaign=generated_arctic_frost_static_batch_50&utm_content=pin_9429_58-11K_arctic&utm_term=proekty-chastnyh-domov,,"проект дома 58-11K, проект дома 192,22 м², готовый проект дома, архитектурная визуализация, характеристики дома, частный дом, кирпич, catalog-plans.ru"
"Проект дома №58-29 площадью 153,5 м²",https://raw.githubusercontent.com/nemchenik/test/71aeafab72585981d8bac0d254113fba50d6af68/pinterest/generated_batch_50_arctic_frost_static/58-29.jpg,Проекты частных домов,,"Готовый проект дома №58-29 площадью 153,5 м²: 2 этажа, габариты 10.2×12.25 м, материал стен — газобетон. На карточке показана архитектурная визуализация и основные характеристики. Сохраните проект для вдохновения и откройте каталог, чтобы узнать подробности и актуальную стоимость.",https://catalog-plans.ru/catalog/58-29?utm_source=pinterest&utm_medium=organic&utm_campaign=generated_arctic_frost_static_batch_50&utm_content=pin_9430_58-29_arctic&utm_term=proekty-chastnyh-domov,,"проект дома 58-29, проект дома 153,5 м², готовый проект дома, архитектурная визуализация, характеристики дома, частный дом, газобетон, catalog-plans.ru"
"Проект дома №58-67AB площадью 161,76 м²",https://raw.githubusercontent.com/nemchenik/test/71aeafab72585981d8bac0d254113fba50d6af68/pinterest/generated_batch_50_arctic_frost_static/58-67AB.jpg,Проекты частных домов,,"Готовый проект дома №58-67AB площадью 161,76 м²: 3 этажа, габариты 7.65×10.4 м, материал стен — газобетон. На карточке показана архитектурная визуализация и основные характеристики. Сохраните проект для вдохновения и откройте каталог, чтобы узнать подробности и актуальную стоимость.",https://catalog-plans.ru/catalog/58-67AB?utm_source=pinterest&utm_medium=organic&utm_campaign=generated_arctic_frost_static_batch_50&utm_content=pin_9431_58-67AB_arctic&utm_term=proekty-chastnyh-domov,,"проект дома 58-67AB, проект дома 161,76 м², готовый проект дома, архитектурная визуализация, характеристики дома, частный дом, газобетон, catalog-plans.ru"
"Проект дома №58-45 площадью 147,16 м²",https://raw.githubusercontent.com/nemchenik/test/71aeafab72585981d8bac0d254113fba50d6af68/pinterest/generated_batch_50_arctic_frost_static/58-45.jpg,Проекты частных домов,,"Готовый проект дома №58-45 площадью 147,16 м²: 2 этажа, габариты 9.4×12.1 м, материал стен — газобетон. На карточке показана архитектурная визуализация и основные характеристики. Сохраните проект для вдохновения и откройте каталог, чтобы узнать подробности и актуальную стоимость.",https://catalog-plans.ru/catalog/58-45?utm_source=pinterest&utm_medium=organic&utm_campaign=generated_arctic_frost_static_batch_50&utm_content=pin_9432_58-45_arctic&utm_term=proekty-chastnyh-domov,,"проект дома 58-45, проект дома 147,16 м², готовый проект дома, архитектурная визуализация, характеристики дома, частный дом, газобетон, catalog-plans.ru"
"Проект дома №45-08T площадью 239,2 м²",https://raw.githubusercontent.com/nemchenik/test/71aeafab72585981d8bac0d254113fba50d6af68/pinterest/generated_batch_50_arctic_frost_static/45-08T.jpg,Проекты частных домов,,"Готовый проект дома №45-08T площадью 239,2 м²: 1 этаж, габариты 16.12×24.32 м, материал стен — кирпич. На карточке показана архитектурная визуализация и основные характеристики. Сохраните проект для вдохновения и откройте каталог, чтобы узнать подробности и актуальную стоимость.",https://catalog-plans.ru/catalog/45-08T?utm_source=pinterest&utm_medium=organic&utm_campaign=generated_arctic_frost_static_batch_50&utm_content=pin_9433_45-08T_arctic&utm_term=proekty-chastnyh-domov,,"проект дома 45-08T, проект дома 239,2 м², готовый проект дома, архитектурная визуализация, характеристики дома, частный дом, кирпич, catalog-plans.ru"
"Проект дома №65-68 площадью 265,4 м²",https://raw.githubusercontent.com/nemchenik/test/71aeafab72585981d8bac0d254113fba50d6af68/pinterest/generated_batch_50_arctic_frost_static/65-68.jpg,Проекты частных домов,,"Готовый проект дома №65-68 площадью 265,4 м²: 2 этажа, габариты 11.2×19.2 м, материал стен — газобетон. На карточке показана архитектурная визуализация и основные характеристики. Сохраните проект для вдохновения и откройте каталог, чтобы узнать подробности и актуальную стоимость.",https://catalog-plans.ru/catalog/65-68?utm_source=pinterest&utm_medium=organic&utm_campaign=generated_arctic_frost_static_batch_50&utm_content=pin_9434_65-68_arctic&utm_term=proekty-chastnyh-domov,,"проект дома 65-68, проект дома 265,4 м², готовый проект дома, архитектурная визуализация, характеристики дома, частный дом, газобетон, catalog-plans.ru"
"Проект дома №57-10A площадью 194,4 м²",https://raw.githubusercontent.com/nemchenik/test/71aeafab72585981d8bac0d254113fba50d6af68/pinterest/generated_batch_50_arctic_frost_static/57-10A.jpg,Проекты частных домов,,"Готовый проект дома №57-10A площадью 194,4 м²: 2 этажа, габариты 10.2×12.85 м, материал стен — газобетон. На карточке показана архитектурная визуализация и основные характеристики. Сохраните проект для вдохновения и откройте каталог, чтобы узнать подробности и актуальную стоимость.",https://catalog-plans.ru/catalog/57-10A?utm_source=pinterest&utm_medium=organic&utm_campaign=generated_arctic_frost_static_batch_50&utm_content=pin_9435_57-10A_arctic&utm_term=proekty-chastnyh-domov,,"проект дома 57-10A, проект дома 194,4 м², готовый проект дома, архитектурная визуализация, характеристики дома, частный дом, газобетон, catalog-plans.ru"
"Проект дома №62-74 площадью 169,76 м²",https://raw.githubusercontent.com/nemchenik/test/71aeafab72585981d8bac0d254113fba50d6af68/pinterest/generated_batch_50_arctic_frost_static/62-74.jpg,Проекты частных домов,,"Готовый проект дома №62-74 площадью 169,76 м²: 2 этажа, габариты 11.8×12.85 м, материал стен — газобетон. На карточке показана архитектурная визуализация и основные характеристики. Сохраните проект для вдохновения и откройте каталог, чтобы узнать подробности и актуальную стоимость.",https://catalog-plans.ru/catalog/62-74?utm_source=pinterest&utm_medium=organic&utm_campaign=generated_arctic_frost_static_batch_50&utm_content=pin_9436_62-74_arctic&utm_term=proekty-chastnyh-domov,,"проект дома 62-74, проект дома 169,76 м², готовый проект дома, архитектурная визуализация, характеристики дома, частный дом, газобетон, catalog-plans.ru"
"Проект дома №57-62AE площадью 189,44 м²",https://raw.githubusercontent.com/nemchenik/test/71aeafab72585981d8bac0d254113fba50d6af68/pinterest/generated_batch_50_arctic_frost_static/57-62AE.jpg,Проекты частных домов,,"Готовый проект дома №57-62AE площадью 189,44 м²: 2 этажа, габариты 10.44×13.98 м, материал стен — газобетон. На карточке показана архитектурная визуализация и основные характеристики. Сохраните проект для вдохновения и откройте каталог, чтобы узнать подробности и актуальную стоимость.",https://catalog-plans.ru/catalog/57-62AE?utm_source=pinterest&utm_medium=organic&utm_campaign=generated_arctic_frost_static_batch_50&utm_content=pin_9437_57-62AE_arctic&utm_term=proekty-chastnyh-domov,,"проект дома 57-62AE, проект дома 189,44 м², готовый проект дома, архитектурная визуализация, характеристики дома, частный дом, газобетон, catalog-plans.ru"
"Проект дома №45-72K1L площадью 257,69 м²",https://raw.githubusercontent.com/nemchenik/test/71aeafab72585981d8bac0d254113fba50d6af68/pinterest/generated_batch_50_arctic_frost_static/45-72K1L.jpg,Проекты частных домов,,"Готовый проект дома №45-72K1L площадью 257,69 м²: 2 этажа, габариты 12.9×18.48 м, материал стен — кирпич. На карточке показана архитектурная визуализация и основные характеристики. Сохраните проект для вдохновения и откройте каталог, чтобы узнать подробности и актуальную стоимость.",https://catalog-plans.ru/catalog/45-72K1L?utm_source=pinterest&utm_medium=organic&utm_campaign=generated_arctic_frost_static_batch_50&utm_content=pin_9438_45-72K1L_arctic&utm_term=proekty-chastnyh-domov,,"проект дома 45-72K1L, проект дома 257,69 м², готовый проект дома, архитектурная визуализация, характеристики дома, частный дом, кирпич, catalog-plans.ru"
"Проект дома №58-07L площадью 224,36 м²",https://raw.githubusercontent.com/nemchenik/test/71aeafab72585981d8bac0d254113fba50d6af68/pinterest/generated_batch_50_arctic_frost_static/58-07L.jpg,Проекты частных домов,,"Готовый проект дома №58-07L площадью 224,36 м²: 2 этажа, габариты 13.26×14.81 м, материал стен — газобетон. На карточке показана архитектурная визуализация и основные характеристики. Сохраните проект для вдохновения и откройте каталог, чтобы узнать подробности и актуальную стоимость.",https://catalog-plans.ru/catalog/58-07L?utm_source=pinterest&utm_medium=organic&utm_campaign=generated_arctic_frost_static_batch_50&utm_content=pin_9439_58-07L_arctic&utm_term=proekty-chastnyh-domov,,"проект дома 58-07L, проект дома 224,36 м², готовый проект дома, архитектурная визуализация, характеристики дома, частный дом, газобетон, catalog-plans.ru"
"Проект дома №57-92K площадью 303,67 м²",https://raw.githubusercontent.com/nemchenik/test/71aeafab72585981d8bac0d254113fba50d6af68/pinterest/generated_batch_50_arctic_frost_static/57-92K.jpg,Проекты частных домов,,"Готовый проект дома №57-92K площадью 303,67 м²: 2 этажа, габариты 13.04×20.34 м, материал стен — кирпич. На карточке показана архитектурная визуализация и основные характеристики. Сохраните проект для вдохновения и откройте каталог, чтобы узнать подробности и актуальную стоимость.",https://catalog-plans.ru/catalog/57-92K?utm_source=pinterest&utm_medium=organic&utm_campaign=generated_arctic_frost_static_batch_50&utm_content=pin_9440_57-92K_arctic&utm_term=proekty-chastnyh-domov,,"проект дома 57-92K, проект дома 303,67 м², готовый проект дома, архитектурная визуализация, характеристики дома, частный дом, кирпич, catalog-plans.ru"
"Проект дома №32-12 площадью 598,1 м²",https://raw.githubusercontent.com/nemchenik/test/71aeafab72585981d8bac0d254113fba50d6af68/pinterest/generated_batch_50_arctic_frost_static/32-12.jpg,Проекты частных домов,,"Готовый проект дома №32-12 площадью 598,1 м²: 2 этажа, габариты 20.54×24.55 м, материал стен — кирпич. На карточке показана архитектурная визуализация и основные характеристики. Сохраните проект для вдохновения и откройте каталог, чтобы узнать подробности и актуальную стоимость.",https://catalog-plans.ru/catalog/32-12?utm_source=pinterest&utm_medium=organic&utm_campaign=generated_arctic_frost_static_batch_50&utm_content=pin_9441_32-12_arctic&utm_term=proekty-chastnyh-domov,,"проект дома 32-12, проект дома 598,1 м², готовый проект дома, архитектурная визуализация, характеристики дома, частный дом, кирпич, catalog-plans.ru"
"Проект дома №34-95 площадью 113,8 м²",https://raw.githubusercontent.com/nemchenik/test/71aeafab72585981d8bac0d254113fba50d6af68/pinterest/generated_batch_50_arctic_frost_static/34-95.jpg,Проекты частных домов,,"Готовый проект дома №34-95 площадью 113,8 м²: 2 этажа, габариты 8×9.5 м, материал стен — кирпич. На карточке показана архитектурная визуализация и основные характеристики. Сохраните проект для вдохновения и откройте каталог, чтобы узнать подробности и актуальную стоимость.",https://catalog-plans.ru/catalog/34-95?utm_source=pinterest&utm_medium=organic&utm_campaign=generated_arctic_frost_static_batch_50&utm_content=pin_9442_34-95_arctic&utm_term=proekty-chastnyh-domov,,"проект дома 34-95, проект дома 113,8 м², готовый проект дома, архитектурная визуализация, характеристики дома, частный дом, кирпич, catalog-plans.ru"
"Проект дома №32-91 площадью 362,5 м²",https://raw.githubusercontent.com/nemchenik/test/71aeafab72585981d8bac0d254113fba50d6af68/pinterest/generated_batch_50_arctic_frost_static/32-91.jpg,Проекты частных домов,,"Готовый проект дома №32-91 площадью 362,5 м²: 3 этажа, габариты 14×15.2 м, материал стен — кирпич. На карточке показана архитектурная визуализация и основные характеристики. Сохраните проект для вдохновения и откройте каталог, чтобы узнать подробности и актуальную стоимость.",https://catalog-plans.ru/catalog/32-91?utm_source=pinterest&utm_medium=organic&utm_campaign=generated_arctic_frost_static_batch_50&utm_content=pin_9443_32-91_arctic&utm_term=proekty-chastnyh-domov,,"проект дома 32-91, проект дома 362,5 м², готовый проект дома, архитектурная визуализация, характеристики дома, частный дом, кирпич, catalog-plans.ru"
"Проект дома №71-15 площадью 143,78 м²",https://raw.githubusercontent.com/nemchenik/test/71aeafab72585981d8bac0d254113fba50d6af68/pinterest/generated_batch_50_arctic_frost_static/71-15.jpg,Проекты частных домов,,"Готовый проект дома №71-15 площадью 143,78 м²: 2 этажа, габариты 8.82×13.78 м, материал стен — деревянный каркас. На карточке показана архитектурная визуализация и основные характеристики. Сохраните проект для вдохновения и откройте каталог, чтобы узнать подробности и актуальную стоимость.",https://catalog-plans.ru/catalog/71-15?utm_source=pinterest&utm_medium=organic&utm_campaign=generated_arctic_frost_static_batch_50&utm_content=pin_9444_71-15_arctic&utm_term=proekty-chastnyh-domov,,"проект дома 71-15, проект дома 143,78 м², готовый проект дома, архитектурная визуализация, характеристики дома, частный дом, деревянный каркас, catalog-plans.ru"
"Проект дома №11-31 площадью 186,8 м²",https://raw.githubusercontent.com/nemchenik/test/71aeafab72585981d8bac0d254113fba50d6af68/pinterest/generated_batch_50_arctic_frost_static/11-31.jpg,Проекты частных домов,,"Готовый проект дома №11-31 площадью 186,8 м²: 2 этажа, габариты 11.4×17.4 м, материал стен — дерево. На карточке показана архитектурная визуализация и основные характеристики. Сохраните проект для вдохновения и откройте каталог, чтобы узнать подробности и актуальную стоимость.",https://catalog-plans.ru/catalog/11-31?utm_source=pinterest&utm_medium=organic&utm_campaign=generated_arctic_frost_static_batch_50&utm_content=pin_9445_11-31_arctic&utm_term=proekty-chastnyh-domov,,"проект дома 11-31, проект дома 186,8 м², готовый проект дома, архитектурная визуализация, характеристики дома, частный дом, дерево, catalog-plans.ru"
"Проект дома №62-07T площадью 112,14 м²",https://raw.githubusercontent.com/nemchenik/test/71aeafab72585981d8bac0d254113fba50d6af68/pinterest/generated_batch_50_arctic_frost_static/62-07T.jpg,Проекты частных домов,,"Готовый проект дома №62-07T площадью 112,14 м²: 2 этажа, габариты 10.8×12.2 м, материал стен — газобетон. На карточке показана архитектурная визуализация и основные характеристики. Сохраните проект для вдохновения и откройте каталог, чтобы узнать подробности и актуальную стоимость.",https://catalog-plans.ru/catalog/62-07T?utm_source=pinterest&utm_medium=organic&utm_campaign=generated_arctic_frost_static_batch_50&utm_content=pin_9446_62-07T_arctic&utm_term=proekty-chastnyh-domov,,"проект дома 62-07T, проект дома 112,14 м², готовый проект дома, архитектурная визуализация, характеристики дома, частный дом, газобетон, catalog-plans.ru"
"Проект дома №57-46ACEDRAL площадью 197,66 м²",https://raw.githubusercontent.com/nemchenik/test/71aeafab72585981d8bac0d254113fba50d6af68/pinterest/generated_batch_50_arctic_frost_static/57-46ACEDRAL.jpg,Проекты частных домов,,"Готовый проект дома №57-46ACEDRAL площадью 197,66 м²: 2 этажа, габариты 12.45×14 м, материал стен — газобетон. На карточке показана архитектурная визуализация и основные характеристики. Сохраните проект для вдохновения и откройте каталог, чтобы узнать подробности и актуальную стоимость.",https://catalog-plans.ru/catalog/57-46ACEDRAL?utm_source=pinterest&utm_medium=organic&utm_campaign=generated_arctic_frost_static_batch_50&utm_content=pin_9447_57-46ACEDRAL_arctic&utm_term=proekty-chastnyh-domov,,"проект дома 57-46ACEDRAL, проект дома 197,66 м², готовый проект дома, архитектурная визуализация, характеристики дома, частный дом, газобетон, catalog-plans.ru"
"Проект дома №40-93DL площадью 738,46 м²",https://raw.githubusercontent.com/nemchenik/test/71aeafab72585981d8bac0d254113fba50d6af68/pinterest/generated_batch_50_arctic_frost_static/40-93DL.jpg,Проекты частных домов,,"Готовый проект дома №40-93DL площадью 738,46 м²: 3 этажа, габариты 22.54×24.54 м, материал стен — кирпич. На карточке показана архитектурная визуализация и основные характеристики. Сохраните проект для вдохновения и откройте каталог, чтобы узнать подробности и актуальную стоимость.",https://catalog-plans.ru/catalog/40-93DL?utm_source=pinterest&utm_medium=organic&utm_campaign=generated_arctic_frost_static_batch_50&utm_content=pin_9448_40-93DL_arctic&utm_term=proekty-chastnyh-domov,,"проект дома 40-93DL, проект дома 738,46 м², готовый проект дома, архитектурная визуализация, характеристики дома, частный дом, кирпич, catalog-plans.ru"
"Проект дома №68-77 площадью 153,45 м²",https://raw.githubusercontent.com/nemchenik/test/71aeafab72585981d8bac0d254113fba50d6af68/pinterest/generated_batch_50_arctic_frost_static/68-77.jpg,Проекты частных домов,,"Готовый проект дома №68-77 площадью 153,45 м²: 1 этаж, габариты 12.45×16.65 м, материал стен — газобетон. На карточке показана архитектурная визуализация и основные характеристики. Сохраните проект для вдохновения и откройте каталог, чтобы узнать подробности и актуальную стоимость.",https://catalog-plans.ru/catalog/68-77?utm_source=pinterest&utm_medium=organic&utm_campaign=generated_arctic_frost_static_batch_50&utm_content=pin_9449_68-77_arctic&utm_term=proekty-chastnyh-domov,,"проект дома 68-77, проект дома 153,45 м², готовый проект дома, архитектурная визуализация, характеристики дома, частный дом, газобетон, catalog-plans.ru"
"Проект дома №57-00WBK2L площадью 219,14 м²",https://raw.githubusercontent.com/nemchenik/test/71aeafab72585981d8bac0d254113fba50d6af68/pinterest/generated_batch_50_arctic_frost_static/57-00WBK2L.jpg,Проекты частных домов,,"Готовый проект дома №57-00WBK2L площадью 219,14 м²: 2 этажа, габариты 13.54×16.27 м, материал стен — кирпич. На карточке показана архитектурная визуализация и основные характеристики. Сохраните проект для вдохновения и откройте каталог, чтобы узнать подробности и актуальную стоимость.",https://catalog-plans.ru/catalog/57-00WBK2L?utm_source=pinterest&utm_medium=organic&utm_campaign=generated_arctic_frost_static_batch_50&utm_content=pin_9450_57-00WBK2L_arctic&utm_term=proekty-chastnyh-domov,,"проект дома 57-00WBK2L, проект дома 219,14 м², готовый проект дома, архитектурная визуализация, характеристики дома, частный дом, кирпич, catalog-plans.ru"
"Проект дома №58-21K площадью 191,53 м²",https://raw.githubusercontent.com/nemchenik/test/71aeafab72585981d8bac0d254113fba50d6af68/pinterest/generated_batch_50_arctic_frost_static/58-21K.jpg,Проекты частных домов,,"Готовый проект дома №58-21K площадью 191,53 м²: 2 этажа, габариты 10.92×15.72 м, материал стен — кирпич. На карточке показана архитектурная визуализация и основные характеристики. Сохраните проект для вдохновения и откройте каталог, чтобы узнать подробности и актуальную стоимость.",https://catalog-plans.ru/catalog/58-21K?utm_source=pinterest&utm_medium=organic&utm_campaign=generated_arctic_frost_static_batch_50&utm_content=pin_9451_58-21K_arctic&utm_term=proekty-chastnyh-domov,,"проект дома 58-21K, проект дома 191,53 м², готовый проект дома, архитектурная визуализация, характеристики дома, частный дом, кирпич, catalog-plans.ru"
"Проект дома №58-70J площадью 141,34 м²",https://raw.githubusercontent.com/nemchenik/test/71aeafab72585981d8bac0d254113fba50d6af68/pinterest/generated_batch_50_arctic_frost_static/58-70J.jpg,Проекты частных домов,,"Готовый проект дома №58-70J площадью 141,34 м²: 1 этаж, габариты 11.9×13.9 м, материал стен — газобетон. На карточке показана архитектурная визуализация и основные характеристики. Сохраните проект для вдохновения и откройте каталог, чтобы узнать подробности и актуальную стоимость.",https://catalog-plans.ru/catalog/58-70J?utm_source=pinterest&utm_medium=organic&utm_campaign=generated_arctic_frost_static_batch_50&utm_content=pin_9452_58-70J_arctic&utm_term=proekty-chastnyh-domov,,"проект дома 58-70J, проект дома 141,34 м², готовый проект дома, архитектурная визуализация, характеристики дома, частный дом, газобетон, catalog-plans.ru"
Проект дома №32-87 площадью 706 м²,https://raw.githubusercontent.com/nemchenik/test/71aeafab72585981d8bac0d254113fba50d6af68/pinterest/generated_batch_50_arctic_frost_static/32-87.jpg,Проекты частных домов,,"Готовый проект дома №32-87 площадью 706 м²: 2 этажа, габариты 20.64×21.98 м, материал стен — кирпич. На карточке показана архитектурная визуализация и основные характеристики. Сохраните проект для вдохновения и откройте каталог, чтобы узнать подробности и актуальную стоимость.",https://catalog-plans.ru/catalog/32-87?utm_source=pinterest&utm_medium=organic&utm_campaign=generated_arctic_frost_static_batch_50&utm_content=pin_9453_32-87_arctic&utm_term=proekty-chastnyh-domov,,"проект дома 32-87, проект дома 706 м², готовый проект дома, архитектурная визуализация, характеристики дома, частный дом, кирпич, catalog-plans.ru"
"Проект дома №46-09K1L площадью 151,8 м²",https://raw.githubusercontent.com/nemchenik/test/71aeafab72585981d8bac0d254113fba50d6af68/pinterest/generated_batch_50_arctic_frost_static/46-09K1L.jpg,Проекты частных домов,,"Готовый проект дома №46-09K1L площадью 151,8 м²: 1 этаж, габариты 14.55×18.48 м, материал стен — кирпич. На карточке показана архитектурная визуализация и основные характеристики. Сохраните проект для вдохновения и откройте каталог, чтобы узнать подробности и актуальную стоимость.",https://catalog-plans.ru/catalog/46-09K1L?utm_source=pinterest&utm_medium=organic&utm_campaign=generated_arctic_frost_static_batch_50&utm_content=pin_9454_46-09K1L_arctic&utm_term=proekty-chastnyh-domov,,"проект дома 46-09K1L, проект дома 151,8 м², готовый проект дома, архитектурная визуализация, характеристики дома, частный дом, кирпич, catalog-plans.ru"
"Проект дома №65-35MA площадью 380,94 м²",https://raw.githubusercontent.com/nemchenik/test/71aeafab72585981d8bac0d254113fba50d6af68/pinterest/generated_batch_50_arctic_frost_static/65-35MA.jpg,Проекты частных домов,,"Готовый проект дома №65-35MA площадью 380,94 м²: 2 этажа, габариты 17.5×19 м, материал стен — монолитный каркас. На карточке показана архитектурная визуализация и основные характеристики. Сохраните проект для вдохновения и откройте каталог, чтобы узнать подробности и актуальную стоимость.",https://catalog-plans.ru/catalog/65-35MA?utm_source=pinterest&utm_medium=organic&utm_campaign=generated_arctic_frost_static_batch_50&utm_content=pin_9455_65-35MA_arctic&utm_term=proekty-chastnyh-domov,,"проект дома 65-35MA, проект дома 380,94 м², готовый проект дома, архитектурная визуализация, характеристики дома, частный дом, монолитный каркас, catalog-plans.ru"
"Проект дома №62-39EKBL площадью 165,01 м²",https://raw.githubusercontent.com/nemchenik/test/71aeafab72585981d8bac0d254113fba50d6af68/pinterest/generated_batch_50_arctic_frost_static/62-39EKBL.jpg,Проекты частных домов,,"Готовый проект дома №62-39EKBL площадью 165,01 м²: 1 этаж, габариты 14.39×15.44 м, материал стен — керамзитобетон. На карточке показана архитектурная визуализация и основные характеристики. Сохраните проект для вдохновения и откройте каталог, чтобы узнать подробности и актуальную стоимость.",https://catalog-plans.ru/catalog/62-39EKBL?utm_source=pinterest&utm_medium=organic&utm_campaign=generated_arctic_frost_static_batch_50&utm_content=pin_9456_62-39EKBL_arctic&utm_term=proekty-chastnyh-domov,,"проект дома 62-39EKBL, проект дома 165,01 м², готовый проект дома, архитектурная визуализация, характеристики дома, частный дом, керамзитобетон, catalog-plans.ru"
"Проект дома №32-43 площадью 115,1 м²",https://raw.githubusercontent.com/nemchenik/test/71aeafab72585981d8bac0d254113fba50d6af68/pinterest/generated_batch_50_arctic_frost_static/32-43.jpg,Проекты частных домов,,"Готовый проект дома №32-43 площадью 115,1 м²: 2 этажа, габариты 9.3×10.3 м, материал стен — кирпич. На карточке показана архитектурная визуализация и основные характеристики. Сохраните проект для вдохновения и откройте каталог, чтобы узнать подробности и актуальную стоимость.",https://catalog-plans.ru/catalog/32-43?utm_source=pinterest&utm_medium=organic&utm_campaign=generated_arctic_frost_static_batch_50&utm_content=pin_9457_32-43_arctic&utm_term=proekty-chastnyh-domov,,"проект дома 32-43, проект дома 115,1 м², готовый проект дома, архитектурная визуализация, характеристики дома, частный дом, кирпич, catalog-plans.ru"
"Проект дома №57-05MAK2L площадью 215,12 м²",https://raw.githubusercontent.com/nemchenik/test/71aeafab72585981d8bac0d254113fba50d6af68/pinterest/generated_batch_50_arctic_frost_static/57-05MAK2L.jpg,Проекты частных домов,,"Готовый проект дома №57-05MAK2L площадью 215,12 м²: 2 этажа, габариты 10×12.97 м, материал стен — кирпич. На карточке показана архитектурная визуализация и основные характеристики. Сохраните проект для вдохновения и откройте каталог, чтобы узнать подробности и актуальную стоимость.",https://catalog-plans.ru/catalog/57-05MAK2L?utm_source=pinterest&utm_medium=organic&utm_campaign=generated_arctic_frost_static_batch_50&utm_content=pin_9458_57-05MAK2L_arctic&utm_term=proekty-chastnyh-domov,,"проект дома 57-05MAK2L, проект дома 215,12 м², готовый проект дома, архитектурная визуализация, характеристики дома, частный дом, кирпич, catalog-plans.ru"
"Проект дома №71-01 площадью 131,19 м²",https://raw.githubusercontent.com/nemchenik/test/71aeafab72585981d8bac0d254113fba50d6af68/pinterest/generated_batch_50_arctic_frost_static/71-01.jpg,Проекты частных домов,,"Готовый проект дома №71-01 площадью 131,19 м²: 1 этаж, габариты 12.22×12.22 м, материал стен — деревянный каркас. На карточке показана архитектурная визуализация и основные характеристики. Сохраните проект для вдохновения и откройте каталог, чтобы узнать подробности и актуальную стоимость.",https://catalog-plans.ru/catalog/71-01?utm_source=pinterest&utm_medium=organic&utm_campaign=generated_arctic_frost_static_batch_50&utm_content=pin_9459_71-01_arctic&utm_term=proekty-chastnyh-domov,,"проект дома 71-01, проект дома 131,19 м², готовый проект дома, архитектурная визуализация, характеристики дома, частный дом, деревянный каркас, catalog-plans.ru"
"Проект дома №63-05ABD площадью 179,93 м²",https://raw.githubusercontent.com/nemchenik/test/71aeafab72585981d8bac0d254113fba50d6af68/pinterest/generated_batch_50_arctic_frost_static/63-05ABD.jpg,Проекты частных домов,,"Готовый проект дома №63-05ABD площадью 179,93 м²: 2 этажа, габариты 12.7×13.6 м, материал стен — газобетон. На карточке показана архитектурная визуализация и основные характеристики. Сохраните проект для вдохновения и откройте каталог, чтобы узнать подробности и актуальную стоимость.",https://catalog-plans.ru/catalog/63-05ABD?utm_source=pinterest&utm_medium=organic&utm_campaign=generated_arctic_frost_static_batch_50&utm_content=pin_9460_63-05ABD_arctic&utm_term=proekty-chastnyh-domov,,"проект дома 63-05ABD, проект дома 179,93 м², готовый проект дома, архитектурная визуализация, характеристики дома, частный дом, газобетон, catalog-plans.ru"
"Проект дома №45-10AFGL площадью 213,36 м²",https://raw.githubusercontent.com/nemchenik/test/71aeafab72585981d8bac0d254113fba50d6af68/pinterest/generated_batch_50_arctic_frost_static/45-10AFGL.jpg,Проекты частных домов,,"Готовый проект дома №45-10AFGL площадью 213,36 м²: 2 этажа, габариты 12.5×17.5 м, материал стен — газобетон. На карточке показана архитектурная визуализация и основные характеристики. Сохраните проект для вдохновения и откройте каталог, чтобы узнать подробности и актуальную стоимость.",https://catalog-plans.ru/catalog/45-10AFGL?utm_source=pinterest&utm_medium=organic&utm_campaign=generated_arctic_frost_static_batch_50&utm_content=pin_9461_45-10AFGL_arctic&utm_term=proekty-chastnyh-domov,,"проект дома 45-10AFGL, проект дома 213,36 м², готовый проект дома, архитектурная визуализация, характеристики дома, частный дом, газобетон, catalog-plans.ru"
"Проект дома №62-07PA площадью 148,69 м²",https://raw.githubusercontent.com/nemchenik/test/71aeafab72585981d8bac0d254113fba50d6af68/pinterest/generated_batch_50_arctic_frost_static/62-07PA.jpg,Проекты частных домов,,"Готовый проект дома №62-07PA площадью 148,69 м²: 2 этажа, габариты 12.3×13 м, материал стен — газобетон. На карточке показана архитектурная визуализация и основные характеристики. Сохраните проект для вдохновения и откройте каталог, чтобы узнать подробности и актуальную стоимость.",https://catalog-plans.ru/catalog/62-07PA?utm_source=pinterest&utm_medium=organic&utm_campaign=generated_arctic_frost_static_batch_50&utm_content=pin_9462_62-07PA_arctic&utm_term=proekty-chastnyh-domov,,"проект дома 62-07PA, проект дома 148,69 м², готовый проект дома, архитектурная визуализация, характеристики дома, частный дом, газобетон, catalog-plans.ru"
"Проект дома №64-56 площадью 364,3 м²",https://raw.githubusercontent.com/nemchenik/test/71aeafab72585981d8bac0d254113fba50d6af68/pinterest/generated_batch_50_arctic_frost_static/64-56.jpg,Проекты частных домов,,"Готовый проект дома №64-56 площадью 364,3 м²: 3 этажа, габариты 10.9×12.3 м, материал стен — газобетон. На карточке показана архитектурная визуализация и основные характеристики. Сохраните проект для вдохновения и откройте каталог, чтобы узнать подробности и актуальную стоимость.",https://catalog-plans.ru/catalog/64-56?utm_source=pinterest&utm_medium=organic&utm_campaign=generated_arctic_frost_static_batch_50&utm_content=pin_9463_64-56_arctic&utm_term=proekty-chastnyh-domov,,"проект дома 64-56, проект дома 364,3 м², готовый проект дома, архитектурная визуализация, характеристики дома, частный дом, газобетон, catalog-plans.ru"
"Проект дома №58-44AL площадью 270,07 м²",https://raw.githubusercontent.com/nemchenik/test/71aeafab72585981d8bac0d254113fba50d6af68/pinterest/generated_batch_50_arctic_frost_static/58-44AL.jpg,Проекты частных домов,,"Готовый проект дома №58-44AL площадью 270,07 м²: 2 этажа, габариты 14.66×16.46 м, материал стен — газобетон. На карточке показана архитектурная визуализация и основные характеристики. Сохраните проект для вдохновения и откройте каталог, чтобы узнать подробности и актуальную стоимость.",https://catalog-plans.ru/catalog/58-44AL?utm_source=pinterest&utm_medium=organic&utm_campaign=generated_arctic_frost_static_batch_50&utm_content=pin_9464_58-44AL_arctic&utm_term=proekty-chastnyh-domov,,"проект дома 58-44AL, проект дома 270,07 м², готовый проект дома, архитектурная визуализация, характеристики дома, частный дом, газобетон, catalog-plans.ru"
"Проект дома №59-95EL площадью 204,45 м²",https://raw.githubusercontent.com/nemchenik/test/71aeafab72585981d8bac0d254113fba50d6af68/pinterest/generated_batch_50_arctic_frost_static/59-95EL.jpg,Проекты частных домов,,"Готовый проект дома №59-95EL площадью 204,45 м²: 2 этажа, габариты 12.9×12.9 м, материал стен — газобетон. На карточке показана архитектурная визуализация и основные характеристики. Сохраните проект для вдохновения и откройте каталог, чтобы узнать подробности и актуальную стоимость.",https://catalog-plans.ru/catalog/59-95EL?utm_source=pinterest&utm_medium=organic&utm_campaign=generated_arctic_frost_static_batch_50&utm_content=pin_9465_59-95EL_arctic&utm_term=proekty-chastnyh-domov,,"проект дома 59-95EL, проект дома 204,45 м², готовый проект дома, архитектурная визуализация, характеристики дома, частный дом, газобетон, catalog-plans.ru"
"Проект дома №62-35L площадью 374,55 м²",https://raw.githubusercontent.com/nemchenik/test/71aeafab72585981d8bac0d254113fba50d6af68/pinterest/generated_batch_50_arctic_frost_static/62-35L.jpg,Проекты частных домов,,"Готовый проект дома №62-35L площадью 374,55 м²: 2 этажа, габариты 11.54×19 м, материал стен — газобетон. На карточке показана архитектурная визуализация и основные характеристики. Сохраните проект для вдохновения и откройте каталог, чтобы узнать подробности и актуальную стоимость.",https://catalog-plans.ru/catalog/62-35L?utm_source=pinterest&utm_medium=organic&utm_campaign=generated_arctic_frost_static_batch_50&utm_content=pin_9466_62-35L_arctic&utm_term=proekty-chastnyh-domov,,"проект дома 62-35L, проект дома 374,55 м², готовый проект дома, архитектурная визуализация, характеристики дома, частный дом, газобетон, catalog-plans.ru"
Проект дома №30-58 площадью 490 м²,https://raw.githubusercontent.com/nemchenik/test/71aeafab72585981d8bac0d254113fba50d6af68/pinterest/generated_batch_50_arctic_frost_static/30-58.jpg,Проекты частных домов,,"Готовый проект дома №30-58 площадью 490 м²: 3 этажа, габариты 14.4×24 м, материал стен — кирпич. На карточке показана архитектурная визуализация и основные характеристики. Сохраните проект для вдохновения и откройте каталог, чтобы узнать подробности и актуальную стоимость.",https://catalog-plans.ru/catalog/30-58?utm_source=pinterest&utm_medium=organic&utm_campaign=generated_arctic_frost_static_batch_50&utm_content=pin_9467_30-58_arctic&utm_term=proekty-chastnyh-domov,,"проект дома 30-58, проект дома 490 м², готовый проект дома, архитектурная визуализация, характеристики дома, частный дом, кирпич, catalog-plans.ru"
"Проект дома №62-71BSAMK1 площадью 242,5 м²",https://raw.githubusercontent.com/nemchenik/test/71aeafab72585981d8bac0d254113fba50d6af68/pinterest/generated_batch_50_arctic_frost_static/62-71BSAMK1.jpg,Проекты частных домов,,"Готовый проект дома №62-71BSAMK1 площадью 242,5 м²: 2 этажа, габариты 11.9×12.4 м, материал стен — монолитный каркас. На карточке показана архитектурная визуализация и основные характеристики. Сохраните проект для вдохновения и откройте каталог, чтобы узнать подробности и актуальную стоимость.",https://catalog-plans.ru/catalog/62-71BSAMK1?utm_source=pinterest&utm_medium=organic&utm_campaign=generated_arctic_frost_static_batch_50&utm_content=pin_9468_62-71BSAMK1_arctic&utm_term=proekty-chastnyh-domov,,"проект дома 62-71BSAMK1, проект дома 242,5 м², готовый проект дома, архитектурная визуализация, характеристики дома, частный дом, монолитный каркас, catalog-plans.ru"
"Проект дома №48-33G площадью 345,86 м²",https://raw.githubusercontent.com/nemchenik/test/71aeafab72585981d8bac0d254113fba50d6af68/pinterest/generated_batch_50_arctic_frost_static/48-33G.jpg,Проекты частных домов,,"Готовый проект дома №48-33G площадью 345,86 м²: 2 этажа, габариты 12.76×20.2 м, материал стен — газобетон. На карточке показана архитектурная визуализация и основные характеристики. Сохраните проект для вдохновения и откройте каталог, чтобы узнать подробности и актуальную стоимость.",https://catalog-plans.ru/catalog/48-33G?utm_source=pinterest&utm_medium=organic&utm_campaign=generated_arctic_frost_static_batch_50&utm_content=pin_9469_48-33G_arctic&utm_term=proekty-chastnyh-domov,,"проект дома 48-33G, проект дома 345,86 м², готовый проект дома, архитектурная визуализация, характеристики дома, частный дом, газобетон, catalog-plans.ru"
"Проект дома №58-16BDL площадью 150,94 м²",https://raw.githubusercontent.com/nemchenik/test/71aeafab72585981d8bac0d254113fba50d6af68/pinterest/generated_batch_50_arctic_frost_static/58-16BDL.jpg,Проекты частных домов,,"Готовый проект дома №58-16BDL площадью 150,94 м²: 2 этажа, габариты 10.3×10.8 м, материал стен — газобетон. На карточке показана архитектурная визуализация и основные характеристики. Сохраните проект для вдохновения и откройте каталог, чтобы узнать подробности и актуальную стоимость.",https://catalog-plans.ru/catalog/58-16BDL?utm_source=pinterest&utm_medium=organic&utm_campaign=generated_arctic_frost_static_batch_50&utm_content=pin_9470_58-16BDL_arctic&utm_term=proekty-chastnyh-domov,,"проект дома 58-16BDL, проект дома 150,94 м², готовый проект дома, архитектурная визуализация, характеристики дома, частный дом, газобетон, catalog-plans.ru"
"Проект дома №62-15C площадью 356,79 м²",https://raw.githubusercontent.com/nemchenik/test/71aeafab72585981d8bac0d254113fba50d6af68/pinterest/generated_batch_50_arctic_frost_static/62-15C.jpg,Проекты частных домов,,"Готовый проект дома №62-15C площадью 356,79 м²: 2 этажа, габариты 18.36×20.82 м, материал стен — газобетон. На карточке показана архитектурная визуализация и основные характеристики. Сохраните проект для вдохновения и откройте каталог, чтобы узнать подробности и актуальную стоимость.",https://catalog-plans.ru/catalog/62-15C?utm_source=pinterest&utm_medium=organic&utm_campaign=generated_arctic_frost_static_batch_50&utm_content=pin_9471_62-15C_arctic&utm_term=proekty-chastnyh-domov,,"проект дома 62-15C, проект дома 356,79 м², готовый проект дома, архитектурная визуализация, характеристики дома, частный дом, газобетон, catalog-plans.ru"
"Проект дома №40-30B площадью 477,78 м²",https://raw.githubusercontent.com/nemchenik/test/71aeafab72585981d8bac0d254113fba50d6af68/pinterest/generated_batch_50_arctic_frost_static/40-30B.jpg,Проекты частных домов,,"Готовый проект дома №40-30B площадью 477,78 м²: 2 этажа, габариты 12.7×18.16 м, материал стен — кирпич. На карточке показана архитектурная визуализация и основные характеристики. Сохраните проект для вдохновения и откройте каталог, чтобы узнать подробности и актуальную стоимость.",https://catalog-plans.ru/catalog/40-30B?utm_source=pinterest&utm_medium=organic&utm_campaign=generated_arctic_frost_static_batch_50&utm_content=pin_9472_40-30B_arctic&utm_term=proekty-chastnyh-domov,,"проект дома 40-30B, проект дома 477,78 м², готовый проект дома, архитектурная визуализация, характеристики дома, частный дом, кирпич, catalog-plans.ru"
"Проект дома №58-79AFK1L площадью 148,25 м²",https://raw.githubusercontent.com/nemchenik/test/71aeafab72585981d8bac0d254113fba50d6af68/pinterest/generated_batch_50_arctic_frost_static/58-79AFK1L.jpg,Проекты частных домов,,"Готовый проект дома №58-79AFK1L площадью 148,25 м²: 2 этажа, габариты 9.35×11.6 м, материал стен — кирпич. На карточке показана архитектурная визуализация и основные характеристики. Сохраните проект для вдохновения и откройте каталог, чтобы узнать подробности и актуальную стоимость.",https://catalog-plans.ru/catalog/58-79AFK1L?utm_source=pinterest&utm_medium=organic&utm_campaign=generated_arctic_frost_static_batch_50&utm_content=pin_9473_58-79AFK1L_arctic&utm_term=proekty-chastnyh-domov,,"проект дома 58-79AFK1L, проект дома 148,25 м², готовый проект дома, архитектурная визуализация, характеристики дома, частный дом, кирпич, catalog-plans.ru"
"Проект дома №55-45 площадью 146,3 м²",https://raw.githubusercontent.com/nemchenik/test/71aeafab72585981d8bac0d254113fba50d6af68/pinterest/generated_batch_50_arctic_frost_static/55-45.jpg,Проекты частных домов,,"Готовый проект дома №55-45 площадью 146,3 м²: 2 этажа, габариты 8.2×10.5 м, материал стен — газобетон. На карточке показана архитектурная визуализация и основные характеристики. Сохраните проект для вдохновения и откройте каталог, чтобы узнать подробности и актуальную стоимость.",https://catalog-plans.ru/catalog/55-45?utm_source=pinterest&utm_medium=organic&utm_campaign=generated_arctic_frost_static_batch_50&utm_content=pin_9474_55-45_arctic&utm_term=proekty-chastnyh-domov,,"проект дома 55-45, проект дома 146,3 м², готовый проект дома, архитектурная визуализация, характеристики дома, частный дом, газобетон, catalog-plans.ru"
"Проект дома №57-60B площадью 243,02 м²",https://raw.githubusercontent.com/nemchenik/test/71aeafab72585981d8bac0d254113fba50d6af68/pinterest/generated_batch_50_arctic_frost_static/57-60B.jpg,Проекты частных домов,,"Готовый проект дома №57-60B площадью 243,02 м²: 2 этажа, габариты 13.2×14.1 м, материал стен — газобетон. На карточке показана архитектурная визуализация и основные характеристики. Сохраните проект для вдохновения и откройте каталог, чтобы узнать подробности и актуальную стоимость.",https://catalog-plans.ru/catalog/57-60B?utm_source=pinterest&utm_medium=organic&utm_campaign=generated_arctic_frost_static_batch_50&utm_content=pin_9475_57-60B_arctic&utm_term=proekty-chastnyh-domov,,"проект дома 57-60B, проект дома 243,02 м², готовый проект дома, архитектурная визуализация, характеристики дома, частный дом, газобетон, catalog-plans.ru"
"Проект дома №51-63 площадью 149,8 м²",https://raw.githubusercontent.com/nemchenik/test/71aeafab72585981d8bac0d254113fba50d6af68/pinterest/generated_batch_50_arctic_frost_static/51-63.jpg,Проекты частных домов,,"Готовый проект дома №51-63 площадью 149,8 м²: 2 этажа, габариты 10.2×10.8 м, материал стен — ячеистые бетонные блоки. На карточке показана архитектурная визуализация и основные характеристики. Сохраните проект для вдохновения и откройте каталог, чтобы узнать подробности и актуальную стоимость.",https://catalog-plans.ru/catalog/51-63?utm_source=pinterest&utm_medium=organic&utm_campaign=generated_arctic_frost_static_batch_50&utm_content=pin_9476_51-63_arctic&utm_term=proekty-chastnyh-domov,,"проект дома 51-63, проект дома 149,8 м², готовый проект дома, архитектурная визуализация, характеристики дома, частный дом, ячеистые бетонные блоки, catalog-plans.ru"
"Проект дома №58-55A площадью 228,93 м²",https://raw.githubusercontent.com/nemchenik/test/71aeafab72585981d8bac0d254113fba50d6af68/pinterest/generated_batch_50_arctic_frost_static/58-55A.jpg,Проекты частных домов,,"Готовый проект дома №58-55A площадью 228,93 м²: 2 этажа, габариты 12.5×14.52 м, материал стен — газобетон. На карточке показана архитектурная визуализация и основные характеристики. Сохраните проект для вдохновения и откройте каталог, чтобы узнать подробности и актуальную стоимость.",https://catalog-plans.ru/catalog/58-55A?utm_source=pinterest&utm_medium=organic&utm_campaign=generated_arctic_frost_static_batch_50&utm_content=pin_9477_58-55A_arctic&utm_term=proekty-chastnyh-domov,,"проект дома 58-55A, проект дома 228,93 м², готовый проект дома, архитектурная визуализация, характеристики дома, частный дом, газобетон, catalog-plans.ru"
"Проект дома №57-30NL площадью 186,55 м²",https://raw.githubusercontent.com/nemchenik/test/71aeafab72585981d8bac0d254113fba50d6af68/pinterest/generated_batch_50_arctic_frost_static/57-30NL.jpg,Проекты частных домов,,"Готовый проект дома №57-30NL площадью 186,55 м²: 2 этажа, габариты 11.3×12.1 м, материал стен — газобетон. На карточке показана архитектурная визуализация и основные характеристики. Сохраните проект для вдохновения и откройте каталог, чтобы узнать подробности и актуальную стоимость.",https://catalog-plans.ru/catalog/57-30NL?utm_source=pinterest&utm_medium=organic&utm_campaign=generated_arctic_frost_static_batch_50&utm_content=pin_9478_57-30NL_arctic&utm_term=proekty-chastnyh-domov,,"проект дома 57-30NL, проект дома 186,55 м², готовый проект дома, архитектурная визуализация, характеристики дома, частный дом, газобетон, catalog-plans.ru"
"Проект дома №15-30 площадью 212,7 м²",https://raw.githubusercontent.com/nemchenik/test/71aeafab72585981d8bac0d254113fba50d6af68/pinterest/generated_batch_50_arctic_frost_static/15-30.jpg,Проекты частных домов,,"Готовый проект дома №15-30 площадью 212,7 м²: 2 этажа, габариты 11.9×11.9 м, материал стен — газобетон. На карточке показана архитектурная визуализация и основные характеристики. Сохраните проект для вдохновения и откройте каталог, чтобы узнать подробности и актуальную стоимость.",https://catalog-plans.ru/catalog/15-30?utm_source=pinterest&utm_medium=organic&utm_campaign=generated_arctic_frost_static_batch_50&utm_content=pin_9479_15-30_arctic&utm_term=proekty-chastnyh-domov,,"проект дома 15-30, проект дома 212,7 м², готовый проект дома, архитектурная визуализация, характеристики дома, частный дом, газобетон, catalog-plans.ru"
"Проект дома №45-76ZGL площадью 235,67 м²",https://raw.githubusercontent.com/nemchenik/test/71aeafab72585981d8bac0d254113fba50d6af68/pinterest/generated_batch_50_arctic_frost_static/45-76ZGL.jpg,Проекты частных домов,,"Готовый проект дома №45-76ZGL площадью 235,67 м²: 2 этажа, габариты 16.18×12.32 м, материал стен — газобетон. На карточке показана архитектурная визуализация и основные характеристики. Сохраните проект для вдохновения и откройте каталог, чтобы узнать подробности и актуальную стоимость.",https://catalog-plans.ru/catalog/45-76ZGL?utm_source=pinterest&utm_medium=organic&utm_campaign=generated_arctic_frost_static_batch_50&utm_content=pin_9480_45-76ZGL_arctic&utm_term=proekty-chastnyh-domov,,"проект дома 45-76ZGL, проект дома 235,67 м², готовый проект дома, архитектурная визуализация, характеристики дома, частный дом, газобетон, catalog-plans.ru"
"Проект дома №59-53 площадью 141,8 м²",https://raw.githubusercontent.com/nemchenik/test/71aeafab72585981d8bac0d254113fba50d6af68/pinterest/generated_batch_50_arctic_frost_static/59-53.jpg,Проекты частных домов,,"Готовый проект дома №59-53 площадью 141,8 м²: 2 этажа, габариты 11.4×12.3 м, материал стен — газобетон. На карточке показана архитектурная визуализация и основные характеристики. Сохраните проект для вдохновения и откройте каталог, чтобы узнать подробности и актуальную стоимость.",https://catalog-plans.ru/catalog/59-53?utm_source=pinterest&utm_medium=organic&utm_campaign=generated_arctic_frost_static_batch_50&utm_content=pin_9481_59-53_arctic&utm_term=proekty-chastnyh-domov,,"проект дома 59-53, проект дома 141,8 м², готовый проект дома, архитектурная визуализация, характеристики дома, частный дом, газобетон, catalog-plans.ru"
"Проект дома №57-94AKL площадью 306,79 м²",https://raw.githubusercontent.com/nemchenik/test/71aeafab72585981d8bac0d254113fba50d6af68/pinterest/generated_batch_50_arctic_frost_static/57-94AKL.jpg,Проекты частных домов,,"Готовый проект дома №57-94AKL площадью 306,79 м²: 2 этажа, габариты 13.66×14.56 м, материал стен — кирпич. На карточке показана архитектурная визуализация и основные характеристики. Сохраните проект для вдохновения и откройте каталог, чтобы узнать подробности и актуальную стоимость.",https://catalog-plans.ru/catalog/57-94AKL?utm_source=pinterest&utm_medium=organic&utm_campaign=generated_arctic_frost_static_batch_50&utm_content=pin_9482_57-94AKL_arctic&utm_term=proekty-chastnyh-domov,,"проект дома 57-94AKL, проект дома 306,79 м², готовый проект дома, архитектурная визуализация, характеристики дома, частный дом, кирпич, catalog-plans.ru"
"Проект дома №34-51 площадью 207,2 м²",https://raw.githubusercontent.com/nemchenik/test/71aeafab72585981d8bac0d254113fba50d6af68/pinterest/generated_batch_50_arctic_frost_static/34-51.jpg,Проекты частных домов,,"Готовый проект дома №34-51 площадью 207,2 м²: 2 этажа, габариты 13.75×15.21 м, материал стен — кирпич. На карточке показана архитектурная визуализация и основные характеристики. Сохраните проект для вдохновения и откройте каталог, чтобы узнать подробности и актуальную стоимость.",https://catalog-plans.ru/catalog/34-51?utm_source=pinterest&utm_medium=organic&utm_campaign=generated_arctic_frost_static_batch_50&utm_content=pin_9483_34-51_arctic&utm_term=proekty-chastnyh-domov,,"проект дома 34-51, проект дома 207,2 м², готовый проект дома, архитектурная визуализация, характеристики дома, частный дом, кирпич, catalog-plans.ru"
"Проект дома №47-09 площадью 290,9 м²",https://raw.githubusercontent.com/nemchenik/test/71aeafab72585981d8bac0d254113fba50d6af68/pinterest/generated_batch_50_arctic_frost_static/47-09.jpg,Проекты частных домов,,"Готовый проект дома №47-09 площадью 290,9 м²: 2 этажа, габариты 14.1×15.3 м, материал стен — газобетон. На карточке показана архитектурная визуализация и основные характеристики. Сохраните проект для вдохновения и откройте каталог, чтобы узнать подробности и актуальную стоимость.",https://catalog-plans.ru/catalog/47-09?utm_source=pinterest&utm_medium=organic&utm_campaign=generated_arctic_frost_static_batch_50&utm_content=pin_9484_47-09_arctic&utm_term=proekty-chastnyh-domov,,"проект дома 47-09, проект дома 290,9 м², готовый проект дома, архитектурная визуализация, характеристики дома, частный дом, газобетон, catalog-plans.ru"
"Проект дома №58-61 площадью 110,91 м²",https://raw.githubusercontent.com/nemchenik/test/71aeafab72585981d8bac0d254113fba50d6af68/pinterest/generated_batch_50_arctic_frost_static/58-61.jpg,Проекты частных домов,,"Готовый проект дома №58-61 площадью 110,91 м²: 2 этажа, габариты 8.96×11.16 м, материал стен — газобетон. На карточке показана архитектурная визуализация и основные характеристики. Сохраните проект для вдохновения и откройте каталог, чтобы узнать подробности и актуальную стоимость.",https://catalog-plans.ru/catalog/58-61?utm_source=pinterest&utm_medium=organic&utm_campaign=generated_arctic_frost_static_batch_50&utm_content=pin_9485_58-61_arctic&utm_term=proekty-chastnyh-domov,,"проект дома 58-61, проект дома 110,91 м², готовый проект дома, архитектурная визуализация, характеристики дома, частный дом, газобетон, catalog-plans.ru"
"Проект дома №62-20D площадью 188,55 м²",https://raw.githubusercontent.com/nemchenik/test/71aeafab72585981d8bac0d254113fba50d6af68/pinterest/generated_batch_50_arctic_frost_static/62-20D.jpg,Проекты частных домов,,"Готовый проект дома №62-20D площадью 188,55 м²: 2 этажа, габариты 12.06×13.36 м, материал стен — газобетон. На карточке показана архитектурная визуализация и основные характеристики. Сохраните проект для вдохновения и откройте каталог, чтобы узнать подробности и актуальную стоимость.",https://catalog-plans.ru/catalog/62-20D?utm_source=pinterest&utm_medium=organic&utm_campaign=generated_arctic_frost_static_batch_50&utm_content=pin_9486_62-20D_arctic&utm_term=proekty-chastnyh-domov,,"проект дома 62-20D, проект дома 188,55 м², готовый проект дома, архитектурная визуализация, характеристики дома, частный дом, газобетон, catalog-plans.ru"
"Проект дома №46-81L площадью 269,94 м²",https://raw.githubusercontent.com/nemchenik/test/71aeafab72585981d8bac0d254113fba50d6af68/pinterest/generated_batch_50_arctic_frost_static/46-81L.jpg,Проекты частных домов,,"Готовый проект дома №46-81L площадью 269,94 м²: 2 этажа, габариты 14×14.64 м, материал стен — кирпич. На карточке показана архитектурная визуализация и основные характеристики. Сохраните проект для вдохновения и откройте каталог, чтобы узнать подробности и актуальную стоимость.",https://catalog-plans.ru/catalog/46-81L?utm_source=pinterest&utm_medium=organic&utm_campaign=generated_arctic_frost_static_batch_50&utm_content=pin_9487_46-81L_arctic&utm_term=proekty-chastnyh-domov,,"проект дома 46-81L, проект дома 269,94 м², готовый проект дома, архитектурная визуализация, характеристики дома, частный дом, кирпич, catalog-plans.ru"
"Проект дома №45-77L площадью 150,89 м²",https://raw.githubusercontent.com/nemchenik/test/71aeafab72585981d8bac0d254113fba50d6af68/pinterest/generated_batch_50_arctic_frost_static/45-77L.jpg,Проекты частных домов,,"Готовый проект дома №45-77L площадью 150,89 м²: 2 этажа, габариты 10.78×10.78 м, материал стен — кирпич. На карточке показана архитектурная визуализация и основные характеристики. Сохраните проект для вдохновения и откройте каталог, чтобы узнать подробности и актуальную стоимость.",https://catalog-plans.ru/catalog/45-77L?utm_source=pinterest&utm_medium=organic&utm_campaign=generated_arctic_frost_static_batch_50&utm_content=pin_9488_45-77L_arctic&utm_term=proekty-chastnyh-domov,,"проект дома 45-77L, проект дома 150,89 м², готовый проект дома, архитектурная визуализация, характеристики дома, частный дом, кирпич, catalog-plans.ru"
"Проект дома №13-80 площадью 528,7 м²",https://raw.githubusercontent.com/nemchenik/test/71aeafab72585981d8bac0d254113fba50d6af68/pinterest/generated_batch_50_arctic_frost_static/13-80.jpg,Проекты частных домов,,"Готовый проект дома №13-80 площадью 528,7 м²: 3 этажа, габариты 20.7×22.8 м, материал стен — дерево. На карточке показана архитектурная визуализация и основные характеристики. Сохраните проект для вдохновения и откройте каталог, чтобы узнать подробности и актуальную стоимость.",https://catalog-plans.ru/catalog/13-80?utm_source=pinterest&utm_medium=organic&utm_campaign=generated_arctic_frost_static_batch_50&utm_content=pin_9489_13-80_arctic&utm_term=proekty-chastnyh-domov,,"проект дома 13-80, проект дома 528,7 м², готовый проект дома, архитектурная визуализация, характеристики дома, частный дом, дерево, catalog-plans.ru"
"Проект дома №58-93A площадью 272,99 м²",https://raw.githubusercontent.com/nemchenik/test/71aeafab72585981d8bac0d254113fba50d6af68/pinterest/generated_batch_50_arctic_frost_static/58-93A.jpg,Проекты частных домов,,"Готовый проект дома №58-93A площадью 272,99 м²: 3 этажа, габариты 14.58×15.54 м, материал стен — газобетон. На карточке показана архитектурная визуализация и основные характеристики. Сохраните проект для вдохновения и откройте каталог, чтобы узнать подробности и актуальную стоимость.",https://catalog-plans.ru/catalog/58-93A?utm_source=pinterest&utm_medium=organic&utm_campaign=generated_arctic_frost_static_batch_50&utm_content=pin_9490_58-93A_arctic&utm_term=proekty-chastnyh-domov,,"проект дома 58-93A, проект дома 272,99 м², готовый проект дома, архитектурная визуализация, характеристики дома, частный дом, газобетон, catalog-plans.ru"
"Проект дома №57-39BL площадью 208,46 м²",https://raw.githubusercontent.com/nemchenik/test/71aeafab72585981d8bac0d254113fba50d6af68/pinterest/generated_batch_50_arctic_frost_static/57-39BL.jpg,Проекты частных домов,,"Готовый проект дома №57-39BL площадью 208,46 м²: 2 этажа, габариты 11.55×14.7 м, материал стен — газобетон. На карточке показана архитектурная визуализация и основные характеристики. Сохраните проект для вдохновения и откройте каталог, чтобы узнать подробности и актуальную стоимость.",https://catalog-plans.ru/catalog/57-39BL?utm_source=pinterest&utm_medium=organic&utm_campaign=generated_arctic_frost_static_batch_50&utm_content=pin_9491_57-39BL_arctic&utm_term=proekty-chastnyh-domov,,"проект дома 57-39BL, проект дома 208,46 м², готовый проект дома, архитектурная визуализация, характеристики дома, частный дом, газобетон, catalog-plans.ru"
Проект дома №52-95 площадью 184 м²,https://raw.githubusercontent.com/nemchenik/test/71aeafab72585981d8bac0d254113fba50d6af68/pinterest/generated_batch_50_arctic_frost_static/52-95.jpg,Проекты частных домов,,"Готовый проект дома №52-95 площадью 184 м²: 2 этажа, габариты 13.6×14.8 м, материал стен — ячеистые бетонные блоки. На карточке показана архитектурная визуализация и основные характеристики. Сохраните проект для вдохновения и откройте каталог, чтобы узнать подробности и актуальную стоимость.",https://catalog-plans.ru/catalog/52-95?utm_source=pinterest&utm_medium=organic&utm_campaign=generated_arctic_frost_static_batch_50&utm_content=pin_9492_52-95_arctic&utm_term=proekty-chastnyh-domov,,"проект дома 52-95, проект дома 184 м², готовый проект дома, архитектурная визуализация, характеристики дома, частный дом, ячеистые бетонные блоки, catalog-plans.ru"
"Проект дома №59-35D площадью 144,2 м²",https://raw.githubusercontent.com/nemchenik/test/71aeafab72585981d8bac0d254113fba50d6af68/pinterest/generated_batch_50_arctic_frost_static/59-35D.jpg,Проекты частных домов,,"Готовый проект дома №59-35D площадью 144,2 м²: 2 этажа, габариты 9×10.45 м, материал стен — газобетон. На карточке показана архитектурная визуализация и основные характеристики. Сохраните проект для вдохновения и откройте каталог, чтобы узнать подробности и актуальную стоимость.",https://catalog-plans.ru/catalog/59-35D?utm_source=pinterest&utm_medium=organic&utm_campaign=generated_arctic_frost_static_batch_50&utm_content=pin_9493_59-35D_arctic&utm_term=proekty-chastnyh-domov,,"проект дома 59-35D, проект дома 144,2 м², готовый проект дома, архитектурная визуализация, характеристики дома, частный дом, газобетон, catalog-plans.ru"
"Проект дома №57-34E площадью 250,29 м²",https://raw.githubusercontent.com/nemchenik/test/71aeafab72585981d8bac0d254113fba50d6af68/pinterest/generated_batch_50_arctic_frost_static/57-34E.jpg,Проекты частных домов,,"Готовый проект дома №57-34E площадью 250,29 м²: 2 этажа, габариты 15.72×17.66 м, материал стен — газобетон. На карточке показана архитектурная визуализация и основные характеристики. Сохраните проект для вдохновения и откройте каталог, чтобы узнать подробности и актуальную стоимость.",https://catalog-plans.ru/catalog/57-34E?utm_source=pinterest&utm_medium=organic&utm_campaign=generated_arctic_frost_static_batch_50&utm_content=pin_9494_57-34E_arctic&utm_term=proekty-chastnyh-domov,,"проект дома 57-34E, проект дома 250,29 м², готовый проект дома, архитектурная визуализация, характеристики дома, частный дом, газобетон, catalog-plans.ru"
"Проект дома №35-14 площадью 162,9 м²",https://raw.githubusercontent.com/nemchenik/test/71aeafab72585981d8bac0d254113fba50d6af68/pinterest/generated_batch_50_arctic_frost_static/35-14.jpg,Проекты частных домов,,"Готовый проект дома №35-14 площадью 162,9 м²: 1 этаж, габариты 9×17 м, материал стен — кирпич. На карточке показана архитектурная визуализация и основные характеристики. Сохраните проект для вдохновения и откройте каталог, чтобы узнать подробности и актуальную стоимость.",https://catalog-plans.ru/catalog/35-14?utm_source=pinterest&utm_medium=organic&utm_campaign=generated_arctic_frost_static_batch_50&utm_content=pin_9495_35-14_arctic&utm_term=proekty-chastnyh-domov,,"проект дома 35-14, проект дома 162,9 м², готовый проект дома, архитектурная визуализация, характеристики дома, частный дом, кирпич, catalog-plans.ru"
"Проект дома №45-64NZGL площадью 164,61 м²",https://raw.githubusercontent.com/nemchenik/test/71aeafab72585981d8bac0d254113fba50d6af68/pinterest/generated_batch_50_arctic_frost_static/45-64NZGL.jpg,Проекты частных домов,,"Готовый проект дома №45-64NZGL площадью 164,61 м²: 2 этажа, габариты 11.2×11.59 м, материал стен — газобетон. На карточке показана архитектурная визуализация и основные характеристики. Сохраните проект для вдохновения и откройте каталог, чтобы узнать подробности и актуальную стоимость.",https://catalog-plans.ru/catalog/45-64NZGL?utm_source=pinterest&utm_medium=organic&utm_campaign=generated_arctic_frost_static_batch_50&utm_content=pin_9496_45-64NZGL_arctic&utm_term=proekty-chastnyh-domov,,"проект дома 45-64NZGL, проект дома 164,61 м², готовый проект дома, архитектурная визуализация, характеристики дома, частный дом, газобетон, catalog-plans.ru"
Проект дома №56-93 площадью 143 м²,https://raw.githubusercontent.com/nemchenik/test/71aeafab72585981d8bac0d254113fba50d6af68/pinterest/generated_batch_50_arctic_frost_static/56-93.jpg,Проекты частных домов,,"Готовый проект дома №56-93 площадью 143 м²: 2 этажа, габариты 9×16 м, материал стен — газобетон. На карточке показана архитектурная визуализация и основные характеристики. Сохраните проект для вдохновения и откройте каталог, чтобы узнать подробности и актуальную стоимость.",https://catalog-plans.ru/catalog/56-93?utm_source=pinterest&utm_medium=organic&utm_campaign=generated_arctic_frost_static_batch_50&utm_content=pin_9497_56-93_arctic&utm_term=proekty-chastnyh-domov,,"проект дома 56-93, проект дома 143 м², готовый проект дома, архитектурная визуализация, характеристики дома, частный дом, газобетон, catalog-plans.ru"
"Проект дома №57-77 площадью 277,95 м²",https://raw.githubusercontent.com/nemchenik/test/71aeafab72585981d8bac0d254113fba50d6af68/pinterest/generated_batch_50_arctic_frost_static/57-77.jpg,Проекты частных домов,,"Готовый проект дома №57-77 площадью 277,95 м²: 2 этажа, габариты 37.22×39.4 м, материал стен — газобетон. На карточке показана архитектурная визуализация и основные характеристики. Сохраните проект для вдохновения и откройте каталог, чтобы узнать подробности и актуальную стоимость.",https://catalog-plans.ru/catalog/57-77?utm_source=pinterest&utm_medium=organic&utm_campaign=generated_arctic_frost_static_batch_50&utm_content=pin_9498_57-77_arctic&utm_term=proekty-chastnyh-domov,,"проект дома 57-77, проект дома 277,95 м², готовый проект дома, архитектурная визуализация, характеристики дома, частный дом, газобетон, catalog-plans.ru"
"Проект дома №59-54 площадью 138,4 м²",https://raw.githubusercontent.com/nemchenik/test/71aeafab72585981d8bac0d254113fba50d6af68/pinterest/generated_batch_50_arctic_frost_static/59-54.jpg,Проекты частных домов,,"Готовый проект дома №59-54 площадью 138,4 м²: 2 этажа, габариты 9.4×9.4 м, материал стен — газобетон. На карточке показана архитектурная визуализация и основные характеристики. Сохраните проект для вдохновения и откройте каталог, чтобы узнать подробности и актуальную стоимость.",https://catalog-plans.ru/catalog/59-54?utm_source=pinterest&utm_medium=organic&utm_campaign=generated_arctic_frost_static_batch_50&utm_content=pin_9499_59-54_arctic&utm_term=proekty-chastnyh-domov,,"проект дома 59-54, проект дома 138,4 м², готовый проект дома, архитектурная визуализация, характеристики дома, частный дом, газобетон, catalog-plans.ru"
"Проект дома №47-38 площадью 381,87 м²",https://raw.githubusercontent.com/nemchenik/test/71aeafab72585981d8bac0d254113fba50d6af68/pinterest/generated_batch_50_arctic_frost_static/47-38.jpg,Проекты частных домов,,"Готовый проект дома №47-38 площадью 381,87 м²: 2 этажа, габариты 14.98×21.48 м, материал стен — кирпич. На карточке показана архитектурная визуализация и основные характеристики. Сохраните проект для вдохновения и откройте каталог, чтобы узнать подробности и актуальную стоимость.",https://catalog-plans.ru/catalog/47-38?utm_source=pinterest&utm_medium=organic&utm_campaign=generated_arctic_frost_static_batch_50&utm_content=pin_9500_47-38_arctic&utm_term=proekty-chastnyh-domov,,"проект дома 47-38, проект дома 381,87 м², готовый проект дома, архитектурная визуализация, характеристики дома, частный дом, кирпич, catalog-plans.ru"
"Проект дома №10-34 площадью 242,03 м²",https://raw.githubusercontent.com/nemchenik/test/71aeafab72585981d8bac0d254113fba50d6af68/pinterest/generated_batch_50_arctic_frost_static/10-34.jpg,Проекты частных домов,,"Готовый проект дома №10-34 площадью 242,03 м²: 3 этажа, габариты 10.8×12 м, материал стен — дерево. На карточке показана архитектурная визуализация и основные характеристики. Сохраните проект для вдохновения и откройте каталог, чтобы узнать подробности и актуальную стоимость.",https://catalog-plans.ru/catalog/10-34?utm_source=pinterest&utm_medium=organic&utm_campaign=generated_arctic_frost_static_batch_50&utm_content=pin_9501_10-34_arctic&utm_term=proekty-chastnyh-domov,,"проект дома 10-34, проект дома 242,03 м², готовый проект дома, архитектурная визуализация, характеристики дома, частный дом, дерево, catalog-plans.ru"
Проект дома №50-98 площадью 843 м²,https://raw.githubusercontent.com/nemchenik/test/71aeafab72585981d8bac0d254113fba50d6af68/pinterest/generated_batch_50_arctic_frost_static/50-98.jpg,Проекты частных домов,,"Готовый проект дома №50-98 площадью 843 м²: 2 этажа, габариты 16.2×19 м, материал стен — газобетон. На карточке показана архитектурная визуализация и основные характеристики. Сохраните проект для вдохновения и откройте каталог, чтобы узнать подробности и актуальную стоимость.",https://catalog-plans.ru/catalog/50-98?utm_source=pinterest&utm_medium=organic&utm_campaign=generated_arctic_frost_static_batch_50&utm_content=pin_9502_50-98_arctic&utm_term=proekty-chastnyh-domov,,"проект дома 50-98, проект дома 843 м², готовый проект дома, архитектурная визуализация, характеристики дома, частный дом, газобетон, catalog-plans.ru"
"Проект дома №68-08 площадью 102,64 м²",https://raw.githubusercontent.com/nemchenik/test/71aeafab72585981d8bac0d254113fba50d6af68/pinterest/generated_batch_50_arctic_frost_static/68-08.jpg,Проекты частных домов,,"Готовый проект дома №68-08 площадью 102,64 м²: 1 этаж, габариты 8.6×15.93 м, материал стен — газобетон. На карточке показана архитектурная визуализация и основные характеристики. Сохраните проект для вдохновения и откройте каталог, чтобы узнать подробности и актуальную стоимость.",https://catalog-plans.ru/catalog/68-08?utm_source=pinterest&utm_medium=organic&utm_campaign=generated_arctic_frost_static_batch_50&utm_content=pin_9503_68-08_arctic&utm_term=proekty-chastnyh-domov,,"проект дома 68-08, проект дома 102,64 м², готовый проект дома, архитектурная визуализация, характеристики дома, частный дом, газобетон, catalog-plans.ru"
"Проект дома №46-44K2 площадью 619,65 м²",https://raw.githubusercontent.com/nemchenik/test/71aeafab72585981d8bac0d254113fba50d6af68/pinterest/generated_batch_50_arctic_frost_static/46-44K2.jpg,Проекты частных домов,,"Готовый проект дома №46-44K2 площадью 619,65 м²: 3 этажа, габариты 14.55×14.99 м, материал стен — кирпич. На карточке показана архитектурная визуализация и основные характеристики. Сохраните проект для вдохновения и откройте каталог, чтобы узнать подробности и актуальную стоимость.",https://catalog-plans.ru/catalog/46-44K2?utm_source=pinterest&utm_medium=organic&utm_campaign=generated_arctic_frost_static_batch_50&utm_content=pin_9504_46-44K2_arctic&utm_term=proekty-chastnyh-domov,,"проект дома 46-44K2, проект дома 619,65 м², готовый проект дома, архитектурная визуализация, характеристики дома, частный дом, кирпич, catalog-plans.ru"
"Проект дома №65-36 площадью 157,63 м²",https://raw.githubusercontent.com/nemchenik/test/71aeafab72585981d8bac0d254113fba50d6af68/pinterest/generated_batch_50_arctic_frost_static/65-36.jpg,Проекты частных домов,,"Готовый проект дома №65-36 площадью 157,63 м²: 1 этаж, габариты 13×17.8 м, материал стен — газобетон. На карточке показана архитектурная визуализация и основные характеристики. Сохраните проект для вдохновения и откройте каталог, чтобы узнать подробности и актуальную стоимость.",https://catalog-plans.ru/catalog/65-36?utm_source=pinterest&utm_medium=organic&utm_campaign=generated_arctic_frost_static_batch_50&utm_content=pin_9505_65-36_arctic&utm_term=proekty-chastnyh-domov,,"проект дома 65-36, проект дома 157,63 м², готовый проект дома, архитектурная визуализация, характеристики дома, частный дом, газобетон, catalog-plans.ru"
"Проект дома №31-00 площадью 301,8 м²",https://raw.githubusercontent.com/nemchenik/test/71aeafab72585981d8bac0d254113fba50d6af68/pinterest/generated_batch_50_arctic_frost_static/31-00.jpg,Проекты частных домов,,"Готовый проект дома №31-00 площадью 301,8 м²: 2 этажа, габариты 11.06×11.36 м, материал стен — кирпич. На карточке показана архитектурная визуализация и основные характеристики. Сохраните проект для вдохновения и откройте каталог, чтобы узнать подробности и актуальную стоимость.",https://catalog-plans.ru/catalog/31-00?utm_source=pinterest&utm_medium=organic&utm_campaign=generated_arctic_frost_static_batch_50&utm_content=pin_9506_31-00_arctic&utm_term=proekty-chastnyh-domov,,"проект дома 31-00, проект дома 301,8 м², готовый проект дома, архитектурная визуализация, характеристики дома, частный дом, кирпич, catalog-plans.ru"
"Проект дома №45-16TG площадью 204,89 м²",https://raw.githubusercontent.com/nemchenik/test/71aeafab72585981d8bac0d254113fba50d6af68/pinterest/generated_batch_50_arctic_frost_static/45-16TG.jpg,Проекты частных домов,,"Готовый проект дома №45-16TG площадью 204,89 м²: 2 этажа, габариты 11.49×16.99 м, материал стен — газобетон. На карточке показана архитектурная визуализация и основные характеристики. Сохраните проект для вдохновения и откройте каталог, чтобы узнать подробности и актуальную стоимость.",https://catalog-plans.ru/catalog/45-16TG?utm_source=pinterest&utm_medium=organic&utm_campaign=generated_arctic_frost_static_batch_50&utm_content=pin_9507_45-16TG_arctic&utm_term=proekty-chastnyh-domov,,"проект дома 45-16TG, проект дома 204,89 м², готовый проект дома, архитектурная визуализация, характеристики дома, частный дом, газобетон, catalog-plans.ru"
"Проект дома №36-66 площадью 480,4 м²",https://raw.githubusercontent.com/nemchenik/test/71aeafab72585981d8bac0d254113fba50d6af68/pinterest/generated_batch_50_arctic_frost_static/36-66.jpg,Проекты частных домов,,"Готовый проект дома №36-66 площадью 480,4 м²: 2 этажа, габариты 10.5×18.1 м, материал стен — кирпич. На карточке показана архитектурная визуализация и основные характеристики. Сохраните проект для вдохновения и откройте каталог, чтобы узнать подробности и актуальную стоимость.",https://catalog-plans.ru/catalog/36-66?utm_source=pinterest&utm_medium=organic&utm_campaign=generated_arctic_frost_static_batch_50&utm_content=pin_9508_36-66_arctic&utm_term=proekty-chastnyh-domov,,"проект дома 36-66, проект дома 480,4 м², готовый проект дома, архитектурная визуализация, характеристики дома, частный дом, кирпич, catalog-plans.ru"
"Проект дома №36-11 площадью 264,1 м²",https://raw.githubusercontent.com/nemchenik/test/71aeafab72585981d8bac0d254113fba50d6af68/pinterest/generated_batch_50_arctic_frost_static/36-11.jpg,Проекты частных домов,,"Готовый проект дома №36-11 площадью 264,1 м²: 2 этажа, габариты 27.5×35.7 м, материал стен — кирпич. На карточке показана архитектурная визуализация и основные характеристики. Сохраните проект для вдохновения и откройте каталог, чтобы узнать подробности и актуальную стоимость.",https://catalog-plans.ru/catalog/36-11?utm_source=pinterest&utm_medium=organic&utm_campaign=generated_arctic_frost_static_batch_50&utm_content=pin_9509_36-11_arctic&utm_term=proekty-chastnyh-domov,,"проект дома 36-11, проект дома 264,1 м², готовый проект дома, архитектурная визуализация, характеристики дома, частный дом, кирпич, catalog-plans.ru"
"Проект дома №46-09CGL площадью 300,18 м²",https://raw.githubusercontent.com/nemchenik/test/71aeafab72585981d8bac0d254113fba50d6af68/pinterest/generated_batch_50_arctic_frost_static/46-09CGL.jpg,Проекты частных домов,,"Готовый проект дома №46-09CGL площадью 300,18 м²: 1 этаж, габариты 14.61×18.52 м, материал стен — газобетон. На карточке показана архитектурная визуализация и основные характеристики. Сохраните проект для вдохновения и откройте каталог, чтобы узнать подробности и актуальную стоимость.",https://catalog-plans.ru/catalog/46-09CGL?utm_source=pinterest&utm_medium=organic&utm_campaign=generated_arctic_frost_static_batch_50&utm_content=pin_9510_46-09CGL_arctic&utm_term=proekty-chastnyh-domov,,"проект дома 46-09CGL, проект дома 300,18 м², готовый проект дома, архитектурная визуализация, характеристики дома, частный дом, газобетон, catalog-plans.ru"
"Проект дома №46-09DGL площадью 166,28 м²",https://raw.githubusercontent.com/nemchenik/test/71aeafab72585981d8bac0d254113fba50d6af68/pinterest/generated_batch_50_arctic_frost_static/46-09DGL.jpg,Проекты частных домов,,"Готовый проект дома №46-09DGL площадью 166,28 м²: 1 этаж, габариты 15.59×18.52 м, материал стен — газобетон. На карточке показана архитектурная визуализация и основные характеристики. Сохраните проект для вдохновения и откройте каталог, чтобы узнать подробности и актуальную стоимость.",https://catalog-plans.ru/catalog/46-09DGL?utm_source=pinterest&utm_medium=organic&utm_campaign=generated_arctic_frost_static_batch_50&utm_content=pin_9511_46-09DGL_arctic&utm_term=proekty-chastnyh-domov,,"проект дома 46-09DGL, проект дома 166,28 м², готовый проект дома, архитектурная визуализация, характеристики дома, частный дом, газобетон, catalog-plans.ru"
