Title,Media URL,Pinterest board,Thumbnail,Description,Link,Publish date,Keywords
Проект №58-84: дом с мастер-спальней в видео,https://raw.githubusercontent.com/nemchenik/test/catalog-plans-pinterest-assets/pinterest/generated_batch_38_master_bedroom_video/58-84.mp4,Проекты домов с мастер-спальней,00:01,"Проект дома №58-84. Видео показывает дом, его фасады и планировку с мастер-спальней. Проект взят из подборки домов с мастер-спальней на catalog-plans.ru. Параметры проекта: площадь 156,38 м²; 1 этаж; габариты 12×16.5 м; материал — газобетон; стиль — скандинавский. Откройте проект, чтобы подробно рассмотреть помещения, размеры и фасады.",https://catalog-plans.ru/catalog/58-84?utm_source=pinterest&utm_medium=organic&utm_campaign=generated_master_bedroom_video_batch_38&utm_content=pin_6912_58-84_master_suite_reveal&utm_term=proekty-domov-s-master-spalney,,"проект дома 58-84, Проекты домов с мастер-спальней, дом с мастер-спальней, планировка с мастер-спальней, приватная спальня, гардеробная при спальне, поэтажные планы, фасады дома, готовый проект дома, catalog-plans.ru, дом 156,38 м², газобетон, скандинавский"
Дом №62-72: планировка с приватной спальней,https://raw.githubusercontent.com/nemchenik/test/catalog-plans-pinterest-assets/pinterest/generated_batch_38_master_bedroom_video/62-72.mp4,Планировки домов с мастер-спальней,00:01,"Проект дома №62-72. Ролик начинается с архитектуры дома и переходит к приватной зоне планировки. Все изображения получены непосредственно из карточки соответствующего проекта. Параметры проекта: площадь 273,37 м²; 2 этажа; габариты 15.91×16.81 м; материал — газобетон; стиль — хай-тек. На сайте доступны все планы, характеристики и состав проектной документации.",https://catalog-plans.ru/catalog/62-72?utm_source=pinterest&utm_medium=organic&utm_campaign=generated_master_bedroom_video_batch_38&utm_content=pin_6913_62-72_facade_to_private_zone&utm_term=planirovki-domov-s-master-spalney,,"проект дома 62-72, Планировки домов с мастер-спальней, дом с мастер-спальней, планировка с мастер-спальней, приватная спальня, гардеробная при спальне, поэтажные планы, фасады дома, готовый проект дома, catalog-plans.ru, дом 273,37 м², газобетон, хай-тек"
Проект дома №40-86L: мастер-спальня и фасады,https://raw.githubusercontent.com/nemchenik/test/catalog-plans-pinterest-assets/pinterest/generated_batch_38_master_bedroom_video/40-86L.mp4,Мастер-спальня в частном доме,00:01,"Проект дома №40-86L. В коротком обзоре собраны визуализация, фасады и реальный поэтажный план. Мастер-спальня создаёт отдельную приватную зону для владельцев дома. Параметры проекта: площадь 250,91 м²; 2 этажа; габариты 10.46×23.13 м; материал — кирпич; стиль — хай-тек. Перейдите к карточке дома и проверьте, подходит ли планировка вашей семье.",https://catalog-plans.ru/catalog/40-86L?utm_source=pinterest&utm_medium=organic&utm_campaign=generated_master_bedroom_video_batch_38&utm_content=pin_6914_40-86l_family_plan_story&utm_term=master-spalnya-v-chastnom-dome,,"проект дома 40-86L, Мастер-спальня в частном доме, дом с мастер-спальней, планировка с мастер-спальней, приватная спальня, гардеробная при спальне, поэтажные планы, фасады дома, готовый проект дома, catalog-plans.ru, дом 250,91 м², кирпич, хай-тек"
Дом №62-38: видео планировки для семьи,https://raw.githubusercontent.com/nemchenik/test/catalog-plans-pinterest-assets/pinterest/generated_batch_38_master_bedroom_video/62-38.mp4,Дома для семьи с планировкой,00:01,"Проект дома №62-38. Новый формат помогает оценить дом и расположение мастер-спальни в общей планировке. План этажа помогает сопоставить приватную спальню с остальными помещениями. Параметры проекта: площадь 237,5 м²; 2 этажа; габариты 12.9×18.7 м; материал — газобетон; стиль — шале. Сравните этот вариант с другими домами из подборки с мастер-спальней.",https://catalog-plans.ru/catalog/62-38?utm_source=pinterest&utm_medium=organic&utm_campaign=generated_master_bedroom_video_batch_38&utm_content=pin_6915_62-38_master_bedroom_focus&utm_term=doma-dlya-semi-s-planirovkoy,,"проект дома 62-38, Дома для семьи с планировкой, дом с мастер-спальней, планировка с мастер-спальней, приватная спальня, гардеробная при спальне, поэтажные планы, фасады дома, готовый проект дома, catalog-plans.ru, дом 237,5 м², газобетон, шале"
Проект №58-87: фасады и мастер-спальня,https://raw.githubusercontent.com/nemchenik/test/catalog-plans-pinterest-assets/pinterest/generated_batch_38_master_bedroom_video/58-87.mp4,Фасады домов с планами,00:01,"Проект дома №58-87. Видео показывает дом, его фасады и планировку с мастер-спальней. Проект взят из подборки домов с мастер-спальней на catalog-plans.ru. Параметры проекта: площадь 192,64 м²; 2 этажа; габариты 11.5×14.8 м; материал — газобетон; стиль — стиль Райта. Откройте проект, чтобы подробно рассмотреть помещения, размеры и фасады.",https://catalog-plans.ru/catalog/58-87?utm_source=pinterest&utm_medium=organic&utm_campaign=generated_master_bedroom_video_batch_38&utm_content=pin_6916_58-87_master_suite_reveal&utm_term=fasady-domov-s-planami,,"проект дома 58-87, Фасады домов с планами, дом с мастер-спальней, планировка с мастер-спальней, приватная спальня, гардеробная при спальне, поэтажные планы, фасады дома, готовый проект дома, catalog-plans.ru, дом 192,64 м², газобетон, стиль Райта"
Дом №65-49: приватная зона в планировке,https://raw.githubusercontent.com/nemchenik/test/catalog-plans-pinterest-assets/pinterest/generated_batch_38_master_bedroom_video/65-49.mp4,Готовые проекты домов с чертежами,00:01,"Проект дома №65-49. Ролик начинается с архитектуры дома и переходит к приватной зоне планировки. Все изображения получены непосредственно из карточки соответствующего проекта. Параметры проекта: площадь 177,85 м²; 2 этажа; габариты 10.15×12.3 м; материал — газобетон; стиль — барнхаус. На сайте доступны все планы, характеристики и состав проектной документации.",https://catalog-plans.ru/catalog/65-49?utm_source=pinterest&utm_medium=organic&utm_campaign=generated_master_bedroom_video_batch_38&utm_content=pin_6917_65-49_facade_to_private_zone&utm_term=gotovye-proekty-domov-s-chertezhami,,"проект дома 65-49, Готовые проекты домов с чертежами, дом с мастер-спальней, планировка с мастер-спальней, приватная спальня, гардеробная при спальне, поэтажные планы, фасады дома, готовый проект дома, catalog-plans.ru, дом 177,85 м², газобетон, барнхаус"
Проект №65-65: дом с мастер-спальней в видео,https://raw.githubusercontent.com/nemchenik/test/catalog-plans-pinterest-assets/pinterest/generated_batch_38_master_bedroom_video/65-65.mp4,Двухэтажные дома с мастер-спальней,00:01,"Проект дома №65-65. В коротком обзоре собраны визуализация, фасады и реальный поэтажный план. Мастер-спальня создаёт отдельную приватную зону для владельцев дома. Параметры проекта: площадь 277,51 м²; 2 этажа; габариты 14.05×16.55 м; материал — газобетон; стиль — барнхаус. Перейдите к карточке дома и проверьте, подходит ли планировка вашей семье.",https://catalog-plans.ru/catalog/65-65?utm_source=pinterest&utm_medium=organic&utm_campaign=generated_master_bedroom_video_batch_38&utm_content=pin_6918_65-65_family_plan_story&utm_term=dvuhetazhnye-doma-s-master-spalney,,"проект дома 65-65, Двухэтажные дома с мастер-спальней, дом с мастер-спальней, планировка с мастер-спальней, приватная спальня, гардеробная при спальне, поэтажные планы, фасады дома, готовый проект дома, catalog-plans.ru, дом 277,51 м², газобетон, барнхаус"
Дом №65-57: планировка с приватной спальней,https://raw.githubusercontent.com/nemchenik/test/catalog-plans-pinterest-assets/pinterest/generated_batch_38_master_bedroom_video/65-57.mp4,Проекты домов с мастер-спальней,00:01,"Проект дома №65-57. Новый формат помогает оценить дом и расположение мастер-спальни в общей планировке. План этажа помогает сопоставить приватную спальню с остальными помещениями. Параметры проекта: площадь 225,68 м²; 2 этажа; габариты 13.9×13.95 м; материал — газобетон; стиль — барнхаус. Сравните этот вариант с другими домами из подборки с мастер-спальней.",https://catalog-plans.ru/catalog/65-57?utm_source=pinterest&utm_medium=organic&utm_campaign=generated_master_bedroom_video_batch_38&utm_content=pin_6919_65-57_master_bedroom_focus&utm_term=proekty-domov-s-master-spalney,,"проект дома 65-57, Проекты домов с мастер-спальней, дом с мастер-спальней, планировка с мастер-спальней, приватная спальня, гардеробная при спальне, поэтажные планы, фасады дома, готовый проект дома, catalog-plans.ru, дом 225,68 м², газобетон, барнхаус"
Проект дома №65-35M: мастер-спальня и фасады,https://raw.githubusercontent.com/nemchenik/test/catalog-plans-pinterest-assets/pinterest/generated_batch_38_master_bedroom_video/65-35M.mp4,Планировки домов с мастер-спальней,00:01,"Проект дома №65-35M. Видео показывает дом, его фасады и планировку с мастер-спальней. Проект взят из подборки домов с мастер-спальней на catalog-plans.ru. Параметры проекта: площадь 392,04 м²; 2 этажа; габариты 18.61×20 м; материал — монолитный каркас; стиль — хай-тек. Откройте проект, чтобы подробно рассмотреть помещения, размеры и фасады.",https://catalog-plans.ru/catalog/65-35M?utm_source=pinterest&utm_medium=organic&utm_campaign=generated_master_bedroom_video_batch_38&utm_content=pin_6920_65-35m_master_suite_reveal&utm_term=planirovki-domov-s-master-spalney,,"проект дома 65-35M, Планировки домов с мастер-спальней, дом с мастер-спальней, планировка с мастер-спальней, приватная спальня, гардеробная при спальне, поэтажные планы, фасады дома, готовый проект дома, catalog-plans.ru, дом 392,04 м², монолитный каркас, хай-тек"
Дом №63-70: видео планировки для семьи,https://raw.githubusercontent.com/nemchenik/test/catalog-plans-pinterest-assets/pinterest/generated_batch_38_master_bedroom_video/63-70.mp4,Мастер-спальня в частном доме,00:01,"Проект дома №63-70. Ролик начинается с архитектуры дома и переходит к приватной зоне планировки. Все изображения получены непосредственно из карточки соответствующего проекта. Параметры проекта: площадь 378,75 м²; 2 этажа; габариты 17.95×20.4 м; материал — монолитный каркас; стиль — хай-тек. На сайте доступны все планы, характеристики и состав проектной документации.",https://catalog-plans.ru/catalog/63-70?utm_source=pinterest&utm_medium=organic&utm_campaign=generated_master_bedroom_video_batch_38&utm_content=pin_6921_63-70_facade_to_private_zone&utm_term=master-spalnya-v-chastnom-dome,,"проект дома 63-70, Мастер-спальня в частном доме, дом с мастер-спальней, планировка с мастер-спальней, приватная спальня, гардеробная при спальне, поэтажные планы, фасады дома, готовый проект дома, catalog-plans.ru, дом 378,75 м², монолитный каркас, хай-тек"
Проект №57-82: фасады и мастер-спальня,https://raw.githubusercontent.com/nemchenik/test/catalog-plans-pinterest-assets/pinterest/generated_batch_38_master_bedroom_video/57-82.mp4,Дома для семьи с планировкой,00:01,"Проект дома №57-82. В коротком обзоре собраны визуализация, фасады и реальный поэтажный план. Мастер-спальня создаёт отдельную приватную зону для владельцев дома. Параметры проекта: площадь 281,61 м²; 2 этажа; габариты 15.65×16.11 м; материал — газобетон; стиль — шале. Перейдите к карточке дома и проверьте, подходит ли планировка вашей семье.",https://catalog-plans.ru/catalog/57-82?utm_source=pinterest&utm_medium=organic&utm_campaign=generated_master_bedroom_video_batch_38&utm_content=pin_6922_57-82_family_plan_story&utm_term=doma-dlya-semi-s-planirovkoy,,"проект дома 57-82, Дома для семьи с планировкой, дом с мастер-спальней, планировка с мастер-спальней, приватная спальня, гардеробная при спальне, поэтажные планы, фасады дома, готовый проект дома, catalog-plans.ru, дом 281,61 м², газобетон, шале"
Дом №58-66: приватная зона в планировке,https://raw.githubusercontent.com/nemchenik/test/catalog-plans-pinterest-assets/pinterest/generated_batch_38_master_bedroom_video/58-66.mp4,Фасады домов с планами,00:01,"Проект дома №58-66. Новый формат помогает оценить дом и расположение мастер-спальни в общей планировке. План этажа помогает сопоставить приватную спальню с остальными помещениями. Параметры проекта: площадь 231,4 м²; 2 этажа; габариты 12.73×19.26 м; материал — газобетон; стиль — английский. Сравните этот вариант с другими домами из подборки с мастер-спальней.",https://catalog-plans.ru/catalog/58-66?utm_source=pinterest&utm_medium=organic&utm_campaign=generated_master_bedroom_video_batch_38&utm_content=pin_6923_58-66_master_bedroom_focus&utm_term=fasady-domov-s-planami,,"проект дома 58-66, Фасады домов с планами, дом с мастер-спальней, планировка с мастер-спальней, приватная спальня, гардеробная при спальне, поэтажные планы, фасады дома, готовый проект дома, catalog-plans.ru, дом 231,4 м², газобетон, английский"
Проект №46-02L: дом с мастер-спальней в видео,https://raw.githubusercontent.com/nemchenik/test/catalog-plans-pinterest-assets/pinterest/generated_batch_38_master_bedroom_video/46-02L.mp4,Готовые проекты домов с чертежами,00:01,"Проект дома №46-02L. Видео показывает дом, его фасады и планировку с мастер-спальней. Проект взят из подборки домов с мастер-спальней на catalog-plans.ru. Параметры проекта: площадь 190,63 м²; 2 этажа; габариты 16.92×17.47 м; материал — кирпич; стиль — стиль Райта. Откройте проект, чтобы подробно рассмотреть помещения, размеры и фасады.",https://catalog-plans.ru/catalog/46-02L?utm_source=pinterest&utm_medium=organic&utm_campaign=generated_master_bedroom_video_batch_38&utm_content=pin_6924_46-02l_master_suite_reveal&utm_term=gotovye-proekty-domov-s-chertezhami,,"проект дома 46-02L, Готовые проекты домов с чертежами, дом с мастер-спальней, планировка с мастер-спальней, приватная спальня, гардеробная при спальне, поэтажные планы, фасады дома, готовый проект дома, catalog-plans.ru, дом 190,63 м², кирпич, стиль Райта"
Дом №48-23: планировка с приватной спальней,https://raw.githubusercontent.com/nemchenik/test/catalog-plans-pinterest-assets/pinterest/generated_batch_38_master_bedroom_video/48-23.mp4,Двухэтажные дома с мастер-спальней,00:01,"Проект дома №48-23. Ролик начинается с архитектуры дома и переходит к приватной зоне планировки. Все изображения получены непосредственно из карточки соответствующего проекта. Параметры проекта: площадь 296,8 м²; 2 этажа; габариты 15.13×15.84 м; материал — кирпич; стиль — шале. На сайте доступны все планы, характеристики и состав проектной документации.",https://catalog-plans.ru/catalog/48-23?utm_source=pinterest&utm_medium=organic&utm_campaign=generated_master_bedroom_video_batch_38&utm_content=pin_6925_48-23_facade_to_private_zone&utm_term=dvuhetazhnye-doma-s-master-spalney,,"проект дома 48-23, Двухэтажные дома с мастер-спальней, дом с мастер-спальней, планировка с мастер-спальней, приватная спальня, гардеробная при спальне, поэтажные планы, фасады дома, готовый проект дома, catalog-plans.ru, дом 296,8 м², кирпич, шале"
Проект дома №62-15: мастер-спальня и фасады,https://raw.githubusercontent.com/nemchenik/test/catalog-plans-pinterest-assets/pinterest/generated_batch_38_master_bedroom_video/62-15.mp4,Проекты домов с мастер-спальней,00:01,"Проект дома №62-15. В коротком обзоре собраны визуализация, фасады и реальный поэтажный план. Мастер-спальня создаёт отдельную приватную зону для владельцев дома. Параметры проекта: площадь 271,17 м²; 2 этажа; габариты 14.47×15.84 м; материал — газобетон; стиль — шале. Перейдите к карточке дома и проверьте, подходит ли планировка вашей семье.",https://catalog-plans.ru/catalog/62-15?utm_source=pinterest&utm_medium=organic&utm_campaign=generated_master_bedroom_video_batch_38&utm_content=pin_6926_62-15_family_plan_story&utm_term=proekty-domov-s-master-spalney,,"проект дома 62-15, Проекты домов с мастер-спальней, дом с мастер-спальней, планировка с мастер-спальней, приватная спальня, гардеробная при спальне, поэтажные планы, фасады дома, готовый проект дома, catalog-plans.ru, дом 271,17 м², газобетон, шале"
Дом №62-71: видео планировки для семьи,https://raw.githubusercontent.com/nemchenik/test/catalog-plans-pinterest-assets/pinterest/generated_batch_38_master_bedroom_video/62-71.mp4,Планировки домов с мастер-спальней,00:01,"Проект дома №62-71. Новый формат помогает оценить дом и расположение мастер-спальни в общей планировке. План этажа помогает сопоставить приватную спальню с остальными помещениями. Параметры проекта: площадь 186,02 м²; 2 этажа; габариты 15.02×19.11 м; материал — монолитный каркас; стиль — хай-тек. Сравните этот вариант с другими домами из подборки с мастер-спальней.",https://catalog-plans.ru/catalog/62-71?utm_source=pinterest&utm_medium=organic&utm_campaign=generated_master_bedroom_video_batch_38&utm_content=pin_6927_62-71_master_bedroom_focus&utm_term=planirovki-domov-s-master-spalney,,"проект дома 62-71, Планировки домов с мастер-спальней, дом с мастер-спальней, планировка с мастер-спальней, приватная спальня, гардеробная при спальне, поэтажные планы, фасады дома, готовый проект дома, catalog-plans.ru, дом 186,02 м², монолитный каркас, хай-тек"
Проект №46-06: фасады и мастер-спальня,https://raw.githubusercontent.com/nemchenik/test/catalog-plans-pinterest-assets/pinterest/generated_batch_38_master_bedroom_video/46-06.mp4,Мастер-спальня в частном доме,00:01,"Проект дома №46-06. Видео показывает дом, его фасады и планировку с мастер-спальней. Проект взят из подборки домов с мастер-спальней на catalog-plans.ru. Параметры проекта: площадь 337 м²; 2 этажа; габариты 20.85×21.92 м; материал — кирпич; стиль — хай-тек. Откройте проект, чтобы подробно рассмотреть помещения, размеры и фасады.",https://catalog-plans.ru/catalog/46-06?utm_source=pinterest&utm_medium=organic&utm_campaign=generated_master_bedroom_video_batch_38&utm_content=pin_6928_46-06_master_suite_reveal&utm_term=master-spalnya-v-chastnom-dome,,"проект дома 46-06, Мастер-спальня в частном доме, дом с мастер-спальней, планировка с мастер-спальней, приватная спальня, гардеробная при спальне, поэтажные планы, фасады дома, готовый проект дома, catalog-plans.ru, дом 337 м², кирпич, хай-тек"
Дом №46-13K1L: приватная зона в планировке,https://raw.githubusercontent.com/nemchenik/test/catalog-plans-pinterest-assets/pinterest/generated_batch_38_master_bedroom_video/46-13K1L.mp4,Дома для семьи с планировкой,00:01,"Проект дома №46-13K1L. Ролик начинается с архитектуры дома и переходит к приватной зоне планировки. Все изображения получены непосредственно из карточки соответствующего проекта. Параметры проекта: площадь 317,79 м²; 2 этажа; габариты 16.18×22.4 м; материал — кирпич; стиль — стиль Райта. На сайте доступны все планы, характеристики и состав проектной документации.",https://catalog-plans.ru/catalog/46-13K1L?utm_source=pinterest&utm_medium=organic&utm_campaign=generated_master_bedroom_video_batch_38&utm_content=pin_6929_46-13k1l_facade_to_private_zone&utm_term=doma-dlya-semi-s-planirovkoy,,"проект дома 46-13K1L, Дома для семьи с планировкой, дом с мастер-спальней, планировка с мастер-спальней, приватная спальня, гардеробная при спальне, поэтажные планы, фасады дома, готовый проект дома, catalog-plans.ru, дом 317,79 м², кирпич, стиль Райта"
Проект №45-64K1L: дом с мастер-спальней в видео,https://raw.githubusercontent.com/nemchenik/test/catalog-plans-pinterest-assets/pinterest/generated_batch_38_master_bedroom_video/45-64K1L.mp4,Фасады домов с планами,00:01,"Проект дома №45-64K1L. В коротком обзоре собраны визуализация, фасады и реальный поэтажный план. Мастер-спальня создаёт отдельную приватную зону для владельцев дома. Параметры проекта: площадь 362,14 м²; 2 этажа; габариты 18.77×20.8 м; материал — кирпич; стиль — стиль Райта. Перейдите к карточке дома и проверьте, подходит ли планировка вашей семье.",https://catalog-plans.ru/catalog/45-64K1L?utm_source=pinterest&utm_medium=organic&utm_campaign=generated_master_bedroom_video_batch_38&utm_content=pin_6930_45-64k1l_family_plan_story&utm_term=fasady-domov-s-planami,,"проект дома 45-64K1L, Фасады домов с планами, дом с мастер-спальней, планировка с мастер-спальней, приватная спальня, гардеробная при спальне, поэтажные планы, фасады дома, готовый проект дома, catalog-plans.ru, дом 362,14 м², кирпич, стиль Райта"
Дом №40-45BL: планировка с приватной спальней,https://raw.githubusercontent.com/nemchenik/test/catalog-plans-pinterest-assets/pinterest/generated_batch_38_master_bedroom_video/40-45BL.mp4,Готовые проекты домов с чертежами,00:01,"Проект дома №40-45BL. Новый формат помогает оценить дом и расположение мастер-спальни в общей планировке. План этажа помогает сопоставить приватную спальню с остальными помещениями. Параметры проекта: площадь 232,35 м²; 2 этажа; габариты 12×14.2 м; материал — монолитный каркас. Сравните этот вариант с другими домами из подборки с мастер-спальней.",https://catalog-plans.ru/catalog/40-45BL?utm_source=pinterest&utm_medium=organic&utm_campaign=generated_master_bedroom_video_batch_38&utm_content=pin_6931_40-45bl_master_bedroom_focus&utm_term=gotovye-proekty-domov-s-chertezhami,,"проект дома 40-45BL, Готовые проекты домов с чертежами, дом с мастер-спальней, планировка с мастер-спальней, приватная спальня, гардеробная при спальне, поэтажные планы, фасады дома, готовый проект дома, catalog-plans.ru, дом 232,35 м², монолитный каркас"
Проект дома №40-84L: мастер-спальня и фасады,https://raw.githubusercontent.com/nemchenik/test/catalog-plans-pinterest-assets/pinterest/generated_batch_38_master_bedroom_video/40-84L.mp4,Двухэтажные дома с мастер-спальней,00:01,"Проект дома №40-84L. Видео показывает дом, его фасады и планировку с мастер-спальней. Проект взят из подборки домов с мастер-спальней на catalog-plans.ru. Параметры проекта: площадь 283,64 м²; 2 этажа; габариты 20.19×21.19 м; материал — кирпич; стиль — хай-тек. Откройте проект, чтобы подробно рассмотреть помещения, размеры и фасады.",https://catalog-plans.ru/catalog/40-84L?utm_source=pinterest&utm_medium=organic&utm_campaign=generated_master_bedroom_video_batch_38&utm_content=pin_6932_40-84l_master_suite_reveal&utm_term=dvuhetazhnye-doma-s-master-spalney,,"проект дома 40-84L, Двухэтажные дома с мастер-спальней, дом с мастер-спальней, планировка с мастер-спальней, приватная спальня, гардеробная при спальне, поэтажные планы, фасады дома, готовый проект дома, catalog-plans.ru, дом 283,64 м², кирпич, хай-тек"
Дом №45-08: видео планировки для семьи,https://raw.githubusercontent.com/nemchenik/test/catalog-plans-pinterest-assets/pinterest/generated_batch_38_master_bedroom_video/45-08.mp4,Проекты домов с мастер-спальней,00:01,"Проект дома №45-08. Ролик начинается с архитектуры дома и переходит к приватной зоне планировки. Все изображения получены непосредственно из карточки соответствующего проекта. Параметры проекта: площадь 246,34 м²; 1 этаж; габариты 17.15×24.38 м; материал — кирпич; стиль — современный. На сайте доступны все планы, характеристики и состав проектной документации.",https://catalog-plans.ru/catalog/45-08?utm_source=pinterest&utm_medium=organic&utm_campaign=generated_master_bedroom_video_batch_38&utm_content=pin_6933_45-08_facade_to_private_zone&utm_term=proekty-domov-s-master-spalney,,"проект дома 45-08, Проекты домов с мастер-спальней, дом с мастер-спальней, планировка с мастер-спальней, приватная спальня, гардеробная при спальне, поэтажные планы, фасады дома, готовый проект дома, catalog-plans.ru, дом 246,34 м², кирпич, современный"
Проект №62-33ABL: фасады и мастер-спальня,https://raw.githubusercontent.com/nemchenik/test/catalog-plans-pinterest-assets/pinterest/generated_batch_38_master_bedroom_video/62-33ABL.mp4,Планировки домов с мастер-спальней,00:01,"Проект дома №62-33ABL. В коротком обзоре собраны визуализация, фасады и реальный поэтажный план. Мастер-спальня создаёт отдельную приватную зону для владельцев дома. Параметры проекта: площадь 237,87 м²; 2 этажа; габариты 12×14.4 м; материал — газобетон; стиль — шале. Перейдите к карточке дома и проверьте, подходит ли планировка вашей семье.",https://catalog-plans.ru/catalog/62-33ABL?utm_source=pinterest&utm_medium=organic&utm_campaign=generated_master_bedroom_video_batch_38&utm_content=pin_6934_62-33abl_family_plan_story&utm_term=planirovki-domov-s-master-spalney,,"проект дома 62-33ABL, Планировки домов с мастер-спальней, дом с мастер-спальней, планировка с мастер-спальней, приватная спальня, гардеробная при спальне, поэтажные планы, фасады дома, готовый проект дома, catalog-plans.ru, дом 237,87 м², газобетон, шале"
Дом №62-78F: приватная зона в планировке,https://raw.githubusercontent.com/nemchenik/test/catalog-plans-pinterest-assets/pinterest/generated_batch_38_master_bedroom_video/62-78F.mp4,Мастер-спальня в частном доме,00:01,"Проект дома №62-78F. Новый формат помогает оценить дом и расположение мастер-спальни в общей планировке. План этажа помогает сопоставить приватную спальню с остальными помещениями. Параметры проекта: площадь 206,97 м²; 1 этаж; габариты 18.82×22.31 м; материал — газобетон; стиль — хай-тек. Сравните этот вариант с другими домами из подборки с мастер-спальней.",https://catalog-plans.ru/catalog/62-78F?utm_source=pinterest&utm_medium=organic&utm_campaign=generated_master_bedroom_video_batch_38&utm_content=pin_6935_62-78f_master_bedroom_focus&utm_term=master-spalnya-v-chastnom-dome,,"проект дома 62-78F, Мастер-спальня в частном доме, дом с мастер-спальней, планировка с мастер-спальней, приватная спальня, гардеробная при спальне, поэтажные планы, фасады дома, готовый проект дома, catalog-plans.ru, дом 206,97 м², газобетон, хай-тек"
Проект №63-43A: дом с мастер-спальней в видео,https://raw.githubusercontent.com/nemchenik/test/catalog-plans-pinterest-assets/pinterest/generated_batch_38_master_bedroom_video/63-43A.mp4,Дома для семьи с планировкой,00:01,"Проект дома №63-43A. Видео показывает дом, его фасады и планировку с мастер-спальней. Проект взят из подборки домов с мастер-спальней на catalog-plans.ru. Параметры проекта: площадь 181,44 м²; 2 этажа; габариты 6.96×17.11 м; материал — монолитный каркас; стиль — хай-тек. Откройте проект, чтобы подробно рассмотреть помещения, размеры и фасады.",https://catalog-plans.ru/catalog/63-43A?utm_source=pinterest&utm_medium=organic&utm_campaign=generated_master_bedroom_video_batch_38&utm_content=pin_6936_63-43a_master_suite_reveal&utm_term=doma-dlya-semi-s-planirovkoy,,"проект дома 63-43A, Дома для семьи с планировкой, дом с мастер-спальней, планировка с мастер-спальней, приватная спальня, гардеробная при спальне, поэтажные планы, фасады дома, готовый проект дома, catalog-plans.ru, дом 181,44 м², монолитный каркас, хай-тек"
Дом №46-08AK1L: планировка с приватной спальней,https://raw.githubusercontent.com/nemchenik/test/catalog-plans-pinterest-assets/pinterest/generated_batch_38_master_bedroom_video/46-08AK1L.mp4,Фасады домов с планами,00:01,"Проект дома №46-08AK1L. Ролик начинается с архитектуры дома и переходит к приватной зоне планировки. Все изображения получены непосредственно из карточки соответствующего проекта. Параметры проекта: площадь 284,09 м²; 2 этажа; габариты 14.55×17.08 м; материал — кирпич; стиль — стиль Райта. На сайте доступны все планы, характеристики и состав проектной документации.",https://catalog-plans.ru/catalog/46-08AK1L?utm_source=pinterest&utm_medium=organic&utm_campaign=generated_master_bedroom_video_batch_38&utm_content=pin_6937_46-08ak1l_facade_to_private_zone&utm_term=fasady-domov-s-planami,,"проект дома 46-08AK1L, Фасады домов с планами, дом с мастер-спальней, планировка с мастер-спальней, приватная спальня, гардеробная при спальне, поэтажные планы, фасады дома, готовый проект дома, catalog-plans.ru, дом 284,09 м², кирпич, стиль Райта"
Проект дома №47-38: мастер-спальня и фасады,https://raw.githubusercontent.com/nemchenik/test/catalog-plans-pinterest-assets/pinterest/generated_batch_38_master_bedroom_video/47-38.mp4,Готовые проекты домов с чертежами,00:01,"Проект дома №47-38. В коротком обзоре собраны визуализация, фасады и реальный поэтажный план. Мастер-спальня создаёт отдельную приватную зону для владельцев дома. Параметры проекта: площадь 381,87 м²; 2 этажа; габариты 14.98×21.48 м; материал — кирпич. Перейдите к карточке дома и проверьте, подходит ли планировка вашей семье.",https://catalog-plans.ru/catalog/47-38?utm_source=pinterest&utm_medium=organic&utm_campaign=generated_master_bedroom_video_batch_38&utm_content=pin_6938_47-38_family_plan_story&utm_term=gotovye-proekty-domov-s-chertezhami,,"проект дома 47-38, Готовые проекты домов с чертежами, дом с мастер-спальней, планировка с мастер-спальней, приватная спальня, гардеробная при спальне, поэтажные планы, фасады дома, готовый проект дома, catalog-plans.ru, дом 381,87 м², кирпич"
Дом №49-02: видео планировки для семьи,https://raw.githubusercontent.com/nemchenik/test/catalog-plans-pinterest-assets/pinterest/generated_batch_38_master_bedroom_video/49-02.mp4,Двухэтажные дома с мастер-спальней,00:01,"Проект дома №49-02. Новый формат помогает оценить дом и расположение мастер-спальни в общей планировке. План этажа помогает сопоставить приватную спальню с остальными помещениями. Параметры проекта: площадь 372,23 м²; 2 этажа; габариты 16.94×18.91 м; материал — кирпич; стиль — европейский. Сравните этот вариант с другими домами из подборки с мастер-спальней.",https://catalog-plans.ru/catalog/49-02?utm_source=pinterest&utm_medium=organic&utm_campaign=generated_master_bedroom_video_batch_38&utm_content=pin_6939_49-02_master_bedroom_focus&utm_term=dvuhetazhnye-doma-s-master-spalney,,"проект дома 49-02, Двухэтажные дома с мастер-спальней, дом с мастер-спальней, планировка с мастер-спальней, приватная спальня, гардеробная при спальне, поэтажные планы, фасады дома, готовый проект дома, catalog-plans.ru, дом 372,23 м², кирпич, европейский"
Проект №62-10AKL: фасады и мастер-спальня,https://raw.githubusercontent.com/nemchenik/test/catalog-plans-pinterest-assets/pinterest/generated_batch_38_master_bedroom_video/62-10AKL.mp4,Проекты домов с мастер-спальней,00:01,"Проект дома №62-10AKL. Видео показывает дом, его фасады и планировку с мастер-спальней. Проект взят из подборки домов с мастер-спальней на catalog-plans.ru. Параметры проекта: площадь 664,9 м²; 2 этажа; габариты 21.74×40.12 м; материал — кирпич. Откройте проект, чтобы подробно рассмотреть помещения, размеры и фасады.",https://catalog-plans.ru/catalog/62-10AKL?utm_source=pinterest&utm_medium=organic&utm_campaign=generated_master_bedroom_video_batch_38&utm_content=pin_6940_62-10akl_master_suite_reveal&utm_term=proekty-domov-s-master-spalney,,"проект дома 62-10AKL, Проекты домов с мастер-спальней, дом с мастер-спальней, планировка с мастер-спальней, приватная спальня, гардеробная при спальне, поэтажные планы, фасады дома, готовый проект дома, catalog-plans.ru, дом 664,9 м², кирпич"
Дом №58-44L: приватная зона в планировке,https://raw.githubusercontent.com/nemchenik/test/catalog-plans-pinterest-assets/pinterest/generated_batch_38_master_bedroom_video/58-44L.mp4,Планировки домов с мастер-спальней,00:01,"Проект дома №58-44L. Ролик начинается с архитектуры дома и переходит к приватной зоне планировки. Все изображения получены непосредственно из карточки соответствующего проекта. Параметры проекта: площадь 268,5 м²; 2 этажа; габариты 14.66×16.46 м; материал — газобетон; стиль — европейский. На сайте доступны все планы, характеристики и состав проектной документации.",https://catalog-plans.ru/catalog/58-44L?utm_source=pinterest&utm_medium=organic&utm_campaign=generated_master_bedroom_video_batch_38&utm_content=pin_6941_58-44l_facade_to_private_zone&utm_term=planirovki-domov-s-master-spalney,,"проект дома 58-44L, Планировки домов с мастер-спальней, дом с мастер-спальней, планировка с мастер-спальней, приватная спальня, гардеробная при спальне, поэтажные планы, фасады дома, готовый проект дома, catalog-plans.ru, дом 268,5 м², газобетон, европейский"
Проект №62-30BL: дом с мастер-спальней в видео,https://raw.githubusercontent.com/nemchenik/test/catalog-plans-pinterest-assets/pinterest/generated_batch_38_master_bedroom_video/62-30BL.mp4,Мастер-спальня в частном доме,00:01,"Проект дома №62-30BL. В коротком обзоре собраны визуализация, фасады и реальный поэтажный план. Мастер-спальня создаёт отдельную приватную зону для владельцев дома. Параметры проекта: площадь 184,99 м²; 1 этаж; габариты 17.5×18.4 м; материал — газобетон; стиль — европейский. Перейдите к карточке дома и проверьте, подходит ли планировка вашей семье.",https://catalog-plans.ru/catalog/62-30BL?utm_source=pinterest&utm_medium=organic&utm_campaign=generated_master_bedroom_video_batch_38&utm_content=pin_6942_62-30bl_family_plan_story&utm_term=master-spalnya-v-chastnom-dome,,"проект дома 62-30BL, Мастер-спальня в частном доме, дом с мастер-спальней, планировка с мастер-спальней, приватная спальня, гардеробная при спальне, поэтажные планы, фасады дома, готовый проект дома, catalog-plans.ru, дом 184,99 м², газобетон, европейский"
Дом №62-50BL: планировка с приватной спальней,https://raw.githubusercontent.com/nemchenik/test/catalog-plans-pinterest-assets/pinterest/generated_batch_38_master_bedroom_video/62-50BL.mp4,Дома для семьи с планировкой,00:01,"Проект дома №62-50BL. Новый формат помогает оценить дом и расположение мастер-спальни в общей планировке. План этажа помогает сопоставить приватную спальню с остальными помещениями. Параметры проекта: площадь 301,57 м²; 2 этажа; габариты 14.75×29.35 м; материал — газобетон; стиль — современный. Сравните этот вариант с другими домами из подборки с мастер-спальней.",https://catalog-plans.ru/catalog/62-50BL?utm_source=pinterest&utm_medium=organic&utm_campaign=generated_master_bedroom_video_batch_38&utm_content=pin_6943_62-50bl_master_bedroom_focus&utm_term=doma-dlya-semi-s-planirovkoy,,"проект дома 62-50BL, Дома для семьи с планировкой, дом с мастер-спальней, планировка с мастер-спальней, приватная спальня, гардеробная при спальне, поэтажные планы, фасады дома, готовый проект дома, catalog-plans.ru, дом 301,57 м², газобетон, современный"
Проект дома №40-45L: мастер-спальня и фасады,https://raw.githubusercontent.com/nemchenik/test/catalog-plans-pinterest-assets/pinterest/generated_batch_38_master_bedroom_video/40-45L.mp4,Фасады домов с планами,00:01,"Проект дома №40-45L. Видео показывает дом, его фасады и планировку с мастер-спальней. Проект взят из подборки домов с мастер-спальней на catalog-plans.ru. Параметры проекта: площадь 439,32 м²; 2 этажа; габариты 12×16.2 м; материал — монолитный каркас. Откройте проект, чтобы подробно рассмотреть помещения, размеры и фасады.",https://catalog-plans.ru/catalog/40-45L?utm_source=pinterest&utm_medium=organic&utm_campaign=generated_master_bedroom_video_batch_38&utm_content=pin_6944_40-45l_master_suite_reveal&utm_term=fasady-domov-s-planami,,"проект дома 40-45L, Фасады домов с планами, дом с мастер-спальней, планировка с мастер-спальней, приватная спальня, гардеробная при спальне, поэтажные планы, фасады дома, готовый проект дома, catalog-plans.ru, дом 439,32 м², монолитный каркас"
Дом №40-63AGL: видео планировки для семьи,https://raw.githubusercontent.com/nemchenik/test/catalog-plans-pinterest-assets/pinterest/generated_batch_38_master_bedroom_video/40-63AGL.mp4,Готовые проекты домов с чертежами,00:01,"Проект дома №40-63AGL. Ролик начинается с архитектуры дома и переходит к приватной зоне планировки. Все изображения получены непосредственно из карточки соответствующего проекта. Параметры проекта: площадь 307,39 м²; 2 этажа; габариты 14.59×17.13 м; материал — монолитный каркас. На сайте доступны все планы, характеристики и состав проектной документации.",https://catalog-plans.ru/catalog/40-63AGL?utm_source=pinterest&utm_medium=organic&utm_campaign=generated_master_bedroom_video_batch_38&utm_content=pin_6945_40-63agl_facade_to_private_zone&utm_term=gotovye-proekty-domov-s-chertezhami,,"проект дома 40-63AGL, Готовые проекты домов с чертежами, дом с мастер-спальней, планировка с мастер-спальней, приватная спальня, гардеробная при спальне, поэтажные планы, фасады дома, готовый проект дома, catalog-plans.ru, дом 307,39 м², монолитный каркас"
Проект №45-08B: фасады и мастер-спальня,https://raw.githubusercontent.com/nemchenik/test/catalog-plans-pinterest-assets/pinterest/generated_batch_38_master_bedroom_video/45-08B.mp4,Одноэтажные дома с мастер-спальней,00:01,"Проект дома №45-08B. В коротком обзоре собраны визуализация, фасады и реальный поэтажный план. Мастер-спальня создаёт отдельную приватную зону для владельцев дома. Параметры проекта: площадь 279,19 м²; 1 этаж; габариты 16.4×24.32 м; материал — кирпич; стиль — современный. Перейдите к карточке дома и проверьте, подходит ли планировка вашей семье.",https://catalog-plans.ru/catalog/45-08B?utm_source=pinterest&utm_medium=organic&utm_campaign=generated_master_bedroom_video_batch_38&utm_content=pin_6946_45-08b_family_plan_story&utm_term=odnoetazhnye-doma-s-master-spalney,,"проект дома 45-08B, Одноэтажные дома с мастер-спальней, дом с мастер-спальней, планировка с мастер-спальней, приватная спальня, гардеробная при спальне, поэтажные планы, фасады дома, готовый проект дома, catalog-plans.ru, дом 279,19 м², кирпич, современный"
Дом №45-90L: приватная зона в планировке,https://raw.githubusercontent.com/nemchenik/test/catalog-plans-pinterest-assets/pinterest/generated_batch_38_master_bedroom_video/45-90L.mp4,Проекты домов с мастер-спальней,00:01,"Проект дома №45-90L. Новый формат помогает оценить дом и расположение мастер-спальни в общей планировке. План этажа помогает сопоставить приватную спальню с остальными помещениями. Параметры проекта: площадь 435,62 м²; 2 этажа; габариты 19.51×23.62 м; материал — кирпич. Сравните этот вариант с другими домами из подборки с мастер-спальней.",https://catalog-plans.ru/catalog/45-90L?utm_source=pinterest&utm_medium=organic&utm_campaign=generated_master_bedroom_video_batch_38&utm_content=pin_6947_45-90l_master_bedroom_focus&utm_term=proekty-domov-s-master-spalney,,"проект дома 45-90L, Проекты домов с мастер-спальней, дом с мастер-спальней, планировка с мастер-спальней, приватная спальня, гардеробная при спальне, поэтажные планы, фасады дома, готовый проект дома, catalog-plans.ru, дом 435,62 м², кирпич"
Проект №40-74BGL: дом с мастер-спальней в видео,https://raw.githubusercontent.com/nemchenik/test/catalog-plans-pinterest-assets/pinterest/generated_batch_38_master_bedroom_video/40-74BGL.mp4,Планировки домов с мастер-спальней,00:01,"Проект дома №40-74BGL. Видео показывает дом, его фасады и планировку с мастер-спальней. Проект взят из подборки домов с мастер-спальней на catalog-plans.ru. Параметры проекта: площадь 572,28 м²; 2 этажа; габариты 15.3×24 м; материал — газобетон. Откройте проект, чтобы подробно рассмотреть помещения, размеры и фасады.",https://catalog-plans.ru/catalog/40-74BGL?utm_source=pinterest&utm_medium=organic&utm_campaign=generated_master_bedroom_video_batch_38&utm_content=pin_6948_40-74bgl_master_suite_reveal&utm_term=planirovki-domov-s-master-spalney,,"проект дома 40-74BGL, Планировки домов с мастер-спальней, дом с мастер-спальней, планировка с мастер-спальней, приватная спальня, гардеробная при спальне, поэтажные планы, фасады дома, готовый проект дома, catalog-plans.ru, дом 572,28 м², газобетон"
Дом №45-80K1L: планировка с приватной спальней,https://raw.githubusercontent.com/nemchenik/test/catalog-plans-pinterest-assets/pinterest/generated_batch_38_master_bedroom_video/45-80K1L.mp4,Планировки домов с мастер-спальней,00:01,"Проект дома №45-80K1L. Ролик начинается с архитектуры дома и переходит к приватной зоне планировки. Все изображения получены непосредственно из карточки соответствующего проекта. Параметры проекта: площадь 681,84 м²; 3 этажа; габариты 23.13×24.81 м; материал — кирпич. На сайте доступны все планы, характеристики и состав проектной документации.",https://catalog-plans.ru/catalog/45-80K1L?utm_source=pinterest&utm_medium=organic&utm_campaign=generated_master_bedroom_video_batch_38&utm_content=pin_6949_45-80k1l_facade_to_private_zone&utm_term=planirovki-domov-s-master-spalney,,"проект дома 45-80K1L, Планировки домов с мастер-спальней, дом с мастер-спальней, планировка с мастер-спальней, приватная спальня, гардеробная при спальне, поэтажные планы, фасады дома, готовый проект дома, catalog-plans.ru, дом 681,84 м², кирпич"
Проект дома №66-18: мастер-спальня и фасады,https://raw.githubusercontent.com/nemchenik/test/catalog-plans-pinterest-assets/pinterest/generated_batch_38_master_bedroom_video/66-18.mp4,Дома для семьи с планировкой,00:01,"Проект дома №66-18. В коротком обзоре собраны визуализация, фасады и реальный поэтажный план. Мастер-спальня создаёт отдельную приватную зону для владельцев дома. Параметры проекта: площадь 269,13 м²; 2 этажа; габариты 14.84×18.08 м; материал — кирпич; стиль — хай-тек. Перейдите к карточке дома и проверьте, подходит ли планировка вашей семье.",https://catalog-plans.ru/catalog/66-18?utm_source=pinterest&utm_medium=organic&utm_campaign=generated_master_bedroom_video_batch_38&utm_content=pin_6950_66-18_family_plan_story&utm_term=doma-dlya-semi-s-planirovkoy,,"проект дома 66-18, Дома для семьи с планировкой, дом с мастер-спальней, планировка с мастер-спальней, приватная спальня, гардеробная при спальне, поэтажные планы, фасады дома, готовый проект дома, catalog-plans.ru, дом 269,13 м², кирпич, хай-тек"
Дом №40-36AL: видео планировки для семьи,https://raw.githubusercontent.com/nemchenik/test/catalog-plans-pinterest-assets/pinterest/generated_batch_38_master_bedroom_video/40-36AL.mp4,Фасады домов с планами,00:01,"Проект дома №40-36AL. Новый формат помогает оценить дом и расположение мастер-спальни в общей планировке. План этажа помогает сопоставить приватную спальню с остальными помещениями. Параметры проекта: площадь 283,48 м²; 2 этажа; габариты 20.18×21.38 м; материал — кирпич. Сравните этот вариант с другими домами из подборки с мастер-спальней.",https://catalog-plans.ru/catalog/40-36AL?utm_source=pinterest&utm_medium=organic&utm_campaign=generated_master_bedroom_video_batch_38&utm_content=pin_6951_40-36al_master_bedroom_focus&utm_term=fasady-domov-s-planami,,"проект дома 40-36AL, Фасады домов с планами, дом с мастер-спальней, планировка с мастер-спальней, приватная спальня, гардеробная при спальне, поэтажные планы, фасады дома, готовый проект дома, catalog-plans.ru, дом 283,48 м², кирпич"
Проект №63-43: фасады и мастер-спальня,https://raw.githubusercontent.com/nemchenik/test/catalog-plans-pinterest-assets/pinterest/generated_batch_38_master_bedroom_video/63-43.mp4,Готовые проекты домов с чертежами,00:01,"Проект дома №63-43. Видео показывает дом, его фасады и планировку с мастер-спальней. Проект взят из подборки домов с мастер-спальней на catalog-plans.ru. Параметры проекта: площадь 177,64 м²; 2 этажа; габариты 7.06×17.21 м; материал — газобетон; стиль — хай-тек. Откройте проект, чтобы подробно рассмотреть помещения, размеры и фасады.",https://catalog-plans.ru/catalog/63-43?utm_source=pinterest&utm_medium=organic&utm_campaign=generated_master_bedroom_video_batch_38&utm_content=pin_6952_63-43_master_suite_reveal&utm_term=gotovye-proekty-domov-s-chertezhami,,"проект дома 63-43, Готовые проекты домов с чертежами, дом с мастер-спальней, планировка с мастер-спальней, приватная спальня, гардеробная при спальне, поэтажные планы, фасады дома, готовый проект дома, catalog-plans.ru, дом 177,64 м², газобетон, хай-тек"
Дом №63-45: приватная зона в планировке,https://raw.githubusercontent.com/nemchenik/test/catalog-plans-pinterest-assets/pinterest/generated_batch_38_master_bedroom_video/63-45.mp4,Двухэтажные дома с мастер-спальней,00:01,"Проект дома №63-45. Ролик начинается с архитектуры дома и переходит к приватной зоне планировки. Все изображения получены непосредственно из карточки соответствующего проекта. Параметры проекта: площадь 217,03 м²; 2 этажа; габариты 10.3×18.3 м; материал — газобетон; стиль — хай-тек. На сайте доступны все планы, характеристики и состав проектной документации.",https://catalog-plans.ru/catalog/63-45?utm_source=pinterest&utm_medium=organic&utm_campaign=generated_master_bedroom_video_batch_38&utm_content=pin_6953_63-45_facade_to_private_zone&utm_term=dvuhetazhnye-doma-s-master-spalney,,"проект дома 63-45, Двухэтажные дома с мастер-спальней, дом с мастер-спальней, планировка с мастер-спальней, приватная спальня, гардеробная при спальне, поэтажные планы, фасады дома, готовый проект дома, catalog-plans.ru, дом 217,03 м², газобетон, хай-тек"
Проект №70-93: дом с мастер-спальней в видео,https://raw.githubusercontent.com/nemchenik/test/catalog-plans-pinterest-assets/pinterest/generated_batch_38_master_bedroom_video/70-93.mp4,Проекты домов с мастер-спальней,00:01,"Проект дома №70-93. В коротком обзоре собраны визуализация, фасады и реальный поэтажный план. Мастер-спальня создаёт отдельную приватную зону для владельцев дома. Параметры проекта: площадь 160,11 м²; 1 этаж; габариты 11.6×20.8 м; материал — деревянный каркас; стиль — американский. Перейдите к карточке дома и проверьте, подходит ли планировка вашей семье.",https://catalog-plans.ru/catalog/70-93?utm_source=pinterest&utm_medium=organic&utm_campaign=generated_master_bedroom_video_batch_38&utm_content=pin_6954_70-93_family_plan_story&utm_term=proekty-domov-s-master-spalney,,"проект дома 70-93, Проекты домов с мастер-спальней, дом с мастер-спальней, планировка с мастер-спальней, приватная спальня, гардеробная при спальне, поэтажные планы, фасады дома, готовый проект дома, catalog-plans.ru, дом 160,11 м², деревянный каркас, американский"
Дом №40-05EGL: планировка с приватной спальней,https://raw.githubusercontent.com/nemchenik/test/catalog-plans-pinterest-assets/pinterest/generated_batch_38_master_bedroom_video/40-05EGL.mp4,Планировки домов с мастер-спальней,00:01,"Проект дома №40-05EGL. Новый формат помогает оценить дом и расположение мастер-спальни в общей планировке. План этажа помогает сопоставить приватную спальню с остальными помещениями. Параметры проекта: площадь 233,65 м²; 3 этажа; габариты 12.7×12.79 м; материал — газобетон. Сравните этот вариант с другими домами из подборки с мастер-спальней.",https://catalog-plans.ru/catalog/40-05EGL?utm_source=pinterest&utm_medium=organic&utm_campaign=generated_master_bedroom_video_batch_38&utm_content=pin_6955_40-05egl_master_bedroom_focus&utm_term=planirovki-domov-s-master-spalney,,"проект дома 40-05EGL, Планировки домов с мастер-спальней, дом с мастер-спальней, планировка с мастер-спальней, приватная спальня, гардеробная при спальне, поэтажные планы, фасады дома, готовый проект дома, catalog-plans.ru, дом 233,65 м², газобетон"
Проект дома №40-57AL: мастер-спальня и фасады,https://raw.githubusercontent.com/nemchenik/test/catalog-plans-pinterest-assets/pinterest/generated_batch_38_master_bedroom_video/40-57AL.mp4,Мастер-спальня в частном доме,00:01,"Проект дома №40-57AL. Видео показывает дом, его фасады и планировку с мастер-спальней. Проект взят из подборки домов с мастер-спальней на catalog-plans.ru. Параметры проекта: площадь 692,96 м²; 3 этажа; габариты 14.64×15.18 м; материал — кирпич. Откройте проект, чтобы подробно рассмотреть помещения, размеры и фасады.",https://catalog-plans.ru/catalog/40-57AL?utm_source=pinterest&utm_medium=organic&utm_campaign=generated_master_bedroom_video_batch_38&utm_content=pin_6956_40-57al_master_suite_reveal&utm_term=master-spalnya-v-chastnom-dome,,"проект дома 40-57AL, Мастер-спальня в частном доме, дом с мастер-спальней, планировка с мастер-спальней, приватная спальня, гардеробная при спальне, поэтажные планы, фасады дома, готовый проект дома, catalog-plans.ru, дом 692,96 м², кирпич"
Дом №40-84MGL: видео планировки для семьи,https://raw.githubusercontent.com/nemchenik/test/catalog-plans-pinterest-assets/pinterest/generated_batch_38_master_bedroom_video/40-84MGL.mp4,Дома для семьи с планировкой,00:01,"Проект дома №40-84MGL. Ролик начинается с архитектуры дома и переходит к приватной зоне планировки. Все изображения получены непосредственно из карточки соответствующего проекта. Параметры проекта: площадь 350,69 м²; 2 этажа; габариты 20.3×22.8 м; материал — газобетон; стиль — хай-тек. На сайте доступны все планы, характеристики и состав проектной документации.",https://catalog-plans.ru/catalog/40-84MGL?utm_source=pinterest&utm_medium=organic&utm_campaign=generated_master_bedroom_video_batch_38&utm_content=pin_6957_40-84mgl_facade_to_private_zone&utm_term=doma-dlya-semi-s-planirovkoy,,"проект дома 40-84MGL, Дома для семьи с планировкой, дом с мастер-спальней, планировка с мастер-спальней, приватная спальня, гардеробная при спальне, поэтажные планы, фасады дома, готовый проект дома, catalog-plans.ru, дом 350,69 м², газобетон, хай-тек"
Проект №40-84WL: фасады и мастер-спальня,https://raw.githubusercontent.com/nemchenik/test/catalog-plans-pinterest-assets/pinterest/generated_batch_38_master_bedroom_video/40-84WL.mp4,Фасады домов с планами,00:01,"Проект дома №40-84WL. В коротком обзоре собраны визуализация, фасады и реальный поэтажный план. Мастер-спальня создаёт отдельную приватную зону для владельцев дома. Параметры проекта: площадь 392,85 м²; 2 этажа; габариты 20.96×22.52 м; материал — кирпич; стиль — хай-тек. Перейдите к карточке дома и проверьте, подходит ли планировка вашей семье.",https://catalog-plans.ru/catalog/40-84WL?utm_source=pinterest&utm_medium=organic&utm_campaign=generated_master_bedroom_video_batch_38&utm_content=pin_6958_40-84wl_family_plan_story&utm_term=fasady-domov-s-planami,,"проект дома 40-84WL, Фасады домов с планами, дом с мастер-спальней, планировка с мастер-спальней, приватная спальня, гардеробная при спальне, поэтажные планы, фасады дома, готовый проект дома, catalog-plans.ru, дом 392,85 м², кирпич, хай-тек"
Дом №45-16ADGL: приватная зона в планировке,https://raw.githubusercontent.com/nemchenik/test/catalog-plans-pinterest-assets/pinterest/generated_batch_38_master_bedroom_video/45-16ADGL.mp4,Готовые проекты домов с чертежами,00:01,"Проект дома №45-16ADGL. Новый формат помогает оценить дом и расположение мастер-спальни в общей планировке. План этажа помогает сопоставить приватную спальню с остальными помещениями. Параметры проекта: площадь 205,83 м²; 2 этажа; габариты 11.73×17.25 м; материал — газобетон; стиль — современный. Сравните этот вариант с другими домами из подборки с мастер-спальней.",https://catalog-plans.ru/catalog/45-16ADGL?utm_source=pinterest&utm_medium=organic&utm_campaign=generated_master_bedroom_video_batch_38&utm_content=pin_6959_45-16adgl_master_bedroom_focus&utm_term=gotovye-proekty-domov-s-chertezhami,,"проект дома 45-16ADGL, Готовые проекты домов с чертежами, дом с мастер-спальней, планировка с мастер-спальней, приватная спальня, гардеробная при спальне, поэтажные планы, фасады дома, готовый проект дома, catalog-plans.ru, дом 205,83 м², газобетон, современный"
Проект №45-39A: дом с мастер-спальней в видео,https://raw.githubusercontent.com/nemchenik/test/catalog-plans-pinterest-assets/pinterest/generated_batch_38_master_bedroom_video/45-39A.mp4,Двухэтажные дома с мастер-спальней,00:01,"Проект дома №45-39A. Видео показывает дом, его фасады и планировку с мастер-спальней. Проект взят из подборки домов с мастер-спальней на catalog-plans.ru. Параметры проекта: площадь 403,23 м²; 2 этажа; габариты 15.56×20.62 м; материал — кирпич; стиль — современный. Откройте проект, чтобы подробно рассмотреть помещения, размеры и фасады.",https://catalog-plans.ru/catalog/45-39A?utm_source=pinterest&utm_medium=organic&utm_campaign=generated_master_bedroom_video_batch_38&utm_content=pin_6960_45-39a_master_suite_reveal&utm_term=dvuhetazhnye-doma-s-master-spalney,,"проект дома 45-39A, Двухэтажные дома с мастер-спальней, дом с мастер-спальней, планировка с мастер-спальней, приватная спальня, гардеробная при спальне, поэтажные планы, фасады дома, готовый проект дома, catalog-plans.ru, дом 403,23 м², кирпич, современный"
Дом №45-64EAK: планировка с приватной спальней,https://raw.githubusercontent.com/nemchenik/test/catalog-plans-pinterest-assets/pinterest/generated_batch_38_master_bedroom_video/45-64EAK.mp4,Проекты домов с мастер-спальней,00:01,"Проект дома №45-64EAK. Ролик начинается с архитектуры дома и переходит к приватной зоне планировки. Все изображения получены непосредственно из карточки соответствующего проекта. Параметры проекта: площадь 387,54 м²; 2 этажа; габариты 21.96×23.23 м; материал — кирпич; стиль — стиль Райта. На сайте доступны все планы, характеристики и состав проектной документации.",https://catalog-plans.ru/catalog/45-64EAK?utm_source=pinterest&utm_medium=organic&utm_campaign=generated_master_bedroom_video_batch_38&utm_content=pin_6961_45-64eak_facade_to_private_zone&utm_term=proekty-domov-s-master-spalney,,"проект дома 45-64EAK, Проекты домов с мастер-спальней, дом с мастер-спальней, планировка с мастер-спальней, приватная спальня, гардеробная при спальне, поэтажные планы, фасады дома, готовый проект дома, catalog-plans.ru, дом 387,54 м², кирпич, стиль Райта"
Проект дома №45-64MGL: мастер-спальня и фасады,https://raw.githubusercontent.com/nemchenik/test/catalog-plans-pinterest-assets/pinterest/generated_batch_38_master_bedroom_video/45-64MGL.mp4,Планировки домов с мастер-спальней,00:01,"Проект дома №45-64MGL. В коротком обзоре собраны визуализация, фасады и реальный поэтажный план. Мастер-спальня создаёт отдельную приватную зону для владельцев дома. Параметры проекта: площадь 432,73 м²; 2 этажа; габариты 14.22×27.4 м; материал — газобетон; стиль — стиль Райта. Перейдите к карточке дома и проверьте, подходит ли планировка вашей семье.",https://catalog-plans.ru/catalog/45-64MGL?utm_source=pinterest&utm_medium=organic&utm_campaign=generated_master_bedroom_video_batch_38&utm_content=pin_6962_45-64mgl_family_plan_story&utm_term=planirovki-domov-s-master-spalney,,"проект дома 45-64MGL, Планировки домов с мастер-спальней, дом с мастер-спальней, планировка с мастер-спальней, приватная спальня, гардеробная при спальне, поэтажные планы, фасады дома, готовый проект дома, catalog-plans.ru, дом 432,73 м², газобетон, стиль Райта"
Дом №57-61AL: видео планировки для семьи,https://raw.githubusercontent.com/nemchenik/test/catalog-plans-pinterest-assets/pinterest/generated_batch_38_master_bedroom_video/57-61AL.mp4,Мастер-спальня в частном доме,00:01,"Проект дома №57-61AL. Новый формат помогает оценить дом и расположение мастер-спальни в общей планировке. План этажа помогает сопоставить приватную спальню с остальными помещениями. Параметры проекта: площадь 217,13 м²; 2 этажа; габариты 12.46×13.28 м; материал — газобетон; стиль — европейский. Сравните этот вариант с другими домами из подборки с мастер-спальней.",https://catalog-plans.ru/catalog/57-61AL?utm_source=pinterest&utm_medium=organic&utm_campaign=generated_master_bedroom_video_batch_38&utm_content=pin_6963_57-61al_master_bedroom_focus&utm_term=master-spalnya-v-chastnom-dome,,"проект дома 57-61AL, Мастер-спальня в частном доме, дом с мастер-спальней, планировка с мастер-спальней, приватная спальня, гардеробная при спальне, поэтажные планы, фасады дома, готовый проект дома, catalog-plans.ru, дом 217,13 м², газобетон, европейский"
Проект №58-44F: фасады и мастер-спальня,https://raw.githubusercontent.com/nemchenik/test/catalog-plans-pinterest-assets/pinterest/generated_batch_38_master_bedroom_video/58-44F.mp4,Дома для семьи с планировкой,00:01,"Проект дома №58-44F. Видео показывает дом, его фасады и планировку с мастер-спальней. Проект взят из подборки домов с мастер-спальней на catalog-plans.ru. Параметры проекта: площадь 319,98 м²; 2 этажа; габариты 14.96×15.76 м; материал — газобетон; стиль — шале. Откройте проект, чтобы подробно рассмотреть помещения, размеры и фасады.",https://catalog-plans.ru/catalog/58-44F?utm_source=pinterest&utm_medium=organic&utm_campaign=generated_master_bedroom_video_batch_38&utm_content=pin_6964_58-44f_master_suite_reveal&utm_term=doma-dlya-semi-s-planirovkoy,,"проект дома 58-44F, Дома для семьи с планировкой, дом с мастер-спальней, планировка с мастер-спальней, приватная спальня, гардеробная при спальне, поэтажные планы, фасады дома, готовый проект дома, catalog-plans.ru, дом 319,98 м², газобетон, шале"
Дом №62-07AB: приватная зона в планировке,https://raw.githubusercontent.com/nemchenik/test/catalog-plans-pinterest-assets/pinterest/generated_batch_38_master_bedroom_video/62-07AB.mp4,Фасады домов с планами,00:01,"Проект дома №62-07AB. Ролик начинается с архитектуры дома и переходит к приватной зоне планировки. Все изображения получены непосредственно из карточки соответствующего проекта. Параметры проекта: площадь 213,76 м²; 2 этажа; габариты 13.6×13.95 м; материал — газобетон; стиль — хай-тек. На сайте доступны все планы, характеристики и состав проектной документации.",https://catalog-plans.ru/catalog/62-07AB?utm_source=pinterest&utm_medium=organic&utm_campaign=generated_master_bedroom_video_batch_38&utm_content=pin_6965_62-07ab_facade_to_private_zone&utm_term=fasady-domov-s-planami,,"проект дома 62-07AB, Фасады домов с планами, дом с мастер-спальней, планировка с мастер-спальней, приватная спальня, гардеробная при спальне, поэтажные планы, фасады дома, готовый проект дома, catalog-plans.ru, дом 213,76 м², газобетон, хай-тек"
Проект №62-68B: дом с мастер-спальней в видео,https://raw.githubusercontent.com/nemchenik/test/catalog-plans-pinterest-assets/pinterest/generated_batch_38_master_bedroom_video/62-68B.mp4,Готовые проекты домов с чертежами,00:01,"Проект дома №62-68B. В коротком обзоре собраны визуализация, фасады и реальный поэтажный план. Мастер-спальня создаёт отдельную приватную зону для владельцев дома. Параметры проекта: площадь 178,16 м²; 2 этажа; габариты 12.65×17.9 м; материал — монолитный каркас; стиль — хай-тек. Перейдите к карточке дома и проверьте, подходит ли планировка вашей семье.",https://catalog-plans.ru/catalog/62-68B?utm_source=pinterest&utm_medium=organic&utm_campaign=generated_master_bedroom_video_batch_38&utm_content=pin_6966_62-68b_family_plan_story&utm_term=gotovye-proekty-domov-s-chertezhami,,"проект дома 62-68B, Готовые проекты домов с чертежами, дом с мастер-спальней, планировка с мастер-спальней, приватная спальня, гардеробная при спальне, поэтажные планы, фасады дома, готовый проект дома, catalog-plans.ru, дом 178,16 м², монолитный каркас, хай-тек"
Дом №63-55: планировка с приватной спальней,https://raw.githubusercontent.com/nemchenik/test/catalog-plans-pinterest-assets/pinterest/generated_batch_38_master_bedroom_video/63-55.mp4,Двухэтажные дома с мастер-спальней,00:01,"Проект дома №63-55. Новый формат помогает оценить дом и расположение мастер-спальни в общей планировке. План этажа помогает сопоставить приватную спальню с остальными помещениями. Параметры проекта: площадь 342,37 м²; 2 этажа; габариты 11.78×17.18 м; материал — монолитный каркас; стиль — хай-тек. Сравните этот вариант с другими домами из подборки с мастер-спальней.",https://catalog-plans.ru/catalog/63-55?utm_source=pinterest&utm_medium=organic&utm_campaign=generated_master_bedroom_video_batch_38&utm_content=pin_6967_63-55_master_bedroom_focus&utm_term=dvuhetazhnye-doma-s-master-spalney,,"проект дома 63-55, Двухэтажные дома с мастер-спальней, дом с мастер-спальней, планировка с мастер-спальней, приватная спальня, гардеробная при спальне, поэтажные планы, фасады дома, готовый проект дома, catalog-plans.ru, дом 342,37 м², монолитный каркас, хай-тек"
Проект дома №63-69L: мастер-спальня и фасады,https://raw.githubusercontent.com/nemchenik/test/catalog-plans-pinterest-assets/pinterest/generated_batch_38_master_bedroom_video/63-69L.mp4,Проекты домов с мастер-спальней,00:01,"Проект дома №63-69L. Видео показывает дом, его фасады и планировку с мастер-спальней. Проект взят из подборки домов с мастер-спальней на catalog-plans.ru. Параметры проекта: площадь 146 м²; 2 этажа; габариты 9.35×12.4 м; материал — газобетон; стиль — европейский. Откройте проект, чтобы подробно рассмотреть помещения, размеры и фасады.",https://catalog-plans.ru/catalog/63-69L?utm_source=pinterest&utm_medium=organic&utm_campaign=generated_master_bedroom_video_batch_38&utm_content=pin_6968_63-69l_master_suite_reveal&utm_term=proekty-domov-s-master-spalney,,"проект дома 63-69L, Проекты домов с мастер-спальней, дом с мастер-спальней, планировка с мастер-спальней, приватная спальня, гардеробная при спальне, поэтажные планы, фасады дома, готовый проект дома, catalog-plans.ru, дом 146 м², газобетон, европейский"
Дом №63-73: видео планировки для семьи,https://raw.githubusercontent.com/nemchenik/test/catalog-plans-pinterest-assets/pinterest/generated_batch_38_master_bedroom_video/63-73.mp4,Планировки домов с мастер-спальней,00:01,"Проект дома №63-73. Ролик начинается с архитектуры дома и переходит к приватной зоне планировки. Все изображения получены непосредственно из карточки соответствующего проекта. Параметры проекта: площадь 422,97 м²; 2 этажа; габариты 22.04×30.14 м; материал — монолитный каркас; стиль — хай-тек. На сайте доступны все планы, характеристики и состав проектной документации.",https://catalog-plans.ru/catalog/63-73?utm_source=pinterest&utm_medium=organic&utm_campaign=generated_master_bedroom_video_batch_38&utm_content=pin_6969_63-73_facade_to_private_zone&utm_term=planirovki-domov-s-master-spalney,,"проект дома 63-73, Планировки домов с мастер-спальней, дом с мастер-спальней, планировка с мастер-спальней, приватная спальня, гардеробная при спальне, поэтажные планы, фасады дома, готовый проект дома, catalog-plans.ru, дом 422,97 м², монолитный каркас, хай-тек"
Проект №64-08L: фасады и мастер-спальня,https://raw.githubusercontent.com/nemchenik/test/catalog-plans-pinterest-assets/pinterest/generated_batch_38_master_bedroom_video/64-08L.mp4,Мастер-спальня в частном доме,00:01,"Проект дома №64-08L. В коротком обзоре собраны визуализация, фасады и реальный поэтажный план. Мастер-спальня создаёт отдельную приватную зону для владельцев дома. Параметры проекта: площадь 297,78 м²; 2 этажа; габариты 16.5×17.1 м; материал — газобетон; стиль — стиль Райта. Перейдите к карточке дома и проверьте, подходит ли планировка вашей семье.",https://catalog-plans.ru/catalog/64-08L?utm_source=pinterest&utm_medium=organic&utm_campaign=generated_master_bedroom_video_batch_38&utm_content=pin_6970_64-08l_family_plan_story&utm_term=master-spalnya-v-chastnom-dome,,"проект дома 64-08L, Мастер-спальня в частном доме, дом с мастер-спальней, планировка с мастер-спальней, приватная спальня, гардеробная при спальне, поэтажные планы, фасады дома, готовый проект дома, catalog-plans.ru, дом 297,78 м², газобетон, стиль Райта"
Дом №45-64TK1L: приватная зона в планировке,https://raw.githubusercontent.com/nemchenik/test/catalog-plans-pinterest-assets/pinterest/generated_batch_38_master_bedroom_video/45-64TK1L.mp4,Дома для семьи с планировкой,00:01,"Проект дома №45-64TK1L. Новый формат помогает оценить дом и расположение мастер-спальни в общей планировке. План этажа помогает сопоставить приватную спальню с остальными помещениями. Параметры проекта: площадь 427,52 м²; 2 этажа; габариты 13.89×27.66 м; материал — кирпич; стиль — стиль Райта. Сравните этот вариант с другими домами из подборки с мастер-спальней.",https://catalog-plans.ru/catalog/45-64TK1L?utm_source=pinterest&utm_medium=organic&utm_campaign=generated_master_bedroom_video_batch_38&utm_content=pin_6971_45-64tk1l_master_bedroom_focus&utm_term=doma-dlya-semi-s-planirovkoy,,"проект дома 45-64TK1L, Дома для семьи с планировкой, дом с мастер-спальней, планировка с мастер-спальней, приватная спальня, гардеробная при спальне, поэтажные планы, фасады дома, готовый проект дома, catalog-plans.ru, дом 427,52 м², кирпич, стиль Райта"
Проект №45-64VK1L: дом с мастер-спальней в видео,https://raw.githubusercontent.com/nemchenik/test/catalog-plans-pinterest-assets/pinterest/generated_batch_38_master_bedroom_video/45-64VK1L.mp4,Фасады домов с планами,00:01,"Проект дома №45-64VK1L. Видео показывает дом, его фасады и планировку с мастер-спальней. Проект взят из подборки домов с мастер-спальней на catalog-plans.ru. Параметры проекта: площадь 450,98 м²; 2 этажа; габариты 15.76×21.8 м; материал — кирпич; стиль — стиль Райта. Откройте проект, чтобы подробно рассмотреть помещения, размеры и фасады.",https://catalog-plans.ru/catalog/45-64VK1L?utm_source=pinterest&utm_medium=organic&utm_campaign=generated_master_bedroom_video_batch_38&utm_content=pin_6972_45-64vk1l_master_suite_reveal&utm_term=fasady-domov-s-planami,,"проект дома 45-64VK1L, Фасады домов с планами, дом с мастер-спальней, планировка с мастер-спальней, приватная спальня, гардеробная при спальне, поэтажные планы, фасады дома, готовый проект дома, catalog-plans.ru, дом 450,98 м², кирпич, стиль Райта"
Дом №48-29PFK1L: планировка с приватной спальней,https://raw.githubusercontent.com/nemchenik/test/catalog-plans-pinterest-assets/pinterest/generated_batch_38_master_bedroom_video/48-29PFK1L.mp4,Готовые проекты домов с чертежами,00:01,"Проект дома №48-29PFK1L. Ролик начинается с архитектуры дома и переходит к приватной зоне планировки. Все изображения получены непосредственно из карточки соответствующего проекта. Параметры проекта: площадь 329,94 м²; 2 этажа; габариты 13.85×30.18 м; материал — кирпич; стиль — европейский. На сайте доступны все планы, характеристики и состав проектной документации.",https://catalog-plans.ru/catalog/48-29PFK1L?utm_source=pinterest&utm_medium=organic&utm_campaign=generated_master_bedroom_video_batch_38&utm_content=pin_6973_48-29pfk1l_facade_to_private_zone&utm_term=gotovye-proekty-domov-s-chertezhami,,"проект дома 48-29PFK1L, Готовые проекты домов с чертежами, дом с мастер-спальней, планировка с мастер-спальней, приватная спальня, гардеробная при спальне, поэтажные планы, фасады дома, готовый проект дома, catalog-plans.ru, дом 329,94 м², кирпич, европейский"
Проект дома №58-66EK2L: мастер-спальня и фасады,https://raw.githubusercontent.com/nemchenik/test/catalog-plans-pinterest-assets/pinterest/generated_batch_38_master_bedroom_video/58-66EK2L.mp4,Мастер-спальня в частном доме,00:01,"Проект дома №58-66EK2L. В коротком обзоре собраны визуализация, фасады и реальный поэтажный план. Мастер-спальня создаёт отдельную приватную зону для владельцев дома. Параметры проекта: площадь 313,21 м²; 3 этажа; габариты 19.27×22.22 м; материал — кирпич; стиль — английский. Перейдите к карточке дома и проверьте, подходит ли планировка вашей семье.",https://catalog-plans.ru/catalog/58-66EK2L?utm_source=pinterest&utm_medium=organic&utm_campaign=generated_master_bedroom_video_batch_38&utm_content=pin_6974_58-66ek2l_family_plan_story&utm_term=master-spalnya-v-chastnom-dome,,"проект дома 58-66EK2L, Мастер-спальня в частном доме, дом с мастер-спальней, планировка с мастер-спальней, приватная спальня, гардеробная при спальне, поэтажные планы, фасады дома, готовый проект дома, catalog-plans.ru, дом 313,21 м², кирпич, английский"
Дом №45-38AGL: видео планировки для семьи,https://raw.githubusercontent.com/nemchenik/test/catalog-plans-pinterest-assets/pinterest/generated_batch_38_master_bedroom_video/45-38AGL.mp4,Проекты домов с мастер-спальней,00:01,"Проект дома №45-38AGL. Новый формат помогает оценить дом и расположение мастер-спальни в общей планировке. План этажа помогает сопоставить приватную спальню с остальными помещениями. Параметры проекта: площадь 237,9 м²; 2 этажа; габариты 16.58×20.08 м; материал — газобетон; стиль — стиль Райта. Сравните этот вариант с другими домами из подборки с мастер-спальней.",https://catalog-plans.ru/catalog/45-38AGL?utm_source=pinterest&utm_medium=organic&utm_campaign=generated_master_bedroom_video_batch_38&utm_content=pin_6975_45-38agl_master_bedroom_focus&utm_term=proekty-domov-s-master-spalney,,"проект дома 45-38AGL, Проекты домов с мастер-спальней, дом с мастер-спальней, планировка с мастер-спальней, приватная спальня, гардеробная при спальне, поэтажные планы, фасады дома, готовый проект дома, catalog-plans.ru, дом 237,9 м², газобетон, стиль Райта"
Проект №46-02BL: фасады и мастер-спальня,https://raw.githubusercontent.com/nemchenik/test/catalog-plans-pinterest-assets/pinterest/generated_batch_38_master_bedroom_video/46-02BL.mp4,Планировки домов с мастер-спальней,00:01,"Проект дома №46-02BL. Видео показывает дом, его фасады и планировку с мастер-спальней. Проект взят из подборки домов с мастер-спальней на catalog-plans.ru. Параметры проекта: площадь 195,23 м²; 2 этажа; габариты 12.56×13 м; материал — кирпич; стиль — стиль Райта. Откройте проект, чтобы подробно рассмотреть помещения, размеры и фасады.",https://catalog-plans.ru/catalog/46-02BL?utm_source=pinterest&utm_medium=organic&utm_campaign=generated_master_bedroom_video_batch_38&utm_content=pin_6976_46-02bl_master_suite_reveal&utm_term=planirovki-domov-s-master-spalney,,"проект дома 46-02BL, Планировки домов с мастер-спальней, дом с мастер-спальней, планировка с мастер-спальней, приватная спальня, гардеробная при спальне, поэтажные планы, фасады дома, готовый проект дома, catalog-plans.ru, дом 195,23 м², кирпич, стиль Райта"
Дом №48-24DBGL: приватная зона в планировке,https://raw.githubusercontent.com/nemchenik/test/catalog-plans-pinterest-assets/pinterest/generated_batch_38_master_bedroom_video/48-24DBGL.mp4,Готовые проекты домов с чертежами,00:01,"Проект дома №48-24DBGL. Ролик начинается с архитектуры дома и переходит к приватной зоне планировки. Все изображения получены непосредственно из карточки соответствующего проекта. Параметры проекта: площадь 347,34 м²; 3 этажа; габариты 15.34×16.24 м; материал — газобетон; стиль — современный. На сайте доступны все планы, характеристики и состав проектной документации.",https://catalog-plans.ru/catalog/48-24DBGL?utm_source=pinterest&utm_medium=organic&utm_campaign=generated_master_bedroom_video_batch_38&utm_content=pin_6977_48-24dbgl_facade_to_private_zone&utm_term=gotovye-proekty-domov-s-chertezhami,,"проект дома 48-24DBGL, Готовые проекты домов с чертежами, дом с мастер-спальней, планировка с мастер-спальней, приватная спальня, гардеробная при спальне, поэтажные планы, фасады дома, готовый проект дома, catalog-plans.ru, дом 347,34 м², газобетон, современный"
Проект №57-60NKL: дом с мастер-спальней в видео,https://raw.githubusercontent.com/nemchenik/test/catalog-plans-pinterest-assets/pinterest/generated_batch_38_master_bedroom_video/57-60NKL.mp4,Дома для семьи с планировкой,00:01,"Проект дома №57-60NKL. В коротком обзоре собраны визуализация, фасады и реальный поэтажный план. Мастер-спальня создаёт отдельную приватную зону для владельцев дома. Параметры проекта: площадь 231,04 м²; 2 этажа; габариты 12.54×14.68 м; материал — кирпич; стиль — европейский. Перейдите к карточке дома и проверьте, подходит ли планировка вашей семье.",https://catalog-plans.ru/catalog/57-60NKL?utm_source=pinterest&utm_medium=organic&utm_campaign=generated_master_bedroom_video_batch_38&utm_content=pin_6978_57-60nkl_family_plan_story&utm_term=doma-dlya-semi-s-planirovkoy,,"проект дома 57-60NKL, Дома для семьи с планировкой, дом с мастер-спальней, планировка с мастер-спальней, приватная спальня, гардеробная при спальне, поэтажные планы, фасады дома, готовый проект дома, catalog-plans.ru, дом 231,04 м², кирпич, европейский"
Дом №62-15FL: планировка с приватной спальней,https://raw.githubusercontent.com/nemchenik/test/catalog-plans-pinterest-assets/pinterest/generated_batch_38_master_bedroom_video/62-15FL.mp4,Фасады домов с планами,00:01,"Проект дома №62-15FL. Новый формат помогает оценить дом и расположение мастер-спальни в общей планировке. План этажа помогает сопоставить приватную спальню с остальными помещениями. Параметры проекта: площадь 288,23 м²; 2 этажа; габариты 13.8×16.08 м; материал — газобетон; стиль — шале. Сравните этот вариант с другими домами из подборки с мастер-спальней.",https://catalog-plans.ru/catalog/62-15FL?utm_source=pinterest&utm_medium=organic&utm_campaign=generated_master_bedroom_video_batch_38&utm_content=pin_6979_62-15fl_master_bedroom_focus&utm_term=fasady-domov-s-planami,,"проект дома 62-15FL, Фасады домов с планами, дом с мастер-спальней, планировка с мастер-спальней, приватная спальня, гардеробная при спальне, поэтажные планы, фасады дома, готовый проект дома, catalog-plans.ru, дом 288,23 м², газобетон, шале"
Проект дома №62-68A: мастер-спальня и фасады,https://raw.githubusercontent.com/nemchenik/test/catalog-plans-pinterest-assets/pinterest/generated_batch_38_master_bedroom_video/62-68A.mp4,Готовые проекты домов с чертежами,00:01,"Проект дома №62-68A. Видео показывает дом, его фасады и планировку с мастер-спальней. Проект взят из подборки домов с мастер-спальней на catalog-plans.ru. Параметры проекта: площадь 281,17 м²; 2 этажа; габариты 13.46×18.36 м; материал — газобетон; стиль — хай-тек. Откройте проект, чтобы подробно рассмотреть помещения, размеры и фасады.",https://catalog-plans.ru/catalog/62-68A?utm_source=pinterest&utm_medium=organic&utm_campaign=generated_master_bedroom_video_batch_38&utm_content=pin_6980_62-68a_master_suite_reveal&utm_term=gotovye-proekty-domov-s-chertezhami,,"проект дома 62-68A, Готовые проекты домов с чертежами, дом с мастер-спальней, планировка с мастер-спальней, приватная спальня, гардеробная при спальне, поэтажные планы, фасады дома, готовый проект дома, catalog-plans.ru, дом 281,17 м², газобетон, хай-тек"
Дом №62-72A: видео планировки для семьи,https://raw.githubusercontent.com/nemchenik/test/catalog-plans-pinterest-assets/pinterest/generated_batch_38_master_bedroom_video/62-72A.mp4,Двухэтажные дома с мастер-спальней,00:01,"Проект дома №62-72A. Ролик начинается с архитектуры дома и переходит к приватной зоне планировки. Все изображения получены непосредственно из карточки соответствующего проекта. Параметры проекта: площадь 408,93 м²; 2 этажа; габариты 19.01×19.21 м; материал — газобетон; стиль — хай-тек. На сайте доступны все планы, характеристики и состав проектной документации.",https://catalog-plans.ru/catalog/62-72A?utm_source=pinterest&utm_medium=organic&utm_campaign=generated_master_bedroom_video_batch_38&utm_content=pin_6981_62-72a_facade_to_private_zone&utm_term=dvuhetazhnye-doma-s-master-spalney,,"проект дома 62-72A, Двухэтажные дома с мастер-спальней, дом с мастер-спальней, планировка с мастер-спальней, приватная спальня, гардеробная при спальне, поэтажные планы, фасады дома, готовый проект дома, catalog-plans.ru, дом 408,93 м², газобетон, хай-тек"
Проект №63-38: фасады и мастер-спальня,https://raw.githubusercontent.com/nemchenik/test/catalog-plans-pinterest-assets/pinterest/generated_batch_38_master_bedroom_video/63-38.mp4,Проекты домов с мастер-спальней,00:01,"Проект дома №63-38. В коротком обзоре собраны визуализация, фасады и реальный поэтажный план. Мастер-спальня создаёт отдельную приватную зону для владельцев дома. Параметры проекта: площадь 692,97 м²; 2 этажа; габариты 19.45×27.12 м; материал — газобетон; стиль — хай-тек. Перейдите к карточке дома и проверьте, подходит ли планировка вашей семье.",https://catalog-plans.ru/catalog/63-38?utm_source=pinterest&utm_medium=organic&utm_campaign=generated_master_bedroom_video_batch_38&utm_content=pin_6982_63-38_family_plan_story&utm_term=proekty-domov-s-master-spalney,,"проект дома 63-38, Проекты домов с мастер-спальней, дом с мастер-спальней, планировка с мастер-спальней, приватная спальня, гардеробная при спальне, поэтажные планы, фасады дома, готовый проект дома, catalog-plans.ru, дом 692,97 м², газобетон, хай-тек"
Дом №63-62: приватная зона в планировке,https://raw.githubusercontent.com/nemchenik/test/catalog-plans-pinterest-assets/pinterest/generated_batch_38_master_bedroom_video/63-62.mp4,Планировки домов с мастер-спальней,00:01,"Проект дома №63-62. Новый формат помогает оценить дом и расположение мастер-спальни в общей планировке. План этажа помогает сопоставить приватную спальню с остальными помещениями. Параметры проекта: площадь 275,7 м²; 2 этажа; габариты 12.81×17.02 м; материал — монолитный каркас; стиль — хай-тек. Сравните этот вариант с другими домами из подборки с мастер-спальней.",https://catalog-plans.ru/catalog/63-62?utm_source=pinterest&utm_medium=organic&utm_campaign=generated_master_bedroom_video_batch_38&utm_content=pin_6983_63-62_master_bedroom_focus&utm_term=planirovki-domov-s-master-spalney,,"проект дома 63-62, Планировки домов с мастер-спальней, дом с мастер-спальней, планировка с мастер-спальней, приватная спальня, гардеробная при спальне, поэтажные планы, фасады дома, готовый проект дома, catalog-plans.ru, дом 275,7 м², монолитный каркас, хай-тек"
Проект №63-65L: дом с мастер-спальней в видео,https://raw.githubusercontent.com/nemchenik/test/catalog-plans-pinterest-assets/pinterest/generated_batch_38_master_bedroom_video/63-65L.mp4,Мастер-спальня в частном доме,00:01,"Проект дома №63-65L. Видео показывает дом, его фасады и планировку с мастер-спальней. Проект взят из подборки домов с мастер-спальней на catalog-plans.ru. Параметры проекта: площадь 211,41 м²; 2 этажа; габариты 10.2×17.34 м; материал — газобетон; стиль — стиль Райта. Откройте проект, чтобы подробно рассмотреть помещения, размеры и фасады.",https://catalog-plans.ru/catalog/63-65L?utm_source=pinterest&utm_medium=organic&utm_campaign=generated_master_bedroom_video_batch_38&utm_content=pin_6984_63-65l_master_suite_reveal&utm_term=master-spalnya-v-chastnom-dome,,"проект дома 63-65L, Мастер-спальня в частном доме, дом с мастер-спальней, планировка с мастер-спальней, приватная спальня, гардеробная при спальне, поэтажные планы, фасады дома, готовый проект дома, catalog-plans.ru, дом 211,41 м², газобетон, стиль Райта"
Дом №46-18K2L: планировка с приватной спальней,https://raw.githubusercontent.com/nemchenik/test/catalog-plans-pinterest-assets/pinterest/generated_batch_38_master_bedroom_video/46-18K2L.mp4,Дома для семьи с планировкой,00:01,"Проект дома №46-18K2L. Ролик начинается с архитектуры дома и переходит к приватной зоне планировки. Все изображения получены непосредственно из карточки соответствующего проекта. Параметры проекта: площадь 378,16 м²; 2 этажа; габариты 14.26×18.44 м; материал — кирпич; стиль — современный. На сайте доступны все планы, характеристики и состав проектной документации.",https://catalog-plans.ru/catalog/46-18K2L?utm_source=pinterest&utm_medium=organic&utm_campaign=generated_master_bedroom_video_batch_38&utm_content=pin_6985_46-18k2l_facade_to_private_zone&utm_term=doma-dlya-semi-s-planirovkoy,,"проект дома 46-18K2L, Дома для семьи с планировкой, дом с мастер-спальней, планировка с мастер-спальней, приватная спальня, гардеробная при спальне, поэтажные планы, фасады дома, готовый проект дома, catalog-plans.ru, дом 378,16 м², кирпич, современный"
Проект дома №46-28K2L: мастер-спальня и фасады,https://raw.githubusercontent.com/nemchenik/test/catalog-plans-pinterest-assets/pinterest/generated_batch_38_master_bedroom_video/46-28K2L.mp4,Фасады домов с планами,00:01,"Проект дома №46-28K2L. В коротком обзоре собраны визуализация, фасады и реальный поэтажный план. Мастер-спальня создаёт отдельную приватную зону для владельцев дома. Параметры проекта: площадь 219,86 м²; 2 этажа; габариты 12.88×23.58 м; материал — кирпич; стиль — стиль Райта. Перейдите к карточке дома и проверьте, подходит ли планировка вашей семье.",https://catalog-plans.ru/catalog/46-28K2L?utm_source=pinterest&utm_medium=organic&utm_campaign=generated_master_bedroom_video_batch_38&utm_content=pin_6986_46-28k2l_family_plan_story&utm_term=fasady-domov-s-planami,,"проект дома 46-28K2L, Фасады домов с планами, дом с мастер-спальней, планировка с мастер-спальней, приватная спальня, гардеробная при спальне, поэтажные планы, фасады дома, готовый проект дома, catalog-plans.ru, дом 219,86 м², кирпич, стиль Райта"
Дом №46-32K2L: видео планировки для семьи,https://raw.githubusercontent.com/nemchenik/test/catalog-plans-pinterest-assets/pinterest/generated_batch_38_master_bedroom_video/46-32K2L.mp4,Готовые проекты домов с чертежами,00:01,"Проект дома №46-32K2L. Новый формат помогает оценить дом и расположение мастер-спальни в общей планировке. План этажа помогает сопоставить приватную спальню с остальными помещениями. Параметры проекта: площадь 261,64 м²; 2 этажа; габариты 11.84×19.94 м; материал — кирпич; стиль — стиль Райта. Сравните этот вариант с другими домами из подборки с мастер-спальней.",https://catalog-plans.ru/catalog/46-32K2L?utm_source=pinterest&utm_medium=organic&utm_campaign=generated_master_bedroom_video_batch_38&utm_content=pin_6987_46-32k2l_master_bedroom_focus&utm_term=gotovye-proekty-domov-s-chertezhami,,"проект дома 46-32K2L, Готовые проекты домов с чертежами, дом с мастер-спальней, планировка с мастер-спальней, приватная спальня, гардеробная при спальне, поэтажные планы, фасады дома, готовый проект дома, catalog-plans.ru, дом 261,64 м², кирпич, стиль Райта"
Проект №57-25NAK1L: фасады и мастер-спальня,https://raw.githubusercontent.com/nemchenik/test/catalog-plans-pinterest-assets/pinterest/generated_batch_38_master_bedroom_video/57-25NAK1L.mp4,Двухэтажные дома с мастер-спальней,00:01,"Проект дома №57-25NAK1L. Видео показывает дом, его фасады и планировку с мастер-спальней. Проект взят из подборки домов с мастер-спальней на catalog-plans.ru. Параметры проекта: площадь 252,31 м²; 2 этажа; габариты 13.38×16 м; материал — кирпич; стиль — европейский. Откройте проект, чтобы подробно рассмотреть помещения, размеры и фасады.",https://catalog-plans.ru/catalog/57-25NAK1L?utm_source=pinterest&utm_medium=organic&utm_campaign=generated_master_bedroom_video_batch_38&utm_content=pin_6988_57-25nak1l_master_suite_reveal&utm_term=dvuhetazhnye-doma-s-master-spalney,,"проект дома 57-25NAK1L, Двухэтажные дома с мастер-спальней, дом с мастер-спальней, планировка с мастер-спальней, приватная спальня, гардеробная при спальне, поэтажные планы, фасады дома, готовый проект дома, catalog-plans.ru, дом 252,31 м², кирпич, европейский"
Дом №62-38TCK2L: приватная зона в планировке,https://raw.githubusercontent.com/nemchenik/test/catalog-plans-pinterest-assets/pinterest/generated_batch_38_master_bedroom_video/62-38TCK2L.mp4,Проекты домов с мастер-спальней,00:01,"Проект дома №62-38TCK2L. Ролик начинается с архитектуры дома и переходит к приватной зоне планировки. Все изображения получены непосредственно из карточки соответствующего проекта. Параметры проекта: площадь 273,87 м²; 2 этажа; габариты 18.5×21.16 м; материал — кирпич; стиль — шале. На сайте доступны все планы, характеристики и состав проектной документации.",https://catalog-plans.ru/catalog/62-38TCK2L?utm_source=pinterest&utm_medium=organic&utm_campaign=generated_master_bedroom_video_batch_38&utm_content=pin_6989_62-38tck2l_facade_to_private_zone&utm_term=proekty-domov-s-master-spalney,,"проект дома 62-38TCK2L, Проекты домов с мастер-спальней, дом с мастер-спальней, планировка с мастер-спальней, приватная спальня, гардеробная при спальне, поэтажные планы, фасады дома, готовый проект дома, catalog-plans.ru, дом 273,87 м², кирпич, шале"
Проект №63-51: дом с мастер-спальней в видео,https://raw.githubusercontent.com/nemchenik/test/catalog-plans-pinterest-assets/pinterest/generated_batch_38_master_bedroom_video/63-51.mp4,Планировки домов с мастер-спальней,00:01,"Проект дома №63-51. В коротком обзоре собраны визуализация, фасады и реальный поэтажный план. Мастер-спальня создаёт отдельную приватную зону для владельцев дома. Параметры проекта: площадь 183,48 м²; 2 этажа; габариты 9.01×16.38 м; материал — газобетон; стиль — хай-тек. Перейдите к карточке дома и проверьте, подходит ли планировка вашей семье.",https://catalog-plans.ru/catalog/63-51?utm_source=pinterest&utm_medium=organic&utm_campaign=generated_master_bedroom_video_batch_38&utm_content=pin_6990_63-51_family_plan_story&utm_term=planirovki-domov-s-master-spalney,,"проект дома 63-51, Планировки домов с мастер-спальней, дом с мастер-спальней, планировка с мастер-спальней, приватная спальня, гардеробная при спальне, поэтажные планы, фасады дома, готовый проект дома, catalog-plans.ru, дом 183,48 м², газобетон, хай-тек"
Дом №14-03: планировка с приватной спальней,https://raw.githubusercontent.com/nemchenik/test/catalog-plans-pinterest-assets/pinterest/generated_batch_38_master_bedroom_video/14-03.mp4,Мастер-спальня в частном доме,00:01,"Проект дома №14-03. Новый формат помогает оценить дом и расположение мастер-спальни в общей планировке. План этажа помогает сопоставить приватную спальню с остальными помещениями. Параметры проекта: площадь 325,2 м²; 2 этажа; габариты 18.91×24.59 м; материал — дерево. Сравните этот вариант с другими домами из подборки с мастер-спальней.",https://catalog-plans.ru/catalog/14-03?utm_source=pinterest&utm_medium=organic&utm_campaign=generated_master_bedroom_video_batch_38&utm_content=pin_6991_14-03_master_bedroom_focus&utm_term=master-spalnya-v-chastnom-dome,,"проект дома 14-03, Мастер-спальня в частном доме, дом с мастер-спальней, планировка с мастер-спальней, приватная спальня, гардеробная при спальне, поэтажные планы, фасады дома, готовый проект дома, catalog-plans.ru, дом 325,2 м², дерево"
Проект дома №14-06: мастер-спальня и фасады,https://raw.githubusercontent.com/nemchenik/test/catalog-plans-pinterest-assets/pinterest/generated_batch_38_master_bedroom_video/14-06.mp4,Дома для семьи с планировкой,00:01,"Проект дома №14-06. Видео показывает дом, его фасады и планировку с мастер-спальней. Проект взят из подборки домов с мастер-спальней на catalog-plans.ru. Параметры проекта: площадь 235,24 м²; 2 этажа; габариты 10.6×15.9 м; материал — дерево. Откройте проект, чтобы подробно рассмотреть помещения, размеры и фасады.",https://catalog-plans.ru/catalog/14-06?utm_source=pinterest&utm_medium=organic&utm_campaign=generated_master_bedroom_video_batch_38&utm_content=pin_6992_14-06_master_suite_reveal&utm_term=doma-dlya-semi-s-planirovkoy,,"проект дома 14-06, Дома для семьи с планировкой, дом с мастер-спальней, планировка с мастер-спальней, приватная спальня, гардеробная при спальне, поэтажные планы, фасады дома, готовый проект дома, catalog-plans.ru, дом 235,24 м², дерево"
Дом №40-11BYL: видео планировки для семьи,https://raw.githubusercontent.com/nemchenik/test/catalog-plans-pinterest-assets/pinterest/generated_batch_38_master_bedroom_video/40-11BYL.mp4,Дома для семьи с планировкой,00:01,"Проект дома №40-11BYL. Ролик начинается с архитектуры дома и переходит к приватной зоне планировки. Все изображения получены непосредственно из карточки соответствующего проекта. Параметры проекта: площадь 560,81 м²; 3 этажа; габариты 14.26×21.84 м; материал — газобетон; стиль — европейский. На сайте доступны все планы, характеристики и состав проектной документации.",https://catalog-plans.ru/catalog/40-11BYL?utm_source=pinterest&utm_medium=organic&utm_campaign=generated_master_bedroom_video_batch_38&utm_content=pin_6993_40-11byl_facade_to_private_zone&utm_term=doma-dlya-semi-s-planirovkoy,,"проект дома 40-11BYL, Дома для семьи с планировкой, дом с мастер-спальней, планировка с мастер-спальней, приватная спальня, гардеробная при спальне, поэтажные планы, фасады дома, готовый проект дома, catalog-plans.ru, дом 560,81 м², газобетон, европейский"
Проект №40-84D: фасады и мастер-спальня,https://raw.githubusercontent.com/nemchenik/test/catalog-plans-pinterest-assets/pinterest/generated_batch_38_master_bedroom_video/40-84D.mp4,Готовые проекты домов с чертежами,00:01,"Проект дома №40-84D. В коротком обзоре собраны визуализация, фасады и реальный поэтажный план. Мастер-спальня создаёт отдельную приватную зону для владельцев дома. Параметры проекта: площадь 219,93 м²; 2 этажа; габариты 18.19×18.19 м; материал — кирпич; стиль — хай-тек. Перейдите к карточке дома и проверьте, подходит ли планировка вашей семье.",https://catalog-plans.ru/catalog/40-84D?utm_source=pinterest&utm_medium=organic&utm_campaign=generated_master_bedroom_video_batch_38&utm_content=pin_6994_40-84d_family_plan_story&utm_term=gotovye-proekty-domov-s-chertezhami,,"проект дома 40-84D, Готовые проекты домов с чертежами, дом с мастер-спальней, планировка с мастер-спальней, приватная спальня, гардеробная при спальне, поэтажные планы, фасады дома, готовый проект дома, catalog-plans.ru, дом 219,93 м², кирпич, хай-тек"
Дом №45-16FG: приватная зона в планировке,https://raw.githubusercontent.com/nemchenik/test/catalog-plans-pinterest-assets/pinterest/generated_batch_38_master_bedroom_video/45-16FG.mp4,Двухэтажные дома с мастер-спальней,00:01,"Проект дома №45-16FG. Новый формат помогает оценить дом и расположение мастер-спальни в общей планировке. План этажа помогает сопоставить приватную спальню с остальными помещениями. Параметры проекта: площадь 323,87 м²; 2 этажа; габариты 14.5×14.95 м; материал — газобетон; стиль — современный. Сравните этот вариант с другими домами из подборки с мастер-спальней.",https://catalog-plans.ru/catalog/45-16FG?utm_source=pinterest&utm_medium=organic&utm_campaign=generated_master_bedroom_video_batch_38&utm_content=pin_6995_45-16fg_master_bedroom_focus&utm_term=dvuhetazhnye-doma-s-master-spalney,,"проект дома 45-16FG, Двухэтажные дома с мастер-спальней, дом с мастер-спальней, планировка с мастер-спальней, приватная спальня, гардеробная при спальне, поэтажные планы, фасады дома, готовый проект дома, catalog-plans.ru, дом 323,87 м², газобетон, современный"
Проект №46-06BG: дом с мастер-спальней в видео,https://raw.githubusercontent.com/nemchenik/test/catalog-plans-pinterest-assets/pinterest/generated_batch_38_master_bedroom_video/46-06BG.mp4,Проекты домов с мастер-спальней,00:01,"Проект дома №46-06BG. Видео показывает дом, его фасады и планировку с мастер-спальней. Проект взят из подборки домов с мастер-спальней на catalog-plans.ru. Параметры проекта: площадь 390,17 м²; 2 этажа; габариты 20.74×21.81 м; материал — газобетон; стиль — хай-тек. Откройте проект, чтобы подробно рассмотреть помещения, размеры и фасады.",https://catalog-plans.ru/catalog/46-06BG?utm_source=pinterest&utm_medium=organic&utm_campaign=generated_master_bedroom_video_batch_38&utm_content=pin_6996_46-06bg_master_suite_reveal&utm_term=proekty-domov-s-master-spalney,,"проект дома 46-06BG, Проекты домов с мастер-спальней, дом с мастер-спальней, планировка с мастер-спальней, приватная спальня, гардеробная при спальне, поэтажные планы, фасады дома, готовый проект дома, catalog-plans.ru, дом 390,17 м², газобетон, хай-тек"
Дом №46-08DAG: планировка с приватной спальней,https://raw.githubusercontent.com/nemchenik/test/catalog-plans-pinterest-assets/pinterest/generated_batch_38_master_bedroom_video/46-08DAG.mp4,Планировки домов с мастер-спальней,00:01,"Проект дома №46-08DAG. Ролик начинается с архитектуры дома и переходит к приватной зоне планировки. Все изображения получены непосредственно из карточки соответствующего проекта. Параметры проекта: площадь 341,26 м²; 2 этажа; габариты 14.51×27.8 м; материал — газобетон; стиль — стиль Райта. На сайте доступны все планы, характеристики и состав проектной документации.",https://catalog-plans.ru/catalog/46-08DAG?utm_source=pinterest&utm_medium=organic&utm_campaign=generated_master_bedroom_video_batch_38&utm_content=pin_6997_46-08dag_facade_to_private_zone&utm_term=planirovki-domov-s-master-spalney,,"проект дома 46-08DAG, Планировки домов с мастер-спальней, дом с мастер-спальней, планировка с мастер-спальней, приватная спальня, гардеробная при спальне, поэтажные планы, фасады дома, готовый проект дома, catalog-plans.ru, дом 341,26 м², газобетон, стиль Райта"
Проект дома №46-08EGL: мастер-спальня и фасады,https://raw.githubusercontent.com/nemchenik/test/catalog-plans-pinterest-assets/pinterest/generated_batch_38_master_bedroom_video/46-08EGL.mp4,Мастер-спальня в частном доме,00:01,"Проект дома №46-08EGL. В коротком обзоре собраны визуализация, фасады и реальный поэтажный план. Мастер-спальня создаёт отдельную приватную зону для владельцев дома. Параметры проекта: площадь 339,8 м²; 2 этажа; габариты 14.16×24.46 м; материал — газобетон; стиль — стиль Райта. Перейдите к карточке дома и проверьте, подходит ли планировка вашей семье.",https://catalog-plans.ru/catalog/46-08EGL?utm_source=pinterest&utm_medium=organic&utm_campaign=generated_master_bedroom_video_batch_38&utm_content=pin_6998_46-08egl_family_plan_story&utm_term=master-spalnya-v-chastnom-dome,,"проект дома 46-08EGL, Мастер-спальня в частном доме, дом с мастер-спальней, планировка с мастер-спальней, приватная спальня, гардеробная при спальне, поэтажные планы, фасады дома, готовый проект дома, catalog-plans.ru, дом 339,8 м², газобетон, стиль Райта"
Дом №46-23: видео планировки для семьи,https://raw.githubusercontent.com/nemchenik/test/catalog-plans-pinterest-assets/pinterest/generated_batch_38_master_bedroom_video/46-23.mp4,Дома для семьи с планировкой,00:01,"Проект дома №46-23. Новый формат помогает оценить дом и расположение мастер-спальни в общей планировке. План этажа помогает сопоставить приватную спальню с остальными помещениями. Параметры проекта: площадь 331,8 м²; 2 этажа; габариты 16.86×21.74 м; материал — кирпич; стиль — современный. Сравните этот вариант с другими домами из подборки с мастер-спальней.",https://catalog-plans.ru/catalog/46-23?utm_source=pinterest&utm_medium=organic&utm_campaign=generated_master_bedroom_video_batch_38&utm_content=pin_6999_46-23_master_bedroom_focus&utm_term=doma-dlya-semi-s-planirovkoy,,"проект дома 46-23, Дома для семьи с планировкой, дом с мастер-спальней, планировка с мастер-спальней, приватная спальня, гардеробная при спальне, поэтажные планы, фасады дома, готовый проект дома, catalog-plans.ru, дом 331,8 м², кирпич, современный"
Проект №46-31: фасады и мастер-спальня,https://raw.githubusercontent.com/nemchenik/test/catalog-plans-pinterest-assets/pinterest/generated_batch_38_master_bedroom_video/46-31.mp4,Фасады домов с планами,00:01,"Проект дома №46-31. Видео показывает дом, его фасады и планировку с мастер-спальней. Проект взят из подборки домов с мастер-спальней на catalog-plans.ru. Параметры проекта: площадь 291,26 м²; 2 этажа; габариты 17.92×18.8 м; материал — монолит; стиль — современный. Откройте проект, чтобы подробно рассмотреть помещения, размеры и фасады.",https://catalog-plans.ru/catalog/46-31?utm_source=pinterest&utm_medium=organic&utm_campaign=generated_master_bedroom_video_batch_38&utm_content=pin_7000_46-31_master_suite_reveal&utm_term=fasady-domov-s-planami,,"проект дома 46-31, Фасады домов с планами, дом с мастер-спальней, планировка с мастер-спальней, приватная спальня, гардеробная при спальне, поэтажные планы, фасады дома, готовый проект дома, catalog-plans.ru, дом 291,26 м², монолит, современный"
Дом №46-41: приватная зона в планировке,https://raw.githubusercontent.com/nemchenik/test/catalog-plans-pinterest-assets/pinterest/generated_batch_38_master_bedroom_video/46-41.mp4,Готовые проекты домов с чертежами,00:01,"Проект дома №46-41. Ролик начинается с архитектуры дома и переходит к приватной зоне планировки. Все изображения получены непосредственно из карточки соответствующего проекта. Параметры проекта: площадь 277,25 м²; 2 этажа; габариты 13.15×17.05 м; материал — кирпич; стиль — современный. На сайте доступны все планы, характеристики и состав проектной документации.",https://catalog-plans.ru/catalog/46-41?utm_source=pinterest&utm_medium=organic&utm_campaign=generated_master_bedroom_video_batch_38&utm_content=pin_7001_46-41_facade_to_private_zone&utm_term=gotovye-proekty-domov-s-chertezhami,,"проект дома 46-41, Готовые проекты домов с чертежами, дом с мастер-спальней, планировка с мастер-спальней, приватная спальня, гардеробная при спальне, поэтажные планы, фасады дома, готовый проект дома, catalog-plans.ru, дом 277,25 м², кирпич, современный"
Проект №48-24BDL: дом с мастер-спальней в видео,https://raw.githubusercontent.com/nemchenik/test/catalog-plans-pinterest-assets/pinterest/generated_batch_38_master_bedroom_video/48-24BDL.mp4,Двухэтажные дома с мастер-спальней,00:01,"Проект дома №48-24BDL. В коротком обзоре собраны визуализация, фасады и реальный поэтажный план. Мастер-спальня создаёт отдельную приватную зону для владельцев дома. Параметры проекта: площадь 259,34 м²; 2 этажа; габариты 15.78×18.7 м; материал — кирпич; стиль — современный. Перейдите к карточке дома и проверьте, подходит ли планировка вашей семье.",https://catalog-plans.ru/catalog/48-24BDL?utm_source=pinterest&utm_medium=organic&utm_campaign=generated_master_bedroom_video_batch_38&utm_content=pin_7002_48-24bdl_family_plan_story&utm_term=dvuhetazhnye-doma-s-master-spalney,,"проект дома 48-24BDL, Двухэтажные дома с мастер-спальней, дом с мастер-спальней, планировка с мастер-спальней, приватная спальня, гардеробная при спальне, поэтажные планы, фасады дома, готовый проект дома, catalog-plans.ru, дом 259,34 м², кирпич, современный"
Дом №48-24GHAL: планировка с приватной спальней,https://raw.githubusercontent.com/nemchenik/test/catalog-plans-pinterest-assets/pinterest/generated_batch_38_master_bedroom_video/48-24GHAL.mp4,Проекты домов с мастер-спальней,00:01,"Проект дома №48-24GHAL. Новый формат помогает оценить дом и расположение мастер-спальни в общей планировке. План этажа помогает сопоставить приватную спальню с остальными помещениями. Параметры проекта: площадь 276,35 м²; 2 этажа; габариты 15.34×16.24 м; материал — газобетон; стиль — современный. Сравните этот вариант с другими домами из подборки с мастер-спальней.",https://catalog-plans.ru/catalog/48-24GHAL?utm_source=pinterest&utm_medium=organic&utm_campaign=generated_master_bedroom_video_batch_38&utm_content=pin_7003_48-24ghal_master_bedroom_focus&utm_term=proekty-domov-s-master-spalney,,"проект дома 48-24GHAL, Проекты домов с мастер-спальней, дом с мастер-спальней, планировка с мастер-спальней, приватная спальня, гардеробная при спальне, поэтажные планы, фасады дома, готовый проект дома, catalog-plans.ru, дом 276,35 м², газобетон, современный"
Проект дома №57-21H: мастер-спальня и фасады,https://raw.githubusercontent.com/nemchenik/test/catalog-plans-pinterest-assets/pinterest/generated_batch_38_master_bedroom_video/57-21H.mp4,Планировки домов с мастер-спальней,00:01,"Проект дома №57-21H. Видео показывает дом, его фасады и планировку с мастер-спальней. Проект взят из подборки домов с мастер-спальней на catalog-plans.ru. Параметры проекта: площадь 217,82 м²; 2 этажа; габариты 14.9×15.4 м; материал — газобетон; стиль — современный. Откройте проект, чтобы подробно рассмотреть помещения, размеры и фасады.",https://catalog-plans.ru/catalog/57-21H?utm_source=pinterest&utm_medium=organic&utm_campaign=generated_master_bedroom_video_batch_38&utm_content=pin_7004_57-21h_master_suite_reveal&utm_term=planirovki-domov-s-master-spalney,,"проект дома 57-21H, Планировки домов с мастер-спальней, дом с мастер-спальней, планировка с мастер-спальней, приватная спальня, гардеробная при спальне, поэтажные планы, фасады дома, готовый проект дома, catalog-plans.ru, дом 217,82 м², газобетон, современный"
Дом №57-33DAL: видео планировки для семьи,https://raw.githubusercontent.com/nemchenik/test/catalog-plans-pinterest-assets/pinterest/generated_batch_38_master_bedroom_video/57-33DAL.mp4,Дома для семьи с планировкой,00:01,"Проект дома №57-33DAL. Ролик начинается с архитектуры дома и переходит к приватной зоне планировки. Все изображения получены непосредственно из карточки соответствующего проекта. Параметры проекта: площадь 316,42 м²; 3 этажа; габариты 13.93×14.96 м; материал — газобетон; стиль — американский. На сайте доступны все планы, характеристики и состав проектной документации.",https://catalog-plans.ru/catalog/57-33DAL?utm_source=pinterest&utm_medium=organic&utm_campaign=generated_master_bedroom_video_batch_38&utm_content=pin_7005_57-33dal_facade_to_private_zone&utm_term=doma-dlya-semi-s-planirovkoy,,"проект дома 57-33DAL, Дома для семьи с планировкой, дом с мастер-спальней, планировка с мастер-спальней, приватная спальня, гардеробная при спальне, поэтажные планы, фасады дома, готовый проект дома, catalog-plans.ru, дом 316,42 м², газобетон, американский"
Проект №57-60EAKL: фасады и мастер-спальня,https://raw.githubusercontent.com/nemchenik/test/catalog-plans-pinterest-assets/pinterest/generated_batch_38_master_bedroom_video/57-60EAKL.mp4,Дома для семьи с планировкой,00:01,"Проект дома №57-60EAKL. В коротком обзоре собраны визуализация, фасады и реальный поэтажный план. Мастер-спальня создаёт отдельную приватную зону для владельцев дома. Параметры проекта: площадь 307,82 м²; 2 этажа; габариты 15.02×20.07 м; материал — кирпич; стиль — европейский. Перейдите к карточке дома и проверьте, подходит ли планировка вашей семье.",https://catalog-plans.ru/catalog/57-60EAKL?utm_source=pinterest&utm_medium=organic&utm_campaign=generated_master_bedroom_video_batch_38&utm_content=pin_7006_57-60eakl_family_plan_story&utm_term=doma-dlya-semi-s-planirovkoy,,"проект дома 57-60EAKL, Дома для семьи с планировкой, дом с мастер-спальней, планировка с мастер-спальней, приватная спальня, гардеробная при спальне, поэтажные планы, фасады дома, готовый проект дома, catalog-plans.ru, дом 307,82 м², кирпич, европейский"
Дом №57-84D: приватная зона в планировке,https://raw.githubusercontent.com/nemchenik/test/catalog-plans-pinterest-assets/pinterest/generated_batch_38_master_bedroom_video/57-84D.mp4,Фасады домов с планами,00:01,"Проект дома №57-84D. Новый формат помогает оценить дом и расположение мастер-спальни в общей планировке. План этажа помогает сопоставить приватную спальню с остальными помещениями. Параметры проекта: площадь 208,75 м²; 2 этажа; габариты 10×16.01 м; материал — газобетон; стиль — скандинавский. Сравните этот вариант с другими домами из подборки с мастер-спальней.",https://catalog-plans.ru/catalog/57-84D?utm_source=pinterest&utm_medium=organic&utm_campaign=generated_master_bedroom_video_batch_38&utm_content=pin_7007_57-84d_master_bedroom_focus&utm_term=fasady-domov-s-planami,,"проект дома 57-84D, Фасады домов с планами, дом с мастер-спальней, планировка с мастер-спальней, приватная спальня, гардеробная при спальне, поэтажные планы, фасады дома, готовый проект дома, catalog-plans.ru, дом 208,75 м², газобетон, скандинавский"
Проект №58-92EL: дом с мастер-спальней в видео,https://raw.githubusercontent.com/nemchenik/test/catalog-plans-pinterest-assets/pinterest/generated_batch_38_master_bedroom_video/58-92EL.mp4,Готовые проекты домов с чертежами,00:01,"Проект дома №58-92EL. Видео показывает дом, его фасады и планировку с мастер-спальней. Проект взят из подборки домов с мастер-спальней на catalog-plans.ru. Параметры проекта: площадь 165,02 м²; 2 этажа; габариты 11.87×12.09 м; материал — газобетон; стиль — стиль Райта. Откройте проект, чтобы подробно рассмотреть помещения, размеры и фасады.",https://catalog-plans.ru/catalog/58-92EL?utm_source=pinterest&utm_medium=organic&utm_campaign=generated_master_bedroom_video_batch_38&utm_content=pin_7008_58-92el_master_suite_reveal&utm_term=gotovye-proekty-domov-s-chertezhami,,"проект дома 58-92EL, Готовые проекты домов с чертежами, дом с мастер-спальней, планировка с мастер-спальней, приватная спальня, гардеробная при спальне, поэтажные планы, фасады дома, готовый проект дома, catalog-plans.ru, дом 165,02 м², газобетон, стиль Райта"
Дом №62-16B: планировка с приватной спальней,https://raw.githubusercontent.com/nemchenik/test/catalog-plans-pinterest-assets/pinterest/generated_batch_38_master_bedroom_video/62-16B.mp4,Двухэтажные дома с мастер-спальней,00:01,"Проект дома №62-16B. Ролик начинается с архитектуры дома и переходит к приватной зоне планировки. Все изображения получены непосредственно из карточки соответствующего проекта. Параметры проекта: площадь 207,56 м²; 2 этажа; габариты 15×15 м; материал — газобетон; стиль — хай-тек. На сайте доступны все планы, характеристики и состав проектной документации.",https://catalog-plans.ru/catalog/62-16B?utm_source=pinterest&utm_medium=organic&utm_campaign=generated_master_bedroom_video_batch_38&utm_content=pin_7009_62-16b_facade_to_private_zone&utm_term=dvuhetazhnye-doma-s-master-spalney,,"проект дома 62-16B, Двухэтажные дома с мастер-спальней, дом с мастер-спальней, планировка с мастер-спальней, приватная спальня, гардеробная при спальне, поэтажные планы, фасады дома, готовый проект дома, catalog-plans.ru, дом 207,56 м², газобетон, хай-тек"
Проект дома №62-72B: мастер-спальня и фасады,https://raw.githubusercontent.com/nemchenik/test/catalog-plans-pinterest-assets/pinterest/generated_batch_38_master_bedroom_video/62-72B.mp4,Проекты домов с мастер-спальней,00:01,"Проект дома №62-72B. В коротком обзоре собраны визуализация, фасады и реальный поэтажный план. Мастер-спальня создаёт отдельную приватную зону для владельцев дома. Параметры проекта: площадь 369,11 м²; 2 этажа; габариты 16.81×17.81 м; материал — газобетон; стиль — хай-тек. Перейдите к карточке дома и проверьте, подходит ли планировка вашей семье.",https://catalog-plans.ru/catalog/62-72B?utm_source=pinterest&utm_medium=organic&utm_campaign=generated_master_bedroom_video_batch_38&utm_content=pin_7010_62-72b_family_plan_story&utm_term=proekty-domov-s-master-spalney,,"проект дома 62-72B, Проекты домов с мастер-спальней, дом с мастер-спальней, планировка с мастер-спальней, приватная спальня, гардеробная при спальне, поэтажные планы, фасады дома, готовый проект дома, catalog-plans.ru, дом 369,11 м², газобетон, хай-тек"
Дом №62-88: видео планировки для семьи,https://raw.githubusercontent.com/nemchenik/test/catalog-plans-pinterest-assets/pinterest/generated_batch_38_master_bedroom_video/62-88.mp4,Планировки домов с мастер-спальней,00:01,"Проект дома №62-88. Новый формат помогает оценить дом и расположение мастер-спальни в общей планировке. План этажа помогает сопоставить приватную спальню с остальными помещениями. Параметры проекта: площадь 288,47 м²; 2 этажа; габариты 13.61×15.79 м; материал — газобетон; стиль — современный. Сравните этот вариант с другими домами из подборки с мастер-спальней.",https://catalog-plans.ru/catalog/62-88?utm_source=pinterest&utm_medium=organic&utm_campaign=generated_master_bedroom_video_batch_38&utm_content=pin_7011_62-88_master_bedroom_focus&utm_term=planirovki-domov-s-master-spalney,,"проект дома 62-88, Планировки домов с мастер-спальней, дом с мастер-спальней, планировка с мастер-спальней, приватная спальня, гардеробная при спальне, поэтажные планы, фасады дома, готовый проект дома, catalog-plans.ru, дом 288,47 м², газобетон, современный"
Проект №63-09ABL: фасады и мастер-спальня,https://raw.githubusercontent.com/nemchenik/test/catalog-plans-pinterest-assets/pinterest/generated_batch_38_master_bedroom_video/63-09ABL.mp4,Мастер-спальня в частном доме,00:01,"Проект дома №63-09ABL. Видео показывает дом, его фасады и планировку с мастер-спальней. Проект взят из подборки домов с мастер-спальней на catalog-plans.ru. Параметры проекта: площадь 206,85 м²; 2 этажа; габариты 11.28×16.73 м; материал — газобетон; стиль — стиль Райта. Откройте проект, чтобы подробно рассмотреть помещения, размеры и фасады.",https://catalog-plans.ru/catalog/63-09ABL?utm_source=pinterest&utm_medium=organic&utm_campaign=generated_master_bedroom_video_batch_38&utm_content=pin_7012_63-09abl_master_suite_reveal&utm_term=master-spalnya-v-chastnom-dome,,"проект дома 63-09ABL, Мастер-спальня в частном доме, дом с мастер-спальней, планировка с мастер-спальней, приватная спальня, гардеробная при спальне, поэтажные планы, фасады дома, готовый проект дома, catalog-plans.ru, дом 206,85 м², газобетон, стиль Райта"
Дом №63-20: приватная зона в планировке,https://raw.githubusercontent.com/nemchenik/test/catalog-plans-pinterest-assets/pinterest/generated_batch_38_master_bedroom_video/63-20.mp4,Готовые проекты домов с чертежами,00:01,"Проект дома №63-20. Ролик начинается с архитектуры дома и переходит к приватной зоне планировки. Все изображения получены непосредственно из карточки соответствующего проекта. Параметры проекта: площадь 152,85 м²; 3 этажа; габариты 11.5×13.9 м; материал — монолитный каркас; стиль — современный. На сайте доступны все планы, характеристики и состав проектной документации.",https://catalog-plans.ru/catalog/63-20?utm_source=pinterest&utm_medium=organic&utm_campaign=generated_master_bedroom_video_batch_38&utm_content=pin_7013_63-20_facade_to_private_zone&utm_term=gotovye-proekty-domov-s-chertezhami,,"проект дома 63-20, Готовые проекты домов с чертежами, дом с мастер-спальней, планировка с мастер-спальней, приватная спальня, гардеробная при спальне, поэтажные планы, фасады дома, готовый проект дома, catalog-plans.ru, дом 152,85 м², монолитный каркас, современный"
Проект №63-32: дом с мастер-спальней в видео,https://raw.githubusercontent.com/nemchenik/test/catalog-plans-pinterest-assets/pinterest/generated_batch_38_master_bedroom_video/63-32.mp4,Фасады домов с планами,00:01,"Проект дома №63-32. В коротком обзоре собраны визуализация, фасады и реальный поэтажный план. Мастер-спальня создаёт отдельную приватную зону для владельцев дома. Параметры проекта: площадь 148,58 м²; 1 этаж; габариты 15.06×15.12 м; материал — монолитный каркас; стиль — английский. Перейдите к карточке дома и проверьте, подходит ли планировка вашей семье.",https://catalog-plans.ru/catalog/63-32?utm_source=pinterest&utm_medium=organic&utm_campaign=generated_master_bedroom_video_batch_38&utm_content=pin_7014_63-32_family_plan_story&utm_term=fasady-domov-s-planami,,"проект дома 63-32, Фасады домов с планами, дом с мастер-спальней, планировка с мастер-спальней, приватная спальня, гардеробная при спальне, поэтажные планы, фасады дома, готовый проект дома, catalog-plans.ru, дом 148,58 м², монолитный каркас, английский"
Дом №63-49: планировка с приватной спальней,https://raw.githubusercontent.com/nemchenik/test/catalog-plans-pinterest-assets/pinterest/generated_batch_38_master_bedroom_video/63-49.mp4,Готовые проекты домов с чертежами,00:01,"Проект дома №63-49. Новый формат помогает оценить дом и расположение мастер-спальни в общей планировке. План этажа помогает сопоставить приватную спальню с остальными помещениями. Параметры проекта: площадь 127,4 м²; 2 этажа; габариты 8.52×9.5 м; материал — кирпич; стиль — современный. Сравните этот вариант с другими домами из подборки с мастер-спальней.",https://catalog-plans.ru/catalog/63-49?utm_source=pinterest&utm_medium=organic&utm_campaign=generated_master_bedroom_video_batch_38&utm_content=pin_7015_63-49_master_bedroom_focus&utm_term=gotovye-proekty-domov-s-chertezhami,,"проект дома 63-49, Готовые проекты домов с чертежами, дом с мастер-спальней, планировка с мастер-спальней, приватная спальня, гардеробная при спальне, поэтажные планы, фасады дома, готовый проект дома, catalog-plans.ru, дом 127,4 м², кирпич, современный"
Проект дома №63-54: мастер-спальня и фасады,https://raw.githubusercontent.com/nemchenik/test/catalog-plans-pinterest-assets/pinterest/generated_batch_38_master_bedroom_video/63-54.mp4,Двухэтажные дома с мастер-спальней,00:01,"Проект дома №63-54. Видео показывает дом, его фасады и планировку с мастер-спальней. Проект взят из подборки домов с мастер-спальней на catalog-plans.ru. Параметры проекта: площадь 327,94 м²; 2 этажа; габариты 19.01×19.13 м; материал — газобетон; стиль — стиль Райта. Откройте проект, чтобы подробно рассмотреть помещения, размеры и фасады.",https://catalog-plans.ru/catalog/63-54?utm_source=pinterest&utm_medium=organic&utm_campaign=generated_master_bedroom_video_batch_38&utm_content=pin_7016_63-54_master_suite_reveal&utm_term=dvuhetazhnye-doma-s-master-spalney,,"проект дома 63-54, Двухэтажные дома с мастер-спальней, дом с мастер-спальней, планировка с мастер-спальней, приватная спальня, гардеробная при спальне, поэтажные планы, фасады дома, готовый проект дома, catalog-plans.ru, дом 327,94 м², газобетон, стиль Райта"
Дом №63-79L: видео планировки для семьи,https://raw.githubusercontent.com/nemchenik/test/catalog-plans-pinterest-assets/pinterest/generated_batch_38_master_bedroom_video/63-79L.mp4,Проекты домов с мастер-спальней,00:01,"Проект дома №63-79L. Ролик начинается с архитектуры дома и переходит к приватной зоне планировки. Все изображения получены непосредственно из карточки соответствующего проекта. Параметры проекта: площадь 318,38 м²; 2 этажа; габариты 15.53×22.4 м; материал — газобетон; стиль — стиль Райта. На сайте доступны все планы, характеристики и состав проектной документации.",https://catalog-plans.ru/catalog/63-79L?utm_source=pinterest&utm_medium=organic&utm_campaign=generated_master_bedroom_video_batch_38&utm_content=pin_7017_63-79l_facade_to_private_zone&utm_term=proekty-domov-s-master-spalney,,"проект дома 63-79L, Проекты домов с мастер-спальней, дом с мастер-спальней, планировка с мастер-спальней, приватная спальня, гардеробная при спальне, поэтажные планы, фасады дома, готовый проект дома, catalog-plans.ru, дом 318,38 м², газобетон, стиль Райта"
Проект №63-90: фасады и мастер-спальня,https://raw.githubusercontent.com/nemchenik/test/catalog-plans-pinterest-assets/pinterest/generated_batch_38_master_bedroom_video/63-90.mp4,Планировки домов с мастер-спальней,00:01,"Проект дома №63-90. В коротком обзоре собраны визуализация, фасады и реальный поэтажный план. Мастер-спальня создаёт отдельную приватную зону для владельцев дома. Параметры проекта: площадь 180,98 м²; 2 этажа; габариты 10.28×14.92 м; материал — монолитный каркас; стиль — стиль Райта. Перейдите к карточке дома и проверьте, подходит ли планировка вашей семье.",https://catalog-plans.ru/catalog/63-90?utm_source=pinterest&utm_medium=organic&utm_campaign=generated_master_bedroom_video_batch_38&utm_content=pin_7018_63-90_family_plan_story&utm_term=planirovki-domov-s-master-spalney,,"проект дома 63-90, Планировки домов с мастер-спальней, дом с мастер-спальней, планировка с мастер-спальней, приватная спальня, гардеробная при спальне, поэтажные планы, фасады дома, готовый проект дома, catalog-plans.ru, дом 180,98 м², монолитный каркас, стиль Райта"
Дом №40-11VAK1L: приватная зона в планировке,https://raw.githubusercontent.com/nemchenik/test/catalog-plans-pinterest-assets/pinterest/generated_batch_38_master_bedroom_video/40-11VAK1L.mp4,Мастер-спальня в частном доме,00:01,"Проект дома №40-11VAK1L. Новый формат помогает оценить дом и расположение мастер-спальни в общей планировке. План этажа помогает сопоставить приватную спальню с остальными помещениями. Параметры проекта: площадь 267,41 м²; 2 этажа; габариты 14.73×15.78 м; материал — кирпич; стиль — европейский. Сравните этот вариант с другими домами из подборки с мастер-спальней.",https://catalog-plans.ru/catalog/40-11VAK1L?utm_source=pinterest&utm_medium=organic&utm_campaign=generated_master_bedroom_video_batch_38&utm_content=pin_7019_40-11vak1l_master_bedroom_focus&utm_term=master-spalnya-v-chastnom-dome,,"проект дома 40-11VAK1L, Мастер-спальня в частном доме, дом с мастер-спальней, планировка с мастер-спальней, приватная спальня, гардеробная при спальне, поэтажные планы, фасады дома, готовый проект дома, catalog-plans.ru, дом 267,41 м², кирпич, европейский"
Проект №45-99K2L: дом с мастер-спальней в видео,https://raw.githubusercontent.com/nemchenik/test/catalog-plans-pinterest-assets/pinterest/generated_batch_38_master_bedroom_video/45-99K2L.mp4,Дома для семьи с планировкой,00:01,"Проект дома №45-99K2L. Видео показывает дом, его фасады и планировку с мастер-спальней. Проект взят из подборки домов с мастер-спальней на catalog-plans.ru. Параметры проекта: площадь 390,64 м²; 2 этажа; габариты 16.84×18.34 м; материал — кирпич. Откройте проект, чтобы подробно рассмотреть помещения, размеры и фасады.",https://catalog-plans.ru/catalog/45-99K2L?utm_source=pinterest&utm_medium=organic&utm_campaign=generated_master_bedroom_video_batch_38&utm_content=pin_7020_45-99k2l_master_suite_reveal&utm_term=doma-dlya-semi-s-planirovkoy,,"проект дома 45-99K2L, Дома для семьи с планировкой, дом с мастер-спальней, планировка с мастер-спальней, приватная спальня, гардеробная при спальне, поэтажные планы, фасады дома, готовый проект дома, catalog-plans.ru, дом 390,64 м², кирпич"
Дом №57-39HAK1L: планировка с приватной спальней,https://raw.githubusercontent.com/nemchenik/test/catalog-plans-pinterest-assets/pinterest/generated_batch_38_master_bedroom_video/57-39HAK1L.mp4,Планировки домов с мастер-спальней,00:01,"Проект дома №57-39HAK1L. Ролик начинается с архитектуры дома и переходит к приватной зоне планировки. Все изображения получены непосредственно из карточки соответствующего проекта. Параметры проекта: площадь 447,44 м²; 3 этажа; габариты 13.24×13.36 м; материал — кирпич; стиль — современный. На сайте доступны все планы, характеристики и состав проектной документации.",https://catalog-plans.ru/catalog/57-39HAK1L?utm_source=pinterest&utm_medium=organic&utm_campaign=generated_master_bedroom_video_batch_38&utm_content=pin_7021_57-39hak1l_facade_to_private_zone&utm_term=planirovki-domov-s-master-spalney,,"проект дома 57-39HAK1L, Планировки домов с мастер-спальней, дом с мастер-спальней, планировка с мастер-спальней, приватная спальня, гардеробная при спальне, поэтажные планы, фасады дома, готовый проект дома, catalog-plans.ru, дом 447,44 м², кирпич, современный"
Проект дома №62-50AK1L: мастер-спальня и фасады,https://raw.githubusercontent.com/nemchenik/test/catalog-plans-pinterest-assets/pinterest/generated_batch_38_master_bedroom_video/62-50AK1L.mp4,Готовые проекты домов с чертежами,00:01,"Проект дома №62-50AK1L. В коротком обзоре собраны визуализация, фасады и реальный поэтажный план. Мастер-спальня создаёт отдельную приватную зону для владельцев дома. Параметры проекта: площадь 309,57 м²; 2 этажа; габариты 14.97×16.22 м; материал — кирпич; стиль — современный. Перейдите к карточке дома и проверьте, подходит ли планировка вашей семье.",https://catalog-plans.ru/catalog/62-50AK1L?utm_source=pinterest&utm_medium=organic&utm_campaign=generated_master_bedroom_video_batch_38&utm_content=pin_7022_62-50ak1l_family_plan_story&utm_term=gotovye-proekty-domov-s-chertezhami,,"проект дома 62-50AK1L, Готовые проекты домов с чертежами, дом с мастер-спальней, планировка с мастер-спальней, приватная спальня, гардеробная при спальне, поэтажные планы, фасады дома, готовый проект дома, catalog-plans.ru, дом 309,57 м², кирпич, современный"
Дом №63-09BK2L: видео планировки для семьи,https://raw.githubusercontent.com/nemchenik/test/catalog-plans-pinterest-assets/pinterest/generated_batch_38_master_bedroom_video/63-09BK2L.mp4,Двухэтажные дома с мастер-спальней,00:01,"Проект дома №63-09BK2L. Новый формат помогает оценить дом и расположение мастер-спальни в общей планировке. План этажа помогает сопоставить приватную спальню с остальными помещениями. Параметры проекта: площадь 259,15 м²; 2 этажа; габариты 12.08×18.16 м; материал — кирпич; стиль — стиль Райта. Сравните этот вариант с другими домами из подборки с мастер-спальней.",https://catalog-plans.ru/catalog/63-09BK2L?utm_source=pinterest&utm_medium=organic&utm_campaign=generated_master_bedroom_video_batch_38&utm_content=pin_7023_63-09bk2l_master_bedroom_focus&utm_term=dvuhetazhnye-doma-s-master-spalney,,"проект дома 63-09BK2L, Двухэтажные дома с мастер-спальней, дом с мастер-спальней, планировка с мастер-спальней, приватная спальня, гардеробная при спальне, поэтажные планы, фасады дома, готовый проект дома, catalog-plans.ru, дом 259,15 м², кирпич, стиль Райта"
Проект №63-05A: фасады и мастер-спальня,https://raw.githubusercontent.com/nemchenik/test/catalog-plans-pinterest-assets/pinterest/generated_batch_38_master_bedroom_video/63-05A.mp4,Проекты домов с мастер-спальней,00:01,"Проект дома №63-05A. Видео показывает дом, его фасады и планировку с мастер-спальней. Проект взят из подборки домов с мастер-спальней на catalog-plans.ru. Параметры проекта: площадь 116,1 м²; 2 этажа; габариты 9.9×8.12 м; материал — монолитный каркас; стиль — американский. Откройте проект, чтобы подробно рассмотреть помещения, размеры и фасады.",https://catalog-plans.ru/catalog/63-05A?utm_source=pinterest&utm_medium=organic&utm_campaign=generated_master_bedroom_video_batch_38&utm_content=pin_7024_63-05a_master_suite_reveal&utm_term=proekty-domov-s-master-spalney,,"проект дома 63-05A, Проекты домов с мастер-спальней, дом с мастер-спальней, планировка с мастер-спальней, приватная спальня, гардеробная при спальне, поэтажные планы, фасады дома, готовый проект дома, catalog-plans.ru, дом 116,1 м², монолитный каркас, американский"
Дом №46-00L: приватная зона в планировке,https://raw.githubusercontent.com/nemchenik/test/catalog-plans-pinterest-assets/pinterest/generated_batch_38_master_bedroom_video/46-00L.mp4,Планировки домов с мастер-спальней,00:01,"Проект дома №46-00L. Ролик начинается с архитектуры дома и переходит к приватной зоне планировки. Все изображения получены непосредственно из карточки соответствующего проекта. Параметры проекта: площадь 216,6 м²; 2 этажа; габариты 13.98×14.42 м; материал — кирпич. На сайте доступны все планы, характеристики и состав проектной документации.",https://catalog-plans.ru/catalog/46-00L?utm_source=pinterest&utm_medium=organic&utm_campaign=generated_master_bedroom_video_batch_38&utm_content=pin_7025_46-00l_facade_to_private_zone&utm_term=planirovki-domov-s-master-spalney,,"проект дома 46-00L, Планировки домов с мастер-спальней, дом с мастер-спальней, планировка с мастер-спальней, приватная спальня, гардеробная при спальне, поэтажные планы, фасады дома, готовый проект дома, catalog-plans.ru, дом 216,6 м², кирпич"
Проект №40-98AL: дом с мастер-спальней в видео,https://raw.githubusercontent.com/nemchenik/test/catalog-plans-pinterest-assets/pinterest/generated_batch_38_master_bedroom_video/40-98AL.mp4,Проекты домов с мастер-спальней,00:01,"Проект дома №40-98AL. В коротком обзоре собраны визуализация, фасады и реальный поэтажный план. Мастер-спальня создаёт отдельную приватную зону для владельцев дома. Параметры проекта: площадь 182,01 м²; 3 этажа; габариты 11.5×11.5 м; материал — кирпич; стиль — английский. Перейдите к карточке дома и проверьте, подходит ли планировка вашей семье.",https://catalog-plans.ru/catalog/40-98AL?utm_source=pinterest&utm_medium=organic&utm_campaign=generated_master_bedroom_video_batch_38&utm_content=pin_7026_40-98al_family_plan_story&utm_term=proekty-domov-s-master-spalney,,"проект дома 40-98AL, Проекты домов с мастер-спальней, дом с мастер-спальней, планировка с мастер-спальней, приватная спальня, гардеробная при спальне, поэтажные планы, фасады дома, готовый проект дома, catalog-plans.ru, дом 182,01 м², кирпич, английский"
Дом №45-69AL: планировка с приватной спальней,https://raw.githubusercontent.com/nemchenik/test/catalog-plans-pinterest-assets/pinterest/generated_batch_38_master_bedroom_video/45-69AL.mp4,Дома для семьи с планировкой,00:01,"Проект дома №45-69AL. Новый формат помогает оценить дом и расположение мастер-спальни в общей планировке. План этажа помогает сопоставить приватную спальню с остальными помещениями. Параметры проекта: площадь 628,16 м²; 2 этажа; габариты 17.14×22.22 м; материал — кирпич; стиль — американский. Сравните этот вариант с другими домами из подборки с мастер-спальней.",https://catalog-plans.ru/catalog/45-69AL?utm_source=pinterest&utm_medium=organic&utm_campaign=generated_master_bedroom_video_batch_38&utm_content=pin_7027_45-69al_master_bedroom_focus&utm_term=doma-dlya-semi-s-planirovkoy,,"проект дома 45-69AL, Дома для семьи с планировкой, дом с мастер-спальней, планировка с мастер-спальней, приватная спальня, гардеробная при спальне, поэтажные планы, фасады дома, готовый проект дома, catalog-plans.ru, дом 628,16 м², кирпич, американский"
Проект дома №46-10L: мастер-спальня и фасады,https://raw.githubusercontent.com/nemchenik/test/catalog-plans-pinterest-assets/pinterest/generated_batch_38_master_bedroom_video/46-10L.mp4,Фасады домов с планами,00:01,"Проект дома №46-10L. Видео показывает дом, его фасады и планировку с мастер-спальней. Проект взят из подборки домов с мастер-спальней на catalog-plans.ru. Параметры проекта: площадь 281,99 м²; 2 этажа; габариты 18.82×20.82 м; материал — кирпич; стиль — стиль Райта. Откройте проект, чтобы подробно рассмотреть помещения, размеры и фасады.",https://catalog-plans.ru/catalog/46-10L?utm_source=pinterest&utm_medium=organic&utm_campaign=generated_master_bedroom_video_batch_38&utm_content=pin_7028_46-10l_master_suite_reveal&utm_term=fasady-domov-s-planami,,"проект дома 46-10L, Фасады домов с планами, дом с мастер-спальней, планировка с мастер-спальней, приватная спальня, гардеробная при спальне, поэтажные планы, фасады дома, готовый проект дома, catalog-plans.ru, дом 281,99 м², кирпич, стиль Райта"
Дом №62-65A: видео планировки для семьи,https://raw.githubusercontent.com/nemchenik/test/catalog-plans-pinterest-assets/pinterest/generated_batch_38_master_bedroom_video/62-65A.mp4,Готовые проекты домов с чертежами,00:01,"Проект дома №62-65A. Ролик начинается с архитектуры дома и переходит к приватной зоне планировки. Все изображения получены непосредственно из карточки соответствующего проекта. Параметры проекта: площадь 366,25 м²; 2 этажа; габариты 17.61×19.46 м; материал — газобетон; стиль — хай-тек. На сайте доступны все планы, характеристики и состав проектной документации.",https://catalog-plans.ru/catalog/62-65A?utm_source=pinterest&utm_medium=organic&utm_campaign=generated_master_bedroom_video_batch_38&utm_content=pin_7029_62-65a_facade_to_private_zone&utm_term=gotovye-proekty-domov-s-chertezhami,,"проект дома 62-65A, Готовые проекты домов с чертежами, дом с мастер-спальней, планировка с мастер-спальней, приватная спальня, гардеробная при спальне, поэтажные планы, фасады дома, готовый проект дома, catalog-plans.ru, дом 366,25 м², газобетон, хай-тек"
Проект №62-78D: фасады и мастер-спальня,https://raw.githubusercontent.com/nemchenik/test/catalog-plans-pinterest-assets/pinterest/generated_batch_38_master_bedroom_video/62-78D.mp4,Одноэтажные дома с мастер-спальней,00:01,"Проект дома №62-78D. В коротком обзоре собраны визуализация, фасады и реальный поэтажный план. Мастер-спальня создаёт отдельную приватную зону для владельцев дома. Параметры проекта: площадь 168,44 м²; 1 этаж; габариты 18.395×19.69 м; материал — газобетон; стиль — хай-тек. Перейдите к карточке дома и проверьте, подходит ли планировка вашей семье.",https://catalog-plans.ru/catalog/62-78D?utm_source=pinterest&utm_medium=organic&utm_campaign=generated_master_bedroom_video_batch_38&utm_content=pin_7030_62-78d_family_plan_story&utm_term=odnoetazhnye-doma-s-master-spalney,,"проект дома 62-78D, Одноэтажные дома с мастер-спальней, дом с мастер-спальней, планировка с мастер-спальней, приватная спальня, гардеробная при спальне, поэтажные планы, фасады дома, готовый проект дома, catalog-plans.ru, дом 168,44 м², газобетон, хай-тек"
Дом №40-93DL: приватная зона в планировке,https://raw.githubusercontent.com/nemchenik/test/catalog-plans-pinterest-assets/pinterest/generated_batch_38_master_bedroom_video/40-93DL.mp4,Готовые проекты домов с чертежами,00:01,"Проект дома №40-93DL. Новый формат помогает оценить дом и расположение мастер-спальни в общей планировке. План этажа помогает сопоставить приватную спальню с остальными помещениями. Параметры проекта: площадь 738,46 м²; 3 этажа; габариты 22.54×24.54 м; материал — кирпич; стиль — хай-тек. Сравните этот вариант с другими домами из подборки с мастер-спальней.",https://catalog-plans.ru/catalog/40-93DL?utm_source=pinterest&utm_medium=organic&utm_campaign=generated_master_bedroom_video_batch_38&utm_content=pin_7031_40-93dl_master_bedroom_focus&utm_term=gotovye-proekty-domov-s-chertezhami,,"проект дома 40-93DL, Готовые проекты домов с чертежами, дом с мастер-спальней, планировка с мастер-спальней, приватная спальня, гардеробная при спальне, поэтажные планы, фасады дома, готовый проект дома, catalog-plans.ru, дом 738,46 м², кирпич, хай-тек"
Проект №63-23: дом с мастер-спальней в видео,https://raw.githubusercontent.com/nemchenik/test/catalog-plans-pinterest-assets/pinterest/generated_batch_38_master_bedroom_video/63-23.mp4,Планировки домов с мастер-спальней,00:01,"Проект дома №63-23. Видео показывает дом, его фасады и планировку с мастер-спальней. Проект взят из подборки домов с мастер-спальней на catalog-plans.ru. Параметры проекта: площадь 281,8 м²; 2 этажа; габариты 17.02×17.19 м; материал — газобетон; стиль — средневековый. Откройте проект, чтобы подробно рассмотреть помещения, размеры и фасады.",https://catalog-plans.ru/catalog/63-23?utm_source=pinterest&utm_medium=organic&utm_campaign=generated_master_bedroom_video_batch_38&utm_content=pin_7032_63-23_master_suite_reveal&utm_term=planirovki-domov-s-master-spalney,,"проект дома 63-23, Планировки домов с мастер-спальней, дом с мастер-спальней, планировка с мастер-спальней, приватная спальня, гардеробная при спальне, поэтажные планы, фасады дома, готовый проект дома, catalog-plans.ru, дом 281,8 м², газобетон, средневековый"
Дом №57-46XA: планировка с приватной спальней,https://raw.githubusercontent.com/nemchenik/test/catalog-plans-pinterest-assets/pinterest/generated_batch_38_master_bedroom_video/57-46XA.mp4,Мастер-спальня в частном доме,00:01,"Проект дома №57-46XA. Ролик начинается с архитектуры дома и переходит к приватной зоне планировки. Все изображения получены непосредственно из карточки соответствующего проекта. Параметры проекта: площадь 167,21 м²; 2 этажа; габариты 10.6×11.9 м; материал — арболитовые блоки 300; стиль — современный. На сайте доступны все планы, характеристики и состав проектной документации.",https://catalog-plans.ru/catalog/57-46XA?utm_source=pinterest&utm_medium=organic&utm_campaign=generated_master_bedroom_video_batch_38&utm_content=pin_7033_57-46xa_facade_to_private_zone&utm_term=master-spalnya-v-chastnom-dome,,"проект дома 57-46XA, Мастер-спальня в частном доме, дом с мастер-спальней, планировка с мастер-спальней, приватная спальня, гардеробная при спальне, поэтажные планы, фасады дома, готовый проект дома, catalog-plans.ru, дом 167,21 м², арболитовые блоки 300, современный"
Проект дома №58-09ACL: мастер-спальня и фасады,https://raw.githubusercontent.com/nemchenik/test/catalog-plans-pinterest-assets/pinterest/generated_batch_38_master_bedroom_video/58-09ACL.mp4,Дома для семьи с планировкой,00:01,"Проект дома №58-09ACL. В коротком обзоре собраны визуализация, фасады и реальный поэтажный план. Мастер-спальня создаёт отдельную приватную зону для владельцев дома. Параметры проекта: площадь 268,31 м²; 2 этажа; габариты 16.5×20 м; материал — газобетон; стиль — скандинавский. Перейдите к карточке дома и проверьте, подходит ли планировка вашей семье.",https://catalog-plans.ru/catalog/58-09ACL?utm_source=pinterest&utm_medium=organic&utm_campaign=generated_master_bedroom_video_batch_38&utm_content=pin_7034_58-09acl_family_plan_story&utm_term=doma-dlya-semi-s-planirovkoy,,"проект дома 58-09ACL, Дома для семьи с планировкой, дом с мастер-спальней, планировка с мастер-спальней, приватная спальня, гардеробная при спальне, поэтажные планы, фасады дома, готовый проект дома, catalog-plans.ru, дом 268,31 м², газобетон, скандинавский"
Дом №40-89E: видео планировки для семьи,https://raw.githubusercontent.com/nemchenik/test/catalog-plans-pinterest-assets/pinterest/generated_batch_38_master_bedroom_video/40-89E.mp4,Дома для семьи с планировкой,00:01,"Проект дома №40-89E. Новый формат помогает оценить дом и расположение мастер-спальни в общей планировке. План этажа помогает сопоставить приватную спальню с остальными помещениями. Параметры проекта: площадь 953,87 м²; 3 этажа; габариты 23.44×40.67 м; материал — монолитный каркас; стиль — хай-тек. Сравните этот вариант с другими домами из подборки с мастер-спальней.",https://catalog-plans.ru/catalog/40-89E?utm_source=pinterest&utm_medium=organic&utm_campaign=generated_master_bedroom_video_batch_38&utm_content=pin_7035_40-89e_master_bedroom_focus&utm_term=doma-dlya-semi-s-planirovkoy,,"проект дома 40-89E, Дома для семьи с планировкой, дом с мастер-спальней, планировка с мастер-спальней, приватная спальня, гардеробная при спальне, поэтажные планы, фасады дома, готовый проект дома, catalog-plans.ru, дом 953,87 м², монолитный каркас, хай-тек"
Проект №48-31GA: фасады и мастер-спальня,https://raw.githubusercontent.com/nemchenik/test/catalog-plans-pinterest-assets/pinterest/generated_batch_38_master_bedroom_video/48-31GA.mp4,Фасады домов с планами,00:01,"Проект дома №48-31GA. Видео показывает дом, его фасады и планировку с мастер-спальней. Проект взят из подборки домов с мастер-спальней на catalog-plans.ru. Параметры проекта: площадь 345,4 м²; 3 этажа; габариты 16.45×19.98 м; материал — газобетон; стиль — европейский. Откройте проект, чтобы подробно рассмотреть помещения, размеры и фасады.",https://catalog-plans.ru/catalog/48-31GA?utm_source=pinterest&utm_medium=organic&utm_campaign=generated_master_bedroom_video_batch_38&utm_content=pin_7036_48-31ga_master_suite_reveal&utm_term=fasady-domov-s-planami,,"проект дома 48-31GA, Фасады домов с планами, дом с мастер-спальней, планировка с мастер-спальней, приватная спальня, гардеробная при спальне, поэтажные планы, фасады дома, готовый проект дома, catalog-plans.ru, дом 345,4 м², газобетон, европейский"
Дом №48-30FKL: приватная зона в планировке,https://raw.githubusercontent.com/nemchenik/test/catalog-plans-pinterest-assets/pinterest/generated_batch_38_master_bedroom_video/48-30FKL.mp4,Двухэтажные дома с мастер-спальней,00:01,"Проект дома №48-30FKL. Ролик начинается с архитектуры дома и переходит к приватной зоне планировки. Все изображения получены непосредственно из карточки соответствующего проекта. Параметры проекта: площадь 368,45 м²; 2 этажа; габариты 18.05×27.77 м; материал — кирпич; стиль — европейский. На сайте доступны все планы, характеристики и состав проектной документации.",https://catalog-plans.ru/catalog/48-30FKL?utm_source=pinterest&utm_medium=organic&utm_campaign=generated_master_bedroom_video_batch_38&utm_content=pin_7037_48-30fkl_facade_to_private_zone&utm_term=dvuhetazhnye-doma-s-master-spalney,,"проект дома 48-30FKL, Двухэтажные дома с мастер-спальней, дом с мастер-спальней, планировка с мастер-спальней, приватная спальня, гардеробная при спальне, поэтажные планы, фасады дома, готовый проект дома, catalog-plans.ru, дом 368,45 м², кирпич, европейский"
Проект №62-90: дом с мастер-спальней в видео,https://raw.githubusercontent.com/nemchenik/test/catalog-plans-pinterest-assets/pinterest/generated_batch_38_master_bedroom_video/62-90.mp4,Проекты домов с мастер-спальней,00:01,"Проект дома №62-90. В коротком обзоре собраны визуализация, фасады и реальный поэтажный план. Мастер-спальня создаёт отдельную приватную зону для владельцев дома. Параметры проекта: площадь 320,52 м²; 3 этажа; габариты 10×12 м; материал — монолитный каркас. Перейдите к карточке дома и проверьте, подходит ли планировка вашей семье.",https://catalog-plans.ru/catalog/62-90?utm_source=pinterest&utm_medium=organic&utm_campaign=generated_master_bedroom_video_batch_38&utm_content=pin_7038_62-90_family_plan_story&utm_term=proekty-domov-s-master-spalney,,"проект дома 62-90, Проекты домов с мастер-спальней, дом с мастер-спальней, планировка с мастер-спальней, приватная спальня, гардеробная при спальне, поэтажные планы, фасады дома, готовый проект дома, catalog-plans.ru, дом 320,52 м², монолитный каркас"
Дом №45-64HGL: планировка с приватной спальней,https://raw.githubusercontent.com/nemchenik/test/catalog-plans-pinterest-assets/pinterest/generated_batch_38_master_bedroom_video/45-64HGL.mp4,Планировки домов с мастер-спальней,00:01,"Проект дома №45-64HGL. Новый формат помогает оценить дом и расположение мастер-спальни в общей планировке. План этажа помогает сопоставить приватную спальню с остальными помещениями. Параметры проекта: площадь 193,13 м²; 2 этажа; габариты 11.93×14.9 м; материал — газобетон; стиль — стиль Райта. Сравните этот вариант с другими домами из подборки с мастер-спальней.",https://catalog-plans.ru/catalog/45-64HGL?utm_source=pinterest&utm_medium=organic&utm_campaign=generated_master_bedroom_video_batch_38&utm_content=pin_7039_45-64hgl_master_bedroom_focus&utm_term=planirovki-domov-s-master-spalney,,"проект дома 45-64HGL, Планировки домов с мастер-спальней, дом с мастер-спальней, планировка с мастер-спальней, приватная спальня, гардеробная при спальне, поэтажные планы, фасады дома, готовый проект дома, catalog-plans.ru, дом 193,13 м², газобетон, стиль Райта"
Проект дома №46-01: мастер-спальня и фасады,https://raw.githubusercontent.com/nemchenik/test/catalog-plans-pinterest-assets/pinterest/generated_batch_38_master_bedroom_video/46-01.mp4,Мастер-спальня в частном доме,00:01,"Проект дома №46-01. Видео показывает дом, его фасады и планировку с мастер-спальней. Проект взят из подборки домов с мастер-спальней на catalog-plans.ru. Параметры проекта: площадь 178,92 м²; 2 этажа; габариты 13.6×15.86 м; материал — кирпич; стиль — стиль Райта. Откройте проект, чтобы подробно рассмотреть помещения, размеры и фасады.",https://catalog-plans.ru/catalog/46-01?utm_source=pinterest&utm_medium=organic&utm_campaign=generated_master_bedroom_video_batch_38&utm_content=pin_7040_46-01_master_suite_reveal&utm_term=master-spalnya-v-chastnom-dome,,"проект дома 46-01, Мастер-спальня в частном доме, дом с мастер-спальней, планировка с мастер-спальней, приватная спальня, гардеробная при спальне, поэтажные планы, фасады дома, готовый проект дома, catalog-plans.ru, дом 178,92 м², кирпич, стиль Райта"
Дом №58-87RCL: видео планировки для семьи,https://raw.githubusercontent.com/nemchenik/test/catalog-plans-pinterest-assets/pinterest/generated_batch_38_master_bedroom_video/58-87RCL.mp4,Дома для семьи с планировкой,00:01,"Проект дома №58-87RCL. Ролик начинается с архитектуры дома и переходит к приватной зоне планировки. Все изображения получены непосредственно из карточки соответствующего проекта. Параметры проекта: площадь 351,29 м²; 2 этажа; габариты 15×18.1 м; материал — газобетон; стиль — стиль Райта. На сайте доступны все планы, характеристики и состав проектной документации.",https://catalog-plans.ru/catalog/58-87RCL?utm_source=pinterest&utm_medium=organic&utm_campaign=generated_master_bedroom_video_batch_38&utm_content=pin_7041_58-87rcl_facade_to_private_zone&utm_term=doma-dlya-semi-s-planirovkoy,,"проект дома 58-87RCL, Дома для семьи с планировкой, дом с мастер-спальней, планировка с мастер-спальней, приватная спальня, гардеробная при спальне, поэтажные планы, фасады дома, готовый проект дома, catalog-plans.ru, дом 351,29 м², газобетон, стиль Райта"
Проект №62-65: фасады и мастер-спальня,https://raw.githubusercontent.com/nemchenik/test/catalog-plans-pinterest-assets/pinterest/generated_batch_38_master_bedroom_video/62-65.mp4,Фасады домов с планами,00:01,"Проект дома №62-65. В коротком обзоре собраны визуализация, фасады и реальный поэтажный план. Мастер-спальня создаёт отдельную приватную зону для владельцев дома. Параметры проекта: площадь 203,75 м²; 2 этажа; габариты 16.85×17.46 м; материал — газобетон; стиль — хай-тек. Перейдите к карточке дома и проверьте, подходит ли планировка вашей семье.",https://catalog-plans.ru/catalog/62-65?utm_source=pinterest&utm_medium=organic&utm_campaign=generated_master_bedroom_video_batch_38&utm_content=pin_7042_62-65_family_plan_story&utm_term=fasady-domov-s-planami,,"проект дома 62-65, Фасады домов с планами, дом с мастер-спальней, планировка с мастер-спальней, приватная спальня, гардеробная при спальне, поэтажные планы, фасады дома, готовый проект дома, catalog-plans.ru, дом 203,75 м², газобетон, хай-тек"
Дом №40-93: приватная зона в планировке,https://raw.githubusercontent.com/nemchenik/test/catalog-plans-pinterest-assets/pinterest/generated_batch_38_master_bedroom_video/40-93.mp4,Готовые проекты домов с чертежами,00:01,"Проект дома №40-93. Новый формат помогает оценить дом и расположение мастер-спальни в общей планировке. План этажа помогает сопоставить приватную спальню с остальными помещениями. Параметры проекта: площадь 235,91 м²; 2 этажа; габариты 13.85×15.06 м; материал — кирпич; стиль — хай-тек. Сравните этот вариант с другими домами из подборки с мастер-спальней.",https://catalog-plans.ru/catalog/40-93?utm_source=pinterest&utm_medium=organic&utm_campaign=generated_master_bedroom_video_batch_38&utm_content=pin_7043_40-93_master_bedroom_focus&utm_term=gotovye-proekty-domov-s-chertezhami,,"проект дома 40-93, Готовые проекты домов с чертежами, дом с мастер-спальней, планировка с мастер-спальней, приватная спальня, гардеробная при спальне, поэтажные планы, фасады дома, готовый проект дома, catalog-plans.ru, дом 235,91 м², кирпич, хай-тек"
Проект №45-64FGL: дом с мастер-спальней в видео,https://raw.githubusercontent.com/nemchenik/test/catalog-plans-pinterest-assets/pinterest/generated_batch_38_master_bedroom_video/45-64FGL.mp4,Двухэтажные дома с мастер-спальней,00:01,"Проект дома №45-64FGL. Видео показывает дом, его фасады и планировку с мастер-спальней. Проект взят из подборки домов с мастер-спальней на catalog-plans.ru. Параметры проекта: площадь 346,78 м²; 2 этажа; габариты 13.85×32.68 м; материал — газобетон; стиль — стиль Райта. Откройте проект, чтобы подробно рассмотреть помещения, размеры и фасады.",https://catalog-plans.ru/catalog/45-64FGL?utm_source=pinterest&utm_medium=organic&utm_campaign=generated_master_bedroom_video_batch_38&utm_content=pin_7044_45-64fgl_master_suite_reveal&utm_term=dvuhetazhnye-doma-s-master-spalney,,"проект дома 45-64FGL, Двухэтажные дома с мастер-спальней, дом с мастер-спальней, планировка с мастер-спальней, приватная спальня, гардеробная при спальне, поэтажные планы, фасады дома, готовый проект дома, catalog-plans.ru, дом 346,78 м², газобетон, стиль Райта"
Дом №45-64EK2L: планировка с приватной спальней,https://raw.githubusercontent.com/nemchenik/test/catalog-plans-pinterest-assets/pinterest/generated_batch_38_master_bedroom_video/45-64EK2L.mp4,Проекты домов с мастер-спальней,00:01,"Проект дома №45-64EK2L. Ролик начинается с архитектуры дома и переходит к приватной зоне планировки. Все изображения получены непосредственно из карточки соответствующего проекта. Параметры проекта: площадь 325,11 м²; 2 этажа; габариты 19.92×22.6 м; материал — кирпич; стиль — стиль Райта. На сайте доступны все планы, характеристики и состав проектной документации.",https://catalog-plans.ru/catalog/45-64EK2L?utm_source=pinterest&utm_medium=organic&utm_campaign=generated_master_bedroom_video_batch_38&utm_content=pin_7045_45-64ek2l_facade_to_private_zone&utm_term=proekty-domov-s-master-spalney,,"проект дома 45-64EK2L, Проекты домов с мастер-спальней, дом с мастер-спальней, планировка с мастер-спальней, приватная спальня, гардеробная при спальне, поэтажные планы, фасады дома, готовый проект дома, catalog-plans.ru, дом 325,11 м², кирпич, стиль Райта"
Проект дома №63-08: мастер-спальня и фасады,https://raw.githubusercontent.com/nemchenik/test/catalog-plans-pinterest-assets/pinterest/generated_batch_38_master_bedroom_video/63-08.mp4,Мастер-спальня в частном доме,00:01,"Проект дома №63-08. В коротком обзоре собраны визуализация, фасады и реальный поэтажный план. Мастер-спальня создаёт отдельную приватную зону для владельцев дома. Параметры проекта: площадь 783,64 м²; 3 этажа; габариты 20.4×28.5 м; материал — газобетон; стиль — шале. Перейдите к карточке дома и проверьте, подходит ли планировка вашей семье.",https://catalog-plans.ru/catalog/63-08?utm_source=pinterest&utm_medium=organic&utm_campaign=generated_master_bedroom_video_batch_38&utm_content=pin_7046_63-08_family_plan_story&utm_term=master-spalnya-v-chastnom-dome,,"проект дома 63-08, Мастер-спальня в частном доме, дом с мастер-спальней, планировка с мастер-спальней, приватная спальня, гардеробная при спальне, поэтажные планы, фасады дома, готовый проект дома, catalog-plans.ru, дом 783,64 м², газобетон, шале"
Дом №62-25: видео планировки для семьи,https://raw.githubusercontent.com/nemchenik/test/catalog-plans-pinterest-assets/pinterest/generated_batch_38_master_bedroom_video/62-25.mp4,Мастер-спальня в частном доме,00:01,"Проект дома №62-25. Новый формат помогает оценить дом и расположение мастер-спальни в общей планировке. План этажа помогает сопоставить приватную спальню с остальными помещениями. Параметры проекта: площадь 125,4 м²; 1 этаж; габариты 14.15×14.5 м; материал — газобетон. Сравните этот вариант с другими домами из подборки с мастер-спальней.",https://catalog-plans.ru/catalog/62-25?utm_source=pinterest&utm_medium=organic&utm_campaign=generated_master_bedroom_video_batch_38&utm_content=pin_7047_62-25_master_bedroom_focus&utm_term=master-spalnya-v-chastnom-dome,,"проект дома 62-25, Мастер-спальня в частном доме, дом с мастер-спальней, планировка с мастер-спальней, приватная спальня, гардеробная при спальне, поэтажные планы, фасады дома, готовый проект дома, catalog-plans.ru, дом 125,4 м², газобетон"
Проект №63-14L: фасады и мастер-спальня,https://raw.githubusercontent.com/nemchenik/test/catalog-plans-pinterest-assets/pinterest/generated_batch_38_master_bedroom_video/63-14L.mp4,Дома для семьи с планировкой,00:01,"Проект дома №63-14L. Видео показывает дом, его фасады и планировку с мастер-спальней. Проект взят из подборки домов с мастер-спальней на catalog-plans.ru. Параметры проекта: площадь 498,2 м²; 2 этажа; габариты 20.8×26.1 м; материал — газобетон; стиль — стиль Райта. Откройте проект, чтобы подробно рассмотреть помещения, размеры и фасады.",https://catalog-plans.ru/catalog/63-14L?utm_source=pinterest&utm_medium=organic&utm_campaign=generated_master_bedroom_video_batch_38&utm_content=pin_7048_63-14l_master_suite_reveal&utm_term=doma-dlya-semi-s-planirovkoy,,"проект дома 63-14L, Дома для семьи с планировкой, дом с мастер-спальней, планировка с мастер-спальней, приватная спальня, гардеробная при спальне, поэтажные планы, фасады дома, готовый проект дома, catalog-plans.ru, дом 498,2 м², газобетон, стиль Райта"
Дом №45-35A: приватная зона в планировке,https://raw.githubusercontent.com/nemchenik/test/catalog-plans-pinterest-assets/pinterest/generated_batch_38_master_bedroom_video/45-35A.mp4,Фасады домов с планами,00:01,"Проект дома №45-35A. Ролик начинается с архитектуры дома и переходит к приватной зоне планировки. Все изображения получены непосредственно из карточки соответствующего проекта. Параметры проекта: площадь 626,99 м²; 2 этажа; габариты 19.1×37.5 м; материал — кирпич. На сайте доступны все планы, характеристики и состав проектной документации.",https://catalog-plans.ru/catalog/45-35A?utm_source=pinterest&utm_medium=organic&utm_campaign=generated_master_bedroom_video_batch_38&utm_content=pin_7049_45-35a_facade_to_private_zone&utm_term=fasady-domov-s-planami,,"проект дома 45-35A, Фасады домов с планами, дом с мастер-спальней, планировка с мастер-спальней, приватная спальня, гардеробная при спальне, поэтажные планы, фасады дома, готовый проект дома, catalog-plans.ru, дом 626,99 м², кирпич"
Проект №62-75: дом с мастер-спальней в видео,https://raw.githubusercontent.com/nemchenik/test/catalog-plans-pinterest-assets/pinterest/generated_batch_38_master_bedroom_video/62-75.mp4,Готовые проекты домов с чертежами,00:01,"Проект дома №62-75. В коротком обзоре собраны визуализация, фасады и реальный поэтажный план. Мастер-спальня создаёт отдельную приватную зону для владельцев дома. Параметры проекта: площадь 177,88 м²; 2 этажа; габариты 15.15×16.9 м; материал — газобетон; стиль — шале. Перейдите к карточке дома и проверьте, подходит ли планировка вашей семье.",https://catalog-plans.ru/catalog/62-75?utm_source=pinterest&utm_medium=organic&utm_campaign=generated_master_bedroom_video_batch_38&utm_content=pin_7050_62-75_family_plan_story&utm_term=gotovye-proekty-domov-s-chertezhami,,"проект дома 62-75, Готовые проекты домов с чертежами, дом с мастер-спальней, планировка с мастер-спальней, приватная спальня, гардеробная при спальне, поэтажные планы, фасады дома, готовый проект дома, catalog-plans.ru, дом 177,88 м², газобетон, шале"
Дом №45-18: планировка с приватной спальней,https://raw.githubusercontent.com/nemchenik/test/catalog-plans-pinterest-assets/pinterest/generated_batch_38_master_bedroom_video/45-18.mp4,Одноэтажные дома с мастер-спальней,00:01,"Проект дома №45-18. Новый формат помогает оценить дом и расположение мастер-спальни в общей планировке. План этажа помогает сопоставить приватную спальню с остальными помещениями. Параметры проекта: площадь 277,2 м²; 1 этаж; габариты 21.42×29.73 м; материал — кирпич; стиль — европейский. Сравните этот вариант с другими домами из подборки с мастер-спальней.",https://catalog-plans.ru/catalog/45-18?utm_source=pinterest&utm_medium=organic&utm_campaign=generated_master_bedroom_video_batch_38&utm_content=pin_7051_45-18_master_bedroom_focus&utm_term=odnoetazhnye-doma-s-master-spalney,,"проект дома 45-18, Одноэтажные дома с мастер-спальней, дом с мастер-спальней, планировка с мастер-спальней, приватная спальня, гардеробная при спальне, поэтажные планы, фасады дома, готовый проект дома, catalog-plans.ru, дом 277,2 м², кирпич, европейский"
Проект дома №45-73K1L: мастер-спальня и фасады,https://raw.githubusercontent.com/nemchenik/test/catalog-plans-pinterest-assets/pinterest/generated_batch_38_master_bedroom_video/45-73K1L.mp4,Проекты домов с мастер-спальней,00:01,"Проект дома №45-73K1L. Видео показывает дом, его фасады и планировку с мастер-спальней. Проект взят из подборки домов с мастер-спальней на catalog-plans.ru. Параметры проекта: площадь 144,37 м²; 2 этажа; габариты 11.58×11.86 м; материал — кирпич; стиль — американский. Откройте проект, чтобы подробно рассмотреть помещения, размеры и фасады.",https://catalog-plans.ru/catalog/45-73K1L?utm_source=pinterest&utm_medium=organic&utm_campaign=generated_master_bedroom_video_batch_38&utm_content=pin_7052_45-73k1l_master_suite_reveal&utm_term=proekty-domov-s-master-spalney,,"проект дома 45-73K1L, Проекты домов с мастер-спальней, дом с мастер-спальней, планировка с мастер-спальней, приватная спальня, гардеробная при спальне, поэтажные планы, фасады дома, готовый проект дома, catalog-plans.ru, дом 144,37 м², кирпич, американский"
Дом №63-06: видео планировки для семьи,https://raw.githubusercontent.com/nemchenik/test/catalog-plans-pinterest-assets/pinterest/generated_batch_38_master_bedroom_video/63-06.mp4,Планировки домов с мастер-спальней,00:01,"Проект дома №63-06. Ролик начинается с архитектуры дома и переходит к приватной зоне планировки. Все изображения получены непосредственно из карточки соответствующего проекта. Параметры проекта: площадь 375,04 м²; 2 этажа; габариты 26.79×28.99 м; материал — газобетон; стиль — шале. На сайте доступны все планы, характеристики и состав проектной документации.",https://catalog-plans.ru/catalog/63-06?utm_source=pinterest&utm_medium=organic&utm_campaign=generated_master_bedroom_video_batch_38&utm_content=pin_7053_63-06_facade_to_private_zone&utm_term=planirovki-domov-s-master-spalney,,"проект дома 63-06, Планировки домов с мастер-спальней, дом с мастер-спальней, планировка с мастер-спальней, приватная спальня, гардеробная при спальне, поэтажные планы, фасады дома, готовый проект дома, catalog-plans.ru, дом 375,04 м², газобетон, шале"
Проект №63-03: фасады и мастер-спальня,https://raw.githubusercontent.com/nemchenik/test/catalog-plans-pinterest-assets/pinterest/generated_batch_38_master_bedroom_video/63-03.mp4,Мастер-спальня в частном доме,00:01,"Проект дома №63-03. В коротком обзоре собраны визуализация, фасады и реальный поэтажный план. Мастер-спальня создаёт отдельную приватную зону для владельцев дома. Параметры проекта: площадь 162,51 м²; 2 этажа; габариты 9.4×14.23 м; материал — газобетон; стиль — американский. Перейдите к карточке дома и проверьте, подходит ли планировка вашей семье.",https://catalog-plans.ru/catalog/63-03?utm_source=pinterest&utm_medium=organic&utm_campaign=generated_master_bedroom_video_batch_38&utm_content=pin_7054_63-03_family_plan_story&utm_term=master-spalnya-v-chastnom-dome,,"проект дома 63-03, Мастер-спальня в частном доме, дом с мастер-спальней, планировка с мастер-спальней, приватная спальня, гардеробная при спальне, поэтажные планы, фасады дома, готовый проект дома, catalog-plans.ru, дом 162,51 м², газобетон, американский"
Дом №62-24A: приватная зона в планировке,https://raw.githubusercontent.com/nemchenik/test/catalog-plans-pinterest-assets/pinterest/generated_batch_38_master_bedroom_video/62-24A.mp4,Дома для семьи с планировкой,00:01,"Проект дома №62-24A. Новый формат помогает оценить дом и расположение мастер-спальни в общей планировке. План этажа помогает сопоставить приватную спальню с остальными помещениями. Параметры проекта: площадь 192,34 м²; 2 этажа; габариты 10.1×12.92 м; материал — газобетон; стиль — хай-тек. Сравните этот вариант с другими домами из подборки с мастер-спальней.",https://catalog-plans.ru/catalog/62-24A?utm_source=pinterest&utm_medium=organic&utm_campaign=generated_master_bedroom_video_batch_38&utm_content=pin_7055_62-24a_master_bedroom_focus&utm_term=doma-dlya-semi-s-planirovkoy,,"проект дома 62-24A, Дома для семьи с планировкой, дом с мастер-спальней, планировка с мастер-спальней, приватная спальня, гардеробная при спальне, поэтажные планы, фасады дома, готовый проект дома, catalog-plans.ru, дом 192,34 м², газобетон, хай-тек"
Проект №58-34: дом с мастер-спальней в видео,https://raw.githubusercontent.com/nemchenik/test/catalog-plans-pinterest-assets/pinterest/generated_batch_38_master_bedroom_video/58-34.mp4,Фасады домов с планами,00:01,"Проект дома №58-34. Видео показывает дом, его фасады и планировку с мастер-спальней. Проект взят из подборки домов с мастер-спальней на catalog-plans.ru. Параметры проекта: площадь 143,63 м²; 2 этажа; габариты 10.87×11.02 м; материал — газобетон; стиль — европейский. Откройте проект, чтобы подробно рассмотреть помещения, размеры и фасады.",https://catalog-plans.ru/catalog/58-34?utm_source=pinterest&utm_medium=organic&utm_campaign=generated_master_bedroom_video_batch_38&utm_content=pin_7056_58-34_master_suite_reveal&utm_term=fasady-domov-s-planami,,"проект дома 58-34, Фасады домов с планами, дом с мастер-спальней, планировка с мастер-спальней, приватная спальня, гардеробная при спальне, поэтажные планы, фасады дома, готовый проект дома, catalog-plans.ru, дом 143,63 м², газобетон, европейский"
Дом №62-33: планировка с приватной спальней,https://raw.githubusercontent.com/nemchenik/test/catalog-plans-pinterest-assets/pinterest/generated_batch_38_master_bedroom_video/62-33.mp4,Готовые проекты домов с чертежами,00:01,"Проект дома №62-33. Ролик начинается с архитектуры дома и переходит к приватной зоне планировки. Все изображения получены непосредственно из карточки соответствующего проекта. Параметры проекта: площадь 243,47 м²; 2 этажа; габариты 11.9×14.1 м; материал — газобетон; стиль — шале. На сайте доступны все планы, характеристики и состав проектной документации.",https://catalog-plans.ru/catalog/62-33?utm_source=pinterest&utm_medium=organic&utm_campaign=generated_master_bedroom_video_batch_38&utm_content=pin_7057_62-33_facade_to_private_zone&utm_term=gotovye-proekty-domov-s-chertezhami,,"проект дома 62-33, Готовые проекты домов с чертежами, дом с мастер-спальней, планировка с мастер-спальней, приватная спальня, гардеробная при спальне, поэтажные планы, фасады дома, готовый проект дома, catalog-plans.ru, дом 243,47 м², газобетон, шале"
Проект дома №45-64BK1L: мастер-спальня и фасады,https://raw.githubusercontent.com/nemchenik/test/catalog-plans-pinterest-assets/pinterest/generated_batch_38_master_bedroom_video/45-64BK1L.mp4,Двухэтажные дома с мастер-спальней,00:01,"Проект дома №45-64BK1L. В коротком обзоре собраны визуализация, фасады и реальный поэтажный план. Мастер-спальня создаёт отдельную приватную зону для владельцев дома. Параметры проекта: площадь 521,06 м²; 2 этажа; габариты 16.88×23.3 м; материал — кирпич; стиль — стиль Райта. Перейдите к карточке дома и проверьте, подходит ли планировка вашей семье.",https://catalog-plans.ru/catalog/45-64BK1L?utm_source=pinterest&utm_medium=organic&utm_campaign=generated_master_bedroom_video_batch_38&utm_content=pin_7058_45-64bk1l_family_plan_story&utm_term=dvuhetazhnye-doma-s-master-spalney,,"проект дома 45-64BK1L, Двухэтажные дома с мастер-спальней, дом с мастер-спальней, планировка с мастер-спальней, приватная спальня, гардеробная при спальне, поэтажные планы, фасады дома, готовый проект дома, catalog-plans.ru, дом 521,06 м², кирпич, стиль Райта"
Дом №62-10BL: видео планировки для семьи,https://raw.githubusercontent.com/nemchenik/test/catalog-plans-pinterest-assets/pinterest/generated_batch_38_master_bedroom_video/62-10BL.mp4,Проекты домов с мастер-спальней,00:01,"Проект дома №62-10BL. Новый формат помогает оценить дом и расположение мастер-спальни в общей планировке. План этажа помогает сопоставить приватную спальню с остальными помещениями. Параметры проекта: площадь 339,8 м²; 2 этажа; габариты 24.8×38.05 м; материал — газобетона 1. Сравните этот вариант с другими домами из подборки с мастер-спальней.",https://catalog-plans.ru/catalog/62-10BL?utm_source=pinterest&utm_medium=organic&utm_campaign=generated_master_bedroom_video_batch_38&utm_content=pin_7059_62-10bl_master_bedroom_focus&utm_term=proekty-domov-s-master-spalney,,"проект дома 62-10BL, Проекты домов с мастер-спальней, дом с мастер-спальней, планировка с мастер-спальней, приватная спальня, гардеробная при спальне, поэтажные планы, фасады дома, готовый проект дома, catalog-plans.ru, дом 339,8 м², газобетона 1"
Проект №63-02AKL: фасады и мастер-спальня,https://raw.githubusercontent.com/nemchenik/test/catalog-plans-pinterest-assets/pinterest/generated_batch_38_master_bedroom_video/63-02AKL.mp4,Фасады домов с планами,00:01,"Проект дома №63-02AKL. Видео показывает дом, его фасады и планировку с мастер-спальней. Проект взят из подборки домов с мастер-спальней на catalog-plans.ru. Параметры проекта: площадь 318,97 м²; 3 этажа; габариты 14.16×18.93 м; материал — газобетон; стиль — современный. Откройте проект, чтобы подробно рассмотреть помещения, размеры и фасады.",https://catalog-plans.ru/catalog/63-02AKL?utm_source=pinterest&utm_medium=organic&utm_campaign=generated_master_bedroom_video_batch_38&utm_content=pin_7060_63-02akl_master_suite_reveal&utm_term=fasady-domov-s-planami,,"проект дома 63-02AKL, Фасады домов с планами, дом с мастер-спальней, планировка с мастер-спальней, приватная спальня, гардеробная при спальне, поэтажные планы, фасады дома, готовый проект дома, catalog-plans.ru, дом 318,97 м², газобетон, современный"
Дом №63-02BKL: приватная зона в планировке,https://raw.githubusercontent.com/nemchenik/test/catalog-plans-pinterest-assets/pinterest/generated_batch_38_master_bedroom_video/63-02BKL.mp4,Готовые проекты домов с чертежами,00:01,"Проект дома №63-02BKL. Ролик начинается с архитектуры дома и переходит к приватной зоне планировки. Все изображения получены непосредственно из карточки соответствующего проекта. Параметры проекта: площадь 263,69 м²; 3 этажа; габариты 11.45×11.45 м; материал — кирпич; стиль — современный. На сайте доступны все планы, характеристики и состав проектной документации.",https://catalog-plans.ru/catalog/63-02BKL?utm_source=pinterest&utm_medium=organic&utm_campaign=generated_master_bedroom_video_batch_38&utm_content=pin_7061_63-02bkl_facade_to_private_zone&utm_term=gotovye-proekty-domov-s-chertezhami,,"проект дома 63-02BKL, Готовые проекты домов с чертежами, дом с мастер-спальней, планировка с мастер-спальней, приватная спальня, гардеробная при спальне, поэтажные планы, фасады дома, готовый проект дома, catalog-plans.ru, дом 263,69 м², кирпич, современный"
Проект №62-81: дом с мастер-спальней в видео,https://raw.githubusercontent.com/nemchenik/test/catalog-plans-pinterest-assets/pinterest/generated_batch_38_master_bedroom_video/62-81.mp4,Дома для семьи с планировкой,00:01,"Проект дома №62-81. В коротком обзоре собраны визуализация, фасады и реальный поэтажный план. Мастер-спальня создаёт отдельную приватную зону для владельцев дома. Параметры проекта: площадь 711,12 м²; 2 этажа; габариты 17.34×25.05 м; материал — газобетон. Перейдите к карточке дома и проверьте, подходит ли планировка вашей семье.",https://catalog-plans.ru/catalog/62-81?utm_source=pinterest&utm_medium=organic&utm_campaign=generated_master_bedroom_video_batch_38&utm_content=pin_7062_62-81_family_plan_story&utm_term=doma-dlya-semi-s-planirovkoy,,"проект дома 62-81, Дома для семьи с планировкой, дом с мастер-спальней, планировка с мастер-спальней, приватная спальня, гардеробная при спальне, поэтажные планы, фасады дома, готовый проект дома, catalog-plans.ru, дом 711,12 м², газобетон"
Дом №59-22: планировка с приватной спальней,https://raw.githubusercontent.com/nemchenik/test/catalog-plans-pinterest-assets/pinterest/generated_batch_38_master_bedroom_video/59-22.mp4,Фасады домов с планами,00:01,"Проект дома №59-22. Новый формат помогает оценить дом и расположение мастер-спальни в общей планировке. План этажа помогает сопоставить приватную спальню с остальными помещениями. Параметры проекта: площадь 140,11 м²; 1 этаж; габариты 12.02×18.58 м; материал — газобетон; стиль — скандинавский. Сравните этот вариант с другими домами из подборки с мастер-спальней.",https://catalog-plans.ru/catalog/59-22?utm_source=pinterest&utm_medium=organic&utm_campaign=generated_master_bedroom_video_batch_38&utm_content=pin_7063_59-22_master_bedroom_focus&utm_term=fasady-domov-s-planami,,"проект дома 59-22, Фасады домов с планами, дом с мастер-спальней, планировка с мастер-спальней, приватная спальня, гардеробная при спальне, поэтажные планы, фасады дома, готовый проект дома, catalog-plans.ru, дом 140,11 м², газобетон, скандинавский"
Проект дома №57-63BL: мастер-спальня и фасады,https://raw.githubusercontent.com/nemchenik/test/catalog-plans-pinterest-assets/pinterest/generated_batch_38_master_bedroom_video/57-63BL.mp4,Готовые проекты домов с чертежами,00:01,"Проект дома №57-63BL. Видео показывает дом, его фасады и планировку с мастер-спальней. Проект взят из подборки домов с мастер-спальней на catalog-plans.ru. Параметры проекта: площадь 172,23 м²; 2 этажа; габариты 10.1×12.7 м; материал — газобетон; стиль — европейский. Откройте проект, чтобы подробно рассмотреть помещения, размеры и фасады.",https://catalog-plans.ru/catalog/57-63BL?utm_source=pinterest&utm_medium=organic&utm_campaign=generated_master_bedroom_video_batch_38&utm_content=pin_7064_57-63bl_master_suite_reveal&utm_term=gotovye-proekty-domov-s-chertezhami,,"проект дома 57-63BL, Готовые проекты домов с чертежами, дом с мастер-спальней, планировка с мастер-спальней, приватная спальня, гардеробная при спальне, поэтажные планы, фасады дома, готовый проект дома, catalog-plans.ru, дом 172,23 м², газобетон, европейский"
Дом №58-50AL: видео планировки для семьи,https://raw.githubusercontent.com/nemchenik/test/catalog-plans-pinterest-assets/pinterest/generated_batch_38_master_bedroom_video/58-50AL.mp4,Одноэтажные дома с мастер-спальней,00:01,"Проект дома №58-50AL. Ролик начинается с архитектуры дома и переходит к приватной зоне планировки. Все изображения получены непосредственно из карточки соответствующего проекта. Параметры проекта: площадь 222,14 м²; 1 этаж; габариты 20.8×24.7 м; материал — газобетон. На сайте доступны все планы, характеристики и состав проектной документации.",https://catalog-plans.ru/catalog/58-50AL?utm_source=pinterest&utm_medium=organic&utm_campaign=generated_master_bedroom_video_batch_38&utm_content=pin_7065_58-50al_facade_to_private_zone&utm_term=odnoetazhnye-doma-s-master-spalney,,"проект дома 58-50AL, Одноэтажные дома с мастер-спальней, дом с мастер-спальней, планировка с мастер-спальней, приватная спальня, гардеробная при спальне, поэтажные планы, фасады дома, готовый проект дома, catalog-plans.ru, дом 222,14 м², газобетон"
Проект №45-23: фасады и мастер-спальня,https://raw.githubusercontent.com/nemchenik/test/catalog-plans-pinterest-assets/pinterest/generated_batch_38_master_bedroom_video/45-23.mp4,Проекты домов с мастер-спальней,00:01,"Проект дома №45-23. В коротком обзоре собраны визуализация, фасады и реальный поэтажный план. Мастер-спальня создаёт отдельную приватную зону для владельцев дома. Параметры проекта: площадь 419,81 м²; 2 этажа; габариты 21.67×25.81 м; материал — кирпича 1; стиль — современный. Перейдите к карточке дома и проверьте, подходит ли планировка вашей семье.",https://catalog-plans.ru/catalog/45-23?utm_source=pinterest&utm_medium=organic&utm_campaign=generated_master_bedroom_video_batch_38&utm_content=pin_7066_45-23_family_plan_story&utm_term=proekty-domov-s-master-spalney,,"проект дома 45-23, Проекты домов с мастер-спальней, дом с мастер-спальней, планировка с мастер-спальней, приватная спальня, гардеробная при спальне, поэтажные планы, фасады дома, готовый проект дома, catalog-plans.ru, дом 419,81 м², кирпича 1, современный"
Дом №40-72: приватная зона в планировке,https://raw.githubusercontent.com/nemchenik/test/catalog-plans-pinterest-assets/pinterest/generated_batch_38_master_bedroom_video/40-72.mp4,Планировки домов с мастер-спальней,00:01,"Проект дома №40-72. Новый формат помогает оценить дом и расположение мастер-спальни в общей планировке. План этажа помогает сопоставить приватную спальню с остальными помещениями. Параметры проекта: площадь 164,48 м²; 2 этажа; габариты 9.22×13.69 м; материал — кирпич; стиль — современный. Сравните этот вариант с другими домами из подборки с мастер-спальней.",https://catalog-plans.ru/catalog/40-72?utm_source=pinterest&utm_medium=organic&utm_campaign=generated_master_bedroom_video_batch_38&utm_content=pin_7067_40-72_master_bedroom_focus&utm_term=planirovki-domov-s-master-spalney,,"проект дома 40-72, Планировки домов с мастер-спальней, дом с мастер-спальней, планировка с мастер-спальней, приватная спальня, гардеробная при спальне, поэтажные планы, фасады дома, готовый проект дома, catalog-plans.ru, дом 164,48 м², кирпич, современный"
Проект №40-86BL: дом с мастер-спальней в видео,https://raw.githubusercontent.com/nemchenik/test/catalog-plans-pinterest-assets/pinterest/generated_batch_38_master_bedroom_video/40-86BL.mp4,Мастер-спальня в частном доме,00:01,"Проект дома №40-86BL. Видео показывает дом, его фасады и планировку с мастер-спальней. Проект взят из подборки домов с мастер-спальней на catalog-plans.ru. Параметры проекта: площадь 573,71 м²; 2 этажа; габариты 12.72×24.63 м; материал — кирпич; стиль — хай-тек. Откройте проект, чтобы подробно рассмотреть помещения, размеры и фасады.",https://catalog-plans.ru/catalog/40-86BL?utm_source=pinterest&utm_medium=organic&utm_campaign=generated_master_bedroom_video_batch_38&utm_content=pin_7068_40-86bl_master_suite_reveal&utm_term=master-spalnya-v-chastnom-dome,,"проект дома 40-86BL, Мастер-спальня в частном доме, дом с мастер-спальней, планировка с мастер-спальней, приватная спальня, гардеробная при спальне, поэтажные планы, фасады дома, готовый проект дома, catalog-plans.ru, дом 573,71 м², кирпич, хай-тек"
Дом №39-15: планировка с приватной спальней,https://raw.githubusercontent.com/nemchenik/test/catalog-plans-pinterest-assets/pinterest/generated_batch_38_master_bedroom_video/39-15.mp4,Дома для семьи с планировкой,00:01,"Проект дома №39-15. Ролик начинается с архитектуры дома и переходит к приватной зоне планировки. Все изображения получены непосредственно из карточки соответствующего проекта. Параметры проекта: площадь 177,8 м²; 2 этажа; габариты 11.6×12 м; материал — кирпич; стиль — барнхаус. На сайте доступны все планы, характеристики и состав проектной документации.",https://catalog-plans.ru/catalog/39-15?utm_source=pinterest&utm_medium=organic&utm_campaign=generated_master_bedroom_video_batch_38&utm_content=pin_7069_39-15_facade_to_private_zone&utm_term=doma-dlya-semi-s-planirovkoy,,"проект дома 39-15, Дома для семьи с планировкой, дом с мастер-спальней, планировка с мастер-спальней, приватная спальня, гардеробная при спальне, поэтажные планы, фасады дома, готовый проект дома, catalog-plans.ru, дом 177,8 м², кирпич, барнхаус"
Проект дома №45-28L: мастер-спальня и фасады,https://raw.githubusercontent.com/nemchenik/test/catalog-plans-pinterest-assets/pinterest/generated_batch_38_master_bedroom_video/45-28L.mp4,Фасады домов с планами,00:01,"Проект дома №45-28L. В коротком обзоре собраны визуализация, фасады и реальный поэтажный план. Мастер-спальня создаёт отдельную приватную зону для владельцев дома. Параметры проекта: площадь 235,92 м²; 2 этажа; габариты 11.76×16.3 м; материал — кирпич; стиль — стиль Райта. Перейдите к карточке дома и проверьте, подходит ли планировка вашей семье.",https://catalog-plans.ru/catalog/45-28L?utm_source=pinterest&utm_medium=organic&utm_campaign=generated_master_bedroom_video_batch_38&utm_content=pin_7070_45-28l_family_plan_story&utm_term=fasady-domov-s-planami,,"проект дома 45-28L, Фасады домов с планами, дом с мастер-спальней, планировка с мастер-спальней, приватная спальня, гардеробная при спальне, поэтажные планы, фасады дома, готовый проект дома, catalog-plans.ru, дом 235,92 м², кирпич, стиль Райта"
Дом №57-41: видео планировки для семьи,https://raw.githubusercontent.com/nemchenik/test/catalog-plans-pinterest-assets/pinterest/generated_batch_38_master_bedroom_video/57-41.mp4,Готовые проекты домов с чертежами,00:01,"Проект дома №57-41. Новый формат помогает оценить дом и расположение мастер-спальни в общей планировке. План этажа помогает сопоставить приватную спальню с остальными помещениями. Параметры проекта: площадь 157,8 м²; 2 этажа; габариты 9.6×12.45 м; материал — газобетон. Сравните этот вариант с другими домами из подборки с мастер-спальней.",https://catalog-plans.ru/catalog/57-41?utm_source=pinterest&utm_medium=organic&utm_campaign=generated_master_bedroom_video_batch_38&utm_content=pin_7071_57-41_master_bedroom_focus&utm_term=gotovye-proekty-domov-s-chertezhami,,"проект дома 57-41, Готовые проекты домов с чертежами, дом с мастер-спальней, планировка с мастер-спальней, приватная спальня, гардеробная при спальне, поэтажные планы, фасады дома, готовый проект дома, catalog-plans.ru, дом 157,8 м², газобетон"
Проект №62-77: фасады и мастер-спальня,https://raw.githubusercontent.com/nemchenik/test/catalog-plans-pinterest-assets/pinterest/generated_batch_38_master_bedroom_video/62-77.mp4,Двухэтажные дома с мастер-спальней,00:01,"Проект дома №62-77. Видео показывает дом, его фасады и планировку с мастер-спальней. Проект взят из подборки домов с мастер-спальней на catalog-plans.ru. Параметры проекта: площадь 237,7 м²; 2 этажа; габариты 16.11×17.16 м; материал — газобетон; стиль — хай-тек. Откройте проект, чтобы подробно рассмотреть помещения, размеры и фасады.",https://catalog-plans.ru/catalog/62-77?utm_source=pinterest&utm_medium=organic&utm_campaign=generated_master_bedroom_video_batch_38&utm_content=pin_7072_62-77_master_suite_reveal&utm_term=dvuhetazhnye-doma-s-master-spalney,,"проект дома 62-77, Двухэтажные дома с мастер-спальней, дом с мастер-спальней, планировка с мастер-спальней, приватная спальня, гардеробная при спальне, поэтажные планы, фасады дома, готовый проект дома, catalog-plans.ru, дом 237,7 м², газобетон, хай-тек"
Дом №63-02L: приватная зона в планировке,https://raw.githubusercontent.com/nemchenik/test/catalog-plans-pinterest-assets/pinterest/generated_batch_38_master_bedroom_video/63-02L.mp4,Проекты домов с мастер-спальней,00:01,"Проект дома №63-02L. Ролик начинается с архитектуры дома и переходит к приватной зоне планировки. Все изображения получены непосредственно из карточки соответствующего проекта. Параметры проекта: площадь 490,22 м²; 2 этажа; габариты 15.5×23.05 м; материал — газобетон; стиль — современный. На сайте доступны все планы, характеристики и состав проектной документации.",https://catalog-plans.ru/catalog/63-02L?utm_source=pinterest&utm_medium=organic&utm_campaign=generated_master_bedroom_video_batch_38&utm_content=pin_7073_63-02l_facade_to_private_zone&utm_term=proekty-domov-s-master-spalney,,"проект дома 63-02L, Проекты домов с мастер-спальней, дом с мастер-спальней, планировка с мастер-спальней, приватная спальня, гардеробная при спальне, поэтажные планы, фасады дома, готовый проект дома, catalog-plans.ru, дом 490,22 м², газобетон, современный"
Проект №40-94K1L: дом с мастер-спальней в видео,https://raw.githubusercontent.com/nemchenik/test/catalog-plans-pinterest-assets/pinterest/generated_batch_38_master_bedroom_video/40-94K1L.mp4,Планировки домов с мастер-спальней,00:01,"Проект дома №40-94K1L. В коротком обзоре собраны визуализация, фасады и реальный поэтажный план. Мастер-спальня создаёт отдельную приватную зону для владельцев дома. Параметры проекта: площадь 254,21 м²; 2 этажа; габариты 18.04×20.6 м; материал — кирпич; стиль — хай-тек. Перейдите к карточке дома и проверьте, подходит ли планировка вашей семье.",https://catalog-plans.ru/catalog/40-94K1L?utm_source=pinterest&utm_medium=organic&utm_campaign=generated_master_bedroom_video_batch_38&utm_content=pin_7074_40-94k1l_family_plan_story&utm_term=planirovki-domov-s-master-spalney,,"проект дома 40-94K1L, Планировки домов с мастер-спальней, дом с мастер-спальней, планировка с мастер-спальней, приватная спальня, гардеробная при спальне, поэтажные планы, фасады дома, готовый проект дома, catalog-plans.ru, дом 254,21 м², кирпич, хай-тек"
Дом №62-50: планировка с приватной спальней,https://raw.githubusercontent.com/nemchenik/test/catalog-plans-pinterest-assets/pinterest/generated_batch_38_master_bedroom_video/62-50.mp4,Мастер-спальня в частном доме,00:01,"Проект дома №62-50. Новый формат помогает оценить дом и расположение мастер-спальни в общей планировке. План этажа помогает сопоставить приватную спальню с остальными помещениями. Параметры проекта: площадь 266,17 м²; 2 этажа; габариты 16.1×16.75 м; материал — газобетон; стиль — современный. Сравните этот вариант с другими домами из подборки с мастер-спальней.",https://catalog-plans.ru/catalog/62-50?utm_source=pinterest&utm_medium=organic&utm_campaign=generated_master_bedroom_video_batch_38&utm_content=pin_7075_62-50_master_bedroom_focus&utm_term=master-spalnya-v-chastnom-dome,,"проект дома 62-50, Мастер-спальня в частном доме, дом с мастер-спальней, планировка с мастер-спальней, приватная спальня, гардеробная при спальне, поэтажные планы, фасады дома, готовый проект дома, catalog-plans.ru, дом 266,17 м², газобетон, современный"
Проект дома №45-34C: мастер-спальня и фасады,https://raw.githubusercontent.com/nemchenik/test/catalog-plans-pinterest-assets/pinterest/generated_batch_38_master_bedroom_video/45-34C.mp4,Дома для семьи с планировкой,00:01,"Проект дома №45-34C. Видео показывает дом, его фасады и планировку с мастер-спальней. Проект взят из подборки домов с мастер-спальней на catalog-plans.ru. Параметры проекта: площадь 545,21 м²; 2 этажа; габариты 18.9×20.35 м; материал — кирпич. Откройте проект, чтобы подробно рассмотреть помещения, размеры и фасады.",https://catalog-plans.ru/catalog/45-34C?utm_source=pinterest&utm_medium=organic&utm_campaign=generated_master_bedroom_video_batch_38&utm_content=pin_7076_45-34c_master_suite_reveal&utm_term=doma-dlya-semi-s-planirovkoy,,"проект дома 45-34C, Дома для семьи с планировкой, дом с мастер-спальней, планировка с мастер-спальней, приватная спальня, гардеробная при спальне, поэтажные планы, фасады дома, готовый проект дома, catalog-plans.ru, дом 545,21 м², кирпич"
Дом №40-89B: видео планировки для семьи,https://raw.githubusercontent.com/nemchenik/test/catalog-plans-pinterest-assets/pinterest/generated_batch_38_master_bedroom_video/40-89B.mp4,Дома для семьи с планировкой,00:01,"Проект дома №40-89B. Ролик начинается с архитектуры дома и переходит к приватной зоне планировки. Все изображения получены непосредственно из карточки соответствующего проекта. Параметры проекта: площадь 619,35 м²; 3 этажа; габариты 23.69×40.67 м; материал — монолитный каркас; стиль — хай-тек. На сайте доступны все планы, характеристики и состав проектной документации.",https://catalog-plans.ru/catalog/40-89B?utm_source=pinterest&utm_medium=organic&utm_campaign=generated_master_bedroom_video_batch_38&utm_content=pin_7077_40-89b_facade_to_private_zone&utm_term=doma-dlya-semi-s-planirovkoy,,"проект дома 40-89B, Дома для семьи с планировкой, дом с мастер-спальней, планировка с мастер-спальней, приватная спальня, гардеробная при спальне, поэтажные планы, фасады дома, готовый проект дома, catalog-plans.ru, дом 619,35 м², монолитный каркас, хай-тек"
Проект №62-85L: фасады и мастер-спальня,https://raw.githubusercontent.com/nemchenik/test/catalog-plans-pinterest-assets/pinterest/generated_batch_38_master_bedroom_video/62-85L.mp4,Фасады домов с планами,00:01,"Проект дома №62-85L. В коротком обзоре собраны визуализация, фасады и реальный поэтажный план. Мастер-спальня создаёт отдельную приватную зону для владельцев дома. Параметры проекта: площадь 342,61 м²; 3 этажа; габариты 19.14×26.01 м; материал — монолитный каркас; стиль — современный. Перейдите к карточке дома и проверьте, подходит ли планировка вашей семье.",https://catalog-plans.ru/catalog/62-85L?utm_source=pinterest&utm_medium=organic&utm_campaign=generated_master_bedroom_video_batch_38&utm_content=pin_7078_62-85l_family_plan_story&utm_term=fasady-domov-s-planami,,"проект дома 62-85L, Фасады домов с планами, дом с мастер-спальней, планировка с мастер-спальней, приватная спальня, гардеробная при спальне, поэтажные планы, фасады дома, готовый проект дома, catalog-plans.ru, дом 342,61 м², монолитный каркас, современный"
Дом №33-70: приватная зона в планировке,https://raw.githubusercontent.com/nemchenik/test/catalog-plans-pinterest-assets/pinterest/generated_batch_38_master_bedroom_video/33-70.mp4,Двухэтажные дома с мастер-спальней,00:01,Проект дома №33-70. Новый формат помогает оценить дом и расположение мастер-спальни в общей планировке. План этажа помогает сопоставить приватную спальню с остальными помещениями. Параметры проекта: площадь 98 м²; 2 этажа; габариты 7.8×8.4 м; материал — кирпич; стиль — современный. Сравните этот вариант с другими домами из подборки с мастер-спальней.,https://catalog-plans.ru/catalog/33-70?utm_source=pinterest&utm_medium=organic&utm_campaign=generated_master_bedroom_video_batch_38&utm_content=pin_7079_33-70_master_bedroom_focus&utm_term=dvuhetazhnye-doma-s-master-spalney,,"проект дома 33-70, Двухэтажные дома с мастер-спальней, дом с мастер-спальней, планировка с мастер-спальней, приватная спальня, гардеробная при спальне, поэтажные планы, фасады дома, готовый проект дома, catalog-plans.ru, дом 98 м², кирпич, современный"
Проект №40-86AGL: дом с мастер-спальней в видео,https://raw.githubusercontent.com/nemchenik/test/catalog-plans-pinterest-assets/pinterest/generated_batch_38_master_bedroom_video/40-86AGL.mp4,Проекты домов с мастер-спальней,00:01,"Проект дома №40-86AGL. Видео показывает дом, его фасады и планировку с мастер-спальней. Проект взят из подборки домов с мастер-спальней на catalog-plans.ru. Параметры проекта: площадь 233,01 м²; 2 этажа; габариты 10.35×23.15 м; материал — газобетон; стиль — хай-тек. Откройте проект, чтобы подробно рассмотреть помещения, размеры и фасады.",https://catalog-plans.ru/catalog/40-86AGL?utm_source=pinterest&utm_medium=organic&utm_campaign=generated_master_bedroom_video_batch_38&utm_content=pin_7080_40-86agl_master_suite_reveal&utm_term=proekty-domov-s-master-spalney,,"проект дома 40-86AGL, Проекты домов с мастер-спальней, дом с мастер-спальней, планировка с мастер-спальней, приватная спальня, гардеробная при спальне, поэтажные планы, фасады дома, готовый проект дома, catalog-plans.ru, дом 233,01 м², газобетон, хай-тек"
Дом №45-16AG: планировка с приватной спальней,https://raw.githubusercontent.com/nemchenik/test/catalog-plans-pinterest-assets/pinterest/generated_batch_38_master_bedroom_video/45-16AG.mp4,Планировки домов с мастер-спальней,00:01,"Проект дома №45-16AG. Ролик начинается с архитектуры дома и переходит к приватной зоне планировки. Все изображения получены непосредственно из карточки соответствующего проекта. Параметры проекта: площадь 213,65 м²; 2 этажа; габариты 11.59×16.78 м; материал — газобетон; стиль — современный. На сайте доступны все планы, характеристики и состав проектной документации.",https://catalog-plans.ru/catalog/45-16AG?utm_source=pinterest&utm_medium=organic&utm_campaign=generated_master_bedroom_video_batch_38&utm_content=pin_7081_45-16ag_facade_to_private_zone&utm_term=planirovki-domov-s-master-spalney,,"проект дома 45-16AG, Планировки домов с мастер-спальней, дом с мастер-спальней, планировка с мастер-спальней, приватная спальня, гардеробная при спальне, поэтажные планы, фасады дома, готовый проект дома, catalog-plans.ru, дом 213,65 м², газобетон, современный"
Проект дома №40-38: мастер-спальня и фасады,https://raw.githubusercontent.com/nemchenik/test/catalog-plans-pinterest-assets/pinterest/generated_batch_38_master_bedroom_video/40-38.mp4,Мастер-спальня в частном доме,00:01,"Проект дома №40-38. В коротком обзоре собраны визуализация, фасады и реальный поэтажный план. Мастер-спальня создаёт отдельную приватную зону для владельцев дома. Параметры проекта: площадь 717,65 м²; 3 этажа; габариты 14.74×31.01 м; материал — кирпич; стиль — европейский. Перейдите к карточке дома и проверьте, подходит ли планировка вашей семье.",https://catalog-plans.ru/catalog/40-38?utm_source=pinterest&utm_medium=organic&utm_campaign=generated_master_bedroom_video_batch_38&utm_content=pin_7082_40-38_family_plan_story&utm_term=master-spalnya-v-chastnom-dome,,"проект дома 40-38, Мастер-спальня в частном доме, дом с мастер-спальней, планировка с мастер-спальней, приватная спальня, гардеробная при спальне, поэтажные планы, фасады дома, готовый проект дома, catalog-plans.ru, дом 717,65 м², кирпич, европейский"
Дом №45-39: видео планировки для семьи,https://raw.githubusercontent.com/nemchenik/test/catalog-plans-pinterest-assets/pinterest/generated_batch_38_master_bedroom_video/45-39.mp4,Дома для семьи с планировкой,00:01,"Проект дома №45-39. Новый формат помогает оценить дом и расположение мастер-спальни в общей планировке. План этажа помогает сопоставить приватную спальню с остальными помещениями. Параметры проекта: площадь 483,61 м²; 2 этажа; габариты 24.01×31.8 м; материал — кирпич; стиль — современный. Сравните этот вариант с другими домами из подборки с мастер-спальней.",https://catalog-plans.ru/catalog/45-39?utm_source=pinterest&utm_medium=organic&utm_campaign=generated_master_bedroom_video_batch_38&utm_content=pin_7083_45-39_master_bedroom_focus&utm_term=doma-dlya-semi-s-planirovkoy,,"проект дома 45-39, Дома для семьи с планировкой, дом с мастер-спальней, планировка с мастер-спальней, приватная спальня, гардеробная при спальне, поэтажные планы, фасады дома, готовый проект дома, catalog-plans.ru, дом 483,61 м², кирпич, современный"
Проект №62-10: фасады и мастер-спальня,https://raw.githubusercontent.com/nemchenik/test/catalog-plans-pinterest-assets/pinterest/generated_batch_38_master_bedroom_video/62-10.mp4,Фасады домов с планами,00:01,"Проект дома №62-10. Видео показывает дом, его фасады и планировку с мастер-спальней. Проект взят из подборки домов с мастер-спальней на catalog-plans.ru. Параметры проекта: площадь 690,84 м²; 3 этажа; габариты 24.45×29.15 м; материал — газобетон. Откройте проект, чтобы подробно рассмотреть помещения, размеры и фасады.",https://catalog-plans.ru/catalog/62-10?utm_source=pinterest&utm_medium=organic&utm_campaign=generated_master_bedroom_video_batch_38&utm_content=pin_7084_62-10_master_suite_reveal&utm_term=fasady-domov-s-planami,,"проект дома 62-10, Фасады домов с планами, дом с мастер-спальней, планировка с мастер-спальней, приватная спальня, гардеробная при спальне, поэтажные планы, фасады дома, готовый проект дома, catalog-plans.ru, дом 690,84 м², газобетон"
Дом №80-15: приватная зона в планировке,https://raw.githubusercontent.com/nemchenik/test/catalog-plans-pinterest-assets/pinterest/generated_batch_38_master_bedroom_video/80-15.mp4,Готовые проекты домов с чертежами,00:01,"Проект дома №80-15. Ролик начинается с архитектуры дома и переходит к приватной зоне планировки. Все изображения получены непосредственно из карточки соответствующего проекта. Параметры проекта: площадь 143,01 м²; 2 этажа; габариты 10.1×11.7 м; материал — газобетон; стиль — скандинавский. На сайте доступны все планы, характеристики и состав проектной документации.",https://catalog-plans.ru/catalog/80-15?utm_source=pinterest&utm_medium=organic&utm_campaign=generated_master_bedroom_video_batch_38&utm_content=pin_7085_80-15_facade_to_private_zone&utm_term=gotovye-proekty-domov-s-chertezhami,,"проект дома 80-15, Готовые проекты домов с чертежами, дом с мастер-спальней, планировка с мастер-спальней, приватная спальня, гардеробная при спальне, поэтажные планы, фасады дома, готовый проект дома, catalog-plans.ru, дом 143,01 м², газобетон, скандинавский"
Проект №62-13: дом с мастер-спальней в видео,https://raw.githubusercontent.com/nemchenik/test/catalog-plans-pinterest-assets/pinterest/generated_batch_38_master_bedroom_video/62-13.mp4,Одноэтажные дома с мастер-спальней,00:01,"Проект дома №62-13. В коротком обзоре собраны визуализация, фасады и реальный поэтажный план. Мастер-спальня создаёт отдельную приватную зону для владельцев дома. Параметры проекта: площадь 381,13 м²; 1 этаж; габариты 22.05×26.8 м; материал — газобетон; стиль — европейский. Перейдите к карточке дома и проверьте, подходит ли планировка вашей семье.",https://catalog-plans.ru/catalog/62-13?utm_source=pinterest&utm_medium=organic&utm_campaign=generated_master_bedroom_video_batch_38&utm_content=pin_7086_62-13_family_plan_story&utm_term=odnoetazhnye-doma-s-master-spalney,,"проект дома 62-13, Одноэтажные дома с мастер-спальней, дом с мастер-спальней, планировка с мастер-спальней, приватная спальня, гардеробная при спальне, поэтажные планы, фасады дома, готовый проект дома, catalog-plans.ru, дом 381,13 м², газобетон, европейский"
Дом №33-21: планировка с приватной спальней,https://raw.githubusercontent.com/nemchenik/test/catalog-plans-pinterest-assets/pinterest/generated_batch_38_master_bedroom_video/33-21.mp4,Проекты домов с мастер-спальней,00:01,Проект дома №33-21. Новый формат помогает оценить дом и расположение мастер-спальни в общей планировке. План этажа помогает сопоставить приватную спальню с остальными помещениями. Параметры проекта: площадь 150 м²; 1 этаж; габариты 12×18 м; материал — кирпич. Сравните этот вариант с другими домами из подборки с мастер-спальней.,https://catalog-plans.ru/catalog/33-21?utm_source=pinterest&utm_medium=organic&utm_campaign=generated_master_bedroom_video_batch_38&utm_content=pin_7087_33-21_master_bedroom_focus&utm_term=proekty-domov-s-master-spalney,,"проект дома 33-21, Проекты домов с мастер-спальней, дом с мастер-спальней, планировка с мастер-спальней, приватная спальня, гардеробная при спальне, поэтажные планы, фасады дома, готовый проект дома, catalog-plans.ru, дом 150 м², кирпич"
Проект дома №40-89D: мастер-спальня и фасады,https://raw.githubusercontent.com/nemchenik/test/catalog-plans-pinterest-assets/pinterest/generated_batch_38_master_bedroom_video/40-89D.mp4,Мастер-спальня в частном доме,00:01,"Проект дома №40-89D. Видео показывает дом, его фасады и планировку с мастер-спальней. Проект взят из подборки домов с мастер-спальней на catalog-plans.ru. Параметры проекта: площадь 163,22 м²; 3 этажа; габариты 23.53×44.24 м; материал — монолитного каркаса 1; стиль — хай-тек. Откройте проект, чтобы подробно рассмотреть помещения, размеры и фасады.",https://catalog-plans.ru/catalog/40-89D?utm_source=pinterest&utm_medium=organic&utm_campaign=generated_master_bedroom_video_batch_38&utm_content=pin_7088_40-89d_master_suite_reveal&utm_term=master-spalnya-v-chastnom-dome,,"проект дома 40-89D, Мастер-спальня в частном доме, дом с мастер-спальней, планировка с мастер-спальней, приватная спальня, гардеробная при спальне, поэтажные планы, фасады дома, готовый проект дома, catalog-plans.ru, дом 163,22 м², монолитного каркаса 1, хай-тек"
Дом №40-87: видео планировки для семьи,https://raw.githubusercontent.com/nemchenik/test/catalog-plans-pinterest-assets/pinterest/generated_batch_38_master_bedroom_video/40-87.mp4,Мастер-спальня в частном доме,00:01,"Проект дома №40-87. Ролик начинается с архитектуры дома и переходит к приватной зоне планировки. Все изображения получены непосредственно из карточки соответствующего проекта. Параметры проекта: площадь 267 м²; 2 этажа; габариты 14.56×15.54 м; материал — кирпич; стиль — хай-тек. На сайте доступны все планы, характеристики и состав проектной документации.",https://catalog-plans.ru/catalog/40-87?utm_source=pinterest&utm_medium=organic&utm_campaign=generated_master_bedroom_video_batch_38&utm_content=pin_7089_40-87_facade_to_private_zone&utm_term=master-spalnya-v-chastnom-dome,,"проект дома 40-87, Мастер-спальня в частном доме, дом с мастер-спальней, планировка с мастер-спальней, приватная спальня, гардеробная при спальне, поэтажные планы, фасады дома, готовый проект дома, catalog-plans.ru, дом 267 м², кирпич, хай-тек"
Проект №48-30: фасады и мастер-спальня,https://raw.githubusercontent.com/nemchenik/test/catalog-plans-pinterest-assets/pinterest/generated_batch_38_master_bedroom_video/48-30.mp4,Дома для семьи с планировкой,00:01,"Проект дома №48-30. В коротком обзоре собраны визуализация, фасады и реальный поэтажный план. Мастер-спальня создаёт отдельную приватную зону для владельцев дома. Параметры проекта: площадь 346,9 м²; 2 этажа; габариты 16.52×21.28 м; материал — газобетон; стиль — европейский. Перейдите к карточке дома и проверьте, подходит ли планировка вашей семье.",https://catalog-plans.ru/catalog/48-30?utm_source=pinterest&utm_medium=organic&utm_campaign=generated_master_bedroom_video_batch_38&utm_content=pin_7090_48-30_family_plan_story&utm_term=doma-dlya-semi-s-planirovkoy,,"проект дома 48-30, Дома для семьи с планировкой, дом с мастер-спальней, планировка с мастер-спальней, приватная спальня, гардеробная при спальне, поэтажные планы, фасады дома, готовый проект дома, catalog-plans.ru, дом 346,9 м², газобетон, европейский"
Дом №33-20: приватная зона в планировке,https://raw.githubusercontent.com/nemchenik/test/catalog-plans-pinterest-assets/pinterest/generated_batch_38_master_bedroom_video/33-20.mp4,Фасады домов с планами,00:01,"Проект дома №33-20. Новый формат помогает оценить дом и расположение мастер-спальни в общей планировке. План этажа помогает сопоставить приватную спальню с остальными помещениями. Параметры проекта: площадь 121,4 м²; 1 этаж; габариты 11.7×15 м; материал — кирпич. Сравните этот вариант с другими домами из подборки с мастер-спальней.",https://catalog-plans.ru/catalog/33-20?utm_source=pinterest&utm_medium=organic&utm_campaign=generated_master_bedroom_video_batch_38&utm_content=pin_7091_33-20_master_bedroom_focus&utm_term=fasady-domov-s-planami,,"проект дома 33-20, Фасады домов с планами, дом с мастер-спальней, планировка с мастер-спальней, приватная спальня, гардеробная при спальне, поэтажные планы, фасады дома, готовый проект дома, catalog-plans.ru, дом 121,4 м², кирпич"
Проект №40-99: дом с мастер-спальней в видео,https://raw.githubusercontent.com/nemchenik/test/catalog-plans-pinterest-assets/pinterest/generated_batch_38_master_bedroom_video/40-99.mp4,Готовые проекты домов с чертежами,00:01,"Проект дома №40-99. Видео показывает дом, его фасады и планировку с мастер-спальней. Проект взят из подборки домов с мастер-спальней на catalog-plans.ru. Параметры проекта: площадь 488,2 м²; 2 этажа; габариты 23.91×25.02 м; материал — кирпич; стиль — хай-тек. Откройте проект, чтобы подробно рассмотреть помещения, размеры и фасады.",https://catalog-plans.ru/catalog/40-99?utm_source=pinterest&utm_medium=organic&utm_campaign=generated_master_bedroom_video_batch_38&utm_content=pin_7092_40-99_master_suite_reveal&utm_term=gotovye-proekty-domov-s-chertezhami,,"проект дома 40-99, Готовые проекты домов с чертежами, дом с мастер-спальней, планировка с мастер-спальней, приватная спальня, гардеробная при спальне, поэтажные планы, фасады дома, готовый проект дома, catalog-plans.ru, дом 488,2 м², кирпич, хай-тек"
Дом №59-97KL: планировка с приватной спальней,https://raw.githubusercontent.com/nemchenik/test/catalog-plans-pinterest-assets/pinterest/generated_batch_38_master_bedroom_video/59-97KL.mp4,Двухэтажные дома с мастер-спальней,00:01,"Проект дома №59-97KL. Ролик начинается с архитектуры дома и переходит к приватной зоне планировки. Все изображения получены непосредственно из карточки соответствующего проекта. Параметры проекта: площадь 150,6 м²; 2 этажа; габариты 10.78×11.88 м; материал — кирпич; стиль — скандинавский. На сайте доступны все планы, характеристики и состав проектной документации.",https://catalog-plans.ru/catalog/59-97KL?utm_source=pinterest&utm_medium=organic&utm_campaign=generated_master_bedroom_video_batch_38&utm_content=pin_7093_59-97kl_facade_to_private_zone&utm_term=dvuhetazhnye-doma-s-master-spalney,,"проект дома 59-97KL, Двухэтажные дома с мастер-спальней, дом с мастер-спальней, планировка с мастер-спальней, приватная спальня, гардеробная при спальне, поэтажные планы, фасады дома, готовый проект дома, catalog-plans.ru, дом 150,6 м², кирпич, скандинавский"
Проект дома №57-60: мастер-спальня и фасады,https://raw.githubusercontent.com/nemchenik/test/catalog-plans-pinterest-assets/pinterest/generated_batch_38_master_bedroom_video/57-60.mp4,Проекты домов с мастер-спальней,00:01,"Проект дома №57-60. В коротком обзоре собраны визуализация, фасады и реальный поэтажный план. Мастер-спальня создаёт отдельную приватную зону для владельцев дома. Параметры проекта: площадь 224,94 м²; 2 этажа; габариты 12.54×14.44 м; материал — газобетон; стиль — европейский. Перейдите к карточке дома и проверьте, подходит ли планировка вашей семье.",https://catalog-plans.ru/catalog/57-60?utm_source=pinterest&utm_medium=organic&utm_campaign=generated_master_bedroom_video_batch_38&utm_content=pin_7094_57-60_family_plan_story&utm_term=proekty-domov-s-master-spalney,,"проект дома 57-60, Проекты домов с мастер-спальней, дом с мастер-спальней, планировка с мастер-спальней, приватная спальня, гардеробная при спальне, поэтажные планы, фасады дома, готовый проект дома, catalog-plans.ru, дом 224,94 м², газобетон, европейский"
Дом №59-09: видео планировки для семьи,https://raw.githubusercontent.com/nemchenik/test/catalog-plans-pinterest-assets/pinterest/generated_batch_38_master_bedroom_video/59-09.mp4,Планировки домов с мастер-спальней,00:01,Проект дома №59-09. Новый формат помогает оценить дом и расположение мастер-спальни в общей планировке. План этажа помогает сопоставить приватную спальню с остальными помещениями. Параметры проекта: площадь 144 м²; 2 этажа; габариты 7.8×15 м; материал — газобетон; стиль — хай-тек. Сравните этот вариант с другими домами из подборки с мастер-спальней.,https://catalog-plans.ru/catalog/59-09?utm_source=pinterest&utm_medium=organic&utm_campaign=generated_master_bedroom_video_batch_38&utm_content=pin_7095_59-09_master_bedroom_focus&utm_term=planirovki-domov-s-master-spalney,,"проект дома 59-09, Планировки домов с мастер-спальней, дом с мастер-спальней, планировка с мастер-спальней, приватная спальня, гардеробная при спальне, поэтажные планы, фасады дома, готовый проект дома, catalog-plans.ru, дом 144 м², газобетон, хай-тек"
Проект №40-94A: фасады и мастер-спальня,https://raw.githubusercontent.com/nemchenik/test/catalog-plans-pinterest-assets/pinterest/generated_batch_38_master_bedroom_video/40-94A.mp4,Мастер-спальня в частном доме,00:01,"Проект дома №40-94A. Видео показывает дом, его фасады и планировку с мастер-спальней. Проект взят из подборки домов с мастер-спальней на catalog-plans.ru. Параметры проекта: площадь 268,5 м²; 2 этажа; габариты 15.18×16 м; материал — кирпич; стиль — хай-тек. Откройте проект, чтобы подробно рассмотреть помещения, размеры и фасады.",https://catalog-plans.ru/catalog/40-94A?utm_source=pinterest&utm_medium=organic&utm_campaign=generated_master_bedroom_video_batch_38&utm_content=pin_7096_40-94a_master_suite_reveal&utm_term=master-spalnya-v-chastnom-dome,,"проект дома 40-94A, Мастер-спальня в частном доме, дом с мастер-спальней, планировка с мастер-спальней, приватная спальня, гардеробная при спальне, поэтажные планы, фасады дома, готовый проект дома, catalog-plans.ru, дом 268,5 м², кирпич, хай-тек"
Дом №40-93A: приватная зона в планировке,https://raw.githubusercontent.com/nemchenik/test/catalog-plans-pinterest-assets/pinterest/generated_batch_38_master_bedroom_video/40-93A.mp4,Дома для семьи с планировкой,00:01,"Проект дома №40-93A. Ролик начинается с архитектуры дома и переходит к приватной зоне планировки. Все изображения получены непосредственно из карточки соответствующего проекта. Параметры проекта: площадь 563,36 м²; 2 этажа; габариты 20.17×22.3 м; материал — монолитный каркас; стиль — хай-тек. На сайте доступны все планы, характеристики и состав проектной документации.",https://catalog-plans.ru/catalog/40-93A?utm_source=pinterest&utm_medium=organic&utm_campaign=generated_master_bedroom_video_batch_38&utm_content=pin_7097_40-93a_facade_to_private_zone&utm_term=doma-dlya-semi-s-planirovkoy,,"проект дома 40-93A, Дома для семьи с планировкой, дом с мастер-спальней, планировка с мастер-спальней, приватная спальня, гардеробная при спальне, поэтажные планы, фасады дома, готовый проект дома, catalog-plans.ru, дом 563,36 м², монолитный каркас, хай-тек"
Проект №57-60EKL: дом с мастер-спальней в видео,https://raw.githubusercontent.com/nemchenik/test/catalog-plans-pinterest-assets/pinterest/generated_batch_38_master_bedroom_video/57-60EKL.mp4,Фасады домов с планами,00:01,"Проект дома №57-60EKL. В коротком обзоре собраны визуализация, фасады и реальный поэтажный план. Мастер-спальня создаёт отдельную приватную зону для владельцев дома. Параметры проекта: площадь 242,02 м²; 2 этажа; габариты 12.64×15.06 м; материал — кирпич; стиль — европейский. Перейдите к карточке дома и проверьте, подходит ли планировка вашей семье.",https://catalog-plans.ru/catalog/57-60EKL?utm_source=pinterest&utm_medium=organic&utm_campaign=generated_master_bedroom_video_batch_38&utm_content=pin_7098_57-60ekl_family_plan_story&utm_term=fasady-domov-s-planami,,"проект дома 57-60EKL, Фасады домов с планами, дом с мастер-спальней, планировка с мастер-спальней, приватная спальня, гардеробная при спальне, поэтажные планы, фасады дома, готовый проект дома, catalog-plans.ru, дом 242,02 м², кирпич, европейский"
Дом №58-10AL: планировка с приватной спальней,https://raw.githubusercontent.com/nemchenik/test/catalog-plans-pinterest-assets/pinterest/generated_batch_38_master_bedroom_video/58-10AL.mp4,Готовые проекты домов с чертежами,00:01,"Проект дома №58-10AL. Новый формат помогает оценить дом и расположение мастер-спальни в общей планировке. План этажа помогает сопоставить приватную спальню с остальными помещениями. Параметры проекта: площадь 268,88 м²; 2 этажа; габариты 13.86×22 м; материал — газобетон; стиль — стиль Райта. Сравните этот вариант с другими домами из подборки с мастер-спальней.",https://catalog-plans.ru/catalog/58-10AL?utm_source=pinterest&utm_medium=organic&utm_campaign=generated_master_bedroom_video_batch_38&utm_content=pin_7099_58-10al_master_bedroom_focus&utm_term=gotovye-proekty-domov-s-chertezhami,,"проект дома 58-10AL, Готовые проекты домов с чертежами, дом с мастер-спальней, планировка с мастер-спальней, приватная спальня, гардеробная при спальне, поэтажные планы, фасады дома, готовый проект дома, catalog-plans.ru, дом 268,88 м², газобетон, стиль Райта"
Проект дома №57-05MKL: мастер-спальня и фасады,https://raw.githubusercontent.com/nemchenik/test/catalog-plans-pinterest-assets/pinterest/generated_batch_38_master_bedroom_video/57-05MKL.mp4,Двухэтажные дома с мастер-спальней,00:01,"Проект дома №57-05MKL. Видео показывает дом, его фасады и планировку с мастер-спальней. Проект взят из подборки домов с мастер-спальней на catalog-plans.ru. Параметры проекта: площадь 236,95 м²; 2 этажа; габариты 10.9×10.9 м; материал — кирпич; стиль — европейский. Откройте проект, чтобы подробно рассмотреть помещения, размеры и фасады.",https://catalog-plans.ru/catalog/57-05MKL?utm_source=pinterest&utm_medium=organic&utm_campaign=generated_master_bedroom_video_batch_38&utm_content=pin_7100_57-05mkl_master_suite_reveal&utm_term=dvuhetazhnye-doma-s-master-spalney,,"проект дома 57-05MKL, Двухэтажные дома с мастер-спальней, дом с мастер-спальней, планировка с мастер-спальней, приватная спальня, гардеробная при спальне, поэтажные планы, фасады дома, готовый проект дома, catalog-plans.ru, дом 236,95 м², кирпич, европейский"
Дом №59-07: видео планировки для семьи,https://raw.githubusercontent.com/nemchenik/test/catalog-plans-pinterest-assets/pinterest/generated_batch_38_master_bedroom_video/59-07.mp4,Проекты домов с мастер-спальней,00:01,"Проект дома №59-07. Ролик начинается с архитектуры дома и переходит к приватной зоне планировки. Все изображения получены непосредственно из карточки соответствующего проекта. Параметры проекта: площадь 111,8 м²; 2 этажа; габариты 7×17.04 м; материал — газобетон; стиль — английский. На сайте доступны все планы, характеристики и состав проектной документации.",https://catalog-plans.ru/catalog/59-07?utm_source=pinterest&utm_medium=organic&utm_campaign=generated_master_bedroom_video_batch_38&utm_content=pin_7101_59-07_facade_to_private_zone&utm_term=proekty-domov-s-master-spalney,,"проект дома 59-07, Проекты домов с мастер-спальней, дом с мастер-спальней, планировка с мастер-спальней, приватная спальня, гардеробная при спальне, поэтажные планы, фасады дома, готовый проект дома, catalog-plans.ru, дом 111,8 м², газобетон, английский"
Проект №33-29: фасады и мастер-спальня,https://raw.githubusercontent.com/nemchenik/test/catalog-plans-pinterest-assets/pinterest/generated_batch_38_master_bedroom_video/33-29.mp4,Планировки домов с мастер-спальней,00:01,"Проект дома №33-29. В коротком обзоре собраны визуализация, фасады и реальный поэтажный план. Мастер-спальня создаёт отдельную приватную зону для владельцев дома. Параметры проекта: площадь 231,5 м²; 1 этаж; габариты 15.8×21.3 м; материал — кирпич; стиль — современный. Перейдите к карточке дома и проверьте, подходит ли планировка вашей семье.",https://catalog-plans.ru/catalog/33-29?utm_source=pinterest&utm_medium=organic&utm_campaign=generated_master_bedroom_video_batch_38&utm_content=pin_7102_33-29_family_plan_story&utm_term=planirovki-domov-s-master-spalney,,"проект дома 33-29, Планировки домов с мастер-спальней, дом с мастер-спальней, планировка с мастер-спальней, приватная спальня, гардеробная при спальне, поэтажные планы, фасады дома, готовый проект дома, catalog-plans.ru, дом 231,5 м², кирпич, современный"
Дом №40-84AL: приватная зона в планировке,https://raw.githubusercontent.com/nemchenik/test/catalog-plans-pinterest-assets/pinterest/generated_batch_38_master_bedroom_video/40-84AL.mp4,Мастер-спальня в частном доме,00:01,"Проект дома №40-84AL. Новый формат помогает оценить дом и расположение мастер-спальни в общей планировке. План этажа помогает сопоставить приватную спальню с остальными помещениями. Параметры проекта: площадь 296,03 м²; 2 этажа; габариты 20.18×21.31 м; материал — кирпич; стиль — хай-тек. Сравните этот вариант с другими домами из подборки с мастер-спальней.",https://catalog-plans.ru/catalog/40-84AL?utm_source=pinterest&utm_medium=organic&utm_campaign=generated_master_bedroom_video_batch_38&utm_content=pin_7103_40-84al_master_bedroom_focus&utm_term=master-spalnya-v-chastnom-dome,,"проект дома 40-84AL, Мастер-спальня в частном доме, дом с мастер-спальней, планировка с мастер-спальней, приватная спальня, гардеробная при спальне, поэтажные планы, фасады дома, готовый проект дома, catalog-plans.ru, дом 296,03 м², кирпич, хай-тек"
Проект №62-38B: дом с мастер-спальней в видео,https://raw.githubusercontent.com/nemchenik/test/catalog-plans-pinterest-assets/pinterest/generated_batch_38_master_bedroom_video/62-38B.mp4,Дома для семьи с планировкой,00:01,"Проект дома №62-38B. Видео показывает дом, его фасады и планировку с мастер-спальней. Проект взят из подборки домов с мастер-спальней на catalog-plans.ru. Параметры проекта: площадь 327,41 м²; 2 этажа; габариты 19.2×19.6 м; материал — газобетон; стиль — шале. Откройте проект, чтобы подробно рассмотреть помещения, размеры и фасады.",https://catalog-plans.ru/catalog/62-38B?utm_source=pinterest&utm_medium=organic&utm_campaign=generated_master_bedroom_video_batch_38&utm_content=pin_7104_62-38b_master_suite_reveal&utm_term=doma-dlya-semi-s-planirovkoy,,"проект дома 62-38B, Дома для семьи с планировкой, дом с мастер-спальней, планировка с мастер-спальней, приватная спальня, гардеробная при спальне, поэтажные планы, фасады дома, готовый проект дома, catalog-plans.ru, дом 327,41 м², газобетон, шале"
Дом №40-75CGL: планировка с приватной спальней,https://raw.githubusercontent.com/nemchenik/test/catalog-plans-pinterest-assets/pinterest/generated_batch_38_master_bedroom_video/40-75CGL.mp4,Фасады домов с планами,00:01,"Проект дома №40-75CGL. Ролик начинается с архитектуры дома и переходит к приватной зоне планировки. Все изображения получены непосредственно из карточки соответствующего проекта. Параметры проекта: площадь 214,6 м²; 2 этажа; габариты 12.8×13.68 м; материал — газобетон. На сайте доступны все планы, характеристики и состав проектной документации.",https://catalog-plans.ru/catalog/40-75CGL?utm_source=pinterest&utm_medium=organic&utm_campaign=generated_master_bedroom_video_batch_38&utm_content=pin_7105_40-75cgl_facade_to_private_zone&utm_term=fasady-domov-s-planami,,"проект дома 40-75CGL, Фасады домов с планами, дом с мастер-спальней, планировка с мастер-спальней, приватная спальня, гардеробная при спальне, поэтажные планы, фасады дома, готовый проект дома, catalog-plans.ru, дом 214,6 м², газобетон"
Проект дома №36-09: мастер-спальня и фасады,https://raw.githubusercontent.com/nemchenik/test/catalog-plans-pinterest-assets/pinterest/generated_batch_38_master_bedroom_video/36-09.mp4,Мастер-спальня в частном доме,00:01,"Проект дома №36-09. В коротком обзоре собраны визуализация, фасады и реальный поэтажный план. Мастер-спальня создаёт отдельную приватную зону для владельцев дома. Параметры проекта: площадь 247,1 м²; 3 этажа; габариты 27.5×35.7 м; материал — кирпича 1. Перейдите к карточке дома и проверьте, подходит ли планировка вашей семье.",https://catalog-plans.ru/catalog/36-09?utm_source=pinterest&utm_medium=organic&utm_campaign=generated_master_bedroom_video_batch_38&utm_content=pin_7106_36-09_family_plan_story&utm_term=master-spalnya-v-chastnom-dome,,"проект дома 36-09, Мастер-спальня в частном доме, дом с мастер-спальней, планировка с мастер-спальней, приватная спальня, гардеробная при спальне, поэтажные планы, фасады дома, готовый проект дома, catalog-plans.ru, дом 247,1 м², кирпича 1"
Дом №40-89A: видео планировки для семьи,https://raw.githubusercontent.com/nemchenik/test/catalog-plans-pinterest-assets/pinterest/generated_batch_38_master_bedroom_video/40-89A.mp4,Дома для семьи с планировкой,00:01,"Проект дома №40-89A. Новый формат помогает оценить дом и расположение мастер-спальни в общей планировке. План этажа помогает сопоставить приватную спальню с остальными помещениями. Параметры проекта: площадь 311,15 м²; 3 этажа; габариты 21.57×26.56 м; материал — монолитный каркас; стиль — хай-тек. Сравните этот вариант с другими домами из подборки с мастер-спальней.",https://catalog-plans.ru/catalog/40-89A?utm_source=pinterest&utm_medium=organic&utm_campaign=generated_master_bedroom_video_batch_38&utm_content=pin_7107_40-89a_master_bedroom_focus&utm_term=doma-dlya-semi-s-planirovkoy,,"проект дома 40-89A, Дома для семьи с планировкой, дом с мастер-спальней, планировка с мастер-спальней, приватная спальня, гардеробная при спальне, поэтажные планы, фасады дома, готовый проект дома, catalog-plans.ru, дом 311,15 м², монолитный каркас, хай-тек"
Проект №62-38A: фасады и мастер-спальня,https://raw.githubusercontent.com/nemchenik/test/catalog-plans-pinterest-assets/pinterest/generated_batch_38_master_bedroom_video/62-38A.mp4,Проекты домов с мастер-спальней,00:01,"Проект дома №62-38A. Видео показывает дом, его фасады и планировку с мастер-спальней. Проект взят из подборки домов с мастер-спальней на catalog-plans.ru. Параметры проекта: площадь 246,93 м²; 2 этажа; габариты 12.8×18.6 м; материал — газобетон; стиль — шале. Откройте проект, чтобы подробно рассмотреть помещения, размеры и фасады.",https://catalog-plans.ru/catalog/62-38A?utm_source=pinterest&utm_medium=organic&utm_campaign=generated_master_bedroom_video_batch_38&utm_content=pin_7108_62-38a_master_suite_reveal&utm_term=proekty-domov-s-master-spalney,,"проект дома 62-38A, Проекты домов с мастер-спальней, дом с мастер-спальней, планировка с мастер-спальней, приватная спальня, гардеробная при спальне, поэтажные планы, фасады дома, готовый проект дома, catalog-plans.ru, дом 246,93 м², газобетон, шале"
Дом №34-96: приватная зона в планировке,https://raw.githubusercontent.com/nemchenik/test/catalog-plans-pinterest-assets/pinterest/generated_batch_38_master_bedroom_video/34-96.mp4,Планировки домов с мастер-спальней,00:01,"Проект дома №34-96. Ролик начинается с архитектуры дома и переходит к приватной зоне планировки. Все изображения получены непосредственно из карточки соответствующего проекта. Параметры проекта: площадь 506,7 м²; 1 этаж; габариты 12.7×38.2 м; материал — кирпич. На сайте доступны все планы, характеристики и состав проектной документации.",https://catalog-plans.ru/catalog/34-96?utm_source=pinterest&utm_medium=organic&utm_campaign=generated_master_bedroom_video_batch_38&utm_content=pin_7109_34-96_facade_to_private_zone&utm_term=planirovki-domov-s-master-spalney,,"проект дома 34-96, Планировки домов с мастер-спальней, дом с мастер-спальней, планировка с мастер-спальней, приватная спальня, гардеробная при спальне, поэтажные планы, фасады дома, готовый проект дома, catalog-plans.ru, дом 506,7 м², кирпич"
Проект №45-04: дом с мастер-спальней в видео,https://raw.githubusercontent.com/nemchenik/test/catalog-plans-pinterest-assets/pinterest/generated_batch_38_master_bedroom_video/45-04.mp4,Мастер-спальня в частном доме,00:01,"Проект дома №45-04. В коротком обзоре собраны визуализация, фасады и реальный поэтажный план. Мастер-спальня создаёт отдельную приватную зону для владельцев дома. Параметры проекта: площадь 326,1 м²; 2 этажа; габариты 15.08×20.72 м; материал — кирпич; стиль — стиль Райта. Перейдите к карточке дома и проверьте, подходит ли планировка вашей семье.",https://catalog-plans.ru/catalog/45-04?utm_source=pinterest&utm_medium=organic&utm_campaign=generated_master_bedroom_video_batch_38&utm_content=pin_7110_45-04_family_plan_story&utm_term=master-spalnya-v-chastnom-dome,,"проект дома 45-04, Мастер-спальня в частном доме, дом с мастер-спальней, планировка с мастер-спальней, приватная спальня, гардеробная при спальне, поэтажные планы, фасады дома, готовый проект дома, catalog-plans.ru, дом 326,1 м², кирпич, стиль Райта"
Дом №39-08: планировка с приватной спальней,https://raw.githubusercontent.com/nemchenik/test/catalog-plans-pinterest-assets/pinterest/generated_batch_38_master_bedroom_video/39-08.mp4,Планировки домов с мастер-спальней,00:01,"Проект дома №39-08. Новый формат помогает оценить дом и расположение мастер-спальни в общей планировке. План этажа помогает сопоставить приватную спальню с остальными помещениями. Параметры проекта: площадь 311,2 м²; 3 этажа; габариты 17.56×18.11 м; материал — кирпич; стиль — средневековый. Сравните этот вариант с другими домами из подборки с мастер-спальней.",https://catalog-plans.ru/catalog/39-08?utm_source=pinterest&utm_medium=organic&utm_campaign=generated_master_bedroom_video_batch_38&utm_content=pin_7111_39-08_master_bedroom_focus&utm_term=planirovki-domov-s-master-spalney,,"проект дома 39-08, Планировки домов с мастер-спальней, дом с мастер-спальней, планировка с мастер-спальней, приватная спальня, гардеробная при спальне, поэтажные планы, фасады дома, готовый проект дома, catalog-plans.ru, дом 311,2 м², кирпич, средневековый"
