Title,Media URL,Pinterest board,Thumbnail,Description,Link,Publish date,Keywords
"Проект дома №69-48: дом, планы и фасады в видео",https://raw.githubusercontent.com/nemchenik/test/catalog-plans-pinterest-assets/pinterest/generated_batch_37_house_plan_facade_video/69-48.mp4,Видео проектов домов,00:01,"Проект дома №69-48. Короткое видео начинает с реального дома, затем показывает поэтажные планы и фасады проекта. Все изображения планов и фасадов взяты непосредственно со страницы этого проекта на catalog-plans.ru. Параметры проекта: площадь 124,59 м²; 1 этаж; габариты 11×16.9 м; материал — газобетон; стиль — современный. После перехода на сайт доступны остальные планы, фасады, размеры и подробные характеристики.",https://catalog-plans.ru/catalog/69-48?utm_source=pinterest&utm_medium=organic&utm_campaign=generated_house_plan_facade_video_batch_37&utm_content=pin_6712_69-48_house_to_plan_to_facade&utm_term=video-proektov-domov,,"проект дома 69-48, Видео проектов домов, видео проекта дома, реальные планы дома, поэтажные планы, фасады дома, архитектурные фасады, готовый проект дома, catalog-plans.ru, дом 124,59 м², газобетон, современный"
Дом №68-49A: видео с планировками и фасадами,https://raw.githubusercontent.com/nemchenik/test/catalog-plans-pinterest-assets/pinterest/generated_batch_37_house_plan_facade_video/68-49A.mp4,Планировки и фасады домов,00:01,"Проект дома №68-49A. В ролике фасад дома плавно сменяется настоящими планировками и архитектурными проекциями. В видео используются не условные схемы, а реальные изображения из карточки соответствующего проекта. Параметры проекта: площадь 138,06 м²; 1 этаж; габариты 10.75×16.7 м; материал — газобетон; стиль — европейский. Откройте карточку проекта, чтобы рассмотреть изображения крупнее и изучить состав документации.",https://catalog-plans.ru/catalog/68-49A?utm_source=pinterest&utm_medium=organic&utm_campaign=generated_house_plan_facade_video_batch_37&utm_content=pin_6713_68-49a_house_plan_facade_loop&utm_term=planirovki-i-fasady-domov,,"проект дома 68-49A, Планировки и фасады домов, видео проекта дома, реальные планы дома, поэтажные планы, фасады дома, архитектурные фасады, готовый проект дома, catalog-plans.ru, дом 138,06 м², газобетон, европейский"
Проект №62-71BANBA: от фасада к планам этажей,https://raw.githubusercontent.com/nemchenik/test/catalog-plans-pinterest-assets/pinterest/generated_batch_37_house_plan_facade_video/62-71BANBA.mp4,Проекты домов с планами этажей,00:01,"Проект дома №62-71BANBA. Видео раскрывает проект по шагам: визуализация дома, планы этажей и фасады со всех сторон. Такой формат помогает быстро оценить и внешний вид, и устройство этажей до перехода на сайт. Параметры проекта: площадь 178,23 м²; 2 этажа; габариты 11×11.3 м; материал — газобетон; стиль — хай-тек. На catalog-plans.ru можно проверить все этажи, фасады, габариты и параметры строительства.",https://catalog-plans.ru/catalog/62-71BANBA?utm_source=pinterest&utm_medium=organic&utm_campaign=generated_house_plan_facade_video_batch_37&utm_content=pin_6714_62-71banba_plans_and_elevations&utm_term=proekty-domov-s-planami-etazhey,,"проект дома 62-71BANBA, Проекты домов с планами этажей, видео проекта дома, реальные планы дома, поэтажные планы, фасады дома, архитектурные фасады, готовый проект дома, catalog-plans.ru, дом 178,23 м², газобетон, хай-тек"
Дом №59-92Q: планы и фасады в коротком видео,https://raw.githubusercontent.com/nemchenik/test/catalog-plans-pinterest-assets/pinterest/generated_batch_37_house_plan_facade_video/59-92Q.mp4,Фасады частных домов,00:01,"Проект дома №59-92Q. Сначала показан внешний вид дома, затем — реальные рабочие изображения планов и фасадов с сайта. Планы и фасады позволяют понять проект глубже, чем одна визуализация дома в ленте Pinterest. Параметры проекта: площадь 163,79 м²; 2 этажа; габариты 10.3×12.7 м; материал — газобетон; стиль — современный. Перейдите к проекту, чтобы изучить планировку, сравнить фасады и оценить посадку на участок.",https://catalog-plans.ru/catalog/59-92Q?utm_source=pinterest&utm_medium=organic&utm_campaign=generated_house_plan_facade_video_batch_37&utm_content=pin_6715_59-92q_project_reveal&utm_term=fasady-chastnyh-domov,,"проект дома 59-92Q, Фасады частных домов, видео проекта дома, реальные планы дома, поэтажные планы, фасады дома, архитектурные фасады, готовый проект дома, catalog-plans.ru, дом 163,79 м², газобетон, современный"
Проект дома №62-07AH: видео-разбор планировки,https://raw.githubusercontent.com/nemchenik/test/catalog-plans-pinterest-assets/pinterest/generated_batch_37_house_plan_facade_video/62-07AH.mp4,Готовые проекты домов с чертежами,00:01,"Проект дома №62-07AH. Динамическая карточка помогает увидеть связь между архитектурой дома и его внутренней планировкой. Движение привлекает внимание, а реальные чертежи делают видеопин полезным для выбора проекта. Параметры проекта: площадь 177,99 м²; 2 этажа; габариты 11.05×12.3 м; материал — газобетон; стиль — европейский. В полной карточке доступны дополнительные ракурсы, планы этажей и сведения по проекту.",https://catalog-plans.ru/catalog/62-07AH?utm_source=pinterest&utm_medium=organic&utm_campaign=generated_house_plan_facade_video_batch_37&utm_content=pin_6716_62-07ah_house_to_plan_to_facade&utm_term=gotovye-proekty-domov-s-chertezhami,,"проект дома 62-07AH, Готовые проекты домов с чертежами, видео проекта дома, реальные планы дома, поэтажные планы, фасады дома, архитектурные фасады, готовый проект дома, catalog-plans.ru, дом 177,99 м², газобетон, европейский"
"Дом №58-70JAB: фасад, планы этажей и размеры",https://raw.githubusercontent.com/nemchenik/test/catalog-plans-pinterest-assets/pinterest/generated_batch_37_house_plan_facade_video/58-70JAB.mp4,Проекты домов с размерами,00:01,"Проект дома №58-70JAB. Ролик превращает статичную карточку в короткий обзор реальных планов и фасадов проекта. За несколько секунд можно сопоставить архитектуру, этажность, размеры и расположение помещений. Параметры проекта: площадь 173,15 м²; 2 этажа; габариты 11.8×13.9 м; материал — газобетон; стиль — шале. На сайте можно посмотреть проект целиком и перейти к расчёту строительства или изменениям.",https://catalog-plans.ru/catalog/58-70JAB?utm_source=pinterest&utm_medium=organic&utm_campaign=generated_house_plan_facade_video_batch_37&utm_content=pin_6717_58-70jab_house_plan_facade_loop&utm_term=proekty-domov-s-razmerami,,"проект дома 58-70JAB, Проекты домов с размерами, видео проекта дома, реальные планы дома, поэтажные планы, фасады дома, архитектурные фасады, готовый проект дома, catalog-plans.ru, дом 173,15 м², газобетон, шале"
Проект №64-45MKB: смотрите дом изнутри и снаружи,https://raw.githubusercontent.com/nemchenik/test/catalog-plans-pinterest-assets/pinterest/generated_batch_37_house_plan_facade_video/64-45MKB.mp4,Двухэтажные дома с планировкой,00:01,"Проект дома №64-45MKB. Видеопин показывает, как внешний образ дома связан с расположением помещений и фасадными решениями. Видео удобно для первичного сравнения проектов по фасадам и планировочным решениям. Параметры проекта: площадь 278,38 м²; 2 этажа; габариты 9.98×13.68 м; материал — монолитный каркас; стиль — хай-тек. Откройте проект, чтобы сверить размеры комнат, фасады и ключевые характеристики дома.",https://catalog-plans.ru/catalog/64-45MKB?utm_source=pinterest&utm_medium=organic&utm_campaign=generated_house_plan_facade_video_batch_37&utm_content=pin_6718_64-45mkb_plans_and_elevations&utm_term=dvuhetazhnye-doma-s-planirovkoy,,"проект дома 64-45MKB, Двухэтажные дома с планировкой, видео проекта дома, реальные планы дома, поэтажные планы, фасады дома, архитектурные фасады, готовый проект дома, catalog-plans.ru, дом 278,38 м², монолитный каркас, хай-тек"
Дом №48-79G: видео проекта с реальными чертежами,https://raw.githubusercontent.com/nemchenik/test/catalog-plans-pinterest-assets/pinterest/generated_batch_37_house_plan_facade_video/48-79G.mp4,Планы одноэтажных домов,00:01,"Проект дома №48-79G. Проект раскрывается последовательно: дом, планировки этажей, фасады и возврат к главной карточке. Реальные планы и фасады помогают быстрее решить, стоит ли открывать проект целиком. Параметры проекта: площадь 121,76 м²; 1 этаж; габариты 13.05×14.79 м; материал — газобетон; стиль — европейский. После клика вы увидите все доступные планы и архитектурные проекции в полном размере.",https://catalog-plans.ru/catalog/48-79G?utm_source=pinterest&utm_medium=organic&utm_campaign=generated_house_plan_facade_video_batch_37&utm_content=pin_6719_48-79g_project_reveal&utm_term=plany-odnoetazhnyh-domov,,"проект дома 48-79G, Планы одноэтажных домов, видео проекта дома, реальные планы дома, поэтажные планы, фасады дома, архитектурные фасады, готовый проект дома, catalog-plans.ru, дом 121,76 м², газобетон, европейский"
"Проект дома №48-78K2: дом, планы и фасады в видео",https://raw.githubusercontent.com/nemchenik/test/catalog-plans-pinterest-assets/pinterest/generated_batch_37_house_plan_facade_video/48-78K2.mp4,Планы кирпичных домов,00:01,"Проект дома №48-78K2. Короткое видео начинает с реального дома, затем показывает поэтажные планы и фасады проекта. Все изображения планов и фасадов взяты непосредственно со страницы этого проекта на catalog-plans.ru. Параметры проекта: площадь 106,68 м²; 2 этажа; габариты 8.58×9.78 м; материал — кирпич. После перехода на сайт доступны остальные планы, фасады, размеры и подробные характеристики.",https://catalog-plans.ru/catalog/48-78K2?utm_source=pinterest&utm_medium=organic&utm_campaign=generated_house_plan_facade_video_batch_37&utm_content=pin_6720_48-78k2_house_to_plan_to_facade&utm_term=plany-kirpichnyh-domov,,"проект дома 48-78K2, Планы кирпичных домов, видео проекта дома, реальные планы дома, поэтажные планы, фасады дома, архитектурные фасады, готовый проект дома, catalog-plans.ru, дом 106,68 м², кирпич"
Дом №69-37: видео с планировками и фасадами,https://raw.githubusercontent.com/nemchenik/test/catalog-plans-pinterest-assets/pinterest/generated_batch_37_house_plan_facade_video/69-37.mp4,Фасады домов из газобетона,00:01,"Проект дома №69-37. В ролике фасад дома плавно сменяется настоящими планировками и архитектурными проекциями. В видео используются не условные схемы, а реальные изображения из карточки соответствующего проекта. Параметры проекта: площадь 123,16 м²; 1 этаж; габариты 9.1×18.4 м; материал — газобетон; стиль — барнхаус. Откройте карточку проекта, чтобы рассмотреть изображения крупнее и изучить состав документации.",https://catalog-plans.ru/catalog/69-37?utm_source=pinterest&utm_medium=organic&utm_campaign=generated_house_plan_facade_video_batch_37&utm_content=pin_6721_69-37_house_plan_facade_loop&utm_term=fasady-domov-iz-gazobetona,,"проект дома 69-37, Фасады домов из газобетона, видео проекта дома, реальные планы дома, поэтажные планы, фасады дома, архитектурные фасады, готовый проект дома, catalog-plans.ru, дом 123,16 м², газобетон, барнхаус"
Проект №69-30: от фасада к планам этажей,https://raw.githubusercontent.com/nemchenik/test/catalog-plans-pinterest-assets/pinterest/generated_batch_37_house_plan_facade_video/69-30.mp4,Видео проектов домов,00:01,"Проект дома №69-30. Видео раскрывает проект по шагам: визуализация дома, планы этажей и фасады со всех сторон. Такой формат помогает быстро оценить и внешний вид, и устройство этажей до перехода на сайт. Параметры проекта: площадь 93,85 м²; 2 этажа; габариты 7×9.7 м; материал — газобетон; стиль — скандинавский. На catalog-plans.ru можно проверить все этажи, фасады, габариты и параметры строительства.",https://catalog-plans.ru/catalog/69-30?utm_source=pinterest&utm_medium=organic&utm_campaign=generated_house_plan_facade_video_batch_37&utm_content=pin_6722_69-30_plans_and_elevations&utm_term=video-proektov-domov,,"проект дома 69-30, Видео проектов домов, видео проекта дома, реальные планы дома, поэтажные планы, фасады дома, архитектурные фасады, готовый проект дома, catalog-plans.ru, дом 93,85 м², газобетон, скандинавский"
Дом №69-29: планы и фасады в коротком видео,https://raw.githubusercontent.com/nemchenik/test/catalog-plans-pinterest-assets/pinterest/generated_batch_37_house_plan_facade_video/69-29.mp4,Современные фасады домов,00:01,"Проект дома №69-29. Сначала показан внешний вид дома, затем — реальные рабочие изображения планов и фасадов с сайта. Планы и фасады позволяют понять проект глубже, чем одна визуализация дома в ленте Pinterest. Параметры проекта: площадь 124,85 м²; 1 этаж; габариты 12.8×14.2 м; материал — газобетон; стиль — современный. Перейдите к проекту, чтобы изучить планировку, сравнить фасады и оценить посадку на участок.",https://catalog-plans.ru/catalog/69-29?utm_source=pinterest&utm_medium=organic&utm_campaign=generated_house_plan_facade_video_batch_37&utm_content=pin_6723_69-29_project_reveal&utm_term=sovremennye-fasady-domov,,"проект дома 69-29, Современные фасады домов, видео проекта дома, реальные планы дома, поэтажные планы, фасады дома, архитектурные фасады, готовый проект дома, catalog-plans.ru, дом 124,85 м², газобетон, современный"
Проект дома №69-28: видео-разбор планировки,https://raw.githubusercontent.com/nemchenik/test/catalog-plans-pinterest-assets/pinterest/generated_batch_37_house_plan_facade_video/69-28.mp4,Проекты домов с планами этажей,00:01,"Проект дома №69-28. Динамическая карточка помогает увидеть связь между архитектурой дома и его внутренней планировкой. Движение привлекает внимание, а реальные чертежи делают видеопин полезным для выбора проекта. Параметры проекта: площадь 126,51 м²; 2 этажа; габариты 8.7×13.2 м; материал — газобетон; стиль — скандинавский. В полной карточке доступны дополнительные ракурсы, планы этажей и сведения по проекту.",https://catalog-plans.ru/catalog/69-28?utm_source=pinterest&utm_medium=organic&utm_campaign=generated_house_plan_facade_video_batch_37&utm_content=pin_6724_69-28_house_to_plan_to_facade&utm_term=proekty-domov-s-planami-etazhey,,"проект дома 69-28, Проекты домов с планами этажей, видео проекта дома, реальные планы дома, поэтажные планы, фасады дома, архитектурные фасады, готовый проект дома, catalog-plans.ru, дом 126,51 м², газобетон, скандинавский"
"Дом №69-27: фасад, планы этажей и размеры",https://raw.githubusercontent.com/nemchenik/test/catalog-plans-pinterest-assets/pinterest/generated_batch_37_house_plan_facade_video/69-27.mp4,Фасады частных домов,00:01,"Проект дома №69-27. Ролик превращает статичную карточку в короткий обзор реальных планов и фасадов проекта. За несколько секунд можно сопоставить архитектуру, этажность, размеры и расположение помещений. Параметры проекта: площадь 97,43 м²; 1 этаж; габариты 8.7×14.5 м; материал — газобетон; стиль — скандинавский. На сайте можно посмотреть проект целиком и перейти к расчёту строительства или изменениям.",https://catalog-plans.ru/catalog/69-27?utm_source=pinterest&utm_medium=organic&utm_campaign=generated_house_plan_facade_video_batch_37&utm_content=pin_6725_69-27_house_plan_facade_loop&utm_term=fasady-chastnyh-domov,,"проект дома 69-27, Фасады частных домов, видео проекта дома, реальные планы дома, поэтажные планы, фасады дома, архитектурные фасады, готовый проект дома, catalog-plans.ru, дом 97,43 м², газобетон, скандинавский"
Проект №69-26: смотрите дом изнутри и снаружи,https://raw.githubusercontent.com/nemchenik/test/catalog-plans-pinterest-assets/pinterest/generated_batch_37_house_plan_facade_video/69-26.mp4,Готовые проекты домов с чертежами,00:01,"Проект дома №69-26. Видеопин показывает, как внешний образ дома связан с расположением помещений и фасадными решениями. Видео удобно для первичного сравнения проектов по фасадам и планировочным решениям. Параметры проекта: площадь 120,49 м²; 1 этаж; габариты 11.2×13.7 м; материал — газобетон; стиль — скандинавский. Откройте проект, чтобы сверить размеры комнат, фасады и ключевые характеристики дома.",https://catalog-plans.ru/catalog/69-26?utm_source=pinterest&utm_medium=organic&utm_campaign=generated_house_plan_facade_video_batch_37&utm_content=pin_6726_69-26_plans_and_elevations&utm_term=gotovye-proekty-domov-s-chertezhami,,"проект дома 69-26, Готовые проекты домов с чертежами, видео проекта дома, реальные планы дома, поэтажные планы, фасады дома, архитектурные фасады, готовый проект дома, catalog-plans.ru, дом 120,49 м², газобетон, скандинавский"
Дом №69-25: видео проекта с реальными чертежами,https://raw.githubusercontent.com/nemchenik/test/catalog-plans-pinterest-assets/pinterest/generated_batch_37_house_plan_facade_video/69-25.mp4,Фасады частных домов,00:01,"Проект дома №69-25. Проект раскрывается последовательно: дом, планировки этажей, фасады и возврат к главной карточке. Реальные планы и фасады помогают быстрее решить, стоит ли открывать проект целиком. Параметры проекта: площадь 129,5 м²; 1 этаж; габариты 12.3×16.1 м; материал — газобетон; стиль — современный. После клика вы увидите все доступные планы и архитектурные проекции в полном размере.",https://catalog-plans.ru/catalog/69-25?utm_source=pinterest&utm_medium=organic&utm_campaign=generated_house_plan_facade_video_batch_37&utm_content=pin_6727_69-25_project_reveal&utm_term=fasady-chastnyh-domov,,"проект дома 69-25, Фасады частных домов, видео проекта дома, реальные планы дома, поэтажные планы, фасады дома, архитектурные фасады, готовый проект дома, catalog-plans.ru, дом 129,5 м², газобетон, современный"
"Проект дома №69-20F: дом, планы и фасады в видео",https://raw.githubusercontent.com/nemchenik/test/catalog-plans-pinterest-assets/pinterest/generated_batch_37_house_plan_facade_video/69-20F.mp4,Готовые проекты домов с чертежами,00:01,"Проект дома №69-20F. Короткое видео начинает с реального дома, затем показывает поэтажные планы и фасады проекта. Все изображения планов и фасадов взяты непосредственно со страницы этого проекта на catalog-plans.ru. Параметры проекта: площадь 135,48 м²; 1 этаж; габариты 9.9×16.5 м; материал — газобетон; стиль — европейский. После перехода на сайт доступны остальные планы, фасады, размеры и подробные характеристики.",https://catalog-plans.ru/catalog/69-20F?utm_source=pinterest&utm_medium=organic&utm_campaign=generated_house_plan_facade_video_batch_37&utm_content=pin_6728_69-20f_house_to_plan_to_facade&utm_term=gotovye-proekty-domov-s-chertezhami,,"проект дома 69-20F, Готовые проекты домов с чертежами, видео проекта дома, реальные планы дома, поэтажные планы, фасады дома, архитектурные фасады, готовый проект дома, catalog-plans.ru, дом 135,48 м², газобетон, европейский"
Дом №10-08: видео с планировками и фасадами,https://raw.githubusercontent.com/nemchenik/test/catalog-plans-pinterest-assets/pinterest/generated_batch_37_house_plan_facade_video/10-08.mp4,Планы двухэтажных домов,00:01,"Проект дома №10-08. В ролике фасад дома плавно сменяется настоящими планировками и архитектурными проекциями. В видео используются не условные схемы, а реальные изображения из карточки соответствующего проекта. Параметры проекта: площадь 270 м²; 2 этажа; габариты 16.74×17.9 м; материал — дерево; стиль — скандинавский. Откройте карточку проекта, чтобы рассмотреть изображения крупнее и изучить состав документации.",https://catalog-plans.ru/catalog/10-08?utm_source=pinterest&utm_medium=organic&utm_campaign=generated_house_plan_facade_video_batch_37&utm_content=pin_6729_10-08_house_plan_facade_loop&utm_term=plany-dvuhetazhnyh-domov,,"проект дома 10-08, Планы двухэтажных домов, видео проекта дома, реальные планы дома, поэтажные планы, фасады дома, архитектурные фасады, готовый проект дома, catalog-plans.ru, дом 270 м², дерево, скандинавский"
Проект №10-09: от фасада к планам этажей,https://raw.githubusercontent.com/nemchenik/test/catalog-plans-pinterest-assets/pinterest/generated_batch_37_house_plan_facade_video/10-09.mp4,Планы деревянных домов,00:01,"Проект дома №10-09. Видео раскрывает проект по шагам: визуализация дома, планы этажей и фасады со всех сторон. Такой формат помогает быстро оценить и внешний вид, и устройство этажей до перехода на сайт. Параметры проекта: площадь 210 м²; 2 этажа; габариты 12.2×15.4 м; материал — дерево; стиль — скандинавский. На catalog-plans.ru можно проверить все этажи, фасады, габариты и параметры строительства.",https://catalog-plans.ru/catalog/10-09?utm_source=pinterest&utm_medium=organic&utm_campaign=generated_house_plan_facade_video_batch_37&utm_content=pin_6730_10-09_plans_and_elevations&utm_term=plany-derevyannyh-domov,,"проект дома 10-09, Планы деревянных домов, видео проекта дома, реальные планы дома, поэтажные планы, фасады дома, архитектурные фасады, готовый проект дома, catalog-plans.ru, дом 210 м², дерево, скандинавский"
Дом №10-10: планы и фасады в коротком видео,https://raw.githubusercontent.com/nemchenik/test/catalog-plans-pinterest-assets/pinterest/generated_batch_37_house_plan_facade_video/10-10.mp4,Фасады деревянных домов,00:01,"Проект дома №10-10. Сначала показан внешний вид дома, затем — реальные рабочие изображения планов и фасадов с сайта. Планы и фасады позволяют понять проект глубже, чем одна визуализация дома в ленте Pinterest. Параметры проекта: площадь 262 м²; 2 этажа; габариты 12.6×21.9 м; материал — дерево. Перейдите к проекту, чтобы изучить планировку, сравнить фасады и оценить посадку на участок.",https://catalog-plans.ru/catalog/10-10?utm_source=pinterest&utm_medium=organic&utm_campaign=generated_house_plan_facade_video_batch_37&utm_content=pin_6731_10-10_project_reveal&utm_term=fasady-derevyannyh-domov,,"проект дома 10-10, Фасады деревянных домов, видео проекта дома, реальные планы дома, поэтажные планы, фасады дома, архитектурные фасады, готовый проект дома, catalog-plans.ru, дом 262 м², дерево"
Проект дома №10-11: видео-разбор планировки,https://raw.githubusercontent.com/nemchenik/test/catalog-plans-pinterest-assets/pinterest/generated_batch_37_house_plan_facade_video/10-11.mp4,Видео проектов домов,00:01,"Проект дома №10-11. Динамическая карточка помогает увидеть связь между архитектурой дома и его внутренней планировкой. Движение привлекает внимание, а реальные чертежи делают видеопин полезным для выбора проекта. Параметры проекта: площадь 166 м²; 2 этажа; габариты 10.8×18.3 м; материал — дерево. В полной карточке доступны дополнительные ракурсы, планы этажей и сведения по проекту.",https://catalog-plans.ru/catalog/10-11?utm_source=pinterest&utm_medium=organic&utm_campaign=generated_house_plan_facade_video_batch_37&utm_content=pin_6732_10-11_house_to_plan_to_facade&utm_term=video-proektov-domov,,"проект дома 10-11, Видео проектов домов, видео проекта дома, реальные планы дома, поэтажные планы, фасады дома, архитектурные фасады, готовый проект дома, catalog-plans.ru, дом 166 м², дерево"
"Дом №10-15: фасад, планы этажей и размеры",https://raw.githubusercontent.com/nemchenik/test/catalog-plans-pinterest-assets/pinterest/generated_batch_37_house_plan_facade_video/10-15.mp4,Планировки и фасады домов,00:01,"Проект дома №10-15. Ролик превращает статичную карточку в короткий обзор реальных планов и фасадов проекта. За несколько секунд можно сопоставить архитектуру, этажность, размеры и расположение помещений. Параметры проекта: площадь 68,7 м²; 2 этажа; габариты 7.25×8.75 м; материал — дерево. На сайте можно посмотреть проект целиком и перейти к расчёту строительства или изменениям.",https://catalog-plans.ru/catalog/10-15?utm_source=pinterest&utm_medium=organic&utm_campaign=generated_house_plan_facade_video_batch_37&utm_content=pin_6733_10-15_house_plan_facade_loop&utm_term=planirovki-i-fasady-domov,,"проект дома 10-15, Планировки и фасады домов, видео проекта дома, реальные планы дома, поэтажные планы, фасады дома, архитектурные фасады, готовый проект дома, catalog-plans.ru, дом 68,7 м², дерево"
Проект №10-18: смотрите дом изнутри и снаружи,https://raw.githubusercontent.com/nemchenik/test/catalog-plans-pinterest-assets/pinterest/generated_batch_37_house_plan_facade_video/10-18.mp4,Проекты домов с планами этажей,00:01,"Проект дома №10-18. Видеопин показывает, как внешний образ дома связан с расположением помещений и фасадными решениями. Видео удобно для первичного сравнения проектов по фасадам и планировочным решениям. Параметры проекта: площадь 124,9 м²; 2 этажа; габариты 8.05×11.2 м; материал — дерево. Откройте проект, чтобы сверить размеры комнат, фасады и ключевые характеристики дома.",https://catalog-plans.ru/catalog/10-18?utm_source=pinterest&utm_medium=organic&utm_campaign=generated_house_plan_facade_video_batch_37&utm_content=pin_6734_10-18_plans_and_elevations&utm_term=proekty-domov-s-planami-etazhey,,"проект дома 10-18, Проекты домов с планами этажей, видео проекта дома, реальные планы дома, поэтажные планы, фасады дома, архитектурные фасады, готовый проект дома, catalog-plans.ru, дом 124,9 м², дерево"
Дом №10-19: видео проекта с реальными чертежами,https://raw.githubusercontent.com/nemchenik/test/catalog-plans-pinterest-assets/pinterest/generated_batch_37_house_plan_facade_video/10-19.mp4,Фасады частных домов,00:01,"Проект дома №10-19. Проект раскрывается последовательно: дом, планировки этажей, фасады и возврат к главной карточке. Реальные планы и фасады помогают быстрее решить, стоит ли открывать проект целиком. Параметры проекта: площадь 134,5 м²; 2 этажа; габариты 7.42×13.07 м; материал — дерево; стиль — скандинавский. После клика вы увидите все доступные планы и архитектурные проекции в полном размере.",https://catalog-plans.ru/catalog/10-19?utm_source=pinterest&utm_medium=organic&utm_campaign=generated_house_plan_facade_video_batch_37&utm_content=pin_6735_10-19_project_reveal&utm_term=fasady-chastnyh-domov,,"проект дома 10-19, Фасады частных домов, видео проекта дома, реальные планы дома, поэтажные планы, фасады дома, архитектурные фасады, готовый проект дома, catalog-plans.ru, дом 134,5 м², дерево, скандинавский"
"Проект дома №10-21: дом, планы и фасады в видео",https://raw.githubusercontent.com/nemchenik/test/catalog-plans-pinterest-assets/pinterest/generated_batch_37_house_plan_facade_video/10-21.mp4,Готовые проекты домов с чертежами,00:01,"Проект дома №10-21. Короткое видео начинает с реального дома, затем показывает поэтажные планы и фасады проекта. Все изображения планов и фасадов взяты непосредственно со страницы этого проекта на catalog-plans.ru. Параметры проекта: площадь 303,5 м²; 2 этажа; габариты 11.4×12.6 м; материал — дерево. После перехода на сайт доступны остальные планы, фасады, размеры и подробные характеристики.",https://catalog-plans.ru/catalog/10-21?utm_source=pinterest&utm_medium=organic&utm_campaign=generated_house_plan_facade_video_batch_37&utm_content=pin_6736_10-21_house_to_plan_to_facade&utm_term=gotovye-proekty-domov-s-chertezhami,,"проект дома 10-21, Готовые проекты домов с чертежами, видео проекта дома, реальные планы дома, поэтажные планы, фасады дома, архитектурные фасады, готовый проект дома, catalog-plans.ru, дом 303,5 м², дерево"
Дом №10-22: видео с планировками и фасадами,https://raw.githubusercontent.com/nemchenik/test/catalog-plans-pinterest-assets/pinterest/generated_batch_37_house_plan_facade_video/10-22.mp4,Проекты домов с размерами,00:01,"Проект дома №10-22. В ролике фасад дома плавно сменяется настоящими планировками и архитектурными проекциями. В видео используются не условные схемы, а реальные изображения из карточки соответствующего проекта. Параметры проекта: площадь 126,3 м²; 2 этажа; габариты 10.2×11.4 м; материал — дерево; стиль — скандинавский. Откройте карточку проекта, чтобы рассмотреть изображения крупнее и изучить состав документации.",https://catalog-plans.ru/catalog/10-22?utm_source=pinterest&utm_medium=organic&utm_campaign=generated_house_plan_facade_video_batch_37&utm_content=pin_6737_10-22_house_plan_facade_loop&utm_term=proekty-domov-s-razmerami,,"проект дома 10-22, Проекты домов с размерами, видео проекта дома, реальные планы дома, поэтажные планы, фасады дома, архитектурные фасады, готовый проект дома, catalog-plans.ru, дом 126,3 м², дерево, скандинавский"
Проект №10-23: от фасада к планам этажей,https://raw.githubusercontent.com/nemchenik/test/catalog-plans-pinterest-assets/pinterest/generated_batch_37_house_plan_facade_video/10-23.mp4,Двухэтажные дома с планировкой,00:01,"Проект дома №10-23. Видео раскрывает проект по шагам: визуализация дома, планы этажей и фасады со всех сторон. Такой формат помогает быстро оценить и внешний вид, и устройство этажей до перехода на сайт. Параметры проекта: площадь 198,5 м²; 2 этажа; габариты 9.6×11.9 м; материал — дерево; стиль — скандинавский. На catalog-plans.ru можно проверить все этажи, фасады, габариты и параметры строительства.",https://catalog-plans.ru/catalog/10-23?utm_source=pinterest&utm_medium=organic&utm_campaign=generated_house_plan_facade_video_batch_37&utm_content=pin_6738_10-23_plans_and_elevations&utm_term=dvuhetazhnye-doma-s-planirovkoy,,"проект дома 10-23, Двухэтажные дома с планировкой, видео проекта дома, реальные планы дома, поэтажные планы, фасады дома, архитектурные фасады, готовый проект дома, catalog-plans.ru, дом 198,5 м², дерево, скандинавский"
Дом №10-25: планы и фасады в коротком видео,https://raw.githubusercontent.com/nemchenik/test/catalog-plans-pinterest-assets/pinterest/generated_batch_37_house_plan_facade_video/10-25.mp4,Фасады частных домов,00:01,"Проект дома №10-25. Сначала показан внешний вид дома, затем — реальные рабочие изображения планов и фасадов с сайта. Планы и фасады позволяют понять проект глубже, чем одна визуализация дома в ленте Pinterest. Параметры проекта: площадь 161,4 м²; 2 этажа; габариты 9.6×15.3 м; материал — дерево; стиль — современный. Перейдите к проекту, чтобы изучить планировку, сравнить фасады и оценить посадку на участок.",https://catalog-plans.ru/catalog/10-25?utm_source=pinterest&utm_medium=organic&utm_campaign=generated_house_plan_facade_video_batch_37&utm_content=pin_6739_10-25_project_reveal&utm_term=fasady-chastnyh-domov,,"проект дома 10-25, Фасады частных домов, видео проекта дома, реальные планы дома, поэтажные планы, фасады дома, архитектурные фасады, готовый проект дома, catalog-plans.ru, дом 161,4 м², дерево, современный"
Проект дома №10-26: видео-разбор планировки,https://raw.githubusercontent.com/nemchenik/test/catalog-plans-pinterest-assets/pinterest/generated_batch_37_house_plan_facade_video/10-26.mp4,Планы деревянных домов,00:01,"Проект дома №10-26. Динамическая карточка помогает увидеть связь между архитектурой дома и его внутренней планировкой. Движение привлекает внимание, а реальные чертежи делают видеопин полезным для выбора проекта. Параметры проекта: площадь 150,85 м²; 2 этажа; габариты 9.5×13.8 м; материал — дерево; стиль — скандинавский. В полной карточке доступны дополнительные ракурсы, планы этажей и сведения по проекту.",https://catalog-plans.ru/catalog/10-26?utm_source=pinterest&utm_medium=organic&utm_campaign=generated_house_plan_facade_video_batch_37&utm_content=pin_6740_10-26_house_to_plan_to_facade&utm_term=plany-derevyannyh-domov,,"проект дома 10-26, Планы деревянных домов, видео проекта дома, реальные планы дома, поэтажные планы, фасады дома, архитектурные фасады, готовый проект дома, catalog-plans.ru, дом 150,85 м², дерево, скандинавский"
"Дом №10-27: фасад, планы этажей и размеры",https://raw.githubusercontent.com/nemchenik/test/catalog-plans-pinterest-assets/pinterest/generated_batch_37_house_plan_facade_video/10-27.mp4,Проекты домов с размерами,00:01,"Проект дома №10-27. Ролик превращает статичную карточку в короткий обзор реальных планов и фасадов проекта. За несколько секунд можно сопоставить архитектуру, этажность, размеры и расположение помещений. Параметры проекта: площадь 129,7 м²; 2 этажа; габариты 9.2×9.6 м; материал — дерево; стиль — европейский. На сайте можно посмотреть проект целиком и перейти к расчёту строительства или изменениям.",https://catalog-plans.ru/catalog/10-27?utm_source=pinterest&utm_medium=organic&utm_campaign=generated_house_plan_facade_video_batch_37&utm_content=pin_6741_10-27_house_plan_facade_loop&utm_term=proekty-domov-s-razmerami,,"проект дома 10-27, Проекты домов с размерами, видео проекта дома, реальные планы дома, поэтажные планы, фасады дома, архитектурные фасады, готовый проект дома, catalog-plans.ru, дом 129,7 м², дерево, европейский"
Проект №10-28: смотрите дом изнутри и снаружи,https://raw.githubusercontent.com/nemchenik/test/catalog-plans-pinterest-assets/pinterest/generated_batch_37_house_plan_facade_video/10-28.mp4,Видео проектов домов,00:01,"Проект дома №10-28. Видеопин показывает, как внешний образ дома связан с расположением помещений и фасадными решениями. Видео удобно для первичного сравнения проектов по фасадам и планировочным решениям. Параметры проекта: площадь 168,71 м²; 2 этажа; габариты 9×12 м; материал — дерево. Откройте проект, чтобы сверить размеры комнат, фасады и ключевые характеристики дома.",https://catalog-plans.ru/catalog/10-28?utm_source=pinterest&utm_medium=organic&utm_campaign=generated_house_plan_facade_video_batch_37&utm_content=pin_6742_10-28_plans_and_elevations&utm_term=video-proektov-domov,,"проект дома 10-28, Видео проектов домов, видео проекта дома, реальные планы дома, поэтажные планы, фасады дома, архитектурные фасады, готовый проект дома, catalog-plans.ru, дом 168,71 м², дерево"
Дом №10-29: видео проекта с реальными чертежами,https://raw.githubusercontent.com/nemchenik/test/catalog-plans-pinterest-assets/pinterest/generated_batch_37_house_plan_facade_video/10-29.mp4,Планировки и фасады домов,00:01,"Проект дома №10-29. Проект раскрывается последовательно: дом, планировки этажей, фасады и возврат к главной карточке. Реальные планы и фасады помогают быстрее решить, стоит ли открывать проект целиком. Параметры проекта: площадь 160 м²; 2 этажа; габариты 10×14 м; материал — дерево. После клика вы увидите все доступные планы и архитектурные проекции в полном размере.",https://catalog-plans.ru/catalog/10-29?utm_source=pinterest&utm_medium=organic&utm_campaign=generated_house_plan_facade_video_batch_37&utm_content=pin_6743_10-29_project_reveal&utm_term=planirovki-i-fasady-domov,,"проект дома 10-29, Планировки и фасады домов, видео проекта дома, реальные планы дома, поэтажные планы, фасады дома, архитектурные фасады, готовый проект дома, catalog-plans.ru, дом 160 м², дерево"
"Проект дома №10-30: дом, планы и фасады в видео",https://raw.githubusercontent.com/nemchenik/test/catalog-plans-pinterest-assets/pinterest/generated_batch_37_house_plan_facade_video/10-30.mp4,Проекты домов с планами этажей,00:01,"Проект дома №10-30. Короткое видео начинает с реального дома, затем показывает поэтажные планы и фасады проекта. Все изображения планов и фасадов взяты непосредственно со страницы этого проекта на catalog-plans.ru. Параметры проекта: площадь 247,78 м²; 2 этажа; габариты 10.6×11.4 м; материал — дерево. После перехода на сайт доступны остальные планы, фасады, размеры и подробные характеристики.",https://catalog-plans.ru/catalog/10-30?utm_source=pinterest&utm_medium=organic&utm_campaign=generated_house_plan_facade_video_batch_37&utm_content=pin_6744_10-30_house_to_plan_to_facade&utm_term=proekty-domov-s-planami-etazhey,,"проект дома 10-30, Проекты домов с планами этажей, видео проекта дома, реальные планы дома, поэтажные планы, фасады дома, архитектурные фасады, готовый проект дома, catalog-plans.ru, дом 247,78 м², дерево"
Дом №10-33: видео с планировками и фасадами,https://raw.githubusercontent.com/nemchenik/test/catalog-plans-pinterest-assets/pinterest/generated_batch_37_house_plan_facade_video/10-33.mp4,Фасады частных домов,00:01,"Проект дома №10-33. В ролике фасад дома плавно сменяется настоящими планировками и архитектурными проекциями. В видео используются не условные схемы, а реальные изображения из карточки соответствующего проекта. Параметры проекта: площадь 148,04 м²; 2 этажа; габариты 10.05×10.2 м; материал — дерево. Откройте карточку проекта, чтобы рассмотреть изображения крупнее и изучить состав документации.",https://catalog-plans.ru/catalog/10-33?utm_source=pinterest&utm_medium=organic&utm_campaign=generated_house_plan_facade_video_batch_37&utm_content=pin_6745_10-33_house_plan_facade_loop&utm_term=fasady-chastnyh-domov,,"проект дома 10-33, Фасады частных домов, видео проекта дома, реальные планы дома, поэтажные планы, фасады дома, архитектурные фасады, готовый проект дома, catalog-plans.ru, дом 148,04 м², дерево"
Проект №10-34: от фасада к планам этажей,https://raw.githubusercontent.com/nemchenik/test/catalog-plans-pinterest-assets/pinterest/generated_batch_37_house_plan_facade_video/10-34.mp4,Проекты домов с планами этажей,00:01,"Проект дома №10-34. Видео раскрывает проект по шагам: визуализация дома, планы этажей и фасады со всех сторон. Такой формат помогает быстро оценить и внешний вид, и устройство этажей до перехода на сайт. Параметры проекта: площадь 242,03 м²; 3 этажа; габариты 10.8×12 м; материал — дерево; стиль — скандинавский. На catalog-plans.ru можно проверить все этажи, фасады, габариты и параметры строительства.",https://catalog-plans.ru/catalog/10-34?utm_source=pinterest&utm_medium=organic&utm_campaign=generated_house_plan_facade_video_batch_37&utm_content=pin_6746_10-34_plans_and_elevations&utm_term=proekty-domov-s-planami-etazhey,,"проект дома 10-34, Проекты домов с планами этажей, видео проекта дома, реальные планы дома, поэтажные планы, фасады дома, архитектурные фасады, готовый проект дома, catalog-plans.ru, дом 242,03 м², дерево, скандинавский"
Дом №10-36: планы и фасады в коротком видео,https://raw.githubusercontent.com/nemchenik/test/catalog-plans-pinterest-assets/pinterest/generated_batch_37_house_plan_facade_video/10-36.mp4,Проекты домов с размерами,00:01,"Проект дома №10-36. Сначала показан внешний вид дома, затем — реальные рабочие изображения планов и фасадов с сайта. Планы и фасады позволяют понять проект глубже, чем одна визуализация дома в ленте Pinterest. Параметры проекта: площадь 279,7 м²; 2 этажа; габариты 11.6×14 м; материал — дерево; стиль — средневековый. Перейдите к проекту, чтобы изучить планировку, сравнить фасады и оценить посадку на участок.",https://catalog-plans.ru/catalog/10-36?utm_source=pinterest&utm_medium=organic&utm_campaign=generated_house_plan_facade_video_batch_37&utm_content=pin_6747_10-36_project_reveal&utm_term=proekty-domov-s-razmerami,,"проект дома 10-36, Проекты домов с размерами, видео проекта дома, реальные планы дома, поэтажные планы, фасады дома, архитектурные фасады, готовый проект дома, catalog-plans.ru, дом 279,7 м², дерево, средневековый"
Проект дома №10-37: видео-разбор планировки,https://raw.githubusercontent.com/nemchenik/test/catalog-plans-pinterest-assets/pinterest/generated_batch_37_house_plan_facade_video/10-37.mp4,Видео проектов домов,00:01,"Проект дома №10-37. Динамическая карточка помогает увидеть связь между архитектурой дома и его внутренней планировкой. Движение привлекает внимание, а реальные чертежи делают видеопин полезным для выбора проекта. Параметры проекта: площадь 127,98 м²; 2 этажа; габариты 9×12 м; материал — дерево; стиль — европейский. В полной карточке доступны дополнительные ракурсы, планы этажей и сведения по проекту.",https://catalog-plans.ru/catalog/10-37?utm_source=pinterest&utm_medium=organic&utm_campaign=generated_house_plan_facade_video_batch_37&utm_content=pin_6748_10-37_house_to_plan_to_facade&utm_term=video-proektov-domov,,"проект дома 10-37, Видео проектов домов, видео проекта дома, реальные планы дома, поэтажные планы, фасады дома, архитектурные фасады, готовый проект дома, catalog-plans.ru, дом 127,98 м², дерево, европейский"
"Дом №10-38: фасад, планы этажей и размеры",https://raw.githubusercontent.com/nemchenik/test/catalog-plans-pinterest-assets/pinterest/generated_batch_37_house_plan_facade_video/10-38.mp4,Планы двухэтажных домов,00:01,"Проект дома №10-38. Ролик превращает статичную карточку в короткий обзор реальных планов и фасадов проекта. За несколько секунд можно сопоставить архитектуру, этажность, размеры и расположение помещений. Параметры проекта: площадь 134,06 м²; 2 этажа; габариты 6.6×9.6 м; материал — дерево. На сайте можно посмотреть проект целиком и перейти к расчёту строительства или изменениям.",https://catalog-plans.ru/catalog/10-38?utm_source=pinterest&utm_medium=organic&utm_campaign=generated_house_plan_facade_video_batch_37&utm_content=pin_6749_10-38_house_plan_facade_loop&utm_term=plany-dvuhetazhnyh-domov,,"проект дома 10-38, Планы двухэтажных домов, видео проекта дома, реальные планы дома, поэтажные планы, фасады дома, архитектурные фасады, готовый проект дома, catalog-plans.ru, дом 134,06 м², дерево"
Проект №10-40: смотрите дом изнутри и снаружи,https://raw.githubusercontent.com/nemchenik/test/catalog-plans-pinterest-assets/pinterest/generated_batch_37_house_plan_facade_video/10-40.mp4,Планы кирпичных домов,00:01,"Проект дома №10-40. Видеопин показывает, как внешний образ дома связан с расположением помещений и фасадными решениями. Видео удобно для первичного сравнения проектов по фасадам и планировочным решениям. Параметры проекта: площадь 142,1 м²; 3 этажа; габариты 7×8.9 м; материал — кирпич. Откройте проект, чтобы сверить размеры комнат, фасады и ключевые характеристики дома.",https://catalog-plans.ru/catalog/10-40?utm_source=pinterest&utm_medium=organic&utm_campaign=generated_house_plan_facade_video_batch_37&utm_content=pin_6750_10-40_plans_and_elevations&utm_term=plany-kirpichnyh-domov,,"проект дома 10-40, Планы кирпичных домов, видео проекта дома, реальные планы дома, поэтажные планы, фасады дома, архитектурные фасады, готовый проект дома, catalog-plans.ru, дом 142,1 м², кирпич"
Дом №10-41: видео проекта с реальными чертежами,https://raw.githubusercontent.com/nemchenik/test/catalog-plans-pinterest-assets/pinterest/generated_batch_37_house_plan_facade_video/10-41.mp4,Фасады частных домов,00:01,"Проект дома №10-41. Проект раскрывается последовательно: дом, планировки этажей, фасады и возврат к главной карточке. Реальные планы и фасады помогают быстрее решить, стоит ли открывать проект целиком. Параметры проекта: площадь 183,1 м²; 2 этажа; габариты 9×11 м; материал — дерево; стиль — европейский. После клика вы увидите все доступные планы и архитектурные проекции в полном размере.",https://catalog-plans.ru/catalog/10-41?utm_source=pinterest&utm_medium=organic&utm_campaign=generated_house_plan_facade_video_batch_37&utm_content=pin_6751_10-41_project_reveal&utm_term=fasady-chastnyh-domov,,"проект дома 10-41, Фасады частных домов, видео проекта дома, реальные планы дома, поэтажные планы, фасады дома, архитектурные фасады, готовый проект дома, catalog-plans.ru, дом 183,1 м², дерево, европейский"
"Проект дома №10-42: дом, планы и фасады в видео",https://raw.githubusercontent.com/nemchenik/test/catalog-plans-pinterest-assets/pinterest/generated_batch_37_house_plan_facade_video/10-42.mp4,Видео проектов домов,00:01,"Проект дома №10-42. Короткое видео начинает с реального дома, затем показывает поэтажные планы и фасады проекта. Все изображения планов и фасадов взяты непосредственно со страницы этого проекта на catalog-plans.ru. Параметры проекта: площадь 192,1 м²; 2 этажа; габариты 8.05×11.2 м; материал — дерево. После перехода на сайт доступны остальные планы, фасады, размеры и подробные характеристики.",https://catalog-plans.ru/catalog/10-42?utm_source=pinterest&utm_medium=organic&utm_campaign=generated_house_plan_facade_video_batch_37&utm_content=pin_6752_10-42_house_to_plan_to_facade&utm_term=video-proektov-domov,,"проект дома 10-42, Видео проектов домов, видео проекта дома, реальные планы дома, поэтажные планы, фасады дома, архитектурные фасады, готовый проект дома, catalog-plans.ru, дом 192,1 м², дерево"
Дом №10-44: видео с планировками и фасадами,https://raw.githubusercontent.com/nemchenik/test/catalog-plans-pinterest-assets/pinterest/generated_batch_37_house_plan_facade_video/10-44.mp4,Планировки и фасады домов,00:01,"Проект дома №10-44. В ролике фасад дома плавно сменяется настоящими планировками и архитектурными проекциями. В видео используются не условные схемы, а реальные изображения из карточки соответствующего проекта. Параметры проекта: площадь 92,6 м²; 2 этажа; габариты 8.9×9.35 м; материал — дерево. Откройте карточку проекта, чтобы рассмотреть изображения крупнее и изучить состав документации.",https://catalog-plans.ru/catalog/10-44?utm_source=pinterest&utm_medium=organic&utm_campaign=generated_house_plan_facade_video_batch_37&utm_content=pin_6753_10-44_house_plan_facade_loop&utm_term=planirovki-i-fasady-domov,,"проект дома 10-44, Планировки и фасады домов, видео проекта дома, реальные планы дома, поэтажные планы, фасады дома, архитектурные фасады, готовый проект дома, catalog-plans.ru, дом 92,6 м², дерево"
Проект №10-45: от фасада к планам этажей,https://raw.githubusercontent.com/nemchenik/test/catalog-plans-pinterest-assets/pinterest/generated_batch_37_house_plan_facade_video/10-45.mp4,Проекты домов с планами этажей,00:01,"Проект дома №10-45. Видео раскрывает проект по шагам: визуализация дома, планы этажей и фасады со всех сторон. Такой формат помогает быстро оценить и внешний вид, и устройство этажей до перехода на сайт. Параметры проекта: площадь 69,4 м²; 1 этаж; габариты 7.1×13.1 м; материал — дерево; стиль — шале. На catalog-plans.ru можно проверить все этажи, фасады, габариты и параметры строительства.",https://catalog-plans.ru/catalog/10-45?utm_source=pinterest&utm_medium=organic&utm_campaign=generated_house_plan_facade_video_batch_37&utm_content=pin_6754_10-45_plans_and_elevations&utm_term=proekty-domov-s-planami-etazhey,,"проект дома 10-45, Проекты домов с планами этажей, видео проекта дома, реальные планы дома, поэтажные планы, фасады дома, архитектурные фасады, готовый проект дома, catalog-plans.ru, дом 69,4 м², дерево, шале"
Дом №10-46: планы и фасады в коротком видео,https://raw.githubusercontent.com/nemchenik/test/catalog-plans-pinterest-assets/pinterest/generated_batch_37_house_plan_facade_video/10-46.mp4,Фасады частных домов,00:01,"Проект дома №10-46. Сначала показан внешний вид дома, затем — реальные рабочие изображения планов и фасадов с сайта. Планы и фасады позволяют понять проект глубже, чем одна визуализация дома в ленте Pinterest. Параметры проекта: площадь 153,7 м²; 2 этажа; габариты 9.95×10.85 м; материал — дерево. Перейдите к проекту, чтобы изучить планировку, сравнить фасады и оценить посадку на участок.",https://catalog-plans.ru/catalog/10-46?utm_source=pinterest&utm_medium=organic&utm_campaign=generated_house_plan_facade_video_batch_37&utm_content=pin_6755_10-46_project_reveal&utm_term=fasady-chastnyh-domov,,"проект дома 10-46, Фасады частных домов, видео проекта дома, реальные планы дома, поэтажные планы, фасады дома, архитектурные фасады, готовый проект дома, catalog-plans.ru, дом 153,7 м², дерево"
Проект дома №10-48: видео-разбор планировки,https://raw.githubusercontent.com/nemchenik/test/catalog-plans-pinterest-assets/pinterest/generated_batch_37_house_plan_facade_video/10-48.mp4,Готовые проекты домов с чертежами,00:01,"Проект дома №10-48. Динамическая карточка помогает увидеть связь между архитектурой дома и его внутренней планировкой. Движение привлекает внимание, а реальные чертежи делают видеопин полезным для выбора проекта. Параметры проекта: площадь 209,1 м²; 2 этажа; габариты 11×16.7 м; материал — дерево. В полной карточке доступны дополнительные ракурсы, планы этажей и сведения по проекту.",https://catalog-plans.ru/catalog/10-48?utm_source=pinterest&utm_medium=organic&utm_campaign=generated_house_plan_facade_video_batch_37&utm_content=pin_6756_10-48_house_to_plan_to_facade&utm_term=gotovye-proekty-domov-s-chertezhami,,"проект дома 10-48, Готовые проекты домов с чертежами, видео проекта дома, реальные планы дома, поэтажные планы, фасады дома, архитектурные фасады, готовый проект дома, catalog-plans.ru, дом 209,1 м², дерево"
"Дом №10-49: фасад, планы этажей и размеры",https://raw.githubusercontent.com/nemchenik/test/catalog-plans-pinterest-assets/pinterest/generated_batch_37_house_plan_facade_video/10-49.mp4,Проекты домов с размерами,00:01,"Проект дома №10-49. Ролик превращает статичную карточку в короткий обзор реальных планов и фасадов проекта. За несколько секунд можно сопоставить архитектуру, этажность, размеры и расположение помещений. Параметры проекта: площадь 264,25 м²; 2 этажа; габариты 10.5×12.3 м; материал — дерево. На сайте можно посмотреть проект целиком и перейти к расчёту строительства или изменениям.",https://catalog-plans.ru/catalog/10-49?utm_source=pinterest&utm_medium=organic&utm_campaign=generated_house_plan_facade_video_batch_37&utm_content=pin_6757_10-49_house_plan_facade_loop&utm_term=proekty-domov-s-razmerami,,"проект дома 10-49, Проекты домов с размерами, видео проекта дома, реальные планы дома, поэтажные планы, фасады дома, архитектурные фасады, готовый проект дома, catalog-plans.ru, дом 264,25 м², дерево"
Проект №10-50: смотрите дом изнутри и снаружи,https://raw.githubusercontent.com/nemchenik/test/catalog-plans-pinterest-assets/pinterest/generated_batch_37_house_plan_facade_video/10-50.mp4,Двухэтажные дома с планировкой,00:01,"Проект дома №10-50. Видеопин показывает, как внешний образ дома связан с расположением помещений и фасадными решениями. Видео удобно для первичного сравнения проектов по фасадам и планировочным решениям. Параметры проекта: площадь 109,17 м²; 2 этажа; габариты 7.57×18.77 м; материал — дерево; стиль — скандинавский. Откройте проект, чтобы сверить размеры комнат, фасады и ключевые характеристики дома.",https://catalog-plans.ru/catalog/10-50?utm_source=pinterest&utm_medium=organic&utm_campaign=generated_house_plan_facade_video_batch_37&utm_content=pin_6758_10-50_plans_and_elevations&utm_term=dvuhetazhnye-doma-s-planirovkoy,,"проект дома 10-50, Двухэтажные дома с планировкой, видео проекта дома, реальные планы дома, поэтажные планы, фасады дома, архитектурные фасады, готовый проект дома, catalog-plans.ru, дом 109,17 м², дерево, скандинавский"
Дом №10-51: видео проекта с реальными чертежами,https://raw.githubusercontent.com/nemchenik/test/catalog-plans-pinterest-assets/pinterest/generated_batch_37_house_plan_facade_video/10-51.mp4,Современные фасады домов,00:01,"Проект дома №10-51. Проект раскрывается последовательно: дом, планировки этажей, фасады и возврат к главной карточке. Реальные планы и фасады помогают быстрее решить, стоит ли открывать проект целиком. Параметры проекта: площадь 179 м²; 2 этажа; габариты 10.5×13.5 м; материал — дерево; стиль — современный. После клика вы увидите все доступные планы и архитектурные проекции в полном размере.",https://catalog-plans.ru/catalog/10-51?utm_source=pinterest&utm_medium=organic&utm_campaign=generated_house_plan_facade_video_batch_37&utm_content=pin_6759_10-51_project_reveal&utm_term=sovremennye-fasady-domov,,"проект дома 10-51, Современные фасады домов, видео проекта дома, реальные планы дома, поэтажные планы, фасады дома, архитектурные фасады, готовый проект дома, catalog-plans.ru, дом 179 м², дерево, современный"
"Проект дома №10-52: дом, планы и фасады в видео",https://raw.githubusercontent.com/nemchenik/test/catalog-plans-pinterest-assets/pinterest/generated_batch_37_house_plan_facade_video/10-52.mp4,Планы деревянных домов,00:01,"Проект дома №10-52. Короткое видео начинает с реального дома, затем показывает поэтажные планы и фасады проекта. Все изображения планов и фасадов взяты непосредственно со страницы этого проекта на catalog-plans.ru. Параметры проекта: площадь 129,3 м²; 2 этажа; габариты 8.3×10.85 м; материал — дерево; стиль — скандинавский. После перехода на сайт доступны остальные планы, фасады, размеры и подробные характеристики.",https://catalog-plans.ru/catalog/10-52?utm_source=pinterest&utm_medium=organic&utm_campaign=generated_house_plan_facade_video_batch_37&utm_content=pin_6760_10-52_house_to_plan_to_facade&utm_term=plany-derevyannyh-domov,,"проект дома 10-52, Планы деревянных домов, видео проекта дома, реальные планы дома, поэтажные планы, фасады дома, архитектурные фасады, готовый проект дома, catalog-plans.ru, дом 129,3 м², дерево, скандинавский"
Дом №10-53: видео с планировками и фасадами,https://raw.githubusercontent.com/nemchenik/test/catalog-plans-pinterest-assets/pinterest/generated_batch_37_house_plan_facade_video/10-53.mp4,Планировки и фасады домов,00:01,"Проект дома №10-53. В ролике фасад дома плавно сменяется настоящими планировками и архитектурными проекциями. В видео используются не условные схемы, а реальные изображения из карточки соответствующего проекта. Параметры проекта: площадь 215,5 м²; 2 этажа; габариты 10.2×15 м; материал — дерево; стиль — европейский. Откройте карточку проекта, чтобы рассмотреть изображения крупнее и изучить состав документации.",https://catalog-plans.ru/catalog/10-53?utm_source=pinterest&utm_medium=organic&utm_campaign=generated_house_plan_facade_video_batch_37&utm_content=pin_6761_10-53_house_plan_facade_loop&utm_term=planirovki-i-fasady-domov,,"проект дома 10-53, Планировки и фасады домов, видео проекта дома, реальные планы дома, поэтажные планы, фасады дома, архитектурные фасады, готовый проект дома, catalog-plans.ru, дом 215,5 м², дерево, европейский"
Проект №10-58: от фасада к планам этажей,https://raw.githubusercontent.com/nemchenik/test/catalog-plans-pinterest-assets/pinterest/generated_batch_37_house_plan_facade_video/10-58.mp4,Видео проектов домов,00:01,"Проект дома №10-58. Видео раскрывает проект по шагам: визуализация дома, планы этажей и фасады со всех сторон. Такой формат помогает быстро оценить и внешний вид, и устройство этажей до перехода на сайт. Параметры проекта: площадь 74,8 м²; 2 этажа; габариты 6.3×10.5 м; материал — дерево. На catalog-plans.ru можно проверить все этажи, фасады, габариты и параметры строительства.",https://catalog-plans.ru/catalog/10-58?utm_source=pinterest&utm_medium=organic&utm_campaign=generated_house_plan_facade_video_batch_37&utm_content=pin_6762_10-58_plans_and_elevations&utm_term=video-proektov-domov,,"проект дома 10-58, Видео проектов домов, видео проекта дома, реальные планы дома, поэтажные планы, фасады дома, архитектурные фасады, готовый проект дома, catalog-plans.ru, дом 74,8 м², дерево"
Дом №10-59: планы и фасады в коротком видео,https://raw.githubusercontent.com/nemchenik/test/catalog-plans-pinterest-assets/pinterest/generated_batch_37_house_plan_facade_video/10-59.mp4,Планировки и фасады домов,00:01,"Проект дома №10-59. Сначала показан внешний вид дома, затем — реальные рабочие изображения планов и фасадов с сайта. Планы и фасады позволяют понять проект глубже, чем одна визуализация дома в ленте Pinterest. Параметры проекта: площадь 76,1 м²; 2 этажа; габариты 6.8×10.8 м; материал — дерево. Перейдите к проекту, чтобы изучить планировку, сравнить фасады и оценить посадку на участок.",https://catalog-plans.ru/catalog/10-59?utm_source=pinterest&utm_medium=organic&utm_campaign=generated_house_plan_facade_video_batch_37&utm_content=pin_6763_10-59_project_reveal&utm_term=planirovki-i-fasady-domov,,"проект дома 10-59, Планировки и фасады домов, видео проекта дома, реальные планы дома, поэтажные планы, фасады дома, архитектурные фасады, готовый проект дома, catalog-plans.ru, дом 76,1 м², дерево"
Проект дома №10-63: видео-разбор планировки,https://raw.githubusercontent.com/nemchenik/test/catalog-plans-pinterest-assets/pinterest/generated_batch_37_house_plan_facade_video/10-63.mp4,Проекты домов с планами этажей,00:01,"Проект дома №10-63. Динамическая карточка помогает увидеть связь между архитектурой дома и его внутренней планировкой. Движение привлекает внимание, а реальные чертежи делают видеопин полезным для выбора проекта. Параметры проекта: площадь 57,1 м²; 2 этажа; габариты 6×8 м; материал — дерево. В полной карточке доступны дополнительные ракурсы, планы этажей и сведения по проекту.",https://catalog-plans.ru/catalog/10-63?utm_source=pinterest&utm_medium=organic&utm_campaign=generated_house_plan_facade_video_batch_37&utm_content=pin_6764_10-63_house_to_plan_to_facade&utm_term=proekty-domov-s-planami-etazhey,,"проект дома 10-63, Проекты домов с планами этажей, видео проекта дома, реальные планы дома, поэтажные планы, фасады дома, архитектурные фасады, готовый проект дома, catalog-plans.ru, дом 57,1 м², дерево"
"Дом №10-66: фасад, планы этажей и размеры",https://raw.githubusercontent.com/nemchenik/test/catalog-plans-pinterest-assets/pinterest/generated_batch_37_house_plan_facade_video/10-66.mp4,Проекты домов с размерами,00:01,"Проект дома №10-66. Ролик превращает статичную карточку в короткий обзор реальных планов и фасадов проекта. За несколько секунд можно сопоставить архитектуру, этажность, размеры и расположение помещений. Параметры проекта: площадь 119,87 м²; 2 этажа; габариты 9×10 м; материал — дерево; стиль — современный. На сайте можно посмотреть проект целиком и перейти к расчёту строительства или изменениям.",https://catalog-plans.ru/catalog/10-66?utm_source=pinterest&utm_medium=organic&utm_campaign=generated_house_plan_facade_video_batch_37&utm_content=pin_6765_10-66_house_plan_facade_loop&utm_term=proekty-domov-s-razmerami,,"проект дома 10-66, Проекты домов с размерами, видео проекта дома, реальные планы дома, поэтажные планы, фасады дома, архитектурные фасады, готовый проект дома, catalog-plans.ru, дом 119,87 м², дерево, современный"
Проект №10-67: смотрите дом изнутри и снаружи,https://raw.githubusercontent.com/nemchenik/test/catalog-plans-pinterest-assets/pinterest/generated_batch_37_house_plan_facade_video/10-67.mp4,Готовые проекты домов с чертежами,00:01,"Проект дома №10-67. Видеопин показывает, как внешний образ дома связан с расположением помещений и фасадными решениями. Видео удобно для первичного сравнения проектов по фасадам и планировочным решениям. Параметры проекта: площадь 270,7 м²; 2 этажа; габариты 12×19 м; материал — дерево. Откройте проект, чтобы сверить размеры комнат, фасады и ключевые характеристики дома.",https://catalog-plans.ru/catalog/10-67?utm_source=pinterest&utm_medium=organic&utm_campaign=generated_house_plan_facade_video_batch_37&utm_content=pin_6766_10-67_plans_and_elevations&utm_term=gotovye-proekty-domov-s-chertezhami,,"проект дома 10-67, Готовые проекты домов с чертежами, видео проекта дома, реальные планы дома, поэтажные планы, фасады дома, архитектурные фасады, готовый проект дома, catalog-plans.ru, дом 270,7 м², дерево"
Дом №10-69: видео проекта с реальными чертежами,https://raw.githubusercontent.com/nemchenik/test/catalog-plans-pinterest-assets/pinterest/generated_batch_37_house_plan_facade_video/10-69.mp4,Планы двухэтажных домов,00:01,"Проект дома №10-69. Проект раскрывается последовательно: дом, планировки этажей, фасады и возврат к главной карточке. Реальные планы и фасады помогают быстрее решить, стоит ли открывать проект целиком. Параметры проекта: площадь 653,5 м²; 2 этажа; габариты 18.5×22.5 м; материал — дерево; стиль — европейский. После клика вы увидите все доступные планы и архитектурные проекции в полном размере.",https://catalog-plans.ru/catalog/10-69?utm_source=pinterest&utm_medium=organic&utm_campaign=generated_house_plan_facade_video_batch_37&utm_content=pin_6767_10-69_project_reveal&utm_term=plany-dvuhetazhnyh-domov,,"проект дома 10-69, Планы двухэтажных домов, видео проекта дома, реальные планы дома, поэтажные планы, фасады дома, архитектурные фасады, готовый проект дома, catalog-plans.ru, дом 653,5 м², дерево, европейский"
"Проект дома №10-76: дом, планы и фасады в видео",https://raw.githubusercontent.com/nemchenik/test/catalog-plans-pinterest-assets/pinterest/generated_batch_37_house_plan_facade_video/10-76.mp4,Двухэтажные дома с планировкой,00:01,"Проект дома №10-76. Короткое видео начинает с реального дома, затем показывает поэтажные планы и фасады проекта. Все изображения планов и фасадов взяты непосредственно со страницы этого проекта на catalog-plans.ru. Параметры проекта: площадь 69,7 м²; 2 этажа; габариты 7.5×8.4 м; материал — дерево; стиль — шале. После перехода на сайт доступны остальные планы, фасады, размеры и подробные характеристики.",https://catalog-plans.ru/catalog/10-76?utm_source=pinterest&utm_medium=organic&utm_campaign=generated_house_plan_facade_video_batch_37&utm_content=pin_6768_10-76_house_to_plan_to_facade&utm_term=dvuhetazhnye-doma-s-planirovkoy,,"проект дома 10-76, Двухэтажные дома с планировкой, видео проекта дома, реальные планы дома, поэтажные планы, фасады дома, архитектурные фасады, готовый проект дома, catalog-plans.ru, дом 69,7 м², дерево, шале"
Дом №10-77: видео с планировками и фасадами,https://raw.githubusercontent.com/nemchenik/test/catalog-plans-pinterest-assets/pinterest/generated_batch_37_house_plan_facade_video/10-77.mp4,Планы двухэтажных домов,00:01,"Проект дома №10-77. В ролике фасад дома плавно сменяется настоящими планировками и архитектурными проекциями. В видео используются не условные схемы, а реальные изображения из карточки соответствующего проекта. Параметры проекта: площадь 64,4 м²; 2 этажа; габариты 5.5×8 м; материал — дерево. Откройте карточку проекта, чтобы рассмотреть изображения крупнее и изучить состав документации.",https://catalog-plans.ru/catalog/10-77?utm_source=pinterest&utm_medium=organic&utm_campaign=generated_house_plan_facade_video_batch_37&utm_content=pin_6769_10-77_house_plan_facade_loop&utm_term=plany-dvuhetazhnyh-domov,,"проект дома 10-77, Планы двухэтажных домов, видео проекта дома, реальные планы дома, поэтажные планы, фасады дома, архитектурные фасады, готовый проект дома, catalog-plans.ru, дом 64,4 м², дерево"
Проект №10-80: от фасада к планам этажей,https://raw.githubusercontent.com/nemchenik/test/catalog-plans-pinterest-assets/pinterest/generated_batch_37_house_plan_facade_video/10-80.mp4,Планы деревянных домов,00:01,"Проект дома №10-80. Видео раскрывает проект по шагам: визуализация дома, планы этажей и фасады со всех сторон. Такой формат помогает быстро оценить и внешний вид, и устройство этажей до перехода на сайт. Параметры проекта: площадь 84 м²; 2 этажа; габариты 8.4×9.7 м; материал — дерево. На catalog-plans.ru можно проверить все этажи, фасады, габариты и параметры строительства.",https://catalog-plans.ru/catalog/10-80?utm_source=pinterest&utm_medium=organic&utm_campaign=generated_house_plan_facade_video_batch_37&utm_content=pin_6770_10-80_plans_and_elevations&utm_term=plany-derevyannyh-domov,,"проект дома 10-80, Планы деревянных домов, видео проекта дома, реальные планы дома, поэтажные планы, фасады дома, архитектурные фасады, готовый проект дома, catalog-plans.ru, дом 84 м², дерево"
Дом №10-82: планы и фасады в коротком видео,https://raw.githubusercontent.com/nemchenik/test/catalog-plans-pinterest-assets/pinterest/generated_batch_37_house_plan_facade_video/10-82.mp4,Фасады деревянных домов,00:01,"Проект дома №10-82. Сначала показан внешний вид дома, затем — реальные рабочие изображения планов и фасадов с сайта. Планы и фасады позволяют понять проект глубже, чем одна визуализация дома в ленте Pinterest. Параметры проекта: площадь 50,6 м²; 2 этажа; габариты 6×8 м; материал — дерево. Перейдите к проекту, чтобы изучить планировку, сравнить фасады и оценить посадку на участок.",https://catalog-plans.ru/catalog/10-82?utm_source=pinterest&utm_medium=organic&utm_campaign=generated_house_plan_facade_video_batch_37&utm_content=pin_6771_10-82_project_reveal&utm_term=fasady-derevyannyh-domov,,"проект дома 10-82, Фасады деревянных домов, видео проекта дома, реальные планы дома, поэтажные планы, фасады дома, архитектурные фасады, готовый проект дома, catalog-plans.ru, дом 50,6 м², дерево"
Проект дома №10-85: видео-разбор планировки,https://raw.githubusercontent.com/nemchenik/test/catalog-plans-pinterest-assets/pinterest/generated_batch_37_house_plan_facade_video/10-85.mp4,Видео проектов домов,00:01,"Проект дома №10-85. Динамическая карточка помогает увидеть связь между архитектурой дома и его внутренней планировкой. Движение привлекает внимание, а реальные чертежи делают видеопин полезным для выбора проекта. Параметры проекта: площадь 48,5 м²; 2 этажа; габариты 6×7 м; материал — дерево. В полной карточке доступны дополнительные ракурсы, планы этажей и сведения по проекту.",https://catalog-plans.ru/catalog/10-85?utm_source=pinterest&utm_medium=organic&utm_campaign=generated_house_plan_facade_video_batch_37&utm_content=pin_6772_10-85_house_to_plan_to_facade&utm_term=video-proektov-domov,,"проект дома 10-85, Видео проектов домов, видео проекта дома, реальные планы дома, поэтажные планы, фасады дома, архитектурные фасады, готовый проект дома, catalog-plans.ru, дом 48,5 м², дерево"
"Дом №10-90: фасад, планы этажей и размеры",https://raw.githubusercontent.com/nemchenik/test/catalog-plans-pinterest-assets/pinterest/generated_batch_37_house_plan_facade_video/10-90.mp4,Планировки и фасады домов,00:01,"Проект дома №10-90. Ролик превращает статичную карточку в короткий обзор реальных планов и фасадов проекта. За несколько секунд можно сопоставить архитектуру, этажность, размеры и расположение помещений. Параметры проекта: площадь 205,95 м²; 2 этажа; габариты 13×13.9 м; материал — дерево; стиль — европейский. На сайте можно посмотреть проект целиком и перейти к расчёту строительства или изменениям.",https://catalog-plans.ru/catalog/10-90?utm_source=pinterest&utm_medium=organic&utm_campaign=generated_house_plan_facade_video_batch_37&utm_content=pin_6773_10-90_house_plan_facade_loop&utm_term=planirovki-i-fasady-domov,,"проект дома 10-90, Планировки и фасады домов, видео проекта дома, реальные планы дома, поэтажные планы, фасады дома, архитектурные фасады, готовый проект дома, catalog-plans.ru, дом 205,95 м², дерево, европейский"
Проект №10-98: смотрите дом изнутри и снаружи,https://raw.githubusercontent.com/nemchenik/test/catalog-plans-pinterest-assets/pinterest/generated_batch_37_house_plan_facade_video/10-98.mp4,Проекты домов с планами этажей,00:01,"Проект дома №10-98. Видеопин показывает, как внешний образ дома связан с расположением помещений и фасадными решениями. Видео удобно для первичного сравнения проектов по фасадам и планировочным решениям. Параметры проекта: площадь 233 м²; 2 этажа; габариты 12×14.4 м; материал — дерево; стиль — современный. Откройте проект, чтобы сверить размеры комнат, фасады и ключевые характеристики дома.",https://catalog-plans.ru/catalog/10-98?utm_source=pinterest&utm_medium=organic&utm_campaign=generated_house_plan_facade_video_batch_37&utm_content=pin_6774_10-98_plans_and_elevations&utm_term=proekty-domov-s-planami-etazhey,,"проект дома 10-98, Проекты домов с планами этажей, видео проекта дома, реальные планы дома, поэтажные планы, фасады дома, архитектурные фасады, готовый проект дома, catalog-plans.ru, дом 233 м², дерево, современный"
Дом №11-01: видео проекта с реальными чертежами,https://raw.githubusercontent.com/nemchenik/test/catalog-plans-pinterest-assets/pinterest/generated_batch_37_house_plan_facade_video/11-01.mp4,Фасады частных домов,00:01,"Проект дома №11-01. Проект раскрывается последовательно: дом, планировки этажей, фасады и возврат к главной карточке. Реальные планы и фасады помогают быстрее решить, стоит ли открывать проект целиком. Параметры проекта: площадь 153,3 м²; 2 этажа; габариты 11.2×14.85 м; материал — дерево; стиль — скандинавский. После клика вы увидите все доступные планы и архитектурные проекции в полном размере.",https://catalog-plans.ru/catalog/11-01?utm_source=pinterest&utm_medium=organic&utm_campaign=generated_house_plan_facade_video_batch_37&utm_content=pin_6775_11-01_project_reveal&utm_term=fasady-chastnyh-domov,,"проект дома 11-01, Фасады частных домов, видео проекта дома, реальные планы дома, поэтажные планы, фасады дома, архитектурные фасады, готовый проект дома, catalog-plans.ru, дом 153,3 м², дерево, скандинавский"
"Проект дома №11-03: дом, планы и фасады в видео",https://raw.githubusercontent.com/nemchenik/test/catalog-plans-pinterest-assets/pinterest/generated_batch_37_house_plan_facade_video/11-03.mp4,Готовые проекты домов с чертежами,00:01,"Проект дома №11-03. Короткое видео начинает с реального дома, затем показывает поэтажные планы и фасады проекта. Все изображения планов и фасадов взяты непосредственно со страницы этого проекта на catalog-plans.ru. Параметры проекта: площадь 192,59 м²; 2 этажа; габариты 10.4×11 м; материал — дерево; стиль — современный. После перехода на сайт доступны остальные планы, фасады, размеры и подробные характеристики.",https://catalog-plans.ru/catalog/11-03?utm_source=pinterest&utm_medium=organic&utm_campaign=generated_house_plan_facade_video_batch_37&utm_content=pin_6776_11-03_house_to_plan_to_facade&utm_term=gotovye-proekty-domov-s-chertezhami,,"проект дома 11-03, Готовые проекты домов с чертежами, видео проекта дома, реальные планы дома, поэтажные планы, фасады дома, архитектурные фасады, готовый проект дома, catalog-plans.ru, дом 192,59 м², дерево, современный"
Дом №11-03A: видео с планировками и фасадами,https://raw.githubusercontent.com/nemchenik/test/catalog-plans-pinterest-assets/pinterest/generated_batch_37_house_plan_facade_video/11-03A.mp4,Проекты домов с размерами,00:01,"Проект дома №11-03A. В ролике фасад дома плавно сменяется настоящими планировками и архитектурными проекциями. В видео используются не условные схемы, а реальные изображения из карточки соответствующего проекта. Параметры проекта: площадь 212,59 м²; 2 этажа; габариты 10.4×11 м; материал — дерево; стиль — современный. Откройте карточку проекта, чтобы рассмотреть изображения крупнее и изучить состав документации.",https://catalog-plans.ru/catalog/11-03A?utm_source=pinterest&utm_medium=organic&utm_campaign=generated_house_plan_facade_video_batch_37&utm_content=pin_6777_11-03a_house_plan_facade_loop&utm_term=proekty-domov-s-razmerami,,"проект дома 11-03A, Проекты домов с размерами, видео проекта дома, реальные планы дома, поэтажные планы, фасады дома, архитектурные фасады, готовый проект дома, catalog-plans.ru, дом 212,59 м², дерево, современный"
Проект №11-03B: от фасада к планам этажей,https://raw.githubusercontent.com/nemchenik/test/catalog-plans-pinterest-assets/pinterest/generated_batch_37_house_plan_facade_video/11-03B.mp4,Двухэтажные дома с планировкой,00:01,"Проект дома №11-03B. Видео раскрывает проект по шагам: визуализация дома, планы этажей и фасады со всех сторон. Такой формат помогает быстро оценить и внешний вид, и устройство этажей до перехода на сайт. Параметры проекта: площадь 158,1 м²; 2 этажа; габариты 11.6×11 м; материал — дерево; стиль — современный. На catalog-plans.ru можно проверить все этажи, фасады, габариты и параметры строительства.",https://catalog-plans.ru/catalog/11-03B?utm_source=pinterest&utm_medium=organic&utm_campaign=generated_house_plan_facade_video_batch_37&utm_content=pin_6778_11-03b_plans_and_elevations&utm_term=dvuhetazhnye-doma-s-planirovkoy,,"проект дома 11-03B, Двухэтажные дома с планировкой, видео проекта дома, реальные планы дома, поэтажные планы, фасады дома, архитектурные фасады, готовый проект дома, catalog-plans.ru, дом 158,1 м², дерево, современный"
Дом №11-08: планы и фасады в коротком видео,https://raw.githubusercontent.com/nemchenik/test/catalog-plans-pinterest-assets/pinterest/generated_batch_37_house_plan_facade_video/11-08.mp4,Планы двухэтажных домов,00:01,"Проект дома №11-08. Сначала показан внешний вид дома, затем — реальные рабочие изображения планов и фасадов с сайта. Планы и фасады позволяют понять проект глубже, чем одна визуализация дома в ленте Pinterest. Параметры проекта: площадь 225 м²; 2 этажа; габариты 12×15.8 м; материал — дерево; стиль — скандинавский. Перейдите к проекту, чтобы изучить планировку, сравнить фасады и оценить посадку на участок.",https://catalog-plans.ru/catalog/11-08?utm_source=pinterest&utm_medium=organic&utm_campaign=generated_house_plan_facade_video_batch_37&utm_content=pin_6779_11-08_project_reveal&utm_term=plany-dvuhetazhnyh-domov,,"проект дома 11-08, Планы двухэтажных домов, видео проекта дома, реальные планы дома, поэтажные планы, фасады дома, архитектурные фасады, готовый проект дома, catalog-plans.ru, дом 225 м², дерево, скандинавский"
Проект дома №11-10: видео-разбор планировки,https://raw.githubusercontent.com/nemchenik/test/catalog-plans-pinterest-assets/pinterest/generated_batch_37_house_plan_facade_video/11-10.mp4,Планы деревянных домов,00:01,"Проект дома №11-10. Динамическая карточка помогает увидеть связь между архитектурой дома и его внутренней планировкой. Движение привлекает внимание, а реальные чертежи делают видеопин полезным для выбора проекта. Параметры проекта: площадь 196,66 м²; 2 этажа; габариты 13.2×18.2 м; материал — дерево; стиль — современный. В полной карточке доступны дополнительные ракурсы, планы этажей и сведения по проекту.",https://catalog-plans.ru/catalog/11-10?utm_source=pinterest&utm_medium=organic&utm_campaign=generated_house_plan_facade_video_batch_37&utm_content=pin_6780_11-10_house_to_plan_to_facade&utm_term=plany-derevyannyh-domov,,"проект дома 11-10, Планы деревянных домов, видео проекта дома, реальные планы дома, поэтажные планы, фасады дома, архитектурные фасады, готовый проект дома, catalog-plans.ru, дом 196,66 м², дерево, современный"
"Дом №11-12: фасад, планы этажей и размеры",https://raw.githubusercontent.com/nemchenik/test/catalog-plans-pinterest-assets/pinterest/generated_batch_37_house_plan_facade_video/11-12.mp4,Фасады деревянных домов,00:01,"Проект дома №11-12. Ролик превращает статичную карточку в короткий обзор реальных планов и фасадов проекта. За несколько секунд можно сопоставить архитектуру, этажность, размеры и расположение помещений. Параметры проекта: площадь 155,75 м²; 2 этажа; габариты 10.05×10.7 м; материал — дерево; стиль — скандинавский. На сайте можно посмотреть проект целиком и перейти к расчёту строительства или изменениям.",https://catalog-plans.ru/catalog/11-12?utm_source=pinterest&utm_medium=organic&utm_campaign=generated_house_plan_facade_video_batch_37&utm_content=pin_6781_11-12_house_plan_facade_loop&utm_term=fasady-derevyannyh-domov,,"проект дома 11-12, Фасады деревянных домов, видео проекта дома, реальные планы дома, поэтажные планы, фасады дома, архитектурные фасады, готовый проект дома, catalog-plans.ru, дом 155,75 м², дерево, скандинавский"
Проект №11-13: смотрите дом изнутри и снаружи,https://raw.githubusercontent.com/nemchenik/test/catalog-plans-pinterest-assets/pinterest/generated_batch_37_house_plan_facade_video/11-13.mp4,Видео проектов домов,00:01,"Проект дома №11-13. Видеопин показывает, как внешний образ дома связан с расположением помещений и фасадными решениями. Видео удобно для первичного сравнения проектов по фасадам и планировочным решениям. Параметры проекта: площадь 228,5 м²; 2 этажа; габариты 12.7×14.8 м; материал — дерево. Откройте проект, чтобы сверить размеры комнат, фасады и ключевые характеристики дома.",https://catalog-plans.ru/catalog/11-13?utm_source=pinterest&utm_medium=organic&utm_campaign=generated_house_plan_facade_video_batch_37&utm_content=pin_6782_11-13_plans_and_elevations&utm_term=video-proektov-domov,,"проект дома 11-13, Видео проектов домов, видео проекта дома, реальные планы дома, поэтажные планы, фасады дома, архитектурные фасады, готовый проект дома, catalog-plans.ru, дом 228,5 м², дерево"
Дом №11-15: видео проекта с реальными чертежами,https://raw.githubusercontent.com/nemchenik/test/catalog-plans-pinterest-assets/pinterest/generated_batch_37_house_plan_facade_video/11-15.mp4,Европейские фасады домов,00:01,"Проект дома №11-15. Проект раскрывается последовательно: дом, планировки этажей, фасады и возврат к главной карточке. Реальные планы и фасады помогают быстрее решить, стоит ли открывать проект целиком. Параметры проекта: площадь 107 м²; 2 этажа; габариты 7.5×8.2 м; материал — дерево; стиль — европейский. После клика вы увидите все доступные планы и архитектурные проекции в полном размере.",https://catalog-plans.ru/catalog/11-15?utm_source=pinterest&utm_medium=organic&utm_campaign=generated_house_plan_facade_video_batch_37&utm_content=pin_6783_11-15_project_reveal&utm_term=evropeyskie-fasady-domov,,"проект дома 11-15, Европейские фасады домов, видео проекта дома, реальные планы дома, поэтажные планы, фасады дома, архитектурные фасады, готовый проект дома, catalog-plans.ru, дом 107 м², дерево, европейский"
"Проект дома №11-16: дом, планы и фасады в видео",https://raw.githubusercontent.com/nemchenik/test/catalog-plans-pinterest-assets/pinterest/generated_batch_37_house_plan_facade_video/11-16.mp4,Проекты домов с планами этажей,00:01,"Проект дома №11-16. Короткое видео начинает с реального дома, затем показывает поэтажные планы и фасады проекта. Все изображения планов и фасадов взяты непосредственно со страницы этого проекта на catalog-plans.ru. Параметры проекта: площадь 240 м²; 2 этажа; габариты 13.5×14 м; материал — дерево; стиль — скандинавский. После перехода на сайт доступны остальные планы, фасады, размеры и подробные характеристики.",https://catalog-plans.ru/catalog/11-16?utm_source=pinterest&utm_medium=organic&utm_campaign=generated_house_plan_facade_video_batch_37&utm_content=pin_6784_11-16_house_to_plan_to_facade&utm_term=proekty-domov-s-planami-etazhey,,"проект дома 11-16, Проекты домов с планами этажей, видео проекта дома, реальные планы дома, поэтажные планы, фасады дома, архитектурные фасады, готовый проект дома, catalog-plans.ru, дом 240 м², дерево, скандинавский"
Дом №11-19: видео с планировками и фасадами,https://raw.githubusercontent.com/nemchenik/test/catalog-plans-pinterest-assets/pinterest/generated_batch_37_house_plan_facade_video/11-19.mp4,Фасады частных домов,00:01,"Проект дома №11-19. В ролике фасад дома плавно сменяется настоящими планировками и архитектурными проекциями. В видео используются не условные схемы, а реальные изображения из карточки соответствующего проекта. Параметры проекта: площадь 104,7 м²; 1 этаж; габариты 8.3×15.45 м; материал — дерево. Откройте карточку проекта, чтобы рассмотреть изображения крупнее и изучить состав документации.",https://catalog-plans.ru/catalog/11-19?utm_source=pinterest&utm_medium=organic&utm_campaign=generated_house_plan_facade_video_batch_37&utm_content=pin_6785_11-19_house_plan_facade_loop&utm_term=fasady-chastnyh-domov,,"проект дома 11-19, Фасады частных домов, видео проекта дома, реальные планы дома, поэтажные планы, фасады дома, архитектурные фасады, готовый проект дома, catalog-plans.ru, дом 104,7 м², дерево"
Проект №11-21: от фасада к планам этажей,https://raw.githubusercontent.com/nemchenik/test/catalog-plans-pinterest-assets/pinterest/generated_batch_37_house_plan_facade_video/11-21.mp4,Проекты домов с планами этажей,00:01,"Проект дома №11-21. Видео раскрывает проект по шагам: визуализация дома, планы этажей и фасады со всех сторон. Такой формат помогает быстро оценить и внешний вид, и устройство этажей до перехода на сайт. Параметры проекта: площадь 187,35 м²; 2 этажа; габариты 15.3×18.45 м; материал — дерево; стиль — современный. На catalog-plans.ru можно проверить все этажи, фасады, габариты и параметры строительства.",https://catalog-plans.ru/catalog/11-21?utm_source=pinterest&utm_medium=organic&utm_campaign=generated_house_plan_facade_video_batch_37&utm_content=pin_6786_11-21_plans_and_elevations&utm_term=proekty-domov-s-planami-etazhey,,"проект дома 11-21, Проекты домов с планами этажей, видео проекта дома, реальные планы дома, поэтажные планы, фасады дома, архитектурные фасады, готовый проект дома, catalog-plans.ru, дом 187,35 м², дерево, современный"
Дом №11-24: планы и фасады в коротком видео,https://raw.githubusercontent.com/nemchenik/test/catalog-plans-pinterest-assets/pinterest/generated_batch_37_house_plan_facade_video/11-24.mp4,Проекты домов с размерами,00:01,"Проект дома №11-24. Сначала показан внешний вид дома, затем — реальные рабочие изображения планов и фасадов с сайта. Планы и фасады позволяют понять проект глубже, чем одна визуализация дома в ленте Pinterest. Параметры проекта: площадь 131,9 м²; 2 этажа; габариты 9.95×10.95 м; материал — дерево. Перейдите к проекту, чтобы изучить планировку, сравнить фасады и оценить посадку на участок.",https://catalog-plans.ru/catalog/11-24?utm_source=pinterest&utm_medium=organic&utm_campaign=generated_house_plan_facade_video_batch_37&utm_content=pin_6787_11-24_project_reveal&utm_term=proekty-domov-s-razmerami,,"проект дома 11-24, Проекты домов с размерами, видео проекта дома, реальные планы дома, поэтажные планы, фасады дома, архитектурные фасады, готовый проект дома, catalog-plans.ru, дом 131,9 м², дерево"
Проект дома №11-25: видео-разбор планировки,https://raw.githubusercontent.com/nemchenik/test/catalog-plans-pinterest-assets/pinterest/generated_batch_37_house_plan_facade_video/11-25.mp4,Двухэтажные дома с планировкой,00:01,"Проект дома №11-25. Динамическая карточка помогает увидеть связь между архитектурой дома и его внутренней планировкой. Движение привлекает внимание, а реальные чертежи делают видеопин полезным для выбора проекта. Параметры проекта: площадь 106,99 м²; 2 этажа; габариты 8.4×8.4 м; материал — дерево. В полной карточке доступны дополнительные ракурсы, планы этажей и сведения по проекту.",https://catalog-plans.ru/catalog/11-25?utm_source=pinterest&utm_medium=organic&utm_campaign=generated_house_plan_facade_video_batch_37&utm_content=pin_6788_11-25_house_to_plan_to_facade&utm_term=dvuhetazhnye-doma-s-planirovkoy,,"проект дома 11-25, Двухэтажные дома с планировкой, видео проекта дома, реальные планы дома, поэтажные планы, фасады дома, архитектурные фасады, готовый проект дома, catalog-plans.ru, дом 106,99 м², дерево"
"Дом №11-30: фасад, планы этажей и размеры",https://raw.githubusercontent.com/nemchenik/test/catalog-plans-pinterest-assets/pinterest/generated_batch_37_house_plan_facade_video/11-30.mp4,Планы двухэтажных домов,00:01,"Проект дома №11-30. Ролик превращает статичную карточку в короткий обзор реальных планов и фасадов проекта. За несколько секунд можно сопоставить архитектуру, этажность, размеры и расположение помещений. Параметры проекта: площадь 411 м²; 2 этажа; габариты 24.4×26.5 м; материал — дерево. На сайте можно посмотреть проект целиком и перейти к расчёту строительства или изменениям.",https://catalog-plans.ru/catalog/11-30?utm_source=pinterest&utm_medium=organic&utm_campaign=generated_house_plan_facade_video_batch_37&utm_content=pin_6789_11-30_house_plan_facade_loop&utm_term=plany-dvuhetazhnyh-domov,,"проект дома 11-30, Планы двухэтажных домов, видео проекта дома, реальные планы дома, поэтажные планы, фасады дома, архитектурные фасады, готовый проект дома, catalog-plans.ru, дом 411 м², дерево"
Проект №11-31: смотрите дом изнутри и снаружи,https://raw.githubusercontent.com/nemchenik/test/catalog-plans-pinterest-assets/pinterest/generated_batch_37_house_plan_facade_video/11-31.mp4,Планы деревянных домов,00:01,"Проект дома №11-31. Видеопин показывает, как внешний образ дома связан с расположением помещений и фасадными решениями. Видео удобно для первичного сравнения проектов по фасадам и планировочным решениям. Параметры проекта: площадь 186,8 м²; 2 этажа; габариты 11.4×17.4 м; материал — дерево. Откройте проект, чтобы сверить размеры комнат, фасады и ключевые характеристики дома.",https://catalog-plans.ru/catalog/11-31?utm_source=pinterest&utm_medium=organic&utm_campaign=generated_house_plan_facade_video_batch_37&utm_content=pin_6790_11-31_plans_and_elevations&utm_term=plany-derevyannyh-domov,,"проект дома 11-31, Планы деревянных домов, видео проекта дома, реальные планы дома, поэтажные планы, фасады дома, архитектурные фасады, готовый проект дома, catalog-plans.ru, дом 186,8 м², дерево"
Дом №11-32: видео проекта с реальными чертежами,https://raw.githubusercontent.com/nemchenik/test/catalog-plans-pinterest-assets/pinterest/generated_batch_37_house_plan_facade_video/11-32.mp4,Фасады деревянных домов,00:01,"Проект дома №11-32. Проект раскрывается последовательно: дом, планировки этажей, фасады и возврат к главной карточке. Реальные планы и фасады помогают быстрее решить, стоит ли открывать проект целиком. Параметры проекта: площадь 185,45 м²; 2 этажа; габариты 9.3×9.5 м; материал — дерево; стиль — скандинавский. После клика вы увидите все доступные планы и архитектурные проекции в полном размере.",https://catalog-plans.ru/catalog/11-32?utm_source=pinterest&utm_medium=organic&utm_campaign=generated_house_plan_facade_video_batch_37&utm_content=pin_6791_11-32_project_reveal&utm_term=fasady-derevyannyh-domov,,"проект дома 11-32, Фасады деревянных домов, видео проекта дома, реальные планы дома, поэтажные планы, фасады дома, архитектурные фасады, готовый проект дома, catalog-plans.ru, дом 185,45 м², дерево, скандинавский"
"Проект дома №11-34: дом, планы и фасады в видео",https://raw.githubusercontent.com/nemchenik/test/catalog-plans-pinterest-assets/pinterest/generated_batch_37_house_plan_facade_video/11-34.mp4,Видео проектов домов,00:01,"Проект дома №11-34. Короткое видео начинает с реального дома, затем показывает поэтажные планы и фасады проекта. Все изображения планов и фасадов взяты непосредственно со страницы этого проекта на catalog-plans.ru. Параметры проекта: площадь 83,3 м²; 2 этажа; габариты 7×10.5 м; материал — дерево; стиль — скандинавский. После перехода на сайт доступны остальные планы, фасады, размеры и подробные характеристики.",https://catalog-plans.ru/catalog/11-34?utm_source=pinterest&utm_medium=organic&utm_campaign=generated_house_plan_facade_video_batch_37&utm_content=pin_6792_11-34_house_to_plan_to_facade&utm_term=video-proektov-domov,,"проект дома 11-34, Видео проектов домов, видео проекта дома, реальные планы дома, поэтажные планы, фасады дома, архитектурные фасады, готовый проект дома, catalog-plans.ru, дом 83,3 м², дерево, скандинавский"
Дом №11-35: видео с планировками и фасадами,https://raw.githubusercontent.com/nemchenik/test/catalog-plans-pinterest-assets/pinterest/generated_batch_37_house_plan_facade_video/11-35.mp4,Планировки и фасады домов,00:01,"Проект дома №11-35. В ролике фасад дома плавно сменяется настоящими планировками и архитектурными проекциями. В видео используются не условные схемы, а реальные изображения из карточки соответствующего проекта. Параметры проекта: площадь 156,78 м²; 2 этажа; габариты 9.5×10.9 м; материал — дерево. Откройте карточку проекта, чтобы рассмотреть изображения крупнее и изучить состав документации.",https://catalog-plans.ru/catalog/11-35?utm_source=pinterest&utm_medium=organic&utm_campaign=generated_house_plan_facade_video_batch_37&utm_content=pin_6793_11-35_house_plan_facade_loop&utm_term=planirovki-i-fasady-domov,,"проект дома 11-35, Планировки и фасады домов, видео проекта дома, реальные планы дома, поэтажные планы, фасады дома, архитектурные фасады, готовый проект дома, catalog-plans.ru, дом 156,78 м², дерево"
Проект №11-36: от фасада к планам этажей,https://raw.githubusercontent.com/nemchenik/test/catalog-plans-pinterest-assets/pinterest/generated_batch_37_house_plan_facade_video/11-36.mp4,Проекты домов с планами этажей,00:01,"Проект дома №11-36. Видео раскрывает проект по шагам: визуализация дома, планы этажей и фасады со всех сторон. Такой формат помогает быстро оценить и внешний вид, и устройство этажей до перехода на сайт. Параметры проекта: площадь 187,9 м²; 2 этажа; габариты 12×15.8 м; материал — дерево; стиль — скандинавский. На catalog-plans.ru можно проверить все этажи, фасады, габариты и параметры строительства.",https://catalog-plans.ru/catalog/11-36?utm_source=pinterest&utm_medium=organic&utm_campaign=generated_house_plan_facade_video_batch_37&utm_content=pin_6794_11-36_plans_and_elevations&utm_term=proekty-domov-s-planami-etazhey,,"проект дома 11-36, Проекты домов с планами этажей, видео проекта дома, реальные планы дома, поэтажные планы, фасады дома, архитектурные фасады, готовый проект дома, catalog-plans.ru, дом 187,9 м², дерево, скандинавский"
Дом №11-37: планы и фасады в коротком видео,https://raw.githubusercontent.com/nemchenik/test/catalog-plans-pinterest-assets/pinterest/generated_batch_37_house_plan_facade_video/11-37.mp4,Современные фасады домов,00:01,"Проект дома №11-37. Сначала показан внешний вид дома, затем — реальные рабочие изображения планов и фасадов с сайта. Планы и фасады позволяют понять проект глубже, чем одна визуализация дома в ленте Pinterest. Параметры проекта: площадь 275,72 м²; 2 этажа; габариты 15.1×15.5 м; материал — дерево; стиль — современный. Перейдите к проекту, чтобы изучить планировку, сравнить фасады и оценить посадку на участок.",https://catalog-plans.ru/catalog/11-37?utm_source=pinterest&utm_medium=organic&utm_campaign=generated_house_plan_facade_video_batch_37&utm_content=pin_6795_11-37_project_reveal&utm_term=sovremennye-fasady-domov,,"проект дома 11-37, Современные фасады домов, видео проекта дома, реальные планы дома, поэтажные планы, фасады дома, архитектурные фасады, готовый проект дома, catalog-plans.ru, дом 275,72 м², дерево, современный"
Проект дома №11-38: видео-разбор планировки,https://raw.githubusercontent.com/nemchenik/test/catalog-plans-pinterest-assets/pinterest/generated_batch_37_house_plan_facade_video/11-38.mp4,Видео проектов домов,00:01,"Проект дома №11-38. Динамическая карточка помогает увидеть связь между архитектурой дома и его внутренней планировкой. Движение привлекает внимание, а реальные чертежи делают видеопин полезным для выбора проекта. Параметры проекта: площадь 164,9 м²; 2 этажа; габариты 12.7×14.77 м; материал — дерево; стиль — современный. В полной карточке доступны дополнительные ракурсы, планы этажей и сведения по проекту.",https://catalog-plans.ru/catalog/11-38?utm_source=pinterest&utm_medium=organic&utm_campaign=generated_house_plan_facade_video_batch_37&utm_content=pin_6796_11-38_house_to_plan_to_facade&utm_term=video-proektov-domov,,"проект дома 11-38, Видео проектов домов, видео проекта дома, реальные планы дома, поэтажные планы, фасады дома, архитектурные фасады, готовый проект дома, catalog-plans.ru, дом 164,9 м², дерево, современный"
"Дом №11-41: фасад, планы этажей и размеры",https://raw.githubusercontent.com/nemchenik/test/catalog-plans-pinterest-assets/pinterest/generated_batch_37_house_plan_facade_video/11-41.mp4,Проекты домов с размерами,00:01,"Проект дома №11-41. Ролик превращает статичную карточку в короткий обзор реальных планов и фасадов проекта. За несколько секунд можно сопоставить архитектуру, этажность, размеры и расположение помещений. Параметры проекта: площадь 190,4 м²; 2 этажа; габариты 11.4×12.6 м; материал — дерево. На сайте можно посмотреть проект целиком и перейти к расчёту строительства или изменениям.",https://catalog-plans.ru/catalog/11-41?utm_source=pinterest&utm_medium=organic&utm_campaign=generated_house_plan_facade_video_batch_37&utm_content=pin_6797_11-41_house_plan_facade_loop&utm_term=proekty-domov-s-razmerami,,"проект дома 11-41, Проекты домов с размерами, видео проекта дома, реальные планы дома, поэтажные планы, фасады дома, архитектурные фасады, готовый проект дома, catalog-plans.ru, дом 190,4 м², дерево"
Проект №11-52: смотрите дом изнутри и снаружи,https://raw.githubusercontent.com/nemchenik/test/catalog-plans-pinterest-assets/pinterest/generated_batch_37_house_plan_facade_video/11-52.mp4,Проекты домов с планами этажей,00:01,"Проект дома №11-52. Видеопин показывает, как внешний образ дома связан с расположением помещений и фасадными решениями. Видео удобно для первичного сравнения проектов по фасадам и планировочным решениям. Параметры проекта: площадь 225 м²; 2 этажа; габариты 12×15.8 м; материал — дерево; стиль — современный. Откройте проект, чтобы сверить размеры комнат, фасады и ключевые характеристики дома.",https://catalog-plans.ru/catalog/11-52?utm_source=pinterest&utm_medium=organic&utm_campaign=generated_house_plan_facade_video_batch_37&utm_content=pin_6798_11-52_plans_and_elevations&utm_term=proekty-domov-s-planami-etazhey,,"проект дома 11-52, Проекты домов с планами этажей, видео проекта дома, реальные планы дома, поэтажные планы, фасады дома, архитектурные фасады, готовый проект дома, catalog-plans.ru, дом 225 м², дерево, современный"
Дом №11-55: видео проекта с реальными чертежами,https://raw.githubusercontent.com/nemchenik/test/catalog-plans-pinterest-assets/pinterest/generated_batch_37_house_plan_facade_video/11-55.mp4,Фасады частных домов,00:01,"Проект дома №11-55. Проект раскрывается последовательно: дом, планировки этажей, фасады и возврат к главной карточке. Реальные планы и фасады помогают быстрее решить, стоит ли открывать проект целиком. Параметры проекта: площадь 309,23 м²; 2 этажа; габариты 15.66×21.9 м; материал — дерево; стиль — современный. После клика вы увидите все доступные планы и архитектурные проекции в полном размере.",https://catalog-plans.ru/catalog/11-55?utm_source=pinterest&utm_medium=organic&utm_campaign=generated_house_plan_facade_video_batch_37&utm_content=pin_6799_11-55_project_reveal&utm_term=fasady-chastnyh-domov,,"проект дома 11-55, Фасады частных домов, видео проекта дома, реальные планы дома, поэтажные планы, фасады дома, архитектурные фасады, готовый проект дома, catalog-plans.ru, дом 309,23 м², дерево, современный"
"Проект дома №11-72: дом, планы и фасады в видео",https://raw.githubusercontent.com/nemchenik/test/catalog-plans-pinterest-assets/pinterest/generated_batch_37_house_plan_facade_video/11-72.mp4,Планы деревянных домов,00:01,"Проект дома №11-72. Короткое видео начинает с реального дома, затем показывает поэтажные планы и фасады проекта. Все изображения планов и фасадов взяты непосредственно со страницы этого проекта на catalog-plans.ru. Параметры проекта: площадь 215,68 м²; 2 этажа; габариты 9.85×10.05 м; материал — дерево. После перехода на сайт доступны остальные планы, фасады, размеры и подробные характеристики.",https://catalog-plans.ru/catalog/11-72?utm_source=pinterest&utm_medium=organic&utm_campaign=generated_house_plan_facade_video_batch_37&utm_content=pin_6800_11-72_house_to_plan_to_facade&utm_term=plany-derevyannyh-domov,,"проект дома 11-72, Планы деревянных домов, видео проекта дома, реальные планы дома, поэтажные планы, фасады дома, архитектурные фасады, готовый проект дома, catalog-plans.ru, дом 215,68 м², дерево"
Дом №11-76: видео с планировками и фасадами,https://raw.githubusercontent.com/nemchenik/test/catalog-plans-pinterest-assets/pinterest/generated_batch_37_house_plan_facade_video/11-76.mp4,Фасады деревянных домов,00:01,"Проект дома №11-76. В ролике фасад дома плавно сменяется настоящими планировками и архитектурными проекциями. В видео используются не условные схемы, а реальные изображения из карточки соответствующего проекта. Параметры проекта: площадь 180,6 м²; 2 этажа; габариты 9.95×17.65 м; материал — дерево; стиль — скандинавский. Откройте карточку проекта, чтобы рассмотреть изображения крупнее и изучить состав документации.",https://catalog-plans.ru/catalog/11-76?utm_source=pinterest&utm_medium=organic&utm_campaign=generated_house_plan_facade_video_batch_37&utm_content=pin_6801_11-76_house_plan_facade_loop&utm_term=fasady-derevyannyh-domov,,"проект дома 11-76, Фасады деревянных домов, видео проекта дома, реальные планы дома, поэтажные планы, фасады дома, архитектурные фасады, готовый проект дома, catalog-plans.ru, дом 180,6 м², дерево, скандинавский"
Проект №11-80: от фасада к планам этажей,https://raw.githubusercontent.com/nemchenik/test/catalog-plans-pinterest-assets/pinterest/generated_batch_37_house_plan_facade_video/11-80.mp4,Видео проектов домов,00:01,"Проект дома №11-80. Видео раскрывает проект по шагам: визуализация дома, планы этажей и фасады со всех сторон. Такой формат помогает быстро оценить и внешний вид, и устройство этажей до перехода на сайт. Параметры проекта: площадь 199,3 м²; 2 этажа; габариты 12.4×13.1 м; материал — дерево; стиль — скандинавский. На catalog-plans.ru можно проверить все этажи, фасады, габариты и параметры строительства.",https://catalog-plans.ru/catalog/11-80?utm_source=pinterest&utm_medium=organic&utm_campaign=generated_house_plan_facade_video_batch_37&utm_content=pin_6802_11-80_plans_and_elevations&utm_term=video-proektov-domov,,"проект дома 11-80, Видео проектов домов, видео проекта дома, реальные планы дома, поэтажные планы, фасады дома, архитектурные фасады, готовый проект дома, catalog-plans.ru, дом 199,3 м², дерево, скандинавский"
Дом №11-81: планы и фасады в коротком видео,https://raw.githubusercontent.com/nemchenik/test/catalog-plans-pinterest-assets/pinterest/generated_batch_37_house_plan_facade_video/11-81.mp4,Планировки и фасады домов,00:01,"Проект дома №11-81. Сначала показан внешний вид дома, затем — реальные рабочие изображения планов и фасадов с сайта. Планы и фасады позволяют понять проект глубже, чем одна визуализация дома в ленте Pinterest. Параметры проекта: площадь 137,06 м²; 2 этажа; габариты 8.9×11.1 м; материал — дерево; стиль — шале. Перейдите к проекту, чтобы изучить планировку, сравнить фасады и оценить посадку на участок.",https://catalog-plans.ru/catalog/11-81?utm_source=pinterest&utm_medium=organic&utm_campaign=generated_house_plan_facade_video_batch_37&utm_content=pin_6803_11-81_project_reveal&utm_term=planirovki-i-fasady-domov,,"проект дома 11-81, Планировки и фасады домов, видео проекта дома, реальные планы дома, поэтажные планы, фасады дома, архитектурные фасады, готовый проект дома, catalog-plans.ru, дом 137,06 м², дерево, шале"
Проект дома №11-87: видео-разбор планировки,https://raw.githubusercontent.com/nemchenik/test/catalog-plans-pinterest-assets/pinterest/generated_batch_37_house_plan_facade_video/11-87.mp4,Проекты домов с планами этажей,00:01,"Проект дома №11-87. Динамическая карточка помогает увидеть связь между архитектурой дома и его внутренней планировкой. Движение привлекает внимание, а реальные чертежи делают видеопин полезным для выбора проекта. Параметры проекта: площадь 137,2 м²; 2 этажа; габариты 8.2×11.42 м; материал — дерево. В полной карточке доступны дополнительные ракурсы, планы этажей и сведения по проекту.",https://catalog-plans.ru/catalog/11-87?utm_source=pinterest&utm_medium=organic&utm_campaign=generated_house_plan_facade_video_batch_37&utm_content=pin_6804_11-87_house_to_plan_to_facade&utm_term=proekty-domov-s-planami-etazhey,,"проект дома 11-87, Проекты домов с планами этажей, видео проекта дома, реальные планы дома, поэтажные планы, фасады дома, архитектурные фасады, готовый проект дома, catalog-plans.ru, дом 137,2 м², дерево"
"Дом №11-88: фасад, планы этажей и размеры",https://raw.githubusercontent.com/nemchenik/test/catalog-plans-pinterest-assets/pinterest/generated_batch_37_house_plan_facade_video/11-88.mp4,Фасады частных домов,00:01,"Проект дома №11-88. Ролик превращает статичную карточку в короткий обзор реальных планов и фасадов проекта. За несколько секунд можно сопоставить архитектуру, этажность, размеры и расположение помещений. Параметры проекта: площадь 165,1 м²; 2 этажа; габариты 12×13.7 м; материал — дерево; стиль — скандинавский. На сайте можно посмотреть проект целиком и перейти к расчёту строительства или изменениям.",https://catalog-plans.ru/catalog/11-88?utm_source=pinterest&utm_medium=organic&utm_campaign=generated_house_plan_facade_video_batch_37&utm_content=pin_6805_11-88_house_plan_facade_loop&utm_term=fasady-chastnyh-domov,,"проект дома 11-88, Фасады частных домов, видео проекта дома, реальные планы дома, поэтажные планы, фасады дома, архитектурные фасады, готовый проект дома, catalog-plans.ru, дом 165,1 м², дерево, скандинавский"
Проект №11-89: смотрите дом изнутри и снаружи,https://raw.githubusercontent.com/nemchenik/test/catalog-plans-pinterest-assets/pinterest/generated_batch_37_house_plan_facade_video/11-89.mp4,Готовые проекты домов с чертежами,00:01,"Проект дома №11-89. Видеопин показывает, как внешний образ дома связан с расположением помещений и фасадными решениями. Видео удобно для первичного сравнения проектов по фасадам и планировочным решениям. Параметры проекта: площадь 132,68 м²; 2 этажа; габариты 9.2×14.5 м; материал — дерево; стиль — скандинавский. Откройте проект, чтобы сверить размеры комнат, фасады и ключевые характеристики дома.",https://catalog-plans.ru/catalog/11-89?utm_source=pinterest&utm_medium=organic&utm_campaign=generated_house_plan_facade_video_batch_37&utm_content=pin_6806_11-89_plans_and_elevations&utm_term=gotovye-proekty-domov-s-chertezhami,,"проект дома 11-89, Готовые проекты домов с чертежами, видео проекта дома, реальные планы дома, поэтажные планы, фасады дома, архитектурные фасады, готовый проект дома, catalog-plans.ru, дом 132,68 м², дерево, скандинавский"
Дом №11-90: видео проекта с реальными чертежами,https://raw.githubusercontent.com/nemchenik/test/catalog-plans-pinterest-assets/pinterest/generated_batch_37_house_plan_facade_video/11-90.mp4,Проекты домов с размерами,00:01,"Проект дома №11-90. Проект раскрывается последовательно: дом, планировки этажей, фасады и возврат к главной карточке. Реальные планы и фасады помогают быстрее решить, стоит ли открывать проект целиком. Параметры проекта: площадь 153 м²; 2 этажа; габариты 12×13.7 м; материал — дерево. После клика вы увидите все доступные планы и архитектурные проекции в полном размере.",https://catalog-plans.ru/catalog/11-90?utm_source=pinterest&utm_medium=organic&utm_campaign=generated_house_plan_facade_video_batch_37&utm_content=pin_6807_11-90_project_reveal&utm_term=proekty-domov-s-razmerami,,"проект дома 11-90, Проекты домов с размерами, видео проекта дома, реальные планы дома, поэтажные планы, фасады дома, архитектурные фасады, готовый проект дома, catalog-plans.ru, дом 153 м², дерево"
"Проект дома №11-91: дом, планы и фасады в видео",https://raw.githubusercontent.com/nemchenik/test/catalog-plans-pinterest-assets/pinterest/generated_batch_37_house_plan_facade_video/11-91.mp4,Двухэтажные дома с планировкой,00:01,"Проект дома №11-91. Короткое видео начинает с реального дома, затем показывает поэтажные планы и фасады проекта. Все изображения планов и фасадов взяты непосредственно со страницы этого проекта на catalog-plans.ru. Параметры проекта: площадь 191,3 м²; 2 этажа; габариты 13.2×14.8 м; материал — дерево. После перехода на сайт доступны остальные планы, фасады, размеры и подробные характеристики.",https://catalog-plans.ru/catalog/11-91?utm_source=pinterest&utm_medium=organic&utm_campaign=generated_house_plan_facade_video_batch_37&utm_content=pin_6808_11-91_house_to_plan_to_facade&utm_term=dvuhetazhnye-doma-s-planirovkoy,,"проект дома 11-91, Двухэтажные дома с планировкой, видео проекта дома, реальные планы дома, поэтажные планы, фасады дома, архитектурные фасады, готовый проект дома, catalog-plans.ru, дом 191,3 м², дерево"
Дом №11-92: видео с планировками и фасадами,https://raw.githubusercontent.com/nemchenik/test/catalog-plans-pinterest-assets/pinterest/generated_batch_37_house_plan_facade_video/11-92.mp4,Планы двухэтажных домов,00:01,"Проект дома №11-92. В ролике фасад дома плавно сменяется настоящими планировками и архитектурными проекциями. В видео используются не условные схемы, а реальные изображения из карточки соответствующего проекта. Параметры проекта: площадь 159,3 м²; 2 этажа; габариты 7×13.7 м; материал — дерево. Откройте карточку проекта, чтобы рассмотреть изображения крупнее и изучить состав документации.",https://catalog-plans.ru/catalog/11-92?utm_source=pinterest&utm_medium=organic&utm_campaign=generated_house_plan_facade_video_batch_37&utm_content=pin_6809_11-92_house_plan_facade_loop&utm_term=plany-dvuhetazhnyh-domov,,"проект дома 11-92, Планы двухэтажных домов, видео проекта дома, реальные планы дома, поэтажные планы, фасады дома, архитектурные фасады, готовый проект дома, catalog-plans.ru, дом 159,3 м², дерево"
Проект №11-99: от фасада к планам этажей,https://raw.githubusercontent.com/nemchenik/test/catalog-plans-pinterest-assets/pinterest/generated_batch_37_house_plan_facade_video/11-99.mp4,Планы деревянных домов,00:01,"Проект дома №11-99. Видео раскрывает проект по шагам: визуализация дома, планы этажей и фасады со всех сторон. Такой формат помогает быстро оценить и внешний вид, и устройство этажей до перехода на сайт. Параметры проекта: площадь 327,27 м²; 2 этажа; габариты 11.75×13.82 м; материал — дерево; стиль — скандинавский. На catalog-plans.ru можно проверить все этажи, фасады, габариты и параметры строительства.",https://catalog-plans.ru/catalog/11-99?utm_source=pinterest&utm_medium=organic&utm_campaign=generated_house_plan_facade_video_batch_37&utm_content=pin_6810_11-99_plans_and_elevations&utm_term=plany-derevyannyh-domov,,"проект дома 11-99, Планы деревянных домов, видео проекта дома, реальные планы дома, поэтажные планы, фасады дома, архитектурные фасады, готовый проект дома, catalog-plans.ru, дом 327,27 м², дерево, скандинавский"
Дом №12-01: планы и фасады в коротком видео,https://raw.githubusercontent.com/nemchenik/test/catalog-plans-pinterest-assets/pinterest/generated_batch_37_house_plan_facade_video/12-01.mp4,Фасады частных домов,00:01,"Проект дома №12-01. Сначала показан внешний вид дома, затем — реальные рабочие изображения планов и фасадов с сайта. Планы и фасады позволяют понять проект глубже, чем одна визуализация дома в ленте Pinterest. Параметры проекта: площадь 320 м²; 3 этажа; габариты 10.5×15 м; материал — дерево; стиль — шале. Перейдите к проекту, чтобы изучить планировку, сравнить фасады и оценить посадку на участок.",https://catalog-plans.ru/catalog/12-01?utm_source=pinterest&utm_medium=organic&utm_campaign=generated_house_plan_facade_video_batch_37&utm_content=pin_6811_12-01_project_reveal&utm_term=fasady-chastnyh-domov,,"проект дома 12-01, Фасады частных домов, видео проекта дома, реальные планы дома, поэтажные планы, фасады дома, архитектурные фасады, готовый проект дома, catalog-plans.ru, дом 320 м², дерево, шале"
Проект дома №12-02: видео-разбор планировки,https://raw.githubusercontent.com/nemchenik/test/catalog-plans-pinterest-assets/pinterest/generated_batch_37_house_plan_facade_video/12-02.mp4,Готовые проекты домов с чертежами,00:01,"Проект дома №12-02. Динамическая карточка помогает увидеть связь между архитектурой дома и его внутренней планировкой. Движение привлекает внимание, а реальные чертежи делают видеопин полезным для выбора проекта. Параметры проекта: площадь 455 м²; 3 этажа; габариты 13.8×16 м; материал — дерево; стиль — скандинавский. В полной карточке доступны дополнительные ракурсы, планы этажей и сведения по проекту.",https://catalog-plans.ru/catalog/12-02?utm_source=pinterest&utm_medium=organic&utm_campaign=generated_house_plan_facade_video_batch_37&utm_content=pin_6812_12-02_house_to_plan_to_facade&utm_term=gotovye-proekty-domov-s-chertezhami,,"проект дома 12-02, Готовые проекты домов с чертежами, видео проекта дома, реальные планы дома, поэтажные планы, фасады дома, архитектурные фасады, готовый проект дома, catalog-plans.ru, дом 455 м², дерево, скандинавский"
"Дом №12-03: фасад, планы этажей и размеры",https://raw.githubusercontent.com/nemchenik/test/catalog-plans-pinterest-assets/pinterest/generated_batch_37_house_plan_facade_video/12-03.mp4,Планировки и фасады домов,00:01,"Проект дома №12-03. Ролик превращает статичную карточку в короткий обзор реальных планов и фасадов проекта. За несколько секунд можно сопоставить архитектуру, этажность, размеры и расположение помещений. Параметры проекта: площадь 225,67 м²; 2 этажа; габариты 11.7×15.3 м; материал — дерево; стиль — скандинавский. На сайте можно посмотреть проект целиком и перейти к расчёту строительства или изменениям.",https://catalog-plans.ru/catalog/12-03?utm_source=pinterest&utm_medium=organic&utm_campaign=generated_house_plan_facade_video_batch_37&utm_content=pin_6813_12-03_house_plan_facade_loop&utm_term=planirovki-i-fasady-domov,,"проект дома 12-03, Планировки и фасады домов, видео проекта дома, реальные планы дома, поэтажные планы, фасады дома, архитектурные фасады, готовый проект дома, catalog-plans.ru, дом 225,67 м², дерево, скандинавский"
Проект №12-07: смотрите дом изнутри и снаружи,https://raw.githubusercontent.com/nemchenik/test/catalog-plans-pinterest-assets/pinterest/generated_batch_37_house_plan_facade_video/12-07.mp4,Двухэтажные дома с планировкой,00:01,"Проект дома №12-07. Видеопин показывает, как внешний образ дома связан с расположением помещений и фасадными решениями. Видео удобно для первичного сравнения проектов по фасадам и планировочным решениям. Параметры проекта: площадь 184 м²; 2 этажа; габариты 10.8×17.46 м; материал — дерево; стиль — европейский. Откройте проект, чтобы сверить размеры комнат, фасады и ключевые характеристики дома.",https://catalog-plans.ru/catalog/12-07?utm_source=pinterest&utm_medium=organic&utm_campaign=generated_house_plan_facade_video_batch_37&utm_content=pin_6814_12-07_plans_and_elevations&utm_term=dvuhetazhnye-doma-s-planirovkoy,,"проект дома 12-07, Двухэтажные дома с планировкой, видео проекта дома, реальные планы дома, поэтажные планы, фасады дома, архитектурные фасады, готовый проект дома, catalog-plans.ru, дом 184 м², дерево, европейский"
Дом №12-08: видео проекта с реальными чертежами,https://raw.githubusercontent.com/nemchenik/test/catalog-plans-pinterest-assets/pinterest/generated_batch_37_house_plan_facade_video/12-08.mp4,Фасады частных домов,00:01,"Проект дома №12-08. Проект раскрывается последовательно: дом, планировки этажей, фасады и возврат к главной карточке. Реальные планы и фасады помогают быстрее решить, стоит ли открывать проект целиком. Параметры проекта: площадь 198,5 м²; 2 этажа; габариты 12.5×15.5 м; материал — дерево. После клика вы увидите все доступные планы и архитектурные проекции в полном размере.",https://catalog-plans.ru/catalog/12-08?utm_source=pinterest&utm_medium=organic&utm_campaign=generated_house_plan_facade_video_batch_37&utm_content=pin_6815_12-08_project_reveal&utm_term=fasady-chastnyh-domov,,"проект дома 12-08, Фасады частных домов, видео проекта дома, реальные планы дома, поэтажные планы, фасады дома, архитектурные фасады, готовый проект дома, catalog-plans.ru, дом 198,5 м², дерево"
"Проект дома №12-09: дом, планы и фасады в видео",https://raw.githubusercontent.com/nemchenik/test/catalog-plans-pinterest-assets/pinterest/generated_batch_37_house_plan_facade_video/12-09.mp4,Планы деревянных домов,00:01,"Проект дома №12-09. Короткое видео начинает с реального дома, затем показывает поэтажные планы и фасады проекта. Все изображения планов и фасадов взяты непосредственно со страницы этого проекта на catalog-plans.ru. Параметры проекта: площадь 196,4 м²; 2 этажа; габариты 6.2×17.79 м; материал — дерево; стиль — европейский. После перехода на сайт доступны остальные планы, фасады, размеры и подробные характеристики.",https://catalog-plans.ru/catalog/12-09?utm_source=pinterest&utm_medium=organic&utm_campaign=generated_house_plan_facade_video_batch_37&utm_content=pin_6816_12-09_house_to_plan_to_facade&utm_term=plany-derevyannyh-domov,,"проект дома 12-09, Планы деревянных домов, видео проекта дома, реальные планы дома, поэтажные планы, фасады дома, архитектурные фасады, готовый проект дома, catalog-plans.ru, дом 196,4 м², дерево, европейский"
Дом №12-10: видео с планировками и фасадами,https://raw.githubusercontent.com/nemchenik/test/catalog-plans-pinterest-assets/pinterest/generated_batch_37_house_plan_facade_video/12-10.mp4,Фасады деревянных домов,00:01,"Проект дома №12-10. В ролике фасад дома плавно сменяется настоящими планировками и архитектурными проекциями. В видео используются не условные схемы, а реальные изображения из карточки соответствующего проекта. Параметры проекта: площадь 116,7 м²; 2 этажа; габариты 9.32×10.13 м; материал — дерево; стиль — современный. Откройте карточку проекта, чтобы рассмотреть изображения крупнее и изучить состав документации.",https://catalog-plans.ru/catalog/12-10?utm_source=pinterest&utm_medium=organic&utm_campaign=generated_house_plan_facade_video_batch_37&utm_content=pin_6817_12-10_house_plan_facade_loop&utm_term=fasady-derevyannyh-domov,,"проект дома 12-10, Фасады деревянных домов, видео проекта дома, реальные планы дома, поэтажные планы, фасады дома, архитектурные фасады, готовый проект дома, catalog-plans.ru, дом 116,7 м², дерево, современный"
Проект №12-11: от фасада к планам этажей,https://raw.githubusercontent.com/nemchenik/test/catalog-plans-pinterest-assets/pinterest/generated_batch_37_house_plan_facade_video/12-11.mp4,Двухэтажные дома с планировкой,00:01,"Проект дома №12-11. Видео раскрывает проект по шагам: визуализация дома, планы этажей и фасады со всех сторон. Такой формат помогает быстро оценить и внешний вид, и устройство этажей до перехода на сайт. Параметры проекта: площадь 121,9 м²; 2 этажа; габариты 8.12×9 м; материал — дерево; стиль — скандинавский. На catalog-plans.ru можно проверить все этажи, фасады, габариты и параметры строительства.",https://catalog-plans.ru/catalog/12-11?utm_source=pinterest&utm_medium=organic&utm_campaign=generated_house_plan_facade_video_batch_37&utm_content=pin_6818_12-11_plans_and_elevations&utm_term=dvuhetazhnye-doma-s-planirovkoy,,"проект дома 12-11, Двухэтажные дома с планировкой, видео проекта дома, реальные планы дома, поэтажные планы, фасады дома, архитектурные фасады, готовый проект дома, catalog-plans.ru, дом 121,9 м², дерево, скандинавский"
Дом №12-12: планы и фасады в коротком видео,https://raw.githubusercontent.com/nemchenik/test/catalog-plans-pinterest-assets/pinterest/generated_batch_37_house_plan_facade_video/12-12.mp4,Планы двухэтажных домов,00:01,"Проект дома №12-12. Сначала показан внешний вид дома, затем — реальные рабочие изображения планов и фасадов с сайта. Планы и фасады позволяют понять проект глубже, чем одна визуализация дома в ленте Pinterest. Параметры проекта: площадь 140,24 м²; 2 этажа; габариты 9.3×13.1 м; материал — дерево; стиль — скандинавский. Перейдите к проекту, чтобы изучить планировку, сравнить фасады и оценить посадку на участок.",https://catalog-plans.ru/catalog/12-12?utm_source=pinterest&utm_medium=organic&utm_campaign=generated_house_plan_facade_video_batch_37&utm_content=pin_6819_12-12_project_reveal&utm_term=plany-dvuhetazhnyh-domov,,"проект дома 12-12, Планы двухэтажных домов, видео проекта дома, реальные планы дома, поэтажные планы, фасады дома, архитектурные фасады, готовый проект дома, catalog-plans.ru, дом 140,24 м², дерево, скандинавский"
Проект дома №12-13: видео-разбор планировки,https://raw.githubusercontent.com/nemchenik/test/catalog-plans-pinterest-assets/pinterest/generated_batch_37_house_plan_facade_video/12-13.mp4,Планы деревянных домов,00:01,"Проект дома №12-13. Динамическая карточка помогает увидеть связь между архитектурой дома и его внутренней планировкой. Движение привлекает внимание, а реальные чертежи делают видеопин полезным для выбора проекта. Параметры проекта: площадь 137,2 м²; 2 этажа; габариты 8.74×11.9 м; материал — дерево; стиль — скандинавский. В полной карточке доступны дополнительные ракурсы, планы этажей и сведения по проекту.",https://catalog-plans.ru/catalog/12-13?utm_source=pinterest&utm_medium=organic&utm_campaign=generated_house_plan_facade_video_batch_37&utm_content=pin_6820_12-13_house_to_plan_to_facade&utm_term=plany-derevyannyh-domov,,"проект дома 12-13, Планы деревянных домов, видео проекта дома, реальные планы дома, поэтажные планы, фасады дома, архитектурные фасады, готовый проект дома, catalog-plans.ru, дом 137,2 м², дерево, скандинавский"
"Дом №12-16: фасад, планы этажей и размеры",https://raw.githubusercontent.com/nemchenik/test/catalog-plans-pinterest-assets/pinterest/generated_batch_37_house_plan_facade_video/12-16.mp4,Фасады деревянных домов,00:01,"Проект дома №12-16. Ролик превращает статичную карточку в короткий обзор реальных планов и фасадов проекта. За несколько секунд можно сопоставить архитектуру, этажность, размеры и расположение помещений. Параметры проекта: площадь 157,48 м²; 2 этажа; габариты 9.6×12.1 м; материал — дерево; стиль — английский. На сайте можно посмотреть проект целиком и перейти к расчёту строительства или изменениям.",https://catalog-plans.ru/catalog/12-16?utm_source=pinterest&utm_medium=organic&utm_campaign=generated_house_plan_facade_video_batch_37&utm_content=pin_6821_12-16_house_plan_facade_loop&utm_term=fasady-derevyannyh-domov,,"проект дома 12-16, Фасады деревянных домов, видео проекта дома, реальные планы дома, поэтажные планы, фасады дома, архитектурные фасады, готовый проект дома, catalog-plans.ru, дом 157,48 м², дерево, английский"
Проект №12-17: смотрите дом изнутри и снаружи,https://raw.githubusercontent.com/nemchenik/test/catalog-plans-pinterest-assets/pinterest/generated_batch_37_house_plan_facade_video/12-17.mp4,Видео проектов домов,00:01,"Проект дома №12-17. Видеопин показывает, как внешний образ дома связан с расположением помещений и фасадными решениями. Видео удобно для первичного сравнения проектов по фасадам и планировочным решениям. Параметры проекта: площадь 194,6 м²; 2 этажа; габариты 11.5×13 м; материал — дерево. Откройте проект, чтобы сверить размеры комнат, фасады и ключевые характеристики дома.",https://catalog-plans.ru/catalog/12-17?utm_source=pinterest&utm_medium=organic&utm_campaign=generated_house_plan_facade_video_batch_37&utm_content=pin_6822_12-17_plans_and_elevations&utm_term=video-proektov-domov,,"проект дома 12-17, Видео проектов домов, видео проекта дома, реальные планы дома, поэтажные планы, фасады дома, архитектурные фасады, готовый проект дома, catalog-plans.ru, дом 194,6 м², дерево"
Дом №12-18: видео проекта с реальными чертежами,https://raw.githubusercontent.com/nemchenik/test/catalog-plans-pinterest-assets/pinterest/generated_batch_37_house_plan_facade_video/12-18.mp4,Планировки и фасады домов,00:01,"Проект дома №12-18. Проект раскрывается последовательно: дом, планировки этажей, фасады и возврат к главной карточке. Реальные планы и фасады помогают быстрее решить, стоит ли открывать проект целиком. Параметры проекта: площадь 170,9 м²; 2 этажа; габариты 13.6×13.8 м; материал — дерево; стиль — скандинавский. После клика вы увидите все доступные планы и архитектурные проекции в полном размере.",https://catalog-plans.ru/catalog/12-18?utm_source=pinterest&utm_medium=organic&utm_campaign=generated_house_plan_facade_video_batch_37&utm_content=pin_6823_12-18_project_reveal&utm_term=planirovki-i-fasady-domov,,"проект дома 12-18, Планировки и фасады домов, видео проекта дома, реальные планы дома, поэтажные планы, фасады дома, архитектурные фасады, готовый проект дома, catalog-plans.ru, дом 170,9 м², дерево, скандинавский"
"Проект дома №12-22: дом, планы и фасады в видео",https://raw.githubusercontent.com/nemchenik/test/catalog-plans-pinterest-assets/pinterest/generated_batch_37_house_plan_facade_video/12-22.mp4,Проекты домов с планами этажей,00:01,"Проект дома №12-22. Короткое видео начинает с реального дома, затем показывает поэтажные планы и фасады проекта. Все изображения планов и фасадов взяты непосредственно со страницы этого проекта на catalog-plans.ru. Параметры проекта: площадь 126,9 м²; 2 этажа; габариты 8.6×10.6 м; материал — дерево. После перехода на сайт доступны остальные планы, фасады, размеры и подробные характеристики.",https://catalog-plans.ru/catalog/12-22?utm_source=pinterest&utm_medium=organic&utm_campaign=generated_house_plan_facade_video_batch_37&utm_content=pin_6824_12-22_house_to_plan_to_facade&utm_term=proekty-domov-s-planami-etazhey,,"проект дома 12-22, Проекты домов с планами этажей, видео проекта дома, реальные планы дома, поэтажные планы, фасады дома, архитектурные фасады, готовый проект дома, catalog-plans.ru, дом 126,9 м², дерево"
Дом №12-23: видео с планировками и фасадами,https://raw.githubusercontent.com/nemchenik/test/catalog-plans-pinterest-assets/pinterest/generated_batch_37_house_plan_facade_video/12-23.mp4,Фасады частных домов,00:01,"Проект дома №12-23. В ролике фасад дома плавно сменяется настоящими планировками и архитектурными проекциями. В видео используются не условные схемы, а реальные изображения из карточки соответствующего проекта. Параметры проекта: площадь 249,4 м²; 2 этажа; габариты 9.95×17.65 м; материал — дерево. Откройте карточку проекта, чтобы рассмотреть изображения крупнее и изучить состав документации.",https://catalog-plans.ru/catalog/12-23?utm_source=pinterest&utm_medium=organic&utm_campaign=generated_house_plan_facade_video_batch_37&utm_content=pin_6825_12-23_house_plan_facade_loop&utm_term=fasady-chastnyh-domov,,"проект дома 12-23, Фасады частных домов, видео проекта дома, реальные планы дома, поэтажные планы, фасады дома, архитектурные фасады, готовый проект дома, catalog-plans.ru, дом 249,4 м², дерево"
Проект №12-24: от фасада к планам этажей,https://raw.githubusercontent.com/nemchenik/test/catalog-plans-pinterest-assets/pinterest/generated_batch_37_house_plan_facade_video/12-24.mp4,Готовые проекты домов с чертежами,00:01,"Проект дома №12-24. Видео раскрывает проект по шагам: визуализация дома, планы этажей и фасады со всех сторон. Такой формат помогает быстро оценить и внешний вид, и устройство этажей до перехода на сайт. Параметры проекта: площадь 228 м²; 2 этажа; габариты 12.96×13.25 м; материал — дерево; стиль — скандинавский. На catalog-plans.ru можно проверить все этажи, фасады, габариты и параметры строительства.",https://catalog-plans.ru/catalog/12-24?utm_source=pinterest&utm_medium=organic&utm_campaign=generated_house_plan_facade_video_batch_37&utm_content=pin_6826_12-24_plans_and_elevations&utm_term=gotovye-proekty-domov-s-chertezhami,,"проект дома 12-24, Готовые проекты домов с чертежами, видео проекта дома, реальные планы дома, поэтажные планы, фасады дома, архитектурные фасады, готовый проект дома, catalog-plans.ru, дом 228 м², дерево, скандинавский"
Дом №12-26: планы и фасады в коротком видео,https://raw.githubusercontent.com/nemchenik/test/catalog-plans-pinterest-assets/pinterest/generated_batch_37_house_plan_facade_video/12-26.mp4,Планы двухэтажных домов,00:01,"Проект дома №12-26. Сначала показан внешний вид дома, затем — реальные рабочие изображения планов и фасадов с сайта. Планы и фасады позволяют понять проект глубже, чем одна визуализация дома в ленте Pinterest. Параметры проекта: площадь 108,7 м²; 2 этажа; габариты 8.85×10.27 м; материал — дерево; стиль — европейский. Перейдите к проекту, чтобы изучить планировку, сравнить фасады и оценить посадку на участок.",https://catalog-plans.ru/catalog/12-26?utm_source=pinterest&utm_medium=organic&utm_campaign=generated_house_plan_facade_video_batch_37&utm_content=pin_6827_12-26_project_reveal&utm_term=plany-dvuhetazhnyh-domov,,"проект дома 12-26, Планы двухэтажных домов, видео проекта дома, реальные планы дома, поэтажные планы, фасады дома, архитектурные фасады, готовый проект дома, catalog-plans.ru, дом 108,7 м², дерево, европейский"
Проект дома №12-27: видео-разбор планировки,https://raw.githubusercontent.com/nemchenik/test/catalog-plans-pinterest-assets/pinterest/generated_batch_37_house_plan_facade_video/12-27.mp4,Двухэтажные дома с планировкой,00:01,"Проект дома №12-27. Динамическая карточка помогает увидеть связь между архитектурой дома и его внутренней планировкой. Движение привлекает внимание, а реальные чертежи делают видеопин полезным для выбора проекта. Параметры проекта: площадь 224,7 м²; 2 этажа; габариты 10×12 м; материал — дерево. В полной карточке доступны дополнительные ракурсы, планы этажей и сведения по проекту.",https://catalog-plans.ru/catalog/12-27?utm_source=pinterest&utm_medium=organic&utm_campaign=generated_house_plan_facade_video_batch_37&utm_content=pin_6828_12-27_house_to_plan_to_facade&utm_term=dvuhetazhnye-doma-s-planirovkoy,,"проект дома 12-27, Двухэтажные дома с планировкой, видео проекта дома, реальные планы дома, поэтажные планы, фасады дома, архитектурные фасады, готовый проект дома, catalog-plans.ru, дом 224,7 м², дерево"
"Дом №12-28: фасад, планы этажей и размеры",https://raw.githubusercontent.com/nemchenik/test/catalog-plans-pinterest-assets/pinterest/generated_batch_37_house_plan_facade_video/12-28.mp4,Планы двухэтажных домов,00:01,"Проект дома №12-28. Ролик превращает статичную карточку в короткий обзор реальных планов и фасадов проекта. За несколько секунд можно сопоставить архитектуру, этажность, размеры и расположение помещений. Параметры проекта: площадь 192 м²; 2 этажа; габариты 11.6×12.6 м; материал — дерево. На сайте можно посмотреть проект целиком и перейти к расчёту строительства или изменениям.",https://catalog-plans.ru/catalog/12-28?utm_source=pinterest&utm_medium=organic&utm_campaign=generated_house_plan_facade_video_batch_37&utm_content=pin_6829_12-28_house_plan_facade_loop&utm_term=plany-dvuhetazhnyh-domov,,"проект дома 12-28, Планы двухэтажных домов, видео проекта дома, реальные планы дома, поэтажные планы, фасады дома, архитектурные фасады, готовый проект дома, catalog-plans.ru, дом 192 м², дерево"
Проект №12-29: смотрите дом изнутри и снаружи,https://raw.githubusercontent.com/nemchenik/test/catalog-plans-pinterest-assets/pinterest/generated_batch_37_house_plan_facade_video/12-29.mp4,Европейские дома с планировкой,00:01,"Проект дома №12-29. Видеопин показывает, как внешний образ дома связан с расположением помещений и фасадными решениями. Видео удобно для первичного сравнения проектов по фасадам и планировочным решениям. Параметры проекта: площадь 127 м²; 2 этажа; габариты 8.2×10.2 м; материал — дерево; стиль — европейский. Откройте проект, чтобы сверить размеры комнат, фасады и ключевые характеристики дома.",https://catalog-plans.ru/catalog/12-29?utm_source=pinterest&utm_medium=organic&utm_campaign=generated_house_plan_facade_video_batch_37&utm_content=pin_6830_12-29_plans_and_elevations&utm_term=evropeyskie-doma-s-planirovkoy,,"проект дома 12-29, Европейские дома с планировкой, видео проекта дома, реальные планы дома, поэтажные планы, фасады дома, архитектурные фасады, готовый проект дома, catalog-plans.ru, дом 127 м², дерево, европейский"
Дом №12-30: видео проекта с реальными чертежами,https://raw.githubusercontent.com/nemchenik/test/catalog-plans-pinterest-assets/pinterest/generated_batch_37_house_plan_facade_video/12-30.mp4,Фасады деревянных домов,00:01,"Проект дома №12-30. Проект раскрывается последовательно: дом, планировки этажей, фасады и возврат к главной карточке. Реальные планы и фасады помогают быстрее решить, стоит ли открывать проект целиком. Параметры проекта: площадь 122,5 м²; 2 этажа; габариты 8.2×10.2 м; материал — дерево; стиль — скандинавский. После клика вы увидите все доступные планы и архитектурные проекции в полном размере.",https://catalog-plans.ru/catalog/12-30?utm_source=pinterest&utm_medium=organic&utm_campaign=generated_house_plan_facade_video_batch_37&utm_content=pin_6831_12-30_project_reveal&utm_term=fasady-derevyannyh-domov,,"проект дома 12-30, Фасады деревянных домов, видео проекта дома, реальные планы дома, поэтажные планы, фасады дома, архитектурные фасады, готовый проект дома, catalog-plans.ru, дом 122,5 м², дерево, скандинавский"
"Проект дома №12-31: дом, планы и фасады в видео",https://raw.githubusercontent.com/nemchenik/test/catalog-plans-pinterest-assets/pinterest/generated_batch_37_house_plan_facade_video/12-31.mp4,Видео проектов домов,00:01,"Проект дома №12-31. Короткое видео начинает с реального дома, затем показывает поэтажные планы и фасады проекта. Все изображения планов и фасадов взяты непосредственно со страницы этого проекта на catalog-plans.ru. Параметры проекта: площадь 130,3 м²; 2 этажа; габариты 8.2×10.2 м; материал — дерево; стиль — скандинавский. После перехода на сайт доступны остальные планы, фасады, размеры и подробные характеристики.",https://catalog-plans.ru/catalog/12-31?utm_source=pinterest&utm_medium=organic&utm_campaign=generated_house_plan_facade_video_batch_37&utm_content=pin_6832_12-31_house_to_plan_to_facade&utm_term=video-proektov-domov,,"проект дома 12-31, Видео проектов домов, видео проекта дома, реальные планы дома, поэтажные планы, фасады дома, архитектурные фасады, готовый проект дома, catalog-plans.ru, дом 130,3 м², дерево, скандинавский"
Дом №12-33: видео с планировками и фасадами,https://raw.githubusercontent.com/nemchenik/test/catalog-plans-pinterest-assets/pinterest/generated_batch_37_house_plan_facade_video/12-33.mp4,Планировки и фасады домов,00:01,"Проект дома №12-33. В ролике фасад дома плавно сменяется настоящими планировками и архитектурными проекциями. В видео используются не условные схемы, а реальные изображения из карточки соответствующего проекта. Параметры проекта: площадь 159 м²; 2 этажа; габариты 8.3×15.3 м; материал — дерево; стиль — скандинавский. Откройте карточку проекта, чтобы рассмотреть изображения крупнее и изучить состав документации.",https://catalog-plans.ru/catalog/12-33?utm_source=pinterest&utm_medium=organic&utm_campaign=generated_house_plan_facade_video_batch_37&utm_content=pin_6833_12-33_house_plan_facade_loop&utm_term=planirovki-i-fasady-domov,,"проект дома 12-33, Планировки и фасады домов, видео проекта дома, реальные планы дома, поэтажные планы, фасады дома, архитектурные фасады, готовый проект дома, catalog-plans.ru, дом 159 м², дерево, скандинавский"
Проект №12-34: от фасада к планам этажей,https://raw.githubusercontent.com/nemchenik/test/catalog-plans-pinterest-assets/pinterest/generated_batch_37_house_plan_facade_video/12-34.mp4,Проекты домов с планами этажей,00:01,"Проект дома №12-34. Видео раскрывает проект по шагам: визуализация дома, планы этажей и фасады со всех сторон. Такой формат помогает быстро оценить и внешний вид, и устройство этажей до перехода на сайт. Параметры проекта: площадь 190,92 м²; 2 этажа; габариты 10×12.61 м; материал — дерево; стиль — скандинавский. На catalog-plans.ru можно проверить все этажи, фасады, габариты и параметры строительства.",https://catalog-plans.ru/catalog/12-34?utm_source=pinterest&utm_medium=organic&utm_campaign=generated_house_plan_facade_video_batch_37&utm_content=pin_6834_12-34_plans_and_elevations&utm_term=proekty-domov-s-planami-etazhey,,"проект дома 12-34, Проекты домов с планами этажей, видео проекта дома, реальные планы дома, поэтажные планы, фасады дома, архитектурные фасады, готовый проект дома, catalog-plans.ru, дом 190,92 м², дерево, скандинавский"
Дом №12-35: планы и фасады в коротком видео,https://raw.githubusercontent.com/nemchenik/test/catalog-plans-pinterest-assets/pinterest/generated_batch_37_house_plan_facade_video/12-35.mp4,Фасады частных домов,00:01,"Проект дома №12-35. Сначала показан внешний вид дома, затем — реальные рабочие изображения планов и фасадов с сайта. Планы и фасады позволяют понять проект глубже, чем одна визуализация дома в ленте Pinterest. Параметры проекта: площадь 184,2 м²; 2 этажа; габариты 10.86×14.42 м; материал — дерево. Перейдите к проекту, чтобы изучить планировку, сравнить фасады и оценить посадку на участок.",https://catalog-plans.ru/catalog/12-35?utm_source=pinterest&utm_medium=organic&utm_campaign=generated_house_plan_facade_video_batch_37&utm_content=pin_6835_12-35_project_reveal&utm_term=fasady-chastnyh-domov,,"проект дома 12-35, Фасады частных домов, видео проекта дома, реальные планы дома, поэтажные планы, фасады дома, архитектурные фасады, готовый проект дома, catalog-plans.ru, дом 184,2 м², дерево"
Проект дома №12-38: видео-разбор планировки,https://raw.githubusercontent.com/nemchenik/test/catalog-plans-pinterest-assets/pinterest/generated_batch_37_house_plan_facade_video/12-38.mp4,Готовые проекты домов с чертежами,00:01,"Проект дома №12-38. Динамическая карточка помогает увидеть связь между архитектурой дома и его внутренней планировкой. Движение привлекает внимание, а реальные чертежи делают видеопин полезным для выбора проекта. Параметры проекта: площадь 114,9 м²; 2 этажа; габариты 8.2×10.7 м; материал — дерево; стиль — современный. В полной карточке доступны дополнительные ракурсы, планы этажей и сведения по проекту.",https://catalog-plans.ru/catalog/12-38?utm_source=pinterest&utm_medium=organic&utm_campaign=generated_house_plan_facade_video_batch_37&utm_content=pin_6836_12-38_house_to_plan_to_facade&utm_term=gotovye-proekty-domov-s-chertezhami,,"проект дома 12-38, Готовые проекты домов с чертежами, видео проекта дома, реальные планы дома, поэтажные планы, фасады дома, архитектурные фасады, готовый проект дома, catalog-plans.ru, дом 114,9 м², дерево, современный"
"Дом №12-39: фасад, планы этажей и размеры",https://raw.githubusercontent.com/nemchenik/test/catalog-plans-pinterest-assets/pinterest/generated_batch_37_house_plan_facade_video/12-39.mp4,Проекты домов с размерами,00:01,"Проект дома №12-39. Ролик превращает статичную карточку в короткий обзор реальных планов и фасадов проекта. За несколько секунд можно сопоставить архитектуру, этажность, размеры и расположение помещений. Параметры проекта: площадь 169,7 м²; 2 этажа; габариты 10×12 м; материал — дерево; стиль — скандинавский. На сайте можно посмотреть проект целиком и перейти к расчёту строительства или изменениям.",https://catalog-plans.ru/catalog/12-39?utm_source=pinterest&utm_medium=organic&utm_campaign=generated_house_plan_facade_video_batch_37&utm_content=pin_6837_12-39_house_plan_facade_loop&utm_term=proekty-domov-s-razmerami,,"проект дома 12-39, Проекты домов с размерами, видео проекта дома, реальные планы дома, поэтажные планы, фасады дома, архитектурные фасады, готовый проект дома, catalog-plans.ru, дом 169,7 м², дерево, скандинавский"
Проект №12-40: смотрите дом изнутри и снаружи,https://raw.githubusercontent.com/nemchenik/test/catalog-plans-pinterest-assets/pinterest/generated_batch_37_house_plan_facade_video/12-40.mp4,Двухэтажные дома с планировкой,00:01,"Проект дома №12-40. Видеопин показывает, как внешний образ дома связан с расположением помещений и фасадными решениями. Видео удобно для первичного сравнения проектов по фасадам и планировочным решениям. Параметры проекта: площадь 375,5 м²; 2 этажа; габариты 16×20.1 м; материал — дерево; стиль — шале. Откройте проект, чтобы сверить размеры комнат, фасады и ключевые характеристики дома.",https://catalog-plans.ru/catalog/12-40?utm_source=pinterest&utm_medium=organic&utm_campaign=generated_house_plan_facade_video_batch_37&utm_content=pin_6838_12-40_plans_and_elevations&utm_term=dvuhetazhnye-doma-s-planirovkoy,,"проект дома 12-40, Двухэтажные дома с планировкой, видео проекта дома, реальные планы дома, поэтажные планы, фасады дома, архитектурные фасады, готовый проект дома, catalog-plans.ru, дом 375,5 м², дерево, шале"
Дом №12-42: видео проекта с реальными чертежами,https://raw.githubusercontent.com/nemchenik/test/catalog-plans-pinterest-assets/pinterest/generated_batch_37_house_plan_facade_video/12-42.mp4,Планы двухэтажных домов,00:01,"Проект дома №12-42. Проект раскрывается последовательно: дом, планировки этажей, фасады и возврат к главной карточке. Реальные планы и фасады помогают быстрее решить, стоит ли открывать проект целиком. Параметры проекта: площадь 175,8 м²; 2 этажа; габариты 10.4×17.1 м; материал — дерево; стиль — европейский. После клика вы увидите все доступные планы и архитектурные проекции в полном размере.",https://catalog-plans.ru/catalog/12-42?utm_source=pinterest&utm_medium=organic&utm_campaign=generated_house_plan_facade_video_batch_37&utm_content=pin_6839_12-42_project_reveal&utm_term=plany-dvuhetazhnyh-domov,,"проект дома 12-42, Планы двухэтажных домов, видео проекта дома, реальные планы дома, поэтажные планы, фасады дома, архитектурные фасады, готовый проект дома, catalog-plans.ru, дом 175,8 м², дерево, европейский"
"Проект дома №12-44: дом, планы и фасады в видео",https://raw.githubusercontent.com/nemchenik/test/catalog-plans-pinterest-assets/pinterest/generated_batch_37_house_plan_facade_video/12-44.mp4,Планы деревянных домов,00:01,"Проект дома №12-44. Короткое видео начинает с реального дома, затем показывает поэтажные планы и фасады проекта. Все изображения планов и фасадов взяты непосредственно со страницы этого проекта на catalog-plans.ru. Параметры проекта: площадь 197,6 м²; 2 этажа; габариты 12.75×15.1 м; материал — дерево; стиль — современный. После перехода на сайт доступны остальные планы, фасады, размеры и подробные характеристики.",https://catalog-plans.ru/catalog/12-44?utm_source=pinterest&utm_medium=organic&utm_campaign=generated_house_plan_facade_video_batch_37&utm_content=pin_6840_12-44_house_to_plan_to_facade&utm_term=plany-derevyannyh-domov,,"проект дома 12-44, Планы деревянных домов, видео проекта дома, реальные планы дома, поэтажные планы, фасады дома, архитектурные фасады, готовый проект дома, catalog-plans.ru, дом 197,6 м², дерево, современный"
Дом №12-45: видео с планировками и фасадами,https://raw.githubusercontent.com/nemchenik/test/catalog-plans-pinterest-assets/pinterest/generated_batch_37_house_plan_facade_video/12-45.mp4,Фасады деревянных домов,00:01,"Проект дома №12-45. В ролике фасад дома плавно сменяется настоящими планировками и архитектурными проекциями. В видео используются не условные схемы, а реальные изображения из карточки соответствующего проекта. Параметры проекта: площадь 173,9 м²; 2 этажа; габариты 12.75×15.1 м; материал — дерево; стиль — современный. Откройте карточку проекта, чтобы рассмотреть изображения крупнее и изучить состав документации.",https://catalog-plans.ru/catalog/12-45?utm_source=pinterest&utm_medium=organic&utm_campaign=generated_house_plan_facade_video_batch_37&utm_content=pin_6841_12-45_house_plan_facade_loop&utm_term=fasady-derevyannyh-domov,,"проект дома 12-45, Фасады деревянных домов, видео проекта дома, реальные планы дома, поэтажные планы, фасады дома, архитектурные фасады, готовый проект дома, catalog-plans.ru, дом 173,9 м², дерево, современный"
Проект №12-47: от фасада к планам этажей,https://raw.githubusercontent.com/nemchenik/test/catalog-plans-pinterest-assets/pinterest/generated_batch_37_house_plan_facade_video/12-47.mp4,Проекты домов с планами этажей,00:01,"Проект дома №12-47. Видео раскрывает проект по шагам: визуализация дома, планы этажей и фасады со всех сторон. Такой формат помогает быстро оценить и внешний вид, и устройство этажей до перехода на сайт. Параметры проекта: площадь 479 м²; 3 этажа; габариты 15×20.15 м; материал — дерево. На catalog-plans.ru можно проверить все этажи, фасады, габариты и параметры строительства.",https://catalog-plans.ru/catalog/12-47?utm_source=pinterest&utm_medium=organic&utm_campaign=generated_house_plan_facade_video_batch_37&utm_content=pin_6842_12-47_plans_and_elevations&utm_term=proekty-domov-s-planami-etazhey,,"проект дома 12-47, Проекты домов с планами этажей, видео проекта дома, реальные планы дома, поэтажные планы, фасады дома, архитектурные фасады, готовый проект дома, catalog-plans.ru, дом 479 м², дерево"
Дом №12-48: планы и фасады в коротком видео,https://raw.githubusercontent.com/nemchenik/test/catalog-plans-pinterest-assets/pinterest/generated_batch_37_house_plan_facade_video/12-48.mp4,Планировки и фасады домов,00:01,"Проект дома №12-48. Сначала показан внешний вид дома, затем — реальные рабочие изображения планов и фасадов с сайта. Планы и фасады позволяют понять проект глубже, чем одна визуализация дома в ленте Pinterest. Параметры проекта: площадь 246,7 м²; 2 этажа; габариты 13.8×17 м; материал — дерево; стиль — скандинавский. Перейдите к проекту, чтобы изучить планировку, сравнить фасады и оценить посадку на участок.",https://catalog-plans.ru/catalog/12-48?utm_source=pinterest&utm_medium=organic&utm_campaign=generated_house_plan_facade_video_batch_37&utm_content=pin_6843_12-48_project_reveal&utm_term=planirovki-i-fasady-domov,,"проект дома 12-48, Планировки и фасады домов, видео проекта дома, реальные планы дома, поэтажные планы, фасады дома, архитектурные фасады, готовый проект дома, catalog-plans.ru, дом 246,7 м², дерево, скандинавский"
Проект дома №12-49: видео-разбор планировки,https://raw.githubusercontent.com/nemchenik/test/catalog-plans-pinterest-assets/pinterest/generated_batch_37_house_plan_facade_video/12-49.mp4,Видео проектов домов,00:01,"Проект дома №12-49. Динамическая карточка помогает увидеть связь между архитектурой дома и его внутренней планировкой. Движение привлекает внимание, а реальные чертежи делают видеопин полезным для выбора проекта. Параметры проекта: площадь 184 м²; 2 этажа; габариты 10.9×13.3 м; материал — дерево; стиль — современный. В полной карточке доступны дополнительные ракурсы, планы этажей и сведения по проекту.",https://catalog-plans.ru/catalog/12-49?utm_source=pinterest&utm_medium=organic&utm_campaign=generated_house_plan_facade_video_batch_37&utm_content=pin_6844_12-49_house_to_plan_to_facade&utm_term=video-proektov-domov,,"проект дома 12-49, Видео проектов домов, видео проекта дома, реальные планы дома, поэтажные планы, фасады дома, архитектурные фасады, готовый проект дома, catalog-plans.ru, дом 184 м², дерево, современный"
"Дом №12-50: фасад, планы этажей и размеры",https://raw.githubusercontent.com/nemchenik/test/catalog-plans-pinterest-assets/pinterest/generated_batch_37_house_plan_facade_video/12-50.mp4,Планировки и фасады домов,00:01,"Проект дома №12-50. Ролик превращает статичную карточку в короткий обзор реальных планов и фасадов проекта. За несколько секунд можно сопоставить архитектуру, этажность, размеры и расположение помещений. Параметры проекта: площадь 278,7 м²; 2 этажа; габариты 18.7×20 м; материал — дерево; стиль — европейский. На сайте можно посмотреть проект целиком и перейти к расчёту строительства или изменениям.",https://catalog-plans.ru/catalog/12-50?utm_source=pinterest&utm_medium=organic&utm_campaign=generated_house_plan_facade_video_batch_37&utm_content=pin_6845_12-50_house_plan_facade_loop&utm_term=planirovki-i-fasady-domov,,"проект дома 12-50, Планировки и фасады домов, видео проекта дома, реальные планы дома, поэтажные планы, фасады дома, архитектурные фасады, готовый проект дома, catalog-plans.ru, дом 278,7 м², дерево, европейский"
Проект №12-51: смотрите дом изнутри и снаружи,https://raw.githubusercontent.com/nemchenik/test/catalog-plans-pinterest-assets/pinterest/generated_batch_37_house_plan_facade_video/12-51.mp4,Готовые проекты домов с чертежами,00:01,"Проект дома №12-51. Видеопин показывает, как внешний образ дома связан с расположением помещений и фасадными решениями. Видео удобно для первичного сравнения проектов по фасадам и планировочным решениям. Параметры проекта: площадь 290,1 м²; 2 этажа; габариты 10.4×18.85 м; материал — дерево; стиль — шале. Откройте проект, чтобы сверить размеры комнат, фасады и ключевые характеристики дома.",https://catalog-plans.ru/catalog/12-51?utm_source=pinterest&utm_medium=organic&utm_campaign=generated_house_plan_facade_video_batch_37&utm_content=pin_6846_12-51_plans_and_elevations&utm_term=gotovye-proekty-domov-s-chertezhami,,"проект дома 12-51, Готовые проекты домов с чертежами, видео проекта дома, реальные планы дома, поэтажные планы, фасады дома, архитектурные фасады, готовый проект дома, catalog-plans.ru, дом 290,1 м², дерево, шале"
Дом №12-52: видео проекта с реальными чертежами,https://raw.githubusercontent.com/nemchenik/test/catalog-plans-pinterest-assets/pinterest/generated_batch_37_house_plan_facade_video/12-52.mp4,Фасады частных домов,00:01,"Проект дома №12-52. Проект раскрывается последовательно: дом, планировки этажей, фасады и возврат к главной карточке. Реальные планы и фасады помогают быстрее решить, стоит ли открывать проект целиком. Параметры проекта: площадь 249,8 м²; 2 этажа; габариты 14.9×18.43 м; материал — дерево; стиль — европейский. После клика вы увидите все доступные планы и архитектурные проекции в полном размере.",https://catalog-plans.ru/catalog/12-52?utm_source=pinterest&utm_medium=organic&utm_campaign=generated_house_plan_facade_video_batch_37&utm_content=pin_6847_12-52_project_reveal&utm_term=fasady-chastnyh-domov,,"проект дома 12-52, Фасады частных домов, видео проекта дома, реальные планы дома, поэтажные планы, фасады дома, архитектурные фасады, готовый проект дома, catalog-plans.ru, дом 249,8 м², дерево, европейский"
"Проект дома №12-53: дом, планы и фасады в видео",https://raw.githubusercontent.com/nemchenik/test/catalog-plans-pinterest-assets/pinterest/generated_batch_37_house_plan_facade_video/12-53.mp4,Готовые проекты домов с чертежами,00:01,"Проект дома №12-53. Короткое видео начинает с реального дома, затем показывает поэтажные планы и фасады проекта. Все изображения планов и фасадов взяты непосредственно со страницы этого проекта на catalog-plans.ru. Параметры проекта: площадь 273,4 м²; 2 этажа; габариты 13×14.2 м; материал — дерево; стиль — современный. После перехода на сайт доступны остальные планы, фасады, размеры и подробные характеристики.",https://catalog-plans.ru/catalog/12-53?utm_source=pinterest&utm_medium=organic&utm_campaign=generated_house_plan_facade_video_batch_37&utm_content=pin_6848_12-53_house_to_plan_to_facade&utm_term=gotovye-proekty-domov-s-chertezhami,,"проект дома 12-53, Готовые проекты домов с чертежами, видео проекта дома, реальные планы дома, поэтажные планы, фасады дома, архитектурные фасады, готовый проект дома, catalog-plans.ru, дом 273,4 м², дерево, современный"
Дом №12-54: видео с планировками и фасадами,https://raw.githubusercontent.com/nemchenik/test/catalog-plans-pinterest-assets/pinterest/generated_batch_37_house_plan_facade_video/12-54.mp4,Планы двухэтажных домов,00:01,"Проект дома №12-54. В ролике фасад дома плавно сменяется настоящими планировками и архитектурными проекциями. В видео используются не условные схемы, а реальные изображения из карточки соответствующего проекта. Параметры проекта: площадь 256,53 м²; 2 этажа; габариты 10.63×12.16 м; материал — дерево. Откройте карточку проекта, чтобы рассмотреть изображения крупнее и изучить состав документации.",https://catalog-plans.ru/catalog/12-54?utm_source=pinterest&utm_medium=organic&utm_campaign=generated_house_plan_facade_video_batch_37&utm_content=pin_6849_12-54_house_plan_facade_loop&utm_term=plany-dvuhetazhnyh-domov,,"проект дома 12-54, Планы двухэтажных домов, видео проекта дома, реальные планы дома, поэтажные планы, фасады дома, архитектурные фасады, готовый проект дома, catalog-plans.ru, дом 256,53 м², дерево"
Проект №12-57: от фасада к планам этажей,https://raw.githubusercontent.com/nemchenik/test/catalog-plans-pinterest-assets/pinterest/generated_batch_37_house_plan_facade_video/12-57.mp4,Планы деревянных домов,00:01,"Проект дома №12-57. Видео раскрывает проект по шагам: визуализация дома, планы этажей и фасады со всех сторон. Такой формат помогает быстро оценить и внешний вид, и устройство этажей до перехода на сайт. Параметры проекта: площадь 663,2 м²; 2 этажа; габариты 24.63×27.24 м; материал — дерево. На catalog-plans.ru можно проверить все этажи, фасады, габариты и параметры строительства.",https://catalog-plans.ru/catalog/12-57?utm_source=pinterest&utm_medium=organic&utm_campaign=generated_house_plan_facade_video_batch_37&utm_content=pin_6850_12-57_plans_and_elevations&utm_term=plany-derevyannyh-domov,,"проект дома 12-57, Планы деревянных домов, видео проекта дома, реальные планы дома, поэтажные планы, фасады дома, архитектурные фасады, готовый проект дома, catalog-plans.ru, дом 663,2 м², дерево"
Дом №12-58: планы и фасады в коротком видео,https://raw.githubusercontent.com/nemchenik/test/catalog-plans-pinterest-assets/pinterest/generated_batch_37_house_plan_facade_video/12-58.mp4,Фасады деревянных домов,00:01,"Проект дома №12-58. Сначала показан внешний вид дома, затем — реальные рабочие изображения планов и фасадов с сайта. Планы и фасады позволяют понять проект глубже, чем одна визуализация дома в ленте Pinterest. Параметры проекта: площадь 185,6 м²; 2 этажа; габариты 11.5×13.61 м; материал — дерево. Перейдите к проекту, чтобы изучить планировку, сравнить фасады и оценить посадку на участок.",https://catalog-plans.ru/catalog/12-58?utm_source=pinterest&utm_medium=organic&utm_campaign=generated_house_plan_facade_video_batch_37&utm_content=pin_6851_12-58_project_reveal&utm_term=fasady-derevyannyh-domov,,"проект дома 12-58, Фасады деревянных домов, видео проекта дома, реальные планы дома, поэтажные планы, фасады дома, архитектурные фасады, готовый проект дома, catalog-plans.ru, дом 185,6 м², дерево"
Проект дома №12-59: видео-разбор планировки,https://raw.githubusercontent.com/nemchenik/test/catalog-plans-pinterest-assets/pinterest/generated_batch_37_house_plan_facade_video/12-59.mp4,Видео проектов домов,00:01,"Проект дома №12-59. Динамическая карточка помогает увидеть связь между архитектурой дома и его внутренней планировкой. Движение привлекает внимание, а реальные чертежи делают видеопин полезным для выбора проекта. Параметры проекта: площадь 346,31 м²; 2 этажа; габариты 11.3×16.55 м; материал — дерево; стиль — скандинавский. В полной карточке доступны дополнительные ракурсы, планы этажей и сведения по проекту.",https://catalog-plans.ru/catalog/12-59?utm_source=pinterest&utm_medium=organic&utm_campaign=generated_house_plan_facade_video_batch_37&utm_content=pin_6852_12-59_house_to_plan_to_facade&utm_term=video-proektov-domov,,"проект дома 12-59, Видео проектов домов, видео проекта дома, реальные планы дома, поэтажные планы, фасады дома, архитектурные фасады, готовый проект дома, catalog-plans.ru, дом 346,31 м², дерево, скандинавский"
"Дом №12-60: фасад, планы этажей и размеры",https://raw.githubusercontent.com/nemchenik/test/catalog-plans-pinterest-assets/pinterest/generated_batch_37_house_plan_facade_video/12-60.mp4,Планировки и фасады домов,00:01,"Проект дома №12-60. Ролик превращает статичную карточку в короткий обзор реальных планов и фасадов проекта. За несколько секунд можно сопоставить архитектуру, этажность, размеры и расположение помещений. Параметры проекта: площадь 256,7 м²; 2 этажа; габариты 11.3×11.9 м; материал — дерево; стиль — скандинавский. На сайте можно посмотреть проект целиком и перейти к расчёту строительства или изменениям.",https://catalog-plans.ru/catalog/12-60?utm_source=pinterest&utm_medium=organic&utm_campaign=generated_house_plan_facade_video_batch_37&utm_content=pin_6853_12-60_house_plan_facade_loop&utm_term=planirovki-i-fasady-domov,,"проект дома 12-60, Планировки и фасады домов, видео проекта дома, реальные планы дома, поэтажные планы, фасады дома, архитектурные фасады, готовый проект дома, catalog-plans.ru, дом 256,7 м², дерево, скандинавский"
Проект №12-61: смотрите дом изнутри и снаружи,https://raw.githubusercontent.com/nemchenik/test/catalog-plans-pinterest-assets/pinterest/generated_batch_37_house_plan_facade_video/12-61.mp4,Планы деревянных домов,00:01,"Проект дома №12-61. Видеопин показывает, как внешний образ дома связан с расположением помещений и фасадными решениями. Видео удобно для первичного сравнения проектов по фасадам и планировочным решениям. Параметры проекта: площадь 320 м²; 3 этажа; габариты 10.5×13.8 м; материал — дерево; стиль — скандинавский. Откройте проект, чтобы сверить размеры комнат, фасады и ключевые характеристики дома.",https://catalog-plans.ru/catalog/12-61?utm_source=pinterest&utm_medium=organic&utm_campaign=generated_house_plan_facade_video_batch_37&utm_content=pin_6854_12-61_plans_and_elevations&utm_term=plany-derevyannyh-domov,,"проект дома 12-61, Планы деревянных домов, видео проекта дома, реальные планы дома, поэтажные планы, фасады дома, архитектурные фасады, готовый проект дома, catalog-plans.ru, дом 320 м², дерево, скандинавский"
Дом №13-00: видео проекта с реальными чертежами,https://raw.githubusercontent.com/nemchenik/test/catalog-plans-pinterest-assets/pinterest/generated_batch_37_house_plan_facade_video/13-00.mp4,Современные фасады домов,00:01,"Проект дома №13-00. Проект раскрывается последовательно: дом, планировки этажей, фасады и возврат к главной карточке. Реальные планы и фасады помогают быстрее решить, стоит ли открывать проект целиком. Параметры проекта: площадь 156,93 м²; 2 этажа; габариты 9.71×10.61 м; материал — дерево; стиль — современный. После клика вы увидите все доступные планы и архитектурные проекции в полном размере.",https://catalog-plans.ru/catalog/13-00?utm_source=pinterest&utm_medium=organic&utm_campaign=generated_house_plan_facade_video_batch_37&utm_content=pin_6855_13-00_project_reveal&utm_term=sovremennye-fasady-domov,,"проект дома 13-00, Современные фасады домов, видео проекта дома, реальные планы дома, поэтажные планы, фасады дома, архитектурные фасады, готовый проект дома, catalog-plans.ru, дом 156,93 м², дерево, современный"
"Проект дома №13-00A: дом, планы и фасады в видео",https://raw.githubusercontent.com/nemchenik/test/catalog-plans-pinterest-assets/pinterest/generated_batch_37_house_plan_facade_video/13-00A.mp4,Видео проектов домов,00:01,"Проект дома №13-00A. Короткое видео начинает с реального дома, затем показывает поэтажные планы и фасады проекта. Все изображения планов и фасадов взяты непосредственно со страницы этого проекта на catalog-plans.ru. Параметры проекта: площадь 155,11 м²; 2 этажа; габариты 9.72×10.62 м; материал — дерево; стиль — современный. После перехода на сайт доступны остальные планы, фасады, размеры и подробные характеристики.",https://catalog-plans.ru/catalog/13-00A?utm_source=pinterest&utm_medium=organic&utm_campaign=generated_house_plan_facade_video_batch_37&utm_content=pin_6856_13-00a_house_to_plan_to_facade&utm_term=video-proektov-domov,,"проект дома 13-00A, Видео проектов домов, видео проекта дома, реальные планы дома, поэтажные планы, фасады дома, архитектурные фасады, готовый проект дома, catalog-plans.ru, дом 155,11 м², дерево, современный"
Дом №13-02: видео с планировками и фасадами,https://raw.githubusercontent.com/nemchenik/test/catalog-plans-pinterest-assets/pinterest/generated_batch_37_house_plan_facade_video/13-02.mp4,Проекты домов с размерами,00:01,"Проект дома №13-02. В ролике фасад дома плавно сменяется настоящими планировками и архитектурными проекциями. В видео используются не условные схемы, а реальные изображения из карточки соответствующего проекта. Параметры проекта: площадь 228,26 м²; 2 этажа; габариты 13.8×16.7 м; материал — дерево. Откройте карточку проекта, чтобы рассмотреть изображения крупнее и изучить состав документации.",https://catalog-plans.ru/catalog/13-02?utm_source=pinterest&utm_medium=organic&utm_campaign=generated_house_plan_facade_video_batch_37&utm_content=pin_6857_13-02_house_plan_facade_loop&utm_term=proekty-domov-s-razmerami,,"проект дома 13-02, Проекты домов с размерами, видео проекта дома, реальные планы дома, поэтажные планы, фасады дома, архитектурные фасады, готовый проект дома, catalog-plans.ru, дом 228,26 м², дерево"
Проект №13-02X: от фасада к планам этажей,https://raw.githubusercontent.com/nemchenik/test/catalog-plans-pinterest-assets/pinterest/generated_batch_37_house_plan_facade_video/13-02X.mp4,Двухэтажные дома с планировкой,00:01,"Проект дома №13-02X. Видео раскрывает проект по шагам: визуализация дома, планы этажей и фасады со всех сторон. Такой формат помогает быстро оценить и внешний вид, и устройство этажей до перехода на сайт. Параметры проекта: площадь 222,03 м²; 2 этажа; габариты 13.85×13.9 м; материал — дерево. На catalog-plans.ru можно проверить все этажи, фасады, габариты и параметры строительства.",https://catalog-plans.ru/catalog/13-02X?utm_source=pinterest&utm_medium=organic&utm_campaign=generated_house_plan_facade_video_batch_37&utm_content=pin_6858_13-02x_plans_and_elevations&utm_term=dvuhetazhnye-doma-s-planirovkoy,,"проект дома 13-02X, Двухэтажные дома с планировкой, видео проекта дома, реальные планы дома, поэтажные планы, фасады дома, архитектурные фасады, готовый проект дома, catalog-plans.ru, дом 222,03 м², дерево"
Дом №13-04: планы и фасады в коротком видео,https://raw.githubusercontent.com/nemchenik/test/catalog-plans-pinterest-assets/pinterest/generated_batch_37_house_plan_facade_video/13-04.mp4,Планы двухэтажных домов,00:01,"Проект дома №13-04. Сначала показан внешний вид дома, затем — реальные рабочие изображения планов и фасадов с сайта. Планы и фасады позволяют понять проект глубже, чем одна визуализация дома в ленте Pinterest. Параметры проекта: площадь 251,4 м²; 2 этажа; габариты 14.65×21.4 м; материал — дерево; стиль — скандинавский. Перейдите к проекту, чтобы изучить планировку, сравнить фасады и оценить посадку на участок.",https://catalog-plans.ru/catalog/13-04?utm_source=pinterest&utm_medium=organic&utm_campaign=generated_house_plan_facade_video_batch_37&utm_content=pin_6859_13-04_project_reveal&utm_term=plany-dvuhetazhnyh-domov,,"проект дома 13-04, Планы двухэтажных домов, видео проекта дома, реальные планы дома, поэтажные планы, фасады дома, архитектурные фасады, готовый проект дома, catalog-plans.ru, дом 251,4 м², дерево, скандинавский"
Проект дома №13-05: видео-разбор планировки,https://raw.githubusercontent.com/nemchenik/test/catalog-plans-pinterest-assets/pinterest/generated_batch_37_house_plan_facade_video/13-05.mp4,Планы деревянных домов,00:01,"Проект дома №13-05. Динамическая карточка помогает увидеть связь между архитектурой дома и его внутренней планировкой. Движение привлекает внимание, а реальные чертежи делают видеопин полезным для выбора проекта. Параметры проекта: площадь 234,3 м²; 2 этажа; габариты 11.2×15.2 м; материал — дерево; стиль — скандинавский. В полной карточке доступны дополнительные ракурсы, планы этажей и сведения по проекту.",https://catalog-plans.ru/catalog/13-05?utm_source=pinterest&utm_medium=organic&utm_campaign=generated_house_plan_facade_video_batch_37&utm_content=pin_6860_13-05_house_to_plan_to_facade&utm_term=plany-derevyannyh-domov,,"проект дома 13-05, Планы деревянных домов, видео проекта дома, реальные планы дома, поэтажные планы, фасады дома, архитектурные фасады, готовый проект дома, catalog-plans.ru, дом 234,3 м², дерево, скандинавский"
"Дом №13-09: фасад, планы этажей и размеры",https://raw.githubusercontent.com/nemchenik/test/catalog-plans-pinterest-assets/pinterest/generated_batch_37_house_plan_facade_video/13-09.mp4,Фасады деревянных домов,00:01,"Проект дома №13-09. Ролик превращает статичную карточку в короткий обзор реальных планов и фасадов проекта. За несколько секунд можно сопоставить архитектуру, этажность, размеры и расположение помещений. Параметры проекта: площадь 87,77 м²; 1 этаж; габариты 10.04×12.84 м; материал — дерево; стиль — скандинавский. На сайте можно посмотреть проект целиком и перейти к расчёту строительства или изменениям.",https://catalog-plans.ru/catalog/13-09?utm_source=pinterest&utm_medium=organic&utm_campaign=generated_house_plan_facade_video_batch_37&utm_content=pin_6861_13-09_house_plan_facade_loop&utm_term=fasady-derevyannyh-domov,,"проект дома 13-09, Фасады деревянных домов, видео проекта дома, реальные планы дома, поэтажные планы, фасады дома, архитектурные фасады, готовый проект дома, catalog-plans.ru, дом 87,77 м², дерево, скандинавский"
Проект №13-10: смотрите дом изнутри и снаружи,https://raw.githubusercontent.com/nemchenik/test/catalog-plans-pinterest-assets/pinterest/generated_batch_37_house_plan_facade_video/13-10.mp4,Двухэтажные дома с планировкой,00:01,"Проект дома №13-10. Видеопин показывает, как внешний образ дома связан с расположением помещений и фасадными решениями. Видео удобно для первичного сравнения проектов по фасадам и планировочным решениям. Параметры проекта: площадь 99,44 м²; 2 этажа; габариты 8.25×9 м; материал — дерево; стиль — современный. Откройте проект, чтобы сверить размеры комнат, фасады и ключевые характеристики дома.",https://catalog-plans.ru/catalog/13-10?utm_source=pinterest&utm_medium=organic&utm_campaign=generated_house_plan_facade_video_batch_37&utm_content=pin_6862_13-10_plans_and_elevations&utm_term=dvuhetazhnye-doma-s-planirovkoy,,"проект дома 13-10, Двухэтажные дома с планировкой, видео проекта дома, реальные планы дома, поэтажные планы, фасады дома, архитектурные фасады, готовый проект дома, catalog-plans.ru, дом 99,44 м², дерево, современный"
Дом №13-11: видео проекта с реальными чертежами,https://raw.githubusercontent.com/nemchenik/test/catalog-plans-pinterest-assets/pinterest/generated_batch_37_house_plan_facade_video/13-11.mp4,Планы двухэтажных домов,00:01,"Проект дома №13-11. Проект раскрывается последовательно: дом, планировки этажей, фасады и возврат к главной карточке. Реальные планы и фасады помогают быстрее решить, стоит ли открывать проект целиком. Параметры проекта: площадь 259 м²; 2 этажа; габариты 11.7×13.55 м; материал — дерево; стиль — европейский. После клика вы увидите все доступные планы и архитектурные проекции в полном размере.",https://catalog-plans.ru/catalog/13-11?utm_source=pinterest&utm_medium=organic&utm_campaign=generated_house_plan_facade_video_batch_37&utm_content=pin_6863_13-11_project_reveal&utm_term=plany-dvuhetazhnyh-domov,,"проект дома 13-11, Планы двухэтажных домов, видео проекта дома, реальные планы дома, поэтажные планы, фасады дома, архитектурные фасады, готовый проект дома, catalog-plans.ru, дом 259 м², дерево, европейский"
"Проект дома №13-12: дом, планы и фасады в видео",https://raw.githubusercontent.com/nemchenik/test/catalog-plans-pinterest-assets/pinterest/generated_batch_37_house_plan_facade_video/13-12.mp4,Планы деревянных домов,00:01,"Проект дома №13-12. Короткое видео начинает с реального дома, затем показывает поэтажные планы и фасады проекта. Все изображения планов и фасадов взяты непосредственно со страницы этого проекта на catalog-plans.ru. Параметры проекта: площадь 116 м²; 2 этажа; габариты 8.6×9.6 м; материал — дерево; стиль — европейский. После перехода на сайт доступны остальные планы, фасады, размеры и подробные характеристики.",https://catalog-plans.ru/catalog/13-12?utm_source=pinterest&utm_medium=organic&utm_campaign=generated_house_plan_facade_video_batch_37&utm_content=pin_6864_13-12_house_to_plan_to_facade&utm_term=plany-derevyannyh-domov,,"проект дома 13-12, Планы деревянных домов, видео проекта дома, реальные планы дома, поэтажные планы, фасады дома, архитектурные фасады, готовый проект дома, catalog-plans.ru, дом 116 м², дерево, европейский"
Дом №13-13: видео с планировками и фасадами,https://raw.githubusercontent.com/nemchenik/test/catalog-plans-pinterest-assets/pinterest/generated_batch_37_house_plan_facade_video/13-13.mp4,Фасады частных домов,00:01,"Проект дома №13-13. В ролике фасад дома плавно сменяется настоящими планировками и архитектурными проекциями. В видео используются не условные схемы, а реальные изображения из карточки соответствующего проекта. Параметры проекта: площадь 93 м²; 2 этажа; габариты 5.7×9 м; материал — дерево; стиль — скандинавский. Откройте карточку проекта, чтобы рассмотреть изображения крупнее и изучить состав документации.",https://catalog-plans.ru/catalog/13-13?utm_source=pinterest&utm_medium=organic&utm_campaign=generated_house_plan_facade_video_batch_37&utm_content=pin_6865_13-13_house_plan_facade_loop&utm_term=fasady-chastnyh-domov,,"проект дома 13-13, Фасады частных домов, видео проекта дома, реальные планы дома, поэтажные планы, фасады дома, архитектурные фасады, готовый проект дома, catalog-plans.ru, дом 93 м², дерево, скандинавский"
Проект №13-14: от фасада к планам этажей,https://raw.githubusercontent.com/nemchenik/test/catalog-plans-pinterest-assets/pinterest/generated_batch_37_house_plan_facade_video/13-14.mp4,Готовые проекты домов с чертежами,00:01,"Проект дома №13-14. Видео раскрывает проект по шагам: визуализация дома, планы этажей и фасады со всех сторон. Такой формат помогает быстро оценить и внешний вид, и устройство этажей до перехода на сайт. Параметры проекта: площадь 89 м²; 2 этажа; габариты 7.84×7.84 м; материал — дерево; стиль — скандинавский. На catalog-plans.ru можно проверить все этажи, фасады, габариты и параметры строительства.",https://catalog-plans.ru/catalog/13-14?utm_source=pinterest&utm_medium=organic&utm_campaign=generated_house_plan_facade_video_batch_37&utm_content=pin_6866_13-14_plans_and_elevations&utm_term=gotovye-proekty-domov-s-chertezhami,,"проект дома 13-14, Готовые проекты домов с чертежами, видео проекта дома, реальные планы дома, поэтажные планы, фасады дома, архитектурные фасады, готовый проект дома, catalog-plans.ru, дом 89 м², дерево, скандинавский"
Дом №13-15: планы и фасады в коротком видео,https://raw.githubusercontent.com/nemchenik/test/catalog-plans-pinterest-assets/pinterest/generated_batch_37_house_plan_facade_video/13-15.mp4,Европейские фасады домов,00:01,"Проект дома №13-15. Сначала показан внешний вид дома, затем — реальные рабочие изображения планов и фасадов с сайта. Планы и фасады позволяют понять проект глубже, чем одна визуализация дома в ленте Pinterest. Параметры проекта: площадь 137,3 м²; 2 этажа; габариты 9.98×11.44 м; материал — дерево; стиль — европейский. Перейдите к проекту, чтобы изучить планировку, сравнить фасады и оценить посадку на участок.",https://catalog-plans.ru/catalog/13-15?utm_source=pinterest&utm_medium=organic&utm_campaign=generated_house_plan_facade_video_batch_37&utm_content=pin_6867_13-15_project_reveal&utm_term=evropeyskie-fasady-domov,,"проект дома 13-15, Европейские фасады домов, видео проекта дома, реальные планы дома, поэтажные планы, фасады дома, архитектурные фасады, готовый проект дома, catalog-plans.ru, дом 137,3 м², дерево, европейский"
Проект дома №13-16: видео-разбор планировки,https://raw.githubusercontent.com/nemchenik/test/catalog-plans-pinterest-assets/pinterest/generated_batch_37_house_plan_facade_video/13-16.mp4,Видео проектов домов,00:01,"Проект дома №13-16. Динамическая карточка помогает увидеть связь между архитектурой дома и его внутренней планировкой. Движение привлекает внимание, а реальные чертежи делают видеопин полезным для выбора проекта. Параметры проекта: площадь 157 м²; 2 этажа; габариты 9.35×9.35 м; материал — дерево; стиль — европейский. В полной карточке доступны дополнительные ракурсы, планы этажей и сведения по проекту.",https://catalog-plans.ru/catalog/13-16?utm_source=pinterest&utm_medium=organic&utm_campaign=generated_house_plan_facade_video_batch_37&utm_content=pin_6868_13-16_house_to_plan_to_facade&utm_term=video-proektov-domov,,"проект дома 13-16, Видео проектов домов, видео проекта дома, реальные планы дома, поэтажные планы, фасады дома, архитектурные фасады, готовый проект дома, catalog-plans.ru, дом 157 м², дерево, европейский"
"Дом №13-17: фасад, планы этажей и размеры",https://raw.githubusercontent.com/nemchenik/test/catalog-plans-pinterest-assets/pinterest/generated_batch_37_house_plan_facade_video/13-17.mp4,Планы двухэтажных домов,00:01,"Проект дома №13-17. Ролик превращает статичную карточку в короткий обзор реальных планов и фасадов проекта. За несколько секунд можно сопоставить архитектуру, этажность, размеры и расположение помещений. Параметры проекта: площадь 139,48 м²; 2 этажа; габариты 10.3×11.9 м; материал — дерево; стиль — скандинавский. На сайте можно посмотреть проект целиком и перейти к расчёту строительства или изменениям.",https://catalog-plans.ru/catalog/13-17?utm_source=pinterest&utm_medium=organic&utm_campaign=generated_house_plan_facade_video_batch_37&utm_content=pin_6869_13-17_house_plan_facade_loop&utm_term=plany-dvuhetazhnyh-domov,,"проект дома 13-17, Планы двухэтажных домов, видео проекта дома, реальные планы дома, поэтажные планы, фасады дома, архитектурные фасады, готовый проект дома, catalog-plans.ru, дом 139,48 м², дерево, скандинавский"
Проект №13-18: смотрите дом изнутри и снаружи,https://raw.githubusercontent.com/nemchenik/test/catalog-plans-pinterest-assets/pinterest/generated_batch_37_house_plan_facade_video/13-18.mp4,Планы деревянных домов,00:01,"Проект дома №13-18. Видеопин показывает, как внешний образ дома связан с расположением помещений и фасадными решениями. Видео удобно для первичного сравнения проектов по фасадам и планировочным решениям. Параметры проекта: площадь 377,48 м²; 2 этажа; габариты 21.54×27.2 м; материал — дерево. Откройте проект, чтобы сверить размеры комнат, фасады и ключевые характеристики дома.",https://catalog-plans.ru/catalog/13-18?utm_source=pinterest&utm_medium=organic&utm_campaign=generated_house_plan_facade_video_batch_37&utm_content=pin_6870_13-18_plans_and_elevations&utm_term=plany-derevyannyh-domov,,"проект дома 13-18, Планы деревянных домов, видео проекта дома, реальные планы дома, поэтажные планы, фасады дома, архитектурные фасады, готовый проект дома, catalog-plans.ru, дом 377,48 м², дерево"
Дом №13-18A: видео проекта с реальными чертежами,https://raw.githubusercontent.com/nemchenik/test/catalog-plans-pinterest-assets/pinterest/generated_batch_37_house_plan_facade_video/13-18A.mp4,Фасады деревянных домов,00:01,"Проект дома №13-18A. Проект раскрывается последовательно: дом, планировки этажей, фасады и возврат к главной карточке. Реальные планы и фасады помогают быстрее решить, стоит ли открывать проект целиком. Параметры проекта: площадь 470,53 м²; 2 этажа; габариты 21.27×25.58 м; материал — дерево. После клика вы увидите все доступные планы и архитектурные проекции в полном размере.",https://catalog-plans.ru/catalog/13-18A?utm_source=pinterest&utm_medium=organic&utm_campaign=generated_house_plan_facade_video_batch_37&utm_content=pin_6871_13-18a_project_reveal&utm_term=fasady-derevyannyh-domov,,"проект дома 13-18A, Фасады деревянных домов, видео проекта дома, реальные планы дома, поэтажные планы, фасады дома, архитектурные фасады, готовый проект дома, catalog-plans.ru, дом 470,53 м², дерево"
"Проект дома №13-18KL: дом, планы и фасады в видео",https://raw.githubusercontent.com/nemchenik/test/catalog-plans-pinterest-assets/pinterest/generated_batch_37_house_plan_facade_video/13-18KL.mp4,Видео проектов домов,00:01,"Проект дома №13-18KL. Короткое видео начинает с реального дома, затем показывает поэтажные планы и фасады проекта. Все изображения планов и фасадов взяты непосредственно со страницы этого проекта на catalog-plans.ru. Параметры проекта: площадь 377,48 м²; 2 этажа; габариты 21.54×27.2 м; материал — кирпич. После перехода на сайт доступны остальные планы, фасады, размеры и подробные характеристики.",https://catalog-plans.ru/catalog/13-18KL?utm_source=pinterest&utm_medium=organic&utm_campaign=generated_house_plan_facade_video_batch_37&utm_content=pin_6872_13-18kl_house_to_plan_to_facade&utm_term=video-proektov-domov,,"проект дома 13-18KL, Видео проектов домов, видео проекта дома, реальные планы дома, поэтажные планы, фасады дома, архитектурные фасады, готовый проект дома, catalog-plans.ru, дом 377,48 м², кирпич"
Дом №13-20: видео с планировками и фасадами,https://raw.githubusercontent.com/nemchenik/test/catalog-plans-pinterest-assets/pinterest/generated_batch_37_house_plan_facade_video/13-20.mp4,Планировки и фасады домов,00:01,"Проект дома №13-20. В ролике фасад дома плавно сменяется настоящими планировками и архитектурными проекциями. В видео используются не условные схемы, а реальные изображения из карточки соответствующего проекта. Параметры проекта: площадь 140,5 м²; 1 этаж; габариты 14.3×17.15 м; материал — дерево. Откройте карточку проекта, чтобы рассмотреть изображения крупнее и изучить состав документации.",https://catalog-plans.ru/catalog/13-20?utm_source=pinterest&utm_medium=organic&utm_campaign=generated_house_plan_facade_video_batch_37&utm_content=pin_6873_13-20_house_plan_facade_loop&utm_term=planirovki-i-fasady-domov,,"проект дома 13-20, Планировки и фасады домов, видео проекта дома, реальные планы дома, поэтажные планы, фасады дома, архитектурные фасады, готовый проект дома, catalog-plans.ru, дом 140,5 м², дерево"
Проект №13-21: от фасада к планам этажей,https://raw.githubusercontent.com/nemchenik/test/catalog-plans-pinterest-assets/pinterest/generated_batch_37_house_plan_facade_video/13-21.mp4,Проекты домов с планами этажей,00:01,"Проект дома №13-21. Видео раскрывает проект по шагам: визуализация дома, планы этажей и фасады со всех сторон. Такой формат помогает быстро оценить и внешний вид, и устройство этажей до перехода на сайт. Параметры проекта: площадь 228,31 м²; 2 этажа; габариты 12.74×15.3 м; материал — дерево. На catalog-plans.ru можно проверить все этажи, фасады, габариты и параметры строительства.",https://catalog-plans.ru/catalog/13-21?utm_source=pinterest&utm_medium=organic&utm_campaign=generated_house_plan_facade_video_batch_37&utm_content=pin_6874_13-21_plans_and_elevations&utm_term=proekty-domov-s-planami-etazhey,,"проект дома 13-21, Проекты домов с планами этажей, видео проекта дома, реальные планы дома, поэтажные планы, фасады дома, архитектурные фасады, готовый проект дома, catalog-plans.ru, дом 228,31 м², дерево"
Дом №13-23: планы и фасады в коротком видео,https://raw.githubusercontent.com/nemchenik/test/catalog-plans-pinterest-assets/pinterest/generated_batch_37_house_plan_facade_video/13-23.mp4,Фасады частных домов,00:01,"Проект дома №13-23. Сначала показан внешний вид дома, затем — реальные рабочие изображения планов и фасадов с сайта. Планы и фасады позволяют понять проект глубже, чем одна визуализация дома в ленте Pinterest. Параметры проекта: площадь 166,48 м²; 2 этажа; габариты 13.8×15.2 м; материал — дерево; стиль — скандинавский. Перейдите к проекту, чтобы изучить планировку, сравнить фасады и оценить посадку на участок.",https://catalog-plans.ru/catalog/13-23?utm_source=pinterest&utm_medium=organic&utm_campaign=generated_house_plan_facade_video_batch_37&utm_content=pin_6875_13-23_project_reveal&utm_term=fasady-chastnyh-domov,,"проект дома 13-23, Фасады частных домов, видео проекта дома, реальные планы дома, поэтажные планы, фасады дома, архитектурные фасады, готовый проект дома, catalog-plans.ru, дом 166,48 м², дерево, скандинавский"
Проект дома №13-29: видео-разбор планировки,https://raw.githubusercontent.com/nemchenik/test/catalog-plans-pinterest-assets/pinterest/generated_batch_37_house_plan_facade_video/13-29.mp4,Готовые проекты домов с чертежами,00:01,"Проект дома №13-29. Динамическая карточка помогает увидеть связь между архитектурой дома и его внутренней планировкой. Движение привлекает внимание, а реальные чертежи делают видеопин полезным для выбора проекта. Параметры проекта: площадь 399,5 м²; 3 этажа; габариты 13.65×15.1 м; материал — дерево; стиль — скандинавский. В полной карточке доступны дополнительные ракурсы, планы этажей и сведения по проекту.",https://catalog-plans.ru/catalog/13-29?utm_source=pinterest&utm_medium=organic&utm_campaign=generated_house_plan_facade_video_batch_37&utm_content=pin_6876_13-29_house_to_plan_to_facade&utm_term=gotovye-proekty-domov-s-chertezhami,,"проект дома 13-29, Готовые проекты домов с чертежами, видео проекта дома, реальные планы дома, поэтажные планы, фасады дома, архитектурные фасады, готовый проект дома, catalog-plans.ru, дом 399,5 м², дерево, скандинавский"
"Дом №13-30: фасад, планы этажей и размеры",https://raw.githubusercontent.com/nemchenik/test/catalog-plans-pinterest-assets/pinterest/generated_batch_37_house_plan_facade_video/13-30.mp4,Проекты домов с размерами,00:01,"Проект дома №13-30. Ролик превращает статичную карточку в короткий обзор реальных планов и фасадов проекта. За несколько секунд можно сопоставить архитектуру, этажность, размеры и расположение помещений. Параметры проекта: площадь 193,5 м²; 2 этажа; габариты 11.85×12.85 м; материал — дерево. На сайте можно посмотреть проект целиком и перейти к расчёту строительства или изменениям.",https://catalog-plans.ru/catalog/13-30?utm_source=pinterest&utm_medium=organic&utm_campaign=generated_house_plan_facade_video_batch_37&utm_content=pin_6877_13-30_house_plan_facade_loop&utm_term=proekty-domov-s-razmerami,,"проект дома 13-30, Проекты домов с размерами, видео проекта дома, реальные планы дома, поэтажные планы, фасады дома, архитектурные фасады, готовый проект дома, catalog-plans.ru, дом 193,5 м², дерево"
Проект №13-31: смотрите дом изнутри и снаружи,https://raw.githubusercontent.com/nemchenik/test/catalog-plans-pinterest-assets/pinterest/generated_batch_37_house_plan_facade_video/13-31.mp4,Двухэтажные дома с планировкой,00:01,"Проект дома №13-31. Видеопин показывает, как внешний образ дома связан с расположением помещений и фасадными решениями. Видео удобно для первичного сравнения проектов по фасадам и планировочным решениям. Параметры проекта: площадь 249,4 м²; 2 этажа; габариты 11.4×17.4 м; материал — дерево. Откройте проект, чтобы сверить размеры комнат, фасады и ключевые характеристики дома.",https://catalog-plans.ru/catalog/13-31?utm_source=pinterest&utm_medium=organic&utm_campaign=generated_house_plan_facade_video_batch_37&utm_content=pin_6878_13-31_plans_and_elevations&utm_term=dvuhetazhnye-doma-s-planirovkoy,,"проект дома 13-31, Двухэтажные дома с планировкой, видео проекта дома, реальные планы дома, поэтажные планы, фасады дома, архитектурные фасады, готовый проект дома, catalog-plans.ru, дом 249,4 м², дерево"
Дом №13-32: видео проекта с реальными чертежами,https://raw.githubusercontent.com/nemchenik/test/catalog-plans-pinterest-assets/pinterest/generated_batch_37_house_plan_facade_video/13-32.mp4,Планы двухэтажных домов,00:01,"Проект дома №13-32. Проект раскрывается последовательно: дом, планировки этажей, фасады и возврат к главной карточке. Реальные планы и фасады помогают быстрее решить, стоит ли открывать проект целиком. Параметры проекта: площадь 146,1 м²; 2 этажа; габариты 8.4×10.5 м; материал — дерево; стиль — скандинавский. После клика вы увидите все доступные планы и архитектурные проекции в полном размере.",https://catalog-plans.ru/catalog/13-32?utm_source=pinterest&utm_medium=organic&utm_campaign=generated_house_plan_facade_video_batch_37&utm_content=pin_6879_13-32_project_reveal&utm_term=plany-dvuhetazhnyh-domov,,"проект дома 13-32, Планы двухэтажных домов, видео проекта дома, реальные планы дома, поэтажные планы, фасады дома, архитектурные фасады, готовый проект дома, catalog-plans.ru, дом 146,1 м², дерево, скандинавский"
"Проект дома №13-33: дом, планы и фасады в видео",https://raw.githubusercontent.com/nemchenik/test/catalog-plans-pinterest-assets/pinterest/generated_batch_37_house_plan_facade_video/13-33.mp4,Планы деревянных домов,00:01,"Проект дома №13-33. Короткое видео начинает с реального дома, затем показывает поэтажные планы и фасады проекта. Все изображения планов и фасадов взяты непосредственно со страницы этого проекта на catalog-plans.ru. Параметры проекта: площадь 151,1 м²; 2 этажа; габариты 10.5×14.8 м; материал — дерево; стиль — скандинавский. После перехода на сайт доступны остальные планы, фасады, размеры и подробные характеристики.",https://catalog-plans.ru/catalog/13-33?utm_source=pinterest&utm_medium=organic&utm_campaign=generated_house_plan_facade_video_batch_37&utm_content=pin_6880_13-33_house_to_plan_to_facade&utm_term=plany-derevyannyh-domov,,"проект дома 13-33, Планы деревянных домов, видео проекта дома, реальные планы дома, поэтажные планы, фасады дома, архитектурные фасады, готовый проект дома, catalog-plans.ru, дом 151,1 м², дерево, скандинавский"
Дом №13-34: видео с планировками и фасадами,https://raw.githubusercontent.com/nemchenik/test/catalog-plans-pinterest-assets/pinterest/generated_batch_37_house_plan_facade_video/13-34.mp4,Фасады деревянных домов,00:01,"Проект дома №13-34. В ролике фасад дома плавно сменяется настоящими планировками и архитектурными проекциями. В видео используются не условные схемы, а реальные изображения из карточки соответствующего проекта. Параметры проекта: площадь 177,3 м²; 2 этажа; габариты 10.5×12.2 м; материал — дерево; стиль — скандинавский. Откройте карточку проекта, чтобы рассмотреть изображения крупнее и изучить состав документации.",https://catalog-plans.ru/catalog/13-34?utm_source=pinterest&utm_medium=organic&utm_campaign=generated_house_plan_facade_video_batch_37&utm_content=pin_6881_13-34_house_plan_facade_loop&utm_term=fasady-derevyannyh-domov,,"проект дома 13-34, Фасады деревянных домов, видео проекта дома, реальные планы дома, поэтажные планы, фасады дома, архитектурные фасады, готовый проект дома, catalog-plans.ru, дом 177,3 м², дерево, скандинавский"
Проект №13-34A: от фасада к планам этажей,https://raw.githubusercontent.com/nemchenik/test/catalog-plans-pinterest-assets/pinterest/generated_batch_37_house_plan_facade_video/13-34A.mp4,Видео проектов домов,00:01,"Проект дома №13-34A. Видео раскрывает проект по шагам: визуализация дома, планы этажей и фасады со всех сторон. Такой формат помогает быстро оценить и внешний вид, и устройство этажей до перехода на сайт. Параметры проекта: площадь 142 м²; 2 этажа; габариты 8.4×12.8 м; материал — дерево; стиль — скандинавский. На catalog-plans.ru можно проверить все этажи, фасады, габариты и параметры строительства.",https://catalog-plans.ru/catalog/13-34A?utm_source=pinterest&utm_medium=organic&utm_campaign=generated_house_plan_facade_video_batch_37&utm_content=pin_6882_13-34a_plans_and_elevations&utm_term=video-proektov-domov,,"проект дома 13-34A, Видео проектов домов, видео проекта дома, реальные планы дома, поэтажные планы, фасады дома, архитектурные фасады, готовый проект дома, catalog-plans.ru, дом 142 м², дерево, скандинавский"
Дом №13-35: планы и фасады в коротком видео,https://raw.githubusercontent.com/nemchenik/test/catalog-plans-pinterest-assets/pinterest/generated_batch_37_house_plan_facade_video/13-35.mp4,Планировки и фасады домов,00:01,"Проект дома №13-35. Сначала показан внешний вид дома, затем — реальные рабочие изображения планов и фасадов с сайта. Планы и фасады позволяют понять проект глубже, чем одна визуализация дома в ленте Pinterest. Параметры проекта: площадь 390,3 м²; 2 этажа; габариты 13.45×19.2 м; материал — дерево; стиль — скандинавский. Перейдите к проекту, чтобы изучить планировку, сравнить фасады и оценить посадку на участок.",https://catalog-plans.ru/catalog/13-35?utm_source=pinterest&utm_medium=organic&utm_campaign=generated_house_plan_facade_video_batch_37&utm_content=pin_6883_13-35_project_reveal&utm_term=planirovki-i-fasady-domov,,"проект дома 13-35, Планировки и фасады домов, видео проекта дома, реальные планы дома, поэтажные планы, фасады дома, архитектурные фасады, готовый проект дома, catalog-plans.ru, дом 390,3 м², дерево, скандинавский"
Проект дома №13-36: видео-разбор планировки,https://raw.githubusercontent.com/nemchenik/test/catalog-plans-pinterest-assets/pinterest/generated_batch_37_house_plan_facade_video/13-36.mp4,Проекты домов с планами этажей,00:01,"Проект дома №13-36. Динамическая карточка помогает увидеть связь между архитектурой дома и его внутренней планировкой. Движение привлекает внимание, а реальные чертежи делают видеопин полезным для выбора проекта. Параметры проекта: площадь 169,4 м²; 2 этажа; габариты 10×13.1 м; материал — дерево; стиль — скандинавский. В полной карточке доступны дополнительные ракурсы, планы этажей и сведения по проекту.",https://catalog-plans.ru/catalog/13-36?utm_source=pinterest&utm_medium=organic&utm_campaign=generated_house_plan_facade_video_batch_37&utm_content=pin_6884_13-36_house_to_plan_to_facade&utm_term=proekty-domov-s-planami-etazhey,,"проект дома 13-36, Проекты домов с планами этажей, видео проекта дома, реальные планы дома, поэтажные планы, фасады дома, архитектурные фасады, готовый проект дома, catalog-plans.ru, дом 169,4 м², дерево, скандинавский"
"Дом №13-37: фасад, планы этажей и размеры",https://raw.githubusercontent.com/nemchenik/test/catalog-plans-pinterest-assets/pinterest/generated_batch_37_house_plan_facade_video/13-37.mp4,Фасады частных домов,00:01,"Проект дома №13-37. Ролик превращает статичную карточку в короткий обзор реальных планов и фасадов проекта. За несколько секунд можно сопоставить архитектуру, этажность, размеры и расположение помещений. Параметры проекта: площадь 328 м²; 2 этажа; габариты 11.9×13.25 м; материал — дерево; стиль — шале. На сайте можно посмотреть проект целиком и перейти к расчёту строительства или изменениям.",https://catalog-plans.ru/catalog/13-37?utm_source=pinterest&utm_medium=organic&utm_campaign=generated_house_plan_facade_video_batch_37&utm_content=pin_6885_13-37_house_plan_facade_loop&utm_term=fasady-chastnyh-domov,,"проект дома 13-37, Фасады частных домов, видео проекта дома, реальные планы дома, поэтажные планы, фасады дома, архитектурные фасады, готовый проект дома, catalog-plans.ru, дом 328 м², дерево, шале"
Проект №13-38: смотрите дом изнутри и снаружи,https://raw.githubusercontent.com/nemchenik/test/catalog-plans-pinterest-assets/pinterest/generated_batch_37_house_plan_facade_video/13-38.mp4,Готовые проекты домов с чертежами,00:01,"Проект дома №13-38. Видеопин показывает, как внешний образ дома связан с расположением помещений и фасадными решениями. Видео удобно для первичного сравнения проектов по фасадам и планировочным решениям. Параметры проекта: площадь 290 м²; 2 этажа; габариты 11.5×15.4 м; материал — дерево; стиль — скандинавский. Откройте проект, чтобы сверить размеры комнат, фасады и ключевые характеристики дома.",https://catalog-plans.ru/catalog/13-38?utm_source=pinterest&utm_medium=organic&utm_campaign=generated_house_plan_facade_video_batch_37&utm_content=pin_6886_13-38_plans_and_elevations&utm_term=gotovye-proekty-domov-s-chertezhami,,"проект дома 13-38, Готовые проекты домов с чертежами, видео проекта дома, реальные планы дома, поэтажные планы, фасады дома, архитектурные фасады, готовый проект дома, catalog-plans.ru, дом 290 м², дерево, скандинавский"
Дом №13-39: видео проекта с реальными чертежами,https://raw.githubusercontent.com/nemchenik/test/catalog-plans-pinterest-assets/pinterest/generated_batch_37_house_plan_facade_video/13-39.mp4,Проекты домов с размерами,00:01,"Проект дома №13-39. Проект раскрывается последовательно: дом, планировки этажей, фасады и возврат к главной карточке. Реальные планы и фасады помогают быстрее решить, стоит ли открывать проект целиком. Параметры проекта: площадь 185 м²; 2 этажа; габариты 9×12.5 м; материал — газобетон. После клика вы увидите все доступные планы и архитектурные проекции в полном размере.",https://catalog-plans.ru/catalog/13-39?utm_source=pinterest&utm_medium=organic&utm_campaign=generated_house_plan_facade_video_batch_37&utm_content=pin_6887_13-39_project_reveal&utm_term=proekty-domov-s-razmerami,,"проект дома 13-39, Проекты домов с размерами, видео проекта дома, реальные планы дома, поэтажные планы, фасады дома, архитектурные фасады, готовый проект дома, catalog-plans.ru, дом 185 м², газобетон"
"Проект дома №13-40: дом, планы и фасады в видео",https://raw.githubusercontent.com/nemchenik/test/catalog-plans-pinterest-assets/pinterest/generated_batch_37_house_plan_facade_video/13-40.mp4,Двухэтажные дома с планировкой,00:01,"Проект дома №13-40. Короткое видео начинает с реального дома, затем показывает поэтажные планы и фасады проекта. Все изображения планов и фасадов взяты непосредственно со страницы этого проекта на catalog-plans.ru. Параметры проекта: площадь 271 м²; 2 этажа; габариты 13×15.5 м; материал — дерево. После перехода на сайт доступны остальные планы, фасады, размеры и подробные характеристики.",https://catalog-plans.ru/catalog/13-40?utm_source=pinterest&utm_medium=organic&utm_campaign=generated_house_plan_facade_video_batch_37&utm_content=pin_6888_13-40_house_to_plan_to_facade&utm_term=dvuhetazhnye-doma-s-planirovkoy,,"проект дома 13-40, Двухэтажные дома с планировкой, видео проекта дома, реальные планы дома, поэтажные планы, фасады дома, архитектурные фасады, готовый проект дома, catalog-plans.ru, дом 271 м², дерево"
Дом №13-41: видео с планировками и фасадами,https://raw.githubusercontent.com/nemchenik/test/catalog-plans-pinterest-assets/pinterest/generated_batch_37_house_plan_facade_video/13-41.mp4,Планы двухэтажных домов,00:01,"Проект дома №13-41. В ролике фасад дома плавно сменяется настоящими планировками и архитектурными проекциями. В видео используются не условные схемы, а реальные изображения из карточки соответствующего проекта. Параметры проекта: площадь 193 м²; 2 этажа; габариты 9.6×15 м; материал — дерево; стиль — скандинавский. Откройте карточку проекта, чтобы рассмотреть изображения крупнее и изучить состав документации.",https://catalog-plans.ru/catalog/13-41?utm_source=pinterest&utm_medium=organic&utm_campaign=generated_house_plan_facade_video_batch_37&utm_content=pin_6889_13-41_house_plan_facade_loop&utm_term=plany-dvuhetazhnyh-domov,,"проект дома 13-41, Планы двухэтажных домов, видео проекта дома, реальные планы дома, поэтажные планы, фасады дома, архитектурные фасады, готовый проект дома, catalog-plans.ru, дом 193 м², дерево, скандинавский"
Проект №13-42: от фасада к планам этажей,https://raw.githubusercontent.com/nemchenik/test/catalog-plans-pinterest-assets/pinterest/generated_batch_37_house_plan_facade_video/13-42.mp4,Планы деревянных домов,00:01,"Проект дома №13-42. Видео раскрывает проект по шагам: визуализация дома, планы этажей и фасады со всех сторон. Такой формат помогает быстро оценить и внешний вид, и устройство этажей до перехода на сайт. Параметры проекта: площадь 120,21 м²; 2 этажа; габариты 10×11.93 м; материал — дерево. На catalog-plans.ru можно проверить все этажи, фасады, габариты и параметры строительства.",https://catalog-plans.ru/catalog/13-42?utm_source=pinterest&utm_medium=organic&utm_campaign=generated_house_plan_facade_video_batch_37&utm_content=pin_6890_13-42_plans_and_elevations&utm_term=plany-derevyannyh-domov,,"проект дома 13-42, Планы деревянных домов, видео проекта дома, реальные планы дома, поэтажные планы, фасады дома, архитектурные фасады, готовый проект дома, catalog-plans.ru, дом 120,21 м², дерево"
Дом №13-57: планы и фасады в коротком видео,https://raw.githubusercontent.com/nemchenik/test/catalog-plans-pinterest-assets/pinterest/generated_batch_37_house_plan_facade_video/13-57.mp4,Фасады деревянных домов,00:01,"Проект дома №13-57. Сначала показан внешний вид дома, затем — реальные рабочие изображения планов и фасадов с сайта. Планы и фасады позволяют понять проект глубже, чем одна визуализация дома в ленте Pinterest. Параметры проекта: площадь 159,9 м²; 2 этажа; габариты 13.6×13.8 м; материал — дерево. Перейдите к проекту, чтобы изучить планировку, сравнить фасады и оценить посадку на участок.",https://catalog-plans.ru/catalog/13-57?utm_source=pinterest&utm_medium=organic&utm_campaign=generated_house_plan_facade_video_batch_37&utm_content=pin_6891_13-57_project_reveal&utm_term=fasady-derevyannyh-domov,,"проект дома 13-57, Фасады деревянных домов, видео проекта дома, реальные планы дома, поэтажные планы, фасады дома, архитектурные фасады, готовый проект дома, catalog-plans.ru, дом 159,9 м², дерево"
Проект дома №13-58: видео-разбор планировки,https://raw.githubusercontent.com/nemchenik/test/catalog-plans-pinterest-assets/pinterest/generated_batch_37_house_plan_facade_video/13-58.mp4,Видео проектов домов,00:01,"Проект дома №13-58. Динамическая карточка помогает увидеть связь между архитектурой дома и его внутренней планировкой. Движение привлекает внимание, а реальные чертежи делают видеопин полезным для выбора проекта. Параметры проекта: площадь 241,4 м²; 2 этажа; габариты 13.3×17.4 м; материал — дерево; стиль — шале. В полной карточке доступны дополнительные ракурсы, планы этажей и сведения по проекту.",https://catalog-plans.ru/catalog/13-58?utm_source=pinterest&utm_medium=organic&utm_campaign=generated_house_plan_facade_video_batch_37&utm_content=pin_6892_13-58_house_to_plan_to_facade&utm_term=video-proektov-domov,,"проект дома 13-58, Видео проектов домов, видео проекта дома, реальные планы дома, поэтажные планы, фасады дома, архитектурные фасады, готовый проект дома, catalog-plans.ru, дом 241,4 м², дерево, шале"
"Дом №13-59AG: фасад, планы этажей и размеры",https://raw.githubusercontent.com/nemchenik/test/catalog-plans-pinterest-assets/pinterest/generated_batch_37_house_plan_facade_video/13-59AG.mp4,Планировки и фасады домов,00:01,"Проект дома №13-59AG. Ролик превращает статичную карточку в короткий обзор реальных планов и фасадов проекта. За несколько секунд можно сопоставить архитектуру, этажность, размеры и расположение помещений. Параметры проекта: площадь 87,56 м²; 2 этажа; габариты 7.94×8.94 м; материал — газобетон; стиль — европейский. На сайте можно посмотреть проект целиком и перейти к расчёту строительства или изменениям.",https://catalog-plans.ru/catalog/13-59AG?utm_source=pinterest&utm_medium=organic&utm_campaign=generated_house_plan_facade_video_batch_37&utm_content=pin_6893_13-59ag_house_plan_facade_loop&utm_term=planirovki-i-fasady-domov,,"проект дома 13-59AG, Планировки и фасады домов, видео проекта дома, реальные планы дома, поэтажные планы, фасады дома, архитектурные фасады, готовый проект дома, catalog-plans.ru, дом 87,56 м², газобетон, европейский"
Проект №13-59BCKL: смотрите дом изнутри и снаружи,https://raw.githubusercontent.com/nemchenik/test/catalog-plans-pinterest-assets/pinterest/generated_batch_37_house_plan_facade_video/13-59BCKL.mp4,Проекты домов с планами этажей,00:01,"Проект дома №13-59BCKL. Видеопин показывает, как внешний образ дома связан с расположением помещений и фасадными решениями. Видео удобно для первичного сравнения проектов по фасадам и планировочным решениям. Параметры проекта: площадь 124,6 м²; 2 этажа; габариты 8.16×9.16 м; материал — кирпич; стиль — европейский. Откройте проект, чтобы сверить размеры комнат, фасады и ключевые характеристики дома.",https://catalog-plans.ru/catalog/13-59BCKL?utm_source=pinterest&utm_medium=organic&utm_campaign=generated_house_plan_facade_video_batch_37&utm_content=pin_6894_13-59bckl_plans_and_elevations&utm_term=proekty-domov-s-planami-etazhey,,"проект дома 13-59BCKL, Проекты домов с планами этажей, видео проекта дома, реальные планы дома, поэтажные планы, фасады дома, архитектурные фасады, готовый проект дома, catalog-plans.ru, дом 124,6 м², кирпич, европейский"
Дом №13-59BK2L: видео проекта с реальными чертежами,https://raw.githubusercontent.com/nemchenik/test/catalog-plans-pinterest-assets/pinterest/generated_batch_37_house_plan_facade_video/13-59BK2L.mp4,Фасады частных домов,00:01,"Проект дома №13-59BK2L. Проект раскрывается последовательно: дом, планировки этажей, фасады и возврат к главной карточке. Реальные планы и фасады помогают быстрее решить, стоит ли открывать проект целиком. Параметры проекта: площадь 78,11 м²; 2 этажа; габариты 8.14×9.14 м; материал — кирпич; стиль — европейский. После клика вы увидите все доступные планы и архитектурные проекции в полном размере.",https://catalog-plans.ru/catalog/13-59BK2L?utm_source=pinterest&utm_medium=organic&utm_campaign=generated_house_plan_facade_video_batch_37&utm_content=pin_6895_13-59bk2l_project_reveal&utm_term=fasady-chastnyh-domov,,"проект дома 13-59BK2L, Фасады частных домов, видео проекта дома, реальные планы дома, поэтажные планы, фасады дома, архитектурные фасады, готовый проект дома, catalog-plans.ru, дом 78,11 м², кирпич, европейский"
"Проект дома №13-59D: дом, планы и фасады в видео",https://raw.githubusercontent.com/nemchenik/test/catalog-plans-pinterest-assets/pinterest/generated_batch_37_house_plan_facade_video/13-59D.mp4,Готовые проекты домов с чертежами,00:01,"Проект дома №13-59D. Короткое видео начинает с реального дома, затем показывает поэтажные планы и фасады проекта. Все изображения планов и фасадов взяты непосредственно со страницы этого проекта на catalog-plans.ru. Параметры проекта: площадь 87,72 м²; 2 этажа; габариты 7.74×8.74 м; материал — деревянный каркас; стиль — европейский. После перехода на сайт доступны остальные планы, фасады, размеры и подробные характеристики.",https://catalog-plans.ru/catalog/13-59D?utm_source=pinterest&utm_medium=organic&utm_campaign=generated_house_plan_facade_video_batch_37&utm_content=pin_6896_13-59d_house_to_plan_to_facade&utm_term=gotovye-proekty-domov-s-chertezhami,,"проект дома 13-59D, Готовые проекты домов с чертежами, видео проекта дома, реальные планы дома, поэтажные планы, фасады дома, архитектурные фасады, готовый проект дома, catalog-plans.ru, дом 87,72 м², деревянный каркас, европейский"
Дом №13-59E: видео с планировками и фасадами,https://raw.githubusercontent.com/nemchenik/test/catalog-plans-pinterest-assets/pinterest/generated_batch_37_house_plan_facade_video/13-59E.mp4,Проекты домов с размерами,00:01,"Проект дома №13-59E. В ролике фасад дома плавно сменяется настоящими планировками и архитектурными проекциями. В видео используются не условные схемы, а реальные изображения из карточки соответствующего проекта. Параметры проекта: площадь 104,23 м²; 2 этажа; габариты 8×8 м; материал — дерево; стиль — европейский. Откройте карточку проекта, чтобы рассмотреть изображения крупнее и изучить состав документации.",https://catalog-plans.ru/catalog/13-59E?utm_source=pinterest&utm_medium=organic&utm_campaign=generated_house_plan_facade_video_batch_37&utm_content=pin_6897_13-59e_house_plan_facade_loop&utm_term=proekty-domov-s-razmerami,,"проект дома 13-59E, Проекты домов с размерами, видео проекта дома, реальные планы дома, поэтажные планы, фасады дома, архитектурные фасады, готовый проект дома, catalog-plans.ru, дом 104,23 м², дерево, европейский"
Проект №13-59FBDGL: от фасада к планам этажей,https://raw.githubusercontent.com/nemchenik/test/catalog-plans-pinterest-assets/pinterest/generated_batch_37_house_plan_facade_video/13-59FBDGL.mp4,Двухэтажные дома с планировкой,00:01,"Проект дома №13-59FBDGL. Видео раскрывает проект по шагам: визуализация дома, планы этажей и фасады со всех сторон. Такой формат помогает быстро оценить и внешний вид, и устройство этажей до перехода на сайт. Параметры проекта: площадь 134,08 м²; 2 этажа; габариты 10×12.9 м; материал — газобетон; стиль — европейский. На catalog-plans.ru можно проверить все этажи, фасады, габариты и параметры строительства.",https://catalog-plans.ru/catalog/13-59FBDGL?utm_source=pinterest&utm_medium=organic&utm_campaign=generated_house_plan_facade_video_batch_37&utm_content=pin_6898_13-59fbdgl_plans_and_elevations&utm_term=dvuhetazhnye-doma-s-planirovkoy,,"проект дома 13-59FBDGL, Двухэтажные дома с планировкой, видео проекта дома, реальные планы дома, поэтажные планы, фасады дома, архитектурные фасады, готовый проект дома, catalog-plans.ru, дом 134,08 м², газобетон, европейский"
Дом №13-59FBK1L: планы и фасады в коротком видео,https://raw.githubusercontent.com/nemchenik/test/catalog-plans-pinterest-assets/pinterest/generated_batch_37_house_plan_facade_video/13-59FBK1L.mp4,Планы двухэтажных домов,00:01,"Проект дома №13-59FBK1L. Сначала показан внешний вид дома, затем — реальные рабочие изображения планов и фасадов с сайта. Планы и фасады позволяют понять проект глубже, чем одна визуализация дома в ленте Pinterest. Параметры проекта: площадь 119,51 м²; 2 этажа; габариты 9×11 м; материал — кирпич; стиль — европейский. Перейдите к проекту, чтобы изучить планировку, сравнить фасады и оценить посадку на участок.",https://catalog-plans.ru/catalog/13-59FBK1L?utm_source=pinterest&utm_medium=organic&utm_campaign=generated_house_plan_facade_video_batch_37&utm_content=pin_6899_13-59fbk1l_project_reveal&utm_term=plany-dvuhetazhnyh-domov,,"проект дома 13-59FBK1L, Планы двухэтажных домов, видео проекта дома, реальные планы дома, поэтажные планы, фасады дома, архитектурные фасады, готовый проект дома, catalog-plans.ru, дом 119,51 м², кирпич, европейский"
Проект дома №13-59FCK1L: видео-разбор планировки,https://raw.githubusercontent.com/nemchenik/test/catalog-plans-pinterest-assets/pinterest/generated_batch_37_house_plan_facade_video/13-59FCK1L.mp4,Планы кирпичных домов,00:01,"Проект дома №13-59FCK1L. Динамическая карточка помогает увидеть связь между архитектурой дома и его внутренней планировкой. Движение привлекает внимание, а реальные чертежи делают видеопин полезным для выбора проекта. Параметры проекта: площадь 135,74 м²; 2 этажа; габариты 7.86×9.85 м; материал — кирпич; стиль — европейский. В полной карточке доступны дополнительные ракурсы, планы этажей и сведения по проекту.",https://catalog-plans.ru/catalog/13-59FCK1L?utm_source=pinterest&utm_medium=organic&utm_campaign=generated_house_plan_facade_video_batch_37&utm_content=pin_6900_13-59fck1l_house_to_plan_to_facade&utm_term=plany-kirpichnyh-domov,,"проект дома 13-59FCK1L, Планы кирпичных домов, видео проекта дома, реальные планы дома, поэтажные планы, фасады дома, архитектурные фасады, готовый проект дома, catalog-plans.ru, дом 135,74 м², кирпич, европейский"
"Дом №13-59FDGL: фасад, планы этажей и размеры",https://raw.githubusercontent.com/nemchenik/test/catalog-plans-pinterest-assets/pinterest/generated_batch_37_house_plan_facade_video/13-59FDGL.mp4,Фасады домов из газобетона,00:01,"Проект дома №13-59FDGL. Ролик превращает статичную карточку в короткий обзор реальных планов и фасадов проекта. За несколько секунд можно сопоставить архитектуру, этажность, размеры и расположение помещений. Параметры проекта: площадь 106,73 м²; 2 этажа; габариты 10.1×9.1 м; материал — газобетон; стиль — европейский. На сайте можно посмотреть проект целиком и перейти к расчёту строительства или изменениям.",https://catalog-plans.ru/catalog/13-59FDGL?utm_source=pinterest&utm_medium=organic&utm_campaign=generated_house_plan_facade_video_batch_37&utm_content=pin_6901_13-59fdgl_house_plan_facade_loop&utm_term=fasady-domov-iz-gazobetona,,"проект дома 13-59FDGL, Фасады домов из газобетона, видео проекта дома, реальные планы дома, поэтажные планы, фасады дома, архитектурные фасады, готовый проект дома, catalog-plans.ru, дом 106,73 м², газобетон, европейский"
Проект №13-59FEK1L: смотрите дом изнутри и снаружи,https://raw.githubusercontent.com/nemchenik/test/catalog-plans-pinterest-assets/pinterest/generated_batch_37_house_plan_facade_video/13-59FEK1L.mp4,Европейские дома с планировкой,00:01,"Проект дома №13-59FEK1L. Видеопин показывает, как внешний образ дома связан с расположением помещений и фасадными решениями. Видео удобно для первичного сравнения проектов по фасадам и планировочным решениям. Параметры проекта: площадь 89,07 м²; 2 этажа; габариты 10×8 м; материал — кирпич; стиль — европейский. Откройте проект, чтобы сверить размеры комнат, фасады и ключевые характеристики дома.",https://catalog-plans.ru/catalog/13-59FEK1L?utm_source=pinterest&utm_medium=organic&utm_campaign=generated_house_plan_facade_video_batch_37&utm_content=pin_6902_13-59fek1l_plans_and_elevations&utm_term=evropeyskie-doma-s-planirovkoy,,"проект дома 13-59FEK1L, Европейские дома с планировкой, видео проекта дома, реальные планы дома, поэтажные планы, фасады дома, архитектурные фасады, готовый проект дома, catalog-plans.ru, дом 89,07 м², кирпич, европейский"
Дом №13-59FK1L: видео проекта с реальными чертежами,https://raw.githubusercontent.com/nemchenik/test/catalog-plans-pinterest-assets/pinterest/generated_batch_37_house_plan_facade_video/13-59FK1L.mp4,Европейские фасады домов,00:01,"Проект дома №13-59FK1L. Проект раскрывается последовательно: дом, планировки этажей, фасады и возврат к главной карточке. Реальные планы и фасады помогают быстрее решить, стоит ли открывать проект целиком. Параметры проекта: площадь 88,83 м²; 2 этажа; габариты 8×10 м; материал — кирпич; стиль — европейский. После клика вы увидите все доступные планы и архитектурные проекции в полном размере.",https://catalog-plans.ru/catalog/13-59FK1L?utm_source=pinterest&utm_medium=organic&utm_campaign=generated_house_plan_facade_video_batch_37&utm_content=pin_6903_13-59fk1l_project_reveal&utm_term=evropeyskie-fasady-domov,,"проект дома 13-59FK1L, Европейские фасады домов, видео проекта дома, реальные планы дома, поэтажные планы, фасады дома, архитектурные фасады, готовый проект дома, catalog-plans.ru, дом 88,83 м², кирпич, европейский"
"Проект дома №13-59FMG: дом, планы и фасады в видео",https://raw.githubusercontent.com/nemchenik/test/catalog-plans-pinterest-assets/pinterest/generated_batch_37_house_plan_facade_video/13-59FMG.mp4,Проекты домов с планами этажей,00:01,"Проект дома №13-59FMG. Короткое видео начинает с реального дома, затем показывает поэтажные планы и фасады проекта. Все изображения планов и фасадов взяты непосредственно со страницы этого проекта на catalog-plans.ru. Параметры проекта: площадь 89,44 м²; 2 этажа; габариты 9.64×7.64 м; материал — монолитный каркас; стиль — европейский. После перехода на сайт доступны остальные планы, фасады, размеры и подробные характеристики.",https://catalog-plans.ru/catalog/13-59FMG?utm_source=pinterest&utm_medium=organic&utm_campaign=generated_house_plan_facade_video_batch_37&utm_content=pin_6904_13-59fmg_house_to_plan_to_facade&utm_term=proekty-domov-s-planami-etazhey,,"проект дома 13-59FMG, Проекты домов с планами этажей, видео проекта дома, реальные планы дома, поэтажные планы, фасады дома, архитектурные фасады, готовый проект дома, catalog-plans.ru, дом 89,44 м², монолитный каркас, европейский"
Дом №13-59GN: видео с планировками и фасадами,https://raw.githubusercontent.com/nemchenik/test/catalog-plans-pinterest-assets/pinterest/generated_batch_37_house_plan_facade_video/13-59GN.mp4,Планировки и фасады домов,00:01,"Проект дома №13-59GN. В ролике фасад дома плавно сменяется настоящими планировками и архитектурными проекциями. В видео используются не условные схемы, а реальные изображения из карточки соответствующего проекта. Параметры проекта: площадь 70,88 м²; 2 этажа; габариты 6.74×8.54 м; материал — газобетон; стиль — европейский. Откройте карточку проекта, чтобы рассмотреть изображения крупнее и изучить состав документации.",https://catalog-plans.ru/catalog/13-59GN?utm_source=pinterest&utm_medium=organic&utm_campaign=generated_house_plan_facade_video_batch_37&utm_content=pin_6905_13-59gn_house_plan_facade_loop&utm_term=planirovki-i-fasady-domov,,"проект дома 13-59GN, Планировки и фасады домов, видео проекта дома, реальные планы дома, поэтажные планы, фасады дома, архитектурные фасады, готовый проект дома, catalog-plans.ru, дом 70,88 м², газобетон, европейский"
Проект №13-59K1L: от фасада к планам этажей,https://raw.githubusercontent.com/nemchenik/test/catalog-plans-pinterest-assets/pinterest/generated_batch_37_house_plan_facade_video/13-59K1L.mp4,Проекты домов с планами этажей,00:01,"Проект дома №13-59K1L. Видео раскрывает проект по шагам: визуализация дома, планы этажей и фасады со всех сторон. Такой формат помогает быстро оценить и внешний вид, и устройство этажей до перехода на сайт. Параметры проекта: площадь 78,11 м²; 2 этажа; габариты 8.14×9.14 м; материал — кирпич; стиль — европейский. На catalog-plans.ru можно проверить все этажи, фасады, габариты и параметры строительства.",https://catalog-plans.ru/catalog/13-59K1L?utm_source=pinterest&utm_medium=organic&utm_campaign=generated_house_plan_facade_video_batch_37&utm_content=pin_6906_13-59k1l_plans_and_elevations&utm_term=proekty-domov-s-planami-etazhey,,"проект дома 13-59K1L, Проекты домов с планами этажей, видео проекта дома, реальные планы дома, поэтажные планы, фасады дома, архитектурные фасады, готовый проект дома, catalog-plans.ru, дом 78,11 м², кирпич, европейский"
Дом №13-59N: планы и фасады в коротком видео,https://raw.githubusercontent.com/nemchenik/test/catalog-plans-pinterest-assets/pinterest/generated_batch_37_house_plan_facade_video/13-59N.mp4,Фасады частных домов,00:01,"Проект дома №13-59N. Сначала показан внешний вид дома, затем — реальные рабочие изображения планов и фасадов с сайта. Планы и фасады позволяют понять проект глубже, чем одна визуализация дома в ленте Pinterest. Параметры проекта: площадь 90,97 м²; 2 этажа; габариты 7.74×8.74 м; материал — дерево; стиль — европейский. Перейдите к проекту, чтобы изучить планировку, сравнить фасады и оценить посадку на участок.",https://catalog-plans.ru/catalog/13-59N?utm_source=pinterest&utm_medium=organic&utm_campaign=generated_house_plan_facade_video_batch_37&utm_content=pin_6907_13-59n_project_reveal&utm_term=fasady-chastnyh-domov,,"проект дома 13-59N, Фасады частных домов, видео проекта дома, реальные планы дома, поэтажные планы, фасады дома, архитектурные фасады, готовый проект дома, catalog-plans.ru, дом 90,97 м², дерево, европейский"
Проект дома №13-60: видео-разбор планировки,https://raw.githubusercontent.com/nemchenik/test/catalog-plans-pinterest-assets/pinterest/generated_batch_37_house_plan_facade_video/13-60.mp4,Готовые проекты домов с чертежами,00:01,"Проект дома №13-60. Динамическая карточка помогает увидеть связь между архитектурой дома и его внутренней планировкой. Движение привлекает внимание, а реальные чертежи делают видеопин полезным для выбора проекта. Параметры проекта: площадь 252,43 м²; 2 этажа; габариты 11×12.05 м; материал — дерево; стиль — европейский. В полной карточке доступны дополнительные ракурсы, планы этажей и сведения по проекту.",https://catalog-plans.ru/catalog/13-60?utm_source=pinterest&utm_medium=organic&utm_campaign=generated_house_plan_facade_video_batch_37&utm_content=pin_6908_13-60_house_to_plan_to_facade&utm_term=gotovye-proekty-domov-s-chertezhami,,"проект дома 13-60, Готовые проекты домов с чертежами, видео проекта дома, реальные планы дома, поэтажные планы, фасады дома, архитектурные фасады, готовый проект дома, catalog-plans.ru, дом 252,43 м², дерево, европейский"
"Дом №13-62: фасад, планы этажей и размеры",https://raw.githubusercontent.com/nemchenik/test/catalog-plans-pinterest-assets/pinterest/generated_batch_37_house_plan_facade_video/13-62.mp4,Планы одноэтажных домов,00:01,"Проект дома №13-62. Ролик превращает статичную карточку в короткий обзор реальных планов и фасадов проекта. За несколько секунд можно сопоставить архитектуру, этажность, размеры и расположение помещений. Параметры проекта: площадь 60,58 м²; 1 этаж; габариты 8×8.8 м; материал — дерево; стиль — скандинавский. На сайте можно посмотреть проект целиком и перейти к расчёту строительства или изменениям.",https://catalog-plans.ru/catalog/13-62?utm_source=pinterest&utm_medium=organic&utm_campaign=generated_house_plan_facade_video_batch_37&utm_content=pin_6909_13-62_house_plan_facade_loop&utm_term=plany-odnoetazhnyh-domov,,"проект дома 13-62, Планы одноэтажных домов, видео проекта дома, реальные планы дома, поэтажные планы, фасады дома, архитектурные фасады, готовый проект дома, catalog-plans.ru, дом 60,58 м², дерево, скандинавский"
Проект №13-63: смотрите дом изнутри и снаружи,https://raw.githubusercontent.com/nemchenik/test/catalog-plans-pinterest-assets/pinterest/generated_batch_37_house_plan_facade_video/13-63.mp4,Планы деревянных домов,00:01,"Проект дома №13-63. Видеопин показывает, как внешний образ дома связан с расположением помещений и фасадными решениями. Видео удобно для первичного сравнения проектов по фасадам и планировочным решениям. Параметры проекта: площадь 176,2 м²; 2 этажа; габариты 12×15.2 м; материал — дерево; стиль — шале. Откройте проект, чтобы сверить размеры комнат, фасады и ключевые характеристики дома.",https://catalog-plans.ru/catalog/13-63?utm_source=pinterest&utm_medium=organic&utm_campaign=generated_house_plan_facade_video_batch_37&utm_content=pin_6910_13-63_plans_and_elevations&utm_term=plany-derevyannyh-domov,,"проект дома 13-63, Планы деревянных домов, видео проекта дома, реальные планы дома, поэтажные планы, фасады дома, архитектурные фасады, готовый проект дома, catalog-plans.ru, дом 176,2 м², дерево, шале"
Дом №13-64: видео проекта с реальными чертежами,https://raw.githubusercontent.com/nemchenik/test/catalog-plans-pinterest-assets/pinterest/generated_batch_37_house_plan_facade_video/13-64.mp4,Фасады деревянных домов,00:01,"Проект дома №13-64. Проект раскрывается последовательно: дом, планировки этажей, фасады и возврат к главной карточке. Реальные планы и фасады помогают быстрее решить, стоит ли открывать проект целиком. Параметры проекта: площадь 176,2 м²; 2 этажа; габариты 12×15.2 м; материал — дерево; стиль — шале. После клика вы увидите все доступные планы и архитектурные проекции в полном размере.",https://catalog-plans.ru/catalog/13-64?utm_source=pinterest&utm_medium=organic&utm_campaign=generated_house_plan_facade_video_batch_37&utm_content=pin_6911_13-64_project_reveal&utm_term=fasady-derevyannyh-domov,,"проект дома 13-64, Фасады деревянных домов, видео проекта дома, реальные планы дома, поэтажные планы, фасады дома, архитектурные фасады, готовый проект дома, catalog-plans.ru, дом 176,2 м², дерево, шале"
