Title,Media URL,Pinterest board,Thumbnail,Description,Link,Publish date,Keywords
"Проект дома №57-22K площадью 240,24 м² с планировками",https://raw.githubusercontent.com/nemchenik/test/6ba2fe170429aaf58e1b7a4bc220779b82af6c60/pinterest/generated_batch_61_floor_plans_sunset_static/57-22K.jpg,Планы домов и коттеджей,,"Проект дома №57-22K: площадь 240,24 м², 2 этажа, габариты 14.2×16.16 м, материал стен — кирпич. На карточке показаны оригинальные планировки этажей. Сохраните планы дома и откройте проект, чтобы узнать подробности и актуальную стоимость.",https://catalog-plans.ru/catalog/57-22K?utm_source=pinterest&utm_medium=organic&utm_campaign=generated_floor_plans_sunset_static_batch_61&utm_content=pin_11512_57-22K_plans&utm_term=proekty-domov-s-planirovkami,,"проект дома 57-22K, проект дома 240,24 м², планировка дома, планы этажей, готовый проект дома, оригинальная планировка, кирпич, catalog-plans.ru"
"Проект дома №53-98 площадью 119,1 м² с планировками",https://raw.githubusercontent.com/nemchenik/test/6ba2fe170429aaf58e1b7a4bc220779b82af6c60/pinterest/generated_batch_62_floor_plans_forest_static/53-98.jpg,Удобные планировки домов,,"Проект дома №53-98: площадь 119,1 м², 2 этажа, габариты 8.2×9 м, материал стен — газобетон. На карточке показаны оригинальные планировки этажей. Сохраните планы дома и откройте проект, чтобы узнать подробности и актуальную стоимость.",https://catalog-plans.ru/catalog/53-98?utm_source=pinterest&utm_medium=organic&utm_campaign=generated_floor_plans_forest_static_batch_62&utm_content=pin_11712_53-98_plans&utm_term=proekty-domov-s-planirovkami,,"проект дома 53-98, проект дома 119,1 м², планировка дома, планы этажей, готовый проект дома, оригинальная планировка, газобетон, catalog-plans.ru"
"Проект дома №68-15M площадью 395,88 м² с планировками",https://raw.githubusercontent.com/nemchenik/test/6ba2fe170429aaf58e1b7a4bc220779b82af6c60/pinterest/generated_batch_63_floor_plans_minimal_static/68-15M.jpg,Современные проекты домов,,"Проект дома №68-15M: площадь 395,88 м², 2 этажа, габариты 17.7×18.4 м, материал стен — монолитный каркас. На карточке показаны оригинальные планировки этажей. Сохраните планы дома и откройте проект, чтобы узнать подробности и актуальную стоимость.",https://catalog-plans.ru/catalog/68-15M?utm_source=pinterest&utm_medium=organic&utm_campaign=generated_floor_plans_minimal_static_batch_63&utm_content=pin_11912_68-15M_plans&utm_term=proekty-domov-s-planirovkami,,"проект дома 68-15M, проект дома 395,88 м², планировка дома, планы этажей, готовый проект дома, оригинальная планировка, монолитный каркас, catalog-plans.ru"
"Проект дома №32-51 площадью 187,3 м² с планировками",https://raw.githubusercontent.com/nemchenik/test/6ba2fe170429aaf58e1b7a4bc220779b82af6c60/pinterest/generated_batch_61_floor_plans_sunset_static/32-51.jpg,Планы домов и коттеджей,,"Проект дома №32-51: площадь 187,3 м², 2 этажа, габариты 10.96×16.3 м, материал стен — кирпич. На карточке показаны оригинальные планировки этажей. Сохраните планы дома и откройте проект, чтобы узнать подробности и актуальную стоимость.",https://catalog-plans.ru/catalog/32-51?utm_source=pinterest&utm_medium=organic&utm_campaign=generated_floor_plans_sunset_static_batch_61&utm_content=pin_11513_32-51_plans&utm_term=proekty-domov-s-planirovkami,,"проект дома 32-51, проект дома 187,3 м², планировка дома, планы этажей, готовый проект дома, оригинальная планировка, кирпич, catalog-plans.ru"
Проект дома №72-29 площадью 104 м² с планировками,https://raw.githubusercontent.com/nemchenik/test/6ba2fe170429aaf58e1b7a4bc220779b82af6c60/pinterest/generated_batch_62_floor_plans_forest_static/72-29.jpg,Удобные планировки домов,,"Проект дома №72-29: площадь 104 м², 2 этажа, габариты 7.88×10.08 м, материал стен — газобетон. На карточке показаны оригинальные планировки этажей. Сохраните планы дома и откройте проект, чтобы узнать подробности и актуальную стоимость.",https://catalog-plans.ru/catalog/72-29?utm_source=pinterest&utm_medium=organic&utm_campaign=generated_floor_plans_forest_static_batch_62&utm_content=pin_11713_72-29_plans&utm_term=proekty-domov-s-planirovkami,,"проект дома 72-29, проект дома 104 м², планировка дома, планы этажей, готовый проект дома, оригинальная планировка, газобетон, catalog-plans.ru"
"Проект дома №32-22 площадью 534,1 м² с планировками",https://raw.githubusercontent.com/nemchenik/test/6ba2fe170429aaf58e1b7a4bc220779b82af6c60/pinterest/generated_batch_63_floor_plans_minimal_static/32-22.jpg,Современные проекты домов,,"Проект дома №32-22: площадь 534,1 м², 2 этажа, габариты 13.28×15.8 м, материал стен — кирпич. На карточке показаны оригинальные планировки этажей. Сохраните планы дома и откройте проект, чтобы узнать подробности и актуальную стоимость.",https://catalog-plans.ru/catalog/32-22?utm_source=pinterest&utm_medium=organic&utm_campaign=generated_floor_plans_minimal_static_batch_63&utm_content=pin_11913_32-22_plans&utm_term=proekty-domov-s-planirovkami,,"проект дома 32-22, проект дома 534,1 м², планировка дома, планы этажей, готовый проект дома, оригинальная планировка, кирпич, catalog-plans.ru"
"Проект дома №62-38TL площадью 294,41 м² с планировками",https://raw.githubusercontent.com/nemchenik/test/6ba2fe170429aaf58e1b7a4bc220779b82af6c60/pinterest/generated_batch_61_floor_plans_sunset_static/62-38TL.jpg,Планы домов и коттеджей,,"Проект дома №62-38TL: площадь 294,41 м², 2 этажа, габариты 18.5×21.16 м, материал стен — газобетон. На карточке показаны оригинальные планировки этажей. Сохраните планы дома и откройте проект, чтобы узнать подробности и актуальную стоимость.",https://catalog-plans.ru/catalog/62-38TL?utm_source=pinterest&utm_medium=organic&utm_campaign=generated_floor_plans_sunset_static_batch_61&utm_content=pin_11514_62-38TL_plans&utm_term=proekty-domov-s-planirovkami,,"проект дома 62-38TL, проект дома 294,41 м², планировка дома, планы этажей, готовый проект дома, оригинальная планировка, газобетон, catalog-plans.ru"
"Проект дома №46-23B площадью 331,8 м² с планировками",https://raw.githubusercontent.com/nemchenik/test/6ba2fe170429aaf58e1b7a4bc220779b82af6c60/pinterest/generated_batch_62_floor_plans_forest_static/46-23B.jpg,Удобные планировки домов,,"Проект дома №46-23B: площадь 331,8 м², 2 этажа, габариты 16.86×21.74 м, материал стен — кирпич. На карточке показаны оригинальные планировки этажей. Сохраните планы дома и откройте проект, чтобы узнать подробности и актуальную стоимость.",https://catalog-plans.ru/catalog/46-23B?utm_source=pinterest&utm_medium=organic&utm_campaign=generated_floor_plans_forest_static_batch_62&utm_content=pin_11714_46-23B_plans&utm_term=proekty-domov-s-planirovkami,,"проект дома 46-23B, проект дома 331,8 м², планировка дома, планы этажей, готовый проект дома, оригинальная планировка, кирпич, catalog-plans.ru"
"Проект дома №57-20K площадью 185,13 м² с планировками",https://raw.githubusercontent.com/nemchenik/test/6ba2fe170429aaf58e1b7a4bc220779b82af6c60/pinterest/generated_batch_63_floor_plans_minimal_static/57-20K.jpg,Современные проекты домов,,"Проект дома №57-20K: площадь 185,13 м², 2 этажа, габариты 11.28×13.05 м, материал стен — кирпич. На карточке показаны оригинальные планировки этажей. Сохраните планы дома и откройте проект, чтобы узнать подробности и актуальную стоимость.",https://catalog-plans.ru/catalog/57-20K?utm_source=pinterest&utm_medium=organic&utm_campaign=generated_floor_plans_minimal_static_batch_63&utm_content=pin_11914_57-20K_plans&utm_term=proekty-domov-s-planirovkami,,"проект дома 57-20K, проект дома 185,13 м², планировка дома, планы этажей, готовый проект дома, оригинальная планировка, кирпич, catalog-plans.ru"
"Проект дома №57-61 площадью 216,47 м² с планировками",https://raw.githubusercontent.com/nemchenik/test/6ba2fe170429aaf58e1b7a4bc220779b82af6c60/pinterest/generated_batch_61_floor_plans_sunset_static/57-61.jpg,Планы домов и коттеджей,,"Проект дома №57-61: площадь 216,47 м², 2 этажа, габариты 12.16×12.98 м, материал стен — газобетон. На карточке показаны оригинальные планировки этажей. Сохраните планы дома и откройте проект, чтобы узнать подробности и актуальную стоимость.",https://catalog-plans.ru/catalog/57-61?utm_source=pinterest&utm_medium=organic&utm_campaign=generated_floor_plans_sunset_static_batch_61&utm_content=pin_11515_57-61_plans&utm_term=proekty-domov-s-planirovkami,,"проект дома 57-61, проект дома 216,47 м², планировка дома, планы этажей, готовый проект дома, оригинальная планировка, газобетон, catalog-plans.ru"
"Проект дома №57-68AB площадью 136,6 м² с планировками",https://raw.githubusercontent.com/nemchenik/test/6ba2fe170429aaf58e1b7a4bc220779b82af6c60/pinterest/generated_batch_62_floor_plans_forest_static/57-68AB.jpg,Удобные планировки домов,,"Проект дома №57-68AB: площадь 136,6 м², 2 этажа, габариты 12×12 м, материал стен — газобетон. На карточке показаны оригинальные планировки этажей. Сохраните планы дома и откройте проект, чтобы узнать подробности и актуальную стоимость.",https://catalog-plans.ru/catalog/57-68AB?utm_source=pinterest&utm_medium=organic&utm_campaign=generated_floor_plans_forest_static_batch_62&utm_content=pin_11715_57-68AB_plans&utm_term=proekty-domov-s-planirovkami,,"проект дома 57-68AB, проект дома 136,6 м², планировка дома, планы этажей, готовый проект дома, оригинальная планировка, газобетон, catalog-plans.ru"
Проект дома №47-55 площадью 314 м² с планировками,https://raw.githubusercontent.com/nemchenik/test/6ba2fe170429aaf58e1b7a4bc220779b82af6c60/pinterest/generated_batch_63_floor_plans_minimal_static/47-55.jpg,Современные проекты домов,,"Проект дома №47-55: площадь 314 м², 2 этажа, габариты 13×14.2 м, материал стен — кирпич. На карточке показаны оригинальные планировки этажей. Сохраните планы дома и откройте проект, чтобы узнать подробности и актуальную стоимость.",https://catalog-plans.ru/catalog/47-55?utm_source=pinterest&utm_medium=organic&utm_campaign=generated_floor_plans_minimal_static_batch_63&utm_content=pin_11915_47-55_plans&utm_term=proekty-domov-s-planirovkami,,"проект дома 47-55, проект дома 314 м², планировка дома, планы этажей, готовый проект дома, оригинальная планировка, кирпич, catalog-plans.ru"
"Проект дома №57-37DL площадью 56,63 м² с планировками",https://raw.githubusercontent.com/nemchenik/test/6ba2fe170429aaf58e1b7a4bc220779b82af6c60/pinterest/generated_batch_61_floor_plans_sunset_static/57-37DL.jpg,Планы домов и коттеджей,,"Проект дома №57-37DL: площадь 56,63 м², 1 этаж, габариты 9×10 м, материал стен — газобетон. На карточке показаны оригинальные планировки этажей. Сохраните планы дома и откройте проект, чтобы узнать подробности и актуальную стоимость.",https://catalog-plans.ru/catalog/57-37DL?utm_source=pinterest&utm_medium=organic&utm_campaign=generated_floor_plans_sunset_static_batch_61&utm_content=pin_11516_57-37DL_plans&utm_term=proekty-domov-s-planirovkami,,"проект дома 57-37DL, проект дома 56,63 м², планировка дома, планы этажей, готовый проект дома, оригинальная планировка, газобетон, catalog-plans.ru"
"Проект дома №45-94ABG площадью 310,67 м² с планировками",https://raw.githubusercontent.com/nemchenik/test/6ba2fe170429aaf58e1b7a4bc220779b82af6c60/pinterest/generated_batch_62_floor_plans_forest_static/45-94ABG.jpg,Удобные планировки домов,,"Проект дома №45-94ABG: площадь 310,67 м², 2 этажа, габариты 18.05×19 м, материал стен — газобетон. На карточке показаны оригинальные планировки этажей. Сохраните планы дома и откройте проект, чтобы узнать подробности и актуальную стоимость.",https://catalog-plans.ru/catalog/45-94ABG?utm_source=pinterest&utm_medium=organic&utm_campaign=generated_floor_plans_forest_static_batch_62&utm_content=pin_11716_45-94ABG_plans&utm_term=proekty-domov-s-planirovkami,,"проект дома 45-94ABG, проект дома 310,67 м², планировка дома, планы этажей, готовый проект дома, оригинальная планировка, газобетон, catalog-plans.ru"
Проект дома №33-18 площадью 92 м² с планировками,https://raw.githubusercontent.com/nemchenik/test/6ba2fe170429aaf58e1b7a4bc220779b82af6c60/pinterest/generated_batch_63_floor_plans_minimal_static/33-18.jpg,Современные проекты домов,,"Проект дома №33-18: площадь 92 м², 1 этаж, габариты 10.02×12.2 м, материал стен — кирпич. На карточке показаны оригинальные планировки этажей. Сохраните планы дома и откройте проект, чтобы узнать подробности и актуальную стоимость.",https://catalog-plans.ru/catalog/33-18?utm_source=pinterest&utm_medium=organic&utm_campaign=generated_floor_plans_minimal_static_batch_63&utm_content=pin_11916_33-18_plans&utm_term=proekty-domov-s-planirovkami,,"проект дома 33-18, проект дома 92 м², планировка дома, планы этажей, готовый проект дома, оригинальная планировка, кирпич, catalog-plans.ru"
"Проект дома №58-39 площадью 168,3 м² с планировками",https://raw.githubusercontent.com/nemchenik/test/6ba2fe170429aaf58e1b7a4bc220779b82af6c60/pinterest/generated_batch_61_floor_plans_sunset_static/58-39.jpg,Планы домов и коттеджей,,"Проект дома №58-39: площадь 168,3 м², 2 этажа, габариты 10.8×14.2 м, материал стен — газобетон. На карточке показаны оригинальные планировки этажей. Сохраните планы дома и откройте проект, чтобы узнать подробности и актуальную стоимость.",https://catalog-plans.ru/catalog/58-39?utm_source=pinterest&utm_medium=organic&utm_campaign=generated_floor_plans_sunset_static_batch_61&utm_content=pin_11517_58-39_plans&utm_term=proekty-domov-s-planirovkami,,"проект дома 58-39, проект дома 168,3 м², планировка дома, планы этажей, готовый проект дома, оригинальная планировка, газобетон, catalog-plans.ru"
"Проект дома №58-23L площадью 179,14 м² с планировками",https://raw.githubusercontent.com/nemchenik/test/6ba2fe170429aaf58e1b7a4bc220779b82af6c60/pinterest/generated_batch_62_floor_plans_forest_static/58-23L.jpg,Удобные планировки домов,,"Проект дома №58-23L: площадь 179,14 м², 2 этажа, габариты 11.6×13.5 м, материал стен — газобетон. На карточке показаны оригинальные планировки этажей. Сохраните планы дома и откройте проект, чтобы узнать подробности и актуальную стоимость.",https://catalog-plans.ru/catalog/58-23L?utm_source=pinterest&utm_medium=organic&utm_campaign=generated_floor_plans_forest_static_batch_62&utm_content=pin_11717_58-23L_plans&utm_term=proekty-domov-s-planirovkami,,"проект дома 58-23L, проект дома 179,14 м², планировка дома, планы этажей, готовый проект дома, оригинальная планировка, газобетон, catalog-plans.ru"
"Проект дома №57-46K площадью 197,37 м² с планировками",https://raw.githubusercontent.com/nemchenik/test/6ba2fe170429aaf58e1b7a4bc220779b82af6c60/pinterest/generated_batch_63_floor_plans_minimal_static/57-46K.jpg,Современные проекты домов,,"Проект дома №57-46K: площадь 197,37 м², 2 этажа, габариты 12.67×14.22 м, материал стен — кирпич. На карточке показаны оригинальные планировки этажей. Сохраните планы дома и откройте проект, чтобы узнать подробности и актуальную стоимость.",https://catalog-plans.ru/catalog/57-46K?utm_source=pinterest&utm_medium=organic&utm_campaign=generated_floor_plans_minimal_static_batch_63&utm_content=pin_11917_57-46K_plans&utm_term=proekty-domov-s-planirovkami,,"проект дома 57-46K, проект дома 197,37 м², планировка дома, планы этажей, готовый проект дома, оригинальная планировка, кирпич, catalog-plans.ru"
"Проект дома №40-04R площадью 132,44 м² с планировками",https://raw.githubusercontent.com/nemchenik/test/6ba2fe170429aaf58e1b7a4bc220779b82af6c60/pinterest/generated_batch_61_floor_plans_sunset_static/40-04R.jpg,Планы домов и коттеджей,,"Проект дома №40-04R: площадь 132,44 м², 2 этажа, габариты 9.5×10 м, материал стен — газобетон. На карточке показаны оригинальные планировки этажей. Сохраните планы дома и откройте проект, чтобы узнать подробности и актуальную стоимость.",https://catalog-plans.ru/catalog/40-04R?utm_source=pinterest&utm_medium=organic&utm_campaign=generated_floor_plans_sunset_static_batch_61&utm_content=pin_11518_40-04R_plans&utm_term=proekty-domov-s-planirovkami,,"проект дома 40-04R, проект дома 132,44 м², планировка дома, планы этажей, готовый проект дома, оригинальная планировка, газобетон, catalog-plans.ru"
"Проект дома №70-73 площадью 241,43 м² с планировками",https://raw.githubusercontent.com/nemchenik/test/6ba2fe170429aaf58e1b7a4bc220779b82af6c60/pinterest/generated_batch_62_floor_plans_forest_static/70-73.jpg,Удобные планировки домов,,"Проект дома №70-73: площадь 241,43 м², 2 этажа, габариты 10×14 м, материал стен — газобетон. На карточке показаны оригинальные планировки этажей. Сохраните планы дома и откройте проект, чтобы узнать подробности и актуальную стоимость.",https://catalog-plans.ru/catalog/70-73?utm_source=pinterest&utm_medium=organic&utm_campaign=generated_floor_plans_forest_static_batch_62&utm_content=pin_11718_70-73_plans&utm_term=proekty-domov-s-planirovkami,,"проект дома 70-73, проект дома 241,43 м², планировка дома, планы этажей, готовый проект дома, оригинальная планировка, газобетон, catalog-plans.ru"
"Проект дома №57-35 площадью 173,75 м² с планировками",https://raw.githubusercontent.com/nemchenik/test/6ba2fe170429aaf58e1b7a4bc220779b82af6c60/pinterest/generated_batch_63_floor_plans_minimal_static/57-35.jpg,Современные проекты домов,,"Проект дома №57-35: площадь 173,75 м², 2 этажа, габариты 10.5×12.3 м, материал стен — газобетон. На карточке показаны оригинальные планировки этажей. Сохраните планы дома и откройте проект, чтобы узнать подробности и актуальную стоимость.",https://catalog-plans.ru/catalog/57-35?utm_source=pinterest&utm_medium=organic&utm_campaign=generated_floor_plans_minimal_static_batch_63&utm_content=pin_11918_57-35_plans&utm_term=proekty-domov-s-planirovkami,,"проект дома 57-35, проект дома 173,75 м², планировка дома, планы этажей, готовый проект дома, оригинальная планировка, газобетон, catalog-plans.ru"
"Проект дома №64-91 площадью 180,81 м² с планировками",https://raw.githubusercontent.com/nemchenik/test/6ba2fe170429aaf58e1b7a4bc220779b82af6c60/pinterest/generated_batch_61_floor_plans_sunset_static/64-91.jpg,Планы домов и коттеджей,,"Проект дома №64-91: площадь 180,81 м², 2 этажа, габариты 11×12 м, материал стен — газобетон. На карточке показаны оригинальные планировки этажей. Сохраните планы дома и откройте проект, чтобы узнать подробности и актуальную стоимость.",https://catalog-plans.ru/catalog/64-91?utm_source=pinterest&utm_medium=organic&utm_campaign=generated_floor_plans_sunset_static_batch_61&utm_content=pin_11519_64-91_plans&utm_term=proekty-domov-s-planirovkami,,"проект дома 64-91, проект дома 180,81 м², планировка дома, планы этажей, готовый проект дома, оригинальная планировка, газобетон, catalog-plans.ru"
Проект дома №33-68 площадью 360 м² с планировками,https://raw.githubusercontent.com/nemchenik/test/6ba2fe170429aaf58e1b7a4bc220779b82af6c60/pinterest/generated_batch_62_floor_plans_forest_static/33-68.jpg,Удобные планировки домов,,"Проект дома №33-68: площадь 360 м², 2 этажа, габариты 9.9×15.3 м, материал стен — кирпич. На карточке показаны оригинальные планировки этажей. Сохраните планы дома и откройте проект, чтобы узнать подробности и актуальную стоимость.",https://catalog-plans.ru/catalog/33-68?utm_source=pinterest&utm_medium=organic&utm_campaign=generated_floor_plans_forest_static_batch_62&utm_content=pin_11719_33-68_plans&utm_term=proekty-domov-s-planirovkami,,"проект дома 33-68, проект дома 360 м², планировка дома, планы этажей, готовый проект дома, оригинальная планировка, кирпич, catalog-plans.ru"
"Проект дома №31-80 площадью 187,7 м² с планировками",https://raw.githubusercontent.com/nemchenik/test/6ba2fe170429aaf58e1b7a4bc220779b82af6c60/pinterest/generated_batch_63_floor_plans_minimal_static/31-80.jpg,Современные проекты домов,,"Проект дома №31-80: площадь 187,7 м², 2 этажа, габариты 10.76×13.1 м, материал стен — кирпич. На карточке показаны оригинальные планировки этажей. Сохраните планы дома и откройте проект, чтобы узнать подробности и актуальную стоимость.",https://catalog-plans.ru/catalog/31-80?utm_source=pinterest&utm_medium=organic&utm_campaign=generated_floor_plans_minimal_static_batch_63&utm_content=pin_11919_31-80_plans&utm_term=proekty-domov-s-planirovkami,,"проект дома 31-80, проект дома 187,7 м², планировка дома, планы этажей, готовый проект дома, оригинальная планировка, кирпич, catalog-plans.ru"
"Проект дома №59-94 площадью 120,02 м² с планировками",https://raw.githubusercontent.com/nemchenik/test/6ba2fe170429aaf58e1b7a4bc220779b82af6c60/pinterest/generated_batch_61_floor_plans_sunset_static/59-94.jpg,Планы домов и коттеджей,,"Проект дома №59-94: площадь 120,02 м², 2 этажа, габариты 9.6×10.8 м, материал стен — газобетон. На карточке показаны оригинальные планировки этажей. Сохраните планы дома и откройте проект, чтобы узнать подробности и актуальную стоимость.",https://catalog-plans.ru/catalog/59-94?utm_source=pinterest&utm_medium=organic&utm_campaign=generated_floor_plans_sunset_static_batch_61&utm_content=pin_11520_59-94_plans&utm_term=proekty-domov-s-planirovkami,,"проект дома 59-94, проект дома 120,02 м², планировка дома, планы этажей, готовый проект дома, оригинальная планировка, газобетон, catalog-plans.ru"
"Проект дома №52-29 площадью 174,2 м² с планировками",https://raw.githubusercontent.com/nemchenik/test/6ba2fe170429aaf58e1b7a4bc220779b82af6c60/pinterest/generated_batch_62_floor_plans_forest_static/52-29.jpg,Удобные планировки домов,,"Проект дома №52-29: площадь 174,2 м², 2 этажа, габариты 8.8×19.6 м, материал стен — газобетон. На карточке показаны оригинальные планировки этажей. Сохраните планы дома и откройте проект, чтобы узнать подробности и актуальную стоимость.",https://catalog-plans.ru/catalog/52-29?utm_source=pinterest&utm_medium=organic&utm_campaign=generated_floor_plans_forest_static_batch_62&utm_content=pin_11720_52-29_plans&utm_term=proekty-domov-s-planirovkami,,"проект дома 52-29, проект дома 174,2 м², планировка дома, планы этажей, готовый проект дома, оригинальная планировка, газобетон, catalog-plans.ru"
"Проект дома №68-58 площадью 86,63 м² с планировками",https://raw.githubusercontent.com/nemchenik/test/6ba2fe170429aaf58e1b7a4bc220779b82af6c60/pinterest/generated_batch_63_floor_plans_minimal_static/68-58.jpg,Современные проекты домов,,"Проект дома №68-58: площадь 86,63 м², 1 этаж, габариты 9.9×12.3 м, материал стен — газобетон. На карточке показаны оригинальные планировки этажей. Сохраните планы дома и откройте проект, чтобы узнать подробности и актуальную стоимость.",https://catalog-plans.ru/catalog/68-58?utm_source=pinterest&utm_medium=organic&utm_campaign=generated_floor_plans_minimal_static_batch_63&utm_content=pin_11920_68-58_plans&utm_term=proekty-domov-s-planirovkami,,"проект дома 68-58, проект дома 86,63 м², планировка дома, планы этажей, готовый проект дома, оригинальная планировка, газобетон, catalog-plans.ru"
"Проект дома №63-94L площадью 497,36 м² с планировками",https://raw.githubusercontent.com/nemchenik/test/6ba2fe170429aaf58e1b7a4bc220779b82af6c60/pinterest/generated_batch_61_floor_plans_sunset_static/63-94L.jpg,Планы домов и коттеджей,,"Проект дома №63-94L: площадь 497,36 м², 2 этажа, габариты 13.2×19.6 м, материал стен — газобетон. На карточке показаны оригинальные планировки этажей. Сохраните планы дома и откройте проект, чтобы узнать подробности и актуальную стоимость.",https://catalog-plans.ru/catalog/63-94L?utm_source=pinterest&utm_medium=organic&utm_campaign=generated_floor_plans_sunset_static_batch_61&utm_content=pin_11521_63-94L_plans&utm_term=proekty-domov-s-planirovkami,,"проект дома 63-94L, проект дома 497,36 м², планировка дома, планы этажей, готовый проект дома, оригинальная планировка, газобетон, catalog-plans.ru"
"Проект дома №60-57 площадью 193,82 м² с планировками",https://raw.githubusercontent.com/nemchenik/test/6ba2fe170429aaf58e1b7a4bc220779b82af6c60/pinterest/generated_batch_62_floor_plans_forest_static/60-57.jpg,Удобные планировки домов,,"Проект дома №60-57: площадь 193,82 м², 2 этажа, габариты 9.4×11.5 м, материал стен — газобетон. На карточке показаны оригинальные планировки этажей. Сохраните планы дома и откройте проект, чтобы узнать подробности и актуальную стоимость.",https://catalog-plans.ru/catalog/60-57?utm_source=pinterest&utm_medium=organic&utm_campaign=generated_floor_plans_forest_static_batch_62&utm_content=pin_11721_60-57_plans&utm_term=proekty-domov-s-planirovkami,,"проект дома 60-57, проект дома 193,82 м², планировка дома, планы этажей, готовый проект дома, оригинальная планировка, газобетон, catalog-plans.ru"
"Проект дома №34-78 площадью 133,7 м² с планировками",https://raw.githubusercontent.com/nemchenik/test/6ba2fe170429aaf58e1b7a4bc220779b82af6c60/pinterest/generated_batch_63_floor_plans_minimal_static/34-78.jpg,Современные проекты домов,,"Проект дома №34-78: площадь 133,7 м², 2 этажа, габариты 8.4×10 м, материал стен — кирпич. На карточке показаны оригинальные планировки этажей. Сохраните планы дома и откройте проект, чтобы узнать подробности и актуальную стоимость.",https://catalog-plans.ru/catalog/34-78?utm_source=pinterest&utm_medium=organic&utm_campaign=generated_floor_plans_minimal_static_batch_63&utm_content=pin_11921_34-78_plans&utm_term=proekty-domov-s-planirovkami,,"проект дома 34-78, проект дома 133,7 м², планировка дома, планы этажей, готовый проект дома, оригинальная планировка, кирпич, catalog-plans.ru"
"Проект дома №40-11RL площадью 367,03 м² с планировками",https://raw.githubusercontent.com/nemchenik/test/6ba2fe170429aaf58e1b7a4bc220779b82af6c60/pinterest/generated_batch_61_floor_plans_sunset_static/40-11RL.jpg,Планы домов и коттеджей,,"Проект дома №40-11RL: площадь 367,03 м², 2 этажа, габариты 13.8×14.84 м, материал стен — газобетон. На карточке показаны оригинальные планировки этажей. Сохраните планы дома и откройте проект, чтобы узнать подробности и актуальную стоимость.",https://catalog-plans.ru/catalog/40-11RL?utm_source=pinterest&utm_medium=organic&utm_campaign=generated_floor_plans_sunset_static_batch_61&utm_content=pin_11522_40-11RL_plans&utm_term=proekty-domov-s-planirovkami,,"проект дома 40-11RL, проект дома 367,03 м², планировка дома, планы этажей, готовый проект дома, оригинальная планировка, газобетон, catalog-plans.ru"
"Проект дома №57-29FD площадью 170,09 м² с планировками",https://raw.githubusercontent.com/nemchenik/test/6ba2fe170429aaf58e1b7a4bc220779b82af6c60/pinterest/generated_batch_62_floor_plans_forest_static/57-29FD.jpg,Удобные планировки домов,,"Проект дома №57-29FD: площадь 170,09 м², 2 этажа, габариты 9×14.4 м, материал стен — газобетон. На карточке показаны оригинальные планировки этажей. Сохраните планы дома и откройте проект, чтобы узнать подробности и актуальную стоимость.",https://catalog-plans.ru/catalog/57-29FD?utm_source=pinterest&utm_medium=organic&utm_campaign=generated_floor_plans_forest_static_batch_62&utm_content=pin_11722_57-29FD_plans&utm_term=proekty-domov-s-planirovkami,,"проект дома 57-29FD, проект дома 170,09 м², планировка дома, планы этажей, готовый проект дома, оригинальная планировка, газобетон, catalog-plans.ru"
"Проект дома №32-23 площадью 360,9 м² с планировками",https://raw.githubusercontent.com/nemchenik/test/6ba2fe170429aaf58e1b7a4bc220779b82af6c60/pinterest/generated_batch_63_floor_plans_minimal_static/32-23.jpg,Современные проекты домов,,"Проект дома №32-23: площадь 360,9 м², 3 этажа, габариты 13.6×16.54 м, материал стен — кирпич. На карточке показаны оригинальные планировки этажей. Сохраните планы дома и откройте проект, чтобы узнать подробности и актуальную стоимость.",https://catalog-plans.ru/catalog/32-23?utm_source=pinterest&utm_medium=organic&utm_campaign=generated_floor_plans_minimal_static_batch_63&utm_content=pin_11922_32-23_plans&utm_term=proekty-domov-s-planirovkami,,"проект дома 32-23, проект дома 360,9 м², планировка дома, планы этажей, готовый проект дома, оригинальная планировка, кирпич, catalog-plans.ru"
"Проект дома №63-73BA площадью 375,36 м² с планировками",https://raw.githubusercontent.com/nemchenik/test/6ba2fe170429aaf58e1b7a4bc220779b82af6c60/pinterest/generated_batch_61_floor_plans_sunset_static/63-73BA.jpg,Планы домов и коттеджей,,"Проект дома №63-73BA: площадь 375,36 м², 2 этажа, габариты 23.28×23.38 м, материал стен — газобетон. На карточке показаны оригинальные планировки этажей. Сохраните планы дома и откройте проект, чтобы узнать подробности и актуальную стоимость.",https://catalog-plans.ru/catalog/63-73BA?utm_source=pinterest&utm_medium=organic&utm_campaign=generated_floor_plans_sunset_static_batch_61&utm_content=pin_11523_63-73BA_plans&utm_term=proekty-domov-s-planirovkami,,"проект дома 63-73BA, проект дома 375,36 м², планировка дома, планы этажей, готовый проект дома, оригинальная планировка, газобетон, catalog-plans.ru"
"Проект дома №35-26 площадью 941,1 м² с планировками",https://raw.githubusercontent.com/nemchenik/test/6ba2fe170429aaf58e1b7a4bc220779b82af6c60/pinterest/generated_batch_62_floor_plans_forest_static/35-26.jpg,Удобные планировки домов,,"Проект дома №35-26: площадь 941,1 м², 2 этажа, габариты 23.24×23.44 м, материал стен — кирпич. На карточке показаны оригинальные планировки этажей. Сохраните планы дома и откройте проект, чтобы узнать подробности и актуальную стоимость.",https://catalog-plans.ru/catalog/35-26?utm_source=pinterest&utm_medium=organic&utm_campaign=generated_floor_plans_forest_static_batch_62&utm_content=pin_11723_35-26_plans&utm_term=proekty-domov-s-planirovkami,,"проект дома 35-26, проект дома 941,1 м², планировка дома, планы этажей, готовый проект дома, оригинальная планировка, кирпич, catalog-plans.ru"
"Проект дома №45-64NTK1 площадью 219,19 м² с планировками",https://raw.githubusercontent.com/nemchenik/test/6ba2fe170429aaf58e1b7a4bc220779b82af6c60/pinterest/generated_batch_63_floor_plans_minimal_static/45-64NTK1.jpg,Современные проекты домов,,"Проект дома №45-64NTK1: площадь 219,19 м², 2 этажа, габариты 12.54×13.04 м, материал стен — кирпич. На карточке показаны оригинальные планировки этажей. Сохраните планы дома и откройте проект, чтобы узнать подробности и актуальную стоимость.",https://catalog-plans.ru/catalog/45-64NTK1?utm_source=pinterest&utm_medium=organic&utm_campaign=generated_floor_plans_minimal_static_batch_63&utm_content=pin_11923_45-64NTK1_plans&utm_term=proekty-domov-s-planirovkami,,"проект дома 45-64NTK1, проект дома 219,19 м², планировка дома, планы этажей, готовый проект дома, оригинальная планировка, кирпич, catalog-plans.ru"
Проект дома №70-56 площадью 401 м² с планировками,https://raw.githubusercontent.com/nemchenik/test/6ba2fe170429aaf58e1b7a4bc220779b82af6c60/pinterest/generated_batch_61_floor_plans_sunset_static/70-56.jpg,Планы домов и коттеджей,,"Проект дома №70-56: площадь 401 м², 3 этажа, габариты 13.47×13.97 м, материал стен — деревянный каркас. На карточке показаны оригинальные планировки этажей. Сохраните планы дома и откройте проект, чтобы узнать подробности и актуальную стоимость.",https://catalog-plans.ru/catalog/70-56?utm_source=pinterest&utm_medium=organic&utm_campaign=generated_floor_plans_sunset_static_batch_61&utm_content=pin_11524_70-56_plans&utm_term=proekty-domov-s-planirovkami,,"проект дома 70-56, проект дома 401 м², планировка дома, планы этажей, готовый проект дома, оригинальная планировка, деревянный каркас, catalog-plans.ru"
"Проект дома №57-07Z площадью 149,5 м² с планировками",https://raw.githubusercontent.com/nemchenik/test/6ba2fe170429aaf58e1b7a4bc220779b82af6c60/pinterest/generated_batch_62_floor_plans_forest_static/57-07Z.jpg,Удобные планировки домов,,"Проект дома №57-07Z: площадь 149,5 м², 2 этажа, габариты 9.82×10.9 м, материал стен — газобетон. На карточке показаны оригинальные планировки этажей. Сохраните планы дома и откройте проект, чтобы узнать подробности и актуальную стоимость.",https://catalog-plans.ru/catalog/57-07Z?utm_source=pinterest&utm_medium=organic&utm_campaign=generated_floor_plans_forest_static_batch_62&utm_content=pin_11724_57-07Z_plans&utm_term=proekty-domov-s-planirovkami,,"проект дома 57-07Z, проект дома 149,5 м², планировка дома, планы этажей, готовый проект дома, оригинальная планировка, газобетон, catalog-plans.ru"
"Проект дома №40-11DL площадью 279,88 м² с планировками",https://raw.githubusercontent.com/nemchenik/test/6ba2fe170429aaf58e1b7a4bc220779b82af6c60/pinterest/generated_batch_63_floor_plans_minimal_static/40-11DL.jpg,Современные проекты домов,,"Проект дома №40-11DL: площадь 279,88 м², 3 этажа, габариты 13.92×14.16 м, материал стен — кирпич. На карточке показаны оригинальные планировки этажей. Сохраните планы дома и откройте проект, чтобы узнать подробности и актуальную стоимость.",https://catalog-plans.ru/catalog/40-11DL?utm_source=pinterest&utm_medium=organic&utm_campaign=generated_floor_plans_minimal_static_batch_63&utm_content=pin_11924_40-11DL_plans&utm_term=proekty-domov-s-planirovkami,,"проект дома 40-11DL, проект дома 279,88 м², планировка дома, планы этажей, готовый проект дома, оригинальная планировка, кирпич, catalog-plans.ru"
"Проект дома №45-64ZADAGL площадью 220,01 м² с планировками",https://raw.githubusercontent.com/nemchenik/test/6ba2fe170429aaf58e1b7a4bc220779b82af6c60/pinterest/generated_batch_61_floor_plans_sunset_static/45-64ZADAGL.jpg,Планы домов и коттеджей,,"Проект дома №45-64ZADAGL: площадь 220,01 м², 2 этажа, габариты 11.1×15.86 м, материал стен — газобетон. На карточке показаны оригинальные планировки этажей. Сохраните планы дома и откройте проект, чтобы узнать подробности и актуальную стоимость.",https://catalog-plans.ru/catalog/45-64ZADAGL?utm_source=pinterest&utm_medium=organic&utm_campaign=generated_floor_plans_sunset_static_batch_61&utm_content=pin_11525_45-64ZADAGL_plans&utm_term=proekty-domov-s-planirovkami,,"проект дома 45-64ZADAGL, проект дома 220,01 м², планировка дома, планы этажей, готовый проект дома, оригинальная планировка, газобетон, catalog-plans.ru"
"Проект дома №91-15B площадью 79,92 м² с планировками",https://raw.githubusercontent.com/nemchenik/test/6ba2fe170429aaf58e1b7a4bc220779b82af6c60/pinterest/generated_batch_62_floor_plans_forest_static/91-15B.jpg,Удобные планировки домов,,"Проект дома №91-15B: площадь 79,92 м², 1 этаж, габариты 8.65×11.8 м, материал стен — газобетон. На карточке показаны оригинальные планировки этажей. Сохраните планы дома и откройте проект, чтобы узнать подробности и актуальную стоимость.",https://catalog-plans.ru/catalog/91-15B?utm_source=pinterest&utm_medium=organic&utm_campaign=generated_floor_plans_forest_static_batch_62&utm_content=pin_11725_91-15B_plans&utm_term=proekty-domov-s-planirovkami,,"проект дома 91-15B, проект дома 79,92 м², планировка дома, планы этажей, готовый проект дома, оригинальная планировка, газобетон, catalog-plans.ru"
"Проект дома №45-08EDL площадью 250,49 м² с планировками",https://raw.githubusercontent.com/nemchenik/test/6ba2fe170429aaf58e1b7a4bc220779b82af6c60/pinterest/generated_batch_63_floor_plans_minimal_static/45-08EDL.jpg,Современные проекты домов,,"Проект дома №45-08EDL: площадь 250,49 м², 1 этаж, габариты 15.65×24.58 м, материал стен — кирпич. На карточке показаны оригинальные планировки этажей. Сохраните планы дома и откройте проект, чтобы узнать подробности и актуальную стоимость.",https://catalog-plans.ru/catalog/45-08EDL?utm_source=pinterest&utm_medium=organic&utm_campaign=generated_floor_plans_minimal_static_batch_63&utm_content=pin_11925_45-08EDL_plans&utm_term=proekty-domov-s-planirovkami,,"проект дома 45-08EDL, проект дома 250,49 м², планировка дома, планы этажей, готовый проект дома, оригинальная планировка, кирпич, catalog-plans.ru"
"Проект дома №59-79A площадью 141,3 м² с планировками",https://raw.githubusercontent.com/nemchenik/test/6ba2fe170429aaf58e1b7a4bc220779b82af6c60/pinterest/generated_batch_61_floor_plans_sunset_static/59-79A.jpg,Планы домов и коттеджей,,"Проект дома №59-79A: площадь 141,3 м², 2 этажа, габариты 10×10 м, материал стен — газобетон. На карточке показаны оригинальные планировки этажей. Сохраните планы дома и откройте проект, чтобы узнать подробности и актуальную стоимость.",https://catalog-plans.ru/catalog/59-79A?utm_source=pinterest&utm_medium=organic&utm_campaign=generated_floor_plans_sunset_static_batch_61&utm_content=pin_11526_59-79A_plans&utm_term=proekty-domov-s-planirovkami,,"проект дома 59-79A, проект дома 141,3 м², планировка дома, планы этажей, готовый проект дома, оригинальная планировка, газобетон, catalog-plans.ru"
"Проект дома №51-16 площадью 383,8 м² с планировками",https://raw.githubusercontent.com/nemchenik/test/6ba2fe170429aaf58e1b7a4bc220779b82af6c60/pinterest/generated_batch_62_floor_plans_forest_static/51-16.jpg,Удобные планировки домов,,"Проект дома №51-16: площадь 383,8 м², 2 этажа, габариты 14.1×14.5 м, материал стен — газобетон. На карточке показаны оригинальные планировки этажей. Сохраните планы дома и откройте проект, чтобы узнать подробности и актуальную стоимость.",https://catalog-plans.ru/catalog/51-16?utm_source=pinterest&utm_medium=organic&utm_campaign=generated_floor_plans_forest_static_batch_62&utm_content=pin_11726_51-16_plans&utm_term=proekty-domov-s-planirovkami,,"проект дома 51-16, проект дома 383,8 м², планировка дома, планы этажей, готовый проект дома, оригинальная планировка, газобетон, catalog-plans.ru"
"Проект дома №40-54BAG площадью 181,31 м² с планировками",https://raw.githubusercontent.com/nemchenik/test/6ba2fe170429aaf58e1b7a4bc220779b82af6c60/pinterest/generated_batch_63_floor_plans_minimal_static/40-54BAG.jpg,Современные проекты домов,,"Проект дома №40-54BAG: площадь 181,31 м², 2 этажа, габариты 10.45×12.08 м, материал стен — газобетон. На карточке показаны оригинальные планировки этажей. Сохраните планы дома и откройте проект, чтобы узнать подробности и актуальную стоимость.",https://catalog-plans.ru/catalog/40-54BAG?utm_source=pinterest&utm_medium=organic&utm_campaign=generated_floor_plans_minimal_static_batch_63&utm_content=pin_11926_40-54BAG_plans&utm_term=proekty-domov-s-planirovkami,,"проект дома 40-54BAG, проект дома 181,31 м², планировка дома, планы этажей, готовый проект дома, оригинальная планировка, газобетон, catalog-plans.ru"
"Проект дома №57-63FH площадью 134,96 м² с планировками",https://raw.githubusercontent.com/nemchenik/test/6ba2fe170429aaf58e1b7a4bc220779b82af6c60/pinterest/generated_batch_61_floor_plans_sunset_static/57-63FH.jpg,Планы домов и коттеджей,,"Проект дома №57-63FH: площадь 134,96 м², 2 этажа, габариты 9.2×12.4 м, материал стен — газобетон. На карточке показаны оригинальные планировки этажей. Сохраните планы дома и откройте проект, чтобы узнать подробности и актуальную стоимость.",https://catalog-plans.ru/catalog/57-63FH?utm_source=pinterest&utm_medium=organic&utm_campaign=generated_floor_plans_sunset_static_batch_61&utm_content=pin_11527_57-63FH_plans&utm_term=proekty-domov-s-planirovkami,,"проект дома 57-63FH, проект дома 134,96 м², планировка дома, планы этажей, готовый проект дома, оригинальная планировка, газобетон, catalog-plans.ru"
"Проект дома №62-71NA площадью 288,86 м² с планировками",https://raw.githubusercontent.com/nemchenik/test/6ba2fe170429aaf58e1b7a4bc220779b82af6c60/pinterest/generated_batch_62_floor_plans_forest_static/62-71NA.jpg,Удобные планировки домов,,"Проект дома №62-71NA: площадь 288,86 м², 2 этажа, габариты 15.11×14.87 м, материал стен — монолитный каркас. На карточке показаны оригинальные планировки этажей. Сохраните планы дома и откройте проект, чтобы узнать подробности и актуальную стоимость.",https://catalog-plans.ru/catalog/62-71NA?utm_source=pinterest&utm_medium=organic&utm_campaign=generated_floor_plans_forest_static_batch_62&utm_content=pin_11727_62-71NA_plans&utm_term=proekty-domov-s-planirovkami,,"проект дома 62-71NA, проект дома 288,86 м², планировка дома, планы этажей, готовый проект дома, оригинальная планировка, монолитный каркас, catalog-plans.ru"
"Проект дома №40-11P площадью 448,06 м² с планировками",https://raw.githubusercontent.com/nemchenik/test/6ba2fe170429aaf58e1b7a4bc220779b82af6c60/pinterest/generated_batch_63_floor_plans_minimal_static/40-11P.jpg,Современные проекты домов,,"Проект дома №40-11P: площадь 448,06 м², 2 этажа, габариты 13.76×25 м, материал стен — кирпич. На карточке показаны оригинальные планировки этажей. Сохраните планы дома и откройте проект, чтобы узнать подробности и актуальную стоимость.",https://catalog-plans.ru/catalog/40-11P?utm_source=pinterest&utm_medium=organic&utm_campaign=generated_floor_plans_minimal_static_batch_63&utm_content=pin_11927_40-11P_plans&utm_term=proekty-domov-s-planirovkami,,"проект дома 40-11P, проект дома 448,06 м², планировка дома, планы этажей, готовый проект дома, оригинальная планировка, кирпич, catalog-plans.ru"
Проект дома №59-50 площадью 188 м² с планировками,https://raw.githubusercontent.com/nemchenik/test/6ba2fe170429aaf58e1b7a4bc220779b82af6c60/pinterest/generated_batch_61_floor_plans_sunset_static/59-50.jpg,Планы домов и коттеджей,,"Проект дома №59-50: площадь 188 м², 2 этажа, габариты 13.3×14.3 м, материал стен — газобетон. На карточке показаны оригинальные планировки этажей. Сохраните планы дома и откройте проект, чтобы узнать подробности и актуальную стоимость.",https://catalog-plans.ru/catalog/59-50?utm_source=pinterest&utm_medium=organic&utm_campaign=generated_floor_plans_sunset_static_batch_61&utm_content=pin_11528_59-50_plans&utm_term=proekty-domov-s-planirovkami,,"проект дома 59-50, проект дома 188 м², планировка дома, планы этажей, готовый проект дома, оригинальная планировка, газобетон, catalog-plans.ru"
"Проект дома №48-13 площадью 275,86 м² с планировками",https://raw.githubusercontent.com/nemchenik/test/6ba2fe170429aaf58e1b7a4bc220779b82af6c60/pinterest/generated_batch_62_floor_plans_forest_static/48-13.jpg,Удобные планировки домов,,"Проект дома №48-13: площадь 275,86 м², 2 этажа, габариты 8.7×14.7 м, материал стен — газобетон. На карточке показаны оригинальные планировки этажей. Сохраните планы дома и откройте проект, чтобы узнать подробности и актуальную стоимость.",https://catalog-plans.ru/catalog/48-13?utm_source=pinterest&utm_medium=organic&utm_campaign=generated_floor_plans_forest_static_batch_62&utm_content=pin_11728_48-13_plans&utm_term=proekty-domov-s-planirovkami,,"проект дома 48-13, проект дома 275,86 м², планировка дома, планы этажей, готовый проект дома, оригинальная планировка, газобетон, catalog-plans.ru"
Проект дома №45-64NTAKL площадью 256 м² с планировками,https://raw.githubusercontent.com/nemchenik/test/6ba2fe170429aaf58e1b7a4bc220779b82af6c60/pinterest/generated_batch_63_floor_plans_minimal_static/45-64NTAKL.jpg,Современные проекты домов,,"Проект дома №45-64NTAKL: площадь 256 м², 2 этажа, габариты 12.78×13.28 м, материал стен — кирпич. На карточке показаны оригинальные планировки этажей. Сохраните планы дома и откройте проект, чтобы узнать подробности и актуальную стоимость.",https://catalog-plans.ru/catalog/45-64NTAKL?utm_source=pinterest&utm_medium=organic&utm_campaign=generated_floor_plans_minimal_static_batch_63&utm_content=pin_11928_45-64NTAKL_plans&utm_term=proekty-domov-s-planirovkami,,"проект дома 45-64NTAKL, проект дома 256 м², планировка дома, планы этажей, готовый проект дома, оригинальная планировка, кирпич, catalog-plans.ru"
Проект дома №33-52 площадью 411 м² с планировками,https://raw.githubusercontent.com/nemchenik/test/6ba2fe170429aaf58e1b7a4bc220779b82af6c60/pinterest/generated_batch_61_floor_plans_sunset_static/33-52.jpg,Планы домов и коттеджей,,"Проект дома №33-52: площадь 411 м², 2 этажа, габариты 15.07×15.63 м, материал стен — кирпич. На карточке показаны оригинальные планировки этажей. Сохраните планы дома и откройте проект, чтобы узнать подробности и актуальную стоимость.",https://catalog-plans.ru/catalog/33-52?utm_source=pinterest&utm_medium=organic&utm_campaign=generated_floor_plans_sunset_static_batch_61&utm_content=pin_11529_33-52_plans&utm_term=proekty-domov-s-planirovkami,,"проект дома 33-52, проект дома 411 м², планировка дома, планы этажей, готовый проект дома, оригинальная планировка, кирпич, catalog-plans.ru"
"Проект дома №59-97N площадью 153,44 м² с планировками",https://raw.githubusercontent.com/nemchenik/test/6ba2fe170429aaf58e1b7a4bc220779b82af6c60/pinterest/generated_batch_62_floor_plans_forest_static/59-97N.jpg,Удобные планировки домов,,"Проект дома №59-97N: площадь 153,44 м², 2 этажа, габариты 10.4×11.5 м, материал стен — газобетон. На карточке показаны оригинальные планировки этажей. Сохраните планы дома и откройте проект, чтобы узнать подробности и актуальную стоимость.",https://catalog-plans.ru/catalog/59-97N?utm_source=pinterest&utm_medium=organic&utm_campaign=generated_floor_plans_forest_static_batch_62&utm_content=pin_11729_59-97N_plans&utm_term=proekty-domov-s-planirovkami,,"проект дома 59-97N, проект дома 153,44 м², планировка дома, планы этажей, готовый проект дома, оригинальная планировка, газобетон, catalog-plans.ru"
"Проект дома №68-34L площадью 133,07 м² с планировками",https://raw.githubusercontent.com/nemchenik/test/6ba2fe170429aaf58e1b7a4bc220779b82af6c60/pinterest/generated_batch_63_floor_plans_minimal_static/68-34L.jpg,Современные проекты домов,,"Проект дома №68-34L: площадь 133,07 м², 1 этаж, габариты 10×17 м, материал стен — газобетон. На карточке показаны оригинальные планировки этажей. Сохраните планы дома и откройте проект, чтобы узнать подробности и актуальную стоимость.",https://catalog-plans.ru/catalog/68-34L?utm_source=pinterest&utm_medium=organic&utm_campaign=generated_floor_plans_minimal_static_batch_63&utm_content=pin_11929_68-34L_plans&utm_term=proekty-domov-s-planirovkami,,"проект дома 68-34L, проект дома 133,07 м², планировка дома, планы этажей, готовый проект дома, оригинальная планировка, газобетон, catalog-plans.ru"
"Проект дома №45-76HGL площадью 198,73 м² с планировками",https://raw.githubusercontent.com/nemchenik/test/6ba2fe170429aaf58e1b7a4bc220779b82af6c60/pinterest/generated_batch_61_floor_plans_sunset_static/45-76HGL.jpg,Планы домов и коттеджей,,"Проект дома №45-76HGL: площадь 198,73 м², 2 этажа, габариты 10.92×16.36 м, материал стен — газобетон. На карточке показаны оригинальные планировки этажей. Сохраните планы дома и откройте проект, чтобы узнать подробности и актуальную стоимость.",https://catalog-plans.ru/catalog/45-76HGL?utm_source=pinterest&utm_medium=organic&utm_campaign=generated_floor_plans_sunset_static_batch_61&utm_content=pin_11530_45-76HGL_plans&utm_term=proekty-domov-s-planirovkami,,"проект дома 45-76HGL, проект дома 198,73 м², планировка дома, планы этажей, готовый проект дома, оригинальная планировка, газобетон, catalog-plans.ru"
Проект дома №50-97 площадью 192 м² с планировками,https://raw.githubusercontent.com/nemchenik/test/6ba2fe170429aaf58e1b7a4bc220779b82af6c60/pinterest/generated_batch_62_floor_plans_forest_static/50-97.jpg,Удобные планировки домов,,"Проект дома №50-97: площадь 192 м², 2 этажа, габариты 12.5×14.5 м, материал стен — кирпич. На карточке показаны оригинальные планировки этажей. Сохраните планы дома и откройте проект, чтобы узнать подробности и актуальную стоимость.",https://catalog-plans.ru/catalog/50-97?utm_source=pinterest&utm_medium=organic&utm_campaign=generated_floor_plans_forest_static_batch_62&utm_content=pin_11730_50-97_plans&utm_term=proekty-domov-s-planirovkami,,"проект дома 50-97, проект дома 192 м², планировка дома, планы этажей, готовый проект дома, оригинальная планировка, кирпич, catalog-plans.ru"
"Проект дома №49-97 площадью 100,5 м² с планировками",https://raw.githubusercontent.com/nemchenik/test/6ba2fe170429aaf58e1b7a4bc220779b82af6c60/pinterest/generated_batch_63_floor_plans_minimal_static/49-97.jpg,Современные проекты домов,,"Проект дома №49-97: площадь 100,5 м², 2 этажа, габариты 8.8×11.1 м, материал стен — натурального камня. На карточке показаны оригинальные планировки этажей. Сохраните планы дома и откройте проект, чтобы узнать подробности и актуальную стоимость.",https://catalog-plans.ru/catalog/49-97?utm_source=pinterest&utm_medium=organic&utm_campaign=generated_floor_plans_minimal_static_batch_63&utm_content=pin_11930_49-97_plans&utm_term=proekty-domov-s-planirovkami,,"проект дома 49-97, проект дома 100,5 м², планировка дома, планы этажей, готовый проект дома, оригинальная планировка, натурального камня, catalog-plans.ru"
"Проект дома №57-76KL площадью 337,81 м² с планировками",https://raw.githubusercontent.com/nemchenik/test/6ba2fe170429aaf58e1b7a4bc220779b82af6c60/pinterest/generated_batch_61_floor_plans_sunset_static/57-76KL.jpg,Планы домов и коттеджей,,"Проект дома №57-76KL: площадь 337,81 м², 2 этажа, габариты 15.44×17.55 м, материал стен — газобетон. На карточке показаны оригинальные планировки этажей. Сохраните планы дома и откройте проект, чтобы узнать подробности и актуальную стоимость.",https://catalog-plans.ru/catalog/57-76KL?utm_source=pinterest&utm_medium=organic&utm_campaign=generated_floor_plans_sunset_static_batch_61&utm_content=pin_11531_57-76KL_plans&utm_term=proekty-domov-s-planirovkami,,"проект дома 57-76KL, проект дома 337,81 м², планировка дома, планы этажей, готовый проект дома, оригинальная планировка, газобетон, catalog-plans.ru"
"Проект дома №48-60A площадью 94,94 м² с планировками",https://raw.githubusercontent.com/nemchenik/test/6ba2fe170429aaf58e1b7a4bc220779b82af6c60/pinterest/generated_batch_62_floor_plans_forest_static/48-60A.jpg,Удобные планировки домов,,"Проект дома №48-60A: площадь 94,94 м², 1 этаж, габариты 11.9×11.9 м, материал стен — кирпич. На карточке показаны оригинальные планировки этажей. Сохраните планы дома и откройте проект, чтобы узнать подробности и актуальную стоимость.",https://catalog-plans.ru/catalog/48-60A?utm_source=pinterest&utm_medium=organic&utm_campaign=generated_floor_plans_forest_static_batch_62&utm_content=pin_11731_48-60A_plans&utm_term=proekty-domov-s-planirovkami,,"проект дома 48-60A, проект дома 94,94 м², планировка дома, планы этажей, готовый проект дома, оригинальная планировка, кирпич, catalog-plans.ru"
"Проект дома №57-47ABL площадью 229,5 м² с планировками",https://raw.githubusercontent.com/nemchenik/test/6ba2fe170429aaf58e1b7a4bc220779b82af6c60/pinterest/generated_batch_63_floor_plans_minimal_static/57-47ABL.jpg,Современные проекты домов,,"Проект дома №57-47ABL: площадь 229,5 м², 2 этажа, габариты 12.5×14.8 м, материал стен — газобетон. На карточке показаны оригинальные планировки этажей. Сохраните планы дома и откройте проект, чтобы узнать подробности и актуальную стоимость.",https://catalog-plans.ru/catalog/57-47ABL?utm_source=pinterest&utm_medium=organic&utm_campaign=generated_floor_plans_minimal_static_batch_63&utm_content=pin_11931_57-47ABL_plans&utm_term=proekty-domov-s-planirovkami,,"проект дома 57-47ABL, проект дома 229,5 м², планировка дома, планы этажей, готовый проект дома, оригинальная планировка, газобетон, catalog-plans.ru"
"Проект дома №34-57 площадью 134,71 м² с планировками",https://raw.githubusercontent.com/nemchenik/test/6ba2fe170429aaf58e1b7a4bc220779b82af6c60/pinterest/generated_batch_61_floor_plans_sunset_static/34-57.jpg,Планы домов и коттеджей,,"Проект дома №34-57: площадь 134,71 м², 2 этажа, габариты 8.4×9.3 м, материал стен — кирпич. На карточке показаны оригинальные планировки этажей. Сохраните планы дома и откройте проект, чтобы узнать подробности и актуальную стоимость.",https://catalog-plans.ru/catalog/34-57?utm_source=pinterest&utm_medium=organic&utm_campaign=generated_floor_plans_sunset_static_batch_61&utm_content=pin_11532_34-57_plans&utm_term=proekty-domov-s-planirovkami,,"проект дома 34-57, проект дома 134,71 м², планировка дома, планы этажей, готовый проект дома, оригинальная планировка, кирпич, catalog-plans.ru"
"Проект дома №58-92EDK1 площадью 164,04 м² с планировками",https://raw.githubusercontent.com/nemchenik/test/6ba2fe170429aaf58e1b7a4bc220779b82af6c60/pinterest/generated_batch_62_floor_plans_forest_static/58-92EDK1.jpg,Удобные планировки домов,,"Проект дома №58-92EDK1: площадь 164,04 м², 2 этажа, габариты 11.53×11.97 м, материал стен — кирпич. На карточке показаны оригинальные планировки этажей. Сохраните планы дома и откройте проект, чтобы узнать подробности и актуальную стоимость.",https://catalog-plans.ru/catalog/58-92EDK1?utm_source=pinterest&utm_medium=organic&utm_campaign=generated_floor_plans_forest_static_batch_62&utm_content=pin_11732_58-92EDK1_plans&utm_term=proekty-domov-s-planirovkami,,"проект дома 58-92EDK1, проект дома 164,04 м², планировка дома, планы этажей, готовый проект дома, оригинальная планировка, кирпич, catalog-plans.ru"
"Проект дома №40-13GDL площадью 196,16 м² с планировками",https://raw.githubusercontent.com/nemchenik/test/6ba2fe170429aaf58e1b7a4bc220779b82af6c60/pinterest/generated_batch_63_floor_plans_minimal_static/40-13GDL.jpg,Современные проекты домов,,"Проект дома №40-13GDL: площадь 196,16 м², 2 этажа, габариты 11.4×14.92 м, материал стен — газобетон. На карточке показаны оригинальные планировки этажей. Сохраните планы дома и откройте проект, чтобы узнать подробности и актуальную стоимость.",https://catalog-plans.ru/catalog/40-13GDL?utm_source=pinterest&utm_medium=organic&utm_campaign=generated_floor_plans_minimal_static_batch_63&utm_content=pin_11932_40-13GDL_plans&utm_term=proekty-domov-s-planirovkami,,"проект дома 40-13GDL, проект дома 196,16 м², планировка дома, планы этажей, готовый проект дома, оригинальная планировка, газобетон, catalog-plans.ru"
"Проект дома №62-20BAD площадью 207,4 м² с планировками",https://raw.githubusercontent.com/nemchenik/test/6ba2fe170429aaf58e1b7a4bc220779b82af6c60/pinterest/generated_batch_61_floor_plans_sunset_static/62-20BAD.jpg,Планы домов и коттеджей,,"Проект дома №62-20BAD: площадь 207,4 м², 2 этажа, габариты 12.02×13.32 м, материал стен — газобетон. На карточке показаны оригинальные планировки этажей. Сохраните планы дома и откройте проект, чтобы узнать подробности и актуальную стоимость.",https://catalog-plans.ru/catalog/62-20BAD?utm_source=pinterest&utm_medium=organic&utm_campaign=generated_floor_plans_sunset_static_batch_61&utm_content=pin_11533_62-20BAD_plans&utm_term=proekty-domov-s-planirovkami,,"проект дома 62-20BAD, проект дома 207,4 м², планировка дома, планы этажей, готовый проект дома, оригинальная планировка, газобетон, catalog-plans.ru"
"Проект дома №48-29CG площадью 272,66 м² с планировками",https://raw.githubusercontent.com/nemchenik/test/6ba2fe170429aaf58e1b7a4bc220779b82af6c60/pinterest/generated_batch_62_floor_plans_forest_static/48-29CG.jpg,Удобные планировки домов,,"Проект дома №48-29CG: площадь 272,66 м², 2 этажа, габариты 13.12×23.52 м, материал стен — газобетон. На карточке показаны оригинальные планировки этажей. Сохраните планы дома и откройте проект, чтобы узнать подробности и актуальную стоимость.",https://catalog-plans.ru/catalog/48-29CG?utm_source=pinterest&utm_medium=organic&utm_campaign=generated_floor_plans_forest_static_batch_62&utm_content=pin_11733_48-29CG_plans&utm_term=proekty-domov-s-planirovkami,,"проект дома 48-29CG, проект дома 272,66 м², планировка дома, планы этажей, готовый проект дома, оригинальная планировка, газобетон, catalog-plans.ru"
"Проект дома №67-08 площадью 113,7 м² с планировками",https://raw.githubusercontent.com/nemchenik/test/6ba2fe170429aaf58e1b7a4bc220779b82af6c60/pinterest/generated_batch_63_floor_plans_minimal_static/67-08.jpg,Современные проекты домов,,"Проект дома №67-08: площадь 113,7 м², 1 этаж, габариты 8.16×18.95 м, материал стен — газобетон. На карточке показаны оригинальные планировки этажей. Сохраните планы дома и откройте проект, чтобы узнать подробности и актуальную стоимость.",https://catalog-plans.ru/catalog/67-08?utm_source=pinterest&utm_medium=organic&utm_campaign=generated_floor_plans_minimal_static_batch_63&utm_content=pin_11933_67-08_plans&utm_term=proekty-domov-s-planirovkami,,"проект дома 67-08, проект дома 113,7 м², планировка дома, планы этажей, готовый проект дома, оригинальная планировка, газобетон, catalog-plans.ru"
"Проект дома №59-62 площадью 163,59 м² с планировками",https://raw.githubusercontent.com/nemchenik/test/6ba2fe170429aaf58e1b7a4bc220779b82af6c60/pinterest/generated_batch_61_floor_plans_sunset_static/59-62.jpg,Планы домов и коттеджей,,"Проект дома №59-62: площадь 163,59 м², 2 этажа, габариты 10.96×11.56 м, материал стен — газобетон. На карточке показаны оригинальные планировки этажей. Сохраните планы дома и откройте проект, чтобы узнать подробности и актуальную стоимость.",https://catalog-plans.ru/catalog/59-62?utm_source=pinterest&utm_medium=organic&utm_campaign=generated_floor_plans_sunset_static_batch_61&utm_content=pin_11534_59-62_plans&utm_term=proekty-domov-s-planirovkami,,"проект дома 59-62, проект дома 163,59 м², планировка дома, планы этажей, готовый проект дома, оригинальная планировка, газобетон, catalog-plans.ru"
"Проект дома №64-55L площадью 178,47 м² с планировками",https://raw.githubusercontent.com/nemchenik/test/6ba2fe170429aaf58e1b7a4bc220779b82af6c60/pinterest/generated_batch_62_floor_plans_forest_static/64-55L.jpg,Удобные планировки домов,,"Проект дома №64-55L: площадь 178,47 м², 2 этажа, габариты 14.3×10.5 м, материал стен — монолитный каркас. На карточке показаны оригинальные планировки этажей. Сохраните планы дома и откройте проект, чтобы узнать подробности и актуальную стоимость.",https://catalog-plans.ru/catalog/64-55L?utm_source=pinterest&utm_medium=organic&utm_campaign=generated_floor_plans_forest_static_batch_62&utm_content=pin_11734_64-55L_plans&utm_term=proekty-domov-s-planirovkami,,"проект дома 64-55L, проект дома 178,47 м², планировка дома, планы этажей, готовый проект дома, оригинальная планировка, монолитный каркас, catalog-plans.ru"
"Проект дома №65-26AL площадью 215,18 м² с планировками",https://raw.githubusercontent.com/nemchenik/test/6ba2fe170429aaf58e1b7a4bc220779b82af6c60/pinterest/generated_batch_63_floor_plans_minimal_static/65-26AL.jpg,Современные проекты домов,,"Проект дома №65-26AL: площадь 215,18 м², 1 этаж, габариты 17.99×18.4 м, материал стен — газобетон. На карточке показаны оригинальные планировки этажей. Сохраните планы дома и откройте проект, чтобы узнать подробности и актуальную стоимость.",https://catalog-plans.ru/catalog/65-26AL?utm_source=pinterest&utm_medium=organic&utm_campaign=generated_floor_plans_minimal_static_batch_63&utm_content=pin_11934_65-26AL_plans&utm_term=proekty-domov-s-planirovkami,,"проект дома 65-26AL, проект дома 215,18 м², планировка дома, планы этажей, готовый проект дома, оригинальная планировка, газобетон, catalog-plans.ru"
"Проект дома №48-24AG площадью 270,24 м² с планировками",https://raw.githubusercontent.com/nemchenik/test/6ba2fe170429aaf58e1b7a4bc220779b82af6c60/pinterest/generated_batch_61_floor_plans_sunset_static/48-24AG.jpg,Планы домов и коттеджей,,"Проект дома №48-24AG: площадь 270,24 м², 2 этажа, габариты 15.46×16.62 м, материал стен — газобетон. На карточке показаны оригинальные планировки этажей. Сохраните планы дома и откройте проект, чтобы узнать подробности и актуальную стоимость.",https://catalog-plans.ru/catalog/48-24AG?utm_source=pinterest&utm_medium=organic&utm_campaign=generated_floor_plans_sunset_static_batch_61&utm_content=pin_11535_48-24AG_plans&utm_term=proekty-domov-s-planirovkami,,"проект дома 48-24AG, проект дома 270,24 м², планировка дома, планы этажей, готовый проект дома, оригинальная планировка, газобетон, catalog-plans.ru"
"Проект дома №65-11 площадью 82,55 м² с планировками",https://raw.githubusercontent.com/nemchenik/test/6ba2fe170429aaf58e1b7a4bc220779b82af6c60/pinterest/generated_batch_62_floor_plans_forest_static/65-11.jpg,Удобные планировки домов,,"Проект дома №65-11: площадь 82,55 м², 1 этаж, габариты 8.54×13.45 м, материал стен — кирпич. На карточке показаны оригинальные планировки этажей. Сохраните планы дома и откройте проект, чтобы узнать подробности и актуальную стоимость.",https://catalog-plans.ru/catalog/65-11?utm_source=pinterest&utm_medium=organic&utm_campaign=generated_floor_plans_forest_static_batch_62&utm_content=pin_11735_65-11_plans&utm_term=proekty-domov-s-planirovkami,,"проект дома 65-11, проект дома 82,55 м², планировка дома, планы этажей, готовый проект дома, оригинальная планировка, кирпич, catalog-plans.ru"
"Проект дома №64-79 площадью 234,58 м² с планировками",https://raw.githubusercontent.com/nemchenik/test/6ba2fe170429aaf58e1b7a4bc220779b82af6c60/pinterest/generated_batch_63_floor_plans_minimal_static/64-79.jpg,Современные проекты домов,,"Проект дома №64-79: площадь 234,58 м², 2 этажа, габариты 10.55×10.55 м, материал стен — монолитный каркас. На карточке показаны оригинальные планировки этажей. Сохраните планы дома и откройте проект, чтобы узнать подробности и актуальную стоимость.",https://catalog-plans.ru/catalog/64-79?utm_source=pinterest&utm_medium=organic&utm_campaign=generated_floor_plans_minimal_static_batch_63&utm_content=pin_11935_64-79_plans&utm_term=proekty-domov-s-planirovkami,,"проект дома 64-79, проект дома 234,58 м², планировка дома, планы этажей, готовый проект дома, оригинальная планировка, монолитный каркас, catalog-plans.ru"
"Проект дома №62-38KL площадью 237,5 м² с планировками",https://raw.githubusercontent.com/nemchenik/test/6ba2fe170429aaf58e1b7a4bc220779b82af6c60/pinterest/generated_batch_61_floor_plans_sunset_static/62-38KL.jpg,Планы домов и коттеджей,,"Проект дома №62-38KL: площадь 237,5 м², 2 этажа, габариты 13.18×18.98 м, материал стен — кирпич. На карточке показаны оригинальные планировки этажей. Сохраните планы дома и откройте проект, чтобы узнать подробности и актуальную стоимость.",https://catalog-plans.ru/catalog/62-38KL?utm_source=pinterest&utm_medium=organic&utm_campaign=generated_floor_plans_sunset_static_batch_61&utm_content=pin_11536_62-38KL_plans&utm_term=proekty-domov-s-planirovkami,,"проект дома 62-38KL, проект дома 237,5 м², планировка дома, планы этажей, готовый проект дома, оригинальная планировка, кирпич, catalog-plans.ru"
"Проект дома №45-64NHADGL площадью 255,88 м² с планировками",https://raw.githubusercontent.com/nemchenik/test/6ba2fe170429aaf58e1b7a4bc220779b82af6c60/pinterest/generated_batch_62_floor_plans_forest_static/45-64NHADGL.jpg,Удобные планировки домов,,"Проект дома №45-64NHADGL: площадь 255,88 м², 2 этажа, габариты 13.06×14.49 м, материал стен — газобетон. На карточке показаны оригинальные планировки этажей. Сохраните планы дома и откройте проект, чтобы узнать подробности и актуальную стоимость.",https://catalog-plans.ru/catalog/45-64NHADGL?utm_source=pinterest&utm_medium=organic&utm_campaign=generated_floor_plans_forest_static_batch_62&utm_content=pin_11736_45-64NHADGL_plans&utm_term=proekty-domov-s-planirovkami,,"проект дома 45-64NHADGL, проект дома 255,88 м², планировка дома, планы этажей, готовый проект дома, оригинальная планировка, газобетон, catalog-plans.ru"
"Проект дома №57-87 площадью 271,3 м² с планировками",https://raw.githubusercontent.com/nemchenik/test/6ba2fe170429aaf58e1b7a4bc220779b82af6c60/pinterest/generated_batch_63_floor_plans_minimal_static/57-87.jpg,Современные проекты домов,,"Проект дома №57-87: площадь 271,3 м², 2 этажа, габариты 15.3×15.8 м, материал стен — газобетон. На карточке показаны оригинальные планировки этажей. Сохраните планы дома и откройте проект, чтобы узнать подробности и актуальную стоимость.",https://catalog-plans.ru/catalog/57-87?utm_source=pinterest&utm_medium=organic&utm_campaign=generated_floor_plans_minimal_static_batch_63&utm_content=pin_11936_57-87_plans&utm_term=proekty-domov-s-planirovkami,,"проект дома 57-87, проект дома 271,3 м², планировка дома, планы этажей, готовый проект дома, оригинальная планировка, газобетон, catalog-plans.ru"
"Проект дома №40-48AG площадью 316,82 м² с планировками",https://raw.githubusercontent.com/nemchenik/test/6ba2fe170429aaf58e1b7a4bc220779b82af6c60/pinterest/generated_batch_61_floor_plans_sunset_static/40-48AG.jpg,Планы домов и коттеджей,,"Проект дома №40-48AG: площадь 316,82 м², 3 этажа, габариты 13.6×15.7 м, материал стен — монолитный каркас. На карточке показаны оригинальные планировки этажей. Сохраните планы дома и откройте проект, чтобы узнать подробности и актуальную стоимость.",https://catalog-plans.ru/catalog/40-48AG?utm_source=pinterest&utm_medium=organic&utm_campaign=generated_floor_plans_sunset_static_batch_61&utm_content=pin_11537_40-48AG_plans&utm_term=proekty-domov-s-planirovkami,,"проект дома 40-48AG, проект дома 316,82 м², планировка дома, планы этажей, готовый проект дома, оригинальная планировка, монолитный каркас, catalog-plans.ru"
"Проект дома №70-19 площадью 125,4 м² с планировками",https://raw.githubusercontent.com/nemchenik/test/6ba2fe170429aaf58e1b7a4bc220779b82af6c60/pinterest/generated_batch_62_floor_plans_forest_static/70-19.jpg,Удобные планировки домов,,"Проект дома №70-19: площадь 125,4 м², 2 этажа, габариты 7.2×13.1 м, материал стен — дерево. На карточке показаны оригинальные планировки этажей. Сохраните планы дома и откройте проект, чтобы узнать подробности и актуальную стоимость.",https://catalog-plans.ru/catalog/70-19?utm_source=pinterest&utm_medium=organic&utm_campaign=generated_floor_plans_forest_static_batch_62&utm_content=pin_11737_70-19_plans&utm_term=proekty-domov-s-planirovkami,,"проект дома 70-19, проект дома 125,4 м², планировка дома, планы этажей, готовый проект дома, оригинальная планировка, дерево, catalog-plans.ru"
"Проект дома №52-20 площадью 458,3 м² с планировками",https://raw.githubusercontent.com/nemchenik/test/6ba2fe170429aaf58e1b7a4bc220779b82af6c60/pinterest/generated_batch_63_floor_plans_minimal_static/52-20.jpg,Современные проекты домов,,"Проект дома №52-20: площадь 458,3 м², 2 этажа, габариты 18.5×20.6 м, материал стен — газобетон. На карточке показаны оригинальные планировки этажей. Сохраните планы дома и откройте проект, чтобы узнать подробности и актуальную стоимость.",https://catalog-plans.ru/catalog/52-20?utm_source=pinterest&utm_medium=organic&utm_campaign=generated_floor_plans_minimal_static_batch_63&utm_content=pin_11937_52-20_plans&utm_term=proekty-domov-s-planirovkami,,"проект дома 52-20, проект дома 458,3 м², планировка дома, планы этажей, готовый проект дома, оригинальная планировка, газобетон, catalog-plans.ru"
"Проект дома №72-07 площадью 158,4 м² с планировками",https://raw.githubusercontent.com/nemchenik/test/6ba2fe170429aaf58e1b7a4bc220779b82af6c60/pinterest/generated_batch_61_floor_plans_sunset_static/72-07.jpg,Планы домов и коттеджей,,"Проект дома №72-07: площадь 158,4 м², 1 этаж, габариты 10.5×14.2 м, материал стен — газобетон. На карточке показаны оригинальные планировки этажей. Сохраните планы дома и откройте проект, чтобы узнать подробности и актуальную стоимость.",https://catalog-plans.ru/catalog/72-07?utm_source=pinterest&utm_medium=organic&utm_campaign=generated_floor_plans_sunset_static_batch_61&utm_content=pin_11538_72-07_plans&utm_term=proekty-domov-s-planirovkami,,"проект дома 72-07, проект дома 158,4 м², планировка дома, планы этажей, готовый проект дома, оригинальная планировка, газобетон, catalog-plans.ru"
"Проект дома №62-08L площадью 131,12 м² с планировками",https://raw.githubusercontent.com/nemchenik/test/6ba2fe170429aaf58e1b7a4bc220779b82af6c60/pinterest/generated_batch_62_floor_plans_forest_static/62-08L.jpg,Удобные планировки домов,,"Проект дома №62-08L: площадь 131,12 м², 2 этажа, габариты 9.8×10.8 м, материал стен — газобетон. На карточке показаны оригинальные планировки этажей. Сохраните планы дома и откройте проект, чтобы узнать подробности и актуальную стоимость.",https://catalog-plans.ru/catalog/62-08L?utm_source=pinterest&utm_medium=organic&utm_campaign=generated_floor_plans_forest_static_batch_62&utm_content=pin_11738_62-08L_plans&utm_term=proekty-domov-s-planirovkami,,"проект дома 62-08L, проект дома 131,12 м², планировка дома, планы этажей, готовый проект дома, оригинальная планировка, газобетон, catalog-plans.ru"
"Проект дома №63-05AKBB площадью 114,15 м² с планировками",https://raw.githubusercontent.com/nemchenik/test/6ba2fe170429aaf58e1b7a4bc220779b82af6c60/pinterest/generated_batch_63_floor_plans_minimal_static/63-05AKBB.jpg,Современные проекты домов,,"Проект дома №63-05AKBB: площадь 114,15 м², 2 этажа, габариты 8.14×9.92 м, материал стен — керамзитобетон. На карточке показаны оригинальные планировки этажей. Сохраните планы дома и откройте проект, чтобы узнать подробности и актуальную стоимость.",https://catalog-plans.ru/catalog/63-05AKBB?utm_source=pinterest&utm_medium=organic&utm_campaign=generated_floor_plans_minimal_static_batch_63&utm_content=pin_11938_63-05AKBB_plans&utm_term=proekty-domov-s-planirovkami,,"проект дома 63-05AKBB, проект дома 114,15 м², планировка дома, планы этажей, готовый проект дома, оригинальная планировка, керамзитобетон, catalog-plans.ru"
"Проект дома №68-47 площадью 350,15 м² с планировками",https://raw.githubusercontent.com/nemchenik/test/6ba2fe170429aaf58e1b7a4bc220779b82af6c60/pinterest/generated_batch_61_floor_plans_sunset_static/68-47.jpg,Планы домов и коттеджей,,"Проект дома №68-47: площадь 350,15 м², 2 этажа, габариты 14.5×31.1 м, материал стен — монолитный каркас. На карточке показаны оригинальные планировки этажей. Сохраните планы дома и откройте проект, чтобы узнать подробности и актуальную стоимость.",https://catalog-plans.ru/catalog/68-47?utm_source=pinterest&utm_medium=organic&utm_campaign=generated_floor_plans_sunset_static_batch_61&utm_content=pin_11539_68-47_plans&utm_term=proekty-domov-s-planirovkami,,"проект дома 68-47, проект дома 350,15 м², планировка дома, планы этажей, готовый проект дома, оригинальная планировка, монолитный каркас, catalog-plans.ru"
"Проект дома №64-06K1L площадью 141,02 м² с планировками",https://raw.githubusercontent.com/nemchenik/test/6ba2fe170429aaf58e1b7a4bc220779b82af6c60/pinterest/generated_batch_62_floor_plans_forest_static/64-06K1L.jpg,Удобные планировки домов,,"Проект дома №64-06K1L: площадь 141,02 м², 2 этажа, габариты 11.01×14.63 м, материал стен — кирпич. На карточке показаны оригинальные планировки этажей. Сохраните планы дома и откройте проект, чтобы узнать подробности и актуальную стоимость.",https://catalog-plans.ru/catalog/64-06K1L?utm_source=pinterest&utm_medium=organic&utm_campaign=generated_floor_plans_forest_static_batch_62&utm_content=pin_11739_64-06K1L_plans&utm_term=proekty-domov-s-planirovkami,,"проект дома 64-06K1L, проект дома 141,02 м², планировка дома, планы этажей, готовый проект дома, оригинальная планировка, кирпич, catalog-plans.ru"
"Проект дома №61-38 площадью 196,2 м² с планировками",https://raw.githubusercontent.com/nemchenik/test/6ba2fe170429aaf58e1b7a4bc220779b82af6c60/pinterest/generated_batch_63_floor_plans_minimal_static/61-38.jpg,Современные проекты домов,,"Проект дома №61-38: площадь 196,2 м², 2 этажа, габариты 11.44×15.8 м, материал стен — газобетон. На карточке показаны оригинальные планировки этажей. Сохраните планы дома и откройте проект, чтобы узнать подробности и актуальную стоимость.",https://catalog-plans.ru/catalog/61-38?utm_source=pinterest&utm_medium=organic&utm_campaign=generated_floor_plans_minimal_static_batch_63&utm_content=pin_11939_61-38_plans&utm_term=proekty-domov-s-planirovkami,,"проект дома 61-38, проект дома 196,2 м², планировка дома, планы этажей, готовый проект дома, оригинальная планировка, газобетон, catalog-plans.ru"
Проект дома №30-50 площадью 287 м² с планировками,https://raw.githubusercontent.com/nemchenik/test/6ba2fe170429aaf58e1b7a4bc220779b82af6c60/pinterest/generated_batch_61_floor_plans_sunset_static/30-50.jpg,Планы домов и коттеджей,,"Проект дома №30-50: площадь 287 м², 3 этажа, габариты 9.56×13.2 м, материал стен — кирпич. На карточке показаны оригинальные планировки этажей. Сохраните планы дома и откройте проект, чтобы узнать подробности и актуальную стоимость.",https://catalog-plans.ru/catalog/30-50?utm_source=pinterest&utm_medium=organic&utm_campaign=generated_floor_plans_sunset_static_batch_61&utm_content=pin_11540_30-50_plans&utm_term=proekty-domov-s-planirovkami,,"проект дома 30-50, проект дома 287 м², планировка дома, планы этажей, готовый проект дома, оригинальная планировка, кирпич, catalog-plans.ru"
"Проект дома №33-72 площадью 124,6 м² с планировками",https://raw.githubusercontent.com/nemchenik/test/6ba2fe170429aaf58e1b7a4bc220779b82af6c60/pinterest/generated_batch_62_floor_plans_forest_static/33-72.jpg,Удобные планировки домов,,"Проект дома №33-72: площадь 124,6 м², 2 этажа, габариты 9×9 м, материал стен — кирпич. На карточке показаны оригинальные планировки этажей. Сохраните планы дома и откройте проект, чтобы узнать подробности и актуальную стоимость.",https://catalog-plans.ru/catalog/33-72?utm_source=pinterest&utm_medium=organic&utm_campaign=generated_floor_plans_forest_static_batch_62&utm_content=pin_11740_33-72_plans&utm_term=proekty-domov-s-planirovkami,,"проект дома 33-72, проект дома 124,6 м², планировка дома, планы этажей, готовый проект дома, оригинальная планировка, кирпич, catalog-plans.ru"
"Проект дома №58-87B площадью 264,29 м² с планировками",https://raw.githubusercontent.com/nemchenik/test/6ba2fe170429aaf58e1b7a4bc220779b82af6c60/pinterest/generated_batch_63_floor_plans_minimal_static/58-87B.jpg,Современные проекты домов,,"Проект дома №58-87B: площадь 264,29 м², 2 этажа, габариты 16.4×17.3 м, материал стен — газобетон. На карточке показаны оригинальные планировки этажей. Сохраните планы дома и откройте проект, чтобы узнать подробности и актуальную стоимость.",https://catalog-plans.ru/catalog/58-87B?utm_source=pinterest&utm_medium=organic&utm_campaign=generated_floor_plans_minimal_static_batch_63&utm_content=pin_11940_58-87B_plans&utm_term=proekty-domov-s-planirovkami,,"проект дома 58-87B, проект дома 264,29 м², планировка дома, планы этажей, готовый проект дома, оригинальная планировка, газобетон, catalog-plans.ru"
"Проект дома №45-93K1L площадью 159,26 м² с планировками",https://raw.githubusercontent.com/nemchenik/test/6ba2fe170429aaf58e1b7a4bc220779b82af6c60/pinterest/generated_batch_61_floor_plans_sunset_static/45-93K1L.jpg,Планы домов и коттеджей,,"Проект дома №45-93K1L: площадь 159,26 м², 1 этаж, габариты 12.26×20.58 м, материал стен — кирпич. На карточке показаны оригинальные планировки этажей. Сохраните планы дома и откройте проект, чтобы узнать подробности и актуальную стоимость.",https://catalog-plans.ru/catalog/45-93K1L?utm_source=pinterest&utm_medium=organic&utm_campaign=generated_floor_plans_sunset_static_batch_61&utm_content=pin_11541_45-93K1L_plans&utm_term=proekty-domov-s-planirovkami,,"проект дома 45-93K1L, проект дома 159,26 м², планировка дома, планы этажей, готовый проект дома, оригинальная планировка, кирпич, catalog-plans.ru"
"Проект дома №58-29ECK1L площадью 368,51 м² с планировками",https://raw.githubusercontent.com/nemchenik/test/6ba2fe170429aaf58e1b7a4bc220779b82af6c60/pinterest/generated_batch_62_floor_plans_forest_static/58-29ECK1L.jpg,Удобные планировки домов,,"Проект дома №58-29ECK1L: площадь 368,51 м², 2 этажа, габариты 12.58×15.18 м, материал стен — кирпич. На карточке показаны оригинальные планировки этажей. Сохраните планы дома и откройте проект, чтобы узнать подробности и актуальную стоимость.",https://catalog-plans.ru/catalog/58-29ECK1L?utm_source=pinterest&utm_medium=organic&utm_campaign=generated_floor_plans_forest_static_batch_62&utm_content=pin_11741_58-29ECK1L_plans&utm_term=proekty-domov-s-planirovkami,,"проект дома 58-29ECK1L, проект дома 368,51 м², планировка дома, планы этажей, готовый проект дома, оригинальная планировка, кирпич, catalog-plans.ru"
"Проект дома №40-05BBG площадью 136,72 м² с планировками",https://raw.githubusercontent.com/nemchenik/test/6ba2fe170429aaf58e1b7a4bc220779b82af6c60/pinterest/generated_batch_63_floor_plans_minimal_static/40-05BBG.jpg,Современные проекты домов,,"Проект дома №40-05BBG: площадь 136,72 м², 2 этажа, габариты 10.61×11.42 м, материал стен — газобетон. На карточке показаны оригинальные планировки этажей. Сохраните планы дома и откройте проект, чтобы узнать подробности и актуальную стоимость.",https://catalog-plans.ru/catalog/40-05BBG?utm_source=pinterest&utm_medium=organic&utm_campaign=generated_floor_plans_minimal_static_batch_63&utm_content=pin_11941_40-05BBG_plans&utm_term=proekty-domov-s-planirovkami,,"проект дома 40-05BBG, проект дома 136,72 м², планировка дома, планы этажей, готовый проект дома, оригинальная планировка, газобетон, catalog-plans.ru"
"Проект дома №33-56 площадью 116,9 м² с планировками",https://raw.githubusercontent.com/nemchenik/test/6ba2fe170429aaf58e1b7a4bc220779b82af6c60/pinterest/generated_batch_61_floor_plans_sunset_static/33-56.jpg,Планы домов и коттеджей,,"Проект дома №33-56: площадь 116,9 м², 2 этажа, габариты 8.4×11.6 м, материал стен — кирпич. На карточке показаны оригинальные планировки этажей. Сохраните планы дома и откройте проект, чтобы узнать подробности и актуальную стоимость.",https://catalog-plans.ru/catalog/33-56?utm_source=pinterest&utm_medium=organic&utm_campaign=generated_floor_plans_sunset_static_batch_61&utm_content=pin_11542_33-56_plans&utm_term=proekty-domov-s-planirovkami,,"проект дома 33-56, проект дома 116,9 м², планировка дома, планы этажей, готовый проект дома, оригинальная планировка, кирпич, catalog-plans.ru"
"Проект дома №58-15B площадью 159,2 м² с планировками",https://raw.githubusercontent.com/nemchenik/test/6ba2fe170429aaf58e1b7a4bc220779b82af6c60/pinterest/generated_batch_62_floor_plans_forest_static/58-15B.jpg,Удобные планировки домов,,"Проект дома №58-15B: площадь 159,2 м², 2 этажа, габариты 10.3×11 м, материал стен — газобетон. На карточке показаны оригинальные планировки этажей. Сохраните планы дома и откройте проект, чтобы узнать подробности и актуальную стоимость.",https://catalog-plans.ru/catalog/58-15B?utm_source=pinterest&utm_medium=organic&utm_campaign=generated_floor_plans_forest_static_batch_62&utm_content=pin_11742_58-15B_plans&utm_term=proekty-domov-s-planirovkami,,"проект дома 58-15B, проект дома 159,2 м², планировка дома, планы этажей, готовый проект дома, оригинальная планировка, газобетон, catalog-plans.ru"
"Проект дома №32-78 площадью 351,9 м² с планировками",https://raw.githubusercontent.com/nemchenik/test/6ba2fe170429aaf58e1b7a4bc220779b82af6c60/pinterest/generated_batch_63_floor_plans_minimal_static/32-78.jpg,Современные проекты домов,,"Проект дома №32-78: площадь 351,9 м², 2 этажа, габариты 12.6×13.2 м, материал стен — кирпич. На карточке показаны оригинальные планировки этажей. Сохраните планы дома и откройте проект, чтобы узнать подробности и актуальную стоимость.",https://catalog-plans.ru/catalog/32-78?utm_source=pinterest&utm_medium=organic&utm_campaign=generated_floor_plans_minimal_static_batch_63&utm_content=pin_11942_32-78_plans&utm_term=proekty-domov-s-planirovkami,,"проект дома 32-78, проект дома 351,9 м², планировка дома, планы этажей, готовый проект дома, оригинальная планировка, кирпич, catalog-plans.ru"
"Проект дома №57-15K площадью 221,03 м² с планировками",https://raw.githubusercontent.com/nemchenik/test/6ba2fe170429aaf58e1b7a4bc220779b82af6c60/pinterest/generated_batch_61_floor_plans_sunset_static/57-15K.jpg,Планы домов и коттеджей,,"Проект дома №57-15K: площадь 221,03 м², 2 этажа, габариты 10.8×19.66 м, материал стен — кирпич. На карточке показаны оригинальные планировки этажей. Сохраните планы дома и откройте проект, чтобы узнать подробности и актуальную стоимость.",https://catalog-plans.ru/catalog/57-15K?utm_source=pinterest&utm_medium=organic&utm_campaign=generated_floor_plans_sunset_static_batch_61&utm_content=pin_11543_57-15K_plans&utm_term=proekty-domov-s-planirovkami,,"проект дома 57-15K, проект дома 221,03 м², планировка дома, планы этажей, готовый проект дома, оригинальная планировка, кирпич, catalog-plans.ru"
"Проект дома №90-94BDL площадью 99,91 м² с планировками",https://raw.githubusercontent.com/nemchenik/test/6ba2fe170429aaf58e1b7a4bc220779b82af6c60/pinterest/generated_batch_62_floor_plans_forest_static/90-94BDL.jpg,Удобные планировки домов,,"Проект дома №90-94BDL: площадь 99,91 м², 2 этажа, габариты 8.935×13.185 м, материал стен — газобетон. На карточке показаны оригинальные планировки этажей. Сохраните планы дома и откройте проект, чтобы узнать подробности и актуальную стоимость.",https://catalog-plans.ru/catalog/90-94BDL?utm_source=pinterest&utm_medium=organic&utm_campaign=generated_floor_plans_forest_static_batch_62&utm_content=pin_11743_90-94BDL_plans&utm_term=proekty-domov-s-planirovkami,,"проект дома 90-94BDL, проект дома 99,91 м², планировка дома, планы этажей, готовый проект дома, оригинальная планировка, газобетон, catalog-plans.ru"
"Проект дома №58-71 площадью 446,99 м² с планировками",https://raw.githubusercontent.com/nemchenik/test/6ba2fe170429aaf58e1b7a4bc220779b82af6c60/pinterest/generated_batch_63_floor_plans_minimal_static/58-71.jpg,Современные проекты домов,,"Проект дома №58-71: площадь 446,99 м², 3 этажа, габариты 14.26×14.96 м, материал стен — керамзитобетон. На карточке показаны оригинальные планировки этажей. Сохраните планы дома и откройте проект, чтобы узнать подробности и актуальную стоимость.",https://catalog-plans.ru/catalog/58-71?utm_source=pinterest&utm_medium=organic&utm_campaign=generated_floor_plans_minimal_static_batch_63&utm_content=pin_11943_58-71_plans&utm_term=proekty-domov-s-planirovkami,,"проект дома 58-71, проект дома 446,99 м², планировка дома, планы этажей, готовый проект дома, оригинальная планировка, керамзитобетон, catalog-plans.ru"
"Проект дома №64-24 площадью 254,06 м² с планировками",https://raw.githubusercontent.com/nemchenik/test/6ba2fe170429aaf58e1b7a4bc220779b82af6c60/pinterest/generated_batch_61_floor_plans_sunset_static/64-24.jpg,Планы домов и коттеджей,,"Проект дома №64-24: площадь 254,06 м², 2 этажа, габариты 14.9×16.55 м, материал стен — газобетон. На карточке показаны оригинальные планировки этажей. Сохраните планы дома и откройте проект, чтобы узнать подробности и актуальную стоимость.",https://catalog-plans.ru/catalog/64-24?utm_source=pinterest&utm_medium=organic&utm_campaign=generated_floor_plans_sunset_static_batch_61&utm_content=pin_11544_64-24_plans&utm_term=proekty-domov-s-planirovkami,,"проект дома 64-24, проект дома 254,06 м², планировка дома, планы этажей, готовый проект дома, оригинальная планировка, газобетон, catalog-plans.ru"
"Проект дома №46-94G площадью 241,32 м² с планировками",https://raw.githubusercontent.com/nemchenik/test/6ba2fe170429aaf58e1b7a4bc220779b82af6c60/pinterest/generated_batch_62_floor_plans_forest_static/46-94G.jpg,Удобные планировки домов,,"Проект дома №46-94G: площадь 241,32 м², 2 этажа, габариты 13.58×16.69 м, материал стен — газобетон. На карточке показаны оригинальные планировки этажей. Сохраните планы дома и откройте проект, чтобы узнать подробности и актуальную стоимость.",https://catalog-plans.ru/catalog/46-94G?utm_source=pinterest&utm_medium=organic&utm_campaign=generated_floor_plans_forest_static_batch_62&utm_content=pin_11744_46-94G_plans&utm_term=proekty-domov-s-planirovkami,,"проект дома 46-94G, проект дома 241,32 м², планировка дома, планы этажей, готовый проект дома, оригинальная планировка, газобетон, catalog-plans.ru"
"Проект дома №46-09FTAG площадью 89,72 м² с планировками",https://raw.githubusercontent.com/nemchenik/test/6ba2fe170429aaf58e1b7a4bc220779b82af6c60/pinterest/generated_batch_63_floor_plans_minimal_static/46-09FTAG.jpg,Современные проекты домов,,"Проект дома №46-09FTAG: площадь 89,72 м², 1 этаж, габариты 8.8×13.46 м, материал стен — газобетон. На карточке показаны оригинальные планировки этажей. Сохраните планы дома и откройте проект, чтобы узнать подробности и актуальную стоимость.",https://catalog-plans.ru/catalog/46-09FTAG?utm_source=pinterest&utm_medium=organic&utm_campaign=generated_floor_plans_minimal_static_batch_63&utm_content=pin_11944_46-09FTAG_plans&utm_term=proekty-domov-s-planirovkami,,"проект дома 46-09FTAG, проект дома 89,72 м², планировка дома, планы этажей, готовый проект дома, оригинальная планировка, газобетон, catalog-plans.ru"
"Проект дома №59-78 площадью 484,6 м² с планировками",https://raw.githubusercontent.com/nemchenik/test/6ba2fe170429aaf58e1b7a4bc220779b82af6c60/pinterest/generated_batch_61_floor_plans_sunset_static/59-78.jpg,Планы домов и коттеджей,,"Проект дома №59-78: площадь 484,6 м², 2 этажа, габариты 12×12.6 м, материал стен — газобетон. На карточке показаны оригинальные планировки этажей. Сохраните планы дома и откройте проект, чтобы узнать подробности и актуальную стоимость.",https://catalog-plans.ru/catalog/59-78?utm_source=pinterest&utm_medium=organic&utm_campaign=generated_floor_plans_sunset_static_batch_61&utm_content=pin_11545_59-78_plans&utm_term=proekty-domov-s-planirovkami,,"проект дома 59-78, проект дома 484,6 м², планировка дома, планы этажей, готовый проект дома, оригинальная планировка, газобетон, catalog-plans.ru"
"Проект дома №62-38AFK1L площадью 249,32 м² с планировками",https://raw.githubusercontent.com/nemchenik/test/6ba2fe170429aaf58e1b7a4bc220779b82af6c60/pinterest/generated_batch_62_floor_plans_forest_static/62-38AFK1L.jpg,Удобные планировки домов,,"Проект дома №62-38AFK1L: площадь 249,32 м², 2 этажа, габариты 13.06×18.86 м, материал стен — кирпич. На карточке показаны оригинальные планировки этажей. Сохраните планы дома и откройте проект, чтобы узнать подробности и актуальную стоимость.",https://catalog-plans.ru/catalog/62-38AFK1L?utm_source=pinterest&utm_medium=organic&utm_campaign=generated_floor_plans_forest_static_batch_62&utm_content=pin_11745_62-38AFK1L_plans&utm_term=proekty-domov-s-planirovkami,,"проект дома 62-38AFK1L, проект дома 249,32 м², планировка дома, планы этажей, готовый проект дома, оригинальная планировка, кирпич, catalog-plans.ru"
"Проект дома №59-97K площадью 150,6 м² с планировками",https://raw.githubusercontent.com/nemchenik/test/6ba2fe170429aaf58e1b7a4bc220779b82af6c60/pinterest/generated_batch_63_floor_plans_minimal_static/59-97K.jpg,Современные проекты домов,,"Проект дома №59-97K: площадь 150,6 м², 2 этажа, габариты 10.3×11.4 м, материал стен — кирпич. На карточке показаны оригинальные планировки этажей. Сохраните планы дома и откройте проект, чтобы узнать подробности и актуальную стоимость.",https://catalog-plans.ru/catalog/59-97K?utm_source=pinterest&utm_medium=organic&utm_campaign=generated_floor_plans_minimal_static_batch_63&utm_content=pin_11945_59-97K_plans&utm_term=proekty-domov-s-planirovkami,,"проект дома 59-97K, проект дома 150,6 м², планировка дома, планы этажей, готовый проект дома, оригинальная планировка, кирпич, catalog-plans.ru"
"Проект дома №58-29BL площадью 132,52 м² с планировками",https://raw.githubusercontent.com/nemchenik/test/6ba2fe170429aaf58e1b7a4bc220779b82af6c60/pinterest/generated_batch_61_floor_plans_sunset_static/58-29BL.jpg,Планы домов и коттеджей,,"Проект дома №58-29BL: площадь 132,52 м², 2 этажа, габариты 10×12 м, материал стен — газобетон. На карточке показаны оригинальные планировки этажей. Сохраните планы дома и откройте проект, чтобы узнать подробности и актуальную стоимость.",https://catalog-plans.ru/catalog/58-29BL?utm_source=pinterest&utm_medium=organic&utm_campaign=generated_floor_plans_sunset_static_batch_61&utm_content=pin_11546_58-29BL_plans&utm_term=proekty-domov-s-planirovkami,,"проект дома 58-29BL, проект дома 132,52 м², планировка дома, планы этажей, готовый проект дома, оригинальная планировка, газобетон, catalog-plans.ru"
"Проект дома №58-37 площадью 189,57 м² с планировками",https://raw.githubusercontent.com/nemchenik/test/6ba2fe170429aaf58e1b7a4bc220779b82af6c60/pinterest/generated_batch_62_floor_plans_forest_static/58-37.jpg,Удобные планировки домов,,"Проект дома №58-37: площадь 189,57 м², 2 этажа, габариты 11.86×12.86 м, материал стен — газобетон. На карточке показаны оригинальные планировки этажей. Сохраните планы дома и откройте проект, чтобы узнать подробности и актуальную стоимость.",https://catalog-plans.ru/catalog/58-37?utm_source=pinterest&utm_medium=organic&utm_campaign=generated_floor_plans_forest_static_batch_62&utm_content=pin_11746_58-37_plans&utm_term=proekty-domov-s-planirovkami,,"проект дома 58-37, проект дома 189,57 м², планировка дома, планы этажей, готовый проект дома, оригинальная планировка, газобетон, catalog-plans.ru"
"Проект дома №45-01TK2L площадью 233,03 м² с планировками",https://raw.githubusercontent.com/nemchenik/test/6ba2fe170429aaf58e1b7a4bc220779b82af6c60/pinterest/generated_batch_63_floor_plans_minimal_static/45-01TK2L.jpg,Современные проекты домов,,"Проект дома №45-01TK2L: площадь 233,03 м², 2 этажа, габариты 12.62×12.78 м, материал стен — кирпич. На карточке показаны оригинальные планировки этажей. Сохраните планы дома и откройте проект, чтобы узнать подробности и актуальную стоимость.",https://catalog-plans.ru/catalog/45-01TK2L?utm_source=pinterest&utm_medium=organic&utm_campaign=generated_floor_plans_minimal_static_batch_63&utm_content=pin_11946_45-01TK2L_plans&utm_term=proekty-domov-s-planirovkami,,"проект дома 45-01TK2L, проект дома 233,03 м², планировка дома, планы этажей, готовый проект дома, оригинальная планировка, кирпич, catalog-plans.ru"
"Проект дома №65-00L площадью 203,51 м² с планировками",https://raw.githubusercontent.com/nemchenik/test/6ba2fe170429aaf58e1b7a4bc220779b82af6c60/pinterest/generated_batch_61_floor_plans_sunset_static/65-00L.jpg,Планы домов и коттеджей,,"Проект дома №65-00L: площадь 203,51 м², 2 этажа, габариты 12.38×12.38 м, материал стен — газобетон. На карточке показаны оригинальные планировки этажей. Сохраните планы дома и откройте проект, чтобы узнать подробности и актуальную стоимость.",https://catalog-plans.ru/catalog/65-00L?utm_source=pinterest&utm_medium=organic&utm_campaign=generated_floor_plans_sunset_static_batch_61&utm_content=pin_11547_65-00L_plans&utm_term=proekty-domov-s-planirovkami,,"проект дома 65-00L, проект дома 203,51 м², планировка дома, планы этажей, готовый проект дома, оригинальная планировка, газобетон, catalog-plans.ru"
"Проект дома №54-18 площадью 191,4 м² с планировками",https://raw.githubusercontent.com/nemchenik/test/6ba2fe170429aaf58e1b7a4bc220779b82af6c60/pinterest/generated_batch_62_floor_plans_forest_static/54-18.jpg,Удобные планировки домов,,"Проект дома №54-18: площадь 191,4 м², 2 этажа, габариты 13.2×14.8 м, материал стен — газобетон. На карточке показаны оригинальные планировки этажей. Сохраните планы дома и откройте проект, чтобы узнать подробности и актуальную стоимость.",https://catalog-plans.ru/catalog/54-18?utm_source=pinterest&utm_medium=organic&utm_campaign=generated_floor_plans_forest_static_batch_62&utm_content=pin_11747_54-18_plans&utm_term=proekty-domov-s-planirovkami,,"проект дома 54-18, проект дома 191,4 м², планировка дома, планы этажей, готовый проект дома, оригинальная планировка, газобетон, catalog-plans.ru"
"Проект дома №72-06 площадью 121,5 м² с планировками",https://raw.githubusercontent.com/nemchenik/test/6ba2fe170429aaf58e1b7a4bc220779b82af6c60/pinterest/generated_batch_63_floor_plans_minimal_static/72-06.jpg,Современные проекты домов,,"Проект дома №72-06: площадь 121,5 м², 1 этаж, габариты 10.5×14.2 м, материал стен — газобетон. На карточке показаны оригинальные планировки этажей. Сохраните планы дома и откройте проект, чтобы узнать подробности и актуальную стоимость.",https://catalog-plans.ru/catalog/72-06?utm_source=pinterest&utm_medium=organic&utm_campaign=generated_floor_plans_minimal_static_batch_63&utm_content=pin_11947_72-06_plans&utm_term=proekty-domov-s-planirovkami,,"проект дома 72-06, проект дома 121,5 м², планировка дома, планы этажей, готовый проект дома, оригинальная планировка, газобетон, catalog-plans.ru"
"Проект дома №62-38MB площадью 277,69 м² с планировками",https://raw.githubusercontent.com/nemchenik/test/6ba2fe170429aaf58e1b7a4bc220779b82af6c60/pinterest/generated_batch_61_floor_plans_sunset_static/62-38MB.jpg,Планы домов и коттеджей,,"Проект дома №62-38MB: площадь 277,69 м², 2 этажа, габариты 17.7×18.6 м, материал стен — газобетон. На карточке показаны оригинальные планировки этажей. Сохраните планы дома и откройте проект, чтобы узнать подробности и актуальную стоимость.",https://catalog-plans.ru/catalog/62-38MB?utm_source=pinterest&utm_medium=organic&utm_campaign=generated_floor_plans_sunset_static_batch_61&utm_content=pin_11548_62-38MB_plans&utm_term=proekty-domov-s-planirovkami,,"проект дома 62-38MB, проект дома 277,69 м², планировка дома, планы этажей, готовый проект дома, оригинальная планировка, газобетон, catalog-plans.ru"
"Проект дома №90-20A площадью 56,03 м² с планировками",https://raw.githubusercontent.com/nemchenik/test/6ba2fe170429aaf58e1b7a4bc220779b82af6c60/pinterest/generated_batch_62_floor_plans_forest_static/90-20A.jpg,Удобные планировки домов,,"Проект дома №90-20A: площадь 56,03 м², 2 этажа, габариты 6.75×7.75 м, материал стен — дерево. На карточке показаны оригинальные планировки этажей. Сохраните планы дома и откройте проект, чтобы узнать подробности и актуальную стоимость.",https://catalog-plans.ru/catalog/90-20A?utm_source=pinterest&utm_medium=organic&utm_campaign=generated_floor_plans_forest_static_batch_62&utm_content=pin_11748_90-20A_plans&utm_term=proekty-domov-s-planirovkami,,"проект дома 90-20A, проект дома 56,03 м², планировка дома, планы этажей, готовый проект дома, оригинальная планировка, дерево, catalog-plans.ru"
"Проект дома №62-78ED площадью 180,64 м² с планировками",https://raw.githubusercontent.com/nemchenik/test/6ba2fe170429aaf58e1b7a4bc220779b82af6c60/pinterest/generated_batch_63_floor_plans_minimal_static/62-78ED.jpg,Современные проекты домов,,"Проект дома №62-78ED: площадь 180,64 м², 1 этаж, габариты 18.24×21.605 м, материал стен — газобетон. На карточке показаны оригинальные планировки этажей. Сохраните планы дома и откройте проект, чтобы узнать подробности и актуальную стоимость.",https://catalog-plans.ru/catalog/62-78ED?utm_source=pinterest&utm_medium=organic&utm_campaign=generated_floor_plans_minimal_static_batch_63&utm_content=pin_11948_62-78ED_plans&utm_term=proekty-domov-s-planirovkami,,"проект дома 62-78ED, проект дома 180,64 м², планировка дома, планы этажей, готовый проект дома, оригинальная планировка, газобетон, catalog-plans.ru"
"Проект дома №57-42L площадью 190,46 м² с планировками",https://raw.githubusercontent.com/nemchenik/test/6ba2fe170429aaf58e1b7a4bc220779b82af6c60/pinterest/generated_batch_61_floor_plans_sunset_static/57-42L.jpg,Планы домов и коттеджей,,"Проект дома №57-42L: площадь 190,46 м², 2 этажа, габариты 10.96×13.56 м, материал стен — газобетон. На карточке показаны оригинальные планировки этажей. Сохраните планы дома и откройте проект, чтобы узнать подробности и актуальную стоимость.",https://catalog-plans.ru/catalog/57-42L?utm_source=pinterest&utm_medium=organic&utm_campaign=generated_floor_plans_sunset_static_batch_61&utm_content=pin_11549_57-42L_plans&utm_term=proekty-domov-s-planirovkami,,"проект дома 57-42L, проект дома 190,46 м², планировка дома, планы этажей, готовый проект дома, оригинальная планировка, газобетон, catalog-plans.ru"
"Проект дома №63-91BKL площадью 214,2 м² с планировками",https://raw.githubusercontent.com/nemchenik/test/6ba2fe170429aaf58e1b7a4bc220779b82af6c60/pinterest/generated_batch_62_floor_plans_forest_static/63-91BKL.jpg,Удобные планировки домов,,"Проект дома №63-91BKL: площадь 214,2 м², 2 этажа, габариты 11.28×13.58 м, материал стен — кирпич. На карточке показаны оригинальные планировки этажей. Сохраните планы дома и откройте проект, чтобы узнать подробности и актуальную стоимость.",https://catalog-plans.ru/catalog/63-91BKL?utm_source=pinterest&utm_medium=organic&utm_campaign=generated_floor_plans_forest_static_batch_62&utm_content=pin_11749_63-91BKL_plans&utm_term=proekty-domov-s-planirovkami,,"проект дома 63-91BKL, проект дома 214,2 м², планировка дома, планы этажей, готовый проект дома, оригинальная планировка, кирпич, catalog-plans.ru"
"Проект дома №72-37 площадью 219,08 м² с планировками",https://raw.githubusercontent.com/nemchenik/test/6ba2fe170429aaf58e1b7a4bc220779b82af6c60/pinterest/generated_batch_63_floor_plans_minimal_static/72-37.jpg,Современные проекты домов,,"Проект дома №72-37: площадь 219,08 м², 2 этажа, габариты 14.53×16.69 м, материал стен — газобетон. На карточке показаны оригинальные планировки этажей. Сохраните планы дома и откройте проект, чтобы узнать подробности и актуальную стоимость.",https://catalog-plans.ru/catalog/72-37?utm_source=pinterest&utm_medium=organic&utm_campaign=generated_floor_plans_minimal_static_batch_63&utm_content=pin_11949_72-37_plans&utm_term=proekty-domov-s-planirovkami,,"проект дома 72-37, проект дома 219,08 м², планировка дома, планы этажей, готовый проект дома, оригинальная планировка, газобетон, catalog-plans.ru"
"Проект дома №62-71BY площадью 180,94 м² с планировками",https://raw.githubusercontent.com/nemchenik/test/6ba2fe170429aaf58e1b7a4bc220779b82af6c60/pinterest/generated_batch_61_floor_plans_sunset_static/62-71BY.jpg,Планы домов и коттеджей,,"Проект дома №62-71BY: площадь 180,94 м², 2 этажа, габариты 11.06×11.06 м, материал стен — газобетон. На карточке показаны оригинальные планировки этажей. Сохраните планы дома и откройте проект, чтобы узнать подробности и актуальную стоимость.",https://catalog-plans.ru/catalog/62-71BY?utm_source=pinterest&utm_medium=organic&utm_campaign=generated_floor_plans_sunset_static_batch_61&utm_content=pin_11550_62-71BY_plans&utm_term=proekty-domov-s-planirovkami,,"проект дома 62-71BY, проект дома 180,94 м², планировка дома, планы этажей, готовый проект дома, оригинальная планировка, газобетон, catalog-plans.ru"
"Проект дома №64-16AFB площадью 244,31 м² с планировками",https://raw.githubusercontent.com/nemchenik/test/6ba2fe170429aaf58e1b7a4bc220779b82af6c60/pinterest/generated_batch_62_floor_plans_forest_static/64-16AFB.jpg,Удобные планировки домов,,"Проект дома №64-16AFB: площадь 244,31 м², 1 этаж, габариты 19.35×26 м, материал стен — газобетон. На карточке показаны оригинальные планировки этажей. Сохраните планы дома и откройте проект, чтобы узнать подробности и актуальную стоимость.",https://catalog-plans.ru/catalog/64-16AFB?utm_source=pinterest&utm_medium=organic&utm_campaign=generated_floor_plans_forest_static_batch_62&utm_content=pin_11750_64-16AFB_plans&utm_term=proekty-domov-s-planirovkami,,"проект дома 64-16AFB, проект дома 244,31 м², планировка дома, планы этажей, готовый проект дома, оригинальная планировка, газобетон, catalog-plans.ru"
"Проект дома №59-49 площадью 171,9 м² с планировками",https://raw.githubusercontent.com/nemchenik/test/6ba2fe170429aaf58e1b7a4bc220779b82af6c60/pinterest/generated_batch_63_floor_plans_minimal_static/59-49.jpg,Современные проекты домов,,"Проект дома №59-49: площадь 171,9 м², 2 этажа, габариты 12.9×13.6 м, материал стен — газобетон. На карточке показаны оригинальные планировки этажей. Сохраните планы дома и откройте проект, чтобы узнать подробности и актуальную стоимость.",https://catalog-plans.ru/catalog/59-49?utm_source=pinterest&utm_medium=organic&utm_campaign=generated_floor_plans_minimal_static_batch_63&utm_content=pin_11950_59-49_plans&utm_term=proekty-domov-s-planirovkami,,"проект дома 59-49, проект дома 171,9 м², планировка дома, планы этажей, готовый проект дома, оригинальная планировка, газобетон, catalog-plans.ru"
"Проект дома №46-23BMK2 площадью 335,99 м² с планировками",https://raw.githubusercontent.com/nemchenik/test/6ba2fe170429aaf58e1b7a4bc220779b82af6c60/pinterest/generated_batch_61_floor_plans_sunset_static/46-23BMK2.jpg,Планы домов и коттеджей,,"Проект дома №46-23BMK2: площадь 335,99 м², 2 этажа, габариты 16.82×21.82 м, материал стен — монолитный каркас. На карточке показаны оригинальные планировки этажей. Сохраните планы дома и откройте проект, чтобы узнать подробности и актуальную стоимость.",https://catalog-plans.ru/catalog/46-23BMK2?utm_source=pinterest&utm_medium=organic&utm_campaign=generated_floor_plans_sunset_static_batch_61&utm_content=pin_11551_46-23BMK2_plans&utm_term=proekty-domov-s-planirovkami,,"проект дома 46-23BMK2, проект дома 335,99 м², планировка дома, планы этажей, готовый проект дома, оригинальная планировка, монолитный каркас, catalog-plans.ru"
"Проект дома №57-05XA площадью 173,26 м² с планировками",https://raw.githubusercontent.com/nemchenik/test/6ba2fe170429aaf58e1b7a4bc220779b82af6c60/pinterest/generated_batch_62_floor_plans_forest_static/57-05XA.jpg,Удобные планировки домов,,"Проект дома №57-05XA: площадь 173,26 м², 2 этажа, габариты 10.94×10.94 м, материал стен — газобетон. На карточке показаны оригинальные планировки этажей. Сохраните планы дома и откройте проект, чтобы узнать подробности и актуальную стоимость.",https://catalog-plans.ru/catalog/57-05XA?utm_source=pinterest&utm_medium=organic&utm_campaign=generated_floor_plans_forest_static_batch_62&utm_content=pin_11751_57-05XA_plans&utm_term=proekty-domov-s-planirovkami,,"проект дома 57-05XA, проект дома 173,26 м², планировка дома, планы этажей, готовый проект дома, оригинальная планировка, газобетон, catalog-plans.ru"
"Проект дома №57-05C площадью 154,06 м² с планировками",https://raw.githubusercontent.com/nemchenik/test/6ba2fe170429aaf58e1b7a4bc220779b82af6c60/pinterest/generated_batch_63_floor_plans_minimal_static/57-05C.jpg,Современные проекты домов,,"Проект дома №57-05C: площадь 154,06 м², 2 этажа, габариты 10.5×10.5 м, материал стен — газобетон. На карточке показаны оригинальные планировки этажей. Сохраните планы дома и откройте проект, чтобы узнать подробности и актуальную стоимость.",https://catalog-plans.ru/catalog/57-05C?utm_source=pinterest&utm_medium=organic&utm_campaign=generated_floor_plans_minimal_static_batch_63&utm_content=pin_11951_57-05C_plans&utm_term=proekty-domov-s-planirovkami,,"проект дома 57-05C, проект дома 154,06 м², планировка дома, планы этажей, готовый проект дома, оригинальная планировка, газобетон, catalog-plans.ru"
"Проект дома №49-70 площадью 183,2 м² с планировками",https://raw.githubusercontent.com/nemchenik/test/6ba2fe170429aaf58e1b7a4bc220779b82af6c60/pinterest/generated_batch_61_floor_plans_sunset_static/49-70.jpg,Планы домов и коттеджей,,"Проект дома №49-70: площадь 183,2 м², 2 этажа, габариты 11.2×13.5 м, материал стен — кирпич. На карточке показаны оригинальные планировки этажей. Сохраните планы дома и откройте проект, чтобы узнать подробности и актуальную стоимость.",https://catalog-plans.ru/catalog/49-70?utm_source=pinterest&utm_medium=organic&utm_campaign=generated_floor_plans_sunset_static_batch_61&utm_content=pin_11552_49-70_plans&utm_term=proekty-domov-s-planirovkami,,"проект дома 49-70, проект дома 183,2 м², планировка дома, планы этажей, готовый проект дома, оригинальная планировка, кирпич, catalog-plans.ru"
"Проект дома №57-63FBDL площадью 169,36 м² с планировками",https://raw.githubusercontent.com/nemchenik/test/6ba2fe170429aaf58e1b7a4bc220779b82af6c60/pinterest/generated_batch_62_floor_plans_forest_static/57-63FBDL.jpg,Удобные планировки домов,,"Проект дома №57-63FBDL: площадь 169,36 м², 2 этажа, габариты 11.9×13 м, материал стен — газобетон. На карточке показаны оригинальные планировки этажей. Сохраните планы дома и откройте проект, чтобы узнать подробности и актуальную стоимость.",https://catalog-plans.ru/catalog/57-63FBDL?utm_source=pinterest&utm_medium=organic&utm_campaign=generated_floor_plans_forest_static_batch_62&utm_content=pin_11752_57-63FBDL_plans&utm_term=proekty-domov-s-planirovkami,,"проект дома 57-63FBDL, проект дома 169,36 м², планировка дома, планы этажей, готовый проект дома, оригинальная планировка, газобетон, catalog-plans.ru"
"Проект дома №53-81 площадью 128,9 м² с планировками",https://raw.githubusercontent.com/nemchenik/test/6ba2fe170429aaf58e1b7a4bc220779b82af6c60/pinterest/generated_batch_63_floor_plans_minimal_static/53-81.jpg,Современные проекты домов,,"Проект дома №53-81: площадь 128,9 м², 2 этажа, габариты 8.1×13.5 м, материал стен — газобетон. На карточке показаны оригинальные планировки этажей. Сохраните планы дома и откройте проект, чтобы узнать подробности и актуальную стоимость.",https://catalog-plans.ru/catalog/53-81?utm_source=pinterest&utm_medium=organic&utm_campaign=generated_floor_plans_minimal_static_batch_63&utm_content=pin_11952_53-81_plans&utm_term=proekty-domov-s-planirovkami,,"проект дома 53-81, проект дома 128,9 м², планировка дома, планы этажей, готовый проект дома, оригинальная планировка, газобетон, catalog-plans.ru"
"Проект дома №62-67D площадью 80,89 м² с планировками",https://raw.githubusercontent.com/nemchenik/test/6ba2fe170429aaf58e1b7a4bc220779b82af6c60/pinterest/generated_batch_61_floor_plans_sunset_static/62-67D.jpg,Планы домов и коттеджей,,"Проект дома №62-67D: площадь 80,89 м², 2 этажа, габариты 7.8×7.8 м, материал стен — газобетон. На карточке показаны оригинальные планировки этажей. Сохраните планы дома и откройте проект, чтобы узнать подробности и актуальную стоимость.",https://catalog-plans.ru/catalog/62-67D?utm_source=pinterest&utm_medium=organic&utm_campaign=generated_floor_plans_sunset_static_batch_61&utm_content=pin_11553_62-67D_plans&utm_term=proekty-domov-s-planirovkami,,"проект дома 62-67D, проект дома 80,89 м², планировка дома, планы этажей, готовый проект дома, оригинальная планировка, газобетон, catalog-plans.ru"
"Проект дома №62-38PAB площадью 194,94 м² с планировками",https://raw.githubusercontent.com/nemchenik/test/6ba2fe170429aaf58e1b7a4bc220779b82af6c60/pinterest/generated_batch_62_floor_plans_forest_static/62-38PAB.jpg,Удобные планировки домов,,"Проект дома №62-38PAB: площадь 194,94 м², 2 этажа, габариты 12.3×16.7 м, материал стен — газобетон. На карточке показаны оригинальные планировки этажей. Сохраните планы дома и откройте проект, чтобы узнать подробности и актуальную стоимость.",https://catalog-plans.ru/catalog/62-38PAB?utm_source=pinterest&utm_medium=organic&utm_campaign=generated_floor_plans_forest_static_batch_62&utm_content=pin_11753_62-38PAB_plans&utm_term=proekty-domov-s-planirovkami,,"проект дома 62-38PAB, проект дома 194,94 м², планировка дома, планы этажей, готовый проект дома, оригинальная планировка, газобетон, catalog-plans.ru"
"Проект дома №59-98GL площадью 173,01 м² с планировками",https://raw.githubusercontent.com/nemchenik/test/6ba2fe170429aaf58e1b7a4bc220779b82af6c60/pinterest/generated_batch_63_floor_plans_minimal_static/59-98GL.jpg,Современные проекты домов,,"Проект дома №59-98GL: площадь 173,01 м², 2 этажа, габариты 10.34×12.4 м, материал стен — газобетон. На карточке показаны оригинальные планировки этажей. Сохраните планы дома и откройте проект, чтобы узнать подробности и актуальную стоимость.",https://catalog-plans.ru/catalog/59-98GL?utm_source=pinterest&utm_medium=organic&utm_campaign=generated_floor_plans_minimal_static_batch_63&utm_content=pin_11953_59-98GL_plans&utm_term=proekty-domov-s-planirovkami,,"проект дома 59-98GL, проект дома 173,01 м², планировка дома, планы этажей, готовый проект дома, оригинальная планировка, газобетон, catalog-plans.ru"
"Проект дома №40-13AG площадью 197,29 м² с планировками",https://raw.githubusercontent.com/nemchenik/test/6ba2fe170429aaf58e1b7a4bc220779b82af6c60/pinterest/generated_batch_61_floor_plans_sunset_static/40-13AG.jpg,Планы домов и коттеджей,,"Проект дома №40-13AG: площадь 197,29 м², 2 этажа, габариты 11.1×14.62 м, материал стен — газобетон. На карточке показаны оригинальные планировки этажей. Сохраните планы дома и откройте проект, чтобы узнать подробности и актуальную стоимость.",https://catalog-plans.ru/catalog/40-13AG?utm_source=pinterest&utm_medium=organic&utm_campaign=generated_floor_plans_sunset_static_batch_61&utm_content=pin_11554_40-13AG_plans&utm_term=proekty-domov-s-planirovkami,,"проект дома 40-13AG, проект дома 197,29 м², планировка дома, планы этажей, готовый проект дома, оригинальная планировка, газобетон, catalog-plans.ru"
"Проект дома №59-95KL площадью 206,17 м² с планировками",https://raw.githubusercontent.com/nemchenik/test/6ba2fe170429aaf58e1b7a4bc220779b82af6c60/pinterest/generated_batch_62_floor_plans_forest_static/59-95KL.jpg,Удобные планировки домов,,"Проект дома №59-95KL: площадь 206,17 м², 2 этажа, габариты 12.74×14.24 м, материал стен — кирпич. На карточке показаны оригинальные планировки этажей. Сохраните планы дома и откройте проект, чтобы узнать подробности и актуальную стоимость.",https://catalog-plans.ru/catalog/59-95KL?utm_source=pinterest&utm_medium=organic&utm_campaign=generated_floor_plans_forest_static_batch_62&utm_content=pin_11754_59-95KL_plans&utm_term=proekty-domov-s-planirovkami,,"проект дома 59-95KL, проект дома 206,17 м², планировка дома, планы этажей, готовый проект дома, оригинальная планировка, кирпич, catalog-plans.ru"
"Проект дома №40-84NAGL площадью 393,13 м² с планировками",https://raw.githubusercontent.com/nemchenik/test/6ba2fe170429aaf58e1b7a4bc220779b82af6c60/pinterest/generated_batch_63_floor_plans_minimal_static/40-84NAGL.jpg,Современные проекты домов,,"Проект дома №40-84NAGL: площадь 393,13 м², 2 этажа, габариты 11.09×20.9 м, материал стен — монолитный каркас. На карточке показаны оригинальные планировки этажей. Сохраните планы дома и откройте проект, чтобы узнать подробности и актуальную стоимость.",https://catalog-plans.ru/catalog/40-84NAGL?utm_source=pinterest&utm_medium=organic&utm_campaign=generated_floor_plans_minimal_static_batch_63&utm_content=pin_11954_40-84NAGL_plans&utm_term=proekty-domov-s-planirovkami,,"проект дома 40-84NAGL, проект дома 393,13 м², планировка дома, планы этажей, готовый проект дома, оригинальная планировка, монолитный каркас, catalog-plans.ru"
"Проект дома №80-14 площадью 219,36 м² с планировками",https://raw.githubusercontent.com/nemchenik/test/6ba2fe170429aaf58e1b7a4bc220779b82af6c60/pinterest/generated_batch_61_floor_plans_sunset_static/80-14.jpg,Планы домов и коттеджей,,"Проект дома №80-14: площадь 219,36 м², 2 этажа, габариты 13.7×15.34 м, материал стен — кирпич. На карточке показаны оригинальные планировки этажей. Сохраните планы дома и откройте проект, чтобы узнать подробности и актуальную стоимость.",https://catalog-plans.ru/catalog/80-14?utm_source=pinterest&utm_medium=organic&utm_campaign=generated_floor_plans_sunset_static_batch_61&utm_content=pin_11555_80-14_plans&utm_term=proekty-domov-s-planirovkami,,"проект дома 80-14, проект дома 219,36 м², планировка дома, планы этажей, готовый проект дома, оригинальная планировка, кирпич, catalog-plans.ru"
"Проект дома №40-12HG площадью 188,92 м² с планировками",https://raw.githubusercontent.com/nemchenik/test/6ba2fe170429aaf58e1b7a4bc220779b82af6c60/pinterest/generated_batch_62_floor_plans_forest_static/40-12HG.jpg,Удобные планировки домов,,"Проект дома №40-12HG: площадь 188,92 м², 2 этажа, габариты 12.3×13.98 м, материал стен — газобетон. На карточке показаны оригинальные планировки этажей. Сохраните планы дома и откройте проект, чтобы узнать подробности и актуальную стоимость.",https://catalog-plans.ru/catalog/40-12HG?utm_source=pinterest&utm_medium=organic&utm_campaign=generated_floor_plans_forest_static_batch_62&utm_content=pin_11755_40-12HG_plans&utm_term=proekty-domov-s-planirovkami,,"проект дома 40-12HG, проект дома 188,92 м², планировка дома, планы этажей, готовый проект дома, оригинальная планировка, газобетон, catalog-plans.ru"
"Проект дома №33-64 площадью 812,5 м² с планировками",https://raw.githubusercontent.com/nemchenik/test/6ba2fe170429aaf58e1b7a4bc220779b82af6c60/pinterest/generated_batch_63_floor_plans_minimal_static/33-64.jpg,Современные проекты домов,,"Проект дома №33-64: площадь 812,5 м², 3 этажа, габариты 16.9×36.1 м, материал стен — кирпич. На карточке показаны оригинальные планировки этажей. Сохраните планы дома и откройте проект, чтобы узнать подробности и актуальную стоимость.",https://catalog-plans.ru/catalog/33-64?utm_source=pinterest&utm_medium=organic&utm_campaign=generated_floor_plans_minimal_static_batch_63&utm_content=pin_11955_33-64_plans&utm_term=proekty-domov-s-planirovkami,,"проект дома 33-64, проект дома 812,5 м², планировка дома, планы этажей, готовый проект дома, оригинальная планировка, кирпич, catalog-plans.ru"
"Проект дома №36-69 площадью 191,77 м² с планировками",https://raw.githubusercontent.com/nemchenik/test/6ba2fe170429aaf58e1b7a4bc220779b82af6c60/pinterest/generated_batch_61_floor_plans_sunset_static/36-69.jpg,Планы домов и коттеджей,,"Проект дома №36-69: площадь 191,77 м², 2 этажа, габариты 8.7×13.5 м, материал стен — газобетон. На карточке показаны оригинальные планировки этажей. Сохраните планы дома и откройте проект, чтобы узнать подробности и актуальную стоимость.",https://catalog-plans.ru/catalog/36-69?utm_source=pinterest&utm_medium=organic&utm_campaign=generated_floor_plans_sunset_static_batch_61&utm_content=pin_11556_36-69_plans&utm_term=proekty-domov-s-planirovkami,,"проект дома 36-69, проект дома 191,77 м², планировка дома, планы этажей, готовый проект дома, оригинальная планировка, газобетон, catalog-plans.ru"
"Проект дома №57-03KL1 площадью 188,75 м² с планировками",https://raw.githubusercontent.com/nemchenik/test/6ba2fe170429aaf58e1b7a4bc220779b82af6c60/pinterest/generated_batch_62_floor_plans_forest_static/57-03KL1.jpg,Удобные планировки домов,,"Проект дома №57-03KL1: площадь 188,75 м², 2 этажа, габариты 10.67×13.82 м, материал стен — кирпич. На карточке показаны оригинальные планировки этажей. Сохраните планы дома и откройте проект, чтобы узнать подробности и актуальную стоимость.",https://catalog-plans.ru/catalog/57-03KL1?utm_source=pinterest&utm_medium=organic&utm_campaign=generated_floor_plans_forest_static_batch_62&utm_content=pin_11756_57-03KL1_plans&utm_term=proekty-domov-s-planirovkami,,"проект дома 57-03KL1, проект дома 188,75 м², планировка дома, планы этажей, готовый проект дома, оригинальная планировка, кирпич, catalog-plans.ru"
"Проект дома №40-15 площадью 356,64 м² с планировками",https://raw.githubusercontent.com/nemchenik/test/6ba2fe170429aaf58e1b7a4bc220779b82af6c60/pinterest/generated_batch_63_floor_plans_minimal_static/40-15.jpg,Современные проекты домов,,"Проект дома №40-15: площадь 356,64 м², 2 этажа, габариты 17.85×18.75 м, материал стен — кирпич. На карточке показаны оригинальные планировки этажей. Сохраните планы дома и откройте проект, чтобы узнать подробности и актуальную стоимость.",https://catalog-plans.ru/catalog/40-15?utm_source=pinterest&utm_medium=organic&utm_campaign=generated_floor_plans_minimal_static_batch_63&utm_content=pin_11956_40-15_plans&utm_term=proekty-domov-s-planirovkami,,"проект дома 40-15, проект дома 356,64 м², планировка дома, планы этажей, готовый проект дома, оригинальная планировка, кирпич, catalog-plans.ru"
"Проект дома №52-94 площадью 156,8 м² с планировками",https://raw.githubusercontent.com/nemchenik/test/6ba2fe170429aaf58e1b7a4bc220779b82af6c60/pinterest/generated_batch_61_floor_plans_sunset_static/52-94.jpg,Планы домов и коттеджей,,"Проект дома №52-94: площадь 156,8 м², 1 этаж, габариты 14.8×19.22 м, материал стен — ячеистые бетонные блоки. На карточке показаны оригинальные планировки этажей. Сохраните планы дома и откройте проект, чтобы узнать подробности и актуальную стоимость.",https://catalog-plans.ru/catalog/52-94?utm_source=pinterest&utm_medium=organic&utm_campaign=generated_floor_plans_sunset_static_batch_61&utm_content=pin_11557_52-94_plans&utm_term=proekty-domov-s-planirovkami,,"проект дома 52-94, проект дома 156,8 м², планировка дома, планы этажей, готовый проект дома, оригинальная планировка, ячеистые бетонные блоки, catalog-plans.ru"
"Проект дома №48-26 площадью 274,44 м² с планировками",https://raw.githubusercontent.com/nemchenik/test/6ba2fe170429aaf58e1b7a4bc220779b82af6c60/pinterest/generated_batch_62_floor_plans_forest_static/48-26.jpg,Удобные планировки домов,,"Проект дома №48-26: площадь 274,44 м², 2 этажа, габариты 13.76×21.8 м, материал стен — кирпич. На карточке показаны оригинальные планировки этажей. Сохраните планы дома и откройте проект, чтобы узнать подробности и актуальную стоимость.",https://catalog-plans.ru/catalog/48-26?utm_source=pinterest&utm_medium=organic&utm_campaign=generated_floor_plans_forest_static_batch_62&utm_content=pin_11757_48-26_plans&utm_term=proekty-domov-s-planirovkami,,"проект дома 48-26, проект дома 274,44 м², планировка дома, планы этажей, готовый проект дома, оригинальная планировка, кирпич, catalog-plans.ru"
"Проект дома №58-16BL площадью 150,94 м² с планировками",https://raw.githubusercontent.com/nemchenik/test/6ba2fe170429aaf58e1b7a4bc220779b82af6c60/pinterest/generated_batch_63_floor_plans_minimal_static/58-16BL.jpg,Современные проекты домов,,"Проект дома №58-16BL: площадь 150,94 м², 2 этажа, габариты 10.3×10.8 м, материал стен — газобетон. На карточке показаны оригинальные планировки этажей. Сохраните планы дома и откройте проект, чтобы узнать подробности и актуальную стоимость.",https://catalog-plans.ru/catalog/58-16BL?utm_source=pinterest&utm_medium=organic&utm_campaign=generated_floor_plans_minimal_static_batch_63&utm_content=pin_11957_58-16BL_plans&utm_term=proekty-domov-s-planirovkami,,"проект дома 58-16BL, проект дома 150,94 м², планировка дома, планы этажей, готовый проект дома, оригинальная планировка, газобетон, catalog-plans.ru"
"Проект дома №40-46L площадью 241,72 м² с планировками",https://raw.githubusercontent.com/nemchenik/test/6ba2fe170429aaf58e1b7a4bc220779b82af6c60/pinterest/generated_batch_61_floor_plans_sunset_static/40-46L.jpg,Планы домов и коттеджей,,"Проект дома №40-46L: площадь 241,72 м², 2 этажа, габариты 12.28×13.28 м, материал стен — кирпич. На карточке показаны оригинальные планировки этажей. Сохраните планы дома и откройте проект, чтобы узнать подробности и актуальную стоимость.",https://catalog-plans.ru/catalog/40-46L?utm_source=pinterest&utm_medium=organic&utm_campaign=generated_floor_plans_sunset_static_batch_61&utm_content=pin_11558_40-46L_plans&utm_term=proekty-domov-s-planirovkami,,"проект дома 40-46L, проект дома 241,72 м², планировка дома, планы этажей, готовый проект дома, оригинальная планировка, кирпич, catalog-plans.ru"
"Проект дома №62-71BQ площадью 228,47 м² с планировками",https://raw.githubusercontent.com/nemchenik/test/6ba2fe170429aaf58e1b7a4bc220779b82af6c60/pinterest/generated_batch_62_floor_plans_forest_static/62-71BQ.jpg,Удобные планировки домов,,"Проект дома №62-71BQ: площадь 228,47 м², 2 этажа, габариты 11.9×13 м, материал стен — газобетон. На карточке показаны оригинальные планировки этажей. Сохраните планы дома и откройте проект, чтобы узнать подробности и актуальную стоимость.",https://catalog-plans.ru/catalog/62-71BQ?utm_source=pinterest&utm_medium=organic&utm_campaign=generated_floor_plans_forest_static_batch_62&utm_content=pin_11758_62-71BQ_plans&utm_term=proekty-domov-s-planirovkami,,"проект дома 62-71BQ, проект дома 228,47 м², планировка дома, планы этажей, готовый проект дома, оригинальная планировка, газобетон, catalog-plans.ru"
"Проект дома №45-64ZBK1L площадью 346,76 м² с планировками",https://raw.githubusercontent.com/nemchenik/test/6ba2fe170429aaf58e1b7a4bc220779b82af6c60/pinterest/generated_batch_63_floor_plans_minimal_static/45-64ZBK1L.jpg,Современные проекты домов,,"Проект дома №45-64ZBK1L: площадь 346,76 м², 2 этажа, габариты 14.15×19.8 м, материал стен — кирпич. На карточке показаны оригинальные планировки этажей. Сохраните планы дома и откройте проект, чтобы узнать подробности и актуальную стоимость.",https://catalog-plans.ru/catalog/45-64ZBK1L?utm_source=pinterest&utm_medium=organic&utm_campaign=generated_floor_plans_minimal_static_batch_63&utm_content=pin_11958_45-64ZBK1L_plans&utm_term=proekty-domov-s-planirovkami,,"проект дома 45-64ZBK1L, проект дома 346,76 м², планировка дома, планы этажей, готовый проект дома, оригинальная планировка, кирпич, catalog-plans.ru"
Проект дома №60-78 площадью 148 м² с планировками,https://raw.githubusercontent.com/nemchenik/test/6ba2fe170429aaf58e1b7a4bc220779b82af6c60/pinterest/generated_batch_61_floor_plans_sunset_static/60-78.jpg,Планы домов и коттеджей,,"Проект дома №60-78: площадь 148 м², 3 этажа, габариты 6×12 м, материал стен — монолитный каркас. На карточке показаны оригинальные планировки этажей. Сохраните планы дома и откройте проект, чтобы узнать подробности и актуальную стоимость.",https://catalog-plans.ru/catalog/60-78?utm_source=pinterest&utm_medium=organic&utm_campaign=generated_floor_plans_sunset_static_batch_61&utm_content=pin_11559_60-78_plans&utm_term=proekty-domov-s-planirovkami,,"проект дома 60-78, проект дома 148 м², планировка дома, планы этажей, готовый проект дома, оригинальная планировка, монолитный каркас, catalog-plans.ru"
"Проект дома №62-78DF площадью 267,35 м² с планировками",https://raw.githubusercontent.com/nemchenik/test/6ba2fe170429aaf58e1b7a4bc220779b82af6c60/pinterest/generated_batch_62_floor_plans_forest_static/62-78DF.jpg,Удобные планировки домов,,"Проект дома №62-78DF: площадь 267,35 м², 2 этажа, габариты 18.695×24.24 м, материал стен — газобетон. На карточке показаны оригинальные планировки этажей. Сохраните планы дома и откройте проект, чтобы узнать подробности и актуальную стоимость.",https://catalog-plans.ru/catalog/62-78DF?utm_source=pinterest&utm_medium=organic&utm_campaign=generated_floor_plans_forest_static_batch_62&utm_content=pin_11759_62-78DF_plans&utm_term=proekty-domov-s-planirovkami,,"проект дома 62-78DF, проект дома 267,35 м², планировка дома, планы этажей, готовый проект дома, оригинальная планировка, газобетон, catalog-plans.ru"
"Проект дома №58-01 площадью 197,08 м² с планировками",https://raw.githubusercontent.com/nemchenik/test/6ba2fe170429aaf58e1b7a4bc220779b82af6c60/pinterest/generated_batch_63_floor_plans_minimal_static/58-01.jpg,Современные проекты домов,,"Проект дома №58-01: площадь 197,08 м², 1 этаж, габариты 15.36×19.16 м, материал стен — газобетон. На карточке показаны оригинальные планировки этажей. Сохраните планы дома и откройте проект, чтобы узнать подробности и актуальную стоимость.",https://catalog-plans.ru/catalog/58-01?utm_source=pinterest&utm_medium=organic&utm_campaign=generated_floor_plans_minimal_static_batch_63&utm_content=pin_11959_58-01_plans&utm_term=proekty-domov-s-planirovkami,,"проект дома 58-01, проект дома 197,08 м², планировка дома, планы этажей, готовый проект дома, оригинальная планировка, газобетон, catalog-plans.ru"
"Проект дома №65-53 площадью 195,98 м² с планировками",https://raw.githubusercontent.com/nemchenik/test/6ba2fe170429aaf58e1b7a4bc220779b82af6c60/pinterest/generated_batch_61_floor_plans_sunset_static/65-53.jpg,Планы домов и коттеджей,,"Проект дома №65-53: площадь 195,98 м², 2 этажа, габариты 11.1×15.2 м, материал стен — газобетон. На карточке показаны оригинальные планировки этажей. Сохраните планы дома и откройте проект, чтобы узнать подробности и актуальную стоимость.",https://catalog-plans.ru/catalog/65-53?utm_source=pinterest&utm_medium=organic&utm_campaign=generated_floor_plans_sunset_static_batch_61&utm_content=pin_11560_65-53_plans&utm_term=proekty-domov-s-planirovkami,,"проект дома 65-53, проект дома 195,98 м², планировка дома, планы этажей, готовый проект дома, оригинальная планировка, газобетон, catalog-plans.ru"
"Проект дома №59-32 площадью 165,5 м² с планировками",https://raw.githubusercontent.com/nemchenik/test/6ba2fe170429aaf58e1b7a4bc220779b82af6c60/pinterest/generated_batch_62_floor_plans_forest_static/59-32.jpg,Удобные планировки домов,,"Проект дома №59-32: площадь 165,5 м², 2 этажа, габариты 8.3×12.3 м, материал стен — газобетон. На карточке показаны оригинальные планировки этажей. Сохраните планы дома и откройте проект, чтобы узнать подробности и актуальную стоимость.",https://catalog-plans.ru/catalog/59-32?utm_source=pinterest&utm_medium=organic&utm_campaign=generated_floor_plans_forest_static_batch_62&utm_content=pin_11760_59-32_plans&utm_term=proekty-domov-s-planirovkami,,"проект дома 59-32, проект дома 165,5 м², планировка дома, планы этажей, готовый проект дома, оригинальная планировка, газобетон, catalog-plans.ru"
"Проект дома №47-12AC площадью 384,95 м² с планировками",https://raw.githubusercontent.com/nemchenik/test/6ba2fe170429aaf58e1b7a4bc220779b82af6c60/pinterest/generated_batch_63_floor_plans_minimal_static/47-12AC.jpg,Современные проекты домов,,"Проект дома №47-12AC: площадь 384,95 м², 2 этажа, габариты 16.55×18.6 м, материал стен — кирпич. На карточке показаны оригинальные планировки этажей. Сохраните планы дома и откройте проект, чтобы узнать подробности и актуальную стоимость.",https://catalog-plans.ru/catalog/47-12AC?utm_source=pinterest&utm_medium=organic&utm_campaign=generated_floor_plans_minimal_static_batch_63&utm_content=pin_11960_47-12AC_plans&utm_term=proekty-domov-s-planirovkami,,"проект дома 47-12AC, проект дома 384,95 м², планировка дома, планы этажей, готовый проект дома, оригинальная планировка, кирпич, catalog-plans.ru"
"Проект дома №57-00L площадью 188,11 м² с планировками",https://raw.githubusercontent.com/nemchenik/test/6ba2fe170429aaf58e1b7a4bc220779b82af6c60/pinterest/generated_batch_61_floor_plans_sunset_static/57-00L.jpg,Планы домов и коттеджей,,"Проект дома №57-00L: площадь 188,11 м², 2 этажа, габариты 12.01×12.76 м, материал стен — газобетон. На карточке показаны оригинальные планировки этажей. Сохраните планы дома и откройте проект, чтобы узнать подробности и актуальную стоимость.",https://catalog-plans.ru/catalog/57-00L?utm_source=pinterest&utm_medium=organic&utm_campaign=generated_floor_plans_sunset_static_batch_61&utm_content=pin_11561_57-00L_plans&utm_term=proekty-domov-s-planirovkami,,"проект дома 57-00L, проект дома 188,11 м², планировка дома, планы этажей, готовый проект дома, оригинальная планировка, газобетон, catalog-plans.ru"
"Проект дома №62-42 площадью 260,82 м² с планировками",https://raw.githubusercontent.com/nemchenik/test/6ba2fe170429aaf58e1b7a4bc220779b82af6c60/pinterest/generated_batch_62_floor_plans_forest_static/62-42.jpg,Удобные планировки домов,,"Проект дома №62-42: площадь 260,82 м², 2 этажа, габариты 13×15.2 м, материал стен — монолитный каркас. На карточке показаны оригинальные планировки этажей. Сохраните планы дома и откройте проект, чтобы узнать подробности и актуальную стоимость.",https://catalog-plans.ru/catalog/62-42?utm_source=pinterest&utm_medium=organic&utm_campaign=generated_floor_plans_forest_static_batch_62&utm_content=pin_11761_62-42_plans&utm_term=proekty-domov-s-planirovkami,,"проект дома 62-42, проект дома 260,82 м², планировка дома, планы этажей, готовый проект дома, оригинальная планировка, монолитный каркас, catalog-plans.ru"
"Проект дома №63-80 площадью 180,13 м² с планировками",https://raw.githubusercontent.com/nemchenik/test/6ba2fe170429aaf58e1b7a4bc220779b82af6c60/pinterest/generated_batch_63_floor_plans_minimal_static/63-80.jpg,Современные проекты домов,,"Проект дома №63-80: площадь 180,13 м², 2 этажа, габариты 9.8×10.9 м, материал стен — монолитный каркас. На карточке показаны оригинальные планировки этажей. Сохраните планы дома и откройте проект, чтобы узнать подробности и актуальную стоимость.",https://catalog-plans.ru/catalog/63-80?utm_source=pinterest&utm_medium=organic&utm_campaign=generated_floor_plans_minimal_static_batch_63&utm_content=pin_11961_63-80_plans&utm_term=proekty-domov-s-planirovkami,,"проект дома 63-80, проект дома 180,13 м², планировка дома, планы этажей, готовый проект дома, оригинальная планировка, монолитный каркас, catalog-plans.ru"
"Проект дома №40-04BK1L площадью 135,69 м² с планировками",https://raw.githubusercontent.com/nemchenik/test/6ba2fe170429aaf58e1b7a4bc220779b82af6c60/pinterest/generated_batch_61_floor_plans_sunset_static/40-04BK1L.jpg,Планы домов и коттеджей,,"Проект дома №40-04BK1L: площадь 135,69 м², 2 этажа, габариты 9.82×10.32 м, материал стен — кирпич. На карточке показаны оригинальные планировки этажей. Сохраните планы дома и откройте проект, чтобы узнать подробности и актуальную стоимость.",https://catalog-plans.ru/catalog/40-04BK1L?utm_source=pinterest&utm_medium=organic&utm_campaign=generated_floor_plans_sunset_static_batch_61&utm_content=pin_11562_40-04BK1L_plans&utm_term=proekty-domov-s-planirovkami,,"проект дома 40-04BK1L, проект дома 135,69 м², планировка дома, планы этажей, готовый проект дома, оригинальная планировка, кирпич, catalog-plans.ru"
"Проект дома №38-77 площадью 180,2 м² с планировками",https://raw.githubusercontent.com/nemchenik/test/6ba2fe170429aaf58e1b7a4bc220779b82af6c60/pinterest/generated_batch_62_floor_plans_forest_static/38-77.jpg,Удобные планировки домов,,"Проект дома №38-77: площадь 180,2 м², 2 этажа, габариты 9.4×12 м, материал стен — кирпич. На карточке показаны оригинальные планировки этажей. Сохраните планы дома и откройте проект, чтобы узнать подробности и актуальную стоимость.",https://catalog-plans.ru/catalog/38-77?utm_source=pinterest&utm_medium=organic&utm_campaign=generated_floor_plans_forest_static_batch_62&utm_content=pin_11762_38-77_plans&utm_term=proekty-domov-s-planirovkami,,"проект дома 38-77, проект дома 180,2 м², планировка дома, планы этажей, готовый проект дома, оригинальная планировка, кирпич, catalog-plans.ru"
"Проект дома №72-48 площадью 201,1 м² с планировками",https://raw.githubusercontent.com/nemchenik/test/6ba2fe170429aaf58e1b7a4bc220779b82af6c60/pinterest/generated_batch_63_floor_plans_minimal_static/72-48.jpg,Современные проекты домов,,"Проект дома №72-48: площадь 201,1 м², 1 этаж, габариты 16.3×21.55 м, материал стен — газобетон. На карточке показаны оригинальные планировки этажей. Сохраните планы дома и откройте проект, чтобы узнать подробности и актуальную стоимость.",https://catalog-plans.ru/catalog/72-48?utm_source=pinterest&utm_medium=organic&utm_campaign=generated_floor_plans_minimal_static_batch_63&utm_content=pin_11962_72-48_plans&utm_term=proekty-domov-s-planirovkami,,"проект дома 72-48, проект дома 201,1 м², планировка дома, планы этажей, готовый проект дома, оригинальная планировка, газобетон, catalog-plans.ru"
Проект дома №37-61 площадью 498 м² с планировками,https://raw.githubusercontent.com/nemchenik/test/6ba2fe170429aaf58e1b7a4bc220779b82af6c60/pinterest/generated_batch_61_floor_plans_sunset_static/37-61.jpg,Планы домов и коттеджей,,"Проект дома №37-61: площадь 498 м², 3 этажа, габариты 9.16×19.44 м, материал стен — кирпич. На карточке показаны оригинальные планировки этажей. Сохраните планы дома и откройте проект, чтобы узнать подробности и актуальную стоимость.",https://catalog-plans.ru/catalog/37-61?utm_source=pinterest&utm_medium=organic&utm_campaign=generated_floor_plans_sunset_static_batch_61&utm_content=pin_11563_37-61_plans&utm_term=proekty-domov-s-planirovkami,,"проект дома 37-61, проект дома 498 м², планировка дома, планы этажей, готовый проект дома, оригинальная планировка, кирпич, catalog-plans.ru"
"Проект дома №64-77 площадью 267,42 м² с планировками",https://raw.githubusercontent.com/nemchenik/test/6ba2fe170429aaf58e1b7a4bc220779b82af6c60/pinterest/generated_batch_62_floor_plans_forest_static/64-77.jpg,Удобные планировки домов,,"Проект дома №64-77: площадь 267,42 м², 2 этажа, габариты 17.55×19.2 м, материал стен — газобетон. На карточке показаны оригинальные планировки этажей. Сохраните планы дома и откройте проект, чтобы узнать подробности и актуальную стоимость.",https://catalog-plans.ru/catalog/64-77?utm_source=pinterest&utm_medium=organic&utm_campaign=generated_floor_plans_forest_static_batch_62&utm_content=pin_11763_64-77_plans&utm_term=proekty-domov-s-planirovkami,,"проект дома 64-77, проект дома 267,42 м², планировка дома, планы этажей, готовый проект дома, оригинальная планировка, газобетон, catalog-plans.ru"
"Проект дома №65-94AK2 площадью 153,95 м² с планировками",https://raw.githubusercontent.com/nemchenik/test/6ba2fe170429aaf58e1b7a4bc220779b82af6c60/pinterest/generated_batch_63_floor_plans_minimal_static/65-94AK2.jpg,Современные проекты домов,,"Проект дома №65-94AK2: площадь 153,95 м², 2 этажа, габариты 9.48×11.28 м, материал стен — кирпич. На карточке показаны оригинальные планировки этажей. Сохраните планы дома и откройте проект, чтобы узнать подробности и актуальную стоимость.",https://catalog-plans.ru/catalog/65-94AK2?utm_source=pinterest&utm_medium=organic&utm_campaign=generated_floor_plans_minimal_static_batch_63&utm_content=pin_11963_65-94AK2_plans&utm_term=proekty-domov-s-planirovkami,,"проект дома 65-94AK2, проект дома 153,95 м², планировка дома, планы этажей, готовый проект дома, оригинальная планировка, кирпич, catalog-plans.ru"
"Проект дома №57-26TL площадью 169,48 м² с планировками",https://raw.githubusercontent.com/nemchenik/test/6ba2fe170429aaf58e1b7a4bc220779b82af6c60/pinterest/generated_batch_61_floor_plans_sunset_static/57-26TL.jpg,Планы домов и коттеджей,,"Проект дома №57-26TL: площадь 169,48 м², 2 этажа, габариты 9.75×13.15 м, материал стен — газобетон. На карточке показаны оригинальные планировки этажей. Сохраните планы дома и откройте проект, чтобы узнать подробности и актуальную стоимость.",https://catalog-plans.ru/catalog/57-26TL?utm_source=pinterest&utm_medium=organic&utm_campaign=generated_floor_plans_sunset_static_batch_61&utm_content=pin_11564_57-26TL_plans&utm_term=proekty-domov-s-planirovkami,,"проект дома 57-26TL, проект дома 169,48 м², планировка дома, планы этажей, готовый проект дома, оригинальная планировка, газобетон, catalog-plans.ru"
"Проект дома №58-40KL площадью 289,43 м² с планировками",https://raw.githubusercontent.com/nemchenik/test/6ba2fe170429aaf58e1b7a4bc220779b82af6c60/pinterest/generated_batch_62_floor_plans_forest_static/58-40KL.jpg,Удобные планировки домов,,"Проект дома №58-40KL: площадь 289,43 м², 2 этажа, габариты 12.28×24.98 м, материал стен — кирпич. На карточке показаны оригинальные планировки этажей. Сохраните планы дома и откройте проект, чтобы узнать подробности и актуальную стоимость.",https://catalog-plans.ru/catalog/58-40KL?utm_source=pinterest&utm_medium=organic&utm_campaign=generated_floor_plans_forest_static_batch_62&utm_content=pin_11764_58-40KL_plans&utm_term=proekty-domov-s-planirovkami,,"проект дома 58-40KL, проект дома 289,43 м², планировка дома, планы этажей, готовый проект дома, оригинальная планировка, кирпич, catalog-plans.ru"
"Проект дома №92-26L площадью 130,13 м² с планировками",https://raw.githubusercontent.com/nemchenik/test/6ba2fe170429aaf58e1b7a4bc220779b82af6c60/pinterest/generated_batch_63_floor_plans_minimal_static/92-26L.jpg,Современные проекты домов,,"Проект дома №92-26L: площадь 130,13 м², 1 этаж, габариты 13.1×13.9 м, материал стен — монолитный каркас. На карточке показаны оригинальные планировки этажей. Сохраните планы дома и откройте проект, чтобы узнать подробности и актуальную стоимость.",https://catalog-plans.ru/catalog/92-26L?utm_source=pinterest&utm_medium=organic&utm_campaign=generated_floor_plans_minimal_static_batch_63&utm_content=pin_11964_92-26L_plans&utm_term=proekty-domov-s-planirovkami,,"проект дома 92-26L, проект дома 130,13 м², планировка дома, планы этажей, готовый проект дома, оригинальная планировка, монолитный каркас, catalog-plans.ru"
"Проект дома №15-09 площадью 116,4 м² с планировками",https://raw.githubusercontent.com/nemchenik/test/6ba2fe170429aaf58e1b7a4bc220779b82af6c60/pinterest/generated_batch_61_floor_plans_sunset_static/15-09.jpg,Планы домов и коттеджей,,"Проект дома №15-09: площадь 116,4 м², 1 этаж, габариты 11.9×11.9 м, материал стен — дерево. На карточке показаны оригинальные планировки этажей. Сохраните планы дома и откройте проект, чтобы узнать подробности и актуальную стоимость.",https://catalog-plans.ru/catalog/15-09?utm_source=pinterest&utm_medium=organic&utm_campaign=generated_floor_plans_sunset_static_batch_61&utm_content=pin_11565_15-09_plans&utm_term=proekty-domov-s-planirovkami,,"проект дома 15-09, проект дома 116,4 м², планировка дома, планы этажей, готовый проект дома, оригинальная планировка, дерево, catalog-plans.ru"
"Проект дома №40-94DG площадью 341,69 м² с планировками",https://raw.githubusercontent.com/nemchenik/test/6ba2fe170429aaf58e1b7a4bc220779b82af6c60/pinterest/generated_batch_62_floor_plans_forest_static/40-94DG.jpg,Удобные планировки домов,,"Проект дома №40-94DG: площадь 341,69 м², 2 этажа, габариты 15.18×16 м, материал стен — газобетон. На карточке показаны оригинальные планировки этажей. Сохраните планы дома и откройте проект, чтобы узнать подробности и актуальную стоимость.",https://catalog-plans.ru/catalog/40-94DG?utm_source=pinterest&utm_medium=organic&utm_campaign=generated_floor_plans_forest_static_batch_62&utm_content=pin_11765_40-94DG_plans&utm_term=proekty-domov-s-planirovkami,,"проект дома 40-94DG, проект дома 341,69 м², планировка дома, планы этажей, готовый проект дома, оригинальная планировка, газобетон, catalog-plans.ru"
"Проект дома №57-62TAL площадью 199,7 м² с планировками",https://raw.githubusercontent.com/nemchenik/test/6ba2fe170429aaf58e1b7a4bc220779b82af6c60/pinterest/generated_batch_63_floor_plans_minimal_static/57-62TAL.jpg,Современные проекты домов,,"Проект дома №57-62TAL: площадь 199,7 м², 2 этажа, габариты 11.96×14.4 м, материал стен — газобетон. На карточке показаны оригинальные планировки этажей. Сохраните планы дома и откройте проект, чтобы узнать подробности и актуальную стоимость.",https://catalog-plans.ru/catalog/57-62TAL?utm_source=pinterest&utm_medium=organic&utm_campaign=generated_floor_plans_minimal_static_batch_63&utm_content=pin_11965_57-62TAL_plans&utm_term=proekty-domov-s-planirovkami,,"проект дома 57-62TAL, проект дома 199,7 м², планировка дома, планы этажей, готовый проект дома, оригинальная планировка, газобетон, catalog-plans.ru"
"Проект дома №52-64 площадью 237,6 м² с планировками",https://raw.githubusercontent.com/nemchenik/test/6ba2fe170429aaf58e1b7a4bc220779b82af6c60/pinterest/generated_batch_61_floor_plans_sunset_static/52-64.jpg,Планы домов и коттеджей,,"Проект дома №52-64: площадь 237,6 м², 2 этажа, габариты 13.4×15.2 м, материал стен — газобетон. На карточке показаны оригинальные планировки этажей. Сохраните планы дома и откройте проект, чтобы узнать подробности и актуальную стоимость.",https://catalog-plans.ru/catalog/52-64?utm_source=pinterest&utm_medium=organic&utm_campaign=generated_floor_plans_sunset_static_batch_61&utm_content=pin_11566_52-64_plans&utm_term=proekty-domov-s-planirovkami,,"проект дома 52-64, проект дома 237,6 м², планировка дома, планы этажей, готовый проект дома, оригинальная планировка, газобетон, catalog-plans.ru"
"Проект дома №58-76A площадью 182,14 м² с планировками",https://raw.githubusercontent.com/nemchenik/test/6ba2fe170429aaf58e1b7a4bc220779b82af6c60/pinterest/generated_batch_62_floor_plans_forest_static/58-76A.jpg,Удобные планировки домов,,"Проект дома №58-76A: площадь 182,14 м², 2 этажа, габариты 11.5×13.25 м, материал стен — газобетон. На карточке показаны оригинальные планировки этажей. Сохраните планы дома и откройте проект, чтобы узнать подробности и актуальную стоимость.",https://catalog-plans.ru/catalog/58-76A?utm_source=pinterest&utm_medium=organic&utm_campaign=generated_floor_plans_forest_static_batch_62&utm_content=pin_11766_58-76A_plans&utm_term=proekty-domov-s-planirovkami,,"проект дома 58-76A, проект дома 182,14 м², планировка дома, планы этажей, готовый проект дома, оригинальная планировка, газобетон, catalog-plans.ru"
"Проект дома №62-38DCG площадью 290,1 м² с планировками",https://raw.githubusercontent.com/nemchenik/test/6ba2fe170429aaf58e1b7a4bc220779b82af6c60/pinterest/generated_batch_63_floor_plans_minimal_static/62-38DCG.jpg,Современные проекты домов,,"Проект дома №62-38DCG: площадь 290,1 м², 2 этажа, габариты 18.2×18.6 м, материал стен — газобетон. На карточке показаны оригинальные планировки этажей. Сохраните планы дома и откройте проект, чтобы узнать подробности и актуальную стоимость.",https://catalog-plans.ru/catalog/62-38DCG?utm_source=pinterest&utm_medium=organic&utm_campaign=generated_floor_plans_minimal_static_batch_63&utm_content=pin_11966_62-38DCG_plans&utm_term=proekty-domov-s-planirovkami,,"проект дома 62-38DCG, проект дома 290,1 м², планировка дома, планы этажей, готовый проект дома, оригинальная планировка, газобетон, catalog-plans.ru"
"Проект дома №62-92 площадью 119,67 м² с планировками",https://raw.githubusercontent.com/nemchenik/test/6ba2fe170429aaf58e1b7a4bc220779b82af6c60/pinterest/generated_batch_61_floor_plans_sunset_static/62-92.jpg,Планы домов и коттеджей,,"Проект дома №62-92: площадь 119,67 м², 2 этажа, габариты 9.5×10.05 м, материал стен — газобетон. На карточке показаны оригинальные планировки этажей. Сохраните планы дома и откройте проект, чтобы узнать подробности и актуальную стоимость.",https://catalog-plans.ru/catalog/62-92?utm_source=pinterest&utm_medium=organic&utm_campaign=generated_floor_plans_sunset_static_batch_61&utm_content=pin_11567_62-92_plans&utm_term=proekty-domov-s-planirovkami,,"проект дома 62-92, проект дома 119,67 м², планировка дома, планы этажей, готовый проект дома, оригинальная планировка, газобетон, catalog-plans.ru"
"Проект дома №72-35 площадью 202,2 м² с планировками",https://raw.githubusercontent.com/nemchenik/test/6ba2fe170429aaf58e1b7a4bc220779b82af6c60/pinterest/generated_batch_62_floor_plans_forest_static/72-35.jpg,Удобные планировки домов,,"Проект дома №72-35: площадь 202,2 м², 2 этажа, габариты 11.6×13.64 м, материал стен — газобетон. На карточке показаны оригинальные планировки этажей. Сохраните планы дома и откройте проект, чтобы узнать подробности и актуальную стоимость.",https://catalog-plans.ru/catalog/72-35?utm_source=pinterest&utm_medium=organic&utm_campaign=generated_floor_plans_forest_static_batch_62&utm_content=pin_11767_72-35_plans&utm_term=proekty-domov-s-planirovkami,,"проект дома 72-35, проект дома 202,2 м², планировка дома, планы этажей, готовый проект дома, оригинальная планировка, газобетон, catalog-plans.ru"
"Проект дома №57-63OAK1L площадью 157,05 м² с планировками",https://raw.githubusercontent.com/nemchenik/test/6ba2fe170429aaf58e1b7a4bc220779b82af6c60/pinterest/generated_batch_63_floor_plans_minimal_static/57-63OAK1L.jpg,Современные проекты домов,,"Проект дома №57-63OAK1L: площадь 157,05 м², 2 этажа, габариты 10.02×12.62 м, материал стен — кирпич. На карточке показаны оригинальные планировки этажей. Сохраните планы дома и откройте проект, чтобы узнать подробности и актуальную стоимость.",https://catalog-plans.ru/catalog/57-63OAK1L?utm_source=pinterest&utm_medium=organic&utm_campaign=generated_floor_plans_minimal_static_batch_63&utm_content=pin_11967_57-63OAK1L_plans&utm_term=proekty-domov-s-planirovkami,,"проект дома 57-63OAK1L, проект дома 157,05 м², планировка дома, планы этажей, готовый проект дома, оригинальная планировка, кирпич, catalog-plans.ru"
"Проект дома №35-29 площадью 143,9 м² с планировками",https://raw.githubusercontent.com/nemchenik/test/6ba2fe170429aaf58e1b7a4bc220779b82af6c60/pinterest/generated_batch_61_floor_plans_sunset_static/35-29.jpg,Планы домов и коттеджей,,"Проект дома №35-29: площадь 143,9 м², 2 этажа, габариты 13.28×14.78 м, материал стен — кирпич. На карточке показаны оригинальные планировки этажей. Сохраните планы дома и откройте проект, чтобы узнать подробности и актуальную стоимость.",https://catalog-plans.ru/catalog/35-29?utm_source=pinterest&utm_medium=organic&utm_campaign=generated_floor_plans_sunset_static_batch_61&utm_content=pin_11568_35-29_plans&utm_term=proekty-domov-s-planirovkami,,"проект дома 35-29, проект дома 143,9 м², планировка дома, планы этажей, готовый проект дома, оригинальная планировка, кирпич, catalog-plans.ru"
"Проект дома №57-10ABC площадью 254,9 м² с планировками",https://raw.githubusercontent.com/nemchenik/test/6ba2fe170429aaf58e1b7a4bc220779b82af6c60/pinterest/generated_batch_62_floor_plans_forest_static/57-10ABC.jpg,Удобные планировки домов,,"Проект дома №57-10ABC: площадь 254,9 м², 2 этажа, габариты 10.2×12.85 м, материал стен — газобетон. На карточке показаны оригинальные планировки этажей. Сохраните планы дома и откройте проект, чтобы узнать подробности и актуальную стоимость.",https://catalog-plans.ru/catalog/57-10ABC?utm_source=pinterest&utm_medium=organic&utm_campaign=generated_floor_plans_forest_static_batch_62&utm_content=pin_11768_57-10ABC_plans&utm_term=proekty-domov-s-planirovkami,,"проект дома 57-10ABC, проект дома 254,9 м², планировка дома, планы этажей, готовый проект дома, оригинальная планировка, газобетон, catalog-plans.ru"
"Проект дома №63-99 площадью 101,13 м² с планировками",https://raw.githubusercontent.com/nemchenik/test/6ba2fe170429aaf58e1b7a4bc220779b82af6c60/pinterest/generated_batch_63_floor_plans_minimal_static/63-99.jpg,Современные проекты домов,,"Проект дома №63-99: площадь 101,13 м², 1 этаж, габариты 8.6×12.55 м, материал стен — газобетон. На карточке показаны оригинальные планировки этажей. Сохраните планы дома и откройте проект, чтобы узнать подробности и актуальную стоимость.",https://catalog-plans.ru/catalog/63-99?utm_source=pinterest&utm_medium=organic&utm_campaign=generated_floor_plans_minimal_static_batch_63&utm_content=pin_11968_63-99_plans&utm_term=proekty-domov-s-planirovkami,,"проект дома 63-99, проект дома 101,13 м², планировка дома, планы этажей, готовый проект дома, оригинальная планировка, газобетон, catalog-plans.ru"
"Проект дома №59-93EK площадью 192,47 м² с планировками",https://raw.githubusercontent.com/nemchenik/test/6ba2fe170429aaf58e1b7a4bc220779b82af6c60/pinterest/generated_batch_61_floor_plans_sunset_static/59-93EK.jpg,Планы домов и коттеджей,,"Проект дома №59-93EK: площадь 192,47 м², 2 этажа, габариты 13.04×13.16 м, материал стен — кирпич. На карточке показаны оригинальные планировки этажей. Сохраните планы дома и откройте проект, чтобы узнать подробности и актуальную стоимость.",https://catalog-plans.ru/catalog/59-93EK?utm_source=pinterest&utm_medium=organic&utm_campaign=generated_floor_plans_sunset_static_batch_61&utm_content=pin_11569_59-93EK_plans&utm_term=proekty-domov-s-planirovkami,,"проект дома 59-93EK, проект дома 192,47 м², планировка дома, планы этажей, готовый проект дома, оригинальная планировка, кирпич, catalog-plans.ru"
Проект дома №13-71A площадью 216 м² с планировками,https://raw.githubusercontent.com/nemchenik/test/6ba2fe170429aaf58e1b7a4bc220779b82af6c60/pinterest/generated_batch_62_floor_plans_forest_static/13-71A.jpg,Удобные планировки домов,,"Проект дома №13-71A: площадь 216 м², 2 этажа, габариты 13.8×16.3 м, материал стен — дерево. На карточке показаны оригинальные планировки этажей. Сохраните планы дома и откройте проект, чтобы узнать подробности и актуальную стоимость.",https://catalog-plans.ru/catalog/13-71A?utm_source=pinterest&utm_medium=organic&utm_campaign=generated_floor_plans_forest_static_batch_62&utm_content=pin_11769_13-71A_plans&utm_term=proekty-domov-s-planirovkami,,"проект дома 13-71A, проект дома 216 м², планировка дома, планы этажей, готовый проект дома, оригинальная планировка, дерево, catalog-plans.ru"
"Проект дома №57-07JAPK1 площадью 210,25 м² с планировками",https://raw.githubusercontent.com/nemchenik/test/6ba2fe170429aaf58e1b7a4bc220779b82af6c60/pinterest/generated_batch_63_floor_plans_minimal_static/57-07JAPK1.jpg,Современные проекты домов,,"Проект дома №57-07JAPK1: площадь 210,25 м², 2 этажа, габариты 12.69×14.61 м, материал стен — кирпич. На карточке показаны оригинальные планировки этажей. Сохраните планы дома и откройте проект, чтобы узнать подробности и актуальную стоимость.",https://catalog-plans.ru/catalog/57-07JAPK1?utm_source=pinterest&utm_medium=organic&utm_campaign=generated_floor_plans_minimal_static_batch_63&utm_content=pin_11969_57-07JAPK1_plans&utm_term=proekty-domov-s-planirovkami,,"проект дома 57-07JAPK1, проект дома 210,25 м², планировка дома, планы этажей, готовый проект дома, оригинальная планировка, кирпич, catalog-plans.ru"
"Проект дома №51-53 площадью 162,1 м² с планировками",https://raw.githubusercontent.com/nemchenik/test/6ba2fe170429aaf58e1b7a4bc220779b82af6c60/pinterest/generated_batch_61_floor_plans_sunset_static/51-53.jpg,Планы домов и коттеджей,,"Проект дома №51-53: площадь 162,1 м², 2 этажа, габариты 8.8×9.9 м, материал стен — ячеистые бетонные блоки. На карточке показаны оригинальные планировки этажей. Сохраните планы дома и откройте проект, чтобы узнать подробности и актуальную стоимость.",https://catalog-plans.ru/catalog/51-53?utm_source=pinterest&utm_medium=organic&utm_campaign=generated_floor_plans_sunset_static_batch_61&utm_content=pin_11570_51-53_plans&utm_term=proekty-domov-s-planirovkami,,"проект дома 51-53, проект дома 162,1 м², планировка дома, планы этажей, готовый проект дома, оригинальная планировка, ячеистые бетонные блоки, catalog-plans.ru"
"Проект дома №46-66L площадью 153,9 м² с планировками",https://raw.githubusercontent.com/nemchenik/test/6ba2fe170429aaf58e1b7a4bc220779b82af6c60/pinterest/generated_batch_62_floor_plans_forest_static/46-66L.jpg,Удобные планировки домов,,"Проект дома №46-66L: площадь 153,9 м², 2 этажа, габариты 10.06×11.32 м, материал стен — керамзитобетон. На карточке показаны оригинальные планировки этажей. Сохраните планы дома и откройте проект, чтобы узнать подробности и актуальную стоимость.",https://catalog-plans.ru/catalog/46-66L?utm_source=pinterest&utm_medium=organic&utm_campaign=generated_floor_plans_forest_static_batch_62&utm_content=pin_11770_46-66L_plans&utm_term=proekty-domov-s-planirovkami,,"проект дома 46-66L, проект дома 153,9 м², планировка дома, планы этажей, готовый проект дома, оригинальная планировка, керамзитобетон, catalog-plans.ru"
"Проект дома №65-02A площадью 142,18 м² с планировками",https://raw.githubusercontent.com/nemchenik/test/6ba2fe170429aaf58e1b7a4bc220779b82af6c60/pinterest/generated_batch_63_floor_plans_minimal_static/65-02A.jpg,Современные проекты домов,,"Проект дома №65-02A: площадь 142,18 м², 1 этаж, габариты 12.8×17.6 м, материал стен — газобетон. На карточке показаны оригинальные планировки этажей. Сохраните планы дома и откройте проект, чтобы узнать подробности и актуальную стоимость.",https://catalog-plans.ru/catalog/65-02A?utm_source=pinterest&utm_medium=organic&utm_campaign=generated_floor_plans_minimal_static_batch_63&utm_content=pin_11970_65-02A_plans&utm_term=proekty-domov-s-planirovkami,,"проект дома 65-02A, проект дома 142,18 м², планировка дома, планы этажей, готовый проект дома, оригинальная планировка, газобетон, catalog-plans.ru"
"Проект дома №40-60G площадью 248,35 м² с планировками",https://raw.githubusercontent.com/nemchenik/test/6ba2fe170429aaf58e1b7a4bc220779b82af6c60/pinterest/generated_batch_61_floor_plans_sunset_static/40-60G.jpg,Планы домов и коттеджей,,"Проект дома №40-60G: площадь 248,35 м², 2 этажа, габариты 11.96×18.59 м, материал стен — газобетон. На карточке показаны оригинальные планировки этажей. Сохраните планы дома и откройте проект, чтобы узнать подробности и актуальную стоимость.",https://catalog-plans.ru/catalog/40-60G?utm_source=pinterest&utm_medium=organic&utm_campaign=generated_floor_plans_sunset_static_batch_61&utm_content=pin_11571_40-60G_plans&utm_term=proekty-domov-s-planirovkami,,"проект дома 40-60G, проект дома 248,35 м², планировка дома, планы этажей, готовый проект дома, оригинальная планировка, газобетон, catalog-plans.ru"
"Проект дома №62-39EK2L площадью 161,66 м² с планировками",https://raw.githubusercontent.com/nemchenik/test/6ba2fe170429aaf58e1b7a4bc220779b82af6c60/pinterest/generated_batch_62_floor_plans_forest_static/62-39EK2L.jpg,Удобные планировки домов,,"Проект дома №62-39EK2L: площадь 161,66 м², 1 этаж, габариты 14.33×15.38 м, материал стен — кирпич. На карточке показаны оригинальные планировки этажей. Сохраните планы дома и откройте проект, чтобы узнать подробности и актуальную стоимость.",https://catalog-plans.ru/catalog/62-39EK2L?utm_source=pinterest&utm_medium=organic&utm_campaign=generated_floor_plans_forest_static_batch_62&utm_content=pin_11771_62-39EK2L_plans&utm_term=proekty-domov-s-planirovkami,,"проект дома 62-39EK2L, проект дома 161,66 м², планировка дома, планы этажей, готовый проект дома, оригинальная планировка, кирпич, catalog-plans.ru"
"Проект дома №57-27N площадью 171,44 м² с планировками",https://raw.githubusercontent.com/nemchenik/test/6ba2fe170429aaf58e1b7a4bc220779b82af6c60/pinterest/generated_batch_63_floor_plans_minimal_static/57-27N.jpg,Современные проекты домов,,"Проект дома №57-27N: площадь 171,44 м², 2 этажа, габариты 11.3×11.9 м, материал стен — газобетон. На карточке показаны оригинальные планировки этажей. Сохраните планы дома и откройте проект, чтобы узнать подробности и актуальную стоимость.",https://catalog-plans.ru/catalog/57-27N?utm_source=pinterest&utm_medium=organic&utm_campaign=generated_floor_plans_minimal_static_batch_63&utm_content=pin_11971_57-27N_plans&utm_term=proekty-domov-s-planirovkami,,"проект дома 57-27N, проект дома 171,44 м², планировка дома, планы этажей, готовый проект дома, оригинальная планировка, газобетон, catalog-plans.ru"
Проект дома №66-15 площадью 451 м² с планировками,https://raw.githubusercontent.com/nemchenik/test/6ba2fe170429aaf58e1b7a4bc220779b82af6c60/pinterest/generated_batch_61_floor_plans_sunset_static/66-15.jpg,Планы домов и коттеджей,,"Проект дома №66-15: площадь 451 м², 2 этажа, габариты 19×21 м, материал стен — кирпич. На карточке показаны оригинальные планировки этажей. Сохраните планы дома и откройте проект, чтобы узнать подробности и актуальную стоимость.",https://catalog-plans.ru/catalog/66-15?utm_source=pinterest&utm_medium=organic&utm_campaign=generated_floor_plans_sunset_static_batch_61&utm_content=pin_11572_66-15_plans&utm_term=proekty-domov-s-planirovkami,,"проект дома 66-15, проект дома 451 м², планировка дома, планы этажей, готовый проект дома, оригинальная планировка, кирпич, catalog-plans.ru"
"Проект дома №57-51K площадью 110,98 м² с планировками",https://raw.githubusercontent.com/nemchenik/test/6ba2fe170429aaf58e1b7a4bc220779b82af6c60/pinterest/generated_batch_62_floor_plans_forest_static/57-51K.jpg,Удобные планировки домов,,"Проект дома №57-51K: площадь 110,98 м², 2 этажа, габариты 8.4×9.9 м, материал стен — кирпич. На карточке показаны оригинальные планировки этажей. Сохраните планы дома и откройте проект, чтобы узнать подробности и актуальную стоимость.",https://catalog-plans.ru/catalog/57-51K?utm_source=pinterest&utm_medium=organic&utm_campaign=generated_floor_plans_forest_static_batch_62&utm_content=pin_11772_57-51K_plans&utm_term=proekty-domov-s-planirovkami,,"проект дома 57-51K, проект дома 110,98 м², планировка дома, планы этажей, готовый проект дома, оригинальная планировка, кирпич, catalog-plans.ru"
"Проект дома №59-96K площадью 246,26 м² с планировками",https://raw.githubusercontent.com/nemchenik/test/6ba2fe170429aaf58e1b7a4bc220779b82af6c60/pinterest/generated_batch_63_floor_plans_minimal_static/59-96K.jpg,Современные проекты домов,,"Проект дома №59-96K: площадь 246,26 м², 2 этажа, габариты 11.8×17.2 м, материал стен — кирпич. На карточке показаны оригинальные планировки этажей. Сохраните планы дома и откройте проект, чтобы узнать подробности и актуальную стоимость.",https://catalog-plans.ru/catalog/59-96K?utm_source=pinterest&utm_medium=organic&utm_campaign=generated_floor_plans_minimal_static_batch_63&utm_content=pin_11972_59-96K_plans&utm_term=proekty-domov-s-planirovkami,,"проект дома 59-96K, проект дома 246,26 м², планировка дома, планы этажей, готовый проект дома, оригинальная планировка, кирпич, catalog-plans.ru"
"Проект дома №31-65 площадью 291,7 м² с планировками",https://raw.githubusercontent.com/nemchenik/test/6ba2fe170429aaf58e1b7a4bc220779b82af6c60/pinterest/generated_batch_61_floor_plans_sunset_static/31-65.jpg,Планы домов и коттеджей,,"Проект дома №31-65: площадь 291,7 м², 2 этажа, габариты 9.26×13.85 м, материал стен — кирпич. На карточке показаны оригинальные планировки этажей. Сохраните планы дома и откройте проект, чтобы узнать подробности и актуальную стоимость.",https://catalog-plans.ru/catalog/31-65?utm_source=pinterest&utm_medium=organic&utm_campaign=generated_floor_plans_sunset_static_batch_61&utm_content=pin_11573_31-65_plans&utm_term=proekty-domov-s-planirovkami,,"проект дома 31-65, проект дома 291,7 м², планировка дома, планы этажей, готовый проект дома, оригинальная планировка, кирпич, catalog-plans.ru"
"Проект дома №63-63X площадью 119,96 м² с планировками",https://raw.githubusercontent.com/nemchenik/test/6ba2fe170429aaf58e1b7a4bc220779b82af6c60/pinterest/generated_batch_62_floor_plans_forest_static/63-63X.jpg,Удобные планировки домов,,"Проект дома №63-63X: площадь 119,96 м², 1 этаж, габариты 11.5×18.5 м, материал стен — деревянный каркас. На карточке показаны оригинальные планировки этажей. Сохраните планы дома и откройте проект, чтобы узнать подробности и актуальную стоимость.",https://catalog-plans.ru/catalog/63-63X?utm_source=pinterest&utm_medium=organic&utm_campaign=generated_floor_plans_forest_static_batch_62&utm_content=pin_11773_63-63X_plans&utm_term=proekty-domov-s-planirovkami,,"проект дома 63-63X, проект дома 119,96 м², планировка дома, планы этажей, готовый проект дома, оригинальная планировка, деревянный каркас, catalog-plans.ru"
"Проект дома №57-13KBL площадью 146,01 м² с планировками",https://raw.githubusercontent.com/nemchenik/test/6ba2fe170429aaf58e1b7a4bc220779b82af6c60/pinterest/generated_batch_63_floor_plans_minimal_static/57-13KBL.jpg,Современные проекты домов,,"Проект дома №57-13KBL: площадь 146,01 м², 2 этажа, габариты 8.58×11.98 м, материал стен — керамзитобетон. На карточке показаны оригинальные планировки этажей. Сохраните планы дома и откройте проект, чтобы узнать подробности и актуальную стоимость.",https://catalog-plans.ru/catalog/57-13KBL?utm_source=pinterest&utm_medium=organic&utm_campaign=generated_floor_plans_minimal_static_batch_63&utm_content=pin_11973_57-13KBL_plans&utm_term=proekty-domov-s-planirovkami,,"проект дома 57-13KBL, проект дома 146,01 м², планировка дома, планы этажей, готовый проект дома, оригинальная планировка, керамзитобетон, catalog-plans.ru"
"Проект дома №46-08BAGL площадью 684,15 м² с планировками",https://raw.githubusercontent.com/nemchenik/test/6ba2fe170429aaf58e1b7a4bc220779b82af6c60/pinterest/generated_batch_61_floor_plans_sunset_static/46-08BAGL.jpg,Планы домов и коттеджей,,"Проект дома №46-08BAGL: площадь 684,15 м², 2 этажа, габариты 24.56×29.26 м, материал стен — газобетон. На карточке показаны оригинальные планировки этажей. Сохраните планы дома и откройте проект, чтобы узнать подробности и актуальную стоимость.",https://catalog-plans.ru/catalog/46-08BAGL?utm_source=pinterest&utm_medium=organic&utm_campaign=generated_floor_plans_sunset_static_batch_61&utm_content=pin_11574_46-08BAGL_plans&utm_term=proekty-domov-s-planirovkami,,"проект дома 46-08BAGL, проект дома 684,15 м², планировка дома, планы этажей, готовый проект дома, оригинальная планировка, газобетон, catalog-plans.ru"
"Проект дома №40-55DGL площадью 253,45 м² с планировками",https://raw.githubusercontent.com/nemchenik/test/6ba2fe170429aaf58e1b7a4bc220779b82af6c60/pinterest/generated_batch_62_floor_plans_forest_static/40-55DGL.jpg,Удобные планировки домов,,"Проект дома №40-55DGL: площадь 253,45 м², 2 этажа, габариты 12.85×14.4 м, материал стен — газобетон. На карточке показаны оригинальные планировки этажей. Сохраните планы дома и откройте проект, чтобы узнать подробности и актуальную стоимость.",https://catalog-plans.ru/catalog/40-55DGL?utm_source=pinterest&utm_medium=organic&utm_campaign=generated_floor_plans_forest_static_batch_62&utm_content=pin_11774_40-55DGL_plans&utm_term=proekty-domov-s-planirovkami,,"проект дома 40-55DGL, проект дома 253,45 м², планировка дома, планы этажей, готовый проект дома, оригинальная планировка, газобетон, catalog-plans.ru"
"Проект дома №58-04A площадью 202,61 м² с планировками",https://raw.githubusercontent.com/nemchenik/test/6ba2fe170429aaf58e1b7a4bc220779b82af6c60/pinterest/generated_batch_63_floor_plans_minimal_static/58-04A.jpg,Современные проекты домов,,"Проект дома №58-04A: площадь 202,61 м², 2 этажа, габариты 11.1×12.2 м, материал стен — газобетон. На карточке показаны оригинальные планировки этажей. Сохраните планы дома и откройте проект, чтобы узнать подробности и актуальную стоимость.",https://catalog-plans.ru/catalog/58-04A?utm_source=pinterest&utm_medium=organic&utm_campaign=generated_floor_plans_minimal_static_batch_63&utm_content=pin_11974_58-04A_plans&utm_term=proekty-domov-s-planirovkami,,"проект дома 58-04A, проект дома 202,61 м², планировка дома, планы этажей, готовый проект дома, оригинальная планировка, газобетон, catalog-plans.ru"
"Проект дома №63-69AL площадью 153,01 м² с планировками",https://raw.githubusercontent.com/nemchenik/test/6ba2fe170429aaf58e1b7a4bc220779b82af6c60/pinterest/generated_batch_61_floor_plans_sunset_static/63-69AL.jpg,Планы домов и коттеджей,,"Проект дома №63-69AL: площадь 153,01 м², 2 этажа, габариты 11.5×9.15 м, материал стен — газобетон. На карточке показаны оригинальные планировки этажей. Сохраните планы дома и откройте проект, чтобы узнать подробности и актуальную стоимость.",https://catalog-plans.ru/catalog/63-69AL?utm_source=pinterest&utm_medium=organic&utm_campaign=generated_floor_plans_sunset_static_batch_61&utm_content=pin_11575_63-69AL_plans&utm_term=proekty-domov-s-planirovkami,,"проект дома 63-69AL, проект дома 153,01 м², планировка дома, планы этажей, готовый проект дома, оригинальная планировка, газобетон, catalog-plans.ru"
"Проект дома №52-27 площадью 388,4 м² с планировками",https://raw.githubusercontent.com/nemchenik/test/6ba2fe170429aaf58e1b7a4bc220779b82af6c60/pinterest/generated_batch_62_floor_plans_forest_static/52-27.jpg,Удобные планировки домов,,"Проект дома №52-27: площадь 388,4 м², 2 этажа, габариты 13.6×18.1 м, материал стен — газобетон. На карточке показаны оригинальные планировки этажей. Сохраните планы дома и откройте проект, чтобы узнать подробности и актуальную стоимость.",https://catalog-plans.ru/catalog/52-27?utm_source=pinterest&utm_medium=organic&utm_campaign=generated_floor_plans_forest_static_batch_62&utm_content=pin_11775_52-27_plans&utm_term=proekty-domov-s-planirovkami,,"проект дома 52-27, проект дома 388,4 м², планировка дома, планы этажей, готовый проект дома, оригинальная планировка, газобетон, catalog-plans.ru"
"Проект дома №58-13K площадью 143,3 м² с планировками",https://raw.githubusercontent.com/nemchenik/test/6ba2fe170429aaf58e1b7a4bc220779b82af6c60/pinterest/generated_batch_63_floor_plans_minimal_static/58-13K.jpg,Современные проекты домов,,"Проект дома №58-13K: площадь 143,3 м², 2 этажа, габариты 10.1×10.1 м, материал стен — кирпич. На карточке показаны оригинальные планировки этажей. Сохраните планы дома и откройте проект, чтобы узнать подробности и актуальную стоимость.",https://catalog-plans.ru/catalog/58-13K?utm_source=pinterest&utm_medium=organic&utm_campaign=generated_floor_plans_minimal_static_batch_63&utm_content=pin_11975_58-13K_plans&utm_term=proekty-domov-s-planirovkami,,"проект дома 58-13K, проект дома 143,3 м², планировка дома, планы этажей, готовый проект дома, оригинальная планировка, кирпич, catalog-plans.ru"
"Проект дома №48-24HAMGW площадью 325,3 м² с планировками",https://raw.githubusercontent.com/nemchenik/test/6ba2fe170429aaf58e1b7a4bc220779b82af6c60/pinterest/generated_batch_61_floor_plans_sunset_static/48-24HAMGW.jpg,Планы домов и коттеджей,,"Проект дома №48-24HAMGW: площадь 325,3 м², 2 этажа, габариты 15.28×16.38 м, материал стен — монолитный каркас. На карточке показаны оригинальные планировки этажей. Сохраните планы дома и откройте проект, чтобы узнать подробности и актуальную стоимость.",https://catalog-plans.ru/catalog/48-24HAMGW?utm_source=pinterest&utm_medium=organic&utm_campaign=generated_floor_plans_sunset_static_batch_61&utm_content=pin_11576_48-24HAMGW_plans&utm_term=proekty-domov-s-planirovkami,,"проект дома 48-24HAMGW, проект дома 325,3 м², планировка дома, планы этажей, готовый проект дома, оригинальная планировка, монолитный каркас, catalog-plans.ru"
"Проект дома №80-22 площадью 113,44 м² с планировками",https://raw.githubusercontent.com/nemchenik/test/6ba2fe170429aaf58e1b7a4bc220779b82af6c60/pinterest/generated_batch_62_floor_plans_forest_static/80-22.jpg,Удобные планировки домов,,"Проект дома №80-22: площадь 113,44 м², 2 этажа, габариты 9.6×9.6 м, материал стен — газобетон. На карточке показаны оригинальные планировки этажей. Сохраните планы дома и откройте проект, чтобы узнать подробности и актуальную стоимость.",https://catalog-plans.ru/catalog/80-22?utm_source=pinterest&utm_medium=organic&utm_campaign=generated_floor_plans_forest_static_batch_62&utm_content=pin_11776_80-22_plans&utm_term=proekty-domov-s-planirovkami,,"проект дома 80-22, проект дома 113,44 м², планировка дома, планы этажей, готовый проект дома, оригинальная планировка, газобетон, catalog-plans.ru"
"Проект дома №48-47K2 площадью 313,45 м² с планировками",https://raw.githubusercontent.com/nemchenik/test/6ba2fe170429aaf58e1b7a4bc220779b82af6c60/pinterest/generated_batch_63_floor_plans_minimal_static/48-47K2.jpg,Современные проекты домов,,"Проект дома №48-47K2: площадь 313,45 м², 2 этажа, габариты 13.98×14.76 м, материал стен — кирпич. На карточке показаны оригинальные планировки этажей. Сохраните планы дома и откройте проект, чтобы узнать подробности и актуальную стоимость.",https://catalog-plans.ru/catalog/48-47K2?utm_source=pinterest&utm_medium=organic&utm_campaign=generated_floor_plans_minimal_static_batch_63&utm_content=pin_11976_48-47K2_plans&utm_term=proekty-domov-s-planirovkami,,"проект дома 48-47K2, проект дома 313,45 м², планировка дома, планы этажей, готовый проект дома, оригинальная планировка, кирпич, catalog-plans.ru"
"Проект дома №57-00KBC площадью 231,96 м² с планировками",https://raw.githubusercontent.com/nemchenik/test/6ba2fe170429aaf58e1b7a4bc220779b82af6c60/pinterest/generated_batch_61_floor_plans_sunset_static/57-00KBC.jpg,Планы домов и коттеджей,,"Проект дома №57-00KBC: площадь 231,96 м², 2 этажа, габариты 11.85×12.6 м, материал стен — керамзитобетон. На карточке показаны оригинальные планировки этажей. Сохраните планы дома и откройте проект, чтобы узнать подробности и актуальную стоимость.",https://catalog-plans.ru/catalog/57-00KBC?utm_source=pinterest&utm_medium=organic&utm_campaign=generated_floor_plans_sunset_static_batch_61&utm_content=pin_11577_57-00KBC_plans&utm_term=proekty-domov-s-planirovkami,,"проект дома 57-00KBC, проект дома 231,96 м², планировка дома, планы этажей, готовый проект дома, оригинальная планировка, керамзитобетон, catalog-plans.ru"
"Проект дома №72-43 площадью 153,36 м² с планировками",https://raw.githubusercontent.com/nemchenik/test/6ba2fe170429aaf58e1b7a4bc220779b82af6c60/pinterest/generated_batch_62_floor_plans_forest_static/72-43.jpg,Удобные планировки домов,,"Проект дома №72-43: площадь 153,36 м², 2 этажа, габариты 9.24×12.8 м, материал стен — газобетон. На карточке показаны оригинальные планировки этажей. Сохраните планы дома и откройте проект, чтобы узнать подробности и актуальную стоимость.",https://catalog-plans.ru/catalog/72-43?utm_source=pinterest&utm_medium=organic&utm_campaign=generated_floor_plans_forest_static_batch_62&utm_content=pin_11777_72-43_plans&utm_term=proekty-domov-s-planirovkami,,"проект дома 72-43, проект дома 153,36 м², планировка дома, планы этажей, готовый проект дома, оригинальная планировка, газобетон, catalog-plans.ru"
"Проект дома №72-39 площадью 261,2 м² с планировками",https://raw.githubusercontent.com/nemchenik/test/6ba2fe170429aaf58e1b7a4bc220779b82af6c60/pinterest/generated_batch_63_floor_plans_minimal_static/72-39.jpg,Современные проекты домов,,"Проект дома №72-39: площадь 261,2 м², 2 этажа, габариты 14.53×16.69 м, материал стен — газобетон. На карточке показаны оригинальные планировки этажей. Сохраните планы дома и откройте проект, чтобы узнать подробности и актуальную стоимость.",https://catalog-plans.ru/catalog/72-39?utm_source=pinterest&utm_medium=organic&utm_campaign=generated_floor_plans_minimal_static_batch_63&utm_content=pin_11977_72-39_plans&utm_term=proekty-domov-s-planirovkami,,"проект дома 72-39, проект дома 261,2 м², планировка дома, планы этажей, готовый проект дома, оригинальная планировка, газобетон, catalog-plans.ru"
"Проект дома №40-11BAGL площадью 266,98 м² с планировками",https://raw.githubusercontent.com/nemchenik/test/6ba2fe170429aaf58e1b7a4bc220779b82af6c60/pinterest/generated_batch_61_floor_plans_sunset_static/40-11BAGL.jpg,Планы домов и коттеджей,,"Проект дома №40-11BAGL: площадь 266,98 м², 3 этажа, габариты 13.8×14.04 м, материал стен — газобетон. На карточке показаны оригинальные планировки этажей. Сохраните планы дома и откройте проект, чтобы узнать подробности и актуальную стоимость.",https://catalog-plans.ru/catalog/40-11BAGL?utm_source=pinterest&utm_medium=organic&utm_campaign=generated_floor_plans_sunset_static_batch_61&utm_content=pin_11578_40-11BAGL_plans&utm_term=proekty-domov-s-planirovkami,,"проект дома 40-11BAGL, проект дома 266,98 м², планировка дома, планы этажей, готовый проект дома, оригинальная планировка, газобетон, catalog-plans.ru"
"Проект дома №57-58K площадью 268,63 м² с планировками",https://raw.githubusercontent.com/nemchenik/test/6ba2fe170429aaf58e1b7a4bc220779b82af6c60/pinterest/generated_batch_62_floor_plans_forest_static/57-58K.jpg,Удобные планировки домов,,"Проект дома №57-58K: площадь 268,63 м², 2 этажа, габариты 14.55×16.2 м, материал стен — кирпич. На карточке показаны оригинальные планировки этажей. Сохраните планы дома и откройте проект, чтобы узнать подробности и актуальную стоимость.",https://catalog-plans.ru/catalog/57-58K?utm_source=pinterest&utm_medium=organic&utm_campaign=generated_floor_plans_forest_static_batch_62&utm_content=pin_11778_57-58K_plans&utm_term=proekty-domov-s-planirovkami,,"проект дома 57-58K, проект дома 268,63 м², планировка дома, планы этажей, готовый проект дома, оригинальная планировка, кирпич, catalog-plans.ru"
"Проект дома №62-65BKL площадью 233,22 м² с планировками",https://raw.githubusercontent.com/nemchenik/test/6ba2fe170429aaf58e1b7a4bc220779b82af6c60/pinterest/generated_batch_63_floor_plans_minimal_static/62-65BKL.jpg,Современные проекты домов,,"Проект дома №62-65BKL: площадь 233,22 м², 2 этажа, габариты 17.06×17.57 м, материал стен — монолитный каркас. На карточке показаны оригинальные планировки этажей. Сохраните планы дома и откройте проект, чтобы узнать подробности и актуальную стоимость.",https://catalog-plans.ru/catalog/62-65BKL?utm_source=pinterest&utm_medium=organic&utm_campaign=generated_floor_plans_minimal_static_batch_63&utm_content=pin_11978_62-65BKL_plans&utm_term=proekty-domov-s-planirovkami,,"проект дома 62-65BKL, проект дома 233,22 м², планировка дома, планы этажей, готовый проект дома, оригинальная планировка, монолитный каркас, catalog-plans.ru"
Проект дома №66-08 площадью 333 м² с планировками,https://raw.githubusercontent.com/nemchenik/test/6ba2fe170429aaf58e1b7a4bc220779b82af6c60/pinterest/generated_batch_61_floor_plans_sunset_static/66-08.jpg,Планы домов и коттеджей,,"Проект дома №66-08: площадь 333 м², 2 этажа, габариты 16×18 м, материал стен — кирпич. На карточке показаны оригинальные планировки этажей. Сохраните планы дома и откройте проект, чтобы узнать подробности и актуальную стоимость.",https://catalog-plans.ru/catalog/66-08?utm_source=pinterest&utm_medium=organic&utm_campaign=generated_floor_plans_sunset_static_batch_61&utm_content=pin_11579_66-08_plans&utm_term=proekty-domov-s-planirovkami,,"проект дома 66-08, проект дома 333 м², планировка дома, планы этажей, готовый проект дома, оригинальная планировка, кирпич, catalog-plans.ru"
"Проект дома №57-52D площадью 199,81 м² с планировками",https://raw.githubusercontent.com/nemchenik/test/6ba2fe170429aaf58e1b7a4bc220779b82af6c60/pinterest/generated_batch_62_floor_plans_forest_static/57-52D.jpg,Удобные планировки домов,,"Проект дома №57-52D: площадь 199,81 м², 2 этажа, габариты 11×14.2 м, материал стен — газобетон. На карточке показаны оригинальные планировки этажей. Сохраните планы дома и откройте проект, чтобы узнать подробности и актуальную стоимость.",https://catalog-plans.ru/catalog/57-52D?utm_source=pinterest&utm_medium=organic&utm_campaign=generated_floor_plans_forest_static_batch_62&utm_content=pin_11779_57-52D_plans&utm_term=proekty-domov-s-planirovkami,,"проект дома 57-52D, проект дома 199,81 м², планировка дома, планы этажей, готовый проект дома, оригинальная планировка, газобетон, catalog-plans.ru"
"Проект дома №71-20 площадью 149,2 м² с планировками",https://raw.githubusercontent.com/nemchenik/test/6ba2fe170429aaf58e1b7a4bc220779b82af6c60/pinterest/generated_batch_63_floor_plans_minimal_static/71-20.jpg,Современные проекты домов,,"Проект дома №71-20: площадь 149,2 м², 1 этаж, габариты 17.38×17.8 м, материал стен — деревянный каркас. На карточке показаны оригинальные планировки этажей. Сохраните планы дома и откройте проект, чтобы узнать подробности и актуальную стоимость.",https://catalog-plans.ru/catalog/71-20?utm_source=pinterest&utm_medium=organic&utm_campaign=generated_floor_plans_minimal_static_batch_63&utm_content=pin_11979_71-20_plans&utm_term=proekty-domov-s-planirovkami,,"проект дома 71-20, проект дома 149,2 м², планировка дома, планы этажей, готовый проект дома, оригинальная планировка, деревянный каркас, catalog-plans.ru"
"Проект дома №61-40 площадью 221,5 м² с планировками",https://raw.githubusercontent.com/nemchenik/test/6ba2fe170429aaf58e1b7a4bc220779b82af6c60/pinterest/generated_batch_61_floor_plans_sunset_static/61-40.jpg,Планы домов и коттеджей,,"Проект дома №61-40: площадь 221,5 м², 2 этажа, габариты 12.08×14 м, материал стен — газобетон. На карточке показаны оригинальные планировки этажей. Сохраните планы дома и откройте проект, чтобы узнать подробности и актуальную стоимость.",https://catalog-plans.ru/catalog/61-40?utm_source=pinterest&utm_medium=organic&utm_campaign=generated_floor_plans_sunset_static_batch_61&utm_content=pin_11580_61-40_plans&utm_term=proekty-domov-s-planirovkami,,"проект дома 61-40, проект дома 221,5 м², планировка дома, планы этажей, готовый проект дома, оригинальная планировка, газобетон, catalog-plans.ru"
"Проект дома №66-17 площадью 259,7 м² с планировками",https://raw.githubusercontent.com/nemchenik/test/6ba2fe170429aaf58e1b7a4bc220779b82af6c60/pinterest/generated_batch_62_floor_plans_forest_static/66-17.jpg,Удобные планировки домов,,"Проект дома №66-17: площадь 259,7 м², 2 этажа, габариты 14.2×16.65 м, материал стен — кирпич. На карточке показаны оригинальные планировки этажей. Сохраните планы дома и откройте проект, чтобы узнать подробности и актуальную стоимость.",https://catalog-plans.ru/catalog/66-17?utm_source=pinterest&utm_medium=organic&utm_campaign=generated_floor_plans_forest_static_batch_62&utm_content=pin_11780_66-17_plans&utm_term=proekty-domov-s-planirovkami,,"проект дома 66-17, проект дома 259,7 м², планировка дома, планы этажей, готовый проект дома, оригинальная планировка, кирпич, catalog-plans.ru"
"Проект дома №65-75 площадью 84,69 м² с планировками",https://raw.githubusercontent.com/nemchenik/test/6ba2fe170429aaf58e1b7a4bc220779b82af6c60/pinterest/generated_batch_63_floor_plans_minimal_static/65-75.jpg,Современные проекты домов,,"Проект дома №65-75: площадь 84,69 м², 1 этаж, габариты 9.06×12.46 м, материал стен — газобетон. На карточке показаны оригинальные планировки этажей. Сохраните планы дома и откройте проект, чтобы узнать подробности и актуальную стоимость.",https://catalog-plans.ru/catalog/65-75?utm_source=pinterest&utm_medium=organic&utm_campaign=generated_floor_plans_minimal_static_batch_63&utm_content=pin_11980_65-75_plans&utm_term=proekty-domov-s-planirovkami,,"проект дома 65-75, проект дома 84,69 м², планировка дома, планы этажей, готовый проект дома, оригинальная планировка, газобетон, catalog-plans.ru"
"Проект дома №40-70CEDRAL площадью 184,85 м² с планировками",https://raw.githubusercontent.com/nemchenik/test/6ba2fe170429aaf58e1b7a4bc220779b82af6c60/pinterest/generated_batch_61_floor_plans_sunset_static/40-70CEDRAL.jpg,Планы домов и коттеджей,,"Проект дома №40-70CEDRAL: площадь 184,85 м², 2 этажа, габариты 12.55×15.73 м, материал стен — кирпич. На карточке показаны оригинальные планировки этажей. Сохраните планы дома и откройте проект, чтобы узнать подробности и актуальную стоимость.",https://catalog-plans.ru/catalog/40-70CEDRAL?utm_source=pinterest&utm_medium=organic&utm_campaign=generated_floor_plans_sunset_static_batch_61&utm_content=pin_11581_40-70CEDRAL_plans&utm_term=proekty-domov-s-planirovkami,,"проект дома 40-70CEDRAL, проект дома 184,85 м², планировка дома, планы этажей, готовый проект дома, оригинальная планировка, кирпич, catalog-plans.ru"
"Проект дома №60-22 площадью 170,4 м² с планировками",https://raw.githubusercontent.com/nemchenik/test/6ba2fe170429aaf58e1b7a4bc220779b82af6c60/pinterest/generated_batch_62_floor_plans_forest_static/60-22.jpg,Удобные планировки домов,,"Проект дома №60-22: площадь 170,4 м², 2 этажа, габариты 9.8×11.7 м, материал стен — газобетон. На карточке показаны оригинальные планировки этажей. Сохраните планы дома и откройте проект, чтобы узнать подробности и актуальную стоимость.",https://catalog-plans.ru/catalog/60-22?utm_source=pinterest&utm_medium=organic&utm_campaign=generated_floor_plans_forest_static_batch_62&utm_content=pin_11781_60-22_plans&utm_term=proekty-domov-s-planirovkami,,"проект дома 60-22, проект дома 170,4 м², планировка дома, планы этажей, готовый проект дома, оригинальная планировка, газобетон, catalog-plans.ru"
"Проект дома №64-16B площадью 265,86 м² с планировками",https://raw.githubusercontent.com/nemchenik/test/6ba2fe170429aaf58e1b7a4bc220779b82af6c60/pinterest/generated_batch_63_floor_plans_minimal_static/64-16B.jpg,Современные проекты домов,,"Проект дома №64-16B: площадь 265,86 м², 1 этаж, габариты 18.3×26 м, материал стен — газобетон. На карточке показаны оригинальные планировки этажей. Сохраните планы дома и откройте проект, чтобы узнать подробности и актуальную стоимость.",https://catalog-plans.ru/catalog/64-16B?utm_source=pinterest&utm_medium=organic&utm_campaign=generated_floor_plans_minimal_static_batch_63&utm_content=pin_11981_64-16B_plans&utm_term=proekty-domov-s-planirovkami,,"проект дома 64-16B, проект дома 265,86 м², планировка дома, планы этажей, готовый проект дома, оригинальная планировка, газобетон, catalog-plans.ru"
"Проект дома №40-12 площадью 154,93 м² с планировками",https://raw.githubusercontent.com/nemchenik/test/6ba2fe170429aaf58e1b7a4bc220779b82af6c60/pinterest/generated_batch_61_floor_plans_sunset_static/40-12.jpg,Планы домов и коттеджей,,"Проект дома №40-12: площадь 154,93 м², 2 этажа, габариты 11.3×11.9 м, материал стен — кирпич. На карточке показаны оригинальные планировки этажей. Сохраните планы дома и откройте проект, чтобы узнать подробности и актуальную стоимость.",https://catalog-plans.ru/catalog/40-12?utm_source=pinterest&utm_medium=organic&utm_campaign=generated_floor_plans_sunset_static_batch_61&utm_content=pin_11582_40-12_plans&utm_term=proekty-domov-s-planirovkami,,"проект дома 40-12, проект дома 154,93 м², планировка дома, планы этажей, готовый проект дома, оригинальная планировка, кирпич, catalog-plans.ru"
"Проект дома №40-17BK2L площадью 151,34 м² с планировками",https://raw.githubusercontent.com/nemchenik/test/6ba2fe170429aaf58e1b7a4bc220779b82af6c60/pinterest/generated_batch_62_floor_plans_forest_static/40-17BK2L.jpg,Удобные планировки домов,,"Проект дома №40-17BK2L: площадь 151,34 м², 2 этажа, габариты 9×12 м, материал стен — кирпич. На карточке показаны оригинальные планировки этажей. Сохраните планы дома и откройте проект, чтобы узнать подробности и актуальную стоимость.",https://catalog-plans.ru/catalog/40-17BK2L?utm_source=pinterest&utm_medium=organic&utm_campaign=generated_floor_plans_forest_static_batch_62&utm_content=pin_11782_40-17BK2L_plans&utm_term=proekty-domov-s-planirovkami,,"проект дома 40-17BK2L, проект дома 151,34 м², планировка дома, планы этажей, готовый проект дома, оригинальная планировка, кирпич, catalog-plans.ru"
"Проект дома №57-00RK2L площадью 190,12 м² с планировками",https://raw.githubusercontent.com/nemchenik/test/6ba2fe170429aaf58e1b7a4bc220779b82af6c60/pinterest/generated_batch_63_floor_plans_minimal_static/57-00RK2L.jpg,Современные проекты домов,,"Проект дома №57-00RK2L: площадь 190,12 м², 2 этажа, габариты 12.72×13.17 м, материал стен — кирпич. На карточке показаны оригинальные планировки этажей. Сохраните планы дома и откройте проект, чтобы узнать подробности и актуальную стоимость.",https://catalog-plans.ru/catalog/57-00RK2L?utm_source=pinterest&utm_medium=organic&utm_campaign=generated_floor_plans_minimal_static_batch_63&utm_content=pin_11982_57-00RK2L_plans&utm_term=proekty-domov-s-planirovkami,,"проект дома 57-00RK2L, проект дома 190,12 м², планировка дома, планы этажей, готовый проект дома, оригинальная планировка, кирпич, catalog-plans.ru"
Проект дома №75-08 площадью 218 м² с планировками,https://raw.githubusercontent.com/nemchenik/test/6ba2fe170429aaf58e1b7a4bc220779b82af6c60/pinterest/generated_batch_61_floor_plans_sunset_static/75-08.jpg,Планы домов и коттеджей,,"Проект дома №75-08: площадь 218 м², 1 этаж, габариты 18.8×20.46 м, материал стен — керамзитобетон. На карточке показаны оригинальные планировки этажей. Сохраните планы дома и откройте проект, чтобы узнать подробности и актуальную стоимость.",https://catalog-plans.ru/catalog/75-08?utm_source=pinterest&utm_medium=organic&utm_campaign=generated_floor_plans_sunset_static_batch_61&utm_content=pin_11583_75-08_plans&utm_term=proekty-domov-s-planirovkami,,"проект дома 75-08, проект дома 218 м², планировка дома, планы этажей, готовый проект дома, оригинальная планировка, керамзитобетон, catalog-plans.ru"
"Проект дома №57-49L площадью 213,01 м² с планировками",https://raw.githubusercontent.com/nemchenik/test/6ba2fe170429aaf58e1b7a4bc220779b82af6c60/pinterest/generated_batch_62_floor_plans_forest_static/57-49L.jpg,Удобные планировки домов,,"Проект дома №57-49L: площадь 213,01 м², 2 этажа, габариты 13.5×13.8 м, материал стен — газобетон. На карточке показаны оригинальные планировки этажей. Сохраните планы дома и откройте проект, чтобы узнать подробности и актуальную стоимость.",https://catalog-plans.ru/catalog/57-49L?utm_source=pinterest&utm_medium=organic&utm_campaign=generated_floor_plans_forest_static_batch_62&utm_content=pin_11783_57-49L_plans&utm_term=proekty-domov-s-planirovkami,,"проект дома 57-49L, проект дома 213,01 м², планировка дома, планы этажей, готовый проект дома, оригинальная планировка, газобетон, catalog-plans.ru"
"Проект дома №58-97ML площадью 121,71 м² с планировками",https://raw.githubusercontent.com/nemchenik/test/6ba2fe170429aaf58e1b7a4bc220779b82af6c60/pinterest/generated_batch_63_floor_plans_minimal_static/58-97ML.jpg,Современные проекты домов,,"Проект дома №58-97ML: площадь 121,71 м², 1 этаж, габариты 13.27×13.57 м, материал стен — монолитный каркас. На карточке показаны оригинальные планировки этажей. Сохраните планы дома и откройте проект, чтобы узнать подробности и актуальную стоимость.",https://catalog-plans.ru/catalog/58-97ML?utm_source=pinterest&utm_medium=organic&utm_campaign=generated_floor_plans_minimal_static_batch_63&utm_content=pin_11983_58-97ML_plans&utm_term=proekty-domov-s-planirovkami,,"проект дома 58-97ML, проект дома 121,71 м², планировка дома, планы этажей, готовый проект дома, оригинальная планировка, монолитный каркас, catalog-plans.ru"
"Проект дома №80-18A площадью 203,52 м² с планировками",https://raw.githubusercontent.com/nemchenik/test/6ba2fe170429aaf58e1b7a4bc220779b82af6c60/pinterest/generated_batch_61_floor_plans_sunset_static/80-18A.jpg,Планы домов и коттеджей,,"Проект дома №80-18A: площадь 203,52 м², 2 этажа, габариты 14.26×17.23 м, материал стен — кирпич. На карточке показаны оригинальные планировки этажей. Сохраните планы дома и откройте проект, чтобы узнать подробности и актуальную стоимость.",https://catalog-plans.ru/catalog/80-18A?utm_source=pinterest&utm_medium=organic&utm_campaign=generated_floor_plans_sunset_static_batch_61&utm_content=pin_11584_80-18A_plans&utm_term=proekty-domov-s-planirovkami,,"проект дома 80-18A, проект дома 203,52 м², планировка дома, планы этажей, готовый проект дома, оригинальная планировка, кирпич, catalog-plans.ru"
"Проект дома №32-33 площадью 469,1 м² с планировками",https://raw.githubusercontent.com/nemchenik/test/6ba2fe170429aaf58e1b7a4bc220779b82af6c60/pinterest/generated_batch_62_floor_plans_forest_static/32-33.jpg,Удобные планировки домов,,"Проект дома №32-33: площадь 469,1 м², 2 этажа, габариты 13.2×20.2 м, материал стен — кирпич. На карточке показаны оригинальные планировки этажей. Сохраните планы дома и откройте проект, чтобы узнать подробности и актуальную стоимость.",https://catalog-plans.ru/catalog/32-33?utm_source=pinterest&utm_medium=organic&utm_campaign=generated_floor_plans_forest_static_batch_62&utm_content=pin_11784_32-33_plans&utm_term=proekty-domov-s-planirovkami,,"проект дома 32-33, проект дома 469,1 м², планировка дома, планы этажей, готовый проект дома, оригинальная планировка, кирпич, catalog-plans.ru"
"Проект дома №58-47BL площадью 157,2 м² с планировками",https://raw.githubusercontent.com/nemchenik/test/6ba2fe170429aaf58e1b7a4bc220779b82af6c60/pinterest/generated_batch_63_floor_plans_minimal_static/58-47BL.jpg,Современные проекты домов,,"Проект дома №58-47BL: площадь 157,2 м², 2 этажа, габариты 10.4×13.2 м, материал стен — газобетон. На карточке показаны оригинальные планировки этажей. Сохраните планы дома и откройте проект, чтобы узнать подробности и актуальную стоимость.",https://catalog-plans.ru/catalog/58-47BL?utm_source=pinterest&utm_medium=organic&utm_campaign=generated_floor_plans_minimal_static_batch_63&utm_content=pin_11984_58-47BL_plans&utm_term=proekty-domov-s-planirovkami,,"проект дома 58-47BL, проект дома 157,2 м², планировка дома, планы этажей, готовый проект дома, оригинальная планировка, газобетон, catalog-plans.ru"
"Проект дома №14-01 площадью 112,07 м² с планировками",https://raw.githubusercontent.com/nemchenik/test/6ba2fe170429aaf58e1b7a4bc220779b82af6c60/pinterest/generated_batch_61_floor_plans_sunset_static/14-01.jpg,Планы домов и коттеджей,,"Проект дома №14-01: площадь 112,07 м², 1 этаж, габариты 10.74×12.68 м, материал стен — дерево. На карточке показаны оригинальные планировки этажей. Сохраните планы дома и откройте проект, чтобы узнать подробности и актуальную стоимость.",https://catalog-plans.ru/catalog/14-01?utm_source=pinterest&utm_medium=organic&utm_campaign=generated_floor_plans_sunset_static_batch_61&utm_content=pin_11585_14-01_plans&utm_term=proekty-domov-s-planirovkami,,"проект дома 14-01, проект дома 112,07 м², планировка дома, планы этажей, готовый проект дома, оригинальная планировка, дерево, catalog-plans.ru"
"Проект дома №72-41 площадью 210,68 м² с планировками",https://raw.githubusercontent.com/nemchenik/test/6ba2fe170429aaf58e1b7a4bc220779b82af6c60/pinterest/generated_batch_62_floor_plans_forest_static/72-41.jpg,Удобные планировки домов,,"Проект дома №72-41: площадь 210,68 м², 2 этажа, габариты 13.54×13.58 м, материал стен — газобетон. На карточке показаны оригинальные планировки этажей. Сохраните планы дома и откройте проект, чтобы узнать подробности и актуальную стоимость.",https://catalog-plans.ru/catalog/72-41?utm_source=pinterest&utm_medium=organic&utm_campaign=generated_floor_plans_forest_static_batch_62&utm_content=pin_11785_72-41_plans&utm_term=proekty-domov-s-planirovkami,,"проект дома 72-41, проект дома 210,68 м², планировка дома, планы этажей, готовый проект дома, оригинальная планировка, газобетон, catalog-plans.ru"
"Проект дома №59-79DL площадью 143,75 м² с планировками",https://raw.githubusercontent.com/nemchenik/test/6ba2fe170429aaf58e1b7a4bc220779b82af6c60/pinterest/generated_batch_63_floor_plans_minimal_static/59-79DL.jpg,Современные проекты домов,,"Проект дома №59-79DL: площадь 143,75 м², 2 этажа, габариты 10.3×10.3 м, материал стен — газобетон. На карточке показаны оригинальные планировки этажей. Сохраните планы дома и откройте проект, чтобы узнать подробности и актуальную стоимость.",https://catalog-plans.ru/catalog/59-79DL?utm_source=pinterest&utm_medium=organic&utm_campaign=generated_floor_plans_minimal_static_batch_63&utm_content=pin_11985_59-79DL_plans&utm_term=proekty-domov-s-planirovkami,,"проект дома 59-79DL, проект дома 143,75 м², планировка дома, планы этажей, готовый проект дома, оригинальная планировка, газобетон, catalog-plans.ru"
"Проект дома №62-71R площадью 167,78 м² с планировками",https://raw.githubusercontent.com/nemchenik/test/6ba2fe170429aaf58e1b7a4bc220779b82af6c60/pinterest/generated_batch_61_floor_plans_sunset_static/62-71R.jpg,Планы домов и коттеджей,,"Проект дома №62-71R: площадь 167,78 м², 2 этажа, габариты 9×14.01 м, материал стен — монолитный каркас. На карточке показаны оригинальные планировки этажей. Сохраните планы дома и откройте проект, чтобы узнать подробности и актуальную стоимость.",https://catalog-plans.ru/catalog/62-71R?utm_source=pinterest&utm_medium=organic&utm_campaign=generated_floor_plans_sunset_static_batch_61&utm_content=pin_11586_62-71R_plans&utm_term=proekty-domov-s-planirovkami,,"проект дома 62-71R, проект дома 167,78 м², планировка дома, планы этажей, готовый проект дома, оригинальная планировка, монолитный каркас, catalog-plans.ru"
"Проект дома №40-39GL площадью 302,08 м² с планировками",https://raw.githubusercontent.com/nemchenik/test/6ba2fe170429aaf58e1b7a4bc220779b82af6c60/pinterest/generated_batch_62_floor_plans_forest_static/40-39GL.jpg,Удобные планировки домов,,"Проект дома №40-39GL: площадь 302,08 м², 2 этажа, габариты 16.28×17.04 м, материал стен — газобетон. На карточке показаны оригинальные планировки этажей. Сохраните планы дома и откройте проект, чтобы узнать подробности и актуальную стоимость.",https://catalog-plans.ru/catalog/40-39GL?utm_source=pinterest&utm_medium=organic&utm_campaign=generated_floor_plans_forest_static_batch_62&utm_content=pin_11786_40-39GL_plans&utm_term=proekty-domov-s-planirovkami,,"проект дома 40-39GL, проект дома 302,08 м², планировка дома, планы этажей, готовый проект дома, оригинальная планировка, газобетон, catalog-plans.ru"
"Проект дома №56-98K площадью 168,23 м² с планировками",https://raw.githubusercontent.com/nemchenik/test/6ba2fe170429aaf58e1b7a4bc220779b82af6c60/pinterest/generated_batch_63_floor_plans_minimal_static/56-98K.jpg,Современные проекты домов,,"Проект дома №56-98K: площадь 168,23 м², 2 этажа, габариты 11×12 м, материал стен — кирпич. На карточке показаны оригинальные планировки этажей. Сохраните планы дома и откройте проект, чтобы узнать подробности и актуальную стоимость.",https://catalog-plans.ru/catalog/56-98K?utm_source=pinterest&utm_medium=organic&utm_campaign=generated_floor_plans_minimal_static_batch_63&utm_content=pin_11986_56-98K_plans&utm_term=proekty-domov-s-planirovkami,,"проект дома 56-98K, проект дома 168,23 м², планировка дома, планы этажей, готовый проект дома, оригинальная планировка, кирпич, catalog-plans.ru"
"Проект дома №40-09CL площадью 445,75 м² с планировками",https://raw.githubusercontent.com/nemchenik/test/6ba2fe170429aaf58e1b7a4bc220779b82af6c60/pinterest/generated_batch_61_floor_plans_sunset_static/40-09CL.jpg,Планы домов и коттеджей,,"Проект дома №40-09CL: площадь 445,75 м², 3 этажа, габариты 20.85×26.76 м, материал стен — кирпич. На карточке показаны оригинальные планировки этажей. Сохраните планы дома и откройте проект, чтобы узнать подробности и актуальную стоимость.",https://catalog-plans.ru/catalog/40-09CL?utm_source=pinterest&utm_medium=organic&utm_campaign=generated_floor_plans_sunset_static_batch_61&utm_content=pin_11587_40-09CL_plans&utm_term=proekty-domov-s-planirovkami,,"проект дома 40-09CL, проект дома 445,75 м², планировка дома, планы этажей, готовый проект дома, оригинальная планировка, кирпич, catalog-plans.ru"
"Проект дома №59-95CAK1L площадью 377,04 м² с планировками",https://raw.githubusercontent.com/nemchenik/test/6ba2fe170429aaf58e1b7a4bc220779b82af6c60/pinterest/generated_batch_62_floor_plans_forest_static/59-95CAK1L.jpg,Удобные планировки домов,,"Проект дома №59-95CAK1L: площадь 377,04 м², 2 этажа, габариты 14.22×14.22 м, материал стен — кирпич. На карточке показаны оригинальные планировки этажей. Сохраните планы дома и откройте проект, чтобы узнать подробности и актуальную стоимость.",https://catalog-plans.ru/catalog/59-95CAK1L?utm_source=pinterest&utm_medium=organic&utm_campaign=generated_floor_plans_forest_static_batch_62&utm_content=pin_11787_59-95CAK1L_plans&utm_term=proekty-domov-s-planirovkami,,"проект дома 59-95CAK1L, проект дома 377,04 м², планировка дома, планы этажей, готовый проект дома, оригинальная планировка, кирпич, catalog-plans.ru"
"Проект дома №62-07AE площадью 168,94 м² с планировками",https://raw.githubusercontent.com/nemchenik/test/6ba2fe170429aaf58e1b7a4bc220779b82af6c60/pinterest/generated_batch_63_floor_plans_minimal_static/62-07AE.jpg,Современные проекты домов,,"Проект дома №62-07AE: площадь 168,94 м², 2 этажа, габариты 11.05×12.3 м, материал стен — газобетон. На карточке показаны оригинальные планировки этажей. Сохраните планы дома и откройте проект, чтобы узнать подробности и актуальную стоимость.",https://catalog-plans.ru/catalog/62-07AE?utm_source=pinterest&utm_medium=organic&utm_campaign=generated_floor_plans_minimal_static_batch_63&utm_content=pin_11987_62-07AE_plans&utm_term=proekty-domov-s-planirovkami,,"проект дома 62-07AE, проект дома 168,94 м², планировка дома, планы этажей, готовый проект дома, оригинальная планировка, газобетон, catalog-plans.ru"
Проект дома №47-20 площадью 131 м² с планировками,https://raw.githubusercontent.com/nemchenik/test/6ba2fe170429aaf58e1b7a4bc220779b82af6c60/pinterest/generated_batch_61_floor_plans_sunset_static/47-20.jpg,Планы домов и коттеджей,,"Проект дома №47-20: площадь 131 м², 2 этажа, габариты 13.2×13.8 м, материал стен — газобетон. На карточке показаны оригинальные планировки этажей. Сохраните планы дома и откройте проект, чтобы узнать подробности и актуальную стоимость.",https://catalog-plans.ru/catalog/47-20?utm_source=pinterest&utm_medium=organic&utm_campaign=generated_floor_plans_sunset_static_batch_61&utm_content=pin_11588_47-20_plans&utm_term=proekty-domov-s-planirovkami,,"проект дома 47-20, проект дома 131 м², планировка дома, планы этажей, готовый проект дома, оригинальная планировка, газобетон, catalog-plans.ru"
"Проект дома №57-48A площадью 267,12 м² с планировками",https://raw.githubusercontent.com/nemchenik/test/6ba2fe170429aaf58e1b7a4bc220779b82af6c60/pinterest/generated_batch_62_floor_plans_forest_static/57-48A.jpg,Удобные планировки домов,,"Проект дома №57-48A: площадь 267,12 м², 2 этажа, габариты 13.86×14.26 м, материал стен — газобетон. На карточке показаны оригинальные планировки этажей. Сохраните планы дома и откройте проект, чтобы узнать подробности и актуальную стоимость.",https://catalog-plans.ru/catalog/57-48A?utm_source=pinterest&utm_medium=organic&utm_campaign=generated_floor_plans_forest_static_batch_62&utm_content=pin_11788_57-48A_plans&utm_term=proekty-domov-s-planirovkami,,"проект дома 57-48A, проект дома 267,12 м², планировка дома, планы этажей, готовый проект дома, оригинальная планировка, газобетон, catalog-plans.ru"
"Проект дома №40-12BAK1L площадью 167,44 м² с планировками",https://raw.githubusercontent.com/nemchenik/test/6ba2fe170429aaf58e1b7a4bc220779b82af6c60/pinterest/generated_batch_63_floor_plans_minimal_static/40-12BAK1L.jpg,Современные проекты домов,,"Проект дома №40-12BAK1L: площадь 167,44 м², 2 этажа, габариты 12.02×12.8 м, материал стен — кирпич. На карточке показаны оригинальные планировки этажей. Сохраните планы дома и откройте проект, чтобы узнать подробности и актуальную стоимость.",https://catalog-plans.ru/catalog/40-12BAK1L?utm_source=pinterest&utm_medium=organic&utm_campaign=generated_floor_plans_minimal_static_batch_63&utm_content=pin_11988_40-12BAK1L_plans&utm_term=proekty-domov-s-planirovkami,,"проект дома 40-12BAK1L, проект дома 167,44 м², планировка дома, планы этажей, готовый проект дома, оригинальная планировка, кирпич, catalog-plans.ru"
"Проект дома №63-41AL площадью 141,37 м² с планировками",https://raw.githubusercontent.com/nemchenik/test/6ba2fe170429aaf58e1b7a4bc220779b82af6c60/pinterest/generated_batch_61_floor_plans_sunset_static/63-41AL.jpg,Планы домов и коттеджей,,"Проект дома №63-41AL: площадь 141,37 м², 1 этаж, габариты 13.3×14.26 м, материал стен — газобетон. На карточке показаны оригинальные планировки этажей. Сохраните планы дома и откройте проект, чтобы узнать подробности и актуальную стоимость.",https://catalog-plans.ru/catalog/63-41AL?utm_source=pinterest&utm_medium=organic&utm_campaign=generated_floor_plans_sunset_static_batch_61&utm_content=pin_11589_63-41AL_plans&utm_term=proekty-domov-s-planirovkami,,"проект дома 63-41AL, проект дома 141,37 м², планировка дома, планы этажей, готовый проект дома, оригинальная планировка, газобетон, catalog-plans.ru"
"Проект дома №72-49 площадью 321,4 м² с планировками",https://raw.githubusercontent.com/nemchenik/test/6ba2fe170429aaf58e1b7a4bc220779b82af6c60/pinterest/generated_batch_62_floor_plans_forest_static/72-49.jpg,Удобные планировки домов,,"Проект дома №72-49: площадь 321,4 м², 2 этажа, габариты 17.3×22.55 м, материал стен — газобетон. На карточке показаны оригинальные планировки этажей. Сохраните планы дома и откройте проект, чтобы узнать подробности и актуальную стоимость.",https://catalog-plans.ru/catalog/72-49?utm_source=pinterest&utm_medium=organic&utm_campaign=generated_floor_plans_forest_static_batch_62&utm_content=pin_11789_72-49_plans&utm_term=proekty-domov-s-planirovkami,,"проект дома 72-49, проект дома 321,4 м², планировка дома, планы этажей, готовый проект дома, оригинальная планировка, газобетон, catalog-plans.ru"
"Проект дома №45-57TG площадью 231,35 м² с планировками",https://raw.githubusercontent.com/nemchenik/test/6ba2fe170429aaf58e1b7a4bc220779b82af6c60/pinterest/generated_batch_63_floor_plans_minimal_static/45-57TG.jpg,Современные проекты домов,,"Проект дома №45-57TG: площадь 231,35 м², 2 этажа, габариты 11.14×19.96 м, материал стен — газобетон. На карточке показаны оригинальные планировки этажей. Сохраните планы дома и откройте проект, чтобы узнать подробности и актуальную стоимость.",https://catalog-plans.ru/catalog/45-57TG?utm_source=pinterest&utm_medium=organic&utm_campaign=generated_floor_plans_minimal_static_batch_63&utm_content=pin_11989_45-57TG_plans&utm_term=proekty-domov-s-planirovkami,,"проект дома 45-57TG, проект дома 231,35 м², планировка дома, планы этажей, готовый проект дома, оригинальная планировка, газобетон, catalog-plans.ru"
"Проект дома №71-29 площадью 64,77 м² с планировками",https://raw.githubusercontent.com/nemchenik/test/6ba2fe170429aaf58e1b7a4bc220779b82af6c60/pinterest/generated_batch_61_floor_plans_sunset_static/71-29.jpg,Планы домов и коттеджей,,"Проект дома №71-29: площадь 64,77 м², 1 этаж, габариты 10.16×12.02 м, материал стен — деревянный каркас. На карточке показаны оригинальные планировки этажей. Сохраните планы дома и откройте проект, чтобы узнать подробности и актуальную стоимость.",https://catalog-plans.ru/catalog/71-29?utm_source=pinterest&utm_medium=organic&utm_campaign=generated_floor_plans_sunset_static_batch_61&utm_content=pin_11590_71-29_plans&utm_term=proekty-domov-s-planirovkami,,"проект дома 71-29, проект дома 64,77 м², планировка дома, планы этажей, готовый проект дома, оригинальная планировка, деревянный каркас, catalog-plans.ru"
"Проект дома №40-11JGL площадью 277,43 м² с планировками",https://raw.githubusercontent.com/nemchenik/test/6ba2fe170429aaf58e1b7a4bc220779b82af6c60/pinterest/generated_batch_62_floor_plans_forest_static/40-11JGL.jpg,Удобные планировки домов,,"Проект дома №40-11JGL: площадь 277,43 м², 3 этажа, габариты 13.86×20.02 м, материал стен — газобетон. На карточке показаны оригинальные планировки этажей. Сохраните планы дома и откройте проект, чтобы узнать подробности и актуальную стоимость.",https://catalog-plans.ru/catalog/40-11JGL?utm_source=pinterest&utm_medium=organic&utm_campaign=generated_floor_plans_forest_static_batch_62&utm_content=pin_11790_40-11JGL_plans&utm_term=proekty-domov-s-planirovkami,,"проект дома 40-11JGL, проект дома 277,43 м², планировка дома, планы этажей, готовый проект дома, оригинальная планировка, газобетон, catalog-plans.ru"
"Проект дома №57-36 площадью 178,58 м² с планировками",https://raw.githubusercontent.com/nemchenik/test/6ba2fe170429aaf58e1b7a4bc220779b82af6c60/pinterest/generated_batch_63_floor_plans_minimal_static/57-36.jpg,Современные проекты домов,,"Проект дома №57-36: площадь 178,58 м², 2 этажа, габариты 10.7×14 м, материал стен — газобетон. На карточке показаны оригинальные планировки этажей. Сохраните планы дома и откройте проект, чтобы узнать подробности и актуальную стоимость.",https://catalog-plans.ru/catalog/57-36?utm_source=pinterest&utm_medium=organic&utm_campaign=generated_floor_plans_minimal_static_batch_63&utm_content=pin_11990_57-36_plans&utm_term=proekty-domov-s-planirovkami,,"проект дома 57-36, проект дома 178,58 м², планировка дома, планы этажей, готовый проект дома, оригинальная планировка, газобетон, catalog-plans.ru"
"Проект дома №63-05ABB площадью 178,85 м² с планировками",https://raw.githubusercontent.com/nemchenik/test/6ba2fe170429aaf58e1b7a4bc220779b82af6c60/pinterest/generated_batch_61_floor_plans_sunset_static/63-05ABB.jpg,Планы домов и коттеджей,,"Проект дома №63-05ABB: площадь 178,85 м², 2 этажа, габариты 8.66×10.4 м, материал стен — газобетон. На карточке показаны оригинальные планировки этажей. Сохраните планы дома и откройте проект, чтобы узнать подробности и актуальную стоимость.",https://catalog-plans.ru/catalog/63-05ABB?utm_source=pinterest&utm_medium=organic&utm_campaign=generated_floor_plans_sunset_static_batch_61&utm_content=pin_11591_63-05ABB_plans&utm_term=proekty-domov-s-planirovkami,,"проект дома 63-05ABB, проект дома 178,85 м², планировка дома, планы этажей, готовый проект дома, оригинальная планировка, газобетон, catalog-plans.ru"
"Проект дома №45-08TBAG площадью 258,95 м² с планировками",https://raw.githubusercontent.com/nemchenik/test/6ba2fe170429aaf58e1b7a4bc220779b82af6c60/pinterest/generated_batch_62_floor_plans_forest_static/45-08TBAG.jpg,Удобные планировки домов,,"Проект дома №45-08TBAG: площадь 258,95 м², 1 этаж, габариты 16.005×26.2 м, материал стен — газобетон. На карточке показаны оригинальные планировки этажей. Сохраните планы дома и откройте проект, чтобы узнать подробности и актуальную стоимость.",https://catalog-plans.ru/catalog/45-08TBAG?utm_source=pinterest&utm_medium=organic&utm_campaign=generated_floor_plans_forest_static_batch_62&utm_content=pin_11791_45-08TBAG_plans&utm_term=proekty-domov-s-planirovkami,,"проект дома 45-08TBAG, проект дома 258,95 м², планировка дома, планы этажей, готовый проект дома, оригинальная планировка, газобетон, catalog-plans.ru"
"Проект дома №35-32 площадью 359,3 м² с планировками",https://raw.githubusercontent.com/nemchenik/test/6ba2fe170429aaf58e1b7a4bc220779b82af6c60/pinterest/generated_batch_63_floor_plans_minimal_static/35-32.jpg,Современные проекты домов,,"Проект дома №35-32: площадь 359,3 м², 2 этажа, габариты 22.97×25.18 м, материал стен — кирпич. На карточке показаны оригинальные планировки этажей. Сохраните планы дома и откройте проект, чтобы узнать подробности и актуальную стоимость.",https://catalog-plans.ru/catalog/35-32?utm_source=pinterest&utm_medium=organic&utm_campaign=generated_floor_plans_minimal_static_batch_63&utm_content=pin_11991_35-32_plans&utm_term=proekty-domov-s-planirovkami,,"проект дома 35-32, проект дома 359,3 м², планировка дома, планы этажей, готовый проект дома, оригинальная планировка, кирпич, catalog-plans.ru"
"Проект дома №57-30KL площадью 191,95 м² с планировками",https://raw.githubusercontent.com/nemchenik/test/6ba2fe170429aaf58e1b7a4bc220779b82af6c60/pinterest/generated_batch_61_floor_plans_sunset_static/57-30KL.jpg,Планы домов и коттеджей,,"Проект дома №57-30KL: площадь 191,95 м², 2 этажа, габариты 12.02×12.67 м, материал стен — кирпич. На карточке показаны оригинальные планировки этажей. Сохраните планы дома и откройте проект, чтобы узнать подробности и актуальную стоимость.",https://catalog-plans.ru/catalog/57-30KL?utm_source=pinterest&utm_medium=organic&utm_campaign=generated_floor_plans_sunset_static_batch_61&utm_content=pin_11592_57-30KL_plans&utm_term=proekty-domov-s-planirovkami,,"проект дома 57-30KL, проект дома 191,95 м², планировка дома, планы этажей, готовый проект дома, оригинальная планировка, кирпич, catalog-plans.ru"
"Проект дома №68-14M площадью 370,63 м² с планировками",https://raw.githubusercontent.com/nemchenik/test/6ba2fe170429aaf58e1b7a4bc220779b82af6c60/pinterest/generated_batch_62_floor_plans_forest_static/68-14M.jpg,Удобные планировки домов,,"Проект дома №68-14M: площадь 370,63 м², 2 этажа, габариты 16×20.2 м, материал стен — монолитный каркас. На карточке показаны оригинальные планировки этажей. Сохраните планы дома и откройте проект, чтобы узнать подробности и актуальную стоимость.",https://catalog-plans.ru/catalog/68-14M?utm_source=pinterest&utm_medium=organic&utm_campaign=generated_floor_plans_forest_static_batch_62&utm_content=pin_11792_68-14M_plans&utm_term=proekty-domov-s-planirovkami,,"проект дома 68-14M, проект дома 370,63 м², планировка дома, планы этажей, готовый проект дома, оригинальная планировка, монолитный каркас, catalog-plans.ru"
"Проект дома №45-64NMABG площадью 148,8 м² с планировками",https://raw.githubusercontent.com/nemchenik/test/6ba2fe170429aaf58e1b7a4bc220779b82af6c60/pinterest/generated_batch_63_floor_plans_minimal_static/45-64NMABG.jpg,Современные проекты домов,,"Проект дома №45-64NMABG: площадь 148,8 м², 2 этажа, габариты 9.44×12.44 м, материал стен — газобетон. На карточке показаны оригинальные планировки этажей. Сохраните планы дома и откройте проект, чтобы узнать подробности и актуальную стоимость.",https://catalog-plans.ru/catalog/45-64NMABG?utm_source=pinterest&utm_medium=organic&utm_campaign=generated_floor_plans_minimal_static_batch_63&utm_content=pin_11992_45-64NMABG_plans&utm_term=proekty-domov-s-planirovkami,,"проект дома 45-64NMABG, проект дома 148,8 м², планировка дома, планы этажей, готовый проект дома, оригинальная планировка, газобетон, catalog-plans.ru"
"Проект дома №40-12K1L площадью 155,89 м² с планировками",https://raw.githubusercontent.com/nemchenik/test/6ba2fe170429aaf58e1b7a4bc220779b82af6c60/pinterest/generated_batch_61_floor_plans_sunset_static/40-12K1L.jpg,Планы домов и коттеджей,,"Проект дома №40-12K1L: площадь 155,89 м², 2 этажа, габариты 11.42×12.02 м, материал стен — кирпич. На карточке показаны оригинальные планировки этажей. Сохраните планы дома и откройте проект, чтобы узнать подробности и актуальную стоимость.",https://catalog-plans.ru/catalog/40-12K1L?utm_source=pinterest&utm_medium=organic&utm_campaign=generated_floor_plans_sunset_static_batch_61&utm_content=pin_11593_40-12K1L_plans&utm_term=proekty-domov-s-planirovkami,,"проект дома 40-12K1L, проект дома 155,89 м², планировка дома, планы этажей, готовый проект дома, оригинальная планировка, кирпич, catalog-plans.ru"
"Проект дома №62-80AB площадью 202,16 м² с планировками",https://raw.githubusercontent.com/nemchenik/test/6ba2fe170429aaf58e1b7a4bc220779b82af6c60/pinterest/generated_batch_62_floor_plans_forest_static/62-80AB.jpg,Удобные планировки домов,,"Проект дома №62-80AB: площадь 202,16 м², 2 этажа, габариты 11.29×14.23 м, материал стен — газобетон. На карточке показаны оригинальные планировки этажей. Сохраните планы дома и откройте проект, чтобы узнать подробности и актуальную стоимость.",https://catalog-plans.ru/catalog/62-80AB?utm_source=pinterest&utm_medium=organic&utm_campaign=generated_floor_plans_forest_static_batch_62&utm_content=pin_11793_62-80AB_plans&utm_term=proekty-domov-s-planirovkami,,"проект дома 62-80AB, проект дома 202,16 м², планировка дома, планы этажей, готовый проект дома, оригинальная планировка, газобетон, catalog-plans.ru"
"Проект дома №62-64AB площадью 175,41 м² с планировками",https://raw.githubusercontent.com/nemchenik/test/6ba2fe170429aaf58e1b7a4bc220779b82af6c60/pinterest/generated_batch_63_floor_plans_minimal_static/62-64AB.jpg,Современные проекты домов,,"Проект дома №62-64AB: площадь 175,41 м², 1 этаж, габариты 11.8×23.1 м, материал стен — газобетон. На карточке показаны оригинальные планировки этажей. Сохраните планы дома и откройте проект, чтобы узнать подробности и актуальную стоимость.",https://catalog-plans.ru/catalog/62-64AB?utm_source=pinterest&utm_medium=organic&utm_campaign=generated_floor_plans_minimal_static_batch_63&utm_content=pin_11993_62-64AB_plans&utm_term=proekty-domov-s-planirovkami,,"проект дома 62-64AB, проект дома 175,41 м², планировка дома, планы этажей, готовый проект дома, оригинальная планировка, газобетон, catalog-plans.ru"
"Проект дома №48-00 площадью 218,5 м² с планировками",https://raw.githubusercontent.com/nemchenik/test/6ba2fe170429aaf58e1b7a4bc220779b82af6c60/pinterest/generated_batch_61_floor_plans_sunset_static/48-00.jpg,Планы домов и коттеджей,,"Проект дома №48-00: площадь 218,5 м², 2 этажа, габариты 11.4×13.2 м, материал стен — газобетон. На карточке показаны оригинальные планировки этажей. Сохраните планы дома и откройте проект, чтобы узнать подробности и актуальную стоимость.",https://catalog-plans.ru/catalog/48-00?utm_source=pinterest&utm_medium=organic&utm_campaign=generated_floor_plans_sunset_static_batch_61&utm_content=pin_11594_48-00_plans&utm_term=proekty-domov-s-planirovkami,,"проект дома 48-00, проект дома 218,5 м², планировка дома, планы этажей, готовый проект дома, оригинальная планировка, газобетон, catalog-plans.ru"
"Проект дома №57-49K площадью 213,01 м² с планировками",https://raw.githubusercontent.com/nemchenik/test/6ba2fe170429aaf58e1b7a4bc220779b82af6c60/pinterest/generated_batch_62_floor_plans_forest_static/57-49K.jpg,Удобные планировки домов,,"Проект дома №57-49K: площадь 213,01 м², 2 этажа, габариты 13.36×13.66 м, материал стен — кирпич. На карточке показаны оригинальные планировки этажей. Сохраните планы дома и откройте проект, чтобы узнать подробности и актуальную стоимость.",https://catalog-plans.ru/catalog/57-49K?utm_source=pinterest&utm_medium=organic&utm_campaign=generated_floor_plans_forest_static_batch_62&utm_content=pin_11794_57-49K_plans&utm_term=proekty-domov-s-planirovkami,,"проект дома 57-49K, проект дома 213,01 м², планировка дома, планы этажей, готовый проект дома, оригинальная планировка, кирпич, catalog-plans.ru"
"Проект дома №62-11B площадью 353,56 м² с планировками",https://raw.githubusercontent.com/nemchenik/test/6ba2fe170429aaf58e1b7a4bc220779b82af6c60/pinterest/generated_batch_63_floor_plans_minimal_static/62-11B.jpg,Современные проекты домов,,"Проект дома №62-11B: площадь 353,56 м², 2 этажа, габариты 12.3×21.5 м, материал стен — газобетон. На карточке показаны оригинальные планировки этажей. Сохраните планы дома и откройте проект, чтобы узнать подробности и актуальную стоимость.",https://catalog-plans.ru/catalog/62-11B?utm_source=pinterest&utm_medium=organic&utm_campaign=generated_floor_plans_minimal_static_batch_63&utm_content=pin_11994_62-11B_plans&utm_term=proekty-domov-s-planirovkami,,"проект дома 62-11B, проект дома 353,56 м², планировка дома, планы этажей, готовый проект дома, оригинальная планировка, газобетон, catalog-plans.ru"
Проект дома №51-21 площадью 301 м² с планировками,https://raw.githubusercontent.com/nemchenik/test/6ba2fe170429aaf58e1b7a4bc220779b82af6c60/pinterest/generated_batch_61_floor_plans_sunset_static/51-21.jpg,Планы домов и коттеджей,,"Проект дома №51-21: площадь 301 м², 2 этажа, габариты 13.6×14.6 м, материал стен — газобетон. На карточке показаны оригинальные планировки этажей. Сохраните планы дома и откройте проект, чтобы узнать подробности и актуальную стоимость.",https://catalog-plans.ru/catalog/51-21?utm_source=pinterest&utm_medium=organic&utm_campaign=generated_floor_plans_sunset_static_batch_61&utm_content=pin_11595_51-21_plans&utm_term=proekty-domov-s-planirovkami,,"проект дома 51-21, проект дома 301 м², планировка дома, планы этажей, готовый проект дома, оригинальная планировка, газобетон, catalog-plans.ru"
"Проект дома №58-49K площадью 291,45 м² с планировками",https://raw.githubusercontent.com/nemchenik/test/6ba2fe170429aaf58e1b7a4bc220779b82af6c60/pinterest/generated_batch_62_floor_plans_forest_static/58-49K.jpg,Удобные планировки домов,,"Проект дома №58-49K: площадь 291,45 м², 2 этажа, габариты 12.45×12.95 м, материал стен — кирпич. На карточке показаны оригинальные планировки этажей. Сохраните планы дома и откройте проект, чтобы узнать подробности и актуальную стоимость.",https://catalog-plans.ru/catalog/58-49K?utm_source=pinterest&utm_medium=organic&utm_campaign=generated_floor_plans_forest_static_batch_62&utm_content=pin_11795_58-49K_plans&utm_term=proekty-domov-s-planirovkami,,"проект дома 58-49K, проект дома 291,45 м², планировка дома, планы этажей, готовый проект дома, оригинальная планировка, кирпич, catalog-plans.ru"
"Проект дома №58-34K площадью 143,63 м² с планировками",https://raw.githubusercontent.com/nemchenik/test/6ba2fe170429aaf58e1b7a4bc220779b82af6c60/pinterest/generated_batch_63_floor_plans_minimal_static/58-34K.jpg,Современные проекты домов,,"Проект дома №58-34K: площадь 143,63 м², 2 этажа, габариты 10.87×11 м, материал стен — кирпич. На карточке показаны оригинальные планировки этажей. Сохраните планы дома и откройте проект, чтобы узнать подробности и актуальную стоимость.",https://catalog-plans.ru/catalog/58-34K?utm_source=pinterest&utm_medium=organic&utm_campaign=generated_floor_plans_minimal_static_batch_63&utm_content=pin_11995_58-34K_plans&utm_term=proekty-domov-s-planirovkami,,"проект дома 58-34K, проект дома 143,63 м², планировка дома, планы этажей, готовый проект дома, оригинальная планировка, кирпич, catalog-plans.ru"
"Проект дома №40-49BL площадью 264,68 м² с планировками",https://raw.githubusercontent.com/nemchenik/test/6ba2fe170429aaf58e1b7a4bc220779b82af6c60/pinterest/generated_batch_61_floor_plans_sunset_static/40-49BL.jpg,Планы домов и коттеджей,,"Проект дома №40-49BL: площадь 264,68 м², 2 этажа, габариты 13.19×17.91 м, материал стен — кирпич. На карточке показаны оригинальные планировки этажей. Сохраните планы дома и откройте проект, чтобы узнать подробности и актуальную стоимость.",https://catalog-plans.ru/catalog/40-49BL?utm_source=pinterest&utm_medium=organic&utm_campaign=generated_floor_plans_sunset_static_batch_61&utm_content=pin_11596_40-49BL_plans&utm_term=proekty-domov-s-planirovkami,,"проект дома 40-49BL, проект дома 264,68 м², планировка дома, планы этажей, готовый проект дома, оригинальная планировка, кирпич, catalog-plans.ru"
"Проект дома №35-15 площадью 343,3 м² с планировками",https://raw.githubusercontent.com/nemchenik/test/6ba2fe170429aaf58e1b7a4bc220779b82af6c60/pinterest/generated_batch_62_floor_plans_forest_static/35-15.jpg,Удобные планировки домов,,"Проект дома №35-15: площадь 343,3 м², 3 этажа, габариты 14.1×18.6 м, материал стен — кирпич. На карточке показаны оригинальные планировки этажей. Сохраните планы дома и откройте проект, чтобы узнать подробности и актуальную стоимость.",https://catalog-plans.ru/catalog/35-15?utm_source=pinterest&utm_medium=organic&utm_campaign=generated_floor_plans_forest_static_batch_62&utm_content=pin_11796_35-15_plans&utm_term=proekty-domov-s-planirovkami,,"проект дома 35-15, проект дома 343,3 м², планировка дома, планы этажей, готовый проект дома, оригинальная планировка, кирпич, catalog-plans.ru"
"Проект дома №33-76 площадью 800,4 м² с планировками",https://raw.githubusercontent.com/nemchenik/test/6ba2fe170429aaf58e1b7a4bc220779b82af6c60/pinterest/generated_batch_63_floor_plans_minimal_static/33-76.jpg,Современные проекты домов,,"Проект дома №33-76: площадь 800,4 м², 3 этажа, габариты 17.67×22.14 м, материал стен — кирпич. На карточке показаны оригинальные планировки этажей. Сохраните планы дома и откройте проект, чтобы узнать подробности и актуальную стоимость.",https://catalog-plans.ru/catalog/33-76?utm_source=pinterest&utm_medium=organic&utm_campaign=generated_floor_plans_minimal_static_batch_63&utm_content=pin_11996_33-76_plans&utm_term=proekty-domov-s-planirovkami,,"проект дома 33-76, проект дома 800,4 м², планировка дома, планы этажей, готовый проект дома, оригинальная планировка, кирпич, catalog-plans.ru"
"Проект дома №57-63EK площадью 149,8 м² с планировками",https://raw.githubusercontent.com/nemchenik/test/6ba2fe170429aaf58e1b7a4bc220779b82af6c60/pinterest/generated_batch_61_floor_plans_sunset_static/57-63EK.jpg,Планы домов и коттеджей,,"Проект дома №57-63EK: площадь 149,8 м², 2 этажа, габариты 9.6×12.2 м, материал стен — керамзитобетон. На карточке показаны оригинальные планировки этажей. Сохраните планы дома и откройте проект, чтобы узнать подробности и актуальную стоимость.",https://catalog-plans.ru/catalog/57-63EK?utm_source=pinterest&utm_medium=organic&utm_campaign=generated_floor_plans_sunset_static_batch_61&utm_content=pin_11597_57-63EK_plans&utm_term=proekty-domov-s-planirovkami,,"проект дома 57-63EK, проект дома 149,8 м², планировка дома, планы этажей, готовый проект дома, оригинальная планировка, керамзитобетон, catalog-plans.ru"
"Проект дома №62-19A площадью 120,63 м² с планировками",https://raw.githubusercontent.com/nemchenik/test/6ba2fe170429aaf58e1b7a4bc220779b82af6c60/pinterest/generated_batch_62_floor_plans_forest_static/62-19A.jpg,Удобные планировки домов,,"Проект дома №62-19A: площадь 120,63 м², 1 этаж, габариты 14.57×16.72 м, материал стен — деревянный каркас. На карточке показаны оригинальные планировки этажей. Сохраните планы дома и откройте проект, чтобы узнать подробности и актуальную стоимость.",https://catalog-plans.ru/catalog/62-19A?utm_source=pinterest&utm_medium=organic&utm_campaign=generated_floor_plans_forest_static_batch_62&utm_content=pin_11797_62-19A_plans&utm_term=proekty-domov-s-planirovkami,,"проект дома 62-19A, проект дома 120,63 м², планировка дома, планы этажей, готовый проект дома, оригинальная планировка, деревянный каркас, catalog-plans.ru"
"Проект дома №47-44 площадью 195,4 м² с планировками",https://raw.githubusercontent.com/nemchenik/test/6ba2fe170429aaf58e1b7a4bc220779b82af6c60/pinterest/generated_batch_63_floor_plans_minimal_static/47-44.jpg,Современные проекты домов,,"Проект дома №47-44: площадь 195,4 м², 3 этажа, габариты 10.5×15.62 м, материал стен — кирпич. На карточке показаны оригинальные планировки этажей. Сохраните планы дома и откройте проект, чтобы узнать подробности и актуальную стоимость.",https://catalog-plans.ru/catalog/47-44?utm_source=pinterest&utm_medium=organic&utm_campaign=generated_floor_plans_minimal_static_batch_63&utm_content=pin_11997_47-44_plans&utm_term=proekty-domov-s-planirovkami,,"проект дома 47-44, проект дома 195,4 м², планировка дома, планы этажей, готовый проект дома, оригинальная планировка, кирпич, catalog-plans.ru"
"Проект дома №58-18 площадью 195,97 м² с планировками",https://raw.githubusercontent.com/nemchenik/test/6ba2fe170429aaf58e1b7a4bc220779b82af6c60/pinterest/generated_batch_61_floor_plans_sunset_static/58-18.jpg,Планы домов и коттеджей,,"Проект дома №58-18: площадь 195,97 м², 2 этажа, габариты 10.7×16 м, материал стен — газобетон. На карточке показаны оригинальные планировки этажей. Сохраните планы дома и откройте проект, чтобы узнать подробности и актуальную стоимость.",https://catalog-plans.ru/catalog/58-18?utm_source=pinterest&utm_medium=organic&utm_campaign=generated_floor_plans_sunset_static_batch_61&utm_content=pin_11598_58-18_plans&utm_term=proekty-domov-s-planirovkami,,"проект дома 58-18, проект дома 195,97 м², планировка дома, планы этажей, готовый проект дома, оригинальная планировка, газобетон, catalog-plans.ru"
"Проект дома №36-29 площадью 252,68 м² с планировками",https://raw.githubusercontent.com/nemchenik/test/6ba2fe170429aaf58e1b7a4bc220779b82af6c60/pinterest/generated_batch_62_floor_plans_forest_static/36-29.jpg,Удобные планировки домов,,"Проект дома №36-29: площадь 252,68 м², 2 этажа, габариты 15.52×16.33 м, материал стен — кирпич. На карточке показаны оригинальные планировки этажей. Сохраните планы дома и откройте проект, чтобы узнать подробности и актуальную стоимость.",https://catalog-plans.ru/catalog/36-29?utm_source=pinterest&utm_medium=organic&utm_campaign=generated_floor_plans_forest_static_batch_62&utm_content=pin_11798_36-29_plans&utm_term=proekty-domov-s-planirovkami,,"проект дома 36-29, проект дома 252,68 м², планировка дома, планы этажей, готовый проект дома, оригинальная планировка, кирпич, catalog-plans.ru"
"Проект дома №62-07P площадью 138,1 м² с планировками",https://raw.githubusercontent.com/nemchenik/test/6ba2fe170429aaf58e1b7a4bc220779b82af6c60/pinterest/generated_batch_63_floor_plans_minimal_static/62-07P.jpg,Современные проекты домов,,"Проект дома №62-07P: площадь 138,1 м², 2 этажа, габариты 12×13 м, материал стен — газобетон. На карточке показаны оригинальные планировки этажей. Сохраните планы дома и откройте проект, чтобы узнать подробности и актуальную стоимость.",https://catalog-plans.ru/catalog/62-07P?utm_source=pinterest&utm_medium=organic&utm_campaign=generated_floor_plans_minimal_static_batch_63&utm_content=pin_11998_62-07P_plans&utm_term=proekty-domov-s-planirovkami,,"проект дома 62-07P, проект дома 138,1 м², планировка дома, планы этажей, готовый проект дома, оригинальная планировка, газобетон, catalog-plans.ru"
"Проект дома №62-68M площадью 211,31 м² с планировками",https://raw.githubusercontent.com/nemchenik/test/6ba2fe170429aaf58e1b7a4bc220779b82af6c60/pinterest/generated_batch_61_floor_plans_sunset_static/62-68M.jpg,Планы домов и коттеджей,,"Проект дома №62-68M: площадь 211,31 м², 2 этажа, габариты 14.46×19.31 м, материал стен — монолитный каркас. На карточке показаны оригинальные планировки этажей. Сохраните планы дома и откройте проект, чтобы узнать подробности и актуальную стоимость.",https://catalog-plans.ru/catalog/62-68M?utm_source=pinterest&utm_medium=organic&utm_campaign=generated_floor_plans_sunset_static_batch_61&utm_content=pin_11599_62-68M_plans&utm_term=proekty-domov-s-planirovkami,,"проект дома 62-68M, проект дома 211,31 м², планировка дома, планы этажей, готовый проект дома, оригинальная планировка, монолитный каркас, catalog-plans.ru"
"Проект дома №40-53 площадью 323,25 м² с планировками",https://raw.githubusercontent.com/nemchenik/test/6ba2fe170429aaf58e1b7a4bc220779b82af6c60/pinterest/generated_batch_62_floor_plans_forest_static/40-53.jpg,Удобные планировки домов,,"Проект дома №40-53: площадь 323,25 м², 3 этажа, габариты 13.94×15 м, материал стен — кирпич. На карточке показаны оригинальные планировки этажей. Сохраните планы дома и откройте проект, чтобы узнать подробности и актуальную стоимость.",https://catalog-plans.ru/catalog/40-53?utm_source=pinterest&utm_medium=organic&utm_campaign=generated_floor_plans_forest_static_batch_62&utm_content=pin_11799_40-53_plans&utm_term=proekty-domov-s-planirovkami,,"проект дома 40-53, проект дома 323,25 м², планировка дома, планы этажей, готовый проект дома, оригинальная планировка, кирпич, catalog-plans.ru"
"Проект дома №58-58H площадью 108,58 м² с планировками",https://raw.githubusercontent.com/nemchenik/test/6ba2fe170429aaf58e1b7a4bc220779b82af6c60/pinterest/generated_batch_63_floor_plans_minimal_static/58-58H.jpg,Современные проекты домов,,"Проект дома №58-58H: площадь 108,58 м², 2 этажа, габариты 7.77×9.1 м, материал стен — газобетон. На карточке показаны оригинальные планировки этажей. Сохраните планы дома и откройте проект, чтобы узнать подробности и актуальную стоимость.",https://catalog-plans.ru/catalog/58-58H?utm_source=pinterest&utm_medium=organic&utm_campaign=generated_floor_plans_minimal_static_batch_63&utm_content=pin_11999_58-58H_plans&utm_term=proekty-domov-s-planirovkami,,"проект дома 58-58H, проект дома 108,58 м², планировка дома, планы этажей, готовый проект дома, оригинальная планировка, газобетон, catalog-plans.ru"
"Проект дома №52-79 площадью 250,7 м² с планировками",https://raw.githubusercontent.com/nemchenik/test/6ba2fe170429aaf58e1b7a4bc220779b82af6c60/pinterest/generated_batch_61_floor_plans_sunset_static/52-79.jpg,Планы домов и коттеджей,,"Проект дома №52-79: площадь 250,7 м², 3 этажа, габариты 10.5×11.2 м, материал стен — газобетон. На карточке показаны оригинальные планировки этажей. Сохраните планы дома и откройте проект, чтобы узнать подробности и актуальную стоимость.",https://catalog-plans.ru/catalog/52-79?utm_source=pinterest&utm_medium=organic&utm_campaign=generated_floor_plans_sunset_static_batch_61&utm_content=pin_11600_52-79_plans&utm_term=proekty-domov-s-planirovkami,,"проект дома 52-79, проект дома 250,7 м², планировка дома, планы этажей, готовый проект дома, оригинальная планировка, газобетон, catalog-plans.ru"
"Проект дома №62-20BA площадью 210,97 м² с планировками",https://raw.githubusercontent.com/nemchenik/test/6ba2fe170429aaf58e1b7a4bc220779b82af6c60/pinterest/generated_batch_62_floor_plans_forest_static/62-20BA.jpg,Удобные планировки домов,,"Проект дома №62-20BA: площадь 210,97 м², 2 этажа, габариты 12.02×13.32 м, материал стен — газобетон. На карточке показаны оригинальные планировки этажей. Сохраните планы дома и откройте проект, чтобы узнать подробности и актуальную стоимость.",https://catalog-plans.ru/catalog/62-20BA?utm_source=pinterest&utm_medium=organic&utm_campaign=generated_floor_plans_forest_static_batch_62&utm_content=pin_11800_62-20BA_plans&utm_term=proekty-domov-s-planirovkami,,"проект дома 62-20BA, проект дома 210,97 м², планировка дома, планы этажей, готовый проект дома, оригинальная планировка, газобетон, catalog-plans.ru"
"Проект дома №51-20 площадью 199,3 м² с планировками",https://raw.githubusercontent.com/nemchenik/test/6ba2fe170429aaf58e1b7a4bc220779b82af6c60/pinterest/generated_batch_63_floor_plans_minimal_static/51-20.jpg,Современные проекты домов,,"Проект дома №51-20: площадь 199,3 м², 2 этажа, габариты 11.27×14.07 м, материал стен — газобетон. На карточке показаны оригинальные планировки этажей. Сохраните планы дома и откройте проект, чтобы узнать подробности и актуальную стоимость.",https://catalog-plans.ru/catalog/51-20?utm_source=pinterest&utm_medium=organic&utm_campaign=generated_floor_plans_minimal_static_batch_63&utm_content=pin_12000_51-20_plans&utm_term=proekty-domov-s-planirovkami,,"проект дома 51-20, проект дома 199,3 м², планировка дома, планы этажей, готовый проект дома, оригинальная планировка, газобетон, catalog-plans.ru"
"Проект дома №45-59 площадью 246,1 м² с планировками",https://raw.githubusercontent.com/nemchenik/test/6ba2fe170429aaf58e1b7a4bc220779b82af6c60/pinterest/generated_batch_61_floor_plans_sunset_static/45-59.jpg,Планы домов и коттеджей,,"Проект дома №45-59: площадь 246,1 м², 2 этажа, габариты 12.23×24.14 м, материал стен — кирпич. На карточке показаны оригинальные планировки этажей. Сохраните планы дома и откройте проект, чтобы узнать подробности и актуальную стоимость.",https://catalog-plans.ru/catalog/45-59?utm_source=pinterest&utm_medium=organic&utm_campaign=generated_floor_plans_sunset_static_batch_61&utm_content=pin_11601_45-59_plans&utm_term=proekty-domov-s-planirovkami,,"проект дома 45-59, проект дома 246,1 м², планировка дома, планы этажей, готовый проект дома, оригинальная планировка, кирпич, catalog-plans.ru"
"Проект дома №45-94AGL площадью 231,56 м² с планировками",https://raw.githubusercontent.com/nemchenik/test/6ba2fe170429aaf58e1b7a4bc220779b82af6c60/pinterest/generated_batch_62_floor_plans_forest_static/45-94AGL.jpg,Удобные планировки домов,,"Проект дома №45-94AGL: площадь 231,56 м², 2 этажа, габариты 13.68×14.26 м, материал стен — кирпич. На карточке показаны оригинальные планировки этажей. Сохраните планы дома и откройте проект, чтобы узнать подробности и актуальную стоимость.",https://catalog-plans.ru/catalog/45-94AGL?utm_source=pinterest&utm_medium=organic&utm_campaign=generated_floor_plans_forest_static_batch_62&utm_content=pin_11801_45-94AGL_plans&utm_term=proekty-domov-s-planirovkami,,"проект дома 45-94AGL, проект дома 231,56 м², планировка дома, планы этажей, готовый проект дома, оригинальная планировка, кирпич, catalog-plans.ru"
"Проект дома №60-21 площадью 153,2 м² с планировками",https://raw.githubusercontent.com/nemchenik/test/6ba2fe170429aaf58e1b7a4bc220779b82af6c60/pinterest/generated_batch_63_floor_plans_minimal_static/60-21.jpg,Современные проекты домов,,"Проект дома №60-21: площадь 153,2 м², 2 этажа, габариты 9.8×11.7 м, материал стен — газобетон. На карточке показаны оригинальные планировки этажей. Сохраните планы дома и откройте проект, чтобы узнать подробности и актуальную стоимость.",https://catalog-plans.ru/catalog/60-21?utm_source=pinterest&utm_medium=organic&utm_campaign=generated_floor_plans_minimal_static_batch_63&utm_content=pin_12001_60-21_plans&utm_term=proekty-domov-s-planirovkami,,"проект дома 60-21, проект дома 153,2 м², планировка дома, планы этажей, готовый проект дома, оригинальная планировка, газобетон, catalog-plans.ru"
"Проект дома №63-22L площадью 112,28 м² с планировками",https://raw.githubusercontent.com/nemchenik/test/6ba2fe170429aaf58e1b7a4bc220779b82af6c60/pinterest/generated_batch_61_floor_plans_sunset_static/63-22L.jpg,Планы домов и коттеджей,,"Проект дома №63-22L: площадь 112,28 м², 2 этажа, габариты 13.56×13.96 м, материал стен — керамзитобетон. На карточке показаны оригинальные планировки этажей. Сохраните планы дома и откройте проект, чтобы узнать подробности и актуальную стоимость.",https://catalog-plans.ru/catalog/63-22L?utm_source=pinterest&utm_medium=organic&utm_campaign=generated_floor_plans_sunset_static_batch_61&utm_content=pin_11602_63-22L_plans&utm_term=proekty-domov-s-planirovkami,,"проект дома 63-22L, проект дома 112,28 м², планировка дома, планы этажей, готовый проект дома, оригинальная планировка, керамзитобетон, catalog-plans.ru"
"Проект дома №46-36A площадью 279,11 м² с планировками",https://raw.githubusercontent.com/nemchenik/test/6ba2fe170429aaf58e1b7a4bc220779b82af6c60/pinterest/generated_batch_62_floor_plans_forest_static/46-36A.jpg,Удобные планировки домов,,"Проект дома №46-36A: площадь 279,11 м², 2 этажа, габариты 14.8×18.18 м, материал стен — кирпич. На карточке показаны оригинальные планировки этажей. Сохраните планы дома и откройте проект, чтобы узнать подробности и актуальную стоимость.",https://catalog-plans.ru/catalog/46-36A?utm_source=pinterest&utm_medium=organic&utm_campaign=generated_floor_plans_forest_static_batch_62&utm_content=pin_11802_46-36A_plans&utm_term=proekty-domov-s-planirovkami,,"проект дома 46-36A, проект дома 279,11 м², планировка дома, планы этажей, готовый проект дома, оригинальная планировка, кирпич, catalog-plans.ru"
"Проект дома №64-97L площадью 167,31 м² с планировками",https://raw.githubusercontent.com/nemchenik/test/6ba2fe170429aaf58e1b7a4bc220779b82af6c60/pinterest/generated_batch_63_floor_plans_minimal_static/64-97L.jpg,Современные проекты домов,,"Проект дома №64-97L: площадь 167,31 м², 2 этажа, габариты 10.1×11.6 м, материал стен — газобетон. На карточке показаны оригинальные планировки этажей. Сохраните планы дома и откройте проект, чтобы узнать подробности и актуальную стоимость.",https://catalog-plans.ru/catalog/64-97L?utm_source=pinterest&utm_medium=organic&utm_campaign=generated_floor_plans_minimal_static_batch_63&utm_content=pin_12002_64-97L_plans&utm_term=proekty-domov-s-planirovkami,,"проект дома 64-97L, проект дома 167,31 м², планировка дома, планы этажей, готовый проект дома, оригинальная планировка, газобетон, catalog-plans.ru"
"Проект дома №57-39D площадью 274,36 м² с планировками",https://raw.githubusercontent.com/nemchenik/test/6ba2fe170429aaf58e1b7a4bc220779b82af6c60/pinterest/generated_batch_61_floor_plans_sunset_static/57-39D.jpg,Планы домов и коттеджей,,"Проект дома №57-39D: площадь 274,36 м², 2 этажа, габариты 12.65×14.3 м, материал стен — газобетон. На карточке показаны оригинальные планировки этажей. Сохраните планы дома и откройте проект, чтобы узнать подробности и актуальную стоимость.",https://catalog-plans.ru/catalog/57-39D?utm_source=pinterest&utm_medium=organic&utm_campaign=generated_floor_plans_sunset_static_batch_61&utm_content=pin_11603_57-39D_plans&utm_term=proekty-domov-s-planirovkami,,"проект дома 57-39D, проект дома 274,36 м², планировка дома, планы этажей, готовый проект дома, оригинальная планировка, газобетон, catalog-plans.ru"
Проект дома №56-07 площадью 248 м² с планировками,https://raw.githubusercontent.com/nemchenik/test/6ba2fe170429aaf58e1b7a4bc220779b82af6c60/pinterest/generated_batch_62_floor_plans_forest_static/56-07.jpg,Удобные планировки домов,,"Проект дома №56-07: площадь 248 м², 2 этажа, габариты 11.8×13.5 м, материал стен — газобетон. На карточке показаны оригинальные планировки этажей. Сохраните планы дома и откройте проект, чтобы узнать подробности и актуальную стоимость.",https://catalog-plans.ru/catalog/56-07?utm_source=pinterest&utm_medium=organic&utm_campaign=generated_floor_plans_forest_static_batch_62&utm_content=pin_11803_56-07_plans&utm_term=proekty-domov-s-planirovkami,,"проект дома 56-07, проект дома 248 м², планировка дома, планы этажей, готовый проект дома, оригинальная планировка, газобетон, catalog-plans.ru"
Проект дома №52-33 площадью 137 м² с планировками,https://raw.githubusercontent.com/nemchenik/test/6ba2fe170429aaf58e1b7a4bc220779b82af6c60/pinterest/generated_batch_63_floor_plans_minimal_static/52-33.jpg,Современные проекты домов,,"Проект дома №52-33: площадь 137 м², 2 этажа, габариты 9.8×12.2 м, материал стен — газобетон. На карточке показаны оригинальные планировки этажей. Сохраните планы дома и откройте проект, чтобы узнать подробности и актуальную стоимость.",https://catalog-plans.ru/catalog/52-33?utm_source=pinterest&utm_medium=organic&utm_campaign=generated_floor_plans_minimal_static_batch_63&utm_content=pin_12003_52-33_plans&utm_term=proekty-domov-s-planirovkami,,"проект дома 52-33, проект дома 137 м², планировка дома, планы этажей, готовый проект дома, оригинальная планировка, газобетон, catalog-plans.ru"
"Проект дома №62-72E площадью 339,14 м² с планировками",https://raw.githubusercontent.com/nemchenik/test/6ba2fe170429aaf58e1b7a4bc220779b82af6c60/pinterest/generated_batch_61_floor_plans_sunset_static/62-72E.jpg,Планы домов и коттеджей,,"Проект дома №62-72E: площадь 339,14 м², 2 этажа, габариты 16.79×18.46 м, материал стен — кирпич. На карточке показаны оригинальные планировки этажей. Сохраните планы дома и откройте проект, чтобы узнать подробности и актуальную стоимость.",https://catalog-plans.ru/catalog/62-72E?utm_source=pinterest&utm_medium=organic&utm_campaign=generated_floor_plans_sunset_static_batch_61&utm_content=pin_11604_62-72E_plans&utm_term=proekty-domov-s-planirovkami,,"проект дома 62-72E, проект дома 339,14 м², планировка дома, планы этажей, готовый проект дома, оригинальная планировка, кирпич, catalog-plans.ru"
Проект дома №46-09ABG площадью 158 м² с планировками,https://raw.githubusercontent.com/nemchenik/test/6ba2fe170429aaf58e1b7a4bc220779b82af6c60/pinterest/generated_batch_62_floor_plans_forest_static/46-09ABG.jpg,Удобные планировки домов,,"Проект дома №46-09ABG: площадь 158 м², 1 этаж, габариты 14.34×18.22 м, материал стен — газобетон. На карточке показаны оригинальные планировки этажей. Сохраните планы дома и откройте проект, чтобы узнать подробности и актуальную стоимость.",https://catalog-plans.ru/catalog/46-09ABG?utm_source=pinterest&utm_medium=organic&utm_campaign=generated_floor_plans_forest_static_batch_62&utm_content=pin_11804_46-09ABG_plans&utm_term=proekty-domov-s-planirovkami,,"проект дома 46-09ABG, проект дома 158 м², планировка дома, планы этажей, готовый проект дома, оригинальная планировка, газобетон, catalog-plans.ru"
"Проект дома №52-51 площадью 254,75 м² с планировками",https://raw.githubusercontent.com/nemchenik/test/6ba2fe170429aaf58e1b7a4bc220779b82af6c60/pinterest/generated_batch_63_floor_plans_minimal_static/52-51.jpg,Современные проекты домов,,"Проект дома №52-51: площадь 254,75 м², 2 этажа, габариты 11×14 м, материал стен — ячеистые бетонные блоки. На карточке показаны оригинальные планировки этажей. Сохраните планы дома и откройте проект, чтобы узнать подробности и актуальную стоимость.",https://catalog-plans.ru/catalog/52-51?utm_source=pinterest&utm_medium=organic&utm_campaign=generated_floor_plans_minimal_static_batch_63&utm_content=pin_12004_52-51_plans&utm_term=proekty-domov-s-planirovkami,,"проект дома 52-51, проект дома 254,75 м², планировка дома, планы этажей, готовый проект дома, оригинальная планировка, ячеистые бетонные блоки, catalog-plans.ru"
"Проект дома №15-26 площадью 360,8 м² с планировками",https://raw.githubusercontent.com/nemchenik/test/6ba2fe170429aaf58e1b7a4bc220779b82af6c60/pinterest/generated_batch_61_floor_plans_sunset_static/15-26.jpg,Планы домов и коттеджей,,"Проект дома №15-26: площадь 360,8 м², 2 этажа, габариты 15.6×15.9 м, материал стен — кирпич. На карточке показаны оригинальные планировки этажей. Сохраните планы дома и откройте проект, чтобы узнать подробности и актуальную стоимость.",https://catalog-plans.ru/catalog/15-26?utm_source=pinterest&utm_medium=organic&utm_campaign=generated_floor_plans_sunset_static_batch_61&utm_content=pin_11605_15-26_plans&utm_term=proekty-domov-s-planirovkami,,"проект дома 15-26, проект дома 360,8 м², планировка дома, планы этажей, готовый проект дома, оригинальная планировка, кирпич, catalog-plans.ru"
"Проект дома №60-39 площадью 347,17 м² с планировками",https://raw.githubusercontent.com/nemchenik/test/6ba2fe170429aaf58e1b7a4bc220779b82af6c60/pinterest/generated_batch_62_floor_plans_forest_static/60-39.jpg,Удобные планировки домов,,"Проект дома №60-39: площадь 347,17 м², 3 этажа, габариты 13.8×16.2 м, материал стен — кирпич. На карточке показаны оригинальные планировки этажей. Сохраните планы дома и откройте проект, чтобы узнать подробности и актуальную стоимость.",https://catalog-plans.ru/catalog/60-39?utm_source=pinterest&utm_medium=organic&utm_campaign=generated_floor_plans_forest_static_batch_62&utm_content=pin_11805_60-39_plans&utm_term=proekty-domov-s-planirovkami,,"проект дома 60-39, проект дома 347,17 м², планировка дома, планы этажей, готовый проект дома, оригинальная планировка, кирпич, catalog-plans.ru"
"Проект дома №49-23 площадью 180,8 м² с планировками",https://raw.githubusercontent.com/nemchenik/test/6ba2fe170429aaf58e1b7a4bc220779b82af6c60/pinterest/generated_batch_63_floor_plans_minimal_static/49-23.jpg,Современные проекты домов,,"Проект дома №49-23: площадь 180,8 м², 2 этажа, габариты 12.9×14.7 м, материал стен — газобетон. На карточке показаны оригинальные планировки этажей. Сохраните планы дома и откройте проект, чтобы узнать подробности и актуальную стоимость.",https://catalog-plans.ru/catalog/49-23?utm_source=pinterest&utm_medium=organic&utm_campaign=generated_floor_plans_minimal_static_batch_63&utm_content=pin_12005_49-23_plans&utm_term=proekty-domov-s-planirovkami,,"проект дома 49-23, проект дома 180,8 м², планировка дома, планы этажей, готовый проект дома, оригинальная планировка, газобетон, catalog-plans.ru"
"Проект дома №64-65 площадью 65,42 м² с планировками",https://raw.githubusercontent.com/nemchenik/test/6ba2fe170429aaf58e1b7a4bc220779b82af6c60/pinterest/generated_batch_61_floor_plans_sunset_static/64-65.jpg,Планы домов и коттеджей,,"Проект дома №64-65: площадь 65,42 м², 1 этаж, габариты 5.8×17.25 м, материал стен — газобетон. На карточке показаны оригинальные планировки этажей. Сохраните планы дома и откройте проект, чтобы узнать подробности и актуальную стоимость.",https://catalog-plans.ru/catalog/64-65?utm_source=pinterest&utm_medium=organic&utm_campaign=generated_floor_plans_sunset_static_batch_61&utm_content=pin_11606_64-65_plans&utm_term=proekty-domov-s-planirovkami,,"проект дома 64-65, проект дома 65,42 м², планировка дома, планы этажей, готовый проект дома, оригинальная планировка, газобетон, catalog-plans.ru"
"Проект дома №59-24BK площадью 211,61 м² с планировками",https://raw.githubusercontent.com/nemchenik/test/6ba2fe170429aaf58e1b7a4bc220779b82af6c60/pinterest/generated_batch_62_floor_plans_forest_static/59-24BK.jpg,Удобные планировки домов,,"Проект дома №59-24BK: площадь 211,61 м², 2 этажа, габариты 13.27×13.77 м, материал стен — кирпич. На карточке показаны оригинальные планировки этажей. Сохраните планы дома и откройте проект, чтобы узнать подробности и актуальную стоимость.",https://catalog-plans.ru/catalog/59-24BK?utm_source=pinterest&utm_medium=organic&utm_campaign=generated_floor_plans_forest_static_batch_62&utm_content=pin_11806_59-24BK_plans&utm_term=proekty-domov-s-planirovkami,,"проект дома 59-24BK, проект дома 211,61 м², планировка дома, планы этажей, готовый проект дома, оригинальная планировка, кирпич, catalog-plans.ru"
"Проект дома №49-30 площадью 288,7 м² с планировками",https://raw.githubusercontent.com/nemchenik/test/6ba2fe170429aaf58e1b7a4bc220779b82af6c60/pinterest/generated_batch_63_floor_plans_minimal_static/49-30.jpg,Современные проекты домов,,"Проект дома №49-30: площадь 288,7 м², 2 этажа, габариты 14.1×17.4 м, материал стен — газобетон. На карточке показаны оригинальные планировки этажей. Сохраните планы дома и откройте проект, чтобы узнать подробности и актуальную стоимость.",https://catalog-plans.ru/catalog/49-30?utm_source=pinterest&utm_medium=organic&utm_campaign=generated_floor_plans_minimal_static_batch_63&utm_content=pin_12006_49-30_plans&utm_term=proekty-domov-s-planirovkami,,"проект дома 49-30, проект дома 288,7 м², планировка дома, планы этажей, готовый проект дома, оригинальная планировка, газобетон, catalog-plans.ru"
"Проект дома №58-94B площадью 135,45 м² с планировками",https://raw.githubusercontent.com/nemchenik/test/6ba2fe170429aaf58e1b7a4bc220779b82af6c60/pinterest/generated_batch_61_floor_plans_sunset_static/58-94B.jpg,Планы домов и коттеджей,,"Проект дома №58-94B: площадь 135,45 м², 2 этажа, габариты 9.9×10.06 м, материал стен — газобетон. На карточке показаны оригинальные планировки этажей. Сохраните планы дома и откройте проект, чтобы узнать подробности и актуальную стоимость.",https://catalog-plans.ru/catalog/58-94B?utm_source=pinterest&utm_medium=organic&utm_campaign=generated_floor_plans_sunset_static_batch_61&utm_content=pin_11607_58-94B_plans&utm_term=proekty-domov-s-planirovkami,,"проект дома 58-94B, проект дома 135,45 м², планировка дома, планы этажей, готовый проект дома, оригинальная планировка, газобетон, catalog-plans.ru"
"Проект дома №45-16W площадью 195,72 м² с планировками",https://raw.githubusercontent.com/nemchenik/test/6ba2fe170429aaf58e1b7a4bc220779b82af6c60/pinterest/generated_batch_62_floor_plans_forest_static/45-16W.jpg,Удобные планировки домов,,"Проект дома №45-16W: площадь 195,72 м², 2 этажа, габариты 15.21×16.94 м, материал стен — кирпич. На карточке показаны оригинальные планировки этажей. Сохраните планы дома и откройте проект, чтобы узнать подробности и актуальную стоимость.",https://catalog-plans.ru/catalog/45-16W?utm_source=pinterest&utm_medium=organic&utm_campaign=generated_floor_plans_forest_static_batch_62&utm_content=pin_11807_45-16W_plans&utm_term=proekty-domov-s-planirovkami,,"проект дома 45-16W, проект дома 195,72 м², планировка дома, планы этажей, готовый проект дома, оригинальная планировка, кирпич, catalog-plans.ru"
"Проект дома №45-07AGL площадью 237,09 м² с планировками",https://raw.githubusercontent.com/nemchenik/test/6ba2fe170429aaf58e1b7a4bc220779b82af6c60/pinterest/generated_batch_63_floor_plans_minimal_static/45-07AGL.jpg,Современные проекты домов,,"Проект дома №45-07AGL: площадь 237,09 м², 1 этаж, габариты 19.3×19.3 м, материал стен — газобетон. На карточке показаны оригинальные планировки этажей. Сохраните планы дома и откройте проект, чтобы узнать подробности и актуальную стоимость.",https://catalog-plans.ru/catalog/45-07AGL?utm_source=pinterest&utm_medium=organic&utm_campaign=generated_floor_plans_minimal_static_batch_63&utm_content=pin_12007_45-07AGL_plans&utm_term=proekty-domov-s-planirovkami,,"проект дома 45-07AGL, проект дома 237,09 м², планировка дома, планы этажей, готовый проект дома, оригинальная планировка, газобетон, catalog-plans.ru"
"Проект дома №33-50 площадью 495,3 м² с планировками",https://raw.githubusercontent.com/nemchenik/test/6ba2fe170429aaf58e1b7a4bc220779b82af6c60/pinterest/generated_batch_61_floor_plans_sunset_static/33-50.jpg,Планы домов и коттеджей,,"Проект дома №33-50: площадь 495,3 м², 2 этажа, габариты 16.98×30.04 м, материал стен — кирпич. На карточке показаны оригинальные планировки этажей. Сохраните планы дома и откройте проект, чтобы узнать подробности и актуальную стоимость.",https://catalog-plans.ru/catalog/33-50?utm_source=pinterest&utm_medium=organic&utm_campaign=generated_floor_plans_sunset_static_batch_61&utm_content=pin_11608_33-50_plans&utm_term=proekty-domov-s-planirovkami,,"проект дома 33-50, проект дома 495,3 м², планировка дома, планы этажей, готовый проект дома, оригинальная планировка, кирпич, catalog-plans.ru"
"Проект дома №59-28 площадью 157,9 м² с планировками",https://raw.githubusercontent.com/nemchenik/test/6ba2fe170429aaf58e1b7a4bc220779b82af6c60/pinterest/generated_batch_62_floor_plans_forest_static/59-28.jpg,Удобные планировки домов,,"Проект дома №59-28: площадь 157,9 м², 2 этажа, габариты 9.4×14.22 м, материал стен — газобетон. На карточке показаны оригинальные планировки этажей. Сохраните планы дома и откройте проект, чтобы узнать подробности и актуальную стоимость.",https://catalog-plans.ru/catalog/59-28?utm_source=pinterest&utm_medium=organic&utm_campaign=generated_floor_plans_forest_static_batch_62&utm_content=pin_11808_59-28_plans&utm_term=proekty-domov-s-planirovkami,,"проект дома 59-28, проект дома 157,9 м², планировка дома, планы этажей, готовый проект дома, оригинальная планировка, газобетон, catalog-plans.ru"
"Проект дома №47-46B площадью 531,7 м² с планировками",https://raw.githubusercontent.com/nemchenik/test/6ba2fe170429aaf58e1b7a4bc220779b82af6c60/pinterest/generated_batch_63_floor_plans_minimal_static/47-46B.jpg,Современные проекты домов,,"Проект дома №47-46B: площадь 531,7 м², 3 этажа, габариты 11.7×31.58 м, материал стен — кирпич. На карточке показаны оригинальные планировки этажей. Сохраните планы дома и откройте проект, чтобы узнать подробности и актуальную стоимость.",https://catalog-plans.ru/catalog/47-46B?utm_source=pinterest&utm_medium=organic&utm_campaign=generated_floor_plans_minimal_static_batch_63&utm_content=pin_12008_47-46B_plans&utm_term=proekty-domov-s-planirovkami,,"проект дома 47-46B, проект дома 531,7 м², планировка дома, планы этажей, готовый проект дома, оригинальная планировка, кирпич, catalog-plans.ru"
"Проект дома №40-75X площадью 177,78 м² с планировками",https://raw.githubusercontent.com/nemchenik/test/6ba2fe170429aaf58e1b7a4bc220779b82af6c60/pinterest/generated_batch_61_floor_plans_sunset_static/40-75X.jpg,Планы домов и коттеджей,,"Проект дома №40-75X: площадь 177,78 м², 2 этажа, габариты 12.33×13.14 м, материал стен — монолитный каркас. На карточке показаны оригинальные планировки этажей. Сохраните планы дома и откройте проект, чтобы узнать подробности и актуальную стоимость.",https://catalog-plans.ru/catalog/40-75X?utm_source=pinterest&utm_medium=organic&utm_campaign=generated_floor_plans_sunset_static_batch_61&utm_content=pin_11609_40-75X_plans&utm_term=proekty-domov-s-planirovkami,,"проект дома 40-75X, проект дома 177,78 м², планировка дома, планы этажей, готовый проект дома, оригинальная планировка, монолитный каркас, catalog-plans.ru"
"Проект дома №60-04 площадью 179,7 м² с планировками",https://raw.githubusercontent.com/nemchenik/test/6ba2fe170429aaf58e1b7a4bc220779b82af6c60/pinterest/generated_batch_62_floor_plans_forest_static/60-04.jpg,Удобные планировки домов,,"Проект дома №60-04: площадь 179,7 м², 2 этажа, габариты 10.8×10.8 м, материал стен — дерево. На карточке показаны оригинальные планировки этажей. Сохраните планы дома и откройте проект, чтобы узнать подробности и актуальную стоимость.",https://catalog-plans.ru/catalog/60-04?utm_source=pinterest&utm_medium=organic&utm_campaign=generated_floor_plans_forest_static_batch_62&utm_content=pin_11809_60-04_plans&utm_term=proekty-domov-s-planirovkami,,"проект дома 60-04, проект дома 179,7 м², планировка дома, планы этажей, готовый проект дома, оригинальная планировка, дерево, catalog-plans.ru"
"Проект дома №45-17AG площадью 171,6 м² с планировками",https://raw.githubusercontent.com/nemchenik/test/6ba2fe170429aaf58e1b7a4bc220779b82af6c60/pinterest/generated_batch_63_floor_plans_minimal_static/45-17AG.jpg,Современные проекты домов,,"Проект дома №45-17AG: площадь 171,6 м², 2 этажа, габариты 11.23×12.69 м, материал стен — газобетон. На карточке показаны оригинальные планировки этажей. Сохраните планы дома и откройте проект, чтобы узнать подробности и актуальную стоимость.",https://catalog-plans.ru/catalog/45-17AG?utm_source=pinterest&utm_medium=organic&utm_campaign=generated_floor_plans_minimal_static_batch_63&utm_content=pin_12009_45-17AG_plans&utm_term=proekty-domov-s-planirovkami,,"проект дома 45-17AG, проект дома 171,6 м², планировка дома, планы этажей, готовый проект дома, оригинальная планировка, газобетон, catalog-plans.ru"
"Проект дома №51-72 площадью 210,4 м² с планировками",https://raw.githubusercontent.com/nemchenik/test/6ba2fe170429aaf58e1b7a4bc220779b82af6c60/pinterest/generated_batch_61_floor_plans_sunset_static/51-72.jpg,Планы домов и коттеджей,,"Проект дома №51-72: площадь 210,4 м², 2 этажа, габариты 17.12×18.52 м, материал стен — газобетон. На карточке показаны оригинальные планировки этажей. Сохраните планы дома и откройте проект, чтобы узнать подробности и актуальную стоимость.",https://catalog-plans.ru/catalog/51-72?utm_source=pinterest&utm_medium=organic&utm_campaign=generated_floor_plans_sunset_static_batch_61&utm_content=pin_11610_51-72_plans&utm_term=proekty-domov-s-planirovkami,,"проект дома 51-72, проект дома 210,4 м², планировка дома, планы этажей, готовый проект дома, оригинальная планировка, газобетон, catalog-plans.ru"
"Проект дома №65-80 площадью 109,42 м² с планировками",https://raw.githubusercontent.com/nemchenik/test/6ba2fe170429aaf58e1b7a4bc220779b82af6c60/pinterest/generated_batch_62_floor_plans_forest_static/65-80.jpg,Удобные планировки домов,,"Проект дома №65-80: площадь 109,42 м², 1 этаж, габариты 10.6×13.95 м, материал стен — газобетон. На карточке показаны оригинальные планировки этажей. Сохраните планы дома и откройте проект, чтобы узнать подробности и актуальную стоимость.",https://catalog-plans.ru/catalog/65-80?utm_source=pinterest&utm_medium=organic&utm_campaign=generated_floor_plans_forest_static_batch_62&utm_content=pin_11810_65-80_plans&utm_term=proekty-domov-s-planirovkami,,"проект дома 65-80, проект дома 109,42 м², планировка дома, планы этажей, готовый проект дома, оригинальная планировка, газобетон, catalog-plans.ru"
"Проект дома №60-74 площадью 165,58 м² с планировками",https://raw.githubusercontent.com/nemchenik/test/6ba2fe170429aaf58e1b7a4bc220779b82af6c60/pinterest/generated_batch_63_floor_plans_minimal_static/60-74.jpg,Современные проекты домов,,"Проект дома №60-74: площадь 165,58 м², 2 этажа, габариты 9.87×12.47 м, материал стен — газобетон. На карточке показаны оригинальные планировки этажей. Сохраните планы дома и откройте проект, чтобы узнать подробности и актуальную стоимость.",https://catalog-plans.ru/catalog/60-74?utm_source=pinterest&utm_medium=organic&utm_campaign=generated_floor_plans_minimal_static_batch_63&utm_content=pin_12010_60-74_plans&utm_term=proekty-domov-s-planirovkami,,"проект дома 60-74, проект дома 165,58 м², планировка дома, планы этажей, готовый проект дома, оригинальная планировка, газобетон, catalog-plans.ru"
Проект дома №47-92L площадью 274 м² с планировками,https://raw.githubusercontent.com/nemchenik/test/6ba2fe170429aaf58e1b7a4bc220779b82af6c60/pinterest/generated_batch_61_floor_plans_sunset_static/47-92L.jpg,Планы домов и коттеджей,,"Проект дома №47-92L: площадь 274 м², 2 этажа, габариты 15×17.8 м, материал стен — кирпич. На карточке показаны оригинальные планировки этажей. Сохраните планы дома и откройте проект, чтобы узнать подробности и актуальную стоимость.",https://catalog-plans.ru/catalog/47-92L?utm_source=pinterest&utm_medium=organic&utm_campaign=generated_floor_plans_sunset_static_batch_61&utm_content=pin_11611_47-92L_plans&utm_term=proekty-domov-s-planirovkami,,"проект дома 47-92L, проект дома 274 м², планировка дома, планы этажей, готовый проект дома, оригинальная планировка, кирпич, catalog-plans.ru"
"Проект дома №49-56 площадью 265,3 м² с планировками",https://raw.githubusercontent.com/nemchenik/test/6ba2fe170429aaf58e1b7a4bc220779b82af6c60/pinterest/generated_batch_62_floor_plans_forest_static/49-56.jpg,Удобные планировки домов,,"Проект дома №49-56: площадь 265,3 м², 2 этажа, габариты 14.38×16.28 м, материал стен — натурального камня. На карточке показаны оригинальные планировки этажей. Сохраните планы дома и откройте проект, чтобы узнать подробности и актуальную стоимость.",https://catalog-plans.ru/catalog/49-56?utm_source=pinterest&utm_medium=organic&utm_campaign=generated_floor_plans_forest_static_batch_62&utm_content=pin_11811_49-56_plans&utm_term=proekty-domov-s-planirovkami,,"проект дома 49-56, проект дома 265,3 м², планировка дома, планы этажей, готовый проект дома, оригинальная планировка, натурального камня, catalog-plans.ru"
"Проект дома №45-64NMBKL площадью 229,54 м² с планировками",https://raw.githubusercontent.com/nemchenik/test/6ba2fe170429aaf58e1b7a4bc220779b82af6c60/pinterest/generated_batch_63_floor_plans_minimal_static/45-64NMBKL.jpg,Современные проекты домов,,"Проект дома №45-64NMBKL: площадь 229,54 м², 2 этажа, габариты 12.45×17.79 м, материал стен — кирпич. На карточке показаны оригинальные планировки этажей. Сохраните планы дома и откройте проект, чтобы узнать подробности и актуальную стоимость.",https://catalog-plans.ru/catalog/45-64NMBKL?utm_source=pinterest&utm_medium=organic&utm_campaign=generated_floor_plans_minimal_static_batch_63&utm_content=pin_12011_45-64NMBKL_plans&utm_term=proekty-domov-s-planirovkami,,"проект дома 45-64NMBKL, проект дома 229,54 м², планировка дома, планы этажей, готовый проект дома, оригинальная планировка, кирпич, catalog-plans.ru"
Проект дома №34-82 площадью 246 м² с планировками,https://raw.githubusercontent.com/nemchenik/test/6ba2fe170429aaf58e1b7a4bc220779b82af6c60/pinterest/generated_batch_61_floor_plans_sunset_static/34-82.jpg,Планы домов и коттеджей,,"Проект дома №34-82: площадь 246 м², 2 этажа, габариты 8.3×12.8 м, материал стен — кирпич. На карточке показаны оригинальные планировки этажей. Сохраните планы дома и откройте проект, чтобы узнать подробности и актуальную стоимость.",https://catalog-plans.ru/catalog/34-82?utm_source=pinterest&utm_medium=organic&utm_campaign=generated_floor_plans_sunset_static_batch_61&utm_content=pin_11612_34-82_plans&utm_term=proekty-domov-s-planirovkami,,"проект дома 34-82, проект дома 246 м², планировка дома, планы этажей, готовый проект дома, оригинальная планировка, кирпич, catalog-plans.ru"
"Проект дома №47-27 площадью 299,9 м² с планировками",https://raw.githubusercontent.com/nemchenik/test/6ba2fe170429aaf58e1b7a4bc220779b82af6c60/pinterest/generated_batch_62_floor_plans_forest_static/47-27.jpg,Удобные планировки домов,,"Проект дома №47-27: площадь 299,9 м², 2 этажа, габариты 12.76×15.94 м, материал стен — кирпич. На карточке показаны оригинальные планировки этажей. Сохраните планы дома и откройте проект, чтобы узнать подробности и актуальную стоимость.",https://catalog-plans.ru/catalog/47-27?utm_source=pinterest&utm_medium=organic&utm_campaign=generated_floor_plans_forest_static_batch_62&utm_content=pin_11812_47-27_plans&utm_term=proekty-domov-s-planirovkami,,"проект дома 47-27, проект дома 299,9 м², планировка дома, планы этажей, готовый проект дома, оригинальная планировка, кирпич, catalog-plans.ru"
"Проект дома №57-06 площадью 132,1 м² с планировками",https://raw.githubusercontent.com/nemchenik/test/6ba2fe170429aaf58e1b7a4bc220779b82af6c60/pinterest/generated_batch_63_floor_plans_minimal_static/57-06.jpg,Современные проекты домов,,"Проект дома №57-06: площадь 132,1 м², 1 этаж, габариты 14.7×14.7 м, материал стен — газобетон. На карточке показаны оригинальные планировки этажей. Сохраните планы дома и откройте проект, чтобы узнать подробности и актуальную стоимость.",https://catalog-plans.ru/catalog/57-06?utm_source=pinterest&utm_medium=organic&utm_campaign=generated_floor_plans_minimal_static_batch_63&utm_content=pin_12012_57-06_plans&utm_term=proekty-domov-s-planirovkami,,"проект дома 57-06, проект дома 132,1 м², планировка дома, планы этажей, готовый проект дома, оригинальная планировка, газобетон, catalog-plans.ru"
"Проект дома №57-46D площадью 313,18 м² с планировками",https://raw.githubusercontent.com/nemchenik/test/6ba2fe170429aaf58e1b7a4bc220779b82af6c60/pinterest/generated_batch_61_floor_plans_sunset_static/57-46D.jpg,Планы домов и коттеджей,,"Проект дома №57-46D: площадь 313,18 м², 2 этажа, габариты 12.45×14 м, материал стен — газобетон. На карточке показаны оригинальные планировки этажей. Сохраните планы дома и откройте проект, чтобы узнать подробности и актуальную стоимость.",https://catalog-plans.ru/catalog/57-46D?utm_source=pinterest&utm_medium=organic&utm_campaign=generated_floor_plans_sunset_static_batch_61&utm_content=pin_11613_57-46D_plans&utm_term=proekty-domov-s-planirovkami,,"проект дома 57-46D, проект дома 313,18 м², планировка дома, планы этажей, готовый проект дома, оригинальная планировка, газобетон, catalog-plans.ru"
"Проект дома №40-43BL площадью 332,71 м² с планировками",https://raw.githubusercontent.com/nemchenik/test/6ba2fe170429aaf58e1b7a4bc220779b82af6c60/pinterest/generated_batch_62_floor_plans_forest_static/40-43BL.jpg,Удобные планировки домов,,"Проект дома №40-43BL: площадь 332,71 м², 2 этажа, габариты 14.72×17.6 м, материал стен — кирпич. На карточке показаны оригинальные планировки этажей. Сохраните планы дома и откройте проект, чтобы узнать подробности и актуальную стоимость.",https://catalog-plans.ru/catalog/40-43BL?utm_source=pinterest&utm_medium=organic&utm_campaign=generated_floor_plans_forest_static_batch_62&utm_content=pin_11813_40-43BL_plans&utm_term=proekty-domov-s-planirovkami,,"проект дома 40-43BL, проект дома 332,71 м², планировка дома, планы этажей, готовый проект дома, оригинальная планировка, кирпич, catalog-plans.ru"
"Проект дома №58-06AK1 площадью 421,31 м² с планировками",https://raw.githubusercontent.com/nemchenik/test/6ba2fe170429aaf58e1b7a4bc220779b82af6c60/pinterest/generated_batch_63_floor_plans_minimal_static/58-06AK1.jpg,Современные проекты домов,,"Проект дома №58-06AK1: площадь 421,31 м², 2 этажа, габариты 19.66×24.37 м, материал стен — кирпич. На карточке показаны оригинальные планировки этажей. Сохраните планы дома и откройте проект, чтобы узнать подробности и актуальную стоимость.",https://catalog-plans.ru/catalog/58-06AK1?utm_source=pinterest&utm_medium=organic&utm_campaign=generated_floor_plans_minimal_static_batch_63&utm_content=pin_12013_58-06AK1_plans&utm_term=proekty-domov-s-planirovkami,,"проект дома 58-06AK1, проект дома 421,31 м², планировка дома, планы этажей, готовый проект дома, оригинальная планировка, кирпич, catalog-plans.ru"
"Проект дома №58-75AFAL площадью 132,5 м² с планировками",https://raw.githubusercontent.com/nemchenik/test/6ba2fe170429aaf58e1b7a4bc220779b82af6c60/pinterest/generated_batch_61_floor_plans_sunset_static/58-75AFAL.jpg,Планы домов и коттеджей,,"Проект дома №58-75AFAL: площадь 132,5 м², 2 этажа, габариты 10×10 м, материал стен — газобетон. На карточке показаны оригинальные планировки этажей. Сохраните планы дома и откройте проект, чтобы узнать подробности и актуальную стоимость.",https://catalog-plans.ru/catalog/58-75AFAL?utm_source=pinterest&utm_medium=organic&utm_campaign=generated_floor_plans_sunset_static_batch_61&utm_content=pin_11614_58-75AFAL_plans&utm_term=proekty-domov-s-planirovkami,,"проект дома 58-75AFAL, проект дома 132,5 м², планировка дома, планы этажей, готовый проект дома, оригинальная планировка, газобетон, catalog-plans.ru"
"Проект дома №57-63X площадью 199,81 м² с планировками",https://raw.githubusercontent.com/nemchenik/test/6ba2fe170429aaf58e1b7a4bc220779b82af6c60/pinterest/generated_batch_62_floor_plans_forest_static/57-63X.jpg,Удобные планировки домов,,"Проект дома №57-63X: площадь 199,81 м², 2 этажа, габариты 11.7×12.8 м, материал стен — газобетон. На карточке показаны оригинальные планировки этажей. Сохраните планы дома и откройте проект, чтобы узнать подробности и актуальную стоимость.",https://catalog-plans.ru/catalog/57-63X?utm_source=pinterest&utm_medium=organic&utm_campaign=generated_floor_plans_forest_static_batch_62&utm_content=pin_11814_57-63X_plans&utm_term=proekty-domov-s-planirovkami,,"проект дома 57-63X, проект дома 199,81 м², планировка дома, планы этажей, готовый проект дома, оригинальная планировка, газобетон, catalog-plans.ru"
"Проект дома №46-36DAG площадью 222,37 м² с планировками",https://raw.githubusercontent.com/nemchenik/test/6ba2fe170429aaf58e1b7a4bc220779b82af6c60/pinterest/generated_batch_63_floor_plans_minimal_static/46-36DAG.jpg,Современные проекты домов,,"Проект дома №46-36DAG: площадь 222,37 м², 2 этажа, габариты 11.66×15.875 м, материал стен — газобетон. На карточке показаны оригинальные планировки этажей. Сохраните планы дома и откройте проект, чтобы узнать подробности и актуальную стоимость.",https://catalog-plans.ru/catalog/46-36DAG?utm_source=pinterest&utm_medium=organic&utm_campaign=generated_floor_plans_minimal_static_batch_63&utm_content=pin_12014_46-36DAG_plans&utm_term=proekty-domov-s-planirovkami,,"проект дома 46-36DAG, проект дома 222,37 м², планировка дома, планы этажей, готовый проект дома, оригинальная планировка, газобетон, catalog-plans.ru"
"Проект дома №60-66 площадью 326,93 м² с планировками",https://raw.githubusercontent.com/nemchenik/test/6ba2fe170429aaf58e1b7a4bc220779b82af6c60/pinterest/generated_batch_61_floor_plans_sunset_static/60-66.jpg,Планы домов и коттеджей,,"Проект дома №60-66: площадь 326,93 м², 3 этажа, габариты 15×16.95 м, материал стен — газобетон. На карточке показаны оригинальные планировки этажей. Сохраните планы дома и откройте проект, чтобы узнать подробности и актуальную стоимость.",https://catalog-plans.ru/catalog/60-66?utm_source=pinterest&utm_medium=organic&utm_campaign=generated_floor_plans_sunset_static_batch_61&utm_content=pin_11615_60-66_plans&utm_term=proekty-domov-s-planirovkami,,"проект дома 60-66, проект дома 326,93 м², планировка дома, планы этажей, готовый проект дома, оригинальная планировка, газобетон, catalog-plans.ru"
"Проект дома №58-84Z площадью 155,56 м² с планировками",https://raw.githubusercontent.com/nemchenik/test/6ba2fe170429aaf58e1b7a4bc220779b82af6c60/pinterest/generated_batch_62_floor_plans_forest_static/58-84Z.jpg,Удобные планировки домов,,"Проект дома №58-84Z: площадь 155,56 м², 1 этаж, габариты 12.3×16.8 м, материал стен — газобетон. На карточке показаны оригинальные планировки этажей. Сохраните планы дома и откройте проект, чтобы узнать подробности и актуальную стоимость.",https://catalog-plans.ru/catalog/58-84Z?utm_source=pinterest&utm_medium=organic&utm_campaign=generated_floor_plans_forest_static_batch_62&utm_content=pin_11815_58-84Z_plans&utm_term=proekty-domov-s-planirovkami,,"проект дома 58-84Z, проект дома 155,56 м², планировка дома, планы этажей, готовый проект дома, оригинальная планировка, газобетон, catalog-plans.ru"
"Проект дома №40-13G площадью 198,03 м² с планировками",https://raw.githubusercontent.com/nemchenik/test/6ba2fe170429aaf58e1b7a4bc220779b82af6c60/pinterest/generated_batch_63_floor_plans_minimal_static/40-13G.jpg,Современные проекты домов,,"Проект дома №40-13G: площадь 198,03 м², 2 этажа, габариты 11.48×15 м, материал стен — газобетон. На карточке показаны оригинальные планировки этажей. Сохраните планы дома и откройте проект, чтобы узнать подробности и актуальную стоимость.",https://catalog-plans.ru/catalog/40-13G?utm_source=pinterest&utm_medium=organic&utm_campaign=generated_floor_plans_minimal_static_batch_63&utm_content=pin_12015_40-13G_plans&utm_term=proekty-domov-s-planirovkami,,"проект дома 40-13G, проект дома 198,03 м², планировка дома, планы этажей, готовый проект дома, оригинальная планировка, газобетон, catalog-plans.ru"
"Проект дома №72-50 площадью 162,6 м² с планировками",https://raw.githubusercontent.com/nemchenik/test/6ba2fe170429aaf58e1b7a4bc220779b82af6c60/pinterest/generated_batch_61_floor_plans_sunset_static/72-50.jpg,Планы домов и коттеджей,,"Проект дома №72-50: площадь 162,6 м², 1 этаж, габариты 13.95×19.3 м, материал стен — газобетон. На карточке показаны оригинальные планировки этажей. Сохраните планы дома и откройте проект, чтобы узнать подробности и актуальную стоимость.",https://catalog-plans.ru/catalog/72-50?utm_source=pinterest&utm_medium=organic&utm_campaign=generated_floor_plans_sunset_static_batch_61&utm_content=pin_11616_72-50_plans&utm_term=proekty-domov-s-planirovkami,,"проект дома 72-50, проект дома 162,6 м², планировка дома, планы этажей, готовый проект дома, оригинальная планировка, газобетон, catalog-plans.ru"
"Проект дома №40-70BL площадью 198,09 м² с планировками",https://raw.githubusercontent.com/nemchenik/test/6ba2fe170429aaf58e1b7a4bc220779b82af6c60/pinterest/generated_batch_62_floor_plans_forest_static/40-70BL.jpg,Удобные планировки домов,,"Проект дома №40-70BL: площадь 198,09 м², 2 этажа, габариты 13.37×15.94 м, материал стен — кирпич. На карточке показаны оригинальные планировки этажей. Сохраните планы дома и откройте проект, чтобы узнать подробности и актуальную стоимость.",https://catalog-plans.ru/catalog/40-70BL?utm_source=pinterest&utm_medium=organic&utm_campaign=generated_floor_plans_forest_static_batch_62&utm_content=pin_11816_40-70BL_plans&utm_term=proekty-domov-s-planirovkami,,"проект дома 40-70BL, проект дома 198,09 м², планировка дома, планы этажей, готовый проект дома, оригинальная планировка, кирпич, catalog-plans.ru"
"Проект дома №69-34 площадью 108,15 м² с планировками",https://raw.githubusercontent.com/nemchenik/test/6ba2fe170429aaf58e1b7a4bc220779b82af6c60/pinterest/generated_batch_63_floor_plans_minimal_static/69-34.jpg,Современные проекты домов,,"Проект дома №69-34: площадь 108,15 м², 2 этажа, габариты 7.6×11 м, материал стен — газобетон. На карточке показаны оригинальные планировки этажей. Сохраните планы дома и откройте проект, чтобы узнать подробности и актуальную стоимость.",https://catalog-plans.ru/catalog/69-34?utm_source=pinterest&utm_medium=organic&utm_campaign=generated_floor_plans_minimal_static_batch_63&utm_content=pin_12016_69-34_plans&utm_term=proekty-domov-s-planirovkami,,"проект дома 69-34, проект дома 108,15 м², планировка дома, планы этажей, готовый проект дома, оригинальная планировка, газобетон, catalog-plans.ru"
"Проект дома №69-19L площадью 144,03 м² с планировками",https://raw.githubusercontent.com/nemchenik/test/6ba2fe170429aaf58e1b7a4bc220779b82af6c60/pinterest/generated_batch_61_floor_plans_sunset_static/69-19L.jpg,Планы домов и коттеджей,,"Проект дома №69-19L: площадь 144,03 м², 2 этажа, габариты 8.5×13 м, материал стен — газобетон. На карточке показаны оригинальные планировки этажей. Сохраните планы дома и откройте проект, чтобы узнать подробности и актуальную стоимость.",https://catalog-plans.ru/catalog/69-19L?utm_source=pinterest&utm_medium=organic&utm_campaign=generated_floor_plans_sunset_static_batch_61&utm_content=pin_11617_69-19L_plans&utm_term=proekty-domov-s-planirovkami,,"проект дома 69-19L, проект дома 144,03 м², планировка дома, планы этажей, готовый проект дома, оригинальная планировка, газобетон, catalog-plans.ru"
"Проект дома №58-78L площадью 242,5 м² с планировками",https://raw.githubusercontent.com/nemchenik/test/6ba2fe170429aaf58e1b7a4bc220779b82af6c60/pinterest/generated_batch_62_floor_plans_forest_static/58-78L.jpg,Удобные планировки домов,,"Проект дома №58-78L: площадь 242,5 м², 2 этажа, габариты 13.81×16.86 м, материал стен — газобетон. На карточке показаны оригинальные планировки этажей. Сохраните планы дома и откройте проект, чтобы узнать подробности и актуальную стоимость.",https://catalog-plans.ru/catalog/58-78L?utm_source=pinterest&utm_medium=organic&utm_campaign=generated_floor_plans_forest_static_batch_62&utm_content=pin_11817_58-78L_plans&utm_term=proekty-domov-s-planirovkami,,"проект дома 58-78L, проект дома 242,5 м², планировка дома, планы этажей, готовый проект дома, оригинальная планировка, газобетон, catalog-plans.ru"
"Проект дома №61-12B площадью 132,9 м² с планировками",https://raw.githubusercontent.com/nemchenik/test/6ba2fe170429aaf58e1b7a4bc220779b82af6c60/pinterest/generated_batch_63_floor_plans_minimal_static/61-12B.jpg,Современные проекты домов,,"Проект дома №61-12B: площадь 132,9 м², 2 этажа, габариты 12.99×13.5 м, материал стен — газобетон. На карточке показаны оригинальные планировки этажей. Сохраните планы дома и откройте проект, чтобы узнать подробности и актуальную стоимость.",https://catalog-plans.ru/catalog/61-12B?utm_source=pinterest&utm_medium=organic&utm_campaign=generated_floor_plans_minimal_static_batch_63&utm_content=pin_12017_61-12B_plans&utm_term=proekty-domov-s-planirovkami,,"проект дома 61-12B, проект дома 132,9 м², планировка дома, планы этажей, готовый проект дома, оригинальная планировка, газобетон, catalog-plans.ru"
"Проект дома №47-45 площадью 229,7 м² с планировками",https://raw.githubusercontent.com/nemchenik/test/6ba2fe170429aaf58e1b7a4bc220779b82af6c60/pinterest/generated_batch_61_floor_plans_sunset_static/47-45.jpg,Планы домов и коттеджей,,"Проект дома №47-45: площадь 229,7 м², 2 этажа, габариты 13.34×16.48 м, материал стен — кирпич. На карточке показаны оригинальные планировки этажей. Сохраните планы дома и откройте проект, чтобы узнать подробности и актуальную стоимость.",https://catalog-plans.ru/catalog/47-45?utm_source=pinterest&utm_medium=organic&utm_campaign=generated_floor_plans_sunset_static_batch_61&utm_content=pin_11618_47-45_plans&utm_term=proekty-domov-s-planirovkami,,"проект дома 47-45, проект дома 229,7 м², планировка дома, планы этажей, готовый проект дома, оригинальная планировка, кирпич, catalog-plans.ru"
"Проект дома №35-54 площадью 519,7 м² с планировками",https://raw.githubusercontent.com/nemchenik/test/6ba2fe170429aaf58e1b7a4bc220779b82af6c60/pinterest/generated_batch_62_floor_plans_forest_static/35-54.jpg,Удобные планировки домов,,"Проект дома №35-54: площадь 519,7 м², 2 этажа, габариты 17.6×29.1 м, материал стен — кирпич. На карточке показаны оригинальные планировки этажей. Сохраните планы дома и откройте проект, чтобы узнать подробности и актуальную стоимость.",https://catalog-plans.ru/catalog/35-54?utm_source=pinterest&utm_medium=organic&utm_campaign=generated_floor_plans_forest_static_batch_62&utm_content=pin_11818_35-54_plans&utm_term=proekty-domov-s-planirovkami,,"проект дома 35-54, проект дома 519,7 м², планировка дома, планы этажей, готовый проект дома, оригинальная планировка, кирпич, catalog-plans.ru"
"Проект дома №64-01AKL площадью 220,72 м² с планировками",https://raw.githubusercontent.com/nemchenik/test/6ba2fe170429aaf58e1b7a4bc220779b82af6c60/pinterest/generated_batch_63_floor_plans_minimal_static/64-01AKL.jpg,Современные проекты домов,,"Проект дома №64-01AKL: площадь 220,72 м², 1 этаж, габариты 13.12×26.69 м, материал стен — кирпич. На карточке показаны оригинальные планировки этажей. Сохраните планы дома и откройте проект, чтобы узнать подробности и актуальную стоимость.",https://catalog-plans.ru/catalog/64-01AKL?utm_source=pinterest&utm_medium=organic&utm_campaign=generated_floor_plans_minimal_static_batch_63&utm_content=pin_12018_64-01AKL_plans&utm_term=proekty-domov-s-planirovkami,,"проект дома 64-01AKL, проект дома 220,72 м², планировка дома, планы этажей, готовый проект дома, оригинальная планировка, кирпич, catalog-plans.ru"
"Проект дома №64-16 площадью 159,69 м² с планировками",https://raw.githubusercontent.com/nemchenik/test/6ba2fe170429aaf58e1b7a4bc220779b82af6c60/pinterest/generated_batch_61_floor_plans_sunset_static/64-16.jpg,Планы домов и коттеджей,,"Проект дома №64-16: площадь 159,69 м², 1 этаж, габариты 14.96×23.21 м, материал стен — газобетон. На карточке показаны оригинальные планировки этажей. Сохраните планы дома и откройте проект, чтобы узнать подробности и актуальную стоимость.",https://catalog-plans.ru/catalog/64-16?utm_source=pinterest&utm_medium=organic&utm_campaign=generated_floor_plans_sunset_static_batch_61&utm_content=pin_11619_64-16_plans&utm_term=proekty-domov-s-planirovkami,,"проект дома 64-16, проект дома 159,69 м², планировка дома, планы этажей, готовый проект дома, оригинальная планировка, газобетон, catalog-plans.ru"
Проект дома №61-22A площадью 170 м² с планировками,https://raw.githubusercontent.com/nemchenik/test/6ba2fe170429aaf58e1b7a4bc220779b82af6c60/pinterest/generated_batch_62_floor_plans_forest_static/61-22A.jpg,Удобные планировки домов,,"Проект дома №61-22A: площадь 170 м², 2 этажа, габариты 9.3×14.85 м, материал стен — газобетон. На карточке показаны оригинальные планировки этажей. Сохраните планы дома и откройте проект, чтобы узнать подробности и актуальную стоимость.",https://catalog-plans.ru/catalog/61-22A?utm_source=pinterest&utm_medium=organic&utm_campaign=generated_floor_plans_forest_static_batch_62&utm_content=pin_11819_61-22A_plans&utm_term=proekty-domov-s-planirovkami,,"проект дома 61-22A, проект дома 170 м², планировка дома, планы этажей, готовый проект дома, оригинальная планировка, газобетон, catalog-plans.ru"
"Проект дома №69-10 площадью 214,25 м² с планировками",https://raw.githubusercontent.com/nemchenik/test/6ba2fe170429aaf58e1b7a4bc220779b82af6c60/pinterest/generated_batch_63_floor_plans_minimal_static/69-10.jpg,Современные проекты домов,,"Проект дома №69-10: площадь 214,25 м², 1 этаж, габариты 15.4×22.3 м, материал стен — газобетон. На карточке показаны оригинальные планировки этажей. Сохраните планы дома и откройте проект, чтобы узнать подробности и актуальную стоимость.",https://catalog-plans.ru/catalog/69-10?utm_source=pinterest&utm_medium=organic&utm_campaign=generated_floor_plans_minimal_static_batch_63&utm_content=pin_12019_69-10_plans&utm_term=proekty-domov-s-planirovkami,,"проект дома 69-10, проект дома 214,25 м², планировка дома, планы этажей, готовый проект дома, оригинальная планировка, газобетон, catalog-plans.ru"
"Проект дома №58-13D площадью 143,26 м² с планировками",https://raw.githubusercontent.com/nemchenik/test/6ba2fe170429aaf58e1b7a4bc220779b82af6c60/pinterest/generated_batch_61_floor_plans_sunset_static/58-13D.jpg,Планы домов и коттеджей,,"Проект дома №58-13D: площадь 143,26 м², 2 этажа, габариты 10.1×10.1 м, материал стен — газобетон. На карточке показаны оригинальные планировки этажей. Сохраните планы дома и откройте проект, чтобы узнать подробности и актуальную стоимость.",https://catalog-plans.ru/catalog/58-13D?utm_source=pinterest&utm_medium=organic&utm_campaign=generated_floor_plans_sunset_static_batch_61&utm_content=pin_11620_58-13D_plans&utm_term=proekty-domov-s-planirovkami,,"проект дома 58-13D, проект дома 143,26 м², планировка дома, планы этажей, готовый проект дома, оригинальная планировка, газобетон, catalog-plans.ru"
"Проект дома №57-09KBL площадью 174,76 м² с планировками",https://raw.githubusercontent.com/nemchenik/test/6ba2fe170429aaf58e1b7a4bc220779b82af6c60/pinterest/generated_batch_62_floor_plans_forest_static/57-09KBL.jpg,Удобные планировки домов,,"Проект дома №57-09KBL: площадь 174,76 м², 2 этажа, габариты 9.8×14.1 м, материал стен — керамзитобетон. На карточке показаны оригинальные планировки этажей. Сохраните планы дома и откройте проект, чтобы узнать подробности и актуальную стоимость.",https://catalog-plans.ru/catalog/57-09KBL?utm_source=pinterest&utm_medium=organic&utm_campaign=generated_floor_plans_forest_static_batch_62&utm_content=pin_11820_57-09KBL_plans&utm_term=proekty-domov-s-planirovkami,,"проект дома 57-09KBL, проект дома 174,76 м², планировка дома, планы этажей, готовый проект дома, оригинальная планировка, керамзитобетон, catalog-plans.ru"
"Проект дома №57-75K площадью 218,42 м² с планировками",https://raw.githubusercontent.com/nemchenik/test/6ba2fe170429aaf58e1b7a4bc220779b82af6c60/pinterest/generated_batch_63_floor_plans_minimal_static/57-75K.jpg,Современные проекты домов,,"Проект дома №57-75K: площадь 218,42 м², 2 этажа, габариты 10.8×13.6 м, материал стен — кирпич. На карточке показаны оригинальные планировки этажей. Сохраните планы дома и откройте проект, чтобы узнать подробности и актуальную стоимость.",https://catalog-plans.ru/catalog/57-75K?utm_source=pinterest&utm_medium=organic&utm_campaign=generated_floor_plans_minimal_static_batch_63&utm_content=pin_12020_57-75K_plans&utm_term=proekty-domov-s-planirovkami,,"проект дома 57-75K, проект дома 218,42 м², планировка дома, планы этажей, готовый проект дома, оригинальная планировка, кирпич, catalog-plans.ru"
"Проект дома №64-72L площадью 163,94 м² с планировками",https://raw.githubusercontent.com/nemchenik/test/6ba2fe170429aaf58e1b7a4bc220779b82af6c60/pinterest/generated_batch_61_floor_plans_sunset_static/64-72L.jpg,Планы домов и коттеджей,,"Проект дома №64-72L: площадь 163,94 м², 2 этажа, габариты 13.2×11.75 м, материал стен — газобетон. На карточке показаны оригинальные планировки этажей. Сохраните планы дома и откройте проект, чтобы узнать подробности и актуальную стоимость.",https://catalog-plans.ru/catalog/64-72L?utm_source=pinterest&utm_medium=organic&utm_campaign=generated_floor_plans_sunset_static_batch_61&utm_content=pin_11621_64-72L_plans&utm_term=proekty-domov-s-planirovkami,,"проект дома 64-72L, проект дома 163,94 м², планировка дома, планы этажей, готовый проект дома, оригинальная планировка, газобетон, catalog-plans.ru"
"Проект дома №60-71 площадью 122,48 м² с планировками",https://raw.githubusercontent.com/nemchenik/test/6ba2fe170429aaf58e1b7a4bc220779b82af6c60/pinterest/generated_batch_62_floor_plans_forest_static/60-71.jpg,Удобные планировки домов,,"Проект дома №60-71: площадь 122,48 м², 2 этажа, габариты 9.7×10.3 м, материал стен — газобетон. На карточке показаны оригинальные планировки этажей. Сохраните планы дома и откройте проект, чтобы узнать подробности и актуальную стоимость.",https://catalog-plans.ru/catalog/60-71?utm_source=pinterest&utm_medium=organic&utm_campaign=generated_floor_plans_forest_static_batch_62&utm_content=pin_11821_60-71_plans&utm_term=proekty-domov-s-planirovkami,,"проект дома 60-71, проект дома 122,48 м², планировка дома, планы этажей, готовый проект дома, оригинальная планировка, газобетон, catalog-plans.ru"
Проект дома №30-43 площадью 308 м² с планировками,https://raw.githubusercontent.com/nemchenik/test/6ba2fe170429aaf58e1b7a4bc220779b82af6c60/pinterest/generated_batch_63_floor_plans_minimal_static/30-43.jpg,Современные проекты домов,,"Проект дома №30-43: площадь 308 м², 3 этажа, габариты 13.2×13.79 м, материал стен — кирпич. На карточке показаны оригинальные планировки этажей. Сохраните планы дома и откройте проект, чтобы узнать подробности и актуальную стоимость.",https://catalog-plans.ru/catalog/30-43?utm_source=pinterest&utm_medium=organic&utm_campaign=generated_floor_plans_minimal_static_batch_63&utm_content=pin_12021_30-43_plans&utm_term=proekty-domov-s-planirovkami,,"проект дома 30-43, проект дома 308 м², планировка дома, планы этажей, готовый проект дома, оригинальная планировка, кирпич, catalog-plans.ru"
"Проект дома №68-80 площадью 147,98 м² с планировками",https://raw.githubusercontent.com/nemchenik/test/6ba2fe170429aaf58e1b7a4bc220779b82af6c60/pinterest/generated_batch_61_floor_plans_sunset_static/68-80.jpg,Планы домов и коттеджей,,"Проект дома №68-80: площадь 147,98 м², 2 этажа, габариты 10×12 м, материал стен — газобетон. На карточке показаны оригинальные планировки этажей. Сохраните планы дома и откройте проект, чтобы узнать подробности и актуальную стоимость.",https://catalog-plans.ru/catalog/68-80?utm_source=pinterest&utm_medium=organic&utm_campaign=generated_floor_plans_sunset_static_batch_61&utm_content=pin_11622_68-80_plans&utm_term=proekty-domov-s-planirovkami,,"проект дома 68-80, проект дома 147,98 м², планировка дома, планы этажей, готовый проект дома, оригинальная планировка, газобетон, catalog-plans.ru"
"Проект дома №40-04BE площадью 145,47 м² с планировками",https://raw.githubusercontent.com/nemchenik/test/6ba2fe170429aaf58e1b7a4bc220779b82af6c60/pinterest/generated_batch_62_floor_plans_forest_static/40-04BE.jpg,Удобные планировки домов,,"Проект дома №40-04BE: площадь 145,47 м², 2 этажа, габариты 10×10 м, материал стен — газобетон. На карточке показаны оригинальные планировки этажей. Сохраните планы дома и откройте проект, чтобы узнать подробности и актуальную стоимость.",https://catalog-plans.ru/catalog/40-04BE?utm_source=pinterest&utm_medium=organic&utm_campaign=generated_floor_plans_forest_static_batch_62&utm_content=pin_11822_40-04BE_plans&utm_term=proekty-domov-s-planirovkami,,"проект дома 40-04BE, проект дома 145,47 м², планировка дома, планы этажей, готовый проект дома, оригинальная планировка, газобетон, catalog-plans.ru"
Проект дома №58-97HA площадью 124 м² с планировками,https://raw.githubusercontent.com/nemchenik/test/6ba2fe170429aaf58e1b7a4bc220779b82af6c60/pinterest/generated_batch_63_floor_plans_minimal_static/58-97HA.jpg,Современные проекты домов,,"Проект дома №58-97HA: площадь 124 м², 1 этаж, габариты 14.6×13.1 м, материал стен — газобетон. На карточке показаны оригинальные планировки этажей. Сохраните планы дома и откройте проект, чтобы узнать подробности и актуальную стоимость.",https://catalog-plans.ru/catalog/58-97HA?utm_source=pinterest&utm_medium=organic&utm_campaign=generated_floor_plans_minimal_static_batch_63&utm_content=pin_12022_58-97HA_plans&utm_term=proekty-domov-s-planirovkami,,"проект дома 58-97HA, проект дома 124 м², планировка дома, планы этажей, готовый проект дома, оригинальная планировка, газобетон, catalog-plans.ru"
"Проект дома №13-72 площадью 126,2 м² с планировками",https://raw.githubusercontent.com/nemchenik/test/6ba2fe170429aaf58e1b7a4bc220779b82af6c60/pinterest/generated_batch_61_floor_plans_sunset_static/13-72.jpg,Планы домов и коттеджей,,"Проект дома №13-72: площадь 126,2 м², 2 этажа, габариты 8.6×10.6 м, материал стен — дерево. На карточке показаны оригинальные планировки этажей. Сохраните планы дома и откройте проект, чтобы узнать подробности и актуальную стоимость.",https://catalog-plans.ru/catalog/13-72?utm_source=pinterest&utm_medium=organic&utm_campaign=generated_floor_plans_sunset_static_batch_61&utm_content=pin_11623_13-72_plans&utm_term=proekty-domov-s-planirovkami,,"проект дома 13-72, проект дома 126,2 м², планировка дома, планы этажей, готовый проект дома, оригинальная планировка, дерево, catalog-plans.ru"
"Проект дома №58-92EK1L площадью 164,5 м² с планировками",https://raw.githubusercontent.com/nemchenik/test/6ba2fe170429aaf58e1b7a4bc220779b82af6c60/pinterest/generated_batch_62_floor_plans_forest_static/58-92EK1L.jpg,Удобные планировки домов,,"Проект дома №58-92EK1L: площадь 164,5 м², 2 этажа, габариты 11.87×12.01 м, материал стен — кирпич. На карточке показаны оригинальные планировки этажей. Сохраните планы дома и откройте проект, чтобы узнать подробности и актуальную стоимость.",https://catalog-plans.ru/catalog/58-92EK1L?utm_source=pinterest&utm_medium=organic&utm_campaign=generated_floor_plans_forest_static_batch_62&utm_content=pin_11823_58-92EK1L_plans&utm_term=proekty-domov-s-planirovkami,,"проект дома 58-92EK1L, проект дома 164,5 м², планировка дома, планы этажей, готовый проект дома, оригинальная планировка, кирпич, catalog-plans.ru"
"Проект дома №45-55ABGL площадью 327,15 м² с планировками",https://raw.githubusercontent.com/nemchenik/test/6ba2fe170429aaf58e1b7a4bc220779b82af6c60/pinterest/generated_batch_63_floor_plans_minimal_static/45-55ABGL.jpg,Современные проекты домов,,"Проект дома №45-55ABGL: площадь 327,15 м², 3 этажа, габариты 11.67×12 м, материал стен — газобетон. На карточке показаны оригинальные планировки этажей. Сохраните планы дома и откройте проект, чтобы узнать подробности и актуальную стоимость.",https://catalog-plans.ru/catalog/45-55ABGL?utm_source=pinterest&utm_medium=organic&utm_campaign=generated_floor_plans_minimal_static_batch_63&utm_content=pin_12023_45-55ABGL_plans&utm_term=proekty-domov-s-planirovkami,,"проект дома 45-55ABGL, проект дома 327,15 м², планировка дома, планы этажей, готовый проект дома, оригинальная планировка, газобетон, catalog-plans.ru"
"Проект дома №57-20V площадью 320,68 м² с планировками",https://raw.githubusercontent.com/nemchenik/test/6ba2fe170429aaf58e1b7a4bc220779b82af6c60/pinterest/generated_batch_61_floor_plans_sunset_static/57-20V.jpg,Планы домов и коттеджей,,"Проект дома №57-20V: площадь 320,68 м², 2 этажа, габариты 13.55×16.68 м, материал стен — газобетон. На карточке показаны оригинальные планировки этажей. Сохраните планы дома и откройте проект, чтобы узнать подробности и актуальную стоимость.",https://catalog-plans.ru/catalog/57-20V?utm_source=pinterest&utm_medium=organic&utm_campaign=generated_floor_plans_sunset_static_batch_61&utm_content=pin_11624_57-20V_plans&utm_term=proekty-domov-s-planirovkami,,"проект дома 57-20V, проект дома 320,68 м², планировка дома, планы этажей, готовый проект дома, оригинальная планировка, газобетон, catalog-plans.ru"
Проект дома №66-05 площадью 378 м² с планировками,https://raw.githubusercontent.com/nemchenik/test/6ba2fe170429aaf58e1b7a4bc220779b82af6c60/pinterest/generated_batch_62_floor_plans_forest_static/66-05.jpg,Удобные планировки домов,,"Проект дома №66-05: площадь 378 м², 2 этажа, габариты 15×17 м, материал стен — кирпич. На карточке показаны оригинальные планировки этажей. Сохраните планы дома и откройте проект, чтобы узнать подробности и актуальную стоимость.",https://catalog-plans.ru/catalog/66-05?utm_source=pinterest&utm_medium=organic&utm_campaign=generated_floor_plans_forest_static_batch_62&utm_content=pin_11824_66-05_plans&utm_term=proekty-domov-s-planirovkami,,"проект дома 66-05, проект дома 378 м², планировка дома, планы этажей, готовый проект дома, оригинальная планировка, кирпич, catalog-plans.ru"
"Проект дома №59-66A площадью 94,6 м² с планировками",https://raw.githubusercontent.com/nemchenik/test/6ba2fe170429aaf58e1b7a4bc220779b82af6c60/pinterest/generated_batch_63_floor_plans_minimal_static/59-66A.jpg,Современные проекты домов,,"Проект дома №59-66A: площадь 94,6 м², 2 этажа, габариты 7.85×7.85 м, материал стен — газобетон. На карточке показаны оригинальные планировки этажей. Сохраните планы дома и откройте проект, чтобы узнать подробности и актуальную стоимость.",https://catalog-plans.ru/catalog/59-66A?utm_source=pinterest&utm_medium=organic&utm_campaign=generated_floor_plans_minimal_static_batch_63&utm_content=pin_12024_59-66A_plans&utm_term=proekty-domov-s-planirovkami,,"проект дома 59-66A, проект дома 94,6 м², планировка дома, планы этажей, готовый проект дома, оригинальная планировка, газобетон, catalog-plans.ru"
"Проект дома №58-58 площадью 75,51 м² с планировками",https://raw.githubusercontent.com/nemchenik/test/6ba2fe170429aaf58e1b7a4bc220779b82af6c60/pinterest/generated_batch_61_floor_plans_sunset_static/58-58.jpg,Планы домов и коттеджей,,"Проект дома №58-58: площадь 75,51 м², 2 этажа, габариты 6×9 м, материал стен — газобетон. На карточке показаны оригинальные планировки этажей. Сохраните планы дома и откройте проект, чтобы узнать подробности и актуальную стоимость.",https://catalog-plans.ru/catalog/58-58?utm_source=pinterest&utm_medium=organic&utm_campaign=generated_floor_plans_sunset_static_batch_61&utm_content=pin_11625_58-58_plans&utm_term=proekty-domov-s-planirovkami,,"проект дома 58-58, проект дома 75,51 м², планировка дома, планы этажей, готовый проект дома, оригинальная планировка, газобетон, catalog-plans.ru"
"Проект дома №55-18 площадью 141,3 м² с планировками",https://raw.githubusercontent.com/nemchenik/test/6ba2fe170429aaf58e1b7a4bc220779b82af6c60/pinterest/generated_batch_62_floor_plans_forest_static/55-18.jpg,Удобные планировки домов,,"Проект дома №55-18: площадь 141,3 м², 2 этажа, габариты 8.4×11.92 м, материал стен — газобетон. На карточке показаны оригинальные планировки этажей. Сохраните планы дома и откройте проект, чтобы узнать подробности и актуальную стоимость.",https://catalog-plans.ru/catalog/55-18?utm_source=pinterest&utm_medium=organic&utm_campaign=generated_floor_plans_forest_static_batch_62&utm_content=pin_11825_55-18_plans&utm_term=proekty-domov-s-planirovkami,,"проект дома 55-18, проект дома 141,3 м², планировка дома, планы этажей, готовый проект дома, оригинальная планировка, газобетон, catalog-plans.ru"
"Проект дома №65-89L площадью 87,89 м² с планировками",https://raw.githubusercontent.com/nemchenik/test/6ba2fe170429aaf58e1b7a4bc220779b82af6c60/pinterest/generated_batch_63_floor_plans_minimal_static/65-89L.jpg,Современные проекты домов,,"Проект дома №65-89L: площадь 87,89 м², 1 этаж, габариты 9.61×12.61 м, материал стен — газобетон. На карточке показаны оригинальные планировки этажей. Сохраните планы дома и откройте проект, чтобы узнать подробности и актуальную стоимость.",https://catalog-plans.ru/catalog/65-89L?utm_source=pinterest&utm_medium=organic&utm_campaign=generated_floor_plans_minimal_static_batch_63&utm_content=pin_12025_65-89L_plans&utm_term=proekty-domov-s-planirovkami,,"проект дома 65-89L, проект дома 87,89 м², планировка дома, планы этажей, готовый проект дома, оригинальная планировка, газобетон, catalog-plans.ru"
"Проект дома №40-06G площадью 247,31 м² с планировками",https://raw.githubusercontent.com/nemchenik/test/6ba2fe170429aaf58e1b7a4bc220779b82af6c60/pinterest/generated_batch_61_floor_plans_sunset_static/40-06G.jpg,Планы домов и коттеджей,,"Проект дома №40-06G: площадь 247,31 м², 2 этажа, габариты 14.26×14.56 м, материал стен — газобетон. На карточке показаны оригинальные планировки этажей. Сохраните планы дома и откройте проект, чтобы узнать подробности и актуальную стоимость.",https://catalog-plans.ru/catalog/40-06G?utm_source=pinterest&utm_medium=organic&utm_campaign=generated_floor_plans_sunset_static_batch_61&utm_content=pin_11626_40-06G_plans&utm_term=proekty-domov-s-planirovkami,,"проект дома 40-06G, проект дома 247,31 м², планировка дома, планы этажей, готовый проект дома, оригинальная планировка, газобетон, catalog-plans.ru"
"Проект дома №34-91 площадью 450,7 м² с планировками",https://raw.githubusercontent.com/nemchenik/test/6ba2fe170429aaf58e1b7a4bc220779b82af6c60/pinterest/generated_batch_62_floor_plans_forest_static/34-91.jpg,Удобные планировки домов,,"Проект дома №34-91: площадь 450,7 м², 2 этажа, габариты 14.5×16.2 м, материал стен — кирпич. На карточке показаны оригинальные планировки этажей. Сохраните планы дома и откройте проект, чтобы узнать подробности и актуальную стоимость.",https://catalog-plans.ru/catalog/34-91?utm_source=pinterest&utm_medium=organic&utm_campaign=generated_floor_plans_forest_static_batch_62&utm_content=pin_11826_34-91_plans&utm_term=proekty-domov-s-planirovkami,,"проект дома 34-91, проект дома 450,7 м², планировка дома, планы этажей, готовый проект дома, оригинальная планировка, кирпич, catalog-plans.ru"
"Проект дома №65-92L площадью 175,19 м² с планировками",https://raw.githubusercontent.com/nemchenik/test/6ba2fe170429aaf58e1b7a4bc220779b82af6c60/pinterest/generated_batch_63_floor_plans_minimal_static/65-92L.jpg,Современные проекты домов,,"Проект дома №65-92L: площадь 175,19 м², 2 этажа, габариты 10.5×12.14 м, материал стен — газобетон. На карточке показаны оригинальные планировки этажей. Сохраните планы дома и откройте проект, чтобы узнать подробности и актуальную стоимость.",https://catalog-plans.ru/catalog/65-92L?utm_source=pinterest&utm_medium=organic&utm_campaign=generated_floor_plans_minimal_static_batch_63&utm_content=pin_12026_65-92L_plans&utm_term=proekty-domov-s-planirovkami,,"проект дома 65-92L, проект дома 175,19 м², планировка дома, планы этажей, готовый проект дома, оригинальная планировка, газобетон, catalog-plans.ru"
"Проект дома №33-91 площадью 258,6 м² с планировками",https://raw.githubusercontent.com/nemchenik/test/6ba2fe170429aaf58e1b7a4bc220779b82af6c60/pinterest/generated_batch_61_floor_plans_sunset_static/33-91.jpg,Планы домов и коттеджей,,"Проект дома №33-91: площадь 258,6 м², 2 этажа, габариты 11.8×15.1 м, материал стен — кирпич. На карточке показаны оригинальные планировки этажей. Сохраните планы дома и откройте проект, чтобы узнать подробности и актуальную стоимость.",https://catalog-plans.ru/catalog/33-91?utm_source=pinterest&utm_medium=organic&utm_campaign=generated_floor_plans_sunset_static_batch_61&utm_content=pin_11627_33-91_plans&utm_term=proekty-domov-s-planirovkami,,"проект дома 33-91, проект дома 258,6 м², планировка дома, планы этажей, готовый проект дома, оригинальная планировка, кирпич, catalog-plans.ru"
"Проект дома №57-93 площадью 139,2 м² с планировками",https://raw.githubusercontent.com/nemchenik/test/6ba2fe170429aaf58e1b7a4bc220779b82af6c60/pinterest/generated_batch_62_floor_plans_forest_static/57-93.jpg,Удобные планировки домов,,"Проект дома №57-93: площадь 139,2 м², 2 этажа, габариты 8.86×11.53 м, материал стен — газобетон. На карточке показаны оригинальные планировки этажей. Сохраните планы дома и откройте проект, чтобы узнать подробности и актуальную стоимость.",https://catalog-plans.ru/catalog/57-93?utm_source=pinterest&utm_medium=organic&utm_campaign=generated_floor_plans_forest_static_batch_62&utm_content=pin_11827_57-93_plans&utm_term=proekty-domov-s-planirovkami,,"проект дома 57-93, проект дома 139,2 м², планировка дома, планы этажей, готовый проект дома, оригинальная планировка, газобетон, catalog-plans.ru"
"Проект дома №48-21EAL площадью 265,29 м² с планировками",https://raw.githubusercontent.com/nemchenik/test/6ba2fe170429aaf58e1b7a4bc220779b82af6c60/pinterest/generated_batch_63_floor_plans_minimal_static/48-21EAL.jpg,Современные проекты домов,,"Проект дома №48-21EAL: площадь 265,29 м², 2 этажа, габариты 13.62×15.8 м, материал стен — кирпич. На карточке показаны оригинальные планировки этажей. Сохраните планы дома и откройте проект, чтобы узнать подробности и актуальную стоимость.",https://catalog-plans.ru/catalog/48-21EAL?utm_source=pinterest&utm_medium=organic&utm_campaign=generated_floor_plans_minimal_static_batch_63&utm_content=pin_12027_48-21EAL_plans&utm_term=proekty-domov-s-planirovkami,,"проект дома 48-21EAL, проект дома 265,29 м², планировка дома, планы этажей, готовый проект дома, оригинальная планировка, кирпич, catalog-plans.ru"
"Проект дома №63-14LW площадью 498,2 м² с планировками",https://raw.githubusercontent.com/nemchenik/test/6ba2fe170429aaf58e1b7a4bc220779b82af6c60/pinterest/generated_batch_61_floor_plans_sunset_static/63-14LW.jpg,Планы домов и коттеджей,,"Проект дома №63-14LW: площадь 498,2 м², 2 этажа, габариты 20.8×26.1 м, материал стен — газобетон. На карточке показаны оригинальные планировки этажей. Сохраните планы дома и откройте проект, чтобы узнать подробности и актуальную стоимость.",https://catalog-plans.ru/catalog/63-14LW?utm_source=pinterest&utm_medium=organic&utm_campaign=generated_floor_plans_sunset_static_batch_61&utm_content=pin_11628_63-14LW_plans&utm_term=proekty-domov-s-planirovkami,,"проект дома 63-14LW, проект дома 498,2 м², планировка дома, планы этажей, готовый проект дома, оригинальная планировка, газобетон, catalog-plans.ru"
"Проект дома №58-35 площадью 204,79 м² с планировками",https://raw.githubusercontent.com/nemchenik/test/6ba2fe170429aaf58e1b7a4bc220779b82af6c60/pinterest/generated_batch_62_floor_plans_forest_static/58-35.jpg,Удобные планировки домов,,"Проект дома №58-35: площадь 204,79 м², 2 этажа, габариты 12.36×14.26 м, материал стен — газобетон. На карточке показаны оригинальные планировки этажей. Сохраните планы дома и откройте проект, чтобы узнать подробности и актуальную стоимость.",https://catalog-plans.ru/catalog/58-35?utm_source=pinterest&utm_medium=organic&utm_campaign=generated_floor_plans_forest_static_batch_62&utm_content=pin_11828_58-35_plans&utm_term=proekty-domov-s-planirovkami,,"проект дома 58-35, проект дома 204,79 м², планировка дома, планы этажей, готовый проект дома, оригинальная планировка, газобетон, catalog-plans.ru"
"Проект дома №62-03AK1L площадью 149,74 м² с планировками",https://raw.githubusercontent.com/nemchenik/test/6ba2fe170429aaf58e1b7a4bc220779b82af6c60/pinterest/generated_batch_63_floor_plans_minimal_static/62-03AK1L.jpg,Современные проекты домов,,"Проект дома №62-03AK1L: площадь 149,74 м², 1 этаж, габариты 15.17×16.14 м, материал стен — кирпич. На карточке показаны оригинальные планировки этажей. Сохраните планы дома и откройте проект, чтобы узнать подробности и актуальную стоимость.",https://catalog-plans.ru/catalog/62-03AK1L?utm_source=pinterest&utm_medium=organic&utm_campaign=generated_floor_plans_minimal_static_batch_63&utm_content=pin_12028_62-03AK1L_plans&utm_term=proekty-domov-s-planirovkami,,"проект дома 62-03AK1L, проект дома 149,74 м², планировка дома, планы этажей, готовый проект дома, оригинальная планировка, кирпич, catalog-plans.ru"
"Проект дома №48-31DG площадью 348,51 м² с планировками",https://raw.githubusercontent.com/nemchenik/test/6ba2fe170429aaf58e1b7a4bc220779b82af6c60/pinterest/generated_batch_61_floor_plans_sunset_static/48-31DG.jpg,Планы домов и коттеджей,,"Проект дома №48-31DG: площадь 348,51 м², 3 этажа, габариты 14.58×16.14 м, материал стен — газобетон. На карточке показаны оригинальные планировки этажей. Сохраните планы дома и откройте проект, чтобы узнать подробности и актуальную стоимость.",https://catalog-plans.ru/catalog/48-31DG?utm_source=pinterest&utm_medium=organic&utm_campaign=generated_floor_plans_sunset_static_batch_61&utm_content=pin_11629_48-31DG_plans&utm_term=proekty-domov-s-planirovkami,,"проект дома 48-31DG, проект дома 348,51 м², планировка дома, планы этажей, готовый проект дома, оригинальная планировка, газобетон, catalog-plans.ru"
"Проект дома №13-70 площадью 388,5 м² с планировками",https://raw.githubusercontent.com/nemchenik/test/6ba2fe170429aaf58e1b7a4bc220779b82af6c60/pinterest/generated_batch_62_floor_plans_forest_static/13-70.jpg,Удобные планировки домов,,"Проект дома №13-70: площадь 388,5 м², 2 этажа, габариты 15.21×15.31 м, материал стен — дерево. На карточке показаны оригинальные планировки этажей. Сохраните планы дома и откройте проект, чтобы узнать подробности и актуальную стоимость.",https://catalog-plans.ru/catalog/13-70?utm_source=pinterest&utm_medium=organic&utm_campaign=generated_floor_plans_forest_static_batch_62&utm_content=pin_11829_13-70_plans&utm_term=proekty-domov-s-planirovkami,,"проект дома 13-70, проект дома 388,5 м², планировка дома, планы этажей, готовый проект дома, оригинальная планировка, дерево, catalog-plans.ru"
"Проект дома №58-44BAL площадью 302,74 м² с планировками",https://raw.githubusercontent.com/nemchenik/test/6ba2fe170429aaf58e1b7a4bc220779b82af6c60/pinterest/generated_batch_63_floor_plans_minimal_static/58-44BAL.jpg,Современные проекты домов,,"Проект дома №58-44BAL: площадь 302,74 м², 2 этажа, габариты 14.66×28.58 м, материал стен — газобетон. На карточке показаны оригинальные планировки этажей. Сохраните планы дома и откройте проект, чтобы узнать подробности и актуальную стоимость.",https://catalog-plans.ru/catalog/58-44BAL?utm_source=pinterest&utm_medium=organic&utm_campaign=generated_floor_plans_minimal_static_batch_63&utm_content=pin_12029_58-44BAL_plans&utm_term=proekty-domov-s-planirovkami,,"проект дома 58-44BAL, проект дома 302,74 м², планировка дома, планы этажей, готовый проект дома, оригинальная планировка, газобетон, catalog-plans.ru"
"Проект дома №47-48 площадью 240,52 м² с планировками",https://raw.githubusercontent.com/nemchenik/test/6ba2fe170429aaf58e1b7a4bc220779b82af6c60/pinterest/generated_batch_61_floor_plans_sunset_static/47-48.jpg,Планы домов и коттеджей,,"Проект дома №47-48: площадь 240,52 м², 2 этажа, габариты 14.06×19.14 м, материал стен — газобетон. На карточке показаны оригинальные планировки этажей. Сохраните планы дома и откройте проект, чтобы узнать подробности и актуальную стоимость.",https://catalog-plans.ru/catalog/47-48?utm_source=pinterest&utm_medium=organic&utm_campaign=generated_floor_plans_sunset_static_batch_61&utm_content=pin_11630_47-48_plans&utm_term=proekty-domov-s-planirovkami,,"проект дома 47-48, проект дома 240,52 м², планировка дома, планы этажей, готовый проект дома, оригинальная планировка, газобетон, catalog-plans.ru"
"Проект дома №57-63M площадью 151,33 м² с планировками",https://raw.githubusercontent.com/nemchenik/test/6ba2fe170429aaf58e1b7a4bc220779b82af6c60/pinterest/generated_batch_62_floor_plans_forest_static/57-63M.jpg,Удобные планировки домов,,"Проект дома №57-63M: площадь 151,33 м², 2 этажа, габариты 9.96×12.56 м, материал стен — газобетон. На карточке показаны оригинальные планировки этажей. Сохраните планы дома и откройте проект, чтобы узнать подробности и актуальную стоимость.",https://catalog-plans.ru/catalog/57-63M?utm_source=pinterest&utm_medium=organic&utm_campaign=generated_floor_plans_forest_static_batch_62&utm_content=pin_11830_57-63M_plans&utm_term=proekty-domov-s-planirovkami,,"проект дома 57-63M, проект дома 151,33 м², планировка дома, планы этажей, готовый проект дома, оригинальная планировка, газобетон, catalog-plans.ru"
Проект дома №34-65 площадью 160 м² с планировками,https://raw.githubusercontent.com/nemchenik/test/6ba2fe170429aaf58e1b7a4bc220779b82af6c60/pinterest/generated_batch_63_floor_plans_minimal_static/34-65.jpg,Современные проекты домов,,"Проект дома №34-65: площадь 160 м², 2 этажа, габариты 10.5×12 м, материал стен — кирпич. На карточке показаны оригинальные планировки этажей. Сохраните планы дома и откройте проект, чтобы узнать подробности и актуальную стоимость.",https://catalog-plans.ru/catalog/34-65?utm_source=pinterest&utm_medium=organic&utm_campaign=generated_floor_plans_minimal_static_batch_63&utm_content=pin_12030_34-65_plans&utm_term=proekty-domov-s-planirovkami,,"проект дома 34-65, проект дома 160 м², планировка дома, планы этажей, готовый проект дома, оригинальная планировка, кирпич, catalog-plans.ru"
"Проект дома №45-64NHAGL площадью 211,9 м² с планировками",https://raw.githubusercontent.com/nemchenik/test/6ba2fe170429aaf58e1b7a4bc220779b82af6c60/pinterest/generated_batch_61_floor_plans_sunset_static/45-64NHAGL.jpg,Планы домов и коттеджей,,"Проект дома №45-64NHAGL: площадь 211,9 м², 2 этажа, габариты 12.6×15.82 м, материал стен — газобетон. На карточке показаны оригинальные планировки этажей. Сохраните планы дома и откройте проект, чтобы узнать подробности и актуальную стоимость.",https://catalog-plans.ru/catalog/45-64NHAGL?utm_source=pinterest&utm_medium=organic&utm_campaign=generated_floor_plans_sunset_static_batch_61&utm_content=pin_11631_45-64NHAGL_plans&utm_term=proekty-domov-s-planirovkami,,"проект дома 45-64NHAGL, проект дома 211,9 м², планировка дома, планы этажей, готовый проект дома, оригинальная планировка, газобетон, catalog-plans.ru"
"Проект дома №57-42K площадью 190,46 м² с планировками",https://raw.githubusercontent.com/nemchenik/test/6ba2fe170429aaf58e1b7a4bc220779b82af6c60/pinterest/generated_batch_62_floor_plans_forest_static/57-42K.jpg,Удобные планировки домов,,"Проект дома №57-42K: площадь 190,46 м², 2 этажа, габариты 10.96×13.56 м, материал стен — кирпич. На карточке показаны оригинальные планировки этажей. Сохраните планы дома и откройте проект, чтобы узнать подробности и актуальную стоимость.",https://catalog-plans.ru/catalog/57-42K?utm_source=pinterest&utm_medium=organic&utm_campaign=generated_floor_plans_forest_static_batch_62&utm_content=pin_11831_57-42K_plans&utm_term=proekty-domov-s-planirovkami,,"проект дома 57-42K, проект дома 190,46 м², планировка дома, планы этажей, готовый проект дома, оригинальная планировка, кирпич, catalog-plans.ru"
"Проект дома №70-84G площадью 207,87 м² с планировками",https://raw.githubusercontent.com/nemchenik/test/6ba2fe170429aaf58e1b7a4bc220779b82af6c60/pinterest/generated_batch_63_floor_plans_minimal_static/70-84G.jpg,Современные проекты домов,,"Проект дома №70-84G: площадь 207,87 м², 2 этажа, габариты 10×13.7 м, материал стен — газобетон. На карточке показаны оригинальные планировки этажей. Сохраните планы дома и откройте проект, чтобы узнать подробности и актуальную стоимость.",https://catalog-plans.ru/catalog/70-84G?utm_source=pinterest&utm_medium=organic&utm_campaign=generated_floor_plans_minimal_static_batch_63&utm_content=pin_12031_70-84G_plans&utm_term=proekty-domov-s-planirovkami,,"проект дома 70-84G, проект дома 207,87 м², планировка дома, планы этажей, готовый проект дома, оригинальная планировка, газобетон, catalog-plans.ru"
"Проект дома №58-87AB площадью 274,01 м² с планировками",https://raw.githubusercontent.com/nemchenik/test/6ba2fe170429aaf58e1b7a4bc220779b82af6c60/pinterest/generated_batch_61_floor_plans_sunset_static/58-87AB.jpg,Планы домов и коттеджей,,"Проект дома №58-87AB: площадь 274,01 м², 3 этажа, габариты 14.8×19.5 м, материал стен — газобетон. На карточке показаны оригинальные планировки этажей. Сохраните планы дома и откройте проект, чтобы узнать подробности и актуальную стоимость.",https://catalog-plans.ru/catalog/58-87AB?utm_source=pinterest&utm_medium=organic&utm_campaign=generated_floor_plans_sunset_static_batch_61&utm_content=pin_11632_58-87AB_plans&utm_term=proekty-domov-s-planirovkami,,"проект дома 58-87AB, проект дома 274,01 м², планировка дома, планы этажей, готовый проект дома, оригинальная планировка, газобетон, catalog-plans.ru"
"Проект дома №47-12 площадью 260,2 м² с планировками",https://raw.githubusercontent.com/nemchenik/test/6ba2fe170429aaf58e1b7a4bc220779b82af6c60/pinterest/generated_batch_62_floor_plans_forest_static/47-12.jpg,Удобные планировки домов,,"Проект дома №47-12: площадь 260,2 м², 2 этажа, габариты 16.55×18.6 м, материал стен — газобетон. На карточке показаны оригинальные планировки этажей. Сохраните планы дома и откройте проект, чтобы узнать подробности и актуальную стоимость.",https://catalog-plans.ru/catalog/47-12?utm_source=pinterest&utm_medium=organic&utm_campaign=generated_floor_plans_forest_static_batch_62&utm_content=pin_11832_47-12_plans&utm_term=proekty-domov-s-planirovkami,,"проект дома 47-12, проект дома 260,2 м², планировка дома, планы этажей, готовый проект дома, оригинальная планировка, газобетон, catalog-plans.ru"
Проект дома №75-12 площадью 203 м² с планировками,https://raw.githubusercontent.com/nemchenik/test/6ba2fe170429aaf58e1b7a4bc220779b82af6c60/pinterest/generated_batch_63_floor_plans_minimal_static/75-12.jpg,Современные проекты домов,,"Проект дома №75-12: площадь 203 м², 2 этажа, габариты 11.18×12.18 м, материал стен — газобетон. На карточке показаны оригинальные планировки этажей. Сохраните планы дома и откройте проект, чтобы узнать подробности и актуальную стоимость.",https://catalog-plans.ru/catalog/75-12?utm_source=pinterest&utm_medium=organic&utm_campaign=generated_floor_plans_minimal_static_batch_63&utm_content=pin_12032_75-12_plans&utm_term=proekty-domov-s-planirovkami,,"проект дома 75-12, проект дома 203 м², планировка дома, планы этажей, готовый проект дома, оригинальная планировка, газобетон, catalog-plans.ru"
"Проект дома №48-23CL площадью 441,9 м² с планировками",https://raw.githubusercontent.com/nemchenik/test/6ba2fe170429aaf58e1b7a4bc220779b82af6c60/pinterest/generated_batch_61_floor_plans_sunset_static/48-23CL.jpg,Планы домов и коттеджей,,"Проект дома №48-23CL: площадь 441,9 м², 2 этажа, габариты 15.27×15.98 м, материал стен — кирпич. На карточке показаны оригинальные планировки этажей. Сохраните планы дома и откройте проект, чтобы узнать подробности и актуальную стоимость.",https://catalog-plans.ru/catalog/48-23CL?utm_source=pinterest&utm_medium=organic&utm_campaign=generated_floor_plans_sunset_static_batch_61&utm_content=pin_11633_48-23CL_plans&utm_term=proekty-domov-s-planirovkami,,"проект дома 48-23CL, проект дома 441,9 м², планировка дома, планы этажей, готовый проект дома, оригинальная планировка, кирпич, catalog-plans.ru"
"Проект дома №47-46G площадью 265,3 м² с планировками",https://raw.githubusercontent.com/nemchenik/test/6ba2fe170429aaf58e1b7a4bc220779b82af6c60/pinterest/generated_batch_62_floor_plans_forest_static/47-46G.jpg,Удобные планировки домов,,"Проект дома №47-46G: площадь 265,3 м², 3 этажа, габариты 14.38×16.28 м, материал стен — кирпич. На карточке показаны оригинальные планировки этажей. Сохраните планы дома и откройте проект, чтобы узнать подробности и актуальную стоимость.",https://catalog-plans.ru/catalog/47-46G?utm_source=pinterest&utm_medium=organic&utm_campaign=generated_floor_plans_forest_static_batch_62&utm_content=pin_11833_47-46G_plans&utm_term=proekty-domov-s-planirovkami,,"проект дома 47-46G, проект дома 265,3 м², планировка дома, планы этажей, готовый проект дома, оригинальная планировка, кирпич, catalog-plans.ru"
"Проект дома №57-18 площадью 166,24 м² с планировками",https://raw.githubusercontent.com/nemchenik/test/6ba2fe170429aaf58e1b7a4bc220779b82af6c60/pinterest/generated_batch_63_floor_plans_minimal_static/57-18.jpg,Современные проекты домов,,"Проект дома №57-18: площадь 166,24 м², 2 этажа, габариты 12.8×14.29 м, материал стен — газобетон. На карточке показаны оригинальные планировки этажей. Сохраните планы дома и откройте проект, чтобы узнать подробности и актуальную стоимость.",https://catalog-plans.ru/catalog/57-18?utm_source=pinterest&utm_medium=organic&utm_campaign=generated_floor_plans_minimal_static_batch_63&utm_content=pin_12033_57-18_plans&utm_term=proekty-domov-s-planirovkami,,"проект дома 57-18, проект дома 166,24 м², планировка дома, планы этажей, готовый проект дома, оригинальная планировка, газобетон, catalog-plans.ru"
"Проект дома №48-64G площадью 158,31 м² с планировками",https://raw.githubusercontent.com/nemchenik/test/6ba2fe170429aaf58e1b7a4bc220779b82af6c60/pinterest/generated_batch_61_floor_plans_sunset_static/48-64G.jpg,Планы домов и коттеджей,,"Проект дома №48-64G: площадь 158,31 м², 1 этаж, габариты 10.72×19.92 м, материал стен — газобетон. На карточке показаны оригинальные планировки этажей. Сохраните планы дома и откройте проект, чтобы узнать подробности и актуальную стоимость.",https://catalog-plans.ru/catalog/48-64G?utm_source=pinterest&utm_medium=organic&utm_campaign=generated_floor_plans_sunset_static_batch_61&utm_content=pin_11634_48-64G_plans&utm_term=proekty-domov-s-planirovkami,,"проект дома 48-64G, проект дома 158,31 м², планировка дома, планы этажей, готовый проект дома, оригинальная планировка, газобетон, catalog-plans.ru"
"Проект дома №40-11EB площадью 366,79 м² с планировками",https://raw.githubusercontent.com/nemchenik/test/6ba2fe170429aaf58e1b7a4bc220779b82af6c60/pinterest/generated_batch_62_floor_plans_forest_static/40-11EB.jpg,Удобные планировки домов,,"Проект дома №40-11EB: площадь 366,79 м², 2 этажа, габариты 13.7×13.94 м, материал стен — газобетон. На карточке показаны оригинальные планировки этажей. Сохраните планы дома и откройте проект, чтобы узнать подробности и актуальную стоимость.",https://catalog-plans.ru/catalog/40-11EB?utm_source=pinterest&utm_medium=organic&utm_campaign=generated_floor_plans_forest_static_batch_62&utm_content=pin_11834_40-11EB_plans&utm_term=proekty-domov-s-planirovkami,,"проект дома 40-11EB, проект дома 366,79 м², планировка дома, планы этажей, готовый проект дома, оригинальная планировка, газобетон, catalog-plans.ru"
"Проект дома №64-81 площадью 144,29 м² с планировками",https://raw.githubusercontent.com/nemchenik/test/6ba2fe170429aaf58e1b7a4bc220779b82af6c60/pinterest/generated_batch_63_floor_plans_minimal_static/64-81.jpg,Современные проекты домов,,"Проект дома №64-81: площадь 144,29 м², 2 этажа, габариты 10.55×12.35 м, материал стен — газобетон. На карточке показаны оригинальные планировки этажей. Сохраните планы дома и откройте проект, чтобы узнать подробности и актуальную стоимость.",https://catalog-plans.ru/catalog/64-81?utm_source=pinterest&utm_medium=organic&utm_campaign=generated_floor_plans_minimal_static_batch_63&utm_content=pin_12034_64-81_plans&utm_term=proekty-domov-s-planirovkami,,"проект дома 64-81, проект дома 144,29 м², планировка дома, планы этажей, готовый проект дома, оригинальная планировка, газобетон, catalog-plans.ru"
"Проект дома №58-28BABL площадью 157,33 м² с планировками",https://raw.githubusercontent.com/nemchenik/test/6ba2fe170429aaf58e1b7a4bc220779b82af6c60/pinterest/generated_batch_61_floor_plans_sunset_static/58-28BABL.jpg,Планы домов и коттеджей,,"Проект дома №58-28BABL: площадь 157,33 м², 2 этажа, габариты 10.7×12.2 м, материал стен — газобетон. На карточке показаны оригинальные планировки этажей. Сохраните планы дома и откройте проект, чтобы узнать подробности и актуальную стоимость.",https://catalog-plans.ru/catalog/58-28BABL?utm_source=pinterest&utm_medium=organic&utm_campaign=generated_floor_plans_sunset_static_batch_61&utm_content=pin_11635_58-28BABL_plans&utm_term=proekty-domov-s-planirovkami,,"проект дома 58-28BABL, проект дома 157,33 м², планировка дома, планы этажей, готовый проект дома, оригинальная планировка, газобетон, catalog-plans.ru"
Проект дома №50-68 площадью 197 м² с планировками,https://raw.githubusercontent.com/nemchenik/test/6ba2fe170429aaf58e1b7a4bc220779b82af6c60/pinterest/generated_batch_62_floor_plans_forest_static/50-68.jpg,Удобные планировки домов,,"Проект дома №50-68: площадь 197 м², 3 этажа, габариты 10.2×15.5 м, материал стен — газобетон. На карточке показаны оригинальные планировки этажей. Сохраните планы дома и откройте проект, чтобы узнать подробности и актуальную стоимость.",https://catalog-plans.ru/catalog/50-68?utm_source=pinterest&utm_medium=organic&utm_campaign=generated_floor_plans_forest_static_batch_62&utm_content=pin_11835_50-68_plans&utm_term=proekty-domov-s-planirovkami,,"проект дома 50-68, проект дома 197 м², планировка дома, планы этажей, готовый проект дома, оригинальная планировка, газобетон, catalog-plans.ru"
"Проект дома №62-38CB площадью 301,59 м² с планировками",https://raw.githubusercontent.com/nemchenik/test/6ba2fe170429aaf58e1b7a4bc220779b82af6c60/pinterest/generated_batch_63_floor_plans_minimal_static/62-38CB.jpg,Современные проекты домов,,"Проект дома №62-38CB: площадь 301,59 м², 2 этажа, габариты 17.9×13.2 м, материал стен — газобетон. На карточке показаны оригинальные планировки этажей. Сохраните планы дома и откройте проект, чтобы узнать подробности и актуальную стоимость.",https://catalog-plans.ru/catalog/62-38CB?utm_source=pinterest&utm_medium=organic&utm_campaign=generated_floor_plans_minimal_static_batch_63&utm_content=pin_12035_62-38CB_plans&utm_term=proekty-domov-s-planirovkami,,"проект дома 62-38CB, проект дома 301,59 м², планировка дома, планы этажей, готовый проект дома, оригинальная планировка, газобетон, catalog-plans.ru"
"Проект дома №65-88 площадью 150,62 м² с планировками",https://raw.githubusercontent.com/nemchenik/test/6ba2fe170429aaf58e1b7a4bc220779b82af6c60/pinterest/generated_batch_61_floor_plans_sunset_static/65-88.jpg,Планы домов и коттеджей,,"Проект дома №65-88: площадь 150,62 м², 2 этажа, габариты 9.4×13.14 м, материал стен — газобетон. На карточке показаны оригинальные планировки этажей. Сохраните планы дома и откройте проект, чтобы узнать подробности и актуальную стоимость.",https://catalog-plans.ru/catalog/65-88?utm_source=pinterest&utm_medium=organic&utm_campaign=generated_floor_plans_sunset_static_batch_61&utm_content=pin_11636_65-88_plans&utm_term=proekty-domov-s-planirovkami,,"проект дома 65-88, проект дома 150,62 м², планировка дома, планы этажей, готовый проект дома, оригинальная планировка, газобетон, catalog-plans.ru"
"Проект дома №13-89 площадью 97,6 м² с планировками",https://raw.githubusercontent.com/nemchenik/test/6ba2fe170429aaf58e1b7a4bc220779b82af6c60/pinterest/generated_batch_62_floor_plans_forest_static/13-89.jpg,Удобные планировки домов,,"Проект дома №13-89: площадь 97,6 м², 1 этаж, габариты 9.4×14.4 м, материал стен — дерево. На карточке показаны оригинальные планировки этажей. Сохраните планы дома и откройте проект, чтобы узнать подробности и актуальную стоимость.",https://catalog-plans.ru/catalog/13-89?utm_source=pinterest&utm_medium=organic&utm_campaign=generated_floor_plans_forest_static_batch_62&utm_content=pin_11836_13-89_plans&utm_term=proekty-domov-s-planirovkami,,"проект дома 13-89, проект дома 97,6 м², планировка дома, планы этажей, готовый проект дома, оригинальная планировка, дерево, catalog-plans.ru"
"Проект дома №57-16 площадью 158,14 м² с планировками",https://raw.githubusercontent.com/nemchenik/test/6ba2fe170429aaf58e1b7a4bc220779b82af6c60/pinterest/generated_batch_63_floor_plans_minimal_static/57-16.jpg,Современные проекты домов,,"Проект дома №57-16: площадь 158,14 м², 2 этажа, габариты 11.15×11.4 м, материал стен — газобетон. На карточке показаны оригинальные планировки этажей. Сохраните планы дома и откройте проект, чтобы узнать подробности и актуальную стоимость.",https://catalog-plans.ru/catalog/57-16?utm_source=pinterest&utm_medium=organic&utm_campaign=generated_floor_plans_minimal_static_batch_63&utm_content=pin_12036_57-16_plans&utm_term=proekty-domov-s-planirovkami,,"проект дома 57-16, проект дома 158,14 м², планировка дома, планы этажей, готовый проект дома, оригинальная планировка, газобетон, catalog-plans.ru"
"Проект дома №45-64ZARGL площадью 253,44 м² с планировками",https://raw.githubusercontent.com/nemchenik/test/6ba2fe170429aaf58e1b7a4bc220779b82af6c60/pinterest/generated_batch_61_floor_plans_sunset_static/45-64ZARGL.jpg,Планы домов и коттеджей,,"Проект дома №45-64ZARGL: площадь 253,44 м², 2 этажа, габариты 11.25×17.8 м, материал стен — газобетон. На карточке показаны оригинальные планировки этажей. Сохраните планы дома и откройте проект, чтобы узнать подробности и актуальную стоимость.",https://catalog-plans.ru/catalog/45-64ZARGL?utm_source=pinterest&utm_medium=organic&utm_campaign=generated_floor_plans_sunset_static_batch_61&utm_content=pin_11637_45-64ZARGL_plans&utm_term=proekty-domov-s-planirovkami,,"проект дома 45-64ZARGL, проект дома 253,44 м², планировка дома, планы этажей, готовый проект дома, оригинальная планировка, газобетон, catalog-plans.ru"
"Проект дома №62-68AB площадью 237,2 м² с планировками",https://raw.githubusercontent.com/nemchenik/test/6ba2fe170429aaf58e1b7a4bc220779b82af6c60/pinterest/generated_batch_62_floor_plans_forest_static/62-68AB.jpg,Удобные планировки домов,,"Проект дома №62-68AB: площадь 237,2 м², 2 этажа, габариты 11.4×19.76 м, материал стен — газобетон. На карточке показаны оригинальные планировки этажей. Сохраните планы дома и откройте проект, чтобы узнать подробности и актуальную стоимость.",https://catalog-plans.ru/catalog/62-68AB?utm_source=pinterest&utm_medium=organic&utm_campaign=generated_floor_plans_forest_static_batch_62&utm_content=pin_11837_62-68AB_plans&utm_term=proekty-domov-s-planirovkami,,"проект дома 62-68AB, проект дома 237,2 м², планировка дома, планы этажей, готовый проект дома, оригинальная планировка, газобетон, catalog-plans.ru"
"Проект дома №51-15 площадью 159,5 м² с планировками",https://raw.githubusercontent.com/nemchenik/test/6ba2fe170429aaf58e1b7a4bc220779b82af6c60/pinterest/generated_batch_63_floor_plans_minimal_static/51-15.jpg,Современные проекты домов,,"Проект дома №51-15: площадь 159,5 м², 1 этаж, габариты 9.5×15.8 м, материал стен — газобетон. На карточке показаны оригинальные планировки этажей. Сохраните планы дома и откройте проект, чтобы узнать подробности и актуальную стоимость.",https://catalog-plans.ru/catalog/51-15?utm_source=pinterest&utm_medium=organic&utm_campaign=generated_floor_plans_minimal_static_batch_63&utm_content=pin_12037_51-15_plans&utm_term=proekty-domov-s-planirovkami,,"проект дома 51-15, проект дома 159,5 м², планировка дома, планы этажей, готовый проект дома, оригинальная планировка, газобетон, catalog-plans.ru"
"Проект дома №70-25 площадью 188,82 м² с планировками",https://raw.githubusercontent.com/nemchenik/test/6ba2fe170429aaf58e1b7a4bc220779b82af6c60/pinterest/generated_batch_61_floor_plans_sunset_static/70-25.jpg,Планы домов и коттеджей,,"Проект дома №70-25: площадь 188,82 м², 2 этажа, габариты 7.58×14.54 м, материал стен — деревянный каркас. На карточке показаны оригинальные планировки этажей. Сохраните планы дома и откройте проект, чтобы узнать подробности и актуальную стоимость.",https://catalog-plans.ru/catalog/70-25?utm_source=pinterest&utm_medium=organic&utm_campaign=generated_floor_plans_sunset_static_batch_61&utm_content=pin_11638_70-25_plans&utm_term=proekty-domov-s-planirovkami,,"проект дома 70-25, проект дома 188,82 м², планировка дома, планы этажей, готовый проект дома, оригинальная планировка, деревянный каркас, catalog-plans.ru"
"Проект дома №80-12 площадью 423,3 м² с планировками",https://raw.githubusercontent.com/nemchenik/test/6ba2fe170429aaf58e1b7a4bc220779b82af6c60/pinterest/generated_batch_62_floor_plans_forest_static/80-12.jpg,Удобные планировки домов,,"Проект дома №80-12: площадь 423,3 м², 2 этажа, габариты 20.06×20.45 м, материал стен — кирпич. На карточке показаны оригинальные планировки этажей. Сохраните планы дома и откройте проект, чтобы узнать подробности и актуальную стоимость.",https://catalog-plans.ru/catalog/80-12?utm_source=pinterest&utm_medium=organic&utm_campaign=generated_floor_plans_forest_static_batch_62&utm_content=pin_11838_80-12_plans&utm_term=proekty-domov-s-planirovkami,,"проект дома 80-12, проект дома 423,3 м², планировка дома, планы этажей, готовый проект дома, оригинальная планировка, кирпич, catalog-plans.ru"
"Проект дома №58-09PKB площадью 137,75 м² с планировками",https://raw.githubusercontent.com/nemchenik/test/6ba2fe170429aaf58e1b7a4bc220779b82af6c60/pinterest/generated_batch_63_floor_plans_minimal_static/58-09PKB.jpg,Современные проекты домов,,"Проект дома №58-09PKB: площадь 137,75 м², 2 этажа, габариты 9×15.3 м, материал стен — керамзитобетон. На карточке показаны оригинальные планировки этажей. Сохраните планы дома и откройте проект, чтобы узнать подробности и актуальную стоимость.",https://catalog-plans.ru/catalog/58-09PKB?utm_source=pinterest&utm_medium=organic&utm_campaign=generated_floor_plans_minimal_static_batch_63&utm_content=pin_12038_58-09PKB_plans&utm_term=proekty-domov-s-planirovkami,,"проект дома 58-09PKB, проект дома 137,75 м², планировка дома, планы этажей, готовый проект дома, оригинальная планировка, керамзитобетон, catalog-plans.ru"
"Проект дома №58-70NAL площадью 156,34 м² с планировками",https://raw.githubusercontent.com/nemchenik/test/6ba2fe170429aaf58e1b7a4bc220779b82af6c60/pinterest/generated_batch_61_floor_plans_sunset_static/58-70NAL.jpg,Планы домов и коттеджей,,"Проект дома №58-70NAL: площадь 156,34 м², 1 этаж, габариты 12×18.4 м, материал стен — газобетон. На карточке показаны оригинальные планировки этажей. Сохраните планы дома и откройте проект, чтобы узнать подробности и актуальную стоимость.",https://catalog-plans.ru/catalog/58-70NAL?utm_source=pinterest&utm_medium=organic&utm_campaign=generated_floor_plans_sunset_static_batch_61&utm_content=pin_11639_58-70NAL_plans&utm_term=proekty-domov-s-planirovkami,,"проект дома 58-70NAL, проект дома 156,34 м², планировка дома, планы этажей, готовый проект дома, оригинальная планировка, газобетон, catalog-plans.ru"
"Проект дома №33-93 площадью 286,5 м² с планировками",https://raw.githubusercontent.com/nemchenik/test/6ba2fe170429aaf58e1b7a4bc220779b82af6c60/pinterest/generated_batch_62_floor_plans_forest_static/33-93.jpg,Удобные планировки домов,,"Проект дома №33-93: площадь 286,5 м², 2 этажа, габариты 13.2×16.9 м, материал стен — кирпич. На карточке показаны оригинальные планировки этажей. Сохраните планы дома и откройте проект, чтобы узнать подробности и актуальную стоимость.",https://catalog-plans.ru/catalog/33-93?utm_source=pinterest&utm_medium=organic&utm_campaign=generated_floor_plans_forest_static_batch_62&utm_content=pin_11839_33-93_plans&utm_term=proekty-domov-s-planirovkami,,"проект дома 33-93, проект дома 286,5 м², планировка дома, планы этажей, готовый проект дома, оригинальная планировка, кирпич, catalog-plans.ru"
"Проект дома №65-04L площадью 220,83 м² с планировками",https://raw.githubusercontent.com/nemchenik/test/6ba2fe170429aaf58e1b7a4bc220779b82af6c60/pinterest/generated_batch_63_floor_plans_minimal_static/65-04L.jpg,Современные проекты домов,,"Проект дома №65-04L: площадь 220,83 м², 2 этажа, габариты 12.1×14.79 м, материал стен — газобетон. На карточке показаны оригинальные планировки этажей. Сохраните планы дома и откройте проект, чтобы узнать подробности и актуальную стоимость.",https://catalog-plans.ru/catalog/65-04L?utm_source=pinterest&utm_medium=organic&utm_campaign=generated_floor_plans_minimal_static_batch_63&utm_content=pin_12039_65-04L_plans&utm_term=proekty-domov-s-planirovkami,,"проект дома 65-04L, проект дома 220,83 м², планировка дома, планы этажей, готовый проект дома, оригинальная планировка, газобетон, catalog-plans.ru"
"Проект дома №40-23L площадью 252,47 м² с планировками",https://raw.githubusercontent.com/nemchenik/test/6ba2fe170429aaf58e1b7a4bc220779b82af6c60/pinterest/generated_batch_61_floor_plans_sunset_static/40-23L.jpg,Планы домов и коттеджей,,"Проект дома №40-23L: площадь 252,47 м², 2 этажа, габариты 13.07×18.2 м, материал стен — кирпич. На карточке показаны оригинальные планировки этажей. Сохраните планы дома и откройте проект, чтобы узнать подробности и актуальную стоимость.",https://catalog-plans.ru/catalog/40-23L?utm_source=pinterest&utm_medium=organic&utm_campaign=generated_floor_plans_sunset_static_batch_61&utm_content=pin_11640_40-23L_plans&utm_term=proekty-domov-s-planirovkami,,"проект дома 40-23L, проект дома 252,47 м², планировка дома, планы этажей, готовый проект дома, оригинальная планировка, кирпич, catalog-plans.ru"
Проект дома №50-83 площадью 267 м² с планировками,https://raw.githubusercontent.com/nemchenik/test/6ba2fe170429aaf58e1b7a4bc220779b82af6c60/pinterest/generated_batch_62_floor_plans_forest_static/50-83.jpg,Удобные планировки домов,,"Проект дома №50-83: площадь 267 м², 2 этажа, габариты 14.1×15 м, материал стен — газобетон. На карточке показаны оригинальные планировки этажей. Сохраните планы дома и откройте проект, чтобы узнать подробности и актуальную стоимость.",https://catalog-plans.ru/catalog/50-83?utm_source=pinterest&utm_medium=organic&utm_campaign=generated_floor_plans_forest_static_batch_62&utm_content=pin_11840_50-83_plans&utm_term=proekty-domov-s-planirovkami,,"проект дома 50-83, проект дома 267 м², планировка дома, планы этажей, готовый проект дома, оригинальная планировка, газобетон, catalog-plans.ru"
"Проект дома №59-97BAL площадью 163,91 м² с планировками",https://raw.githubusercontent.com/nemchenik/test/6ba2fe170429aaf58e1b7a4bc220779b82af6c60/pinterest/generated_batch_63_floor_plans_minimal_static/59-97BAL.jpg,Современные проекты домов,,"Проект дома №59-97BAL: площадь 163,91 м², 2 этажа, габариты 10.7×11.8 м, материал стен — газобетон. На карточке показаны оригинальные планировки этажей. Сохраните планы дома и откройте проект, чтобы узнать подробности и актуальную стоимость.",https://catalog-plans.ru/catalog/59-97BAL?utm_source=pinterest&utm_medium=organic&utm_campaign=generated_floor_plans_minimal_static_batch_63&utm_content=pin_12040_59-97BAL_plans&utm_term=proekty-domov-s-planirovkami,,"проект дома 59-97BAL, проект дома 163,91 м², планировка дома, планы этажей, готовый проект дома, оригинальная планировка, газобетон, catalog-plans.ru"
"Проект дома №72-25 площадью 153,4 м² с планировками",https://raw.githubusercontent.com/nemchenik/test/6ba2fe170429aaf58e1b7a4bc220779b82af6c60/pinterest/generated_batch_61_floor_plans_sunset_static/72-25.jpg,Планы домов и коттеджей,,"Проект дома №72-25: площадь 153,4 м², 1 этаж, габариты 9.7×15.76 м, материал стен — газобетон. На карточке показаны оригинальные планировки этажей. Сохраните планы дома и откройте проект, чтобы узнать подробности и актуальную стоимость.",https://catalog-plans.ru/catalog/72-25?utm_source=pinterest&utm_medium=organic&utm_campaign=generated_floor_plans_sunset_static_batch_61&utm_content=pin_11641_72-25_plans&utm_term=proekty-domov-s-planirovkami,,"проект дома 72-25, проект дома 153,4 м², планировка дома, планы этажей, готовый проект дома, оригинальная планировка, газобетон, catalog-plans.ru"
"Проект дома №62-30DAL площадью 166,09 м² с планировками",https://raw.githubusercontent.com/nemchenik/test/6ba2fe170429aaf58e1b7a4bc220779b82af6c60/pinterest/generated_batch_62_floor_plans_forest_static/62-30DAL.jpg,Удобные планировки домов,,"Проект дома №62-30DAL: площадь 166,09 м², 1 этаж, габариты 14.8×18.3 м, материал стен — газобетон. На карточке показаны оригинальные планировки этажей. Сохраните планы дома и откройте проект, чтобы узнать подробности и актуальную стоимость.",https://catalog-plans.ru/catalog/62-30DAL?utm_source=pinterest&utm_medium=organic&utm_campaign=generated_floor_plans_forest_static_batch_62&utm_content=pin_11841_62-30DAL_plans&utm_term=proekty-domov-s-planirovkami,,"проект дома 62-30DAL, проект дома 166,09 м², планировка дома, планы этажей, готовый проект дома, оригинальная планировка, газобетон, catalog-plans.ru"
"Проект дома №45-64ABBGL площадью 388,71 м² с планировками",https://raw.githubusercontent.com/nemchenik/test/6ba2fe170429aaf58e1b7a4bc220779b82af6c60/pinterest/generated_batch_63_floor_plans_minimal_static/45-64ABBGL.jpg,Современные проекты домов,,"Проект дома №45-64ABBGL: площадь 388,71 м², 2 этажа, габариты 13.8×22.1 м, материал стен — газобетон. На карточке показаны оригинальные планировки этажей. Сохраните планы дома и откройте проект, чтобы узнать подробности и актуальную стоимость.",https://catalog-plans.ru/catalog/45-64ABBGL?utm_source=pinterest&utm_medium=organic&utm_campaign=generated_floor_plans_minimal_static_batch_63&utm_content=pin_12041_45-64ABBGL_plans&utm_term=proekty-domov-s-planirovkami,,"проект дома 45-64ABBGL, проект дома 388,71 м², планировка дома, планы этажей, готовый проект дома, оригинальная планировка, газобетон, catalog-plans.ru"
"Проект дома №68-18AL площадью 188,16 м² с планировками",https://raw.githubusercontent.com/nemchenik/test/6ba2fe170429aaf58e1b7a4bc220779b82af6c60/pinterest/generated_batch_61_floor_plans_sunset_static/68-18AL.jpg,Планы домов и коттеджей,,"Проект дома №68-18AL: площадь 188,16 м², 2 этажа, габариты 10.5×16.2 м, материал стен — газобетон. На карточке показаны оригинальные планировки этажей. Сохраните планы дома и откройте проект, чтобы узнать подробности и актуальную стоимость.",https://catalog-plans.ru/catalog/68-18AL?utm_source=pinterest&utm_medium=organic&utm_campaign=generated_floor_plans_sunset_static_batch_61&utm_content=pin_11642_68-18AL_plans&utm_term=proekty-domov-s-planirovkami,,"проект дома 68-18AL, проект дома 188,16 м², планировка дома, планы этажей, готовый проект дома, оригинальная планировка, газобетон, catalog-plans.ru"
"Проект дома №40-11S площадью 246,76 м² с планировками",https://raw.githubusercontent.com/nemchenik/test/6ba2fe170429aaf58e1b7a4bc220779b82af6c60/pinterest/generated_batch_62_floor_plans_forest_static/40-11S.jpg,Удобные планировки домов,,"Проект дома №40-11S: площадь 246,76 м², 3 этажа, габариты 13.67×14.72 м, материал стен — газобетон. На карточке показаны оригинальные планировки этажей. Сохраните планы дома и откройте проект, чтобы узнать подробности и актуальную стоимость.",https://catalog-plans.ru/catalog/40-11S?utm_source=pinterest&utm_medium=organic&utm_campaign=generated_floor_plans_forest_static_batch_62&utm_content=pin_11842_40-11S_plans&utm_term=proekty-domov-s-planirovkami,,"проект дома 40-11S, проект дома 246,76 м², планировка дома, планы этажей, готовый проект дома, оригинальная планировка, газобетон, catalog-plans.ru"
"Проект дома №49-53 площадью 228,45 м² с планировками",https://raw.githubusercontent.com/nemchenik/test/6ba2fe170429aaf58e1b7a4bc220779b82af6c60/pinterest/generated_batch_63_floor_plans_minimal_static/49-53.jpg,Современные проекты домов,,"Проект дома №49-53: площадь 228,45 м², 3 этажа, габариты 13.3×13.3 м, материал стен — кирпич. На карточке показаны оригинальные планировки этажей. Сохраните планы дома и откройте проект, чтобы узнать подробности и актуальную стоимость.",https://catalog-plans.ru/catalog/49-53?utm_source=pinterest&utm_medium=organic&utm_campaign=generated_floor_plans_minimal_static_batch_63&utm_content=pin_12042_49-53_plans&utm_term=proekty-domov-s-planirovkami,,"проект дома 49-53, проект дома 228,45 м², планировка дома, планы этажей, готовый проект дома, оригинальная планировка, кирпич, catalog-plans.ru"
"Проект дома №57-73 площадью 215,67 м² с планировками",https://raw.githubusercontent.com/nemchenik/test/6ba2fe170429aaf58e1b7a4bc220779b82af6c60/pinterest/generated_batch_61_floor_plans_sunset_static/57-73.jpg,Планы домов и коттеджей,,"Проект дома №57-73: площадь 215,67 м², 2 этажа, габариты 8.4×11.8 м, материал стен — газобетон. На карточке показаны оригинальные планировки этажей. Сохраните планы дома и откройте проект, чтобы узнать подробности и актуальную стоимость.",https://catalog-plans.ru/catalog/57-73?utm_source=pinterest&utm_medium=organic&utm_campaign=generated_floor_plans_sunset_static_batch_61&utm_content=pin_11643_57-73_plans&utm_term=proekty-domov-s-planirovkami,,"проект дома 57-73, проект дома 215,67 м², планировка дома, планы этажей, готовый проект дома, оригинальная планировка, газобетон, catalog-plans.ru"
"Проект дома №45-21 площадью 213,6 м² с планировками",https://raw.githubusercontent.com/nemchenik/test/6ba2fe170429aaf58e1b7a4bc220779b82af6c60/pinterest/generated_batch_62_floor_plans_forest_static/45-21.jpg,Удобные планировки домов,,"Проект дома №45-21: площадь 213,6 м², 2 этажа, габариты 14.92×21.01 м, материал стен — кирпич. На карточке показаны оригинальные планировки этажей. Сохраните планы дома и откройте проект, чтобы узнать подробности и актуальную стоимость.",https://catalog-plans.ru/catalog/45-21?utm_source=pinterest&utm_medium=organic&utm_campaign=generated_floor_plans_forest_static_batch_62&utm_content=pin_11843_45-21_plans&utm_term=proekty-domov-s-planirovkami,,"проект дома 45-21, проект дома 213,6 м², планировка дома, планы этажей, готовый проект дома, оригинальная планировка, кирпич, catalog-plans.ru"
"Проект дома №57-00I площадью 182,62 м² с планировками",https://raw.githubusercontent.com/nemchenik/test/6ba2fe170429aaf58e1b7a4bc220779b82af6c60/pinterest/generated_batch_63_floor_plans_minimal_static/57-00I.jpg,Современные проекты домов,,"Проект дома №57-00I: площадь 182,62 м², 2 этажа, габариты 12.95×16.5 м, материал стен — газобетон. На карточке показаны оригинальные планировки этажей. Сохраните планы дома и откройте проект, чтобы узнать подробности и актуальную стоимость.",https://catalog-plans.ru/catalog/57-00I?utm_source=pinterest&utm_medium=organic&utm_campaign=generated_floor_plans_minimal_static_batch_63&utm_content=pin_12043_57-00I_plans&utm_term=proekty-domov-s-planirovkami,,"проект дома 57-00I, проект дома 182,62 м², планировка дома, планы этажей, готовый проект дома, оригинальная планировка, газобетон, catalog-plans.ru"
"Проект дома №40-56DBGL площадью 214,41 м² с планировками",https://raw.githubusercontent.com/nemchenik/test/6ba2fe170429aaf58e1b7a4bc220779b82af6c60/pinterest/generated_batch_61_floor_plans_sunset_static/40-56DBGL.jpg,Планы домов и коттеджей,,"Проект дома №40-56DBGL: площадь 214,41 м², 2 этажа, габариты 13.02×13.22 м, материал стен — кирпич. На карточке показаны оригинальные планировки этажей. Сохраните планы дома и откройте проект, чтобы узнать подробности и актуальную стоимость.",https://catalog-plans.ru/catalog/40-56DBGL?utm_source=pinterest&utm_medium=organic&utm_campaign=generated_floor_plans_sunset_static_batch_61&utm_content=pin_11644_40-56DBGL_plans&utm_term=proekty-domov-s-planirovkami,,"проект дома 40-56DBGL, проект дома 214,41 м², планировка дома, планы этажей, готовый проект дома, оригинальная планировка, кирпич, catalog-plans.ru"
"Проект дома №61-34B площадью 131,27 м² с планировками",https://raw.githubusercontent.com/nemchenik/test/6ba2fe170429aaf58e1b7a4bc220779b82af6c60/pinterest/generated_batch_62_floor_plans_forest_static/61-34B.jpg,Удобные планировки домов,,"Проект дома №61-34B: площадь 131,27 м², 2 этажа, габариты 9.4×9.74 м, материал стен — газобетон. На карточке показаны оригинальные планировки этажей. Сохраните планы дома и откройте проект, чтобы узнать подробности и актуальную стоимость.",https://catalog-plans.ru/catalog/61-34B?utm_source=pinterest&utm_medium=organic&utm_campaign=generated_floor_plans_forest_static_batch_62&utm_content=pin_11844_61-34B_plans&utm_term=proekty-domov-s-planirovkami,,"проект дома 61-34B, проект дома 131,27 м², планировка дома, планы этажей, готовый проект дома, оригинальная планировка, газобетон, catalog-plans.ru"
"Проект дома №40-07 площадью 185,84 м² с планировками",https://raw.githubusercontent.com/nemchenik/test/6ba2fe170429aaf58e1b7a4bc220779b82af6c60/pinterest/generated_batch_63_floor_plans_minimal_static/40-07.jpg,Современные проекты домов,,"Проект дома №40-07: площадь 185,84 м², 2 этажа, габариты 11.42×14.12 м, материал стен — кирпич. На карточке показаны оригинальные планировки этажей. Сохраните планы дома и откройте проект, чтобы узнать подробности и актуальную стоимость.",https://catalog-plans.ru/catalog/40-07?utm_source=pinterest&utm_medium=organic&utm_campaign=generated_floor_plans_minimal_static_batch_63&utm_content=pin_12044_40-07_plans&utm_term=proekty-domov-s-planirovkami,,"проект дома 40-07, проект дома 185,84 м², планировка дома, планы этажей, готовый проект дома, оригинальная планировка, кирпич, catalog-plans.ru"
"Проект дома №58-66K площадью 231,4 м² с планировками",https://raw.githubusercontent.com/nemchenik/test/6ba2fe170429aaf58e1b7a4bc220779b82af6c60/pinterest/generated_batch_61_floor_plans_sunset_static/58-66K.jpg,Планы домов и коттеджей,,"Проект дома №58-66K: площадь 231,4 м², 2 этажа, габариты 12.73×19.26 м, материал стен — кирпич. На карточке показаны оригинальные планировки этажей. Сохраните планы дома и откройте проект, чтобы узнать подробности и актуальную стоимость.",https://catalog-plans.ru/catalog/58-66K?utm_source=pinterest&utm_medium=organic&utm_campaign=generated_floor_plans_sunset_static_batch_61&utm_content=pin_11645_58-66K_plans&utm_term=proekty-domov-s-planirovkami,,"проект дома 58-66K, проект дома 231,4 м², планировка дома, планы этажей, готовый проект дома, оригинальная планировка, кирпич, catalog-plans.ru"
"Проект дома №59-98TGL площадью 177,58 м² с планировками",https://raw.githubusercontent.com/nemchenik/test/6ba2fe170429aaf58e1b7a4bc220779b82af6c60/pinterest/generated_batch_62_floor_plans_forest_static/59-98TGL.jpg,Удобные планировки домов,,"Проект дома №59-98TGL: площадь 177,58 м², 2 этажа, габариты 12.04×10.34 м, материал стен — газобетон. На карточке показаны оригинальные планировки этажей. Сохраните планы дома и откройте проект, чтобы узнать подробности и актуальную стоимость.",https://catalog-plans.ru/catalog/59-98TGL?utm_source=pinterest&utm_medium=organic&utm_campaign=generated_floor_plans_forest_static_batch_62&utm_content=pin_11845_59-98TGL_plans&utm_term=proekty-domov-s-planirovkami,,"проект дома 59-98TGL, проект дома 177,58 м², планировка дома, планы этажей, готовый проект дома, оригинальная планировка, газобетон, catalog-plans.ru"
"Проект дома №55-17 площадью 158,3 м² с планировками",https://raw.githubusercontent.com/nemchenik/test/6ba2fe170429aaf58e1b7a4bc220779b82af6c60/pinterest/generated_batch_63_floor_plans_minimal_static/55-17.jpg,Современные проекты домов,,"Проект дома №55-17: площадь 158,3 м², 2 этажа, габариты 11.02×12.5 м, материал стен — газобетон. На карточке показаны оригинальные планировки этажей. Сохраните планы дома и откройте проект, чтобы узнать подробности и актуальную стоимость.",https://catalog-plans.ru/catalog/55-17?utm_source=pinterest&utm_medium=organic&utm_campaign=generated_floor_plans_minimal_static_batch_63&utm_content=pin_12045_55-17_plans&utm_term=proekty-domov-s-planirovkami,,"проект дома 55-17, проект дома 158,3 м², планировка дома, планы этажей, готовый проект дома, оригинальная планировка, газобетон, catalog-plans.ru"
"Проект дома №68-13X площадью 448,45 м² с планировками",https://raw.githubusercontent.com/nemchenik/test/6ba2fe170429aaf58e1b7a4bc220779b82af6c60/pinterest/generated_batch_61_floor_plans_sunset_static/68-13X.jpg,Планы домов и коттеджей,,"Проект дома №68-13X: площадь 448,45 м², 3 этажа, габариты 16.1×17.8 м, материал стен — монолитный каркас. На карточке показаны оригинальные планировки этажей. Сохраните планы дома и откройте проект, чтобы узнать подробности и актуальную стоимость.",https://catalog-plans.ru/catalog/68-13X?utm_source=pinterest&utm_medium=organic&utm_campaign=generated_floor_plans_sunset_static_batch_61&utm_content=pin_11646_68-13X_plans&utm_term=proekty-domov-s-planirovkami,,"проект дома 68-13X, проект дома 448,45 м², планировка дома, планы этажей, готовый проект дома, оригинальная планировка, монолитный каркас, catalog-plans.ru"
"Проект дома №71-03A площадью 113,91 м² с планировками",https://raw.githubusercontent.com/nemchenik/test/6ba2fe170429aaf58e1b7a4bc220779b82af6c60/pinterest/generated_batch_62_floor_plans_forest_static/71-03A.jpg,Удобные планировки домов,,"Проект дома №71-03A: площадь 113,91 м², 1 этаж, габариты 14.08×14.92 м, материал стен — деревянный каркас. На карточке показаны оригинальные планировки этажей. Сохраните планы дома и откройте проект, чтобы узнать подробности и актуальную стоимость.",https://catalog-plans.ru/catalog/71-03A?utm_source=pinterest&utm_medium=organic&utm_campaign=generated_floor_plans_forest_static_batch_62&utm_content=pin_11846_71-03A_plans&utm_term=proekty-domov-s-planirovkami,,"проект дома 71-03A, проект дома 113,91 м², планировка дома, планы этажей, готовый проект дома, оригинальная планировка, деревянный каркас, catalog-plans.ru"
"Проект дома №40-04TG3L площадью 191,97 м² с планировками",https://raw.githubusercontent.com/nemchenik/test/6ba2fe170429aaf58e1b7a4bc220779b82af6c60/pinterest/generated_batch_63_floor_plans_minimal_static/40-04TG3L.jpg,Современные проекты домов,,"Проект дома №40-04TG3L: площадь 191,97 м², 2 этажа, габариты 11.2×12.2 м, материал стен — газобетон. На карточке показаны оригинальные планировки этажей. Сохраните планы дома и откройте проект, чтобы узнать подробности и актуальную стоимость.",https://catalog-plans.ru/catalog/40-04TG3L?utm_source=pinterest&utm_medium=organic&utm_campaign=generated_floor_plans_minimal_static_batch_63&utm_content=pin_12046_40-04TG3L_plans&utm_term=proekty-domov-s-planirovkami,,"проект дома 40-04TG3L, проект дома 191,97 м², планировка дома, планы этажей, готовый проект дома, оригинальная планировка, газобетон, catalog-plans.ru"
"Проект дома №46-09NGL площадью 165,64 м² с планировками",https://raw.githubusercontent.com/nemchenik/test/6ba2fe170429aaf58e1b7a4bc220779b82af6c60/pinterest/generated_batch_61_floor_plans_sunset_static/46-09NGL.jpg,Планы домов и коттеджей,,"Проект дома №46-09NGL: площадь 165,64 м², 1 этаж, габариты 14×18.32 м, материал стен — газобетон. На карточке показаны оригинальные планировки этажей. Сохраните планы дома и откройте проект, чтобы узнать подробности и актуальную стоимость.",https://catalog-plans.ru/catalog/46-09NGL?utm_source=pinterest&utm_medium=organic&utm_campaign=generated_floor_plans_sunset_static_batch_61&utm_content=pin_11647_46-09NGL_plans&utm_term=proekty-domov-s-planirovkami,,"проект дома 46-09NGL, проект дома 165,64 м², планировка дома, планы этажей, готовый проект дома, оригинальная планировка, газобетон, catalog-plans.ru"
"Проект дома №57-20F площадью 258,83 м² с планировками",https://raw.githubusercontent.com/nemchenik/test/6ba2fe170429aaf58e1b7a4bc220779b82af6c60/pinterest/generated_batch_62_floor_plans_forest_static/57-20F.jpg,Удобные планировки домов,,"Проект дома №57-20F: площадь 258,83 м², 2 этажа, габариты 13.55×16.68 м, материал стен — газобетон. На карточке показаны оригинальные планировки этажей. Сохраните планы дома и откройте проект, чтобы узнать подробности и актуальную стоимость.",https://catalog-plans.ru/catalog/57-20F?utm_source=pinterest&utm_medium=organic&utm_campaign=generated_floor_plans_forest_static_batch_62&utm_content=pin_11847_57-20F_plans&utm_term=proekty-domov-s-planirovkami,,"проект дома 57-20F, проект дома 258,83 м², планировка дома, планы этажей, готовый проект дома, оригинальная планировка, газобетон, catalog-plans.ru"
"Проект дома №57-48K площадью 263,57 м² с планировками",https://raw.githubusercontent.com/nemchenik/test/6ba2fe170429aaf58e1b7a4bc220779b82af6c60/pinterest/generated_batch_63_floor_plans_minimal_static/57-48K.jpg,Современные проекты домов,,"Проект дома №57-48K: площадь 263,57 м², 2 этажа, габариты 13.2×13.6 м, материал стен — кирпич. На карточке показаны оригинальные планировки этажей. Сохраните планы дома и откройте проект, чтобы узнать подробности и актуальную стоимость.",https://catalog-plans.ru/catalog/57-48K?utm_source=pinterest&utm_medium=organic&utm_campaign=generated_floor_plans_minimal_static_batch_63&utm_content=pin_12047_57-48K_plans&utm_term=proekty-domov-s-planirovkami,,"проект дома 57-48K, проект дома 263,57 м², планировка дома, планы этажей, готовый проект дома, оригинальная планировка, кирпич, catalog-plans.ru"
"Проект дома №63-95 площадью 259,68 м² с планировками",https://raw.githubusercontent.com/nemchenik/test/6ba2fe170429aaf58e1b7a4bc220779b82af6c60/pinterest/generated_batch_61_floor_plans_sunset_static/63-95.jpg,Планы домов и коттеджей,,"Проект дома №63-95: площадь 259,68 м², 2 этажа, габариты 13.05×13.8 м, материал стен — газобетон. На карточке показаны оригинальные планировки этажей. Сохраните планы дома и откройте проект, чтобы узнать подробности и актуальную стоимость.",https://catalog-plans.ru/catalog/63-95?utm_source=pinterest&utm_medium=organic&utm_campaign=generated_floor_plans_sunset_static_batch_61&utm_content=pin_11648_63-95_plans&utm_term=proekty-domov-s-planirovkami,,"проект дома 63-95, проект дома 259,68 м², планировка дома, планы этажей, готовый проект дома, оригинальная планировка, газобетон, catalog-plans.ru"
"Проект дома №52-61 площадью 154,3 м² с планировками",https://raw.githubusercontent.com/nemchenik/test/6ba2fe170429aaf58e1b7a4bc220779b82af6c60/pinterest/generated_batch_62_floor_plans_forest_static/52-61.jpg,Удобные планировки домов,,"Проект дома №52-61: площадь 154,3 м², 2 этажа, габариты 12.1×13.7 м, материал стен — газобетон. На карточке показаны оригинальные планировки этажей. Сохраните планы дома и откройте проект, чтобы узнать подробности и актуальную стоимость.",https://catalog-plans.ru/catalog/52-61?utm_source=pinterest&utm_medium=organic&utm_campaign=generated_floor_plans_forest_static_batch_62&utm_content=pin_11848_52-61_plans&utm_term=proekty-domov-s-planirovkami,,"проект дома 52-61, проект дома 154,3 м², планировка дома, планы этажей, готовый проект дома, оригинальная планировка, газобетон, catalog-plans.ru"
"Проект дома №46-09FNKL площадью 138,01 м² с планировками",https://raw.githubusercontent.com/nemchenik/test/6ba2fe170429aaf58e1b7a4bc220779b82af6c60/pinterest/generated_batch_63_floor_plans_minimal_static/46-09FNKL.jpg,Современные проекты домов,,"Проект дома №46-09FNKL: площадь 138,01 м², 1 этаж, габариты 13.67×17.6 м, материал стен — кирпич. На карточке показаны оригинальные планировки этажей. Сохраните планы дома и откройте проект, чтобы узнать подробности и актуальную стоимость.",https://catalog-plans.ru/catalog/46-09FNKL?utm_source=pinterest&utm_medium=organic&utm_campaign=generated_floor_plans_minimal_static_batch_63&utm_content=pin_12048_46-09FNKL_plans&utm_term=proekty-domov-s-planirovkami,,"проект дома 46-09FNKL, проект дома 138,01 м², планировка дома, планы этажей, готовый проект дома, оригинальная планировка, кирпич, catalog-plans.ru"
"Проект дома №48-21G площадью 255,48 м² с планировками",https://raw.githubusercontent.com/nemchenik/test/6ba2fe170429aaf58e1b7a4bc220779b82af6c60/pinterest/generated_batch_61_floor_plans_sunset_static/48-21G.jpg,Планы домов и коттеджей,,"Проект дома №48-21G: площадь 255,48 м², 2 этажа, габариты 13.38×15.56 м, материал стен — газобетон. На карточке показаны оригинальные планировки этажей. Сохраните планы дома и откройте проект, чтобы узнать подробности и актуальную стоимость.",https://catalog-plans.ru/catalog/48-21G?utm_source=pinterest&utm_medium=organic&utm_campaign=generated_floor_plans_sunset_static_batch_61&utm_content=pin_11649_48-21G_plans&utm_term=proekty-domov-s-planirovkami,,"проект дома 48-21G, проект дома 255,48 м², планировка дома, планы этажей, готовый проект дома, оригинальная планировка, газобетон, catalog-plans.ru"
"Проект дома №57-26BBG площадью 172,91 м² с планировками",https://raw.githubusercontent.com/nemchenik/test/6ba2fe170429aaf58e1b7a4bc220779b82af6c60/pinterest/generated_batch_62_floor_plans_forest_static/57-26BBG.jpg,Удобные планировки домов,,"Проект дома №57-26BBG: площадь 172,91 м², 2 этажа, габариты 9.6×13 м, материал стен — газобетон. На карточке показаны оригинальные планировки этажей. Сохраните планы дома и откройте проект, чтобы узнать подробности и актуальную стоимость.",https://catalog-plans.ru/catalog/57-26BBG?utm_source=pinterest&utm_medium=organic&utm_campaign=generated_floor_plans_forest_static_batch_62&utm_content=pin_11849_57-26BBG_plans&utm_term=proekty-domov-s-planirovkami,,"проект дома 57-26BBG, проект дома 172,91 м², планировка дома, планы этажей, готовый проект дома, оригинальная планировка, газобетон, catalog-plans.ru"
"Проект дома №66-16 площадью 187,8 м² с планировками",https://raw.githubusercontent.com/nemchenik/test/6ba2fe170429aaf58e1b7a4bc220779b82af6c60/pinterest/generated_batch_63_floor_plans_minimal_static/66-16.jpg,Современные проекты домов,,"Проект дома №66-16: площадь 187,8 м², 2 этажа, габариты 11.76×11.86 м, материал стен — кирпич. На карточке показаны оригинальные планировки этажей. Сохраните планы дома и откройте проект, чтобы узнать подробности и актуальную стоимость.",https://catalog-plans.ru/catalog/66-16?utm_source=pinterest&utm_medium=organic&utm_campaign=generated_floor_plans_minimal_static_batch_63&utm_content=pin_12049_66-16_plans&utm_term=proekty-domov-s-planirovkami,,"проект дома 66-16, проект дома 187,8 м², планировка дома, планы этажей, готовый проект дома, оригинальная планировка, кирпич, catalog-plans.ru"
"Проект дома №40-30BGL площадью 472,89 м² с планировками",https://raw.githubusercontent.com/nemchenik/test/6ba2fe170429aaf58e1b7a4bc220779b82af6c60/pinterest/generated_batch_61_floor_plans_sunset_static/40-30BGL.jpg,Планы домов и коттеджей,,"Проект дома №40-30BGL: площадь 472,89 м², 2 этажа, габариты 12.32×17.98 м, материал стен — газобетон. На карточке показаны оригинальные планировки этажей. Сохраните планы дома и откройте проект, чтобы узнать подробности и актуальную стоимость.",https://catalog-plans.ru/catalog/40-30BGL?utm_source=pinterest&utm_medium=organic&utm_campaign=generated_floor_plans_sunset_static_batch_61&utm_content=pin_11650_40-30BGL_plans&utm_term=proekty-domov-s-planirovkami,,"проект дома 40-30BGL, проект дома 472,89 м², планировка дома, планы этажей, готовый проект дома, оригинальная планировка, газобетон, catalog-plans.ru"
Проект дома №75-09 площадью 186 м² с планировками,https://raw.githubusercontent.com/nemchenik/test/6ba2fe170429aaf58e1b7a4bc220779b82af6c60/pinterest/generated_batch_62_floor_plans_forest_static/75-09.jpg,Удобные планировки домов,,"Проект дома №75-09: площадь 186 м², 1 этаж, габариты 16.76×18.71 м, материал стен — газобетон. На карточке показаны оригинальные планировки этажей. Сохраните планы дома и откройте проект, чтобы узнать подробности и актуальную стоимость.",https://catalog-plans.ru/catalog/75-09?utm_source=pinterest&utm_medium=organic&utm_campaign=generated_floor_plans_forest_static_batch_62&utm_content=pin_11850_75-09_plans&utm_term=proekty-domov-s-planirovkami,,"проект дома 75-09, проект дома 186 м², планировка дома, планы этажей, готовый проект дома, оригинальная планировка, газобетон, catalog-plans.ru"
"Проект дома №40-11HDKL площадью 363,44 м² с планировками",https://raw.githubusercontent.com/nemchenik/test/6ba2fe170429aaf58e1b7a4bc220779b82af6c60/pinterest/generated_batch_63_floor_plans_minimal_static/40-11HDKL.jpg,Современные проекты домов,,"Проект дома №40-11HDKL: площадь 363,44 м², 2 этажа, габариты 13.92×18.54 м, материал стен — кирпич. На карточке показаны оригинальные планировки этажей. Сохраните планы дома и откройте проект, чтобы узнать подробности и актуальную стоимость.",https://catalog-plans.ru/catalog/40-11HDKL?utm_source=pinterest&utm_medium=organic&utm_campaign=generated_floor_plans_minimal_static_batch_63&utm_content=pin_12050_40-11HDKL_plans&utm_term=proekty-domov-s-planirovkami,,"проект дома 40-11HDKL, проект дома 363,44 м², планировка дома, планы этажей, готовый проект дома, оригинальная планировка, кирпич, catalog-plans.ru"
"Проект дома №57-25K площадью 183,59 м² с планировками",https://raw.githubusercontent.com/nemchenik/test/6ba2fe170429aaf58e1b7a4bc220779b82af6c60/pinterest/generated_batch_61_floor_plans_sunset_static/57-25K.jpg,Планы домов и коттеджей,,"Проект дома №57-25K: площадь 183,59 м², 2 этажа, габариты 11×16.6 м, материал стен — кирпич. На карточке показаны оригинальные планировки этажей. Сохраните планы дома и откройте проект, чтобы узнать подробности и актуальную стоимость.",https://catalog-plans.ru/catalog/57-25K?utm_source=pinterest&utm_medium=organic&utm_campaign=generated_floor_plans_sunset_static_batch_61&utm_content=pin_11651_57-25K_plans&utm_term=proekty-domov-s-planirovkami,,"проект дома 57-25K, проект дома 183,59 м², планировка дома, планы этажей, готовый проект дома, оригинальная планировка, кирпич, catalog-plans.ru"
"Проект дома №57-05DKL площадью 157,76 м² с планировками",https://raw.githubusercontent.com/nemchenik/test/6ba2fe170429aaf58e1b7a4bc220779b82af6c60/pinterest/generated_batch_62_floor_plans_forest_static/57-05DKL.jpg,Удобные планировки домов,,"Проект дома №57-05DKL: площадь 157,76 м², 2 этажа, габариты 10.88×10.88 м, материал стен — кирпич. На карточке показаны оригинальные планировки этажей. Сохраните планы дома и откройте проект, чтобы узнать подробности и актуальную стоимость.",https://catalog-plans.ru/catalog/57-05DKL?utm_source=pinterest&utm_medium=organic&utm_campaign=generated_floor_plans_forest_static_batch_62&utm_content=pin_11851_57-05DKL_plans&utm_term=proekty-domov-s-planirovkami,,"проект дома 57-05DKL, проект дома 157,76 м², планировка дома, планы этажей, готовый проект дома, оригинальная планировка, кирпич, catalog-plans.ru"
"Проект дома №91-93 площадью 145,33 м² с планировками",https://raw.githubusercontent.com/nemchenik/test/6ba2fe170429aaf58e1b7a4bc220779b82af6c60/pinterest/generated_batch_63_floor_plans_minimal_static/91-93.jpg,Современные проекты домов,,"Проект дома №91-93: площадь 145,33 м², 1 этаж, габариты 10.5×18.9 м, материал стен — газобетон. На карточке показаны оригинальные планировки этажей. Сохраните планы дома и откройте проект, чтобы узнать подробности и актуальную стоимость.",https://catalog-plans.ru/catalog/91-93?utm_source=pinterest&utm_medium=organic&utm_campaign=generated_floor_plans_minimal_static_batch_63&utm_content=pin_12051_91-93_plans&utm_term=proekty-domov-s-planirovkami,,"проект дома 91-93, проект дома 145,33 м², планировка дома, планы этажей, готовый проект дома, оригинальная планировка, газобетон, catalog-plans.ru"
"Проект дома №40-11T площадью 291,08 м² с планировками",https://raw.githubusercontent.com/nemchenik/test/6ba2fe170429aaf58e1b7a4bc220779b82af6c60/pinterest/generated_batch_61_floor_plans_sunset_static/40-11T.jpg,Планы домов и коттеджей,,"Проект дома №40-11T: площадь 291,08 м², 3 этажа, габариты 13.19×15.83 м, материал стен — кирпич. На карточке показаны оригинальные планировки этажей. Сохраните планы дома и откройте проект, чтобы узнать подробности и актуальную стоимость.",https://catalog-plans.ru/catalog/40-11T?utm_source=pinterest&utm_medium=organic&utm_campaign=generated_floor_plans_sunset_static_batch_61&utm_content=pin_11652_40-11T_plans&utm_term=proekty-domov-s-planirovkami,,"проект дома 40-11T, проект дома 291,08 м², планировка дома, планы этажей, готовый проект дома, оригинальная планировка, кирпич, catalog-plans.ru"
"Проект дома №57-26 площадью 163,26 м² с планировками",https://raw.githubusercontent.com/nemchenik/test/6ba2fe170429aaf58e1b7a4bc220779b82af6c60/pinterest/generated_batch_62_floor_plans_forest_static/57-26.jpg,Удобные планировки домов,,"Проект дома №57-26: площадь 163,26 м², 2 этажа, габариты 9.6×13 м, материал стен — газобетон. На карточке показаны оригинальные планировки этажей. Сохраните планы дома и откройте проект, чтобы узнать подробности и актуальную стоимость.",https://catalog-plans.ru/catalog/57-26?utm_source=pinterest&utm_medium=organic&utm_campaign=generated_floor_plans_forest_static_batch_62&utm_content=pin_11852_57-26_plans&utm_term=proekty-domov-s-planirovkami,,"проект дома 57-26, проект дома 163,26 м², планировка дома, планы этажей, готовый проект дома, оригинальная планировка, газобетон, catalog-plans.ru"
"Проект дома №40-11BAL площадью 321,18 м² с планировками",https://raw.githubusercontent.com/nemchenik/test/6ba2fe170429aaf58e1b7a4bc220779b82af6c60/pinterest/generated_batch_63_floor_plans_minimal_static/40-11BAL.jpg,Современные проекты домов,,"Проект дома №40-11BAL: площадь 321,18 м², 3 этажа, габариты 13×13 м, материал стен — газобетон. На карточке показаны оригинальные планировки этажей. Сохраните планы дома и откройте проект, чтобы узнать подробности и актуальную стоимость.",https://catalog-plans.ru/catalog/40-11BAL?utm_source=pinterest&utm_medium=organic&utm_campaign=generated_floor_plans_minimal_static_batch_63&utm_content=pin_12052_40-11BAL_plans&utm_term=proekty-domov-s-planirovkami,,"проект дома 40-11BAL, проект дома 321,18 м², планировка дома, планы этажей, готовый проект дома, оригинальная планировка, газобетон, catalog-plans.ru"
"Проект дома №57-36K площадью 178,58 м² с планировками",https://raw.githubusercontent.com/nemchenik/test/6ba2fe170429aaf58e1b7a4bc220779b82af6c60/pinterest/generated_batch_61_floor_plans_sunset_static/57-36K.jpg,Планы домов и коттеджей,,"Проект дома №57-36K: площадь 178,58 м², 2 этажа, габариты 12.7×13.5 м, материал стен — кирпич. На карточке показаны оригинальные планировки этажей. Сохраните планы дома и откройте проект, чтобы узнать подробности и актуальную стоимость.",https://catalog-plans.ru/catalog/57-36K?utm_source=pinterest&utm_medium=organic&utm_campaign=generated_floor_plans_sunset_static_batch_61&utm_content=pin_11653_57-36K_plans&utm_term=proekty-domov-s-planirovkami,,"проект дома 57-36K, проект дома 178,58 м², планировка дома, планы этажей, готовый проект дома, оригинальная планировка, кирпич, catalog-plans.ru"
"Проект дома №40-94ABG площадью 265,78 м² с планировками",https://raw.githubusercontent.com/nemchenik/test/6ba2fe170429aaf58e1b7a4bc220779b82af6c60/pinterest/generated_batch_62_floor_plans_forest_static/40-94ABG.jpg,Удобные планировки домов,,"Проект дома №40-94ABG: площадь 265,78 м², 2 этажа, габариты 15.18×16 м, материал стен — газобетон. На карточке показаны оригинальные планировки этажей. Сохраните планы дома и откройте проект, чтобы узнать подробности и актуальную стоимость.",https://catalog-plans.ru/catalog/40-94ABG?utm_source=pinterest&utm_medium=organic&utm_campaign=generated_floor_plans_forest_static_batch_62&utm_content=pin_11853_40-94ABG_plans&utm_term=proekty-domov-s-planirovkami,,"проект дома 40-94ABG, проект дома 265,78 м², планировка дома, планы этажей, готовый проект дома, оригинальная планировка, газобетон, catalog-plans.ru"
"Проект дома №64-25L площадью 232,55 м² с планировками",https://raw.githubusercontent.com/nemchenik/test/6ba2fe170429aaf58e1b7a4bc220779b82af6c60/pinterest/generated_batch_63_floor_plans_minimal_static/64-25L.jpg,Современные проекты домов,,"Проект дома №64-25L: площадь 232,55 м², 2 этажа, габариты 12.71×17.01 м, материал стен — газобетон. На карточке показаны оригинальные планировки этажей. Сохраните планы дома и откройте проект, чтобы узнать подробности и актуальную стоимость.",https://catalog-plans.ru/catalog/64-25L?utm_source=pinterest&utm_medium=organic&utm_campaign=generated_floor_plans_minimal_static_batch_63&utm_content=pin_12053_64-25L_plans&utm_term=proekty-domov-s-planirovkami,,"проект дома 64-25L, проект дома 232,55 м², планировка дома, планы этажей, готовый проект дома, оригинальная планировка, газобетон, catalog-plans.ru"
"Проект дома №14-13A площадью 173,86 м² с планировками",https://raw.githubusercontent.com/nemchenik/test/6ba2fe170429aaf58e1b7a4bc220779b82af6c60/pinterest/generated_batch_61_floor_plans_sunset_static/14-13A.jpg,Планы домов и коттеджей,,"Проект дома №14-13A: площадь 173,86 м², 1 этаж, габариты 15.6×23.45 м, материал стен — дерево. На карточке показаны оригинальные планировки этажей. Сохраните планы дома и откройте проект, чтобы узнать подробности и актуальную стоимость.",https://catalog-plans.ru/catalog/14-13A?utm_source=pinterest&utm_medium=organic&utm_campaign=generated_floor_plans_sunset_static_batch_61&utm_content=pin_11654_14-13A_plans&utm_term=proekty-domov-s-planirovkami,,"проект дома 14-13A, проект дома 173,86 м², планировка дома, планы этажей, готовый проект дома, оригинальная планировка, дерево, catalog-plans.ru"
"Проект дома №59-93NK1L площадью 182,2 м² с планировками",https://raw.githubusercontent.com/nemchenik/test/6ba2fe170429aaf58e1b7a4bc220779b82af6c60/pinterest/generated_batch_62_floor_plans_forest_static/59-93NK1L.jpg,Удобные планировки домов,,"Проект дома №59-93NK1L: площадь 182,2 м², 2 этажа, габариты 12.1×14.94 м, материал стен — кирпич. На карточке показаны оригинальные планировки этажей. Сохраните планы дома и откройте проект, чтобы узнать подробности и актуальную стоимость.",https://catalog-plans.ru/catalog/59-93NK1L?utm_source=pinterest&utm_medium=organic&utm_campaign=generated_floor_plans_forest_static_batch_62&utm_content=pin_11854_59-93NK1L_plans&utm_term=proekty-domov-s-planirovkami,,"проект дома 59-93NK1L, проект дома 182,2 м², планировка дома, планы этажей, готовый проект дома, оригинальная планировка, кирпич, catalog-plans.ru"
"Проект дома №58-66EABD площадью 379,81 м² с планировками",https://raw.githubusercontent.com/nemchenik/test/6ba2fe170429aaf58e1b7a4bc220779b82af6c60/pinterest/generated_batch_63_floor_plans_minimal_static/58-66EABD.jpg,Современные проекты домов,,"Проект дома №58-66EABD: площадь 379,81 м², 3 этажа, габариты 18.18×19.27 м, материал стен — газобетон. На карточке показаны оригинальные планировки этажей. Сохраните планы дома и откройте проект, чтобы узнать подробности и актуальную стоимость.",https://catalog-plans.ru/catalog/58-66EABD?utm_source=pinterest&utm_medium=organic&utm_campaign=generated_floor_plans_minimal_static_batch_63&utm_content=pin_12054_58-66EABD_plans&utm_term=proekty-domov-s-planirovkami,,"проект дома 58-66EABD, проект дома 379,81 м², планировка дома, планы этажей, готовый проект дома, оригинальная планировка, газобетон, catalog-plans.ru"
"Проект дома №38-23 площадью 801,06 м² с планировками",https://raw.githubusercontent.com/nemchenik/test/6ba2fe170429aaf58e1b7a4bc220779b82af6c60/pinterest/generated_batch_61_floor_plans_sunset_static/38-23.jpg,Планы домов и коттеджей,,"Проект дома №38-23: площадь 801,06 м², 2 этажа, габариты 17.53×26.2 м, материал стен — кирпич. На карточке показаны оригинальные планировки этажей. Сохраните планы дома и откройте проект, чтобы узнать подробности и актуальную стоимость.",https://catalog-plans.ru/catalog/38-23?utm_source=pinterest&utm_medium=organic&utm_campaign=generated_floor_plans_sunset_static_batch_61&utm_content=pin_11655_38-23_plans&utm_term=proekty-domov-s-planirovkami,,"проект дома 38-23, проект дома 801,06 м², планировка дома, планы этажей, готовый проект дома, оригинальная планировка, кирпич, catalog-plans.ru"
"Проект дома №57-00S площадью 195,56 м² с планировками",https://raw.githubusercontent.com/nemchenik/test/6ba2fe170429aaf58e1b7a4bc220779b82af6c60/pinterest/generated_batch_62_floor_plans_forest_static/57-00S.jpg,Удобные планировки домов,,"Проект дома №57-00S: площадь 195,56 м², 2 этажа, габариты 12.95×17.35 м, материал стен — газобетон. На карточке показаны оригинальные планировки этажей. Сохраните планы дома и откройте проект, чтобы узнать подробности и актуальную стоимость.",https://catalog-plans.ru/catalog/57-00S?utm_source=pinterest&utm_medium=organic&utm_campaign=generated_floor_plans_forest_static_batch_62&utm_content=pin_11855_57-00S_plans&utm_term=proekty-domov-s-planirovkami,,"проект дома 57-00S, проект дома 195,56 м², планировка дома, планы этажей, готовый проект дома, оригинальная планировка, газобетон, catalog-plans.ru"
"Проект дома №45-64NARGL площадью 240,96 м² с планировками",https://raw.githubusercontent.com/nemchenik/test/6ba2fe170429aaf58e1b7a4bc220779b82af6c60/pinterest/generated_batch_63_floor_plans_minimal_static/45-64NARGL.jpg,Современные проекты домов,,"Проект дома №45-64NARGL: площадь 240,96 м², 2 этажа, габариты 12.6×14.46 м, материал стен — газобетон. На карточке показаны оригинальные планировки этажей. Сохраните планы дома и откройте проект, чтобы узнать подробности и актуальную стоимость.",https://catalog-plans.ru/catalog/45-64NARGL?utm_source=pinterest&utm_medium=organic&utm_campaign=generated_floor_plans_minimal_static_batch_63&utm_content=pin_12055_45-64NARGL_plans&utm_term=proekty-domov-s-planirovkami,,"проект дома 45-64NARGL, проект дома 240,96 м², планировка дома, планы этажей, готовый проект дома, оригинальная планировка, газобетон, catalog-plans.ru"
"Проект дома №57-10K площадью 194,4 м² с планировками",https://raw.githubusercontent.com/nemchenik/test/6ba2fe170429aaf58e1b7a4bc220779b82af6c60/pinterest/generated_batch_61_floor_plans_sunset_static/57-10K.jpg,Планы домов и коттеджей,,"Проект дома №57-10K: площадь 194,4 м², 2 этажа, габариты 10.2×19.55 м, материал стен — кирпич. На карточке показаны оригинальные планировки этажей. Сохраните планы дома и откройте проект, чтобы узнать подробности и актуальную стоимость.",https://catalog-plans.ru/catalog/57-10K?utm_source=pinterest&utm_medium=organic&utm_campaign=generated_floor_plans_sunset_static_batch_61&utm_content=pin_11656_57-10K_plans&utm_term=proekty-domov-s-planirovkami,,"проект дома 57-10K, проект дома 194,4 м², планировка дома, планы этажей, готовый проект дома, оригинальная планировка, кирпич, catalog-plans.ru"
"Проект дома №39-12 площадью 196,6 м² с планировками",https://raw.githubusercontent.com/nemchenik/test/6ba2fe170429aaf58e1b7a4bc220779b82af6c60/pinterest/generated_batch_62_floor_plans_forest_static/39-12.jpg,Удобные планировки домов,,"Проект дома №39-12: площадь 196,6 м², 2 этажа, габариты 13.8×13.8 м, материал стен — кирпич. На карточке показаны оригинальные планировки этажей. Сохраните планы дома и откройте проект, чтобы узнать подробности и актуальную стоимость.",https://catalog-plans.ru/catalog/39-12?utm_source=pinterest&utm_medium=organic&utm_campaign=generated_floor_plans_forest_static_batch_62&utm_content=pin_11856_39-12_plans&utm_term=proekty-domov-s-planirovkami,,"проект дома 39-12, проект дома 196,6 м², планировка дома, планы этажей, готовый проект дома, оригинальная планировка, кирпич, catalog-plans.ru"
"Проект дома №68-92L площадью 167,85 м² с планировками",https://raw.githubusercontent.com/nemchenik/test/6ba2fe170429aaf58e1b7a4bc220779b82af6c60/pinterest/generated_batch_63_floor_plans_minimal_static/68-92L.jpg,Современные проекты домов,,"Проект дома №68-92L: площадь 167,85 м², 3 этажа, габариты 9.06×13.56 м, материал стен — газобетон. На карточке показаны оригинальные планировки этажей. Сохраните планы дома и откройте проект, чтобы узнать подробности и актуальную стоимость.",https://catalog-plans.ru/catalog/68-92L?utm_source=pinterest&utm_medium=organic&utm_campaign=generated_floor_plans_minimal_static_batch_63&utm_content=pin_12056_68-92L_plans&utm_term=proekty-domov-s-planirovkami,,"проект дома 68-92L, проект дома 167,85 м², планировка дома, планы этажей, готовый проект дома, оригинальная планировка, газобетон, catalog-plans.ru"
"Проект дома №58-79AC площадью 216,19 м² с планировками",https://raw.githubusercontent.com/nemchenik/test/6ba2fe170429aaf58e1b7a4bc220779b82af6c60/pinterest/generated_batch_61_floor_plans_sunset_static/58-79AC.jpg,Планы домов и коттеджей,,"Проект дома №58-79AC: площадь 216,19 м², 3 этажа, габариты 9.3×11.55 м, материал стен — газобетон. На карточке показаны оригинальные планировки этажей. Сохраните планы дома и откройте проект, чтобы узнать подробности и актуальную стоимость.",https://catalog-plans.ru/catalog/58-79AC?utm_source=pinterest&utm_medium=organic&utm_campaign=generated_floor_plans_sunset_static_batch_61&utm_content=pin_11657_58-79AC_plans&utm_term=proekty-domov-s-planirovkami,,"проект дома 58-79AC, проект дома 216,19 м², планировка дома, планы этажей, готовый проект дома, оригинальная планировка, газобетон, catalog-plans.ru"
"Проект дома №40-16KL площадью 171,6 м² с планировками",https://raw.githubusercontent.com/nemchenik/test/6ba2fe170429aaf58e1b7a4bc220779b82af6c60/pinterest/generated_batch_62_floor_plans_forest_static/40-16KL.jpg,Удобные планировки домов,,"Проект дома №40-16KL: площадь 171,6 м², 2 этажа, габариты 9.57×11.71 м, материал стен — кирпич. На карточке показаны оригинальные планировки этажей. Сохраните планы дома и откройте проект, чтобы узнать подробности и актуальную стоимость.",https://catalog-plans.ru/catalog/40-16KL?utm_source=pinterest&utm_medium=organic&utm_campaign=generated_floor_plans_forest_static_batch_62&utm_content=pin_11857_40-16KL_plans&utm_term=proekty-domov-s-planirovkami,,"проект дома 40-16KL, проект дома 171,6 м², планировка дома, планы этажей, готовый проект дома, оригинальная планировка, кирпич, catalog-plans.ru"
"Проект дома №66-28 площадью 150,6 м² с планировками",https://raw.githubusercontent.com/nemchenik/test/6ba2fe170429aaf58e1b7a4bc220779b82af6c60/pinterest/generated_batch_63_floor_plans_minimal_static/66-28.jpg,Современные проекты домов,,"Проект дома №66-28: площадь 150,6 м², 2 этажа, габариты 8.92×13.42 м, материал стен — газобетон. На карточке показаны оригинальные планировки этажей. Сохраните планы дома и откройте проект, чтобы узнать подробности и актуальную стоимость.",https://catalog-plans.ru/catalog/66-28?utm_source=pinterest&utm_medium=organic&utm_campaign=generated_floor_plans_minimal_static_batch_63&utm_content=pin_12057_66-28_plans&utm_term=proekty-domov-s-planirovkami,,"проект дома 66-28, проект дома 150,6 м², планировка дома, планы этажей, готовый проект дома, оригинальная планировка, газобетон, catalog-plans.ru"
"Проект дома №57-63MAL площадью 182,49 м² с планировками",https://raw.githubusercontent.com/nemchenik/test/6ba2fe170429aaf58e1b7a4bc220779b82af6c60/pinterest/generated_batch_61_floor_plans_sunset_static/57-63MAL.jpg,Планы домов и коттеджей,,"Проект дома №57-63MAL: площадь 182,49 м², 2 этажа, габариты 9.96×17.46 м, материал стен — газобетон. На карточке показаны оригинальные планировки этажей. Сохраните планы дома и откройте проект, чтобы узнать подробности и актуальную стоимость.",https://catalog-plans.ru/catalog/57-63MAL?utm_source=pinterest&utm_medium=organic&utm_campaign=generated_floor_plans_sunset_static_batch_61&utm_content=pin_11658_57-63MAL_plans&utm_term=proekty-domov-s-planirovkami,,"проект дома 57-63MAL, проект дома 182,49 м², планировка дома, планы этажей, готовый проект дома, оригинальная планировка, газобетон, catalog-plans.ru"
"Проект дома №40-63BGL площадью 317,44 м² с планировками",https://raw.githubusercontent.com/nemchenik/test/6ba2fe170429aaf58e1b7a4bc220779b82af6c60/pinterest/generated_batch_62_floor_plans_forest_static/40-63BGL.jpg,Удобные планировки домов,,"Проект дома №40-63BGL: площадь 317,44 м², 2 этажа, габариты 14.59×16.09 м, материал стен — керамзитобетон. На карточке показаны оригинальные планировки этажей. Сохраните планы дома и откройте проект, чтобы узнать подробности и актуальную стоимость.",https://catalog-plans.ru/catalog/40-63BGL?utm_source=pinterest&utm_medium=organic&utm_campaign=generated_floor_plans_forest_static_batch_62&utm_content=pin_11858_40-63BGL_plans&utm_term=proekty-domov-s-planirovkami,,"проект дома 40-63BGL, проект дома 317,44 м², планировка дома, планы этажей, готовый проект дома, оригинальная планировка, керамзитобетон, catalog-plans.ru"
"Проект дома №57-82DL площадью 281,61 м² с планировками",https://raw.githubusercontent.com/nemchenik/test/6ba2fe170429aaf58e1b7a4bc220779b82af6c60/pinterest/generated_batch_63_floor_plans_minimal_static/57-82DL.jpg,Современные проекты домов,,"Проект дома №57-82DL: площадь 281,61 м², 2 этажа, габариты 15.9×16.36 м, материал стен — газобетон. На карточке показаны оригинальные планировки этажей. Сохраните планы дома и откройте проект, чтобы узнать подробности и актуальную стоимость.",https://catalog-plans.ru/catalog/57-82DL?utm_source=pinterest&utm_medium=organic&utm_campaign=generated_floor_plans_minimal_static_batch_63&utm_content=pin_12058_57-82DL_plans&utm_term=proekty-domov-s-planirovkami,,"проект дома 57-82DL, проект дома 281,61 м², планировка дома, планы этажей, готовый проект дома, оригинальная планировка, газобетон, catalog-plans.ru"
Проект дома №62-71BSA площадью 194 м² с планировками,https://raw.githubusercontent.com/nemchenik/test/6ba2fe170429aaf58e1b7a4bc220779b82af6c60/pinterest/generated_batch_61_floor_plans_sunset_static/62-71BSA.jpg,Планы домов и коттеджей,,"Проект дома №62-71BSA: площадь 194 м², 2 этажа, габариты 14.59×15.16 м, материал стен — газобетон. На карточке показаны оригинальные планировки этажей. Сохраните планы дома и откройте проект, чтобы узнать подробности и актуальную стоимость.",https://catalog-plans.ru/catalog/62-71BSA?utm_source=pinterest&utm_medium=organic&utm_campaign=generated_floor_plans_sunset_static_batch_61&utm_content=pin_11659_62-71BSA_plans&utm_term=proekty-domov-s-planirovkami,,"проект дома 62-71BSA, проект дома 194 м², планировка дома, планы этажей, готовый проект дома, оригинальная планировка, газобетон, catalog-plans.ru"
"Проект дома №59-44 площадью 167,5 м² с планировками",https://raw.githubusercontent.com/nemchenik/test/6ba2fe170429aaf58e1b7a4bc220779b82af6c60/pinterest/generated_batch_62_floor_plans_forest_static/59-44.jpg,Удобные планировки домов,,"Проект дома №59-44: площадь 167,5 м², 2 этажа, габариты 14.4×15.2 м, материал стен — газобетон. На карточке показаны оригинальные планировки этажей. Сохраните планы дома и откройте проект, чтобы узнать подробности и актуальную стоимость.",https://catalog-plans.ru/catalog/59-44?utm_source=pinterest&utm_medium=organic&utm_campaign=generated_floor_plans_forest_static_batch_62&utm_content=pin_11859_59-44_plans&utm_term=proekty-domov-s-planirovkami,,"проект дома 59-44, проект дома 167,5 м², планировка дома, планы этажей, готовый проект дома, оригинальная планировка, газобетон, catalog-plans.ru"
"Проект дома №54-81 площадью 205,3 м² с планировками",https://raw.githubusercontent.com/nemchenik/test/6ba2fe170429aaf58e1b7a4bc220779b82af6c60/pinterest/generated_batch_63_floor_plans_minimal_static/54-81.jpg,Современные проекты домов,,"Проект дома №54-81: площадь 205,3 м², 3 этажа, габариты 8.4×10.8 м, материал стен — газобетон. На карточке показаны оригинальные планировки этажей. Сохраните планы дома и откройте проект, чтобы узнать подробности и актуальную стоимость.",https://catalog-plans.ru/catalog/54-81?utm_source=pinterest&utm_medium=organic&utm_campaign=generated_floor_plans_minimal_static_batch_63&utm_content=pin_12059_54-81_plans&utm_term=proekty-domov-s-planirovkami,,"проект дома 54-81, проект дома 205,3 м², планировка дома, планы этажей, готовый проект дома, оригинальная планировка, газобетон, catalog-plans.ru"
"Проект дома №80-15BKL площадью 170,68 м² с планировками",https://raw.githubusercontent.com/nemchenik/test/6ba2fe170429aaf58e1b7a4bc220779b82af6c60/pinterest/generated_batch_61_floor_plans_sunset_static/80-15BKL.jpg,Планы домов и коттеджей,,"Проект дома №80-15BKL: площадь 170,68 м², 2 этажа, габариты 10.36×12.92 м, материал стен — кирпич. На карточке показаны оригинальные планировки этажей. Сохраните планы дома и откройте проект, чтобы узнать подробности и актуальную стоимость.",https://catalog-plans.ru/catalog/80-15BKL?utm_source=pinterest&utm_medium=organic&utm_campaign=generated_floor_plans_sunset_static_batch_61&utm_content=pin_11660_80-15BKL_plans&utm_term=proekty-domov-s-planirovkami,,"проект дома 80-15BKL, проект дома 170,68 м², планировка дома, планы этажей, готовый проект дома, оригинальная планировка, кирпич, catalog-plans.ru"
"Проект дома №34-94 площадью 111,8 м² с планировками",https://raw.githubusercontent.com/nemchenik/test/6ba2fe170429aaf58e1b7a4bc220779b82af6c60/pinterest/generated_batch_62_floor_plans_forest_static/34-94.jpg,Удобные планировки домов,,"Проект дома №34-94: площадь 111,8 м², 2 этажа, габариты 6.3×10 м, материал стен — кирпич. На карточке показаны оригинальные планировки этажей. Сохраните планы дома и откройте проект, чтобы узнать подробности и актуальную стоимость.",https://catalog-plans.ru/catalog/34-94?utm_source=pinterest&utm_medium=organic&utm_campaign=generated_floor_plans_forest_static_batch_62&utm_content=pin_11860_34-94_plans&utm_term=proekty-domov-s-planirovkami,,"проект дома 34-94, проект дома 111,8 м², планировка дома, планы этажей, готовый проект дома, оригинальная планировка, кирпич, catalog-plans.ru"
"Проект дома №58-84BATL площадью 94,85 м² с планировками",https://raw.githubusercontent.com/nemchenik/test/6ba2fe170429aaf58e1b7a4bc220779b82af6c60/pinterest/generated_batch_63_floor_plans_minimal_static/58-84BATL.jpg,Современные проекты домов,,"Проект дома №58-84BATL: площадь 94,85 м², 1 этаж, габариты 9.04×13.86 м, материал стен — газобетон. На карточке показаны оригинальные планировки этажей. Сохраните планы дома и откройте проект, чтобы узнать подробности и актуальную стоимость.",https://catalog-plans.ru/catalog/58-84BATL?utm_source=pinterest&utm_medium=organic&utm_campaign=generated_floor_plans_minimal_static_batch_63&utm_content=pin_12060_58-84BATL_plans&utm_term=proekty-domov-s-planirovkami,,"проект дома 58-84BATL, проект дома 94,85 м², планировка дома, планы этажей, готовый проект дома, оригинальная планировка, газобетон, catalog-plans.ru"
Проект дома №34-67 площадью 436 м² с планировками,https://raw.githubusercontent.com/nemchenik/test/6ba2fe170429aaf58e1b7a4bc220779b82af6c60/pinterest/generated_batch_61_floor_plans_sunset_static/34-67.jpg,Планы домов и коттеджей,,"Проект дома №34-67: площадь 436 м², 3 этажа, габариты 12.88×17.85 м, материал стен — кирпич. На карточке показаны оригинальные планировки этажей. Сохраните планы дома и откройте проект, чтобы узнать подробности и актуальную стоимость.",https://catalog-plans.ru/catalog/34-67?utm_source=pinterest&utm_medium=organic&utm_campaign=generated_floor_plans_sunset_static_batch_61&utm_content=pin_11661_34-67_plans&utm_term=proekty-domov-s-planirovkami,,"проект дома 34-67, проект дома 436 м², планировка дома, планы этажей, готовый проект дома, оригинальная планировка, кирпич, catalog-plans.ru"
"Проект дома №58-44RUS площадью 269,44 м² с планировками",https://raw.githubusercontent.com/nemchenik/test/6ba2fe170429aaf58e1b7a4bc220779b82af6c60/pinterest/generated_batch_62_floor_plans_forest_static/58-44RUS.jpg,Удобные планировки домов,,"Проект дома №58-44RUS: площадь 269,44 м², 2 этажа, габариты 14.66×16.46 м, материал стен — газобетон. На карточке показаны оригинальные планировки этажей. Сохраните планы дома и откройте проект, чтобы узнать подробности и актуальную стоимость.",https://catalog-plans.ru/catalog/58-44RUS?utm_source=pinterest&utm_medium=organic&utm_campaign=generated_floor_plans_forest_static_batch_62&utm_content=pin_11861_58-44RUS_plans&utm_term=proekty-domov-s-planirovkami,,"проект дома 58-44RUS, проект дома 269,44 м², планировка дома, планы этажей, готовый проект дома, оригинальная планировка, газобетон, catalog-plans.ru"
"Проект дома №63-42MD площадью 123,5 м² с планировками",https://raw.githubusercontent.com/nemchenik/test/6ba2fe170429aaf58e1b7a4bc220779b82af6c60/pinterest/generated_batch_63_floor_plans_minimal_static/63-42MD.jpg,Современные проекты домов,,"Проект дома №63-42MD: площадь 123,5 м², 2 этажа, габариты 7.12×11.83 м, материал стен — монолитный каркас. На карточке показаны оригинальные планировки этажей. Сохраните планы дома и откройте проект, чтобы узнать подробности и актуальную стоимость.",https://catalog-plans.ru/catalog/63-42MD?utm_source=pinterest&utm_medium=organic&utm_campaign=generated_floor_plans_minimal_static_batch_63&utm_content=pin_12061_63-42MD_plans&utm_term=proekty-domov-s-planirovkami,,"проект дома 63-42MD, проект дома 123,5 м², планировка дома, планы этажей, готовый проект дома, оригинальная планировка, монолитный каркас, catalog-plans.ru"
"Проект дома №65-25 площадью 246,89 м² с планировками",https://raw.githubusercontent.com/nemchenik/test/6ba2fe170429aaf58e1b7a4bc220779b82af6c60/pinterest/generated_batch_61_floor_plans_sunset_static/65-25.jpg,Планы домов и коттеджей,,"Проект дома №65-25: площадь 246,89 м², 2 этажа, габариты 14.64×15.94 м, материал стен — газобетон. На карточке показаны оригинальные планировки этажей. Сохраните планы дома и откройте проект, чтобы узнать подробности и актуальную стоимость.",https://catalog-plans.ru/catalog/65-25?utm_source=pinterest&utm_medium=organic&utm_campaign=generated_floor_plans_sunset_static_batch_61&utm_content=pin_11662_65-25_plans&utm_term=proekty-domov-s-planirovkami,,"проект дома 65-25, проект дома 246,89 м², планировка дома, планы этажей, готовый проект дома, оригинальная планировка, газобетон, catalog-plans.ru"
"Проект дома №72-13 площадью 292,5 м² с планировками",https://raw.githubusercontent.com/nemchenik/test/6ba2fe170429aaf58e1b7a4bc220779b82af6c60/pinterest/generated_batch_62_floor_plans_forest_static/72-13.jpg,Удобные планировки домов,,"Проект дома №72-13: площадь 292,5 м², 2 этажа, габариты 15.72×20.62 м, материал стен — газобетон. На карточке показаны оригинальные планировки этажей. Сохраните планы дома и откройте проект, чтобы узнать подробности и актуальную стоимость.",https://catalog-plans.ru/catalog/72-13?utm_source=pinterest&utm_medium=organic&utm_campaign=generated_floor_plans_forest_static_batch_62&utm_content=pin_11862_72-13_plans&utm_term=proekty-domov-s-planirovkami,,"проект дома 72-13, проект дома 292,5 м², планировка дома, планы этажей, готовый проект дома, оригинальная планировка, газобетон, catalog-plans.ru"
"Проект дома №32-00 площадью 371,1 м² с планировками",https://raw.githubusercontent.com/nemchenik/test/6ba2fe170429aaf58e1b7a4bc220779b82af6c60/pinterest/generated_batch_63_floor_plans_minimal_static/32-00.jpg,Современные проекты домов,,"Проект дома №32-00: площадь 371,1 м², 3 этажа, габариты 14.05×16.02 м, материал стен — кирпич. На карточке показаны оригинальные планировки этажей. Сохраните планы дома и откройте проект, чтобы узнать подробности и актуальную стоимость.",https://catalog-plans.ru/catalog/32-00?utm_source=pinterest&utm_medium=organic&utm_campaign=generated_floor_plans_minimal_static_batch_63&utm_content=pin_12062_32-00_plans&utm_term=proekty-domov-s-planirovkami,,"проект дома 32-00, проект дома 371,1 м², планировка дома, планы этажей, готовый проект дома, оригинальная планировка, кирпич, catalog-plans.ru"
Проект дома №57-34BL площадью 143 м² с планировками,https://raw.githubusercontent.com/nemchenik/test/6ba2fe170429aaf58e1b7a4bc220779b82af6c60/pinterest/generated_batch_61_floor_plans_sunset_static/57-34BL.jpg,Планы домов и коттеджей,,"Проект дома №57-34BL: площадь 143 м², 2 этажа, габариты 11.6×12.66 м, материал стен — газобетон. На карточке показаны оригинальные планировки этажей. Сохраните планы дома и откройте проект, чтобы узнать подробности и актуальную стоимость.",https://catalog-plans.ru/catalog/57-34BL?utm_source=pinterest&utm_medium=organic&utm_campaign=generated_floor_plans_sunset_static_batch_61&utm_content=pin_11663_57-34BL_plans&utm_term=proekty-domov-s-planirovkami,,"проект дома 57-34BL, проект дома 143 м², планировка дома, планы этажей, готовый проект дома, оригинальная планировка, газобетон, catalog-plans.ru"
"Проект дома №59-96B площадью 250,73 м² с планировками",https://raw.githubusercontent.com/nemchenik/test/6ba2fe170429aaf58e1b7a4bc220779b82af6c60/pinterest/generated_batch_62_floor_plans_forest_static/59-96B.jpg,Удобные планировки домов,,"Проект дома №59-96B: площадь 250,73 м², 2 этажа, габариты 12.46×17.86 м, материал стен — газобетон. На карточке показаны оригинальные планировки этажей. Сохраните планы дома и откройте проект, чтобы узнать подробности и актуальную стоимость.",https://catalog-plans.ru/catalog/59-96B?utm_source=pinterest&utm_medium=organic&utm_campaign=generated_floor_plans_forest_static_batch_62&utm_content=pin_11863_59-96B_plans&utm_term=proekty-domov-s-planirovkami,,"проект дома 59-96B, проект дома 250,73 м², планировка дома, планы этажей, готовый проект дома, оригинальная планировка, газобетон, catalog-plans.ru"
"Проект дома №58-09NAL площадью 139,23 м² с планировками",https://raw.githubusercontent.com/nemchenik/test/6ba2fe170429aaf58e1b7a4bc220779b82af6c60/pinterest/generated_batch_63_floor_plans_minimal_static/58-09NAL.jpg,Современные проекты домов,,"Проект дома №58-09NAL: площадь 139,23 м², 2 этажа, габариты 12×15.82 м, материал стен — газобетон. На карточке показаны оригинальные планировки этажей. Сохраните планы дома и откройте проект, чтобы узнать подробности и актуальную стоимость.",https://catalog-plans.ru/catalog/58-09NAL?utm_source=pinterest&utm_medium=organic&utm_campaign=generated_floor_plans_minimal_static_batch_63&utm_content=pin_12063_58-09NAL_plans&utm_term=proekty-domov-s-planirovkami,,"проект дома 58-09NAL, проект дома 139,23 м², планировка дома, планы этажей, готовый проект дома, оригинальная планировка, газобетон, catalog-plans.ru"
"Проект дома №58-66NAMBL площадью 176,62 м² с планировками",https://raw.githubusercontent.com/nemchenik/test/6ba2fe170429aaf58e1b7a4bc220779b82af6c60/pinterest/generated_batch_61_floor_plans_sunset_static/58-66NAMBL.jpg,Планы домов и коттеджей,,"Проект дома №58-66NAMBL: площадь 176,62 м², 2 этажа, габариты 12.23×15.28 м, материал стен — газобетон. На карточке показаны оригинальные планировки этажей. Сохраните планы дома и откройте проект, чтобы узнать подробности и актуальную стоимость.",https://catalog-plans.ru/catalog/58-66NAMBL?utm_source=pinterest&utm_medium=organic&utm_campaign=generated_floor_plans_sunset_static_batch_61&utm_content=pin_11664_58-66NAMBL_plans&utm_term=proekty-domov-s-planirovkami,,"проект дома 58-66NAMBL, проект дома 176,62 м², планировка дома, планы этажей, готовый проект дома, оригинальная планировка, газобетон, catalog-plans.ru"
"Проект дома №58-50D площадью 174,4 м² с планировками",https://raw.githubusercontent.com/nemchenik/test/6ba2fe170429aaf58e1b7a4bc220779b82af6c60/pinterest/generated_batch_62_floor_plans_forest_static/58-50D.jpg,Удобные планировки домов,,"Проект дома №58-50D: площадь 174,4 м², 1 этаж, габариты 18.5×20.8 м, материал стен — газобетон. На карточке показаны оригинальные планировки этажей. Сохраните планы дома и откройте проект, чтобы узнать подробности и актуальную стоимость.",https://catalog-plans.ru/catalog/58-50D?utm_source=pinterest&utm_medium=organic&utm_campaign=generated_floor_plans_forest_static_batch_62&utm_content=pin_11864_58-50D_plans&utm_term=proekty-domov-s-planirovkami,,"проект дома 58-50D, проект дома 174,4 м², планировка дома, планы этажей, готовый проект дома, оригинальная планировка, газобетон, catalog-plans.ru"
Проект дома №64-51KL площадью 388 м² с планировками,https://raw.githubusercontent.com/nemchenik/test/6ba2fe170429aaf58e1b7a4bc220779b82af6c60/pinterest/generated_batch_63_floor_plans_minimal_static/64-51KL.jpg,Современные проекты домов,,"Проект дома №64-51KL: площадь 388 м², 2 этажа, габариты 18.48×23.69 м, материал стен — кирпич. На карточке показаны оригинальные планировки этажей. Сохраните планы дома и откройте проект, чтобы узнать подробности и актуальную стоимость.",https://catalog-plans.ru/catalog/64-51KL?utm_source=pinterest&utm_medium=organic&utm_campaign=generated_floor_plans_minimal_static_batch_63&utm_content=pin_12064_64-51KL_plans&utm_term=proekty-domov-s-planirovkami,,"проект дома 64-51KL, проект дома 388 м², планировка дома, планы этажей, готовый проект дома, оригинальная планировка, кирпич, catalog-plans.ru"
"Проект дома №58-53K1 площадью 143,97 м² с планировками",https://raw.githubusercontent.com/nemchenik/test/6ba2fe170429aaf58e1b7a4bc220779b82af6c60/pinterest/generated_batch_61_floor_plans_sunset_static/58-53K1.jpg,Планы домов и коттеджей,,"Проект дома №58-53K1: площадь 143,97 м², 3 этажа, габариты 11×11 м, материал стен — кирпич. На карточке показаны оригинальные планировки этажей. Сохраните планы дома и откройте проект, чтобы узнать подробности и актуальную стоимость.",https://catalog-plans.ru/catalog/58-53K1?utm_source=pinterest&utm_medium=organic&utm_campaign=generated_floor_plans_sunset_static_batch_61&utm_content=pin_11665_58-53K1_plans&utm_term=proekty-domov-s-planirovkami,,"проект дома 58-53K1, проект дома 143,97 м², планировка дома, планы этажей, готовый проект дома, оригинальная планировка, кирпич, catalog-plans.ru"
"Проект дома №62-71BT площадью 178,51 м² с планировками",https://raw.githubusercontent.com/nemchenik/test/6ba2fe170429aaf58e1b7a4bc220779b82af6c60/pinterest/generated_batch_62_floor_plans_forest_static/62-71BT.jpg,Удобные планировки домов,,"Проект дома №62-71BT: площадь 178,51 м², 2 этажа, габариты 11.06×11.06 м, материал стен — газобетон. На карточке показаны оригинальные планировки этажей. Сохраните планы дома и откройте проект, чтобы узнать подробности и актуальную стоимость.",https://catalog-plans.ru/catalog/62-71BT?utm_source=pinterest&utm_medium=organic&utm_campaign=generated_floor_plans_forest_static_batch_62&utm_content=pin_11865_62-71BT_plans&utm_term=proekty-domov-s-planirovkami,,"проект дома 62-71BT, проект дома 178,51 м², планировка дома, планы этажей, готовый проект дома, оригинальная планировка, газобетон, catalog-plans.ru"
"Проект дома №45-76WL площадью 209,42 м² с планировками",https://raw.githubusercontent.com/nemchenik/test/6ba2fe170429aaf58e1b7a4bc220779b82af6c60/pinterest/generated_batch_63_floor_plans_minimal_static/45-76WL.jpg,Современные проекты домов,,"Проект дома №45-76WL: площадь 209,42 м², 2 этажа, габариты 11.96×16.56 м, материал стен — кирпич. На карточке показаны оригинальные планировки этажей. Сохраните планы дома и откройте проект, чтобы узнать подробности и актуальную стоимость.",https://catalog-plans.ru/catalog/45-76WL?utm_source=pinterest&utm_medium=organic&utm_campaign=generated_floor_plans_minimal_static_batch_63&utm_content=pin_12065_45-76WL_plans&utm_term=proekty-domov-s-planirovkami,,"проект дома 45-76WL, проект дома 209,42 м², планировка дома, планы этажей, готовый проект дома, оригинальная планировка, кирпич, catalog-plans.ru"
"Проект дома №40-04BN площадью 203,88 м² с планировками",https://raw.githubusercontent.com/nemchenik/test/6ba2fe170429aaf58e1b7a4bc220779b82af6c60/pinterest/generated_batch_61_floor_plans_sunset_static/40-04BN.jpg,Планы домов и коттеджей,,"Проект дома №40-04BN: площадь 203,88 м², 2 этажа, габариты 10×19.55 м, материал стен — газобетон. На карточке показаны оригинальные планировки этажей. Сохраните планы дома и откройте проект, чтобы узнать подробности и актуальную стоимость.",https://catalog-plans.ru/catalog/40-04BN?utm_source=pinterest&utm_medium=organic&utm_campaign=generated_floor_plans_sunset_static_batch_61&utm_content=pin_11666_40-04BN_plans&utm_term=proekty-domov-s-planirovkami,,"проект дома 40-04BN, проект дома 203,88 м², планировка дома, планы этажей, готовый проект дома, оригинальная планировка, газобетон, catalog-plans.ru"
"Проект дома №64-07AK площадью 224,48 м² с планировками",https://raw.githubusercontent.com/nemchenik/test/6ba2fe170429aaf58e1b7a4bc220779b82af6c60/pinterest/generated_batch_62_floor_plans_forest_static/64-07AK.jpg,Удобные планировки домов,,"Проект дома №64-07AK: площадь 224,48 м², 2 этажа, габариты 12.37×16.3 м, материал стен — кирпич. На карточке показаны оригинальные планировки этажей. Сохраните планы дома и откройте проект, чтобы узнать подробности и актуальную стоимость.",https://catalog-plans.ru/catalog/64-07AK?utm_source=pinterest&utm_medium=organic&utm_campaign=generated_floor_plans_forest_static_batch_62&utm_content=pin_11866_64-07AK_plans&utm_term=proekty-domov-s-planirovkami,,"проект дома 64-07AK, проект дома 224,48 м², планировка дома, планы этажей, готовый проект дома, оригинальная планировка, кирпич, catalog-plans.ru"
"Проект дома №57-63AFL площадью 146,93 м² с планировками",https://raw.githubusercontent.com/nemchenik/test/6ba2fe170429aaf58e1b7a4bc220779b82af6c60/pinterest/generated_batch_63_floor_plans_minimal_static/57-63AFL.jpg,Современные проекты домов,,"Проект дома №57-63AFL: площадь 146,93 м², 2 этажа, габариты 9.9×12.5 м, материал стен — газобетон. На карточке показаны оригинальные планировки этажей. Сохраните планы дома и откройте проект, чтобы узнать подробности и актуальную стоимость.",https://catalog-plans.ru/catalog/57-63AFL?utm_source=pinterest&utm_medium=organic&utm_campaign=generated_floor_plans_minimal_static_batch_63&utm_content=pin_12066_57-63AFL_plans&utm_term=proekty-domov-s-planirovkami,,"проект дома 57-63AFL, проект дома 146,93 м², планировка дома, планы этажей, готовый проект дома, оригинальная планировка, газобетон, catalog-plans.ru"
"Проект дома №61-11 площадью 221,5 м² с планировками",https://raw.githubusercontent.com/nemchenik/test/6ba2fe170429aaf58e1b7a4bc220779b82af6c60/pinterest/generated_batch_61_floor_plans_sunset_static/61-11.jpg,Планы домов и коттеджей,,"Проект дома №61-11: площадь 221,5 м², 2 этажа, габариты 12.8×14 м, материал стен — газобетон. На карточке показаны оригинальные планировки этажей. Сохраните планы дома и откройте проект, чтобы узнать подробности и актуальную стоимость.",https://catalog-plans.ru/catalog/61-11?utm_source=pinterest&utm_medium=organic&utm_campaign=generated_floor_plans_sunset_static_batch_61&utm_content=pin_11667_61-11_plans&utm_term=proekty-domov-s-planirovkami,,"проект дома 61-11, проект дома 221,5 м², планировка дома, планы этажей, готовый проект дома, оригинальная планировка, газобетон, catalog-plans.ru"
"Проект дома №63-77 площадью 92,62 м² с планировками",https://raw.githubusercontent.com/nemchenik/test/6ba2fe170429aaf58e1b7a4bc220779b82af6c60/pinterest/generated_batch_62_floor_plans_forest_static/63-77.jpg,Удобные планировки домов,,"Проект дома №63-77: площадь 92,62 м², 1 этаж, габариты 7×16 м, материал стен — газобетон. На карточке показаны оригинальные планировки этажей. Сохраните планы дома и откройте проект, чтобы узнать подробности и актуальную стоимость.",https://catalog-plans.ru/catalog/63-77?utm_source=pinterest&utm_medium=organic&utm_campaign=generated_floor_plans_forest_static_batch_62&utm_content=pin_11867_63-77_plans&utm_term=proekty-domov-s-planirovkami,,"проект дома 63-77, проект дома 92,62 м², планировка дома, планы этажей, готовый проект дома, оригинальная планировка, газобетон, catalog-plans.ru"
"Проект дома №58-70ZK1L площадью 188,19 м² с планировками",https://raw.githubusercontent.com/nemchenik/test/6ba2fe170429aaf58e1b7a4bc220779b82af6c60/pinterest/generated_batch_63_floor_plans_minimal_static/58-70ZK1L.jpg,Современные проекты домов,,"Проект дома №58-70ZK1L: площадь 188,19 м², 2 этажа, габариты 12.26×14.26 м, материал стен — кирпич. На карточке показаны оригинальные планировки этажей. Сохраните планы дома и откройте проект, чтобы узнать подробности и актуальную стоимость.",https://catalog-plans.ru/catalog/58-70ZK1L?utm_source=pinterest&utm_medium=organic&utm_campaign=generated_floor_plans_minimal_static_batch_63&utm_content=pin_12067_58-70ZK1L_plans&utm_term=proekty-domov-s-planirovkami,,"проект дома 58-70ZK1L, проект дома 188,19 м², планировка дома, планы этажей, готовый проект дома, оригинальная планировка, кирпич, catalog-plans.ru"
"Проект дома №48-21C площадью 334,09 м² с планировками",https://raw.githubusercontent.com/nemchenik/test/6ba2fe170429aaf58e1b7a4bc220779b82af6c60/pinterest/generated_batch_61_floor_plans_sunset_static/48-21C.jpg,Планы домов и коттеджей,,"Проект дома №48-21C: площадь 334,09 м², 3 этажа, габариты 13.27×13.68 м, материал стен — кирпич. На карточке показаны оригинальные планировки этажей. Сохраните планы дома и откройте проект, чтобы узнать подробности и актуальную стоимость.",https://catalog-plans.ru/catalog/48-21C?utm_source=pinterest&utm_medium=organic&utm_campaign=generated_floor_plans_sunset_static_batch_61&utm_content=pin_11668_48-21C_plans&utm_term=proekty-domov-s-planirovkami,,"проект дома 48-21C, проект дома 334,09 м², планировка дома, планы этажей, готовый проект дома, оригинальная планировка, кирпич, catalog-plans.ru"
"Проект дома №40-11MA площадью 465,55 м² с планировками",https://raw.githubusercontent.com/nemchenik/test/6ba2fe170429aaf58e1b7a4bc220779b82af6c60/pinterest/generated_batch_62_floor_plans_forest_static/40-11MA.jpg,Удобные планировки домов,,"Проект дома №40-11MA: площадь 465,55 м², 3 этажа, габариты 13.89×20.91 м, материал стен — кирпич. На карточке показаны оригинальные планировки этажей. Сохраните планы дома и откройте проект, чтобы узнать подробности и актуальную стоимость.",https://catalog-plans.ru/catalog/40-11MA?utm_source=pinterest&utm_medium=organic&utm_campaign=generated_floor_plans_forest_static_batch_62&utm_content=pin_11868_40-11MA_plans&utm_term=proekty-domov-s-planirovkami,,"проект дома 40-11MA, проект дома 465,55 м², планировка дома, планы этажей, готовый проект дома, оригинальная планировка, кирпич, catalog-plans.ru"
"Проект дома №59-22A площадью 160,49 м² с планировками",https://raw.githubusercontent.com/nemchenik/test/6ba2fe170429aaf58e1b7a4bc220779b82af6c60/pinterest/generated_batch_63_floor_plans_minimal_static/59-22A.jpg,Современные проекты домов,,"Проект дома №59-22A: площадь 160,49 м², 1 этаж, габариты 12.02×21.78 м, материал стен — газобетон. На карточке показаны оригинальные планировки этажей. Сохраните планы дома и откройте проект, чтобы узнать подробности и актуальную стоимость.",https://catalog-plans.ru/catalog/59-22A?utm_source=pinterest&utm_medium=organic&utm_campaign=generated_floor_plans_minimal_static_batch_63&utm_content=pin_12068_59-22A_plans&utm_term=proekty-domov-s-planirovkami,,"проект дома 59-22A, проект дома 160,49 м², планировка дома, планы этажей, готовый проект дома, оригинальная планировка, газобетон, catalog-plans.ru"
"Проект дома №57-63FBPL площадью 193,72 м² с планировками",https://raw.githubusercontent.com/nemchenik/test/6ba2fe170429aaf58e1b7a4bc220779b82af6c60/pinterest/generated_batch_61_floor_plans_sunset_static/57-63FBPL.jpg,Планы домов и коттеджей,,"Проект дома №57-63FBPL: площадь 193,72 м², 2 этажа, габариты 9.9×19.8 м, материал стен — газобетон. На карточке показаны оригинальные планировки этажей. Сохраните планы дома и откройте проект, чтобы узнать подробности и актуальную стоимость.",https://catalog-plans.ru/catalog/57-63FBPL?utm_source=pinterest&utm_medium=organic&utm_campaign=generated_floor_plans_sunset_static_batch_61&utm_content=pin_11669_57-63FBPL_plans&utm_term=proekty-domov-s-planirovkami,,"проект дома 57-63FBPL, проект дома 193,72 м², планировка дома, планы этажей, готовый проект дома, оригинальная планировка, газобетон, catalog-plans.ru"
"Проект дома №57-60A площадью 234,11 м² с планировками",https://raw.githubusercontent.com/nemchenik/test/6ba2fe170429aaf58e1b7a4bc220779b82af6c60/pinterest/generated_batch_62_floor_plans_forest_static/57-60A.jpg,Удобные планировки домов,,"Проект дома №57-60A: площадь 234,11 м², 2 этажа, габариты 12.64×14.53 м, материал стен — газобетон. На карточке показаны оригинальные планировки этажей. Сохраните планы дома и откройте проект, чтобы узнать подробности и актуальную стоимость.",https://catalog-plans.ru/catalog/57-60A?utm_source=pinterest&utm_medium=organic&utm_campaign=generated_floor_plans_forest_static_batch_62&utm_content=pin_11869_57-60A_plans&utm_term=proekty-domov-s-planirovkami,,"проект дома 57-60A, проект дома 234,11 м², планировка дома, планы этажей, готовый проект дома, оригинальная планировка, газобетон, catalog-plans.ru"
"Проект дома №40-71BGL площадью 175,66 м² с планировками",https://raw.githubusercontent.com/nemchenik/test/6ba2fe170429aaf58e1b7a4bc220779b82af6c60/pinterest/generated_batch_63_floor_plans_minimal_static/40-71BGL.jpg,Современные проекты домов,,"Проект дома №40-71BGL: площадь 175,66 м², 2 этажа, габариты 9.3×14.4 м, материал стен — газобетон. На карточке показаны оригинальные планировки этажей. Сохраните планы дома и откройте проект, чтобы узнать подробности и актуальную стоимость.",https://catalog-plans.ru/catalog/40-71BGL?utm_source=pinterest&utm_medium=organic&utm_campaign=generated_floor_plans_minimal_static_batch_63&utm_content=pin_12069_40-71BGL_plans&utm_term=proekty-domov-s-planirovkami,,"проект дома 40-71BGL, проект дома 175,66 м², планировка дома, планы этажей, готовый проект дома, оригинальная планировка, газобетон, catalog-plans.ru"
"Проект дома №56-97K площадью 161,26 м² с планировками",https://raw.githubusercontent.com/nemchenik/test/6ba2fe170429aaf58e1b7a4bc220779b82af6c60/pinterest/generated_batch_61_floor_plans_sunset_static/56-97K.jpg,Планы домов и коттеджей,,"Проект дома №56-97K: площадь 161,26 м², 2 этажа, габариты 12.36×12.4 м, материал стен — кирпич. На карточке показаны оригинальные планировки этажей. Сохраните планы дома и откройте проект, чтобы узнать подробности и актуальную стоимость.",https://catalog-plans.ru/catalog/56-97K?utm_source=pinterest&utm_medium=organic&utm_campaign=generated_floor_plans_sunset_static_batch_61&utm_content=pin_11670_56-97K_plans&utm_term=proekty-domov-s-planirovkami,,"проект дома 56-97K, проект дома 161,26 м², планировка дома, планы этажей, готовый проект дома, оригинальная планировка, кирпич, catalog-plans.ru"
"Проект дома №72-20 площадью 148,6 м² с планировками",https://raw.githubusercontent.com/nemchenik/test/6ba2fe170429aaf58e1b7a4bc220779b82af6c60/pinterest/generated_batch_62_floor_plans_forest_static/72-20.jpg,Удобные планировки домов,,"Проект дома №72-20: площадь 148,6 м², 2 этажа, габариты 11.52×13.16 м, материал стен — газобетон. На карточке показаны оригинальные планировки этажей. Сохраните планы дома и откройте проект, чтобы узнать подробности и актуальную стоимость.",https://catalog-plans.ru/catalog/72-20?utm_source=pinterest&utm_medium=organic&utm_campaign=generated_floor_plans_forest_static_batch_62&utm_content=pin_11870_72-20_plans&utm_term=proekty-domov-s-planirovkami,,"проект дома 72-20, проект дома 148,6 м², планировка дома, планы этажей, готовый проект дома, оригинальная планировка, газобетон, catalog-plans.ru"
"Проект дома №58-70AZ площадью 117,77 м² с планировками",https://raw.githubusercontent.com/nemchenik/test/6ba2fe170429aaf58e1b7a4bc220779b82af6c60/pinterest/generated_batch_63_floor_plans_minimal_static/58-70AZ.jpg,Современные проекты домов,,"Проект дома №58-70AZ: площадь 117,77 м², 1 этаж, габариты 11.9×13.9 м, материал стен — газобетон. На карточке показаны оригинальные планировки этажей. Сохраните планы дома и откройте проект, чтобы узнать подробности и актуальную стоимость.",https://catalog-plans.ru/catalog/58-70AZ?utm_source=pinterest&utm_medium=organic&utm_campaign=generated_floor_plans_minimal_static_batch_63&utm_content=pin_12070_58-70AZ_plans&utm_term=proekty-domov-s-planirovkami,,"проект дома 58-70AZ, проект дома 117,77 м², планировка дома, планы этажей, готовый проект дома, оригинальная планировка, газобетон, catalog-plans.ru"
"Проект дома №65-10 площадью 132,7 м² с планировками",https://raw.githubusercontent.com/nemchenik/test/6ba2fe170429aaf58e1b7a4bc220779b82af6c60/pinterest/generated_batch_61_floor_plans_sunset_static/65-10.jpg,Планы домов и коттеджей,,"Проект дома №65-10: площадь 132,7 м², 1 этаж, габариты 12.37×16.45 м, материал стен — газобетон. На карточке показаны оригинальные планировки этажей. Сохраните планы дома и откройте проект, чтобы узнать подробности и актуальную стоимость.",https://catalog-plans.ru/catalog/65-10?utm_source=pinterest&utm_medium=organic&utm_campaign=generated_floor_plans_sunset_static_batch_61&utm_content=pin_11671_65-10_plans&utm_term=proekty-domov-s-planirovkami,,"проект дома 65-10, проект дома 132,7 м², планировка дома, планы этажей, готовый проект дома, оригинальная планировка, газобетон, catalog-plans.ru"
"Проект дома №62-33AF площадью 251,23 м² с планировками",https://raw.githubusercontent.com/nemchenik/test/6ba2fe170429aaf58e1b7a4bc220779b82af6c60/pinterest/generated_batch_62_floor_plans_forest_static/62-33AF.jpg,Удобные планировки домов,,"Проект дома №62-33AF: площадь 251,23 м², 2 этажа, габариты 11.9×14.1 м, материал стен — газобетон. На карточке показаны оригинальные планировки этажей. Сохраните планы дома и откройте проект, чтобы узнать подробности и актуальную стоимость.",https://catalog-plans.ru/catalog/62-33AF?utm_source=pinterest&utm_medium=organic&utm_campaign=generated_floor_plans_forest_static_batch_62&utm_content=pin_11871_62-33AF_plans&utm_term=proekty-domov-s-planirovkami,,"проект дома 62-33AF, проект дома 251,23 м², планировка дома, планы этажей, готовый проект дома, оригинальная планировка, газобетон, catalog-plans.ru"
"Проект дома №40-34G площадью 257,91 м² с планировками",https://raw.githubusercontent.com/nemchenik/test/6ba2fe170429aaf58e1b7a4bc220779b82af6c60/pinterest/generated_batch_63_floor_plans_minimal_static/40-34G.jpg,Современные проекты домов,,"Проект дома №40-34G: площадь 257,91 м², 2 этажа, габариты 12.71×16.48 м, материал стен — газобетон. На карточке показаны оригинальные планировки этажей. Сохраните планы дома и откройте проект, чтобы узнать подробности и актуальную стоимость.",https://catalog-plans.ru/catalog/40-34G?utm_source=pinterest&utm_medium=organic&utm_campaign=generated_floor_plans_minimal_static_batch_63&utm_content=pin_12071_40-34G_plans&utm_term=proekty-domov-s-planirovkami,,"проект дома 40-34G, проект дома 257,91 м², планировка дома, планы этажей, готовый проект дома, оригинальная планировка, газобетон, catalog-plans.ru"
Проект дома №36-64 площадью 037 м² с планировками,https://raw.githubusercontent.com/nemchenik/test/6ba2fe170429aaf58e1b7a4bc220779b82af6c60/pinterest/generated_batch_61_floor_plans_sunset_static/36-64.jpg,Планы домов и коттеджей,,"Проект дома №36-64: площадь 037 м², 2 этажа, габариты 27.23×36.78 м, материал стен — кирпича 1. На карточке показаны оригинальные планировки этажей. Сохраните планы дома и откройте проект, чтобы узнать подробности и актуальную стоимость.",https://catalog-plans.ru/catalog/36-64?utm_source=pinterest&utm_medium=organic&utm_campaign=generated_floor_plans_sunset_static_batch_61&utm_content=pin_11672_36-64_plans&utm_term=proekty-domov-s-planirovkami,,"проект дома 36-64, проект дома 037 м², планировка дома, планы этажей, готовый проект дома, оригинальная планировка, кирпича 1, catalog-plans.ru"
"Проект дома №48-68KB площадью 105,92 м² с планировками",https://raw.githubusercontent.com/nemchenik/test/6ba2fe170429aaf58e1b7a4bc220779b82af6c60/pinterest/generated_batch_62_floor_plans_forest_static/48-68KB.jpg,Удобные планировки домов,,"Проект дома №48-68KB: площадь 105,92 м², 2 этажа, габариты 8.48×10.88 м, материал стен — монолитный каркас. На карточке показаны оригинальные планировки этажей. Сохраните планы дома и откройте проект, чтобы узнать подробности и актуальную стоимость.",https://catalog-plans.ru/catalog/48-68KB?utm_source=pinterest&utm_medium=organic&utm_campaign=generated_floor_plans_forest_static_batch_62&utm_content=pin_11872_48-68KB_plans&utm_term=proekty-domov-s-planirovkami,,"проект дома 48-68KB, проект дома 105,92 м², планировка дома, планы этажей, готовый проект дома, оригинальная планировка, монолитный каркас, catalog-plans.ru"
"Проект дома №47-74 площадью 254,4 м² с планировками",https://raw.githubusercontent.com/nemchenik/test/6ba2fe170429aaf58e1b7a4bc220779b82af6c60/pinterest/generated_batch_63_floor_plans_minimal_static/47-74.jpg,Современные проекты домов,,"Проект дома №47-74: площадь 254,4 м², 2 этажа, габариты 10.2×15.9 м, материал стен — газобетон. На карточке показаны оригинальные планировки этажей. Сохраните планы дома и откройте проект, чтобы узнать подробности и актуальную стоимость.",https://catalog-plans.ru/catalog/47-74?utm_source=pinterest&utm_medium=organic&utm_campaign=generated_floor_plans_minimal_static_batch_63&utm_content=pin_12072_47-74_plans&utm_term=proekty-domov-s-planirovkami,,"проект дома 47-74, проект дома 254,4 м², планировка дома, планы этажей, готовый проект дома, оригинальная планировка, газобетон, catalog-plans.ru"
"Проект дома №57-78K площадью 231,77 м² с планировками",https://raw.githubusercontent.com/nemchenik/test/6ba2fe170429aaf58e1b7a4bc220779b82af6c60/pinterest/generated_batch_61_floor_plans_sunset_static/57-78K.jpg,Планы домов и коттеджей,,"Проект дома №57-78K: площадь 231,77 м², 3 этажа, габариты 12.48×13.48 м, материал стен — кирпич. На карточке показаны оригинальные планировки этажей. Сохраните планы дома и откройте проект, чтобы узнать подробности и актуальную стоимость.",https://catalog-plans.ru/catalog/57-78K?utm_source=pinterest&utm_medium=organic&utm_campaign=generated_floor_plans_sunset_static_batch_61&utm_content=pin_11673_57-78K_plans&utm_term=proekty-domov-s-planirovkami,,"проект дома 57-78K, проект дома 231,77 м², планировка дома, планы этажей, готовый проект дома, оригинальная планировка, кирпич, catalog-plans.ru"
"Проект дома №58-59EL площадью 85,81 м² с планировками",https://raw.githubusercontent.com/nemchenik/test/6ba2fe170429aaf58e1b7a4bc220779b82af6c60/pinterest/generated_batch_62_floor_plans_forest_static/58-59EL.jpg,Удобные планировки домов,,"Проект дома №58-59EL: площадь 85,81 м², 2 этажа, габариты 8.2×8.2 м, материал стен — газобетон. На карточке показаны оригинальные планировки этажей. Сохраните планы дома и откройте проект, чтобы узнать подробности и актуальную стоимость.",https://catalog-plans.ru/catalog/58-59EL?utm_source=pinterest&utm_medium=organic&utm_campaign=generated_floor_plans_forest_static_batch_62&utm_content=pin_11873_58-59EL_plans&utm_term=proekty-domov-s-planirovkami,,"проект дома 58-59EL, проект дома 85,81 м², планировка дома, планы этажей, готовый проект дома, оригинальная планировка, газобетон, catalog-plans.ru"
"Проект дома №46-08TABAXL площадью 294,05 м² с планировками",https://raw.githubusercontent.com/nemchenik/test/6ba2fe170429aaf58e1b7a4bc220779b82af6c60/pinterest/generated_batch_63_floor_plans_minimal_static/46-08TABAXL.jpg,Современные проекты домов,,"Проект дома №46-08TABAXL: площадь 294,05 м², 2 этажа, габариты 13.75×17.16 м, материал стен — арболитовые блоки 400. На карточке показаны оригинальные планировки этажей. Сохраните планы дома и откройте проект, чтобы узнать подробности и актуальную стоимость.",https://catalog-plans.ru/catalog/46-08TABAXL?utm_source=pinterest&utm_medium=organic&utm_campaign=generated_floor_plans_minimal_static_batch_63&utm_content=pin_12073_46-08TABAXL_plans&utm_term=proekty-domov-s-planirovkami,,"проект дома 46-08TABAXL, проект дома 294,05 м², планировка дома, планы этажей, готовый проект дома, оригинальная планировка, арболитовые блоки 400, catalog-plans.ru"
"Проект дома №40-53AL площадью 407,83 м² с планировками",https://raw.githubusercontent.com/nemchenik/test/6ba2fe170429aaf58e1b7a4bc220779b82af6c60/pinterest/generated_batch_61_floor_plans_sunset_static/40-53AL.jpg,Планы домов и коттеджей,,"Проект дома №40-53AL: площадь 407,83 м², 2 этажа, габариты 16.16×16.63 м, материал стен — кирпич. На карточке показаны оригинальные планировки этажей. Сохраните планы дома и откройте проект, чтобы узнать подробности и актуальную стоимость.",https://catalog-plans.ru/catalog/40-53AL?utm_source=pinterest&utm_medium=organic&utm_campaign=generated_floor_plans_sunset_static_batch_61&utm_content=pin_11674_40-53AL_plans&utm_term=proekty-domov-s-planirovkami,,"проект дома 40-53AL, проект дома 407,83 м², планировка дома, планы этажей, готовый проект дома, оригинальная планировка, кирпич, catalog-plans.ru"
"Проект дома №40-07DL площадью 185,77 м² с планировками",https://raw.githubusercontent.com/nemchenik/test/6ba2fe170429aaf58e1b7a4bc220779b82af6c60/pinterest/generated_batch_62_floor_plans_forest_static/40-07DL.jpg,Удобные планировки домов,,"Проект дома №40-07DL: площадь 185,77 м², 2 этажа, габариты 11.62×11.62 м, материал стен — кирпич. На карточке показаны оригинальные планировки этажей. Сохраните планы дома и откройте проект, чтобы узнать подробности и актуальную стоимость.",https://catalog-plans.ru/catalog/40-07DL?utm_source=pinterest&utm_medium=organic&utm_campaign=generated_floor_plans_forest_static_batch_62&utm_content=pin_11874_40-07DL_plans&utm_term=proekty-domov-s-planirovkami,,"проект дома 40-07DL, проект дома 185,77 м², планировка дома, планы этажей, готовый проект дома, оригинальная планировка, кирпич, catalog-plans.ru"
"Проект дома №57-28CKL площадью 436,18 м² с планировками",https://raw.githubusercontent.com/nemchenik/test/6ba2fe170429aaf58e1b7a4bc220779b82af6c60/pinterest/generated_batch_63_floor_plans_minimal_static/57-28CKL.jpg,Современные проекты домов,,"Проект дома №57-28CKL: площадь 436,18 м², 3 этажа, габариты 13.57×16.44 м, материал стен — кирпич. На карточке показаны оригинальные планировки этажей. Сохраните планы дома и откройте проект, чтобы узнать подробности и актуальную стоимость.",https://catalog-plans.ru/catalog/57-28CKL?utm_source=pinterest&utm_medium=organic&utm_campaign=generated_floor_plans_minimal_static_batch_63&utm_content=pin_12074_57-28CKL_plans&utm_term=proekty-domov-s-planirovkami,,"проект дома 57-28CKL, проект дома 436,18 м², планировка дома, планы этажей, готовый проект дома, оригинальная планировка, кирпич, catalog-plans.ru"
"Проект дома №57-66 площадью 273,85 м² с планировками",https://raw.githubusercontent.com/nemchenik/test/6ba2fe170429aaf58e1b7a4bc220779b82af6c60/pinterest/generated_batch_61_floor_plans_sunset_static/57-66.jpg,Планы домов и коттеджей,,"Проект дома №57-66: площадь 273,85 м², 2 этажа, габариты 11.64×13.36 м, материал стен — газобетон. На карточке показаны оригинальные планировки этажей. Сохраните планы дома и откройте проект, чтобы узнать подробности и актуальную стоимость.",https://catalog-plans.ru/catalog/57-66?utm_source=pinterest&utm_medium=organic&utm_campaign=generated_floor_plans_sunset_static_batch_61&utm_content=pin_11675_57-66_plans&utm_term=proekty-domov-s-planirovkami,,"проект дома 57-66, проект дома 273,85 м², планировка дома, планы этажей, готовый проект дома, оригинальная планировка, газобетон, catalog-plans.ru"
"Проект дома №72-40 площадью 352,38 м² с планировками",https://raw.githubusercontent.com/nemchenik/test/6ba2fe170429aaf58e1b7a4bc220779b82af6c60/pinterest/generated_batch_62_floor_plans_forest_static/72-40.jpg,Удобные планировки домов,,"Проект дома №72-40: площадь 352,38 м², 2 этажа, габариты 12.54×20.72 м, материал стен — газобетон. На карточке показаны оригинальные планировки этажей. Сохраните планы дома и откройте проект, чтобы узнать подробности и актуальную стоимость.",https://catalog-plans.ru/catalog/72-40?utm_source=pinterest&utm_medium=organic&utm_campaign=generated_floor_plans_forest_static_batch_62&utm_content=pin_11875_72-40_plans&utm_term=proekty-domov-s-planirovkami,,"проект дома 72-40, проект дома 352,38 м², планировка дома, планы этажей, готовый проект дома, оригинальная планировка, газобетон, catalog-plans.ru"
"Проект дома №80-18 площадью 203,52 м² с планировками",https://raw.githubusercontent.com/nemchenik/test/6ba2fe170429aaf58e1b7a4bc220779b82af6c60/pinterest/generated_batch_63_floor_plans_minimal_static/80-18.jpg,Современные проекты домов,,"Проект дома №80-18: площадь 203,52 м², 2 этажа, габариты 10.72×14.26 м, материал стен — кирпич. На карточке показаны оригинальные планировки этажей. Сохраните планы дома и откройте проект, чтобы узнать подробности и актуальную стоимость.",https://catalog-plans.ru/catalog/80-18?utm_source=pinterest&utm_medium=organic&utm_campaign=generated_floor_plans_minimal_static_batch_63&utm_content=pin_12075_80-18_plans&utm_term=proekty-domov-s-planirovkami,,"проект дома 80-18, проект дома 203,52 м², планировка дома, планы этажей, готовый проект дома, оригинальная планировка, кирпич, catalog-plans.ru"
"Проект дома №13-55 площадью 101,23 м² с планировками",https://raw.githubusercontent.com/nemchenik/test/6ba2fe170429aaf58e1b7a4bc220779b82af6c60/pinterest/generated_batch_61_floor_plans_sunset_static/13-55.jpg,Планы домов и коттеджей,,"Проект дома №13-55: площадь 101,23 м², 2 этажа, габариты 7.4×7.4 м, материал стен — дерево. На карточке показаны оригинальные планировки этажей. Сохраните планы дома и откройте проект, чтобы узнать подробности и актуальную стоимость.",https://catalog-plans.ru/catalog/13-55?utm_source=pinterest&utm_medium=organic&utm_campaign=generated_floor_plans_sunset_static_batch_61&utm_content=pin_11676_13-55_plans&utm_term=proekty-domov-s-planirovkami,,"проект дома 13-55, проект дома 101,23 м², планировка дома, планы этажей, готовый проект дома, оригинальная планировка, дерево, catalog-plans.ru"
"Проект дома №57-98 площадью 177,14 м² с планировками",https://raw.githubusercontent.com/nemchenik/test/6ba2fe170429aaf58e1b7a4bc220779b82af6c60/pinterest/generated_batch_62_floor_plans_forest_static/57-98.jpg,Удобные планировки домов,,"Проект дома №57-98: площадь 177,14 м², 2 этажа, габариты 11.6×14.1 м, материал стен — газобетон. На карточке показаны оригинальные планировки этажей. Сохраните планы дома и откройте проект, чтобы узнать подробности и актуальную стоимость.",https://catalog-plans.ru/catalog/57-98?utm_source=pinterest&utm_medium=organic&utm_campaign=generated_floor_plans_forest_static_batch_62&utm_content=pin_11876_57-98_plans&utm_term=proekty-domov-s-planirovkami,,"проект дома 57-98, проект дома 177,14 м², планировка дома, планы этажей, готовый проект дома, оригинальная планировка, газобетон, catalog-plans.ru"
"Проект дома №57-51 площадью 110,98 м² с планировками",https://raw.githubusercontent.com/nemchenik/test/6ba2fe170429aaf58e1b7a4bc220779b82af6c60/pinterest/generated_batch_63_floor_plans_minimal_static/57-51.jpg,Современные проекты домов,,"Проект дома №57-51: площадь 110,98 м², 2 этажа, габариты 8.9×10.4 м, материал стен — газобетон. На карточке показаны оригинальные планировки этажей. Сохраните планы дома и откройте проект, чтобы узнать подробности и актуальную стоимость.",https://catalog-plans.ru/catalog/57-51?utm_source=pinterest&utm_medium=organic&utm_campaign=generated_floor_plans_minimal_static_batch_63&utm_content=pin_12076_57-51_plans&utm_term=proekty-domov-s-planirovkami,,"проект дома 57-51, проект дома 110,98 м², планировка дома, планы этажей, готовый проект дома, оригинальная планировка, газобетон, catalog-plans.ru"
"Проект дома №57-63BAL площадью 207,62 м² с планировками",https://raw.githubusercontent.com/nemchenik/test/6ba2fe170429aaf58e1b7a4bc220779b82af6c60/pinterest/generated_batch_61_floor_plans_sunset_static/57-63BAL.jpg,Планы домов и коттеджей,,"Проект дома №57-63BAL: площадь 207,62 м², 2 этажа, габариты 10.1×17.1 м, материал стен — газобетон. На карточке показаны оригинальные планировки этажей. Сохраните планы дома и откройте проект, чтобы узнать подробности и актуальную стоимость.",https://catalog-plans.ru/catalog/57-63BAL?utm_source=pinterest&utm_medium=organic&utm_campaign=generated_floor_plans_sunset_static_batch_61&utm_content=pin_11677_57-63BAL_plans&utm_term=proekty-domov-s-planirovkami,,"проект дома 57-63BAL, проект дома 207,62 м², планировка дома, планы этажей, готовый проект дома, оригинальная планировка, газобетон, catalog-plans.ru"
"Проект дома №57-48 площадью 263,57 м² с планировками",https://raw.githubusercontent.com/nemchenik/test/6ba2fe170429aaf58e1b7a4bc220779b82af6c60/pinterest/generated_batch_62_floor_plans_forest_static/57-48.jpg,Удобные планировки домов,,"Проект дома №57-48: площадь 263,57 м², 2 этажа, габариты 13.85×14.26 м, материал стен — газобетон. На карточке показаны оригинальные планировки этажей. Сохраните планы дома и откройте проект, чтобы узнать подробности и актуальную стоимость.",https://catalog-plans.ru/catalog/57-48?utm_source=pinterest&utm_medium=organic&utm_campaign=generated_floor_plans_forest_static_batch_62&utm_content=pin_11877_57-48_plans&utm_term=proekty-domov-s-planirovkami,,"проект дома 57-48, проект дома 263,57 м², планировка дома, планы этажей, готовый проект дома, оригинальная планировка, газобетон, catalog-plans.ru"
"Проект дома №51-45 площадью 253,3 м² с планировками",https://raw.githubusercontent.com/nemchenik/test/6ba2fe170429aaf58e1b7a4bc220779b82af6c60/pinterest/generated_batch_63_floor_plans_minimal_static/51-45.jpg,Современные проекты домов,,"Проект дома №51-45: площадь 253,3 м², 3 этажа, габариты 11.1×11.9 м, материал стен — ячеистые бетонные блоки. На карточке показаны оригинальные планировки этажей. Сохраните планы дома и откройте проект, чтобы узнать подробности и актуальную стоимость.",https://catalog-plans.ru/catalog/51-45?utm_source=pinterest&utm_medium=organic&utm_campaign=generated_floor_plans_minimal_static_batch_63&utm_content=pin_12077_51-45_plans&utm_term=proekty-domov-s-planirovkami,,"проект дома 51-45, проект дома 253,3 м², планировка дома, планы этажей, готовый проект дома, оригинальная планировка, ячеистые бетонные блоки, catalog-plans.ru"
Проект дома №75-06 площадью 249 м² с планировками,https://raw.githubusercontent.com/nemchenik/test/6ba2fe170429aaf58e1b7a4bc220779b82af6c60/pinterest/generated_batch_61_floor_plans_sunset_static/75-06.jpg,Планы домов и коттеджей,,"Проект дома №75-06: площадь 249 м², 2 этажа, габариты 9.6×14 м, материал стен — газобетон. На карточке показаны оригинальные планировки этажей. Сохраните планы дома и откройте проект, чтобы узнать подробности и актуальную стоимость.",https://catalog-plans.ru/catalog/75-06?utm_source=pinterest&utm_medium=organic&utm_campaign=generated_floor_plans_sunset_static_batch_61&utm_content=pin_11678_75-06_plans&utm_term=proekty-domov-s-planirovkami,,"проект дома 75-06, проект дома 249 м², планировка дома, планы этажей, готовый проект дома, оригинальная планировка, газобетон, catalog-plans.ru"
"Проект дома №61-46 площадью 108,6 м² с планировками",https://raw.githubusercontent.com/nemchenik/test/6ba2fe170429aaf58e1b7a4bc220779b82af6c60/pinterest/generated_batch_62_floor_plans_forest_static/61-46.jpg,Удобные планировки домов,,"Проект дома №61-46: площадь 108,6 м², 1 этаж, габариты 9.86×14.86 м, материал стен — газобетон. На карточке показаны оригинальные планировки этажей. Сохраните планы дома и откройте проект, чтобы узнать подробности и актуальную стоимость.",https://catalog-plans.ru/catalog/61-46?utm_source=pinterest&utm_medium=organic&utm_campaign=generated_floor_plans_forest_static_batch_62&utm_content=pin_11878_61-46_plans&utm_term=proekty-domov-s-planirovkami,,"проект дома 61-46, проект дома 108,6 м², планировка дома, планы этажей, готовый проект дома, оригинальная планировка, газобетон, catalog-plans.ru"
"Проект дома №32-42 площадью 213,2 м² с планировками",https://raw.githubusercontent.com/nemchenik/test/6ba2fe170429aaf58e1b7a4bc220779b82af6c60/pinterest/generated_batch_63_floor_plans_minimal_static/32-42.jpg,Современные проекты домов,,"Проект дома №32-42: площадь 213,2 м², 2 этажа, габариты 10.4×12 м, материал стен — кирпич. На карточке показаны оригинальные планировки этажей. Сохраните планы дома и откройте проект, чтобы узнать подробности и актуальную стоимость.",https://catalog-plans.ru/catalog/32-42?utm_source=pinterest&utm_medium=organic&utm_campaign=generated_floor_plans_minimal_static_batch_63&utm_content=pin_12078_32-42_plans&utm_term=proekty-domov-s-planirovkami,,"проект дома 32-42, проект дома 213,2 м², планировка дома, планы этажей, готовый проект дома, оригинальная планировка, кирпич, catalog-plans.ru"
"Проект дома №57-00F площадью 187,94 м² с планировками",https://raw.githubusercontent.com/nemchenik/test/6ba2fe170429aaf58e1b7a4bc220779b82af6c60/pinterest/generated_batch_61_floor_plans_sunset_static/57-00F.jpg,Планы домов и коттеджей,,"Проект дома №57-00F: площадь 187,94 м², 2 этажа, габариты 12.5×12.95 м, материал стен — газобетон. На карточке показаны оригинальные планировки этажей. Сохраните планы дома и откройте проект, чтобы узнать подробности и актуальную стоимость.",https://catalog-plans.ru/catalog/57-00F?utm_source=pinterest&utm_medium=organic&utm_campaign=generated_floor_plans_sunset_static_batch_61&utm_content=pin_11679_57-00F_plans&utm_term=proekty-domov-s-planirovkami,,"проект дома 57-00F, проект дома 187,94 м², планировка дома, планы этажей, готовый проект дома, оригинальная планировка, газобетон, catalog-plans.ru"
"Проект дома №45-25 площадью 383,94 м² с планировками",https://raw.githubusercontent.com/nemchenik/test/6ba2fe170429aaf58e1b7a4bc220779b82af6c60/pinterest/generated_batch_62_floor_plans_forest_static/45-25.jpg,Удобные планировки домов,,"Проект дома №45-25: площадь 383,94 м², 2 этажа, габариты 15.69×37 м, материал стен — кирпич. На карточке показаны оригинальные планировки этажей. Сохраните планы дома и откройте проект, чтобы узнать подробности и актуальную стоимость.",https://catalog-plans.ru/catalog/45-25?utm_source=pinterest&utm_medium=organic&utm_campaign=generated_floor_plans_forest_static_batch_62&utm_content=pin_11879_45-25_plans&utm_term=proekty-domov-s-planirovkami,,"проект дома 45-25, проект дома 383,94 м², планировка дома, планы этажей, готовый проект дома, оригинальная планировка, кирпич, catalog-plans.ru"
"Проект дома №51-50 площадью 103,3 м² с планировками",https://raw.githubusercontent.com/nemchenik/test/6ba2fe170429aaf58e1b7a4bc220779b82af6c60/pinterest/generated_batch_63_floor_plans_minimal_static/51-50.jpg,Современные проекты домов,,"Проект дома №51-50: площадь 103,3 м², 2 этажа, габариты 6.9×10.5 м, материал стен — газобетон. На карточке показаны оригинальные планировки этажей. Сохраните планы дома и откройте проект, чтобы узнать подробности и актуальную стоимость.",https://catalog-plans.ru/catalog/51-50?utm_source=pinterest&utm_medium=organic&utm_campaign=generated_floor_plans_minimal_static_batch_63&utm_content=pin_12079_51-50_plans&utm_term=proekty-domov-s-planirovkami,,"проект дома 51-50, проект дома 103,3 м², планировка дома, планы этажей, готовый проект дома, оригинальная планировка, газобетон, catalog-plans.ru"
"Проект дома №47-41 площадью 211,3 м² с планировками",https://raw.githubusercontent.com/nemchenik/test/6ba2fe170429aaf58e1b7a4bc220779b82af6c60/pinterest/generated_batch_61_floor_plans_sunset_static/47-41.jpg,Планы домов и коттеджей,,"Проект дома №47-41: площадь 211,3 м², 2 этажа, габариты 15.6×17.6 м, материал стен — кирпич. На карточке показаны оригинальные планировки этажей. Сохраните планы дома и откройте проект, чтобы узнать подробности и актуальную стоимость.",https://catalog-plans.ru/catalog/47-41?utm_source=pinterest&utm_medium=organic&utm_campaign=generated_floor_plans_sunset_static_batch_61&utm_content=pin_11680_47-41_plans&utm_term=proekty-domov-s-planirovkami,,"проект дома 47-41, проект дома 211,3 м², планировка дома, планы этажей, готовый проект дома, оригинальная планировка, кирпич, catalog-plans.ru"
"Проект дома №40-68 площадью 307,96 м² с планировками",https://raw.githubusercontent.com/nemchenik/test/6ba2fe170429aaf58e1b7a4bc220779b82af6c60/pinterest/generated_batch_62_floor_plans_forest_static/40-68.jpg,Удобные планировки домов,,"Проект дома №40-68: площадь 307,96 м², 2 этажа, габариты 13.91×20.32 м, материал стен — кирпич. На карточке показаны оригинальные планировки этажей. Сохраните планы дома и откройте проект, чтобы узнать подробности и актуальную стоимость.",https://catalog-plans.ru/catalog/40-68?utm_source=pinterest&utm_medium=organic&utm_campaign=generated_floor_plans_forest_static_batch_62&utm_content=pin_11880_40-68_plans&utm_term=proekty-domov-s-planirovkami,,"проект дома 40-68, проект дома 307,96 м², планировка дома, планы этажей, готовый проект дома, оригинальная планировка, кирпич, catalog-plans.ru"
"Проект дома №63-24 площадью 147,53 м² с планировками",https://raw.githubusercontent.com/nemchenik/test/6ba2fe170429aaf58e1b7a4bc220779b82af6c60/pinterest/generated_batch_63_floor_plans_minimal_static/63-24.jpg,Современные проекты домов,,"Проект дома №63-24: площадь 147,53 м², 2 этажа, габариты 9.8×15.1 м, материал стен — керамзитобетон. На карточке показаны оригинальные планировки этажей. Сохраните планы дома и откройте проект, чтобы узнать подробности и актуальную стоимость.",https://catalog-plans.ru/catalog/63-24?utm_source=pinterest&utm_medium=organic&utm_campaign=generated_floor_plans_minimal_static_batch_63&utm_content=pin_12080_63-24_plans&utm_term=proekty-domov-s-planirovkami,,"проект дома 63-24, проект дома 147,53 м², планировка дома, планы этажей, готовый проект дома, оригинальная планировка, керамзитобетон, catalog-plans.ru"
"Проект дома №57-05AFA площадью 153,97 м² с планировками",https://raw.githubusercontent.com/nemchenik/test/6ba2fe170429aaf58e1b7a4bc220779b82af6c60/pinterest/generated_batch_61_floor_plans_sunset_static/57-05AFA.jpg,Планы домов и коттеджей,,"Проект дома №57-05AFA: площадь 153,97 м², 2 этажа, габариты 10.5×10.5 м, материал стен — газобетон. На карточке показаны оригинальные планировки этажей. Сохраните планы дома и откройте проект, чтобы узнать подробности и актуальную стоимость.",https://catalog-plans.ru/catalog/57-05AFA?utm_source=pinterest&utm_medium=organic&utm_campaign=generated_floor_plans_sunset_static_batch_61&utm_content=pin_11681_57-05AFA_plans&utm_term=proekty-domov-s-planirovkami,,"проект дома 57-05AFA, проект дома 153,97 м², планировка дома, планы этажей, готовый проект дома, оригинальная планировка, газобетон, catalog-plans.ru"
"Проект дома №59-94CEDRAL площадью 120,02 м² с планировками",https://raw.githubusercontent.com/nemchenik/test/6ba2fe170429aaf58e1b7a4bc220779b82af6c60/pinterest/generated_batch_62_floor_plans_forest_static/59-94CEDRAL.jpg,Удобные планировки домов,,"Проект дома №59-94CEDRAL: площадь 120,02 м², 2 этажа, габариты 9.6×10.8 м, материал стен — газобетон. На карточке показаны оригинальные планировки этажей. Сохраните планы дома и откройте проект, чтобы узнать подробности и актуальную стоимость.",https://catalog-plans.ru/catalog/59-94CEDRAL?utm_source=pinterest&utm_medium=organic&utm_campaign=generated_floor_plans_forest_static_batch_62&utm_content=pin_11881_59-94CEDRAL_plans&utm_term=proekty-domov-s-planirovkami,,"проект дома 59-94CEDRAL, проект дома 120,02 м², планировка дома, планы этажей, готовый проект дома, оригинальная планировка, газобетон, catalog-plans.ru"
"Проект дома №49-89 площадью 290,3 м² с планировками",https://raw.githubusercontent.com/nemchenik/test/6ba2fe170429aaf58e1b7a4bc220779b82af6c60/pinterest/generated_batch_63_floor_plans_minimal_static/49-89.jpg,Современные проекты домов,,"Проект дома №49-89: площадь 290,3 м², 2 этажа, габариты 10.8×12.2 м, материал стен — натурального камня. На карточке показаны оригинальные планировки этажей. Сохраните планы дома и откройте проект, чтобы узнать подробности и актуальную стоимость.",https://catalog-plans.ru/catalog/49-89?utm_source=pinterest&utm_medium=organic&utm_campaign=generated_floor_plans_minimal_static_batch_63&utm_content=pin_12081_49-89_plans&utm_term=proekty-domov-s-planirovkami,,"проект дома 49-89, проект дома 290,3 м², планировка дома, планы этажей, готовый проект дома, оригинальная планировка, натурального камня, catalog-plans.ru"
"Проект дома №57-63FBAL площадью 227,37 м² с планировками",https://raw.githubusercontent.com/nemchenik/test/6ba2fe170429aaf58e1b7a4bc220779b82af6c60/pinterest/generated_batch_61_floor_plans_sunset_static/57-63FBAL.jpg,Планы домов и коттеджей,,"Проект дома №57-63FBAL: площадь 227,37 м², 2 этажа, габариты 12×16.98 м, материал стен — газобетон. На карточке показаны оригинальные планировки этажей. Сохраните планы дома и откройте проект, чтобы узнать подробности и актуальную стоимость.",https://catalog-plans.ru/catalog/57-63FBAL?utm_source=pinterest&utm_medium=organic&utm_campaign=generated_floor_plans_sunset_static_batch_61&utm_content=pin_11682_57-63FBAL_plans&utm_term=proekty-domov-s-planirovkami,,"проект дома 57-63FBAL, проект дома 227,37 м², планировка дома, планы этажей, готовый проект дома, оригинальная планировка, газобетон, catalog-plans.ru"
"Проект дома №40-11L площадью 251,15 м² с планировками",https://raw.githubusercontent.com/nemchenik/test/6ba2fe170429aaf58e1b7a4bc220779b82af6c60/pinterest/generated_batch_62_floor_plans_forest_static/40-11L.jpg,Удобные планировки домов,,"Проект дома №40-11L: площадь 251,15 м², 2 этажа, габариты 14.02×15.06 м, материал стен — кирпич. На карточке показаны оригинальные планировки этажей. Сохраните планы дома и откройте проект, чтобы узнать подробности и актуальную стоимость.",https://catalog-plans.ru/catalog/40-11L?utm_source=pinterest&utm_medium=organic&utm_campaign=generated_floor_plans_forest_static_batch_62&utm_content=pin_11882_40-11L_plans&utm_term=proekty-domov-s-planirovkami,,"проект дома 40-11L, проект дома 251,15 м², планировка дома, планы этажей, готовый проект дома, оригинальная планировка, кирпич, catalog-plans.ru"
"Проект дома №62-00 площадью 191,98 м² с планировками",https://raw.githubusercontent.com/nemchenik/test/6ba2fe170429aaf58e1b7a4bc220779b82af6c60/pinterest/generated_batch_63_floor_plans_minimal_static/62-00.jpg,Современные проекты домов,,"Проект дома №62-00: площадь 191,98 м², 2 этажа, габариты 12.15×12.6 м, материал стен — газобетон. На карточке показаны оригинальные планировки этажей. Сохраните планы дома и откройте проект, чтобы узнать подробности и актуальную стоимость.",https://catalog-plans.ru/catalog/62-00?utm_source=pinterest&utm_medium=organic&utm_campaign=generated_floor_plans_minimal_static_batch_63&utm_content=pin_12082_62-00_plans&utm_term=proekty-domov-s-planirovkami,,"проект дома 62-00, проект дома 191,98 м², планировка дома, планы этажей, готовый проект дома, оригинальная планировка, газобетон, catalog-plans.ru"
"Проект дома №48-24CEDRAL площадью 268,23 м² с планировками",https://raw.githubusercontent.com/nemchenik/test/6ba2fe170429aaf58e1b7a4bc220779b82af6c60/pinterest/generated_batch_61_floor_plans_sunset_static/48-24CEDRAL.jpg,Планы домов и коттеджей,,"Проект дома №48-24CEDRAL: площадь 268,23 м², 2 этажа, габариты 15.71×16.62 м, материал стен — кирпич. На карточке показаны оригинальные планировки этажей. Сохраните планы дома и откройте проект, чтобы узнать подробности и актуальную стоимость.",https://catalog-plans.ru/catalog/48-24CEDRAL?utm_source=pinterest&utm_medium=organic&utm_campaign=generated_floor_plans_sunset_static_batch_61&utm_content=pin_11683_48-24CEDRAL_plans&utm_term=proekty-domov-s-planirovkami,,"проект дома 48-24CEDRAL, проект дома 268,23 м², планировка дома, планы этажей, готовый проект дома, оригинальная планировка, кирпич, catalog-plans.ru"
"Проект дома №45-64NBAX площадью 458,64 м² с планировками",https://raw.githubusercontent.com/nemchenik/test/6ba2fe170429aaf58e1b7a4bc220779b82af6c60/pinterest/generated_batch_62_floor_plans_forest_static/45-64NBAX.jpg,Удобные планировки домов,,"Проект дома №45-64NBAX: площадь 458,64 м², 2 этажа, габариты 17.52×22.11 м, материал стен — монолитный каркас. На карточке показаны оригинальные планировки этажей. Сохраните планы дома и откройте проект, чтобы узнать подробности и актуальную стоимость.",https://catalog-plans.ru/catalog/45-64NBAX?utm_source=pinterest&utm_medium=organic&utm_campaign=generated_floor_plans_forest_static_batch_62&utm_content=pin_11883_45-64NBAX_plans&utm_term=proekty-domov-s-planirovkami,,"проект дома 45-64NBAX, проект дома 458,64 м², планировка дома, планы этажей, готовый проект дома, оригинальная планировка, монолитный каркас, catalog-plans.ru"
"Проект дома №40-05BABKL площадью 123,93 м² с планировками",https://raw.githubusercontent.com/nemchenik/test/6ba2fe170429aaf58e1b7a4bc220779b82af6c60/pinterest/generated_batch_63_floor_plans_minimal_static/40-05BABKL.jpg,Современные проекты домов,,"Проект дома №40-05BABKL: площадь 123,93 м², 2 этажа, габариты 11.13×11.34 м, материал стен — кирпич. На карточке показаны оригинальные планировки этажей. Сохраните планы дома и откройте проект, чтобы узнать подробности и актуальную стоимость.",https://catalog-plans.ru/catalog/40-05BABKL?utm_source=pinterest&utm_medium=organic&utm_campaign=generated_floor_plans_minimal_static_batch_63&utm_content=pin_12083_40-05BABKL_plans&utm_term=proekty-domov-s-planirovkami,,"проект дома 40-05BABKL, проект дома 123,93 м², планировка дома, планы этажей, готовый проект дома, оригинальная планировка, кирпич, catalog-plans.ru"
"Проект дома №63-95W площадью 259,68 м² с планировками",https://raw.githubusercontent.com/nemchenik/test/6ba2fe170429aaf58e1b7a4bc220779b82af6c60/pinterest/generated_batch_61_floor_plans_sunset_static/63-95W.jpg,Планы домов и коттеджей,,"Проект дома №63-95W: площадь 259,68 м², 2 этажа, габариты 13.05×13.8 м, материал стен — газобетон. На карточке показаны оригинальные планировки этажей. Сохраните планы дома и откройте проект, чтобы узнать подробности и актуальную стоимость.",https://catalog-plans.ru/catalog/63-95W?utm_source=pinterest&utm_medium=organic&utm_campaign=generated_floor_plans_sunset_static_batch_61&utm_content=pin_11684_63-95W_plans&utm_term=proekty-domov-s-planirovkami,,"проект дома 63-95W, проект дома 259,68 м², планировка дома, планы этажей, готовый проект дома, оригинальная планировка, газобетон, catalog-plans.ru"
"Проект дома №59-20 площадью 89,17 м² с планировками",https://raw.githubusercontent.com/nemchenik/test/6ba2fe170429aaf58e1b7a4bc220779b82af6c60/pinterest/generated_batch_62_floor_plans_forest_static/59-20.jpg,Удобные планировки домов,,"Проект дома №59-20: площадь 89,17 м², 2 этажа, габариты 8.05×11.9 м, материал стен — газобетон. На карточке показаны оригинальные планировки этажей. Сохраните планы дома и откройте проект, чтобы узнать подробности и актуальную стоимость.",https://catalog-plans.ru/catalog/59-20?utm_source=pinterest&utm_medium=organic&utm_campaign=generated_floor_plans_forest_static_batch_62&utm_content=pin_11884_59-20_plans&utm_term=proekty-domov-s-planirovkami,,"проект дома 59-20, проект дома 89,17 м², планировка дома, планы этажей, готовый проект дома, оригинальная планировка, газобетон, catalog-plans.ru"
"Проект дома №60-82 площадью 145,23 м² с планировками",https://raw.githubusercontent.com/nemchenik/test/6ba2fe170429aaf58e1b7a4bc220779b82af6c60/pinterest/generated_batch_63_floor_plans_minimal_static/60-82.jpg,Современные проекты домов,,"Проект дома №60-82: площадь 145,23 м², 1 этаж, габариты 10×14 м, материал стен — газобетон. На карточке показаны оригинальные планировки этажей. Сохраните планы дома и откройте проект, чтобы узнать подробности и актуальную стоимость.",https://catalog-plans.ru/catalog/60-82?utm_source=pinterest&utm_medium=organic&utm_campaign=generated_floor_plans_minimal_static_batch_63&utm_content=pin_12084_60-82_plans&utm_term=proekty-domov-s-planirovkami,,"проект дома 60-82, проект дома 145,23 м², планировка дома, планы этажей, готовый проект дома, оригинальная планировка, газобетон, catalog-plans.ru"
Проект дома №51-35 площадью 736 м² с планировками,https://raw.githubusercontent.com/nemchenik/test/6ba2fe170429aaf58e1b7a4bc220779b82af6c60/pinterest/generated_batch_61_floor_plans_sunset_static/51-35.jpg,Планы домов и коттеджей,,"Проект дома №51-35: площадь 736 м², 3 этажа, габариты 16.4×23.8 м, материал стен — газобетон. На карточке показаны оригинальные планировки этажей. Сохраните планы дома и откройте проект, чтобы узнать подробности и актуальную стоимость.",https://catalog-plans.ru/catalog/51-35?utm_source=pinterest&utm_medium=organic&utm_campaign=generated_floor_plans_sunset_static_batch_61&utm_content=pin_11685_51-35_plans&utm_term=proekty-domov-s-planirovkami,,"проект дома 51-35, проект дома 736 м², планировка дома, планы этажей, готовый проект дома, оригинальная планировка, газобетон, catalog-plans.ru"
"Проект дома №45-08TA площадью 213,64 м² с планировками",https://raw.githubusercontent.com/nemchenik/test/6ba2fe170429aaf58e1b7a4bc220779b82af6c60/pinterest/generated_batch_62_floor_plans_forest_static/45-08TA.jpg,Удобные планировки домов,,"Проект дома №45-08TA: площадь 213,64 м², 1 этаж, габариты 14.68×23.14 м, материал стен — кирпич. На карточке показаны оригинальные планировки этажей. Сохраните планы дома и откройте проект, чтобы узнать подробности и актуальную стоимость.",https://catalog-plans.ru/catalog/45-08TA?utm_source=pinterest&utm_medium=organic&utm_campaign=generated_floor_plans_forest_static_batch_62&utm_content=pin_11885_45-08TA_plans&utm_term=proekty-domov-s-planirovkami,,"проект дома 45-08TA, проект дома 213,64 м², планировка дома, планы этажей, готовый проект дома, оригинальная планировка, кирпич, catalog-plans.ru"
"Проект дома №64-24BBK площадью 262,84 м² с планировками",https://raw.githubusercontent.com/nemchenik/test/6ba2fe170429aaf58e1b7a4bc220779b82af6c60/pinterest/generated_batch_63_floor_plans_minimal_static/64-24BBK.jpg,Современные проекты домов,,"Проект дома №64-24BBK: площадь 262,84 м², 3 этажа, габариты 15.02×16.67 м, материал стен — кирпич. На карточке показаны оригинальные планировки этажей. Сохраните планы дома и откройте проект, чтобы узнать подробности и актуальную стоимость.",https://catalog-plans.ru/catalog/64-24BBK?utm_source=pinterest&utm_medium=organic&utm_campaign=generated_floor_plans_minimal_static_batch_63&utm_content=pin_12085_64-24BBK_plans&utm_term=proekty-domov-s-planirovkami,,"проект дома 64-24BBK, проект дома 262,84 м², планировка дома, планы этажей, готовый проект дома, оригинальная планировка, кирпич, catalog-plans.ru"
"Проект дома №48-30B площадью 344,8 м² с планировками",https://raw.githubusercontent.com/nemchenik/test/6ba2fe170429aaf58e1b7a4bc220779b82af6c60/pinterest/generated_batch_61_floor_plans_sunset_static/48-30B.jpg,Планы домов и коттеджей,,"Проект дома №48-30B: площадь 344,8 м², 2 этажа, габариты 16.76×23.56 м, материал стен — кирпич. На карточке показаны оригинальные планировки этажей. Сохраните планы дома и откройте проект, чтобы узнать подробности и актуальную стоимость.",https://catalog-plans.ru/catalog/48-30B?utm_source=pinterest&utm_medium=organic&utm_campaign=generated_floor_plans_sunset_static_batch_61&utm_content=pin_11686_48-30B_plans&utm_term=proekty-domov-s-planirovkami,,"проект дома 48-30B, проект дома 344,8 м², планировка дома, планы этажей, готовый проект дома, оригинальная планировка, кирпич, catalog-plans.ru"
"Проект дома №59-51 площадью 138,4 м² с планировками",https://raw.githubusercontent.com/nemchenik/test/6ba2fe170429aaf58e1b7a4bc220779b82af6c60/pinterest/generated_batch_62_floor_plans_forest_static/59-51.jpg,Удобные планировки домов,,"Проект дома №59-51: площадь 138,4 м², 2 этажа, габариты 9.4×9.4 м, материал стен — газобетон. На карточке показаны оригинальные планировки этажей. Сохраните планы дома и откройте проект, чтобы узнать подробности и актуальную стоимость.",https://catalog-plans.ru/catalog/59-51?utm_source=pinterest&utm_medium=organic&utm_campaign=generated_floor_plans_forest_static_batch_62&utm_content=pin_11886_59-51_plans&utm_term=proekty-domov-s-planirovkami,,"проект дома 59-51, проект дома 138,4 м², планировка дома, планы этажей, готовый проект дома, оригинальная планировка, газобетон, catalog-plans.ru"
"Проект дома №60-63 площадью 147,74 м² с планировками",https://raw.githubusercontent.com/nemchenik/test/6ba2fe170429aaf58e1b7a4bc220779b82af6c60/pinterest/generated_batch_63_floor_plans_minimal_static/60-63.jpg,Современные проекты домов,,"Проект дома №60-63: площадь 147,74 м², 2 этажа, габариты 11.1×12.4 м, материал стен — газобетон. На карточке показаны оригинальные планировки этажей. Сохраните планы дома и откройте проект, чтобы узнать подробности и актуальную стоимость.",https://catalog-plans.ru/catalog/60-63?utm_source=pinterest&utm_medium=organic&utm_campaign=generated_floor_plans_minimal_static_batch_63&utm_content=pin_12086_60-63_plans&utm_term=proekty-domov-s-planirovkami,,"проект дома 60-63, проект дома 147,74 м², планировка дома, планы этажей, готовый проект дома, оригинальная планировка, газобетон, catalog-plans.ru"
"Проект дома №57-70 площадью 519,19 м² с планировками",https://raw.githubusercontent.com/nemchenik/test/6ba2fe170429aaf58e1b7a4bc220779b82af6c60/pinterest/generated_batch_61_floor_plans_sunset_static/57-70.jpg,Планы домов и коттеджей,,"Проект дома №57-70: площадь 519,19 м², 3 этажа, габариты 13.09×15.96 м, материал стен — газобетон. На карточке показаны оригинальные планировки этажей. Сохраните планы дома и откройте проект, чтобы узнать подробности и актуальную стоимость.",https://catalog-plans.ru/catalog/57-70?utm_source=pinterest&utm_medium=organic&utm_campaign=generated_floor_plans_sunset_static_batch_61&utm_content=pin_11687_57-70_plans&utm_term=proekty-domov-s-planirovkami,,"проект дома 57-70, проект дома 519,19 м², планировка дома, планы этажей, готовый проект дома, оригинальная планировка, газобетон, catalog-plans.ru"
"Проект дома №57-88 площадью 196,2 м² с планировками",https://raw.githubusercontent.com/nemchenik/test/6ba2fe170429aaf58e1b7a4bc220779b82af6c60/pinterest/generated_batch_62_floor_plans_forest_static/57-88.jpg,Удобные планировки домов,,"Проект дома №57-88: площадь 196,2 м², 2 этажа, габариты 12.1×14.6 м, материал стен — газобетон. На карточке показаны оригинальные планировки этажей. Сохраните планы дома и откройте проект, чтобы узнать подробности и актуальную стоимость.",https://catalog-plans.ru/catalog/57-88?utm_source=pinterest&utm_medium=organic&utm_campaign=generated_floor_plans_forest_static_batch_62&utm_content=pin_11887_57-88_plans&utm_term=proekty-domov-s-planirovkami,,"проект дома 57-88, проект дома 196,2 м², планировка дома, планы этажей, готовый проект дома, оригинальная планировка, газобетон, catalog-plans.ru"
"Проект дома №68-42 площадью 90,48 м² с планировками",https://raw.githubusercontent.com/nemchenik/test/6ba2fe170429aaf58e1b7a4bc220779b82af6c60/pinterest/generated_batch_63_floor_plans_minimal_static/68-42.jpg,Современные проекты домов,,"Проект дома №68-42: площадь 90,48 м², 1 этаж, габариты 9.2×12.2 м, материал стен — газобетон. На карточке показаны оригинальные планировки этажей. Сохраните планы дома и откройте проект, чтобы узнать подробности и актуальную стоимость.",https://catalog-plans.ru/catalog/68-42?utm_source=pinterest&utm_medium=organic&utm_campaign=generated_floor_plans_minimal_static_batch_63&utm_content=pin_12087_68-42_plans&utm_term=proekty-domov-s-planirovkami,,"проект дома 68-42, проект дома 90,48 м², планировка дома, планы этажей, готовый проект дома, оригинальная планировка, газобетон, catalog-plans.ru"
"Проект дома №46-56L площадью 245,15 м² с планировками",https://raw.githubusercontent.com/nemchenik/test/6ba2fe170429aaf58e1b7a4bc220779b82af6c60/pinterest/generated_batch_61_floor_plans_sunset_static/46-56L.jpg,Планы домов и коттеджей,,"Проект дома №46-56L: площадь 245,15 м², 1 этаж, габариты 28.8×24.658 м, материал стен — кирпич. На карточке показаны оригинальные планировки этажей. Сохраните планы дома и откройте проект, чтобы узнать подробности и актуальную стоимость.",https://catalog-plans.ru/catalog/46-56L?utm_source=pinterest&utm_medium=organic&utm_campaign=generated_floor_plans_sunset_static_batch_61&utm_content=pin_11688_46-56L_plans&utm_term=proekty-domov-s-planirovkami,,"проект дома 46-56L, проект дома 245,15 м², планировка дома, планы этажей, готовый проект дома, оригинальная планировка, кирпич, catalog-plans.ru"
"Проект дома №56-92 площадью 129,4 м² с планировками",https://raw.githubusercontent.com/nemchenik/test/6ba2fe170429aaf58e1b7a4bc220779b82af6c60/pinterest/generated_batch_62_floor_plans_forest_static/56-92.jpg,Удобные планировки домов,,"Проект дома №56-92: площадь 129,4 м², 2 этажа, габариты 9×16 м, материал стен — газобетон. На карточке показаны оригинальные планировки этажей. Сохраните планы дома и откройте проект, чтобы узнать подробности и актуальную стоимость.",https://catalog-plans.ru/catalog/56-92?utm_source=pinterest&utm_medium=organic&utm_campaign=generated_floor_plans_forest_static_batch_62&utm_content=pin_11888_56-92_plans&utm_term=proekty-domov-s-planirovkami,,"проект дома 56-92, проект дома 129,4 м², планировка дома, планы этажей, готовый проект дома, оригинальная планировка, газобетон, catalog-plans.ru"
"Проект дома №58-70WFK площадью 120,3 м² с планировками",https://raw.githubusercontent.com/nemchenik/test/6ba2fe170429aaf58e1b7a4bc220779b82af6c60/pinterest/generated_batch_63_floor_plans_minimal_static/58-70WFK.jpg,Современные проекты домов,,"Проект дома №58-70WFK: площадь 120,3 м², 1 этаж, габариты 12.12×14.12 м, материал стен — кирпич. На карточке показаны оригинальные планировки этажей. Сохраните планы дома и откройте проект, чтобы узнать подробности и актуальную стоимость.",https://catalog-plans.ru/catalog/58-70WFK?utm_source=pinterest&utm_medium=organic&utm_campaign=generated_floor_plans_minimal_static_batch_63&utm_content=pin_12088_58-70WFK_plans&utm_term=proekty-domov-s-planirovkami,,"проект дома 58-70WFK, проект дома 120,3 м², планировка дома, планы этажей, готовый проект дома, оригинальная планировка, кирпич, catalog-plans.ru"
"Проект дома №58-70WD площадью 231,11 м² с планировками",https://raw.githubusercontent.com/nemchenik/test/6ba2fe170429aaf58e1b7a4bc220779b82af6c60/pinterest/generated_batch_61_floor_plans_sunset_static/58-70WD.jpg,Планы домов и коттеджей,,"Проект дома №58-70WD: площадь 231,11 м², 1 этаж, габариты 11.9×13.9 м, материал стен — газобетон. На карточке показаны оригинальные планировки этажей. Сохраните планы дома и откройте проект, чтобы узнать подробности и актуальную стоимость.",https://catalog-plans.ru/catalog/58-70WD?utm_source=pinterest&utm_medium=organic&utm_campaign=generated_floor_plans_sunset_static_batch_61&utm_content=pin_11689_58-70WD_plans&utm_term=proekty-domov-s-planirovkami,,"проект дома 58-70WD, проект дома 231,11 м², планировка дома, планы этажей, готовый проект дома, оригинальная планировка, газобетон, catalog-plans.ru"
"Проект дома №58-31KL площадью 208,73 м² с планировками",https://raw.githubusercontent.com/nemchenik/test/6ba2fe170429aaf58e1b7a4bc220779b82af6c60/pinterest/generated_batch_62_floor_plans_forest_static/58-31KL.jpg,Удобные планировки домов,,"Проект дома №58-31KL: площадь 208,73 м², 2 этажа, габариты 13.86×15.36 м, материал стен — кирпич. На карточке показаны оригинальные планировки этажей. Сохраните планы дома и откройте проект, чтобы узнать подробности и актуальную стоимость.",https://catalog-plans.ru/catalog/58-31KL?utm_source=pinterest&utm_medium=organic&utm_campaign=generated_floor_plans_forest_static_batch_62&utm_content=pin_11889_58-31KL_plans&utm_term=proekty-domov-s-planirovkami,,"проект дома 58-31KL, проект дома 208,73 м², планировка дома, планы этажей, готовый проект дома, оригинальная планировка, кирпич, catalog-plans.ru"
"Проект дома №62-32 площадью 257,26 м² с планировками",https://raw.githubusercontent.com/nemchenik/test/6ba2fe170429aaf58e1b7a4bc220779b82af6c60/pinterest/generated_batch_63_floor_plans_minimal_static/62-32.jpg,Современные проекты домов,,"Проект дома №62-32: площадь 257,26 м², 3 этажа, габариты 10×12 м, материал стен — керамзитобетон. На карточке показаны оригинальные планировки этажей. Сохраните планы дома и откройте проект, чтобы узнать подробности и актуальную стоимость.",https://catalog-plans.ru/catalog/62-32?utm_source=pinterest&utm_medium=organic&utm_campaign=generated_floor_plans_minimal_static_batch_63&utm_content=pin_12089_62-32_plans&utm_term=proekty-domov-s-planirovkami,,"проект дома 62-32, проект дома 257,26 м², планировка дома, планы этажей, готовый проект дома, оригинальная планировка, керамзитобетон, catalog-plans.ru"
"Проект дома №48-56AK2 площадью 173,45 м² с планировками",https://raw.githubusercontent.com/nemchenik/test/6ba2fe170429aaf58e1b7a4bc220779b82af6c60/pinterest/generated_batch_61_floor_plans_sunset_static/48-56AK2.jpg,Планы домов и коттеджей,,"Проект дома №48-56AK2: площадь 173,45 м², 1 этаж, габариты 13.01×16.67 м, материал стен — кирпич. На карточке показаны оригинальные планировки этажей. Сохраните планы дома и откройте проект, чтобы узнать подробности и актуальную стоимость.",https://catalog-plans.ru/catalog/48-56AK2?utm_source=pinterest&utm_medium=organic&utm_campaign=generated_floor_plans_sunset_static_batch_61&utm_content=pin_11690_48-56AK2_plans&utm_term=proekty-domov-s-planirovkami,,"проект дома 48-56AK2, проект дома 173,45 м², планировка дома, планы этажей, готовый проект дома, оригинальная планировка, кирпич, catalog-plans.ru"
"Проект дома №49-80 площадью 268,8 м² с планировками",https://raw.githubusercontent.com/nemchenik/test/6ba2fe170429aaf58e1b7a4bc220779b82af6c60/pinterest/generated_batch_62_floor_plans_forest_static/49-80.jpg,Удобные планировки домов,,"Проект дома №49-80: площадь 268,8 м², 3 этажа, габариты 12.95×13.37 м, материал стен — газобетон. На карточке показаны оригинальные планировки этажей. Сохраните планы дома и откройте проект, чтобы узнать подробности и актуальную стоимость.",https://catalog-plans.ru/catalog/49-80?utm_source=pinterest&utm_medium=organic&utm_campaign=generated_floor_plans_forest_static_batch_62&utm_content=pin_11890_49-80_plans&utm_term=proekty-domov-s-planirovkami,,"проект дома 49-80, проект дома 268,8 м², планировка дома, планы этажей, готовый проект дома, оригинальная планировка, газобетон, catalog-plans.ru"
Проект дома №58-70H площадью 131 м² с планировками,https://raw.githubusercontent.com/nemchenik/test/6ba2fe170429aaf58e1b7a4bc220779b82af6c60/pinterest/generated_batch_63_floor_plans_minimal_static/58-70H.jpg,Современные проекты домов,,"Проект дома №58-70H: площадь 131 м², 2 этажа, габариты 12.8×14.5 м, материал стен — газобетон. На карточке показаны оригинальные планировки этажей. Сохраните планы дома и откройте проект, чтобы узнать подробности и актуальную стоимость.",https://catalog-plans.ru/catalog/58-70H?utm_source=pinterest&utm_medium=organic&utm_campaign=generated_floor_plans_minimal_static_batch_63&utm_content=pin_12090_58-70H_plans&utm_term=proekty-domov-s-planirovkami,,"проект дома 58-70H, проект дома 131 м², планировка дома, планы этажей, готовый проект дома, оригинальная планировка, газобетон, catalog-plans.ru"
"Проект дома №58-04 площадью 183,15 м² с планировками",https://raw.githubusercontent.com/nemchenik/test/6ba2fe170429aaf58e1b7a4bc220779b82af6c60/pinterest/generated_batch_61_floor_plans_sunset_static/58-04.jpg,Планы домов и коттеджей,,"Проект дома №58-04: площадь 183,15 м², 2 этажа, габариты 11.1×12.1 м, материал стен — газобетон. На карточке показаны оригинальные планировки этажей. Сохраните планы дома и откройте проект, чтобы узнать подробности и актуальную стоимость.",https://catalog-plans.ru/catalog/58-04?utm_source=pinterest&utm_medium=organic&utm_campaign=generated_floor_plans_sunset_static_batch_61&utm_content=pin_11691_58-04_plans&utm_term=proekty-domov-s-planirovkami,,"проект дома 58-04, проект дома 183,15 м², планировка дома, планы этажей, готовый проект дома, оригинальная планировка, газобетон, catalog-plans.ru"
"Проект дома №57-89 площадью 116,99 м² с планировками",https://raw.githubusercontent.com/nemchenik/test/6ba2fe170429aaf58e1b7a4bc220779b82af6c60/pinterest/generated_batch_62_floor_plans_forest_static/57-89.jpg,Удобные планировки домов,,"Проект дома №57-89: площадь 116,99 м², 2 этажа, габариты 7.92×12.12 м, материал стен — газобетон. На карточке показаны оригинальные планировки этажей. Сохраните планы дома и откройте проект, чтобы узнать подробности и актуальную стоимость.",https://catalog-plans.ru/catalog/57-89?utm_source=pinterest&utm_medium=organic&utm_campaign=generated_floor_plans_forest_static_batch_62&utm_content=pin_11891_57-89_plans&utm_term=proekty-domov-s-planirovkami,,"проект дома 57-89, проект дома 116,99 м², планировка дома, планы этажей, готовый проект дома, оригинальная планировка, газобетон, catalog-plans.ru"
"Проект дома №59-90K площадью 162,03 м² с планировками",https://raw.githubusercontent.com/nemchenik/test/6ba2fe170429aaf58e1b7a4bc220779b82af6c60/pinterest/generated_batch_63_floor_plans_minimal_static/59-90K.jpg,Современные проекты домов,,"Проект дома №59-90K: площадь 162,03 м², 2 этажа, габариты 8.6×13.7 м, материал стен — кирпич. На карточке показаны оригинальные планировки этажей. Сохраните планы дома и откройте проект, чтобы узнать подробности и актуальную стоимость.",https://catalog-plans.ru/catalog/59-90K?utm_source=pinterest&utm_medium=organic&utm_campaign=generated_floor_plans_minimal_static_batch_63&utm_content=pin_12091_59-90K_plans&utm_term=proekty-domov-s-planirovkami,,"проект дома 59-90K, проект дома 162,03 м², планировка дома, планы этажей, готовый проект дома, оригинальная планировка, кирпич, catalog-plans.ru"
"Проект дома №57-91AK площадью 144,59 м² с планировками",https://raw.githubusercontent.com/nemchenik/test/6ba2fe170429aaf58e1b7a4bc220779b82af6c60/pinterest/generated_batch_61_floor_plans_sunset_static/57-91AK.jpg,Планы домов и коттеджей,,"Проект дома №57-91AK: площадь 144,59 м², 2 этажа, габариты 10×10 м, материал стен — кирпич. На карточке показаны оригинальные планировки этажей. Сохраните планы дома и откройте проект, чтобы узнать подробности и актуальную стоимость.",https://catalog-plans.ru/catalog/57-91AK?utm_source=pinterest&utm_medium=organic&utm_campaign=generated_floor_plans_sunset_static_batch_61&utm_content=pin_11692_57-91AK_plans&utm_term=proekty-domov-s-planirovkami,,"проект дома 57-91AK, проект дома 144,59 м², планировка дома, планы этажей, готовый проект дома, оригинальная планировка, кирпич, catalog-plans.ru"
"Проект дома №90-77B площадью 144,78 м² с планировками",https://raw.githubusercontent.com/nemchenik/test/6ba2fe170429aaf58e1b7a4bc220779b82af6c60/pinterest/generated_batch_62_floor_plans_forest_static/90-77B.jpg,Удобные планировки домов,,"Проект дома №90-77B: площадь 144,78 м², 2 этажа, габариты 9.2×13.25 м, материал стен — газобетон. На карточке показаны оригинальные планировки этажей. Сохраните планы дома и откройте проект, чтобы узнать подробности и актуальную стоимость.",https://catalog-plans.ru/catalog/90-77B?utm_source=pinterest&utm_medium=organic&utm_campaign=generated_floor_plans_forest_static_batch_62&utm_content=pin_11892_90-77B_plans&utm_term=proekty-domov-s-planirovkami,,"проект дома 90-77B, проект дома 144,78 м², планировка дома, планы этажей, готовый проект дома, оригинальная планировка, газобетон, catalog-plans.ru"
"Проект дома №59-38 площадью 84,1 м² с планировками",https://raw.githubusercontent.com/nemchenik/test/6ba2fe170429aaf58e1b7a4bc220779b82af6c60/pinterest/generated_batch_63_floor_plans_minimal_static/59-38.jpg,Современные проекты домов,,"Проект дома №59-38: площадь 84,1 м², 2 этажа, габариты 10.2×10.6 м, материал стен — газобетон. На карточке показаны оригинальные планировки этажей. Сохраните планы дома и откройте проект, чтобы узнать подробности и актуальную стоимость.",https://catalog-plans.ru/catalog/59-38?utm_source=pinterest&utm_medium=organic&utm_campaign=generated_floor_plans_minimal_static_batch_63&utm_content=pin_12092_59-38_plans&utm_term=proekty-domov-s-planirovkami,,"проект дома 59-38, проект дома 84,1 м², планировка дома, планы этажей, готовый проект дома, оригинальная планировка, газобетон, catalog-plans.ru"
"Проект дома №57-65A площадью 222,74 м² с планировками",https://raw.githubusercontent.com/nemchenik/test/6ba2fe170429aaf58e1b7a4bc220779b82af6c60/pinterest/generated_batch_61_floor_plans_sunset_static/57-65A.jpg,Планы домов и коттеджей,,"Проект дома №57-65A: площадь 222,74 м², 3 этажа, габариты 10×10 м, материал стен — газобетон. На карточке показаны оригинальные планировки этажей. Сохраните планы дома и откройте проект, чтобы узнать подробности и актуальную стоимость.",https://catalog-plans.ru/catalog/57-65A?utm_source=pinterest&utm_medium=organic&utm_campaign=generated_floor_plans_sunset_static_batch_61&utm_content=pin_11693_57-65A_plans&utm_term=proekty-domov-s-planirovkami,,"проект дома 57-65A, проект дома 222,74 м², планировка дома, планы этажей, готовый проект дома, оригинальная планировка, газобетон, catalog-plans.ru"
"Проект дома №58-38 площадью 164,45 м² с планировками",https://raw.githubusercontent.com/nemchenik/test/6ba2fe170429aaf58e1b7a4bc220779b82af6c60/pinterest/generated_batch_62_floor_plans_forest_static/58-38.jpg,Удобные планировки домов,,"Проект дома №58-38: площадь 164,45 м², 2 этажа, габариты 10.16×13.31 м, материал стен — газобетон. На карточке показаны оригинальные планировки этажей. Сохраните планы дома и откройте проект, чтобы узнать подробности и актуальную стоимость.",https://catalog-plans.ru/catalog/58-38?utm_source=pinterest&utm_medium=organic&utm_campaign=generated_floor_plans_forest_static_batch_62&utm_content=pin_11893_58-38_plans&utm_term=proekty-domov-s-planirovkami,,"проект дома 58-38, проект дома 164,45 м², планировка дома, планы этажей, готовый проект дома, оригинальная планировка, газобетон, catalog-plans.ru"
"Проект дома №48-24NK площадью 306,19 м² с планировками",https://raw.githubusercontent.com/nemchenik/test/6ba2fe170429aaf58e1b7a4bc220779b82af6c60/pinterest/generated_batch_63_floor_plans_minimal_static/48-24NK.jpg,Современные проекты домов,,"Проект дома №48-24NK: площадь 306,19 м², 2 этажа, габариты 15.3×20.58 м, материал стен — кирпич. На карточке показаны оригинальные планировки этажей. Сохраните планы дома и откройте проект, чтобы узнать подробности и актуальную стоимость.",https://catalog-plans.ru/catalog/48-24NK?utm_source=pinterest&utm_medium=organic&utm_campaign=generated_floor_plans_minimal_static_batch_63&utm_content=pin_12093_48-24NK_plans&utm_term=proekty-domov-s-planirovkami,,"проект дома 48-24NK, проект дома 306,19 м², планировка дома, планы этажей, готовый проект дома, оригинальная планировка, кирпич, catalog-plans.ru"
"Проект дома №57-33FL площадью 243,29 м² с планировками",https://raw.githubusercontent.com/nemchenik/test/6ba2fe170429aaf58e1b7a4bc220779b82af6c60/pinterest/generated_batch_61_floor_plans_sunset_static/57-33FL.jpg,Планы домов и коттеджей,,"Проект дома №57-33FL: площадь 243,29 м², 2 этажа, габариты 14.2×14.9 м, материал стен — газобетон. На карточке показаны оригинальные планировки этажей. Сохраните планы дома и откройте проект, чтобы узнать подробности и актуальную стоимость.",https://catalog-plans.ru/catalog/57-33FL?utm_source=pinterest&utm_medium=organic&utm_campaign=generated_floor_plans_sunset_static_batch_61&utm_content=pin_11694_57-33FL_plans&utm_term=proekty-domov-s-planirovkami,,"проект дома 57-33FL, проект дома 243,29 м², планировка дома, планы этажей, готовый проект дома, оригинальная планировка, газобетон, catalog-plans.ru"
"Проект дома №32-27 площадью 531,92 м² с планировками",https://raw.githubusercontent.com/nemchenik/test/6ba2fe170429aaf58e1b7a4bc220779b82af6c60/pinterest/generated_batch_62_floor_plans_forest_static/32-27.jpg,Удобные планировки домов,,"Проект дома №32-27: площадь 531,92 м², 2 этажа, габариты 10.8×13.2 м, материал стен — кирпич. На карточке показаны оригинальные планировки этажей. Сохраните планы дома и откройте проект, чтобы узнать подробности и актуальную стоимость.",https://catalog-plans.ru/catalog/32-27?utm_source=pinterest&utm_medium=organic&utm_campaign=generated_floor_plans_forest_static_batch_62&utm_content=pin_11894_32-27_plans&utm_term=proekty-domov-s-planirovkami,,"проект дома 32-27, проект дома 531,92 м², планировка дома, планы этажей, готовый проект дома, оригинальная планировка, кирпич, catalog-plans.ru"
"Проект дома №40-11BFK площадью 267,18 м² с планировками",https://raw.githubusercontent.com/nemchenik/test/6ba2fe170429aaf58e1b7a4bc220779b82af6c60/pinterest/generated_batch_63_floor_plans_minimal_static/40-11BFK.jpg,Современные проекты домов,,"Проект дома №40-11BFK: площадь 267,18 м², 3 этажа, габариты 13.76×14 м, материал стен — кирпич. На карточке показаны оригинальные планировки этажей. Сохраните планы дома и откройте проект, чтобы узнать подробности и актуальную стоимость.",https://catalog-plans.ru/catalog/40-11BFK?utm_source=pinterest&utm_medium=organic&utm_campaign=generated_floor_plans_minimal_static_batch_63&utm_content=pin_12094_40-11BFK_plans&utm_term=proekty-domov-s-planirovkami,,"проект дома 40-11BFK, проект дома 267,18 м², планировка дома, планы этажей, готовый проект дома, оригинальная планировка, кирпич, catalog-plans.ru"
"Проект дома №57-01A площадью 214,54 м² с планировками",https://raw.githubusercontent.com/nemchenik/test/6ba2fe170429aaf58e1b7a4bc220779b82af6c60/pinterest/generated_batch_61_floor_plans_sunset_static/57-01A.jpg,Планы домов и коттеджей,,"Проект дома №57-01A: площадь 214,54 м², 2 этажа, габариты 12.8×20.81 м, материал стен — газобетон. На карточке показаны оригинальные планировки этажей. Сохраните планы дома и откройте проект, чтобы узнать подробности и актуальную стоимость.",https://catalog-plans.ru/catalog/57-01A?utm_source=pinterest&utm_medium=organic&utm_campaign=generated_floor_plans_sunset_static_batch_61&utm_content=pin_11695_57-01A_plans&utm_term=proekty-domov-s-planirovkami,,"проект дома 57-01A, проект дома 214,54 м², планировка дома, планы этажей, готовый проект дома, оригинальная планировка, газобетон, catalog-plans.ru"
Проект дома №31-06 площадью 215 м² с планировками,https://raw.githubusercontent.com/nemchenik/test/6ba2fe170429aaf58e1b7a4bc220779b82af6c60/pinterest/generated_batch_62_floor_plans_forest_static/31-06.jpg,Удобные планировки домов,,"Проект дома №31-06: площадь 215 м², 2 этажа, габариты 11.4×14.98 м, материал стен — кирпич. На карточке показаны оригинальные планировки этажей. Сохраните планы дома и откройте проект, чтобы узнать подробности и актуальную стоимость.",https://catalog-plans.ru/catalog/31-06?utm_source=pinterest&utm_medium=organic&utm_campaign=generated_floor_plans_forest_static_batch_62&utm_content=pin_11895_31-06_plans&utm_term=proekty-domov-s-planirovkami,,"проект дома 31-06, проект дома 215 м², планировка дома, планы этажей, готовый проект дома, оригинальная планировка, кирпич, catalog-plans.ru"
"Проект дома №58-70PK площадью 168,49 м² с планировками",https://raw.githubusercontent.com/nemchenik/test/6ba2fe170429aaf58e1b7a4bc220779b82af6c60/pinterest/generated_batch_63_floor_plans_minimal_static/58-70PK.jpg,Современные проекты домов,,"Проект дома №58-70PK: площадь 168,49 м², 1 этаж, габариты 12.23×20.13 м, материал стен — кирпич. На карточке показаны оригинальные планировки этажей. Сохраните планы дома и откройте проект, чтобы узнать подробности и актуальную стоимость.",https://catalog-plans.ru/catalog/58-70PK?utm_source=pinterest&utm_medium=organic&utm_campaign=generated_floor_plans_minimal_static_batch_63&utm_content=pin_12095_58-70PK_plans&utm_term=proekty-domov-s-planirovkami,,"проект дома 58-70PK, проект дома 168,49 м², планировка дома, планы этажей, готовый проект дома, оригинальная планировка, кирпич, catalog-plans.ru"
"Проект дома №49-75 площадью 458,8 м² с планировками",https://raw.githubusercontent.com/nemchenik/test/6ba2fe170429aaf58e1b7a4bc220779b82af6c60/pinterest/generated_batch_61_floor_plans_sunset_static/49-75.jpg,Планы домов и коттеджей,,"Проект дома №49-75: площадь 458,8 м², 3 этажа, габариты 17×17.74 м, материал стен — кирпич. На карточке показаны оригинальные планировки этажей. Сохраните планы дома и откройте проект, чтобы узнать подробности и актуальную стоимость.",https://catalog-plans.ru/catalog/49-75?utm_source=pinterest&utm_medium=organic&utm_campaign=generated_floor_plans_sunset_static_batch_61&utm_content=pin_11696_49-75_plans&utm_term=proekty-domov-s-planirovkami,,"проект дома 49-75, проект дома 458,8 м², планировка дома, планы этажей, готовый проект дома, оригинальная планировка, кирпич, catalog-plans.ru"
"Проект дома №48-24D площадью 347,81 м² с планировками",https://raw.githubusercontent.com/nemchenik/test/6ba2fe170429aaf58e1b7a4bc220779b82af6c60/pinterest/generated_batch_62_floor_plans_forest_static/48-24D.jpg,Удобные планировки домов,,"Проект дома №48-24D: площадь 347,81 м², 2 этажа, габариты 15.71×23.91 м, материал стен — кирпич. На карточке показаны оригинальные планировки этажей. Сохраните планы дома и откройте проект, чтобы узнать подробности и актуальную стоимость.",https://catalog-plans.ru/catalog/48-24D?utm_source=pinterest&utm_medium=organic&utm_campaign=generated_floor_plans_forest_static_batch_62&utm_content=pin_11896_48-24D_plans&utm_term=proekty-domov-s-planirovkami,,"проект дома 48-24D, проект дома 347,81 м², планировка дома, планы этажей, готовый проект дома, оригинальная планировка, кирпич, catalog-plans.ru"
"Проект дома №56-04 площадью 244,8 м² с планировками",https://raw.githubusercontent.com/nemchenik/test/6ba2fe170429aaf58e1b7a4bc220779b82af6c60/pinterest/generated_batch_63_floor_plans_minimal_static/56-04.jpg,Современные проекты домов,,"Проект дома №56-04: площадь 244,8 м², 2 этажа, габариты 11.8×13.5 м, материал стен — газобетон. На карточке показаны оригинальные планировки этажей. Сохраните планы дома и откройте проект, чтобы узнать подробности и актуальную стоимость.",https://catalog-plans.ru/catalog/56-04?utm_source=pinterest&utm_medium=organic&utm_campaign=generated_floor_plans_minimal_static_batch_63&utm_content=pin_12096_56-04_plans&utm_term=proekty-domov-s-planirovkami,,"проект дома 56-04, проект дома 244,8 м², планировка дома, планы этажей, готовый проект дома, оригинальная планировка, газобетон, catalog-plans.ru"
"Проект дома №59-60 площадью 443,1 м² с планировками",https://raw.githubusercontent.com/nemchenik/test/6ba2fe170429aaf58e1b7a4bc220779b82af6c60/pinterest/generated_batch_61_floor_plans_sunset_static/59-60.jpg,Планы домов и коттеджей,,"Проект дома №59-60: площадь 443,1 м², 2 этажа, габариты 16×33 м, материал стен — газобетон. На карточке показаны оригинальные планировки этажей. Сохраните планы дома и откройте проект, чтобы узнать подробности и актуальную стоимость.",https://catalog-plans.ru/catalog/59-60?utm_source=pinterest&utm_medium=organic&utm_campaign=generated_floor_plans_sunset_static_batch_61&utm_content=pin_11697_59-60_plans&utm_term=proekty-domov-s-planirovkami,,"проект дома 59-60, проект дома 443,1 м², планировка дома, планы этажей, готовый проект дома, оригинальная планировка, газобетон, catalog-plans.ru"
"Проект дома №57-20MAL площадью 213,07 м² с планировками",https://raw.githubusercontent.com/nemchenik/test/6ba2fe170429aaf58e1b7a4bc220779b82af6c60/pinterest/generated_batch_62_floor_plans_forest_static/57-20MAL.jpg,Удобные планировки домов,,"Проект дома №57-20MAL: площадь 213,07 м², 2 этажа, габариты 15.75×11.58 м, материал стен — газобетон. На карточке показаны оригинальные планировки этажей. Сохраните планы дома и откройте проект, чтобы узнать подробности и актуальную стоимость.",https://catalog-plans.ru/catalog/57-20MAL?utm_source=pinterest&utm_medium=organic&utm_campaign=generated_floor_plans_forest_static_batch_62&utm_content=pin_11897_57-20MAL_plans&utm_term=proekty-domov-s-planirovkami,,"проект дома 57-20MAL, проект дома 213,07 м², планировка дома, планы этажей, готовый проект дома, оригинальная планировка, газобетон, catalog-plans.ru"
"Проект дома №59-97TA площадью 157,48 м² с планировками",https://raw.githubusercontent.com/nemchenik/test/6ba2fe170429aaf58e1b7a4bc220779b82af6c60/pinterest/generated_batch_63_floor_plans_minimal_static/59-97TA.jpg,Современные проекты домов,,"Проект дома №59-97TA: площадь 157,48 м², 2 этажа, габариты 10.4×11.5 м, материал стен — газобетон. На карточке показаны оригинальные планировки этажей. Сохраните планы дома и откройте проект, чтобы узнать подробности и актуальную стоимость.",https://catalog-plans.ru/catalog/59-97TA?utm_source=pinterest&utm_medium=organic&utm_campaign=generated_floor_plans_minimal_static_batch_63&utm_content=pin_12097_59-97TA_plans&utm_term=proekty-domov-s-planirovkami,,"проект дома 59-97TA, проект дома 157,48 м², планировка дома, планы этажей, готовый проект дома, оригинальная планировка, газобетон, catalog-plans.ru"
"Проект дома №62-03AEG площадью 177,35 м² с планировками",https://raw.githubusercontent.com/nemchenik/test/6ba2fe170429aaf58e1b7a4bc220779b82af6c60/pinterest/generated_batch_61_floor_plans_sunset_static/62-03AEG.jpg,Планы домов и коттеджей,,"Проект дома №62-03AEG: площадь 177,35 м², 1 этаж, габариты 15.3×17.5 м, материал стен — газобетон. На карточке показаны оригинальные планировки этажей. Сохраните планы дома и откройте проект, чтобы узнать подробности и актуальную стоимость.",https://catalog-plans.ru/catalog/62-03AEG?utm_source=pinterest&utm_medium=organic&utm_campaign=generated_floor_plans_sunset_static_batch_61&utm_content=pin_11698_62-03AEG_plans&utm_term=proekty-domov-s-planirovkami,,"проект дома 62-03AEG, проект дома 177,35 м², планировка дома, планы этажей, готовый проект дома, оригинальная планировка, газобетон, catalog-plans.ru"
"Проект дома №52-13 площадью 336,2 м² с планировками",https://raw.githubusercontent.com/nemchenik/test/6ba2fe170429aaf58e1b7a4bc220779b82af6c60/pinterest/generated_batch_62_floor_plans_forest_static/52-13.jpg,Удобные планировки домов,,"Проект дома №52-13: площадь 336,2 м², 2 этажа, габариты 13.1×20.9 м, материал стен — газобетон. На карточке показаны оригинальные планировки этажей. Сохраните планы дома и откройте проект, чтобы узнать подробности и актуальную стоимость.",https://catalog-plans.ru/catalog/52-13?utm_source=pinterest&utm_medium=organic&utm_campaign=generated_floor_plans_forest_static_batch_62&utm_content=pin_11898_52-13_plans&utm_term=proekty-domov-s-planirovkami,,"проект дома 52-13, проект дома 336,2 м², планировка дома, планы этажей, готовый проект дома, оригинальная планировка, газобетон, catalog-plans.ru"
"Проект дома №46-08AHMG площадью 291,89 м² с планировками",https://raw.githubusercontent.com/nemchenik/test/6ba2fe170429aaf58e1b7a4bc220779b82af6c60/pinterest/generated_batch_63_floor_plans_minimal_static/46-08AHMG.jpg,Современные проекты домов,,"Проект дома №46-08AHMG: площадь 291,89 м², 2 этажа, габариты 16.39×17.06 м, материал стен — монолитный каркас. На карточке показаны оригинальные планировки этажей. Сохраните планы дома и откройте проект, чтобы узнать подробности и актуальную стоимость.",https://catalog-plans.ru/catalog/46-08AHMG?utm_source=pinterest&utm_medium=organic&utm_campaign=generated_floor_plans_minimal_static_batch_63&utm_content=pin_12098_46-08AHMG_plans&utm_term=proekty-domov-s-planirovkami,,"проект дома 46-08AHMG, проект дома 291,89 м², планировка дома, планы этажей, готовый проект дома, оригинальная планировка, монолитный каркас, catalog-plans.ru"
"Проект дома №58-10AW площадью 268,88 м² с планировками",https://raw.githubusercontent.com/nemchenik/test/6ba2fe170429aaf58e1b7a4bc220779b82af6c60/pinterest/generated_batch_61_floor_plans_sunset_static/58-10AW.jpg,Планы домов и коттеджей,,"Проект дома №58-10AW: площадь 268,88 м², 2 этажа, габариты 13.86×22 м, материал стен — газобетон. На карточке показаны оригинальные планировки этажей. Сохраните планы дома и откройте проект, чтобы узнать подробности и актуальную стоимость.",https://catalog-plans.ru/catalog/58-10AW?utm_source=pinterest&utm_medium=organic&utm_campaign=generated_floor_plans_sunset_static_batch_61&utm_content=pin_11699_58-10AW_plans&utm_term=proekty-domov-s-planirovkami,,"проект дома 58-10AW, проект дома 268,88 м², планировка дома, планы этажей, готовый проект дома, оригинальная планировка, газобетон, catalog-plans.ru"
"Проект дома №45-61 площадью 167,3 м² с планировками",https://raw.githubusercontent.com/nemchenik/test/6ba2fe170429aaf58e1b7a4bc220779b82af6c60/pinterest/generated_batch_62_floor_plans_forest_static/45-61.jpg,Удобные планировки домов,,"Проект дома №45-61: площадь 167,3 м², 2 этажа, габариты 13.75×16.48 м, материал стен — кирпич. На карточке показаны оригинальные планировки этажей. Сохраните планы дома и откройте проект, чтобы узнать подробности и актуальную стоимость.",https://catalog-plans.ru/catalog/45-61?utm_source=pinterest&utm_medium=organic&utm_campaign=generated_floor_plans_forest_static_batch_62&utm_content=pin_11899_45-61_plans&utm_term=proekty-domov-s-planirovkami,,"проект дома 45-61, проект дома 167,3 м², планировка дома, планы этажей, готовый проект дома, оригинальная планировка, кирпич, catalog-plans.ru"
"Проект дома №40-56BAG площадью 205,89 м² с планировками",https://raw.githubusercontent.com/nemchenik/test/6ba2fe170429aaf58e1b7a4bc220779b82af6c60/pinterest/generated_batch_63_floor_plans_minimal_static/40-56BAG.jpg,Современные проекты домов,,"Проект дома №40-56BAG: площадь 205,89 м², 3 этажа, габариты 11.7×13.52 м, материал стен — газобетон. На карточке показаны оригинальные планировки этажей. Сохраните планы дома и откройте проект, чтобы узнать подробности и актуальную стоимость.",https://catalog-plans.ru/catalog/40-56BAG?utm_source=pinterest&utm_medium=organic&utm_campaign=generated_floor_plans_minimal_static_batch_63&utm_content=pin_12099_40-56BAG_plans&utm_term=proekty-domov-s-planirovkami,,"проект дома 40-56BAG, проект дома 205,89 м², планировка дома, планы этажей, готовый проект дома, оригинальная планировка, газобетон, catalog-plans.ru"
"Проект дома №58-18L площадью 195,97 м² с планировками",https://raw.githubusercontent.com/nemchenik/test/6ba2fe170429aaf58e1b7a4bc220779b82af6c60/pinterest/generated_batch_61_floor_plans_sunset_static/58-18L.jpg,Планы домов и коттеджей,,"Проект дома №58-18L: площадь 195,97 м², 2 этажа, габариты 10.2×15.5 м, материал стен — газобетон. На карточке показаны оригинальные планировки этажей. Сохраните планы дома и откройте проект, чтобы узнать подробности и актуальную стоимость.",https://catalog-plans.ru/catalog/58-18L?utm_source=pinterest&utm_medium=organic&utm_campaign=generated_floor_plans_sunset_static_batch_61&utm_content=pin_11700_58-18L_plans&utm_term=proekty-domov-s-planirovkami,,"проект дома 58-18L, проект дома 195,97 м², планировка дома, планы этажей, готовый проект дома, оригинальная планировка, газобетон, catalog-plans.ru"
"Проект дома №58-35A площадью 204,63 м² с планировками",https://raw.githubusercontent.com/nemchenik/test/6ba2fe170429aaf58e1b7a4bc220779b82af6c60/pinterest/generated_batch_62_floor_plans_forest_static/58-35A.jpg,Удобные планировки домов,,"Проект дома №58-35A: площадь 204,63 м², 2 этажа, габариты 12.36×14.26 м, материал стен — газобетон. На карточке показаны оригинальные планировки этажей. Сохраните планы дома и откройте проект, чтобы узнать подробности и актуальную стоимость.",https://catalog-plans.ru/catalog/58-35A?utm_source=pinterest&utm_medium=organic&utm_campaign=generated_floor_plans_forest_static_batch_62&utm_content=pin_11900_58-35A_plans&utm_term=proekty-domov-s-planirovkami,,"проект дома 58-35A, проект дома 204,63 м², планировка дома, планы этажей, готовый проект дома, оригинальная планировка, газобетон, catalog-plans.ru"
Проект дома №47-76 площадью 105 м² с планировками,https://raw.githubusercontent.com/nemchenik/test/6ba2fe170429aaf58e1b7a4bc220779b82af6c60/pinterest/generated_batch_63_floor_plans_minimal_static/47-76.jpg,Современные проекты домов,,"Проект дома №47-76: площадь 105 м², 2 этажа, габариты 18.58×26.7 м, материал стен — кирпича 1. На карточке показаны оригинальные планировки этажей. Сохраните планы дома и откройте проект, чтобы узнать подробности и актуальную стоимость.",https://catalog-plans.ru/catalog/47-76?utm_source=pinterest&utm_medium=organic&utm_campaign=generated_floor_plans_minimal_static_batch_63&utm_content=pin_12100_47-76_plans&utm_term=proekty-domov-s-planirovkami,,"проект дома 47-76, проект дома 105 м², планировка дома, планы этажей, готовый проект дома, оригинальная планировка, кирпича 1, catalog-plans.ru"
"Проект дома №55-20 площадью 141,3 м² с планировками",https://raw.githubusercontent.com/nemchenik/test/6ba2fe170429aaf58e1b7a4bc220779b82af6c60/pinterest/generated_batch_61_floor_plans_sunset_static/55-20.jpg,Планы домов и коттеджей,,"Проект дома №55-20: площадь 141,3 м², 2 этажа, габариты 8.4×12.12 м, материал стен — газобетон. На карточке показаны оригинальные планировки этажей. Сохраните планы дома и откройте проект, чтобы узнать подробности и актуальную стоимость.",https://catalog-plans.ru/catalog/55-20?utm_source=pinterest&utm_medium=organic&utm_campaign=generated_floor_plans_sunset_static_batch_61&utm_content=pin_11701_55-20_plans&utm_term=proekty-domov-s-planirovkami,,"проект дома 55-20, проект дома 141,3 м², планировка дома, планы этажей, готовый проект дома, оригинальная планировка, газобетон, catalog-plans.ru"
"Проект дома №57-63DL площадью 174,57 м² с планировками",https://raw.githubusercontent.com/nemchenik/test/6ba2fe170429aaf58e1b7a4bc220779b82af6c60/pinterest/generated_batch_62_floor_plans_forest_static/57-63DL.jpg,Удобные планировки домов,,"Проект дома №57-63DL: площадь 174,57 м², 2 этажа, габариты 10.9×13.15 м, материал стен — газобетон. На карточке показаны оригинальные планировки этажей. Сохраните планы дома и откройте проект, чтобы узнать подробности и актуальную стоимость.",https://catalog-plans.ru/catalog/57-63DL?utm_source=pinterest&utm_medium=organic&utm_campaign=generated_floor_plans_forest_static_batch_62&utm_content=pin_11901_57-63DL_plans&utm_term=proekty-domov-s-planirovkami,,"проект дома 57-63DL, проект дома 174,57 м², планировка дома, планы этажей, готовый проект дома, оригинальная планировка, газобетон, catalog-plans.ru"
"Проект дома №48-32 площадью 303,85 м² с планировками",https://raw.githubusercontent.com/nemchenik/test/6ba2fe170429aaf58e1b7a4bc220779b82af6c60/pinterest/generated_batch_63_floor_plans_minimal_static/48-32.jpg,Современные проекты домов,,"Проект дома №48-32: площадь 303,85 м², 2 этажа, габариты 13.76×23 м, материал стен — кирпич. На карточке показаны оригинальные планировки этажей. Сохраните планы дома и откройте проект, чтобы узнать подробности и актуальную стоимость.",https://catalog-plans.ru/catalog/48-32?utm_source=pinterest&utm_medium=organic&utm_campaign=generated_floor_plans_minimal_static_batch_63&utm_content=pin_12101_48-32_plans&utm_term=proekty-domov-s-planirovkami,,"проект дома 48-32, проект дома 303,85 м², планировка дома, планы этажей, готовый проект дома, оригинальная планировка, кирпич, catalog-plans.ru"
"Проект дома №68-68L площадью 325,03 м² с планировками",https://raw.githubusercontent.com/nemchenik/test/6ba2fe170429aaf58e1b7a4bc220779b82af6c60/pinterest/generated_batch_61_floor_plans_sunset_static/68-68L.jpg,Планы домов и коттеджей,,"Проект дома №68-68L: площадь 325,03 м², 2 этажа, габариты 17.5×18.66 м, материал стен — газобетон. На карточке показаны оригинальные планировки этажей. Сохраните планы дома и откройте проект, чтобы узнать подробности и актуальную стоимость.",https://catalog-plans.ru/catalog/68-68L?utm_source=pinterest&utm_medium=organic&utm_campaign=generated_floor_plans_sunset_static_batch_61&utm_content=pin_11702_68-68L_plans&utm_term=proekty-domov-s-planirovkami,,"проект дома 68-68L, проект дома 325,03 м², планировка дома, планы этажей, готовый проект дома, оригинальная планировка, газобетон, catalog-plans.ru"
"Проект дома №40-61EAGL площадью 284,51 м² с планировками",https://raw.githubusercontent.com/nemchenik/test/6ba2fe170429aaf58e1b7a4bc220779b82af6c60/pinterest/generated_batch_62_floor_plans_forest_static/40-61EAGL.jpg,Удобные планировки домов,,"Проект дома №40-61EAGL: площадь 284,51 м², 2 этажа, габариты 13.12×22.63 м, материал стен — газобетон. На карточке показаны оригинальные планировки этажей. Сохраните планы дома и откройте проект, чтобы узнать подробности и актуальную стоимость.",https://catalog-plans.ru/catalog/40-61EAGL?utm_source=pinterest&utm_medium=organic&utm_campaign=generated_floor_plans_forest_static_batch_62&utm_content=pin_11902_40-61EAGL_plans&utm_term=proekty-domov-s-planirovkami,,"проект дома 40-61EAGL, проект дома 284,51 м², планировка дома, планы этажей, готовый проект дома, оригинальная планировка, газобетон, catalog-plans.ru"
"Проект дома №57-83E площадью 226,13 м² с планировками",https://raw.githubusercontent.com/nemchenik/test/6ba2fe170429aaf58e1b7a4bc220779b82af6c60/pinterest/generated_batch_63_floor_plans_minimal_static/57-83E.jpg,Современные проекты домов,,"Проект дома №57-83E: площадь 226,13 м², 2 этажа, габариты 13.5×14.6 м, материал стен — арболитовые блоки 400. На карточке показаны оригинальные планировки этажей. Сохраните планы дома и откройте проект, чтобы узнать подробности и актуальную стоимость.",https://catalog-plans.ru/catalog/57-83E?utm_source=pinterest&utm_medium=organic&utm_campaign=generated_floor_plans_minimal_static_batch_63&utm_content=pin_12102_57-83E_plans&utm_term=proekty-domov-s-planirovkami,,"проект дома 57-83E, проект дома 226,13 м², планировка дома, планы этажей, готовый проект дома, оригинальная планировка, арболитовые блоки 400, catalog-plans.ru"
"Проект дома №65-28B площадью 205,97 м² с планировками",https://raw.githubusercontent.com/nemchenik/test/6ba2fe170429aaf58e1b7a4bc220779b82af6c60/pinterest/generated_batch_61_floor_plans_sunset_static/65-28B.jpg,Планы домов и коттеджей,,"Проект дома №65-28B: площадь 205,97 м², 3 этажа, габариты 12.7×15.16 м, материал стен — газобетон. На карточке показаны оригинальные планировки этажей. Сохраните планы дома и откройте проект, чтобы узнать подробности и актуальную стоимость.",https://catalog-plans.ru/catalog/65-28B?utm_source=pinterest&utm_medium=organic&utm_campaign=generated_floor_plans_sunset_static_batch_61&utm_content=pin_11703_65-28B_plans&utm_term=proekty-domov-s-planirovkami,,"проект дома 65-28B, проект дома 205,97 м², планировка дома, планы этажей, готовый проект дома, оригинальная планировка, газобетон, catalog-plans.ru"
"Проект дома №57-00ZC площадью 249,23 м² с планировками",https://raw.githubusercontent.com/nemchenik/test/6ba2fe170429aaf58e1b7a4bc220779b82af6c60/pinterest/generated_batch_62_floor_plans_forest_static/57-00ZC.jpg,Удобные планировки домов,,"Проект дома №57-00ZC: площадь 249,23 м², 2 этажа, габариты 13.73×19 м, материал стен — кирпич. На карточке показаны оригинальные планировки этажей. Сохраните планы дома и откройте проект, чтобы узнать подробности и актуальную стоимость.",https://catalog-plans.ru/catalog/57-00ZC?utm_source=pinterest&utm_medium=organic&utm_campaign=generated_floor_plans_forest_static_batch_62&utm_content=pin_11903_57-00ZC_plans&utm_term=proekty-domov-s-planirovkami,,"проект дома 57-00ZC, проект дома 249,23 м², планировка дома, планы этажей, готовый проект дома, оригинальная планировка, кирпич, catalog-plans.ru"
"Проект дома №35-79 площадью 955,7 м² с планировками",https://raw.githubusercontent.com/nemchenik/test/6ba2fe170429aaf58e1b7a4bc220779b82af6c60/pinterest/generated_batch_63_floor_plans_minimal_static/35-79.jpg,Современные проекты домов,,"Проект дома №35-79: площадь 955,7 м², 3 этажа, габариты 35.13×40.08 м, материал стен — кирпич. На карточке показаны оригинальные планировки этажей. Сохраните планы дома и откройте проект, чтобы узнать подробности и актуальную стоимость.",https://catalog-plans.ru/catalog/35-79?utm_source=pinterest&utm_medium=organic&utm_campaign=generated_floor_plans_minimal_static_batch_63&utm_content=pin_12103_35-79_plans&utm_term=proekty-domov-s-planirovkami,,"проект дома 35-79, проект дома 955,7 м², планировка дома, планы этажей, готовый проект дома, оригинальная планировка, кирпич, catalog-plans.ru"
"Проект дома №40-11HBL площадью 312,67 м² с планировками",https://raw.githubusercontent.com/nemchenik/test/6ba2fe170429aaf58e1b7a4bc220779b82af6c60/pinterest/generated_batch_61_floor_plans_sunset_static/40-11HBL.jpg,Планы домов и коттеджей,,"Проект дома №40-11HBL: площадь 312,67 м², 3 этажа, габариты 13.92×14.16 м, материал стен — газобетон. На карточке показаны оригинальные планировки этажей. Сохраните планы дома и откройте проект, чтобы узнать подробности и актуальную стоимость.",https://catalog-plans.ru/catalog/40-11HBL?utm_source=pinterest&utm_medium=organic&utm_campaign=generated_floor_plans_sunset_static_batch_61&utm_content=pin_11704_40-11HBL_plans&utm_term=proekty-domov-s-planirovkami,,"проект дома 40-11HBL, проект дома 312,67 м², планировка дома, планы этажей, готовый проект дома, оригинальная планировка, газобетон, catalog-plans.ru"
"Проект дома №59-95B площадью 250,93 м² с планировками",https://raw.githubusercontent.com/nemchenik/test/6ba2fe170429aaf58e1b7a4bc220779b82af6c60/pinterest/generated_batch_62_floor_plans_forest_static/59-95B.jpg,Удобные планировки домов,,"Проект дома №59-95B: площадь 250,93 м², 2 этажа, габариты 14.26×14.26 м, материал стен — газобетон. На карточке показаны оригинальные планировки этажей. Сохраните планы дома и откройте проект, чтобы узнать подробности и актуальную стоимость.",https://catalog-plans.ru/catalog/59-95B?utm_source=pinterest&utm_medium=organic&utm_campaign=generated_floor_plans_forest_static_batch_62&utm_content=pin_11904_59-95B_plans&utm_term=proekty-domov-s-planirovkami,,"проект дома 59-95B, проект дома 250,93 м², планировка дома, планы этажей, готовый проект дома, оригинальная планировка, газобетон, catalog-plans.ru"
"Проект дома №57-00EAL площадью 241,6 м² с планировками",https://raw.githubusercontent.com/nemchenik/test/6ba2fe170429aaf58e1b7a4bc220779b82af6c60/pinterest/generated_batch_63_floor_plans_minimal_static/57-00EAL.jpg,Современные проекты домов,,"Проект дома №57-00EAL: площадь 241,6 м², 2 этажа, габариты 13.28×16.62 м, материал стен — керамзитобетон. На карточке показаны оригинальные планировки этажей. Сохраните планы дома и откройте проект, чтобы узнать подробности и актуальную стоимость.",https://catalog-plans.ru/catalog/57-00EAL?utm_source=pinterest&utm_medium=organic&utm_campaign=generated_floor_plans_minimal_static_batch_63&utm_content=pin_12104_57-00EAL_plans&utm_term=proekty-domov-s-planirovkami,,"проект дома 57-00EAL, проект дома 241,6 м², планировка дома, планы этажей, готовый проект дома, оригинальная планировка, керамзитобетон, catalog-plans.ru"
"Проект дома №15-31 площадью 107,88 м² с планировками",https://raw.githubusercontent.com/nemchenik/test/6ba2fe170429aaf58e1b7a4bc220779b82af6c60/pinterest/generated_batch_61_floor_plans_sunset_static/15-31.jpg,Планы домов и коттеджей,,"Проект дома №15-31: площадь 107,88 м², 1 этаж, габариты 14.05×15.2 м, материал стен — газобетон. На карточке показаны оригинальные планировки этажей. Сохраните планы дома и откройте проект, чтобы узнать подробности и актуальную стоимость.",https://catalog-plans.ru/catalog/15-31?utm_source=pinterest&utm_medium=organic&utm_campaign=generated_floor_plans_sunset_static_batch_61&utm_content=pin_11705_15-31_plans&utm_term=proekty-domov-s-planirovkami,,"проект дома 15-31, проект дома 107,88 м², планировка дома, планы этажей, готовый проект дома, оригинальная планировка, газобетон, catalog-plans.ru"
"Проект дома №32-05 площадью 279,71 м² с планировками",https://raw.githubusercontent.com/nemchenik/test/6ba2fe170429aaf58e1b7a4bc220779b82af6c60/pinterest/generated_batch_62_floor_plans_forest_static/32-05.jpg,Удобные планировки домов,,"Проект дома №32-05: площадь 279,71 м², 2 этажа, габариты 11.1×14.6 м, материал стен — кирпич. На карточке показаны оригинальные планировки этажей. Сохраните планы дома и откройте проект, чтобы узнать подробности и актуальную стоимость.",https://catalog-plans.ru/catalog/32-05?utm_source=pinterest&utm_medium=organic&utm_campaign=generated_floor_plans_forest_static_batch_62&utm_content=pin_11905_32-05_plans&utm_term=proekty-domov-s-planirovkami,,"проект дома 32-05, проект дома 279,71 м², планировка дома, планы этажей, готовый проект дома, оригинальная планировка, кирпич, catalog-plans.ru"
"Проект дома №54-49 площадью 207,3 м² с планировками",https://raw.githubusercontent.com/nemchenik/test/6ba2fe170429aaf58e1b7a4bc220779b82af6c60/pinterest/generated_batch_63_floor_plans_minimal_static/54-49.jpg,Современные проекты домов,,"Проект дома №54-49: площадь 207,3 м², 2 этажа, габариты 13.5×14.8 м, материал стен — газобетон. На карточке показаны оригинальные планировки этажей. Сохраните планы дома и откройте проект, чтобы узнать подробности и актуальную стоимость.",https://catalog-plans.ru/catalog/54-49?utm_source=pinterest&utm_medium=organic&utm_campaign=generated_floor_plans_minimal_static_batch_63&utm_content=pin_12105_54-49_plans&utm_term=proekty-domov-s-planirovkami,,"проект дома 54-49, проект дома 207,3 м², планировка дома, планы этажей, готовый проект дома, оригинальная планировка, газобетон, catalog-plans.ru"
"Проект дома №48-19G площадью 51,13 м² с планировками",https://raw.githubusercontent.com/nemchenik/test/6ba2fe170429aaf58e1b7a4bc220779b82af6c60/pinterest/generated_batch_61_floor_plans_sunset_static/48-19G.jpg,Планы домов и коттеджей,,"Проект дома №48-19G: площадь 51,13 м², 1 этаж, габариты 8×8 м, материал стен — газобетон. На карточке показаны оригинальные планировки этажей. Сохраните планы дома и откройте проект, чтобы узнать подробности и актуальную стоимость.",https://catalog-plans.ru/catalog/48-19G?utm_source=pinterest&utm_medium=organic&utm_campaign=generated_floor_plans_sunset_static_batch_61&utm_content=pin_11706_48-19G_plans&utm_term=proekty-domov-s-planirovkami,,"проект дома 48-19G, проект дома 51,13 м², планировка дома, планы этажей, готовый проект дома, оригинальная планировка, газобетон, catalog-plans.ru"
"Проект дома №45-64TAGL площадью 260,2 м² с планировками",https://raw.githubusercontent.com/nemchenik/test/6ba2fe170429aaf58e1b7a4bc220779b82af6c60/pinterest/generated_batch_62_floor_plans_forest_static/45-64TAGL.jpg,Удобные планировки домов,,"Проект дома №45-64TAGL: площадь 260,2 м², 1 этаж, габариты 19.05×27.68 м, материал стен — газобетон. На карточке показаны оригинальные планировки этажей. Сохраните планы дома и откройте проект, чтобы узнать подробности и актуальную стоимость.",https://catalog-plans.ru/catalog/45-64TAGL?utm_source=pinterest&utm_medium=organic&utm_campaign=generated_floor_plans_forest_static_batch_62&utm_content=pin_11906_45-64TAGL_plans&utm_term=proekty-domov-s-planirovkami,,"проект дома 45-64TAGL, проект дома 260,2 м², планировка дома, планы этажей, готовый проект дома, оригинальная планировка, газобетон, catalog-plans.ru"
"Проект дома №60-17 площадью 149,2 м² с планировками",https://raw.githubusercontent.com/nemchenik/test/6ba2fe170429aaf58e1b7a4bc220779b82af6c60/pinterest/generated_batch_63_floor_plans_minimal_static/60-17.jpg,Современные проекты домов,,"Проект дома №60-17: площадь 149,2 м², 2 этажа, габариты 11×12.5 м, материал стен — газобетон. На карточке показаны оригинальные планировки этажей. Сохраните планы дома и откройте проект, чтобы узнать подробности и актуальную стоимость.",https://catalog-plans.ru/catalog/60-17?utm_source=pinterest&utm_medium=organic&utm_campaign=generated_floor_plans_minimal_static_batch_63&utm_content=pin_12106_60-17_plans&utm_term=proekty-domov-s-planirovkami,,"проект дома 60-17, проект дома 149,2 м², планировка дома, планы этажей, готовый проект дома, оригинальная планировка, газобетон, catalog-plans.ru"
"Проект дома №60-48 площадью 241,43 м² с планировками",https://raw.githubusercontent.com/nemchenik/test/6ba2fe170429aaf58e1b7a4bc220779b82af6c60/pinterest/generated_batch_61_floor_plans_sunset_static/60-48.jpg,Планы домов и коттеджей,,"Проект дома №60-48: площадь 241,43 м², 2 этажа, габариты 10×14 м, материал стен — газобетон. На карточке показаны оригинальные планировки этажей. Сохраните планы дома и откройте проект, чтобы узнать подробности и актуальную стоимость.",https://catalog-plans.ru/catalog/60-48?utm_source=pinterest&utm_medium=organic&utm_campaign=generated_floor_plans_sunset_static_batch_61&utm_content=pin_11707_60-48_plans&utm_term=proekty-domov-s-planirovkami,,"проект дома 60-48, проект дома 241,43 м², планировка дома, планы этажей, готовый проект дома, оригинальная планировка, газобетон, catalog-plans.ru"
"Проект дома №45-51AK1L площадью 192,01 м² с планировками",https://raw.githubusercontent.com/nemchenik/test/6ba2fe170429aaf58e1b7a4bc220779b82af6c60/pinterest/generated_batch_62_floor_plans_forest_static/45-51AK1L.jpg,Удобные планировки домов,,"Проект дома №45-51AK1L: площадь 192,01 м², 2 этажа, габариты 12.01×15.88 м, материал стен — кирпич. На карточке показаны оригинальные планировки этажей. Сохраните планы дома и откройте проект, чтобы узнать подробности и актуальную стоимость.",https://catalog-plans.ru/catalog/45-51AK1L?utm_source=pinterest&utm_medium=organic&utm_campaign=generated_floor_plans_forest_static_batch_62&utm_content=pin_11907_45-51AK1L_plans&utm_term=proekty-domov-s-planirovkami,,"проект дома 45-51AK1L, проект дома 192,01 м², планировка дома, планы этажей, готовый проект дома, оригинальная планировка, кирпич, catalog-plans.ru"
"Проект дома №57-89AL площадью 138,77 м² с планировками",https://raw.githubusercontent.com/nemchenik/test/6ba2fe170429aaf58e1b7a4bc220779b82af6c60/pinterest/generated_batch_63_floor_plans_minimal_static/57-89AL.jpg,Современные проекты домов,,"Проект дома №57-89AL: площадь 138,77 м², 2 этажа, габариты 8×14 м, материал стен — газобетон. На карточке показаны оригинальные планировки этажей. Сохраните планы дома и откройте проект, чтобы узнать подробности и актуальную стоимость.",https://catalog-plans.ru/catalog/57-89AL?utm_source=pinterest&utm_medium=organic&utm_campaign=generated_floor_plans_minimal_static_batch_63&utm_content=pin_12107_57-89AL_plans&utm_term=proekty-domov-s-planirovkami,,"проект дома 57-89AL, проект дома 138,77 м², планировка дома, планы этажей, готовый проект дома, оригинальная планировка, газобетон, catalog-plans.ru"
"Проект дома №60-19 площадью 149,3 м² с планировками",https://raw.githubusercontent.com/nemchenik/test/6ba2fe170429aaf58e1b7a4bc220779b82af6c60/pinterest/generated_batch_61_floor_plans_sunset_static/60-19.jpg,Планы домов и коттеджей,,"Проект дома №60-19: площадь 149,3 м², 2 этажа, габариты 11×11.7 м, материал стен — газобетон. На карточке показаны оригинальные планировки этажей. Сохраните планы дома и откройте проект, чтобы узнать подробности и актуальную стоимость.",https://catalog-plans.ru/catalog/60-19?utm_source=pinterest&utm_medium=organic&utm_campaign=generated_floor_plans_sunset_static_batch_61&utm_content=pin_11708_60-19_plans&utm_term=proekty-domov-s-planirovkami,,"проект дома 60-19, проект дома 149,3 м², планировка дома, планы этажей, готовый проект дома, оригинальная планировка, газобетон, catalog-plans.ru"
"Проект дома №61-18 площадью 144,2 м² с планировками",https://raw.githubusercontent.com/nemchenik/test/6ba2fe170429aaf58e1b7a4bc220779b82af6c60/pinterest/generated_batch_62_floor_plans_forest_static/61-18.jpg,Удобные планировки домов,,"Проект дома №61-18: площадь 144,2 м², 2 этажа, габариты 9×10.45 м, материал стен — газобетон. На карточке показаны оригинальные планировки этажей. Сохраните планы дома и откройте проект, чтобы узнать подробности и актуальную стоимость.",https://catalog-plans.ru/catalog/61-18?utm_source=pinterest&utm_medium=organic&utm_campaign=generated_floor_plans_forest_static_batch_62&utm_content=pin_11908_61-18_plans&utm_term=proekty-domov-s-planirovkami,,"проект дома 61-18, проект дома 144,2 м², планировка дома, планы этажей, готовый проект дома, оригинальная планировка, газобетон, catalog-plans.ru"
"Проект дома №57-74D площадью 288,6 м² с планировками",https://raw.githubusercontent.com/nemchenik/test/6ba2fe170429aaf58e1b7a4bc220779b82af6c60/pinterest/generated_batch_63_floor_plans_minimal_static/57-74D.jpg,Современные проекты домов,,"Проект дома №57-74D: площадь 288,6 м², 2 этажа, габариты 15.26×15.85 м, материал стен — газобетон. На карточке показаны оригинальные планировки этажей. Сохраните планы дома и откройте проект, чтобы узнать подробности и актуальную стоимость.",https://catalog-plans.ru/catalog/57-74D?utm_source=pinterest&utm_medium=organic&utm_campaign=generated_floor_plans_minimal_static_batch_63&utm_content=pin_12108_57-74D_plans&utm_term=proekty-domov-s-planirovkami,,"проект дома 57-74D, проект дома 288,6 м², планировка дома, планы этажей, готовый проект дома, оригинальная планировка, газобетон, catalog-plans.ru"
"Проект дома №45-08YL площадью 247,14 м² с планировками",https://raw.githubusercontent.com/nemchenik/test/6ba2fe170429aaf58e1b7a4bc220779b82af6c60/pinterest/generated_batch_61_floor_plans_sunset_static/45-08YL.jpg,Планы домов и коттеджей,,"Проект дома №45-08YL: площадь 247,14 м², 1 этаж, габариты 18.82×24.62 м, материал стен — кирпич. На карточке показаны оригинальные планировки этажей. Сохраните планы дома и откройте проект, чтобы узнать подробности и актуальную стоимость.",https://catalog-plans.ru/catalog/45-08YL?utm_source=pinterest&utm_medium=organic&utm_campaign=generated_floor_plans_sunset_static_batch_61&utm_content=pin_11709_45-08YL_plans&utm_term=proekty-domov-s-planirovkami,,"проект дома 45-08YL, проект дома 247,14 м², планировка дома, планы этажей, готовый проект дома, оригинальная планировка, кирпич, catalog-plans.ru"
"Проект дома №40-73CL площадью 192,88 м² с планировками",https://raw.githubusercontent.com/nemchenik/test/6ba2fe170429aaf58e1b7a4bc220779b82af6c60/pinterest/generated_batch_62_floor_plans_forest_static/40-73CL.jpg,Удобные планировки домов,,"Проект дома №40-73CL: площадь 192,88 м², 2 этажа, габариты 9.04×10.54 м, материал стен — кирпич. На карточке показаны оригинальные планировки этажей. Сохраните планы дома и откройте проект, чтобы узнать подробности и актуальную стоимость.",https://catalog-plans.ru/catalog/40-73CL?utm_source=pinterest&utm_medium=organic&utm_campaign=generated_floor_plans_forest_static_batch_62&utm_content=pin_11909_40-73CL_plans&utm_term=proekty-domov-s-planirovkami,,"проект дома 40-73CL, проект дома 192,88 м², планировка дома, планы этажей, готовый проект дома, оригинальная планировка, кирпич, catalog-plans.ru"
"Проект дома №62-07ABM площадью 215,31 м² с планировками",https://raw.githubusercontent.com/nemchenik/test/6ba2fe170429aaf58e1b7a4bc220779b82af6c60/pinterest/generated_batch_63_floor_plans_minimal_static/62-07ABM.jpg,Современные проекты домов,,"Проект дома №62-07ABM: площадь 215,31 м², 2 этажа, габариты 12.3×14 м, материал стен — газобетон. На карточке показаны оригинальные планировки этажей. Сохраните планы дома и откройте проект, чтобы узнать подробности и актуальную стоимость.",https://catalog-plans.ru/catalog/62-07ABM?utm_source=pinterest&utm_medium=organic&utm_campaign=generated_floor_plans_minimal_static_batch_63&utm_content=pin_12109_62-07ABM_plans&utm_term=proekty-domov-s-planirovkami,,"проект дома 62-07ABM, проект дома 215,31 м², планировка дома, планы этажей, готовый проект дома, оригинальная планировка, газобетон, catalog-plans.ru"
"Проект дома №57-05ABG площадью 155,54 м² с планировками",https://raw.githubusercontent.com/nemchenik/test/6ba2fe170429aaf58e1b7a4bc220779b82af6c60/pinterest/generated_batch_61_floor_plans_sunset_static/57-05ABG.jpg,Планы домов и коттеджей,,"Проект дома №57-05ABG: площадь 155,54 м², 2 этажа, габариты 10.68×10.68 м, материал стен — газобетон. На карточке показаны оригинальные планировки этажей. Сохраните планы дома и откройте проект, чтобы узнать подробности и актуальную стоимость.",https://catalog-plans.ru/catalog/57-05ABG?utm_source=pinterest&utm_medium=organic&utm_campaign=generated_floor_plans_sunset_static_batch_61&utm_content=pin_11710_57-05ABG_plans&utm_term=proekty-domov-s-planirovkami,,"проект дома 57-05ABG, проект дома 155,54 м², планировка дома, планы этажей, готовый проект дома, оригинальная планировка, газобетон, catalog-plans.ru"
"Проект дома №57-82AK площадью 283,84 м² с планировками",https://raw.githubusercontent.com/nemchenik/test/6ba2fe170429aaf58e1b7a4bc220779b82af6c60/pinterest/generated_batch_62_floor_plans_forest_static/57-82AK.jpg,Удобные планировки домов,,"Проект дома №57-82AK: площадь 283,84 м², 2 этажа, габариты 15.1×15.55 м, материал стен — кирпич. На карточке показаны оригинальные планировки этажей. Сохраните планы дома и откройте проект, чтобы узнать подробности и актуальную стоимость.",https://catalog-plans.ru/catalog/57-82AK?utm_source=pinterest&utm_medium=organic&utm_campaign=generated_floor_plans_forest_static_batch_62&utm_content=pin_11910_57-82AK_plans&utm_term=proekty-domov-s-planirovkami,,"проект дома 57-82AK, проект дома 283,84 м², планировка дома, планы этажей, готовый проект дома, оригинальная планировка, кирпич, catalog-plans.ru"
"Проект дома №40-45RG площадью 481,49 м² с планировками",https://raw.githubusercontent.com/nemchenik/test/6ba2fe170429aaf58e1b7a4bc220779b82af6c60/pinterest/generated_batch_63_floor_plans_minimal_static/40-45RG.jpg,Современные проекты домов,,"Проект дома №40-45RG: площадь 481,49 м², 3 этажа, габариты 11.7×15.9 м, материал стен — газобетон. На карточке показаны оригинальные планировки этажей. Сохраните планы дома и откройте проект, чтобы узнать подробности и актуальную стоимость.",https://catalog-plans.ru/catalog/40-45RG?utm_source=pinterest&utm_medium=organic&utm_campaign=generated_floor_plans_minimal_static_batch_63&utm_content=pin_12110_40-45RG_plans&utm_term=proekty-domov-s-planirovkami,,"проект дома 40-45RG, проект дома 481,49 м², планировка дома, планы этажей, готовый проект дома, оригинальная планировка, газобетон, catalog-plans.ru"
"Проект дома №90-94BAB площадью 142,74 м² с планировками",https://raw.githubusercontent.com/nemchenik/test/6ba2fe170429aaf58e1b7a4bc220779b82af6c60/pinterest/generated_batch_61_floor_plans_sunset_static/90-94BAB.jpg,Планы домов и коттеджей,,"Проект дома №90-94BAB: площадь 142,74 м², 2 этажа, габариты 12.45×13.7 м, материал стен — газобетон. На карточке показаны оригинальные планировки этажей. Сохраните планы дома и откройте проект, чтобы узнать подробности и актуальную стоимость.",https://catalog-plans.ru/catalog/90-94BAB?utm_source=pinterest&utm_medium=organic&utm_campaign=generated_floor_plans_sunset_static_batch_61&utm_content=pin_11711_90-94BAB_plans&utm_term=proekty-domov-s-planirovkami,,"проект дома 90-94BAB, проект дома 142,74 м², планировка дома, планы этажей, готовый проект дома, оригинальная планировка, газобетон, catalog-plans.ru"
"Проект дома №45-76AGL площадью 192,6 м² с планировками",https://raw.githubusercontent.com/nemchenik/test/6ba2fe170429aaf58e1b7a4bc220779b82af6c60/pinterest/generated_batch_62_floor_plans_forest_static/45-76AGL.jpg,Удобные планировки домов,,"Проект дома №45-76AGL: площадь 192,6 м², 2 этажа, габариты 10.8×16.24 м, материал стен — газобетон. На карточке показаны оригинальные планировки этажей. Сохраните планы дома и откройте проект, чтобы узнать подробности и актуальную стоимость.",https://catalog-plans.ru/catalog/45-76AGL?utm_source=pinterest&utm_medium=organic&utm_campaign=generated_floor_plans_forest_static_batch_62&utm_content=pin_11911_45-76AGL_plans&utm_term=proekty-domov-s-planirovkami,,"проект дома 45-76AGL, проект дома 192,6 м², планировка дома, планы этажей, готовый проект дома, оригинальная планировка, газобетон, catalog-plans.ru"
"Проект дома №46-91KB площадью 100,92 м² с планировками",https://raw.githubusercontent.com/nemchenik/test/6ba2fe170429aaf58e1b7a4bc220779b82af6c60/pinterest/generated_batch_63_floor_plans_minimal_static/46-91KB.jpg,Современные проекты домов,,"Проект дома №46-91KB: площадь 100,92 м², 2 этажа, габариты 7.83×9.08 м, материал стен — керамзитобетон. На карточке показаны оригинальные планировки этажей. Сохраните планы дома и откройте проект, чтобы узнать подробности и актуальную стоимость.",https://catalog-plans.ru/catalog/46-91KB?utm_source=pinterest&utm_medium=organic&utm_campaign=generated_floor_plans_minimal_static_batch_63&utm_content=pin_12111_46-91KB_plans&utm_term=proekty-domov-s-planirovkami,,"проект дома 46-91KB, проект дома 100,92 м², планировка дома, планы этажей, готовый проект дома, оригинальная планировка, керамзитобетон, catalog-plans.ru"
